date,close,pe_ttm,pb,total_mv,float_mv,total_share,float_share,is_st
2020-01-02,35.45,34.029378,5.397319,149865933856.05,123065873670.85,4227529869,3471533813,False
2020-01-03,36.55,35.085296,5.564796,154516216711.95,126884560865.15,4227529869,3471533813,False
2020-01-06,36.7,35.230128,5.587767,155150346192.3,127405290937.1,4227529869,3471533813,False
2020-01-07,36.6,35.134133,5.572542,154727593205.4,127058137555.8,4227529869,3471533813,False
2020-01-08,35.71,34.279778,5.437035,150965091621.99,123968472462.23,4227529869,3471533813,False
2020-01-09,37.02,35.537311,5.636489,156503155750.38,128516181757.26,4227529869,3471533813,False
2020-01-10,37.36,35.863694,5.688256,157940515905.84,129696503253.68,4227529869,3471533813,False
2020-01-13,37.96,36.439663,5.779609,160477033827.24,131779423541.48,4227529869,3471533813,False
2020-01-14,36.71,35.239727,5.58929,155192621490.99,127440006275.23,4227529869,3471533813,False
2020-01-15,36.92,35.441316,5.621263,156080402763.48,128169028375.96,4227529869,3471533813,False
2020-01-16,37.41,35.911691,5.695868,158151892399.29,129870079944.33,4227529869,3471533813,False
2020-01-17,38.84,37.284418,5.913593,164197260111.96,134834373296.92,4227529869,3471533813,False
2020-01-20,40.06,38.455556,6.099345,169354846552.14,139069644548.78,4227529869,3471533813,False
2020-01-21,38.61,37.06363,5.878575,163224928242.09,134035920519.93,4227529869,3471533813,False
2020-01-22,40.65,39.021926,6.189175,171849089174.85,141117849498.45,4227529869,3471533813,False
2020-01-23,39.17,37.601202,5.963838,165592344968.73,135979979455.21,4227529869,3471533813,False
2020-02-03,35.91,37.583371,5.96101,165513822174.54,124680739862.7,4609128994,3472033970,False
2020-02-04,38.37,40.158005,6.369366,176852279499.78,133221943428.9,4609128994,3472033970,False
2020-02-05,38.2,39.980083,6.341146,176068727570.8,132631697654.0,4609128994,3472033970,False
2020-02-06,39.22,41.047614,6.510465,180770039144.68,136173172303.4,4609128994,3472033970,False
2020-02-07,38.93,40.7441,6.462325,179433391736.42,135166282452.1,4609128994,3472033970,False
2020-02-10,40.12,41.989553,6.659864,184918255239.28,139298002876.4,4609128994,3472033970,False
2020-02-11,40.01,41.874427,6.641604,184411251049.94,138916079139.7,4609128994,3472033970,False
2020-02-12,40.14,42.010485,6.663184,185010437819.16,139367443555.8,4609128994,3472033970,False
2020-02-13,39.71,41.560448,6.591804,183028512351.74,137874468948.7,4609128994,3472033970,False
2020-02-14,39.47,41.309264,6.551965,181922321393.18,137041180795.9,4609128994,3472033970,False
2020-02-17,43.12,45.12935,7.157859,198745642221.28,149714104786.4,4609128994,3472033970,False
2020-02-18,43.53,45.558456,7.225919,200635385108.82,151137638714.1,4609128994,3472033970,False
2020-02-19,43.68,45.558456,7.225919,201326754457.92,151658443809.6,4609128994,3472033970,False
2020-02-20,44.59,46.667851,7.401877,205521061842.46,154817994722.3,4609128994,3472033970,False
2020-02-21,45.55,47.672586,7.561236,209945825676.7,158151147333.5,4609128994,3472033970,False
2020-02-24,50.11,52.445078,8.31819,230963453889.34,173983622236.7,4609128994,3472033970,False
2020-02-25,55.11,57.678073,9.148183,254009098859.34,191343792086.7,4609128994,3472033970,False
2020-02-26,50.95,53.324221,8.457629,234835122244.3,176900130771.5,4609128994,3472033970,False
2020-02-27,51.48,53.878918,8.545608,237277960611.12,178740308775.6,4609128994,3472033970,False
2020-02-28,50.0,52.329952,8.29993,230456449700.0,173601698500.0,4609128994,3472033970,False
2020-03-02,54.6,57.144307,9.063523,251815543488.6,189730155178.2,4612006291,3474911267,False
2020-03-03,52.94,55.406953,8.787966,244159613045.54,183961802474.98,4612006291,3474911267,False
2020-03-04,51.36,53.786882,8.53101,236872643105.76,178471442673.12,4612006291,3474911267,False
2020-03-05,51.91,54.362871,8.622366,239409246565.81,180382643869.97,4612006291,3474911267,False
2020-03-06,50.86,53.263256,8.447959,234566639960.26,176733987039.62,4612006291,3474911267,False
2020-03-09,51.01,53.420344,8.472874,235258440903.91,177255223729.67,4612006291,3474911267,False
2020-03-10,54.16,56.719189,8.996096,249786260720.56,188201194220.72,4612006291,3474911267,False
2020-03-11,52.48,54.959805,8.717045,242038090151.68,182363343292.16,4612006291,3474911267,False
2020-03-12,51.42,53.849718,8.540976,237149363483.22,178679937349.14,4612006291,3474911267,False
2020-03-13,50.79,53.189949,8.436332,234243799519.89,176490743250.93,4612006291,3474911267,False
2020-03-16,45.71,47.869906,7.592533,210814807561.61,158838194014.57,4612006291,3474911267,False
2020-03-17,41.55,43.513337,6.901547,191628861391.05,144382563143.85,4612006291,3474911267,False
2020-03-18,39.1,40.947568,6.494597,180329445978.1,135869030539.7,4612006291,3474911267,False
2020-03-19,41.75,43.722787,6.934768,192551262649.25,145077545397.25,4612006291,3474911267,False
2020-03-20,41.88,43.85893,6.956361,193150823467.08,145529283861.96,4612006291,3474911267,False
2020-03-23,40.83,42.759315,6.781954,188308216861.53,141880627031.61,4612006291,3474911267,False
2020-03-24,42.55,44.560589,7.06765,196240867682.05,147857474410.85,4612006291,3474911267,False
2020-03-25,44.85,46.969269,7.449685,206848482151.35,155849770324.95,4612006291,3474911267,False
2020-03-26,43.1,45.136578,7.159006,198777471142.1,149768675607.7,4612006291,3474911267,False
2020-03-27,43.39,45.440281,7.207175,200114952966.49,150776399875.13,4612006291,3474911267,False
2020-03-30,42.74,38.290959,6.837966,197117148877.34,148517707551.58,4612006291,3474911267,False
2020-03-31,42.8,38.344714,6.847566,197393869254.8,148726202227.6,4612006291,3474911267,False
2020-04-01,41.48,37.16212,6.636379,191306020950.68,144139319355.16,4612006291,3474911267,False
2020-04-02,42.7,38.255123,6.831567,196932668625.7,148378711100.9,4612006291,3474911267,False
2020-04-03,40.97,36.705208,6.554784,188953897742.27,142367114608.99,4612006291,3474911267,False
2020-04-07,41.7,37.359219,6.671577,192320662334.7,144903799833.9,4612006291,3474911267,False
2020-04-08,41.13,36.848553,6.580383,189691818748.83,142923100411.71,4612006291,3474911267,False
2020-04-09,41.12,36.839594,6.578783,189645698685.92,142888351299.04,4612006291,3474911267,False
2020-04-10,39.29,35.200089,6.286001,181205727173.39,136529263680.43,4612006291,3474911267,False
2020-04-13,38.5,34.492324,6.159609,177562242203.5,133784083779.5,4612006291,3474911267,False
2020-04-14,39.53,35.415106,6.324399,182312608683.23,137363242384.51,4612006291,3474911267,False
2020-04-15,39.49,35.37927,6.317999,182128128431.59,137224245933.83,4612006291,3474911267,False
2020-04-16,39.2,35.119457,6.271602,180790646607.2,136216521666.4,4612006291,3474911267,False
2020-04-17,40.0,35.836181,6.399594,184480251640.0,138996450680.0,4612006291,3474911267,False
2020-04-20,40.7,36.463314,6.511587,187708656043.7,141428888566.9,4612006291,3474911267,False
2020-04-21,40.38,36.176625,6.46039,186232814030.58,140316916961.46,4612006291,3474911267,False
2020-04-22,40.6,36.373724,6.495588,187247455414.6,141081397440.2,4612006291,3474911267,False
2020-04-23,39.97,35.809304,6.394794,184341891451.27,138892203341.99,4612006291,3474911267,False
2020-04-24,38.85,34.805891,6.215606,179176444405.35,135000302722.95,4612006291,3474911267,False
2020-04-27,38.85,35.373586,4.341989,179176444405.35,135000302722.95,4612006291,3474911267,False
2020-04-28,39.16,35.655846,4.376635,180606166355.56,136077525215.72,4612006291,3474911267,False
2020-04-29,38.74,35.273429,4.329695,178669123713.34,134618062483.58,4612006291,3474911267,False
2020-04-30,41.09,37.413144,4.592338,189521574168.78,142798339632.62,4612352742,3475257718,False
2020-05-06,41.92,38.17174,4.685453,193349826944.64,145682803538.56,4612352742,3475257718,False
2020-05-07,42.21,38.43581,4.717866,194687409239.82,146690628276.78,4612352742,3475257718,False
2020-05-08,42.49,38.690774,4.749162,195978868007.58,147663700437.82,4612352742,3475257718,False
2020-05-11,43.04,39.191596,4.810637,198515662015.68,149575092182.72,4612352742,3475257718,False
2020-05-12,42.22,38.444916,4.718984,194733532767.24,146725380853.96,4612352742,3475257718,False
2020-05-13,41.76,38.026047,4.667569,192611850505.92,145126762303.68,4612352742,3475257718,False
2020-05-14,40.68,37.042614,4.546856,187630509544.56,141373483968.24,4612352742,3475257718,False
2020-05-15,41.17,37.488801,4.601624,189890562388.14,143076360250.06,4612352742,3475257718,False
2020-05-18,40.21,36.614639,4.494324,185462703755.82,139740112840.78,4612352742,3475257718,False
2020-05-19,40.43,36.814968,4.518914,186477421359.06,140504669538.74,4612352742,3475257718,False
2020-05-20,40.45,36.83318,4.521149,186569668413.9,140574174693.1,4612352742,3475257718,False
2020-05-21,39.3,35.786006,4.392612,181265462760.6,136577628317.4,4612352742,3475257718,False
2020-05-22,38.38,34.948268,4.289782,177022098237.96,133380391216.84,4612352742,3475257718,False
2020-05-25,37.08,33.764507,4.14448,171026039673.36,128862556183.44,4612352742,3475257718,False
2020-05-26,37.53,34.17427,4.194777,173101598407.26,130426422156.54,4612352742,3475257718,False
2020-05-27,37.0,33.69166,4.135538,170657051454.0,128584535566.0,4612352742,3475257718,False
2020-05-28,36.3,33.05425,4.057298,167428404534.6,126151855163.4,4612352742,3475257718,False
2020-05-29,36.05,32.826604,4.029355,166275316349.1,125283040733.9,4612352742,3475257718,False
2020-06-01,38.55,35.103067,4.308783,177828346027.2,133993332852.0,4612927264,3475832240,False
2020-06-02,38.64,35.189403,4.319381,178243509480.96,134306157753.6,4612927264,3475832240,False
2020-06-03,38.7,35.244045,4.326088,178520285116.8,134514707688.0,4612927264,3475832240,False
2020-06-04,38.24,34.825123,4.274667,176398338575.36,132915824857.6,4612927264,3475832240,False
2020-06-05,38.17,34.761374,4.266842,176075433666.88,132672516600.8,4612927264,3475832240,False
2020-06-08,38.92,35.444398,4.350681,179535129114.88,135279390780.8,4612927264,3475832240,False
2020-06-09,38.75,35.28958,4.331677,178750931480.0,134688499300.0,4612927264,3475832240,False
2020-06-10,38.54,35.098333,4.308202,177782216754.56,133958574529.6,4612927264,3475832240,False
2020-06-11,38.28,34.861551,4.279138,176582855665.92,133054858147.2,4612927264,3475832240,False
2020-06-12,38.2,34.788695,4.270195,176213821484.8,132776791568.0,4612927264,3475832240,False
2020-06-15,37.59,34.233169,4.202006,173399935853.76,130656533901.6,4612927264,3475832240,False
2020-06-16,40.15,36.564558,4.488177,185209029649.6,139554664436.0,4612927264,3475832240,False
2020-06-17,39.75,36.200278,4.443462,183363858744.0,138164331540.0,4612927264,3475832240,False
2020-06-18,42.38,38.595416,4.737458,195495857448.32,147305770331.2,4612927264,3475832240,False
2020-06-19,42.87,39.041659,4.792232,197756191807.68,149008928128.8,4612927264,3475832240,False
2020-06-22,42.19,38.422384,4.716218,194619401268.16,146645362205.6,4612927264,3475832240,False
2020-06-23,39.83,36.273134,4.452405,183732892925.12,138442398119.2,4612927264,3475832240,False
2020-06-24,39.71,36.163851,4.438991,183179341653.44,138025298250.4,4612927264,3475832240,False
2020-06-29,39.2,35.699394,4.381981,180826748748.8,136252623808.0,4612927264,3475832240,False
2020-06-30,40.13,36.546344,4.485941,185137139808.16,139502062345.42,4613434832,3476253734,False
2020-07-01,39.75,36.200278,4.443462,183384034572.0,138181085926.5,4613434832,3476253734,False
2020-07-02,40.5,36.883303,4.527301,186844110696.0,140788276227.0,4613434832,3476253734,False
2020-07-03,42.41,38.626987,4.741333,195655771225.12,147427920858.94,4613434832,3476253734,False
2020-07-06,44.64,40.658069,4.990641,205943730900.48,155179966685.76,4613434832,3476253734,False
2020-07-07,45.35,41.304736,5.070017,209219269631.2,157648106836.9,4613434832,3476253734,False
2020-07-08,46.05,41.942296,5.148276,212448674013.6,160081484450.7,4613434832,3476253734,False
2020-07-09,47.12,42.916851,5.267899,217385049283.84,163801075946.08,4613434832,3476253734,False
2020-07-10,44.94,40.931309,5.02418,207327761350.08,156222842805.96,4613434832,3476253734,False
2020-07-13,46.17,42.051591,5.161691,213002286193.44,160498634898.78,4613434832,3476253734,False
2020-07-14,44.8,40.803797,5.008529,206681880473.6,155736167283.2,4613434832,3476253734,False
2020-07-15,42.72,38.909335,4.77599,197085936023.04,148505559516.48,4613434832,3476253734,False
2020-07-16,40.07,36.495717,4.479727,184860333718.24,139293487121.38,4613434832,3476253734,False
2020-07-17,40.33,36.732525,4.508794,186059826774.56,140197313092.22,4613434832,3476253734,False
2020-07-20,41.24,37.561352,4.61053,190258052471.68,143360703990.16,4613434832,3476253734,False
2020-07-21,40.98,37.324544,4.581462,189058559415.36,142456878019.32,4613434832,3476253734,False
2020-07-22,41.4,37.70708,4.628417,190996202044.8,143916904587.6,4613434832,3476253734,False
2020-07-23,39.72,36.176938,4.440597,183245631527.04,138076798314.48,4613434832,3476253734,False
2020-07-24,37.92,34.537499,4.239362,174941448829.44,131819541593.28,4613434832,3476253734,False
2020-07-27,38.28,34.865387,4.279609,176602285368.96,133070992937.52,4613434832,3476253734,False
2020-07-28,38.38,34.956467,4.290789,177063628852.16,133418618310.92,4613434832,3476253734,False
2020-07-29,39.54,36.012994,4.420474,182415213257.28,137451072642.36,4613434832,3476253734,False
2020-07-30,38.91,35.43919,4.350041,179508749313.12,135261032789.94,4613434832,3476253734,False
2020-07-31,39.17,35.675998,4.379109,180708244954.66,136168232864.58,4613434898,3476339874,False
2020-08-03,39.5,35.976562,4.416002,182230678471.0,137315425023.0,4613434898,3476339874,False
2020-08-04,38.88,35.411866,4.346688,179370348834.24,135160094301.12,4613434898,3476339874,False
2020-08-05,39.14,35.648675,4.375755,180569841907.72,136063942668.36,4613434898,3476339874,False
2020-08-06,38.71,35.257031,4.327682,178586064901.58,134569116522.54,4613434898,3476339874,False
2020-08-07,38.9,35.430083,4.348924,179462617532.2,135229621098.6,4613434898,3476339874,False
2020-08-10,38.34,34.920036,4.286317,176879093989.32,133282870769.16,4613434898,3476339874,False
2020-08-11,38.03,34.637688,4.25166,175448929170.94,132205205408.22,4613434898,3476339874,False
2020-08-12,38.62,35.175059,4.31762,178170855760.76,134256245933.88,4613434898,3476339874,False
2020-08-13,38.19,34.783416,4.269547,176187078754.62,132761419788.06,4613434898,3476339874,False
2020-08-14,38.37,34.947359,4.289671,177017497036.26,133387160965.38,4613434898,3476339874,False
2020-08-17,40.25,36.659662,4.49985,185690754644.5,139922679928.5,4613434898,3476339874,False
2020-08-18,39.75,36.204262,4.443951,183384037195.5,138184509991.5,4613434898,3476339874,False
2020-08-19,38.65,35.202383,4.320974,178309258807.7,134360536130.1,4613434898,3476339874,False
2020-08-20,38.85,35.384543,4.343334,179231945787.3,135055804104.9,4613434898,3476339874,False
2020-08-21,38.88,35.411867,4.346688,179370348834.24,135160094301.12,4613434898,3476339874,False
2020-08-24,38.49,35.056655,4.303087,177571109224.02,133804321750.26,4613434898,3476339874,False
2020-08-25,38.22,34.81074,4.272901,176325481801.56,132865709984.28,4613434898,3476339874,False
2020-08-26,38.04,34.646796,4.252778,175495063519.92,132239968806.96,4613434898,3476339874,False
2020-08-27,38.88,35.411867,4.346688,179370348834.24,135160094301.12,4613434898,3476339874,False
2020-08-28,38.83,35.366327,4.341098,179139677089.34,134986277307.42,4613434898,3476339874,False
2020-08-31,39.0,32.509718,4.371743,179923961022.0,135577255086.0,4613434898,3476339874,False
2020-09-01,38.67,32.234636,4.334751,178401527505.66,134430062927.58,4613434898,3476339874,False
2020-09-02,38.84,32.376345,4.353808,179185811438.32,135021040706.16,4613434898,3476339874,False
2020-09-03,37.66,31.392717,4.221534,173741958258.68,130918959654.84,4613434898,3476339874,False
2020-09-04,37.48,31.242673,4.201357,172911539977.04,130293218477.52,4613434898,3476339874,False
2020-09-07,36.6,30.50912,4.102713,168851717266.8,127234039388.4,4613434898,3476339874,False
2020-09-08,36.23,30.200694,4.061237,167144746354.54,125947793635.02,4613434898,3476339874,False
2020-09-09,34.76,28.975328,3.896456,160362997054.48,120837574020.24,4613434898,3476339874,False
2020-09-10,32.99,27.499887,3.698046,152197217285.02,114684452443.26,4613434898,3476339874,False
2020-09-11,33.7,28.091731,3.777634,155472756062.6,117152653753.8,4613434898,3476339874,False
2020-09-14,33.48,27.908342,3.752973,154457800385.04,116387858981.52,4613434898,3476339874,False
2020-09-15,33.61,28.016708,3.767546,155057546921.78,116839783165.14,4613434898,3476339874,False
2020-09-16,33.63,28.03338,3.769788,155149815619.74,116909309962.62,4613434898,3476339874,False
2020-09-17,33.38,27.824984,3.741764,153996456895.24,116040224994.12,4613434898,3476339874,False
2020-09-18,33.78,28.158417,3.786602,155841830854.44,117430760943.72,4613434898,3476339874,False
2020-09-21,34.7,28.925313,3.88973,160086190960.6,120628993627.8,4613434898,3476339874,False
2020-09-22,34.27,28.566873,3.841529,158102413954.46,119134167481.98,4613434898,3476339874,False
2020-09-23,34.02,28.358477,3.813505,156949055229.96,118265082513.48,4613434898,3476339874,False
2020-09-24,33.18,27.658268,3.719344,153073769915.64,115344957019.32,4613434898,3476339874,False
2020-09-25,33.11,27.599917,3.711498,152750829472.78,115101613228.14,4613434898,3476339874,False
2020-09-28,32.59,27.166454,3.653208,150351843325.82,113293916493.66,4613434898,3476339874,False
2020-09-29,32.91,27.4332,3.689078,151828142493.18,114406345253.34,4613434898,3476339874,False
2020-09-30,33.1,27.591581,3.710377,152704695123.8,115066849829.4,4613434898,3476339874,False
2020-10-09,33.38,27.824984,3.741764,153996456895.24,116040224994.12,4613434898,3476339874,False
2020-10-12,34.86,29.058686,3.907666,160824340544.28,121185208007.64,4613434898,3476339874,False
2020-10-13,35.74,29.792239,4.00631,164884163254.52,124244387096.76,4613434898,3476339874,False
2020-10-14,35.3,29.425463,3.956988,162854251899.4,122714797552.2,4613434898,3476339874,False
2020-10-15,34.76,28.975328,3.896456,160362997054.48,120837574020.24,4613434898,3476339874,False
2020-10-16,34.47,28.733589,3.863948,159025100934.06,119829435456.78,4613434898,3476339874,False
2020-10-19,34.5,28.758597,3.867311,159163503981.0,119933725653.0,4613434898,3476339874,False
2020-10-20,34.84,29.042015,3.905424,160732071846.32,121115681210.16,4613434898,3476339874,False
2020-10-21,34.13,28.450171,3.825836,157456533068.74,118647479899.62,4613434898,3476339874,False
2020-10-22,33.63,28.03338,3.769788,155149815619.74,116909309962.62,4613434898,3476339874,False
2020-10-23,33.43,27.866663,3.747368,154227128640.14,116214041987.82,4613434898,3476339874,False
2020-10-26,33.49,27.916678,3.754094,154503934734.02,116422622380.26,4613434898,3476339874,False
2020-10-27,33.4,27.841656,3.744006,154088725593.2,116109751791.6,4613434898,3476339874,False
2020-10-28,34.5,28.758597,3.867311,159163503981.0,119933725653.0,4613434898,3476339874,False
2020-10-29,33.08,40.8921,3.64179,152612426425.84,114997323031.92,4613434898,3476339874,False
2020-10-30,32.27,39.890813,3.552617,148875544158.46,112181487733.98,4613434898,3476339874,False
2020-11-02,31.13,38.481593,3.427114,143616228374.74,108218460277.62,4613434898,3476339874,False
2020-11-03,31.96,39.507604,3.518489,147445379340.08,111103822373.04,4613434898,3476339874,False
2020-11-04,31.64,39.112033,3.48326,145969080172.72,109991393613.36,4613434898,3476339874,False
2020-11-05,34.8,43.018292,3.831145,160547534450.4,120976627615.2,4613434898,3476339874,False
2020-11-06,35.8,44.25445,3.941236,165160969348.4,124452967489.2,4613434898,3476339874,False
2020-11-09,38.07,47.060528,4.191141,175633466566.86,132344259003.18,4613434898,3476339874,False
2020-11-10,36.56,45.19393,4.024904,168667179870.88,127094985793.44,4613434898,3476339874,False
2020-11-11,35.92,44.402789,3.954447,165714581536.16,124870128274.08,4613434898,3476339874,False
2020-11-12,36.1,44.625297,3.974263,166544999817.8,125495869451.4,4613434898,3476339874,False
2020-11-13,35.82,44.279173,3.943438,165253238046.36,124522494286.68,4613434898,3476339874,False
2020-11-16,35.17,43.47567,3.871879,162254505362.66,122262873368.58,4613434898,3476339874,False
2020-11-17,35.5,43.883602,3.908209,163776938879.0,123410065527.0,4613434898,3476339874,False
2020-11-18,35.73,44.167919,3.933529,164838028905.54,124209623698.02,4613434898,3476339874,False
2020-11-19,36.3,44.872529,3.996281,167467686797.4,126191137426.2,4613434898,3476339874,False
2020-11-20,36.22,44.773636,3.987474,167098612005.56,125913030236.28,4613434898,3476339874,False
2020-11-23,35.75,44.192642,3.935731,164930297603.5,124279150495.5,4613434898,3476339874,False
2020-11-24,36.58,45.218653,4.027106,168759448568.84,127164512590.92,4613434898,3476339874,False
2020-11-25,35.54,43.933049,3.912612,163961476274.92,123549119121.96,4613434898,3476339874,False
2020-11-26,35.7,44.130834,3.930227,164699625858.6,124105333501.8,4613434898,3476339874,False
2020-11-27,34.99,43.253162,3.852063,161424087081.02,121637132191.26,4613434898,3476339874,False
2020-11-30,34.73,42.931761,3.823439,160224594007.54,120733283824.02,4613434898,3476339874,False
2020-12-01,35.06,43.339693,3.859769,161747027523.88,121880475982.44,4613434898,3476339874,False
2020-12-02,35.48,43.858879,3.906007,163684670181.04,123340538729.52,4613434898,3476339874,False
2020-12-03,35.06,43.339693,3.859769,161747027523.88,121880475982.44,4613434898,3476339874,False
2020-12-04,34.81,43.030653,3.832246,160593668799.38,121011391013.94,4613434898,3476339874,False
2020-12-07,33.81,41.794496,3.722156,155980233901.38,117535051139.94,4613434898,3476339874,False
2020-12-08,33.8,41.782134,3.721055,155934099552.4,117500287741.2,4613434898,3476339874,False
2020-12-09,32.84,40.595423,3.615368,151505202050.32,114163001462.16,4613434898,3476339874,False
2020-12-10,32.84,40.595423,3.615368,151505202050.32,114163001462.16,4613434898,3476339874,False
2020-12-11,32.17,39.767197,3.541608,148414200668.66,111833853746.58,4613434898,3476339874,False
2020-12-14,32.51,40.18749,3.579038,149982768533.98,113015809303.74,4613434898,3476339874,False
2020-12-15,32.88,40.644869,3.619772,151689739446.24,114302055057.12,4613434898,3476339874,False
2020-12-16,32.5,40.175129,3.577938,149936634185.0,112981045905.0,4613434898,3476339874,False
2020-12-17,32.81,40.558338,3.612066,151366799003.38,114058711265.94,4613434898,3476339874,False
2020-12-18,32.81,40.558338,3.612066,151366799003.38,114058711265.94,4613434898,3476339874,False
2020-12-21,32.38,40.02679,3.564727,149383021997.24,112563885120.12,4613434898,3476339874,False
2020-12-22,31.52,38.963694,3.470049,145415467984.96,109574232828.48,4613434898,3476339874,False
2020-12-23,31.79,39.297457,3.499773,146661095407.42,110512844594.46,4613434898,3476339874,False
2020-12-24,31.17,38.531039,3.431517,143800765770.66,108357513872.58,4613434898,3476339874,False
2020-12-25,31.04,38.370338,3.417206,143201019233.92,107905589688.96,4613434898,3476339874,False
2020-12-28,30.57,37.789344,3.365463,141032704831.86,106271709948.18,4613434898,3476339874,False
2020-12-29,33.63,41.571987,3.70234,155149815619.74,116909309962.62,4613434898,3476339874,False
2020-12-30,33.44,41.337117,3.681422,154273262989.12,116248805386.56,4613434898,3476339874,False
2020-12-31,33.65,41.59671,3.704541,155242084317.7,116975940370.0,4613434898,3476253800,False
2021-01-04,34.33,42.437298,3.779403,158379220048.34,119339792954.0,4613434898,3476253800,False
2021-01-05,34.51,42.659806,3.799219,159209638329.98,119965518638.0,4613434898,3476253800,False
2021-01-06,33.63,41.571987,3.70234,155149815619.74,116906415294.0,4613434898,3476253800,False
2021-01-07,32.67,40.385276,3.596653,150720918117.66,113569211646.0,4613434898,3476253800,False
2021-01-08,33.9,41.90575,3.732064,156395443042.2,117845003820.0,4613434898,3476253800,False
2021-01-11,34.93,43.178992,3.845457,161147280987.14,121425545234.0,4613434898,3476253800,False
2021-01-12,35.32,43.661094,3.888392,162946520597.36,122781284216.0,4613434898,3476253800,False
2021-01-13,36.72,45.391715,4.042519,169405329454.56,127648039536.0,4613434898,3476253800,False
2021-01-14,35.91,44.390427,3.953346,165668447187.18,124832273958.0,4613434898,3476253800,False
2021-01-15,35.1,43.389139,3.864173,161931564919.8,122016508380.0,4613434898,3476253800,False
2021-01-18,36.33,44.909613,3.999584,167606089844.34,126292300554.0,4613434898,3476253800,False
2021-01-19,35.86,44.328619,3.947841,165437775442.28,124658461268.0,4613434898,3476253800,False
2021-01-20,35.87,44.340981,3.948942,165483909791.26,124693223806.0,4613434898,3476253800,False
2021-01-21,35.32,43.661094,3.888392,162946520597.36,122781284216.0,4613434898,3476253800,False
2021-01-22,33.88,41.881027,3.729862,156303174344.24,117775478744.0,4613434898,3476253800,False
2021-01-25,35.7,37.717685,3.930227,164699625858.6,124102260660.0,4613434898,3476253800,False
2021-01-26,34.03,35.9533,3.746376,156995189578.94,118296916814.0,4613434898,3476253800,False
2021-01-27,33.92,35.837083,3.734266,156487711740.16,117914528896.0,4613434898,3476253800,False
2021-01-28,32.52,34.357958,3.580139,150028902882.96,113047773576.0,4613434898,3476253800,False
2021-01-29,32.19,34.009307,3.543809,148506469366.62,111900609822.0,4613434898,3476253800,False
2021-02-01,32.32,34.146655,3.558121,149106215903.36,112352522816.0,4613434898,3476253800,False
2021-02-02,31.72,33.512744,3.492067,146338154964.56,110266770536.0,4613434898,3476253800,False
2021-02-03,31.94,33.745178,3.516287,147353110642.12,111031999121.5,4613434898,3476267975,False
2021-02-04,31.49,33.269745,3.466746,145277064938.02,121468485035.07,4613434898,3857366943,False
2021-02-05,30.89,32.635834,3.400692,142509003999.22,119154064869.27,4613434898,3857366943,False
2021-02-08,30.92,32.66753,3.403995,142647407046.16,119269785877.56,4613434898,3857366943,False
2021-02-09,31.7,33.491614,3.489865,146245886266.6,122278532093.1,4613434898,3857366943,False
2021-02-10,32.21,34.030438,3.546011,148598738064.58,124245789234.03,4613434898,3857366943,False
2021-02-18,32.46,34.294567,3.573534,149752096789.08,125210130969.78,4613434898,3857366943,False
2021-02-19,32.95,34.812261,3.627478,152012679889.1,127100240771.85,4613434898,3857366943,False
2021-02-22,32.7,34.548131,3.599956,150859321164.6,126135899036.1,4613434898,3857366943,False
2021-02-23,32.35,34.17835,3.561424,149244618950.3,124785820606.05,4613434898,3857366943,False
2021-02-24,32.08,33.89309,3.5317,147998991527.84,123744331531.44,4613434898,3857366943,False
2021-02-25,31.98,33.787439,3.520691,147537648038.04,123358594837.14,4613434898,3857366943,False
2021-02-26,31.76,33.555005,3.496471,146522692360.48,122509974109.68,4613434898,3857366943,False
2021-03-01,32.07,33.882525,3.530599,147952857178.86,123705757862.01,4613434898,3857366943,False
2021-03-02,32.15,33.967047,3.539406,148321931970.7,124014347217.45,4613434898,3857366943,False
2021-03-03,32.33,34.15722,3.559222,149152350252.34,124708673267.19,4613434898,3857366943,False
2021-03-04,31.63,33.417657,3.482159,145922945823.74,122008516407.09,4613434898,3857366943,False
2021-03-05,31.71,33.502179,3.490966,146292020615.58,122317105762.53,4613434898,3857366943,False
2021-03-08,31.59,33.375397,3.477755,145738408427.82,121854221729.37,4613434898,3857366943,False
2021-03-09,30.87,32.614704,3.39849,142416735301.26,119076917530.41,4613434898,3857366943,False
2021-03-10,30.76,32.498487,3.38638,141909257462.48,118652607166.68,4613434898,3857366943,False
2021-03-11,31.4,33.174658,3.456838,144861855797.2,121121322010.2,4613434898,3857366943,False
2021-03-12,30.94,32.68866,3.406197,142739675744.12,119346933216.42,4613434898,3857366943,False
2021-03-15,28.22,29.814932,3.106751,130191132821.56,108854895131.46,4613434898,3857366943,False
2021-03-16,28.55,30.163583,3.14308,131713566337.9,110127826222.65,4613434898,3857366943,False
2021-03-17,30.53,33.064875,3.253084,140848167435.94,117765412769.79,4613434898,3857366943,False
2021-03-18,30.45,32.978233,3.24456,140479092644.1,117456823414.35,4613434898,3857366943,False
2021-03-19,29.53,31.981846,3.146531,136234732537.94,113908045826.79,4613434898,3857366943,False
2021-03-22,29.66,32.12264,3.160383,136834479074.68,114409503529.38,4613434898,3857366943,False
2021-03-23,29.71,32.176791,3.16571,137065150819.58,114602371876.53,4613434898,3857366943,False
2021-03-24,29.05,31.461992,3.095385,134020283786.9,112056509694.15,4613434898,3857366943,False
2021-03-25,28.88,31.277877,3.077271,133235999854.24,111400757313.84,4613434898,3857366943,False
2021-03-26,29.48,31.927695,3.141203,136004060793.04,113715177479.64,4613434898,3857366943,False
2021-03-29,29.25,31.678598,3.116696,134942970766.5,112827983082.75,4613434898,3857366943,False
2021-03-30,29.32,31.75441,3.124154,135265911209.36,113097998768.76,4613434898,3857366943,False
2021-04-01,29.39,31.830222,3.131613,135588851652.22,113368014454.77,4613434898,3857366943,False
2021-04-02,29.6,32.057658,3.153989,136557672980.8,114178061512.8,4613434898,3857366943,False
2021-04-06,29.4,31.841052,3.132679,135634986001.2,113406588124.2,4613434898,3857366943,False
2021-04-07,29.11,31.526974,3.101778,134297089880.78,112287951710.73,4613434898,3857366943,False
2021-04-08,28.87,31.267047,3.076205,133189865505.26,111362183644.41,4613434898,3857366943,False
2021-04-09,28.31,30.660551,3.016535,130606341962.38,109202058156.33,4613434898,3857366943,False
2021-04-12,28.02,30.346472,2.985635,129268445841.96,108083421742.86,4613434898,3857366943,False
2021-04-13,28.0,30.324812,2.983503,129176177144.0,108006274404.0,4613434898,3857366943,False
2021-04-14,28.08,30.411454,2.992028,129545251935.84,108314863759.44,4613434898,3857366943,False
2021-04-15,27.72,30.021564,2.953668,127884415372.56,106926211659.96,4613434898,3857366943,False
2021-04-16,28.36,30.714702,3.021863,130837013707.28,109394926503.48,4613434898,3857366943,False
2021-04-19,28.92,31.321198,3.081533,133420537250.16,111555051991.56,4613434898,3857366943,False
2021-04-20,28.58,30.952968,3.045305,131851969384.84,110243547230.94,4613434898,3857366943,False
2021-04-21,28.3,30.64972,3.01547,130560207613.4,109163484486.9,4613434898,3857366943,False
2021-04-22,29.53,31.981846,3.146531,136234732537.94,113908045826.79,4613434898,3857366943,False
2021-04-23,29.19,31.613616,3.110302,134666164672.62,112596541066.17,4613434898,3857366943,False
2021-04-26,29.14,31.559465,3.104975,134435492927.72,112403672719.02,4613434898,3857366943,False
2021-04-27,29.13,31.548634,3.103909,134389358578.74,112365099049.59,4613434898,3857366943,False
2021-04-28,29.56,32.014337,3.149727,136373135584.88,114023766835.08,4613434898,3857366943,False
2021-04-29,29.19,23.78667,2.938584,134666164672.62,112596541066.17,4613434898,3857366943,False
2021-04-30,28.95,23.591096,2.914423,133558940297.1,111670772999.85,4613434898,3857366943,False
2021-05-06,28.52,23.240693,2.871134,131575163290.96,110012105214.36,4613434898,3857366943,False
2021-05-07,28.14,22.931035,2.832879,129822058029.72,108546305776.02,4613434898,3857366943,False
2021-05-10,28.33,23.085864,2.852007,130698610660.34,109279205495.19,4613434898,3857366943,False
2021-05-11,28.44,23.175502,2.863081,131206088499.12,109703515858.92,4613434898,3857366943,False
2021-05-12,28.58,23.289587,2.877174,131851969384.84,110243547230.94,4613434898,3857366943,False
2021-05-13,28.18,22.96363,2.836906,130006595425.64,108700600453.74,4613434898,3857366943,False
2021-05-14,29.08,23.697032,2.92751,134158686833.84,112172230702.44,4613434898,3857366943,False
2021-05-17,29.15,23.754075,2.934557,134481627276.7,112442246388.45,4613434898,3857366943,False
2021-05-18,29.46,24.006691,2.965765,135911792095.08,113638030140.78,4613434898,3857366943,False
2021-05-19,29.12,23.729628,2.931537,134343224229.76,112326525380.16,4613434898,3857366943,False
2021-05-20,29.09,23.705181,2.928517,134204821182.82,112210804371.87,4613434898,3857366943,False
2021-05-21,28.71,23.395523,2.890262,132451715921.58,110745004933.53,4613434898,3857366943,False
2021-05-24,29.43,23.982244,2.962745,135773389048.14,113522309132.49,4613434898,3857366943,False
2021-05-25,29.91,24.373392,3.011067,137987837799.18,115373845265.13,4613434898,3857366943,False
2021-05-26,29.76,24.251158,2.995966,137295822564.48,114795240223.68,4613434898,3857366943,False
2021-05-27,30.54,24.886773,3.074489,140894301784.92,117803986439.22,4613434898,3857366943,False
2021-05-28,31.37,25.563133,3.158046,144723452750.26,121005601001.91,4613434898,3857366943,False
2021-05-31,31.44,25.620175,3.165093,145046393193.12,121275616687.92,4613434898,3857366943,False
2021-06-01,31.56,25.717962,3.177174,145600005380.88,121738500721.08,4613434898,3857366943,False
2021-06-02,30.74,25.049751,3.094624,141816988764.52,118575459827.82,4613434898,3857366943,False
2021-06-03,32.78,26.712129,3.299992,151228395956.44,126444488391.54,4613434898,3857366943,False
2021-06-04,33.0,26.891405,3.32214,152243351634.0,127293109119.0,4613434898,3857366943,False
2021-06-07,33.64,27.412936,3.386569,155195949968.72,129761823962.52,4613434898,3857366943,False
2021-06-08,33.22,27.070681,3.344287,153258307311.56,128141729846.46,4613434898,3857366943,False
2021-06-09,32.94,26.842512,3.3161,151966545540.12,127061667102.42,4613434898,3857366943,False
2021-06-10,33.11,26.981043,3.333214,152750829472.78,127717419482.73,4613434898,3857366943,False
2021-06-11,32.45,26.443215,3.266771,149705962440.1,125171557300.35,4613434898,3857366943,False
2021-06-15,32.25,26.280237,3.246637,148783275460.5,124400083911.75,4613434898,3857366943,False
2021-06-16,31.97,26.052068,3.218449,147491513689.06,123320021167.71,4613434898,3857366943,False
2021-06-17,32.8,26.728427,3.302006,151320664654.4,126521635730.4,4613434898,3857366943,False
2021-06-18,34.15,27.82853,3.437911,157548801766.7,131729081103.45,4613434898,3857366943,False
2021-06-21,33.42,27.23366,3.364422,154180994291.16,128913203235.06,4613434898,3857366943,False
2021-06-22,32.71,26.655087,3.292945,150905455513.58,126174472705.53,4613434898,3857366943,False
2021-06-23,33.0,26.891405,3.32214,152243351634.0,127293109119.0,4613434898,3857366943,False
2021-06-24,32.26,26.288386,3.247643,148829409809.48,124438657581.18,4613434898,3857366943,False
2021-06-25,32.33,26.345428,3.25469,149152350252.34,124708673267.19,4613434898,3857366943,False
2021-06-28,33.39,27.209213,3.361402,154042591244.22,128797482226.77,4613434898,3857366943,False
2021-06-29,32.54,26.516555,3.275831,150121171580.92,125518720325.22,4613434898,3857366943,False
2021-06-30,33.23,27.07883,3.345294,153304441660.54,128180303515.89,4613434898,3857366943,False
2021-07-01,32.81,26.736576,3.303012,151366799003.38,126560209399.83,4613434898,3857366943,False
2021-07-02,31.75,25.872791,3.196301,146476558011.5,122471400440.25,4613434898,3857366943,False
2021-07-05,32.09,26.149854,3.230529,148045125876.82,123782905200.87,4613434898,3857366943,False
2021-07-06,31.43,25.612026,3.164087,145000258844.14,121237043018.49,4613434898,3857366943,False
2021-07-07,31.16,25.392006,3.136905,143754631421.68,120195553943.88,4613434898,3857366943,False
2021-07-08,31.03,25.28607,3.123818,143154884884.94,119694096241.29,4613434898,3857366943,False
2021-07-09,31.27,25.481644,3.147979,144262109260.46,120619864307.61,4613434898,3857366943,False
2021-07-12,34.4,28.032253,3.463079,158702160491.2,132693422839.2,4613434898,3857366943,False
2021-07-13,35.59,29.001973,3.582878,164192148019.82,137283689501.37,4613434898,3857366943,False
2021-07-14,36.03,29.360525,3.627173,166222059374.94,138980930956.29,4613434898,3857366943,False
2021-07-15,35.8,29.1731,3.604018,165160969348.4,138093736559.4,4613434898,3857366943,False
2021-07-16,35.87,29.230143,3.611065,165483909791.26,138363752245.41,4613434898,3857366943,False
2021-07-19,37.94,30.916967,3.819454,175033720030.12,146348501817.42,4613434898,3857366943,False
2021-07-20,37.27,30.37099,3.752005,171942718648.46,143764065965.61,4613434898,3857366943,False
2021-07-21,36.99,30.142821,3.723817,171323962887.33,143357009231.88,4631629167,3875561212,False
2021-07-22,37.14,30.265054,3.738917,172018707262.38,143938343413.68,4631629167,3875561212,False
2021-07-23,36.37,29.637588,3.661401,168452352803.79,140954161280.44,4631629167,3875561212,False
2021-07-26,36.15,29.574489,3.653606,167433394387.05,140101537813.8,4631629167,3875561212,False
2021-07-27,36.77,30.081714,3.716268,170305004470.59,142504385765.24,4631629167,3875561212,False
2021-07-28,37.29,30.507128,3.768823,172713451637.43,144519677595.48,4631629167,3875561212,False
2021-07-29,37.55,30.719835,3.795101,173917675220.85,145527323510.6,4631629167,3875561212,False
2021-07-30,38.8,31.742466,3.921436,179707211679.6,150371775025.6,4631629167,3875561212,False
2021-08-02,40.75,33.337771,4.118518,188986669256.25,158176900090.0,4637709675,3881641720,False
2021-08-03,39.8,32.560571,4.022503,184580845065.0,154489340456.0,4637709675,3881641720,False
2021-08-04,41.06,33.591383,4.149849,190424359255.5,159380209023.2,4637709675,3881641720,False
2021-08-05,40.3,32.969624,4.073037,186899699902.5,156430161316.0,4637709675,3881641720,False
2021-08-06,39.65,32.480441,4.012604,183885188613.75,153907094198.0,4637709675,3881641720,False
2021-08-09,39.72,32.537783,4.019688,184209828291.0,154178809118.4,4637709675,3881641720,False
2021-08-10,39.9,32.685235,4.037904,185044616032.5,154877504628.0,4637709675,3881641720,False
2021-08-11,36.72,30.080247,3.716086,170296699266.0,142533883958.4,4637709675,3881641720,False
2021-08-12,36.5,29.900027,3.693822,169276403137.5,141679922780.0,4637709675,3881641720,False
2021-08-13,35.5,29.080848,3.592622,164638693462.5,137798281060.0,4637709675,3881641720,False
2021-08-16,35.61,29.170958,3.603754,165148841526.75,138225261649.2,4637709675,3881641720,False
2021-08-17,35.01,28.679451,3.543033,162366215721.75,135896276617.2,4637709675,3881641720,False
2021-08-18,35.21,28.843287,3.563274,163293757656.75,136672604961.2,4637709675,3881641720,False
2021-08-19,36.29,29.728,3.67257,168302484105.75,140864778018.8,4637709675,3881641720,False
2021-08-20,35.38,28.982547,3.580478,164082168301.5,137332484053.6,4637709675,3881641720,False
2021-08-23,35.49,29.072657,3.59161,164592316365.75,137759464642.8,4637709675,3881641720,False
2021-08-24,35.04,28.704026,3.546069,162505347012.0,136012725868.8,4637709675,3881641720,False
2021-08-25,34.16,27.983149,3.457013,158424162498.0,132596881155.2,4637709675,3881641720,False
2021-08-26,33.9,27.770162,3.430701,157218357982.5,131587654308.0,4637709675,3881641720,False
2021-08-27,34.42,28.196135,3.483325,159629967013.5,133606108002.4,4637709675,3881641720,False
2021-08-30,32.8,23.470929,3.240108,152116877340.0,127317848416.0,4637709675,3881641720,False
2021-08-31,33.2,23.75716,3.279622,154024133914.4,128922677808.4,4639281142,3883213187,False
2021-09-01,33.72,24.12926,3.330989,156436560108.24,130941948665.64,4639281142,3883213187,False
2021-09-02,33.15,23.721381,3.274682,153792169857.3,128728517149.05,4639281142,3883213187,False
2021-09-03,33.24,23.785783,3.283573,154209705160.08,129078006335.88,4639281142,3883213187,False
2021-09-06,33.93,24.287759,3.35287,157410809148.06,131757423434.91,4639281142,3883213187,False
2021-09-07,33.84,24.223335,3.343976,156993273845.28,131407934248.08,4639281142,3883213187,False
2021-09-08,34.64,24.79599,3.42303,160704698758.88,134514504797.68,4639281142,3883213187,False
2021-09-09,34.65,24.803149,3.424018,160751091570.3,134553336929.55,4639281142,3883213187,False
2021-09-10,35.19,25.189691,3.477379,163256303386.98,136650272050.53,4639281142,3883213187,False
2021-09-13,34.18,24.466713,3.377574,158570629433.56,132728226731.66,4639281142,3883213187,False
2021-09-14,33.5,23.979956,3.310378,155415918257.0,130087641764.5,4639281142,3883213187,False
2021-09-15,33.79,24.187544,3.339035,156761309788.18,131213773588.73,4639281142,3883213187,False
2021-09-16,33.93,24.287759,3.35287,157410809148.06,131757423434.91,4639281142,3883213187,False
2021-09-17,34.0,24.337866,3.359787,157735558828.0,132029248358.0,4639281142,3883213187,False
2021-09-22,33.8,24.194702,3.340023,156807702599.6,131252605720.6,4639281142,3883213187,False
2021-09-23,35.03,25.07516,3.461568,162514018404.26,136028957940.61,4639281142,3883213187,False
2021-09-24,34.47,24.674301,3.406231,159916020964.74,133854358555.89,4639281142,3883213187,False
2021-09-27,34.66,24.810307,3.425006,160797484381.72,134592169061.42,4639281142,3883213187,False
2021-09-28,34.2,24.48103,3.37955,158663415056.4,132805890995.4,4639281142,3883213187,False
2021-09-29,32.65,23.371509,3.226383,151472529286.3,126786910555.55,4639281142,3883213187,False
2021-09-30,33.13,23.715103,3.273816,153805013209.8,128756481860.65,4642469460,3886401505,False
2021-10-08,33.86,24.254308,3.348252,157194015915.6,131593554959.3,4642469460,3886401505,False
2021-10-11,34.6,24.784379,3.421427,160629443316.0,134469492073.0,4642469460,3886401505,False
2021-10-12,34.4,24.641117,3.40165,159700949424.0,133692211772.0,4642469460,3886401505,False
2021-10-13,34.89,24.992109,3.450103,161975759459.4,135596548509.45,4642469460,3886401505,False
2021-10-14,33.98,24.340266,3.360118,157751112250.8,132059923139.9,4642469460,3886401505,False
2021-10-15,34.17,24.476365,3.378906,158633181448.2,132798339425.85,4642469460,3886401505,False
2021-10-18,33.76,24.182677,3.338363,156729768969.6,131204914808.8,4642469460,3886401505,False
2021-10-19,34.08,24.411897,3.370007,158215359196.8,132448563290.4,4642469460,3886401505,False
2021-10-20,33.78,24.197003,3.340341,156822618358.8,131282642838.9,4642469460,3886401505,False
2021-10-21,33.41,23.931968,3.303753,155104904658.6,129844674282.05,4642469460,3886401505,False
2021-10-22,33.26,23.824521,3.288921,154408534239.6,129261714056.3,4642469460,3886401505,False
2021-10-25,33.94,24.311613,3.356163,157565413472.4,131904467079.7,4642469460,3886401505,False
2021-10-26,34.15,21.422603,3.195018,158540332059.0,132720611395.75,4642469460,3886401505,False
2021-10-27,33.53,21.033672,3.137012,155662000993.8,130311042462.65,4642469460,3886401505,False
2021-10-28,32.96,20.676106,3.083684,153015793401.6,128095793604.8,4642469460,3886401505,False
2021-10-29,32.62,20.46282,3.051874,151437353785.2,126774417093.1,4642469460,3886401505,False
2021-11-01,31.39,19.69123,2.936797,145727116349.4,121994143241.95,4642469460,3886401505,False
2021-11-02,31.16,19.546949,2.915279,144659348373.6,121100270895.8,4642469460,3886401505,False
2021-11-03,31.08,19.496765,2.907794,144287950816.8,120789358775.4,4642469460,3886401505,False
2021-11-04,31.67,19.866877,2.962994,147027007798.2,123082335663.35,4642469460,3886401505,False
2021-11-05,31.3,19.634773,2.928377,145309294098.0,121644367106.5,4642469460,3886401505,False
2021-11-08,31.15,19.540676,2.914343,144642172719.1,121090655920.85,4643408434,3887340479,False
2021-11-09,31.49,20.121003,3.000894,148910522307.69,122415179611.67,4728819381,3887430283,False
2021-11-10,31.76,20.293523,3.026625,150187303540.56,123464785788.08,4728819381,3887430283,False
2021-11-11,32.15,20.54272,3.06379,152031543099.15,124980883598.45,4728819381,3887430283,False
2021-11-12,31.82,20.331861,3.032342,150471032703.42,123698031605.06,4728819381,3887430283,False
2021-11-15,31.54,20.152951,3.005659,149146963276.74,122609551125.82,4728819381,3887430283,False
2021-11-16,31.7,20.255185,3.020907,149903574377.7,123231539971.1,4728819381,3887430283,False
2021-11-17,32.08,20.497992,3.05712,151700525742.48,124708763478.64,4728819381,3887430283,False
2021-11-18,31.82,20.331861,3.032342,150471032703.42,123698031605.06,4728819381,3887430283,False
2021-11-19,31.99,20.440485,3.048543,151274931998.19,124358894753.17,4728819381,3887430283,False
2021-11-22,32.4,20.702461,3.087615,153213747944.4,125952741169.2,4728819381,3887430283,False
2021-11-23,32.42,20.71524,3.08952,153308324332.02,126030489774.86,4728819381,3887430283,False
2021-11-24,32.65,20.862202,3.111439,154395952789.65,126924598739.95,4728819381,3887430283,False
2021-11-25,32.16,20.549109,3.064743,152078831292.96,125019757901.28,4728819381,3887430283,False
2021-11-26,31.22,19.948482,2.975164,147633741074.82,121365573435.26,4728819381,3887430283,False
2021-11-29,30.99,19.80152,2.953246,146546112617.19,120471464470.17,4728819381,3887430283,False
2021-11-30,30.68,19.603441,2.923704,145101742445.92,119287924919.28,4729522244,3888133146,False
2021-12-01,30.9,19.744014,2.944669,146142237339.6,120143314211.4,4729522244,3888133146,False
2021-12-02,30.58,19.539545,2.914174,144628790221.52,118899111604.68,4729522244,3888133146,False
2021-12-03,30.94,19.772886,2.948976,146331418229.36,120298839537.24,4729522244,3888133146,False
2021-12-06,30.8,19.683416,2.935632,145669285115.2,119754500896.8,4729522244,3888133146,False
2021-12-07,30.99,19.80484,2.953741,146567894341.56,120493246194.54,4729522244,3888133146,False
2021-12-08,31.18,19.926263,2.971851,147466503567.92,121231991492.28,4729522244,3888133146,False
2021-12-09,31.93,20.405567,3.043335,151013645250.92,124148091351.78,4729522244,3888133146,False
2021-12-10,32.11,20.5206,3.060491,151864959254.84,124847955318.06,4729522244,3888133146,False
2021-12-13,32.86,20.999904,3.131976,155412100937.84,127764055177.56,4729522244,3888133146,False
2021-12-14,32.75,20.929606,3.121492,154891853491.0,127336360531.5,4729522244,3888133146,False
2021-12-15,33.23,21.236361,3.167242,157162024168.12,129202664441.58,4729522244,3888133146,False
2021-12-16,32.99,21.082984,3.144367,156026938829.56,128269512486.54,4729522244,3888133146,False
2021-12-17,32.66,20.87209,3.112913,154466196489.04,126986428548.36,4729522244,3888133146,False
2021-12-20,31.88,20.373614,3.038569,150777169138.72,123953684694.48,4729522244,3888133146,False
2021-12-21,32.25,20.61007,3.073835,152527092369.0,125392293958.5,4729522244,3888133146,False
2021-12-22,32.43,20.725103,3.090991,153378406372.92,126092157924.78,4729522244,3888133146,False
2021-12-23,32.72,20.910434,3.118632,154749967823.68,127219716537.12,4729522244,3888133146,False
2021-12-24,32.05,20.482256,3.054773,151581187920.2,124614667329.3,4729522244,3888133146,False
2021-12-27,33.13,21.172454,3.15771,156689071943.72,128813851126.98,4729522244,3888133146,False
2021-12-28,32.99,21.082984,3.144367,156026938829.56,128269512486.54,4729522244,3888133146,False
2021-12-29,32.67,20.878481,3.113867,154513491711.48,127025309879.82,4729522244,3888133146,False
2021-12-30,32.98,21.076593,3.143413,155979643607.12,128230631155.08,4729522244,3888133146,False
2021-12-31,33.5,21.40891,3.192976,158481665062.0,130294376529.0,4730795972,3889384374,False
2022-01-04,33.42,21.357784,3.185351,158103201384.24,129983225779.08,4730795972,3889384374,False
2022-01-05,32.95,21.057421,3.140554,155879727277.4,128155215123.3,4730795972,3889384374,False
2022-01-06,33.09,21.152586,3.154747,156542038713.48,128699728935.66,4730795972,3889384374,False
2022-01-07,33.5,21.414676,3.193836,158481665062.0,130294376529.0,4730795972,3889384374,False
2022-01-10,34.58,22.10506,3.296801,163590924711.76,134494911652.92,4730795972,3889384374,False
2022-01-11,34.16,21.836577,3.256759,161603990403.52,132861370215.84,4730795972,3889384374,False
2022-01-12,34.08,21.785438,3.249132,161225526725.76,132550219465.92,4730795972,3889384374,False
2022-01-13,33.45,21.382714,3.189069,158245125263.4,130099907310.3,4730795972,3889384374,False
2022-01-14,33.0,21.095054,3.146167,156116267076.0,128349684342.0,4730795972,3889384374,False
2022-01-17,34.29,21.919679,3.269153,162218993879.88,133366990184.46,4730795972,3889384374,False
2022-01-18,34.31,21.932464,3.27106,162313609799.32,133444777871.94,4730795972,3889384374,False
2022-01-19,33.65,21.510563,3.208137,159191284457.8,130877784185.1,4730795972,3889384374,False
2022-01-20,34.02,21.747083,3.243412,160941678967.44,132316856403.48,4730795972,3889384374,False
2022-01-21,32.95,21.063092,3.1414,155879727277.4,128155215123.3,4730795972,3889384374,False
2022-01-24,31.88,20.379101,3.039388,150817775587.36,123993573843.12,4730795972,3889384374,False
2022-01-25,31.03,19.835743,2.95835,146796599011.16,120687597125.22,4730795972,3889384374,False
2022-01-26,31.12,19.893275,2.966931,147222370648.64,121037641718.88,4730795972,3889384374,False
2022-01-27,30.06,19.215676,2.865872,142207726918.32,116914894282.44,4730795972,3889384374,False
2022-01-28,30.14,19.266816,2.873499,142586190596.08,117226045032.36,4730795972,3889384374,False
2022-02-07,29.5,18.8577,2.812482,139584117647.5,114762475506.5,4731665005,3890253407,False
2022-02-08,29.81,19.059366,2.842559,141050933799.05,115968454062.67,4731665005,3890253407,False
2022-02-09,30.78,19.679547,2.935055,145640648853.9,119741999867.46,4731665005,3890253407,False
2022-02-10,30.32,19.38544,2.891191,143464082951.6,117952483300.24,4731665005,3890253407,False
2022-02-11,30.06,19.219206,2.866398,142233850050.3,116941017414.42,4731665005,3890253407,False
2022-02-14,29.3,18.733292,2.793928,138637784646.5,113984424825.1,4731665005,3890253407,False
2022-02-15,29.36,18.771653,2.799649,138921684546.8,114217840029.52,4731665005,3890253407,False
2022-02-16,29.36,18.771653,2.799649,138921684546.8,114217840029.52,4731665005,3890253407,False
2022-02-17,29.11,18.611813,2.77581,137738768295.55,113245276677.77,4731665005,3890253407,False
2022-02-18,29.39,18.790834,2.80251,139063634496.95,114334547631.73,4731665005,3890253407,False
2022-02-21,30.22,19.321504,2.881655,142990916451.1,117563457959.54,4731665005,3890253407,False
2022-02-22,29.58,18.912313,2.820628,139962650847.9,115073695779.06,4731665005,3890253407,False
2022-02-23,30.06,19.219206,2.866398,142233850050.3,116941017414.42,4731665005,3890253407,False
2022-02-24,29.15,18.637387,2.779625,137928034895.75,113400886814.05,4731665005,3890253407,False
2022-02-25,29.2,18.669355,2.784392,138164618146.0,113595399484.4,4731665005,3890253407,False
2022-02-28,29.06,18.579845,2.771042,137502185045.3,113050764007.42,4731665005,3890253407,False
2022-03-01,29.37,18.778047,2.800603,138969001196.85,114256742563.59,4731665005,3890253407,False
2022-03-02,29.2,18.669355,2.784392,138164618146.0,113595399484.4,4731665005,3890253407,False
2022-03-03,29.03,18.560664,2.768182,137360235095.15,112934056405.21,4731665005,3890253407,False
2022-03-04,28.75,18.381643,2.741482,136035368893.75,111844785451.25,4731665005,3890253407,False
2022-03-07,26.15,16.719303,2.493557,123733039880.75,101730126593.05,4731665005,3890253407,False
2022-03-08,25.66,16.406016,2.446832,121414524028.3,99823902423.62,4731665005,3890253407,False
2022-03-09,25.35,17.605863,2.329892,119947707876.75,98617923867.45,4731665005,3890253407,False
2022-03-10,25.4,17.640589,2.334487,120184291127.0,98812436537.8,4731665005,3890253407,False
2022-03-11,25.04,17.390565,2.3014,118480891725.2,97411945311.28,4731665005,3890253407,False
2022-03-14,24.06,16.709944,2.211329,113843860020.3,93599496972.42,4731665005,3890253407,False
2022-03-15,22.55,15.661231,2.072547,106699045862.75,87725214327.85,4731665005,3890253407,False
2022-03-16,23.51,16.327962,2.16078,111241444267.55,91459857598.57,4731665005,3890253407,False
2022-03-17,23.61,16.397414,2.16997,111714610768.05,91848882939.27,4731665005,3890253407,False
2022-03-18,24.0,16.668273,2.205815,113559960120.0,93366081768.0,4731665005,3890253407,False
2022-03-21,23.67,16.439084,2.175485,111998510668.35,92082298143.69,4731665005,3890253407,False
2022-03-22,23.63,16.411304,2.171809,111809244068.15,91926688007.41,4731665005,3890253407,False
2022-03-23,25.99,18.050351,2.388714,122975973479.95,101107686047.93,4731665005,3890253407,False
2022-03-24,26.62,18.487893,2.446616,126008171549.92,103609794811.16,4733590216,3892178618,False
2022-03-25,25.36,17.619975,2.331759,120043847877.76,98705649752.48,4733590216,3892178618,False
2022-03-28,24.85,17.26563,2.284867,117629716867.6,96720638657.3,4733590216,3892178618,False
2022-03-29,24.06,16.716743,2.212229,113890180596.96,93645817549.08,4733590216,3892178618,False
2022-03-30,24.33,16.904337,2.237055,115168249955.28,94696705775.94,4733590216,3892178618,False
2022-03-31,23.9,16.605576,2.197518,113139659535.2,93029922343.0,4733876968,3892465370,False
2022-04-01,23.93,16.626419,2.200276,113281675844.24,93146696304.1,4733876968,3892465370,False
2022-04-06,23.78,16.523201,2.186617,112571594299.04,92562826498.6,4733876968,3892465370,False
2022-04-07,23.18,16.106299,2.131446,109731268118.24,90227347276.6,4733876968,3892465370,False
2022-04-08,22.98,15.967332,2.113055,108784492724.64,89448854202.6,4733876968,3892465370,False
2022-04-11,21.87,15.196064,2.010989,103529889290.16,85128217641.9,4733876968,3892465370,False
2022-04-12,22.24,15.453154,2.045011,105281423768.32,86568429828.8,4733876968,3892465370,False
2022-04-13,22.0,15.286393,2.022942,104145293296.0,85634238140.0,4733876968,3892465370,False
2022-04-14,22.33,15.515689,2.053286,105707472695.44,86918751712.1,4733876968,3892465370,False
2022-04-15,22.69,15.76583,2.086389,107411668403.92,88320039245.3,4733876968,3892465370,False
2022-04-18,23.17,16.099351,2.130526,109683929348.56,90188422622.9,4733876968,3892465370,False
2022-04-19,22.64,15.731088,2.081791,107174974555.52,88125415976.8,4733876968,3892465370,False
2022-04-20,22.44,15.592121,2.063401,106228199161.92,87346922902.8,4733876968,3892465370,False
2022-04-21,21.79,15.140477,2.003632,103151179132.72,84816820412.3,4733876968,3892465370,False
2022-04-22,22.81,15.84921,2.097423,107979733640.08,88787135089.7,4733876968,3892465370,False
2022-04-25,21.79,15.140477,2.003632,103151179132.72,84816820412.3,4733876968,3892465370,False
2022-04-26,22.46,15.526232,1.978586,106326645713.88,87428541222.8,4734044778,3892633180,False
2022-04-27,23.71,16.390918,2.088777,112244201686.38,92294332697.8,4734044778,3892633180,False
2022-04-28,23.71,16.390918,2.088777,112244201686.38,92294332697.8,4734044778,3892633180,False
2022-04-29,24.13,16.681267,2.125778,114232500493.14,93929238633.4,4734044778,3892633180,False
2022-05-05,23.75,16.41857,2.092301,112433563477.5,92450038025.0,4734044778,3892633180,False
2022-05-06,23.23,16.05909,2.04649,109971860192.94,90425868771.4,4734044778,3892633180,False
2022-05-09,23.16,16.010698,2.040324,109640477058.48,90153384448.8,4734044778,3892633180,False
2022-05-10,23.4,16.176612,2.061467,110776647805.2,91087616412.0,4734044778,3892633180,False
2022-05-11,23.35,16.142047,2.057062,110539945566.3,90892984753.0,4734044778,3892633180,False
2022-05-12,23.36,16.14896,2.057943,110587286014.08,90931911084.8,4734044778,3892633180,False
2022-05-13,23.26,16.079829,2.049133,110113881536.28,90542647766.8,4734044778,3892633180,False
2022-05-16,23.12,15.983046,2.0368,109451115267.36,89997679121.6,4734044778,3892633180,False
2022-05-17,23.76,16.425483,2.093182,112480903925.28,92488964356.8,4734044778,3892633180,False
2022-05-18,23.81,16.460049,2.097587,112717606164.18,92683596015.8,4734044778,3892633180,False
2022-05-19,23.69,16.377092,2.087015,112149520790.82,92216480034.2,4734044778,3892633180,False
2022-05-20,23.78,16.439309,2.094944,112575584820.84,92566817020.4,4734044778,3892633180,False
2022-05-23,23.34,16.135134,2.056181,110492605118.52,90854058421.2,4734044778,3892633180,False
2022-05-24,22.36,15.457652,1.969846,105853241236.08,87039277904.8,4734044778,3892633180,False
2022-05-25,22.53,15.575174,1.984823,106658028848.34,87701025545.4,4734044778,3892633180,False
2022-05-26,24.2,16.729659,2.131944,114563883627.6,94201722956.0,4734044778,3892633180,False
2022-05-27,24.1,16.660528,2.123135,114090479149.8,93812459638.0,4734044778,3892633180,False
2022-05-30,24.0,16.591397,2.114325,113617074672.0,93423196320.0,4734044778,3892633180,False
2022-05-31,24.33,16.819529,2.143397,115195981167.63,94724436988.29,4734730011,3893318413,False
2022-06-01,24.05,16.625963,2.11873,113870256764.55,93634307832.65,4734730011,3893318413,False
2022-06-02,24.22,16.743485,2.133706,114675160866.42,94296171962.86,4734730011,3893318413,False
2022-06-06,24.72,17.091613,2.17807,117042525871.92,96242831169.36,4734730011,3893318413,False
2022-06-07,24.65,17.043214,2.171902,116711094771.15,95970298880.45,4734730011,3893318413,False
2022-06-08,24.63,17.029386,2.17014,116616400170.93,95892432512.19,4734730011,3893318413,False
2022-06-09,24.25,16.766651,2.136659,114817202766.75,94412971515.25,4734730011,3893318413,False
2022-06-10,24.47,16.918761,2.156043,115858843369.17,95269501566.11,4734730011,3893318413,False
2022-06-13,24.7,17.077784,2.176308,116947831271.7,96164964801.1,4734730011,3893318413,False
2022-06-14,24.77,17.126183,2.182476,117279262372.47,96437497090.01,4734730011,3893318413,False
2022-06-15,25.59,17.693138,2.254725,121161740981.49,99630018188.67,4734730011,3893318413,False
2022-06-16,25.58,17.686224,2.253844,121114393681.38,99591085004.54,4734730011,3893318413,False
2022-06-17,25.7,17.769193,2.264417,121682561282.7,100058283214.1,4734730011,3893318413,False
2022-06-20,25.52,17.644739,2.248558,120830309880.72,99357485899.76,4734730011,3893318413,False
2022-06-21,25.49,17.623997,2.245914,120688267980.39,99240686347.37,4734730011,3893318413,False
2022-06-22,24.95,17.250637,2.198335,118131513774.45,97138294404.35,4734730011,3893318413,False
2022-06-23,25.16,17.395832,2.216838,119125807076.76,97955891271.08,4734730011,3893318413,False
2022-06-24,24.9,17.216066,2.19393,117894777273.9,96943628483.7,4734730011,3893318413,False
2022-06-27,25.19,17.416575,2.219482,119267848977.09,98072690823.47,4734730011,3893318413,False
2022-06-28,25.5,17.630911,2.246796,120735615280.5,99279619531.5,4734730011,3893318413,False
2022-06-29,25.37,17.541028,2.235341,120120100379.07,98773488137.81,4734730011,3893318413,False
2022-06-30,25.53,17.651653,2.249439,120905703647.4,99420781009.8,4735828580,3894272660,False
2022-07-01,25.26,17.464973,2.225649,119627029930.8,98369327391.6,4735828580,3894272660,False
2022-07-04,25.12,17.368176,2.213314,118964013929.6,97824129219.2,4735828580,3894272660,False
2022-07-05,24.88,17.202238,2.192168,117827415070.4,96889503780.8,4735828580,3894272660,False
2022-07-06,24.67,17.061,2.174169,116832891068.6,96071706522.2,4735828580,3894272660,False
2022-07-07,24.69,17.074831,2.175932,116927607640.2,96149591975.4,4735828580,3894272660,False
2022-07-08,24.67,17.061,2.174169,116832891068.6,96071706522.2,4735828580,3894272660,False
2022-07-11,24.65,17.047168,2.172406,116738174497.0,95993821069.0,4735828580,3894272660,False
2022-07-12,24.0,16.597649,2.115122,113659885920.0,93462543840.0,4735828580,3894272660,False
2022-07-13,23.75,16.424757,2.093089,112475928775.0,92488975675.0,4735828580,3894272660,False
2022-07-14,23.63,16.341768,2.082514,111907629345.4,92021662955.8,4735828580,3894272660,False
2022-07-15,23.48,16.238033,2.069294,111197255058.4,91437522056.8,4735828580,3894272660,False
2022-07-18,24.39,16.867361,2.149493,115506859066.2,94981310177.4,4735828580,3894272660,False
2022-07-19,25.03,17.309965,2.205896,118537789357.4,97473644679.8,4735828580,3894272660,False
2022-07-20,25.05,17.323796,2.207658,118632505929.0,97551530133.0,4735828580,3894272660,False
2022-07-21,25.0,17.289218,2.203252,118395714500.0,97356816500.0,4735828580,3894272660,False
2022-07-22,25.0,17.289218,2.203252,118395714500.0,97356816500.0,4735828580,3894272660,False
2022-07-25,24.73,17.102494,2.179457,117117040783.4,96305362881.8,4735828580,3894272660,False
2022-07-26,24.62,17.026421,2.169762,116596099639.6,95876992889.2,4735828580,3894272660,False
2022-07-27,24.55,16.978012,2.163593,116264591639.0,95604393803.0,4735828580,3894272660,False
2022-07-28,24.84,17.178567,2.189151,117637981927.2,96733732874.4,4735828580,3894272660,False
2022-07-29,24.42,16.888108,2.152136,115648933923.6,95098138357.2,4735828580,3894272660,False
2022-08-01,24.0,16.597649,2.115122,113666700192.0,93469358112.0,4736112508,3894556588,False
2022-08-02,23.2,16.044394,2.044618,109877810185.6,90353712841.6,4736112508,3894556588,False
2022-08-03,23.23,16.065141,2.047262,110019893560.84,90470549539.24,4736112508,3894556588,False
2022-08-04,23.57,16.300274,2.077226,111630171813.56,91794698779.16,4736112508,3894556588,False
2022-08-05,25.38,17.553066,2.236875,120202535453.04,98843846203.44,4736112508,3894556588,False
2022-08-08,25.06,17.331751,2.208672,118686979450.48,97597588095.28,4736112508,3894556588,False
2022-08-09,25.15,17.393996,2.216604,119113229576.2,97948098188.2,4736112508,3894556588,False
2022-08-10,24.87,17.200345,2.191926,117787118073.96,96857622343.56,4736112508,3894556588,False
2022-08-11,25.28,17.483905,2.228062,119728924202.24,98454390544.64,4736112508,3894556588,False
2022-08-12,25.06,17.331751,2.208672,118686979450.48,97597588095.28,4736112508,3894556588,False
2022-08-15,24.69,17.075855,2.176062,116934617822.52,96156602157.72,4736112508,3894556588,False
2022-08-16,24.33,16.826875,2.144333,115229617319.64,94754561786.04,4736112508,3894556588,False
2022-08-17,24.92,17.234925,2.196333,118023923699.36,97052350172.96,4736112508,3894556588,False
2022-08-18,24.7,17.082771,2.176943,116981978947.6,96195547723.6,4736112508,3894556588,False
2022-08-19,24.68,17.068939,2.175181,116887256697.44,96117656591.84,4736112508,3894556588,False
2022-08-22,24.86,17.193429,2.191045,117739756948.88,96818676777.68,4736112508,3894556588,False
2022-08-23,24.54,16.972113,2.162842,116224200946.32,95572418669.52,4736112508,3894556588,False
2022-08-24,23.91,16.536399,2.107316,113240450066.28,93118848019.08,4736112508,3894556588,False
2022-08-25,24.16,16.709302,2.12935,114424478193.28,94092487166.08,4736112508,3894556588,False
2022-08-26,24.53,16.965197,2.16196,116176839821.24,95533473103.64,4736112508,3894556588,False
2022-08-29,24.08,15.622354,2.075257,114045589192.64,93780922639.04,4736112508,3894556588,False
2022-08-30,24.5,15.894837,2.111453,116034756446.0,95416636406.0,4736112508,3894556588,False
2022-08-31,24.5,15.894837,2.111453,116034756446.0,95416636406.0,4736112508,3894556588,False
2022-09-01,24.03,15.589915,2.070948,113808783567.24,93586194809.64,4736112508,3894556588,False
2022-09-02,24.27,15.74562,2.091632,114945450569.16,94520888390.76,4736112508,3894556588,False
2022-09-05,24.03,15.589915,2.070948,113808783567.24,93586194809.64,4736112508,3894556588,False
2022-09-06,24.61,15.966201,2.120933,116555728821.88,95845037630.68,4736112508,3894556588,False
2022-09-07,24.58,15.946738,2.118348,116413645446.64,95728200933.04,4736112508,3894556588,False
2022-09-08,24.39,15.823472,2.101973,115513784070.12,94988235181.32,4736112508,3894556588,False
2022-09-09,24.76,16.063517,2.133861,117266145698.08,96429221118.88,4736112508,3894556588,False
2022-09-13,25.02,16.232197,2.156268,118497534950.16,97441805831.76,4736112508,3894556588,False
2022-09-14,25.08,16.271123,2.161439,118781701700.64,97675479227.04,4736112508,3894556588,False
2022-09-15,24.67,16.005128,2.126104,116839895572.36,96078711025.96,4736112508,3894556588,False
2022-09-16,24.56,15.933763,2.116624,116318923196.48,95650309801.28,4736112508,3894556588,False
2022-09-19,23.27,15.096851,2.00545,110209338061.16,90626331802.76,4736112508,3894556588,False
2022-09-20,23.11,14.993048,1.991661,109451560059.88,90003202748.68,4736112508,3894556588,False
2022-09-21,23.06,14.96061,1.987352,109214754434.48,89808474919.28,4736112508,3894556588,False
2022-09-22,22.56,14.636225,1.944261,106846698180.48,87861196625.28,4736112508,3894556588,False
2022-09-23,22.33,14.487008,1.924439,105757392303.64,86965448610.04,4736112508,3894556588,False
2022-09-26,21.72,14.091259,1.871868,102868363673.76,84589769091.36,4736112508,3894556588,False
2022-09-27,22.04,14.298865,1.899446,104383919676.32,85836027199.52,4736112508,3894556588,False
2022-09-28,21.51,13.955018,1.85377,101873780047.08,83771912207.88,4736112508,3894556588,False
2022-09-29,21.24,13.77985,1.830501,100595029669.92,82720381929.12,4736112508,3894556588,False
2022-09-30,21.4,13.883653,1.84429,101352807671.2,83343510983.2,4736112508,3894556588,False
2022-10-10,20.6,13.364638,1.775344,97563917664.8,80227865712.8,4736112508,3894556588,False
2022-10-11,20.52,13.312737,1.76845,97185028664.16,79916301185.76,4736112508,3894556588,False
2022-10-12,21.27,13.799313,1.833086,100737113045.16,82837218626.76,4736112508,3894556588,False
2022-10-13,21.31,13.825264,1.836534,100926557545.48,82993000890.28,4736112508,3894556588,False
2022-10-14,21.77,14.123698,1.876177,103105169299.16,84784496920.76,4736112508,3894556588,False
2022-10-17,22.12,14.350767,1.906341,104762808676.96,86147591726.56,4736112508,3894556588,False
2022-10-18,22.13,14.357255,1.907203,104810169802.04,86186537292.44,4736112508,3894556588,False
2022-10-19,21.92,14.221013,1.889104,103815586175.36,85368680408.96,4736112508,3894556588,False
2022-10-20,22.04,14.298865,1.899446,104383919676.32,85836027199.52,4736112508,3894556588,False
2022-10-21,22.02,14.28589,1.897723,104289197426.16,85758136067.76,4736112508,3894556588,False
2022-10-24,21.6,14.013407,1.861526,102300030172.8,84122422300.8,4736112508,3894556588,False
2022-10-25,21.55,13.980969,1.857217,102063224547.4,83927694471.4,4736112508,3894556588,False
2022-10-26,22.16,14.376718,1.909788,104952253177.28,86303373990.08,4736112508,3894556588,False
2022-10-27,22.15,13.483876,1.83045,104904892052.2,86264428424.2,4736112508,3894556588,False
2022-10-28,21.36,13.002961,1.765165,101163363170.88,83187728719.68,4736112508,3894556588,False
2022-10-31,22.17,13.496051,1.832103,104999614302.36,86342319555.96,4736112508,3894556588,False
2022-11-01,22.45,13.666502,1.855242,106325725804.6,87432795400.6,4736112508,3894556588,False
2022-11-02,22.81,13.885653,1.884992,108030726307.48,88834835772.28,4736112508,3894556588,False
2022-11-03,22.3,13.575189,1.842846,105615308928.4,86848611912.4,4736112508,3894556588,False
2022-11-04,23.2,14.123066,1.917221,109877810185.6,90353712841.6,4736112508,3894556588,False
2022-11-07,23.69,14.421355,1.957714,112198505314.52,92262045569.72,4736112508,3894556588,False
2022-11-08,23.45,14.275255,1.93788,111061838312.6,91327351988.6,4736112508,3894556588,False
2022-11-09,22.95,13.970878,1.896561,108693782058.6,89380165494.6,4736112508,3894560588,False
2022-11-10,22.89,13.934353,1.891603,108409615308.12,91099492822.59,4736112508,3979881731,False
2022-11-11,23.83,14.506581,1.969283,112861561065.64,94840581649.73,4736112508,3979881731,False
2022-11-14,24.12,14.683119,1.993248,114235033692.96,95994747351.72,4736112508,3979881731,False
2022-11-15,24.33,14.810957,2.010603,115229617319.64,96830522515.23,4736112508,3979881731,False
2022-11-16,24.2,14.731819,1.99986,114613922693.6,96313137890.2,4736112508,3979881731,False
2022-11-17,24.54,14.938795,2.027957,116224200946.32,97666297678.74,4736112508,3979881731,False
2022-11-18,25.12,15.291872,2.075887,118971146200.96,99974629082.72,4736112508,3979881731,False
2022-11-21,25.06,15.255347,2.070929,118686979450.48,99735836178.86,4736112508,3979881731,False
2022-11-22,25.01,15.224909,2.066797,118450173825.08,99536842092.31,4736112508,3979881731,False
2022-11-23,24.52,14.92662,2.026304,116129478696.16,97586700044.12,4736112508,3979881731,False
2022-11-24,24.24,14.756169,2.003165,114803367193.92,96472333159.44,4736112508,3979881731,False
2022-11-25,24.4,14.85357,2.016387,115561145195.2,97109114236.4,4736112508,3979881731,False
2022-11-28,23.94,14.573544,1.978373,113382533441.52,95278368640.14,4736112508,3979881731,False
2022-11-29,24.59,14.969233,2.032089,116461006571.72,97865291765.29,4736112508,3979881731,False
2022-11-30,24.5,14.914445,2.024651,116034756446.0,97507102409.5,4736112508,3979881731,False
2022-12-01,25.2,15.340572,2.082498,119350035201.6,100293019621.2,4736112508,3979881731,False
2022-12-02,25.05,15.249259,2.070103,118639618325.4,99696037361.55,4736112508,3979881731,False
2022-12-05,26.76,16.290227,2.211415,126738370714.08,106501635121.56,4736112508,3979881731,False
2022-12-06,26.92,16.387627,2.224637,127496148715.36,107138416198.52,4736112508,3979881731,False
2022-12-07,26.6,16.192826,2.198193,125980592712.8,105864854044.6,4736112508,3979881731,False
2022-12-08,26.66,16.229351,2.203151,126264759463.28,106103646948.46,4736112508,3979881731,False
2022-12-09,26.51,16.138038,2.190755,125554342587.08,105506664688.81,4736112508,3979881731,False
2022-12-12,26.59,16.186739,2.197366,125933231587.72,105825055227.29,4736112508,3979881731,False
2022-12-13,26.35,16.040638,2.177533,124796564585.8,104869883611.85,4736112508,3979881731,False
2022-12-14,26.62,16.205001,2.199846,126075314962.96,105944451679.22,4736112508,3979881731,False
2022-12-15,26.55,16.162389,2.194061,125743787087.4,105665859958.05,4736112508,3979881731,False
2022-12-16,26.34,16.03455,2.176707,124749203460.72,104830084794.54,4736112508,3979881731,False
2022-12-19,25.83,15.724087,2.134561,122333786081.64,102800345111.73,4736112508,3979881731,False
2022-12-20,25.39,15.456235,2.0982,120249896578.12,101049197150.09,4736112508,3979881731,False
2022-12-21,25.14,15.304047,2.07754,119065868451.12,100054226717.34,4736112508,3979881731,False
2022-12-22,24.98,15.206647,2.064318,118308090449.84,99417445640.38,4736112508,3979881731,False
2022-12-23,25.15,15.310135,2.078366,119113229576.2,100094025534.65,4736112508,3979881731,False
2022-12-26,25.07,15.261434,2.071755,118734340575.56,99775634996.17,4736112508,3979881731,False
2022-12-27,25.72,15.657124,2.125471,121812813705.76,102362558121.32,4736112508,3979881731,False
2022-12-28,25.18,15.328397,2.080846,119255312951.44,100213421986.58,4736112508,3979881731,False
2022-12-29,25.55,15.553636,2.111422,121007674579.4,101685978227.05,4736112508,3979881731,False
2022-12-30,25.86,15.742349,2.13704,122475869456.88,102919741563.66,4736112508,3979881731,False
2023-01-03,25.93,15.784962,2.142825,122807397332.44,103198333284.83,4736112508,3979881731,False
2023-01-04,26.44,16.095426,2.184971,125222814711.52,105228072967.64,4736112508,3979881731,False
2023-01-05,26.44,16.095426,2.184971,125222814711.52,105228072967.64,4736112508,3979881731,False
2023-01-06,26.0,15.827574,2.148609,123138925208.0,103476925006.0,4736112508,3979881731,False
2023-01-09,25.64,15.608423,2.118859,121433924705.12,102044167582.84,4736112508,3979881731,False
2023-01-10,25.49,15.517111,2.106464,120723507828.92,101447185323.19,4736112508,3979881731,False
2023-01-11,26.29,16.004113,2.172575,124512397835.32,104631090707.99,4736112508,3979881731,False
2023-01-12,26.6,16.192826,2.198193,125980592712.8,105864854044.6,4736112508,3979881731,False
2023-01-13,26.43,16.089338,2.184144,125175453586.44,105188274150.33,4736112508,3979881731,False
2023-01-16,26.8,16.314577,2.214721,126927815214.4,106660830390.8,4736112508,3979881731,False
2023-01-17,26.53,16.150214,2.192408,125649064837.24,105586262323.43,4736112508,3979881731,False
2023-01-18,26.8,16.314577,2.214721,126927815214.4,106660830390.8,4736112508,3979881731,False
2023-01-19,26.81,16.320664,2.215547,126975176339.48,106700629208.11,4736112508,3979881731,False
2023-01-20,27.36,16.655478,2.260998,129580038218.88,108889564160.16,4736112508,3979881731,False
2023-01-30,27.01,16.442415,2.232075,127922398841.08,107496605554.31,4736112508,3979881731,False
2023-01-31,26.64,16.217176,2.201498,126170037213.12,106024049313.84,4736112508,3979881731,False
2023-02-01,26.98,16.424152,2.229596,127780315465.84,107377209102.38,4736112508,3979881731,False
2023-02-02,26.95,16.40589,2.227116,127638232090.6,107257812650.45,4736112508,3979881731,False
2023-02-03,27.11,16.50329,2.240339,128396010091.88,107894593727.41,4736112508,3979881731,False
2023-02-06,26.83,16.332839,2.2172,127069898589.64,106780226842.73,4736112508,3979881731,False
2023-02-07,27.17,16.539815,2.245297,128680176842.36,108133386631.27,4736112508,3979881731,False
2023-02-08,26.75,16.284139,2.210589,126691009589.0,106461836304.25,4736112508,3979881731,False
2023-02-09,27.83,16.941592,2.299839,131806011097.64,110760108573.73,4736112508,3979881731,False
2023-02-10,28.2,17.166831,2.330415,133558372725.6,112232664814.2,4736112508,3979881731,False
2023-02-13,28.16,17.142481,2.327109,133368928225.28,112073469544.96,4736112508,3979881731,False
2023-02-14,28.28,17.215531,2.337026,133937261726.24,112551055352.68,4736112508,3979881731,False
2023-02-15,29.1,17.714708,2.40479,137820873982.8,115814558372.1,4736112508,3979881731,False
2023-02-16,29.86,18.177361,2.467595,141420319488.88,118839268487.66,4736112508,3979881731,False
2023-02-17,27.97,17.026818,2.311408,132469066848.76,111317292016.07,4736112508,3979881731,False
2023-02-20,29.57,18.000822,2.44363,140046846861.56,117685102785.67,4736112508,3979881731,False
2023-02-21,30.16,18.359986,2.492387,142841153241.28,120033233006.96,4736112508,3979881731,False
2023-02-22,30.64,18.652188,2.532054,145114487245.12,121943576237.84,4736112508,3979881731,False
2023-02-23,29.78,18.12866,2.460984,141041430488.24,118520877949.18,4736112508,3979881731,False
2023-02-24,30.1,18.323461,2.487429,142556986490.8,119794440103.1,4736112508,3979881731,False
2023-02-27,31.29,19.047877,2.585769,148192960375.32,124530499362.99,4736112508,3979881731,False
2023-02-28,32.24,19.626192,2.664276,152692267257.92,128311387007.44,4736112508,3979881731,False
2023-03-01,32.91,20.034057,2.719644,155865462638.28,130977907767.21,4736112508,3979881731,False
2023-03-02,32.59,19.839256,2.693199,154349906635.72,129704345613.29,4736112508,3979881731,False
2023-03-03,31.98,19.467917,2.64279,151460878005.84,127276617757.38,4736112508,3979881731,False
2023-03-06,32.76,19.942744,2.707248,155155045762.08,130380925507.56,4736112508,3979881731,False
2023-03-07,31.15,18.962652,2.574199,147529904624.2,123973315920.65,4736112508,3979881731,False
2023-03-08,31.4,19.11484,2.594859,148713932751.2,124968286353.4,4736112508,3979881731,False
2023-03-09,32.59,19.839256,2.693199,154349906635.72,129704345613.29,4736112508,3979881731,False
2023-03-10,32.29,19.65663,2.668408,152929072883.32,128510381093.99,4736112508,3979881731,False
2023-03-13,34.01,19.93432,2.746793,161075186397.08,135355777671.31,4736112508,3979881731,False
2023-03-14,33.73,19.770203,2.724179,159749074894.84,134241410786.63,4736112508,3979881731,False
2023-03-15,33.01,19.348189,2.666028,156339073889.08,131375895940.31,4736112508,3979881731,False
2023-03-16,32.42,19.002372,2.618378,153544767509.36,129027765719.02,4736112508,3979881731,False
2023-03-17,34.68,20.327028,2.800905,164248381777.44,138022298431.08,4736112508,3979881731,False
2023-03-20,33.7,19.752619,2.721756,159606991519.6,134122014334.7,4736112508,3979881731,False
2023-03-21,33.9,19.869846,2.737909,160554214021.2,134917990680.9,4736112508,3979881731,False
2023-03-22,35.72,20.936604,2.8849,169173938785.76,142161375431.32,4736112508,3979881731,False
2023-03-23,36.6,21.4524,2.955972,173341717792.8,145663671354.6,4736112508,3979881731,False
2023-03-24,35.39,20.743181,2.858247,167611021658.12,140848014460.09,4736112508,3979881731,False
2023-03-27,34.29,20.098437,2.769407,162401297899.32,136470144555.99,4736112508,3979881731,False
2023-03-28,34.8,20.397364,2.810597,164816715278.4,138499884238.8,4736112508,3979881731,False
2023-03-29,34.69,20.332889,2.801712,164295742902.52,138062097248.39,4736112508,3979881731,False
2023-03-30,31.6,18.521744,2.552151,149661155252.8,125764262699.6,4736112508,3979881731,False
2023-03-31,32.56,19.08443,2.629685,154223299321.52,129600425222.4,4736587817,3980357040,False
2023-04-03,32.28,18.920313,2.607071,152897054732.76,128485925251.2,4736587817,3980357040,False
2023-04-04,32.52,19.060985,2.626454,154033835808.84,129441210940.8,4736587817,3980357040,False
2023-04-06,33.64,19.717451,2.71691,159338814163.88,133899210825.6,4736587817,3980357040,False
2023-04-07,37.0,21.689029,2.988578,175253749229.0,147273210480.0,4736587817,3980357040,False
2023-04-10,35.6,20.868363,2.875496,168622526285.2,141700710624.0,4736587817,3980357040,False
2023-04-11,35.05,20.545958,2.831072,166017402985.85,139511514252.0,4736587817,3980357040,False
2023-04-12,36.95,21.659719,2.984539,175016919838.15,147074192628.0,4736587817,3980357040,False
2023-04-13,34.57,20.264587,2.792301,163743840833.69,137600942872.8,4736587817,3980357040,False
2023-04-14,34.4,20.164935,2.77857,162938620904.8,136924282176.0,4736587817,3980357040,False
2023-04-17,33.68,19.742878,2.720414,159528277676.56,134058425107.2,4736587817,3980357040,False
2023-04-18,34.82,20.411134,2.812494,164927987787.94,138596032132.8,4736587817,3980357040,False
2023-04-19,35.35,20.721815,2.855303,167438379330.95,140705621364.0,4736587817,3980357040,False
2023-04-20,37.3,21.864886,3.012809,176674725574.1,148467317592.0,4736587817,3980357040,False
2023-04-21,36.57,21.436967,2.953846,173217016467.69,145561656952.8,4736587817,3980357040,False
2023-04-24,38.03,21.177339,2.944968,180132434680.51,151372978231.2,4736587817,3980357040,False
2023-04-25,36.89,20.54252,2.856689,174732724569.13,146835371205.6,4736587817,3980357040,False
2023-04-26,35.26,19.63484,2.730465,167012086427.42,140347389230.4,4736587817,3980357040,False
2023-04-27,34.67,19.306294,2.684776,164217499615.39,137998978576.8,4736587817,3980357040,False
2023-04-28,35.62,19.835309,2.758342,168717258041.54,141780317764.8,4736587817,3980357040,False
2023-05-04,33.63,18.727161,2.604241,159390443874.18,133958402843.67,4739531486,3983300709,False
2023-05-05,33.45,18.626926,2.590302,158537328206.7,133241408716.05,4739531486,3983300709,False
2023-05-08,34.5,19.223567,2.673272,163513836267.0,137423874460.5,4739531486,3983300709,False
2023-05-09,33.16,18.476913,2.569441,157162864075.76,132086251510.44,4739531486,3983300709,False
2023-05-10,32.12,17.897771,2.488904,152236742730.16,127946610172.92,4739624618,3983393841,False
2023-05-11,31.68,17.652596,2.454809,150151307898.24,126193916882.88,4739624618,3983393841,False
2023-05-12,31.05,17.30155,2.405992,147165344388.9,123684378763.05,4739624618,3983393841,False
2023-05-15,31.36,17.474287,2.430013,148634628020.48,124919230853.76,4739624618,3983393841,False
2023-05-16,31.11,17.334983,2.410641,147449721865.98,123923382393.51,4739624618,3983393841,False
2023-05-17,31.27,17.424138,2.42304,148208061804.86,124560725408.07,4739624618,3983393841,False
2023-05-18,32.46,18.087225,2.51525,153848215100.28,129300964078.86,4739624618,3983393841,False
2023-05-19,32.64,18.187524,2.529198,154701347531.52,130017974970.24,4739624618,3983393841,False
2023-05-22,32.16,17.92006,2.492004,152426327714.88,128105945926.56,4739624618,3983393841,False
2023-05-23,31.21,17.390705,2.41839,147923684327.78,124321721777.61,4739624618,3983393841,False
2023-05-24,31.35,17.468715,2.429239,148587231774.3,124879396915.35,4739624618,3983393841,False
2023-05-25,32.15,17.914488,2.491229,152378931468.7,128066111988.15,4739624618,3983393841,False
2023-05-26,33.65,18.750312,2.60746,159488368395.7,134041202749.65,4739624618,3983393841,False
2023-05-29,34.42,19.179368,2.667126,163137879351.56,137108416007.22,4739624618,3983393841,False
2023-05-30,34.98,19.491409,2.710519,165792069137.64,139339116558.18,4739624618,3983393841,False
2023-05-31,35.18,19.602852,2.726016,166741680344.18,140137481609.32,4739672551,3983441774,False
2023-06-01,35.91,20.009619,2.782582,170201641306.41,143045394104.34,4739672551,3983441774,False
2023-06-02,36.03,20.076485,2.791881,170770402012.53,143523407117.22,4739672551,3983441774,False
2023-06-05,36.05,20.087833,2.793459,170865195463.55,143603075952.7,4739672551,3983441774,False
2023-06-06,35.31,19.675489,2.736117,167357837775.81,140655329039.94,4739672551,3983441774,False
2023-06-07,35.66,19.870516,2.763238,169016723168.66,142049533660.84,4739672551,3983441774,False
2023-06-08,35.39,19.720066,2.742316,167737011579.89,140974004381.86,4739672551,3983441774,False
2023-06-09,36.4,20.28286,2.82058,172524080856.4,144997280573.6,4739672551,3983441774,False
2023-06-12,35.97,20.043255,2.78726,170486021659.47,143284400610.78,4739672551,3983441774,False
2023-06-13,36.78,20.494604,2.850025,174325156425.78,146510988447.72,4739672551,3983441774,False
2023-06-14,36.83,20.522465,2.8539,174562140053.33,146710160536.42,4739672551,3983441774,False
2023-06-15,37.7,21.007248,2.921315,178685655172.7,150175754879.8,4739672551,3983441774,False
2023-06-16,39.0,21.731636,3.02205,184847229489.0,155354229186.0,4739672551,3983441774,False
2023-06-19,39.68,22.110546,3.074742,188070206823.68,158062969592.32,4739672551,3983441774,False
2023-06-20,43.65,24.322715,3.382371,206886706851.15,173877233435.1,4739672551,3983441774,False
2023-06-21,42.82,23.860222,3.318056,202952778633.82,170570976762.68,4739672551,3983441774,False
2023-06-26,41.85,23.319717,3.242892,198355296259.35,166707038241.9,4739672551,3983441774,False
2023-06-27,44.39,24.735059,3.439713,210394064538.89,176824980347.86,4739672551,3983441774,False
2023-06-28,42.6,23.737633,3.301008,201910050672.6,169694619572.4,4739672551,3983441774,False
2023-06-29,45.18,25.175264,3.500928,214138405854.18,179971899349.32,4739672551,3983441774,False
2023-06-30,45.54,25.566698,3.555362,217467901159.74,183029151575.16,4775316231,4019085454,False
2023-07-03,45.25,25.21427,3.506353,216083059452.75,181863616793.5,4775316231,4019085454,False
2023-07-04,44.6,24.852076,3.455985,212979103902.6,179251211248.4,4775316231,4019085454,False
2023-07-05,43.64,24.500015,3.407027,208394800320.84,175392889212.56,4775316231,4019085454,False
2023-07-06,43.28,24.297907,3.378921,206675686477.68,173946018449.12,4775316231,4019085454,False
2023-07-07,42.99,24.135097,3.356281,205290844770.69,172780483667.46,4775316231,4019085454,False
2023-07-10,42.4,23.803864,3.310219,202473408194.4,170409223249.6,4775316231,4019085454,False
2023-07-11,43.31,24.314749,3.381263,206818945964.61,174066591012.74,4775316231,4019085454,False
2023-07-12,41.5,23.298594,3.239954,198175623586.5,166792046341.0,4775316231,4019085454,False
2023-07-13,42.48,23.848777,3.316464,202855433492.88,170730750085.92,4775316231,4019085454,False
2023-07-14,44.01,24.707737,3.435913,210161667326.31,176879950830.54,4775316231,4019085454,False
2023-07-17,44.17,24.797563,3.448405,210925717923.27,177523004503.18,4775316231,4019085454,False
2023-07-18,42.85,24.0565,3.345351,204622300498.35,172217811703.9,4775316231,4019085454,False
2023-07-19,42.19,23.685968,3.293824,201470591785.89,169565215304.26,4775316231,4019085454,False
2023-07-20,40.19,22.563144,3.137681,191919959323.89,161527044396.26,4775316231,4019085454,False
2023-07-21,40.18,22.55753,3.1369,191872206161.58,161486853541.72,4775316231,4019085454,False
2023-07-24,41.18,23.118942,3.214972,196647522392.58,165505938995.72,4775316231,4019085454,False
2023-07-25,40.86,22.93929,3.189989,195119421198.66,164219831650.44,4775316231,4019085454,False
2023-07-26,39.35,22.091558,3.072101,187908693689.85,158151012614.9,4775316231,4019085454,False
2023-07-27,39.02,21.906292,3.046338,186332839333.62,156824714415.08,4775316231,4019085454,False
2023-07-28,39.36,22.097172,3.072882,187956446852.16,158191203469.44,4775316231,4019085454,False
2023-07-31,39.15,21.979276,3.056487,187261850250.45,157655415330.9,4783189023,4026958246,False
2023-08-01,39.83,22.361036,3.109576,190514418786.09,160393746938.18,4783189023,4026958246,False
2023-08-02,39.9,22.437265,3.120176,190849242017.7,160675634015.4,4783189023,4026958246,False
2023-08-03,39.82,22.355422,3.108795,190466586895.86,160353477355.72,4783189023,4026958246,False
2023-08-04,40.82,22.916833,3.186866,195249775918.86,164380435601.72,4783189023,4026958246,False
2023-08-07,36.75,20.665902,2.873846,175782196595.25,147990715540.5,4783189023,4026958246,False
2023-08-08,37.41,21.037044,2.925458,178939101350.43,150648507982.86,4783189023,4026958246,False
2023-08-09,36.89,20.744629,2.884794,176451843058.47,148554489694.94,4783189023,4026958246,False
2023-08-10,36.47,20.508447,2.85195,174442903668.81,146863167231.62,4783189023,4026958246,False
2023-08-11,35.75,20.103564,2.795647,170999007572.25,143963757294.5,4783189023,4026958246,False
2023-08-14,36.62,20.592798,2.86368,175160382022.26,147467210968.52,4783189023,4026958246,False
2023-08-15,36.71,20.643408,2.870718,175590869034.33,147829637210.66,4783189023,4026958246,False
2023-08-16,35.55,19.991097,2.780007,170042369767.65,143158365645.3,4783189023,4026958246,False
2023-08-17,35.91,20.193538,2.808159,171764317815.93,144608070613.86,4783189023,4026958246,False
2023-08-18,34.61,19.4625,2.706499,165546172086.03,139373024894.06,4783189023,4026958246,False
2023-08-21,34.6,18.416079,2.603513,165498340195.8,139332755311.6,4783189023,4026958246,False
2023-08-22,36.33,19.336883,2.733689,173773257205.59,146299393077.18,4783189023,4026958246,False
2023-08-23,34.73,18.485272,2.613295,166120154768.79,139856259883.58,4783189023,4026958246,False
2023-08-24,34.95,18.602369,2.629849,167172456353.85,140742190697.7,4783189023,4026958246,False
2023-08-25,33.71,17.942371,2.536544,161241301965.33,135748762472.66,4783189023,4026958246,False
2023-08-28,34.27,18.240434,2.578682,163919887818.21,138003859090.42,4783189023,4026958246,False
2023-08-29,34.91,18.581079,2.626839,166981128792.93,140581112367.86,4783189023,4026958246,False
2023-08-30,35.2,18.735433,2.648661,168368253609.6,141748930259.2,4783189023,4026958246,False
2023-08-31,35.45,18.868497,2.667472,169565998098.4,142757617053.75,4783243952,4027013175,False
2023-09-01,34.86,18.554466,2.623077,166743884166.72,140381679280.5,4783243952,4027013175,False
2023-09-04,35.22,18.746078,2.650166,168465851989.44,141831404023.5,4783243952,4027013175,False
2023-09-05,34.2,18.203176,2.573415,163586943158.4,137723850585.0,4783243952,4027013175,False
2023-09-06,33.88,18.033061,2.549365,162056305093.76,136435206369.0,4783243952,4027013175,False
2023-09-07,33.17,17.655155,2.49594,158660201887.84,133576027014.75,4783243952,4027013175,False
2023-09-08,32.85,17.484831,2.471861,157129563823.2,132287382798.75,4783243952,4027013175,False
2023-09-11,34.18,18.19274,2.571939,163491278279.36,137643310321.5,4783243952,4027013175,False
2023-09-12,33.9,18.043707,2.55087,162151969972.8,136515746632.5,4783243952,4027013175,False
2023-09-13,33.0,17.56467,2.483148,157847050416.0,132891434775.0,4783243952,4027013175,False
2023-09-14,33.34,17.745639,2.508732,159473353359.68,134260619254.5,4783243952,4027013175,False
2023-09-15,32.6,17.351765,2.453049,155933752835.2,131280629505.0,4783243952,4027013175,False
2023-09-18,32.63,17.367733,2.455306,156077250153.76,131401439900.25,4783243952,4027013175,False
2023-09-19,32.32,17.202731,2.43198,154594444528.64,130153065816.0,4783243952,4027013175,False
2023-09-20,32.43,17.26128,2.440257,155120601363.36,130596037265.25,4783243952,4027013175,False
2023-09-21,33.21,17.676445,2.49895,158851531645.92,133737107541.75,4783243952,4027013175,False
2023-09-22,34.76,18.501452,2.615582,166265559771.52,139978977963.0,4783243952,4027013175,False
2023-09-25,33.77,17.974512,2.541088,161530148259.04,135992234919.75,4783243952,4027013175,False
2023-09-26,33.88,18.033061,2.549365,162056305093.76,136435206369.0,4783243952,4027013175,False
2023-09-27,32.98,17.554025,2.481643,157751385536.96,132810894511.5,4783243952,4027013175,False
2023-09-28,32.68,17.394346,2.459069,156316412351.36,131602790559.0,4783243952,4027013175,False
2023-10-09,33.55,17.857432,2.524536,160477992274.6,135106449706.25,4783248652,4027017875,False
2023-10-10,32.93,17.527429,2.477883,157512378110.36,132609698623.75,4783248652,4027017875,False
2023-10-11,33.92,18.05437,2.552377,162247794275.84,136596446320.0,4783248652,4027017875,False
2023-10-12,33.73,17.953239,2.538081,161338977031.96,135831312923.75,4783248652,4027017875,False
2023-10-13,32.26,17.170813,2.427468,154307601513.52,129911596647.5,4783248652,4027017875,False
2023-10-16,31.74,16.894036,2.388339,151820312214.48,127817547352.5,4783248652,4027017875,False
2023-10-17,31.47,16.750325,2.368022,150528835078.44,126730252526.25,4783248652,4027017875,False
2023-10-18,30.35,16.15419,2.283746,145171596588.2,122219992506.25,4783248652,4027017875,False
2023-10-19,30.21,16.079673,2.273211,144501941776.92,121656210003.75,4783248652,4027017875,False
2023-10-20,29.09,15.483538,2.188935,139144703286.68,117145949983.75,4783248652,4027017875,False
2023-10-23,27.98,14.892726,2.10541,133835297282.96,112675960142.5,4783248652,4027017875,False
2023-10-24,26.19,13.764071,1.890283,125273282195.88,105467598146.25,4783248652,4027017875,False
2023-10-25,25.9,13.611663,1.869352,123886140086.8,104299762962.5,4783248652,4027017875,False
2023-10-26,25.66,13.485532,1.85203,122738160410.32,103333278672.5,4783248652,4027017875,False
2023-10-27,26.06,13.69575,1.880901,124651459871.12,104944085822.5,4783248652,4027017875,False
2023-10-30,26.62,13.990056,1.921319,127330079116.24,107199215832.5,4783248652,4027017875,False
2023-10-31,26.15,13.743049,1.887396,125082028084.8,105306593266.25,4783251552,4027020775,False
2023-11-01,26.03,13.679984,1.878735,124508037898.56,104823350773.25,4783251552,4027020775,False
2023-11-02,25.71,13.511809,1.855639,122977397401.92,103534704125.25,4783251552,4027020775,False
2023-11-03,26.3,13.82189,1.898224,125799515817.6,105910646382.5,4783251552,4027020775,False
2023-11-06,27.06,14.221306,1.953078,129434786997.12,108971182171.5,4783251552,4027020775,False
2023-11-07,27.21,14.300138,1.963904,130152274729.92,109575235287.75,4783251552,4027020775,False
2023-11-08,27.27,14.331671,1.968234,130439269823.04,109816856534.25,4783251552,4027020775,False
2023-11-09,27.69,14.5524,1.998548,132448235474.88,111508205259.75,4783251552,4027020775,False
2023-11-10,27.21,14.300138,1.963904,130152274729.92,109575235287.75,4783251552,4027020775,False
2023-11-13,27.92,14.673276,2.015149,133548383331.84,112434420038.0,4783251552,4027020775,False
2023-11-14,27.78,14.5997,2.005044,132878728114.56,111870637129.5,4783251552,4027020775,False
2023-11-15,27.77,14.594444,2.004322,132830895599.04,111830366921.75,4783251552,4027020775,False
2023-11-16,27.43,14.415758,1.979783,131204590071.36,110461179858.25,4783251552,4027020775,False
2023-11-17,27.56,14.484079,1.989165,131826412773.12,110984692559.0,4783251552,4027020775,False
2023-11-20,27.52,14.463057,1.986278,131635082711.04,110823611728.0,4783251552,4027020775,False
2023-11-21,27.24,14.315904,1.966069,130295772276.48,109696045911.0,4783251552,4027020775,False
2023-11-22,26.57,13.963788,1.917711,127090993736.64,106997941991.75,4783251552,4027020775,False
2023-11-23,26.83,14.10043,1.936477,128334639140.16,108044967393.25,4783251552,4027020775,False
2023-11-24,26.25,13.795612,1.894615,125560353240.0,105709295343.75,4783251552,4027020775,False
2023-11-27,26.11,13.722036,1.88451,124890698022.72,105145512435.25,4783251552,4027020775,False
2023-11-28,25.98,13.653715,1.875128,124268875320.96,104621999734.5,4783251552,4027020775,False
2023-11-29,25.78,13.548605,1.860692,123312225010.56,103816595579.5,4783251552,4027020775,False
2023-11-30,25.63,13.469773,1.849866,122594737277.76,103212542463.25,4783251552,4027020775,False
2023-12-01,26.14,13.737802,1.886676,125034195569.28,105266323058.5,4783251552,4027020775,False
2023-12-04,25.78,13.548605,1.860692,123312225010.56,103816595579.5,4783251552,4027020775,False
2023-12-05,25.08,13.180722,1.810169,119963948924.16,100997681037.0,4783251552,4027020775,False
2023-12-06,25.21,13.249043,1.819552,120585771625.92,101521193737.75,4783251552,4027020775,False
2023-12-07,25.17,13.228022,1.816665,120394441563.84,101360112906.75,4783251552,4027020775,False
2023-12-08,26.1,13.71678,1.883789,124842865507.2,105105242227.5,4783251552,4027020775,False
2023-12-11,26.57,13.963788,1.917711,127090993736.64,106997941991.75,4783251552,4027020775,False
2023-12-12,26.45,13.900722,1.90905,126517003550.4,106514699498.75,4783251552,4027020775,False
2023-12-13,25.88,13.60116,1.86791,123790550165.76,104219297657.0,4783251552,4027020775,False
2023-12-14,26.35,13.848167,1.901833,126038678395.2,106111997421.25,4783251552,4027020775,False
2023-12-15,26.68,14.021598,1.925651,127617151407.36,107440914277.0,4783251552,4027020775,False
2023-12-18,25.97,13.648459,1.874406,124221042805.44,104581729526.75,4783251552,4027020775,False
2023-12-19,25.94,13.632693,1.872241,124077545258.88,104460918903.5,4783251552,4027020775,False
2023-12-20,25.16,13.222766,1.815943,120346609048.32,101319842699.0,4783251552,4027020775,False
2023-12-21,25.57,13.43824,1.845536,122307742184.64,102970921216.75,4783251552,4027020775,False
2023-12-22,25.17,13.228022,1.816665,120394441563.84,101360112906.75,4783251552,4027020775,False
2023-12-25,25.32,13.306854,1.827492,121111929296.64,101964166023.0,4783251552,4027020775,False
2023-12-26,24.64,12.949482,1.778412,117859318241.28,99225791896.0,4783251552,4027020775,False
2023-12-27,24.64,12.949482,1.778412,117859318241.28,99225791896.0,4783251552,4027020775,False
2023-12-28,26.3,13.82189,1.898224,125799515817.6,105910646382.5,4783251552,4027020775,False
2023-12-29,26.48,13.916488,1.911216,126660501096.96,106635510122.0,4783251552,4027020775,False
2024-01-02,25.6,13.454007,1.847701,122451239731.2,103091731840.0,4783251552,4027020775,False
2024-01-03,25.33,13.312109,1.828213,121159761812.16,102004436230.75,4783251552,4027020775,False
2024-01-04,24.94,13.107146,1.800065,119294293706.88,100433898128.5,4783251552,4027020775,False
2024-01-05,24.55,12.902182,1.771916,117428825601.6,98863360026.25,4783251552,4027020775,False
2024-01-08,23.4,12.297803,1.688914,111928086316.8,94232286135.0,4783251552,4027020775,False
2024-01-09,23.77,12.492256,1.715619,113697889391.04,95722283821.75,4783251552,4027020775,False
2024-01-10,23.8,12.508022,1.717784,113841386937.6,95843094445.0,4783251552,4027020775,False
2024-01-11,24.13,12.681453,1.741602,115419859949.76,97172011300.75,4783251552,4027020775,False
2024-01-12,23.56,12.381891,1.700462,112693406565.12,94876609459.0,4783251552,4027020775,False
2024-01-15,23.63,12.418679,1.705514,113028234173.76,95158500913.25,4783251552,4027020775,False
2024-01-16,24.07,12.64992,1.737272,115132864856.64,96930390054.25,4783251552,4027020775,False
2024-01-17,23.37,12.282037,1.686749,111784588770.24,94111475511.75,4783251552,4027020775,False
2024-01-18,24.05,12.639409,1.735828,115037199825.6,96849849638.75,4783251552,4027020775,False
2024-01-19,23.8,12.508022,1.717784,113841386937.6,95843094445.0,4783251552,4027020775,False
2024-01-22,22.87,12.019263,1.650661,109392962994.24,92097965124.25,4783251552,4027020775,False
2024-01-23,23.89,12.555321,1.72428,114271879577.28,96205526314.75,4783251552,4027020775,False
2024-01-24,24.02,12.623642,1.733663,114893702279.04,96729039015.5,4783251552,4027020775,False
2024-01-25,24.72,12.991525,1.784186,118241978365.44,99547953558.0,4783251552,4027020775,False
2024-01-26,24.22,12.728752,1.748098,115850352589.44,97534443170.5,4783251552,4027020775,False
2024-01-29,23.63,12.418679,1.705514,113028234173.76,95158500913.25,4783251552,4027020775,False
2024-01-30,22.85,12.008752,1.649217,109297297963.2,92017424708.75,4783251552,4027020775,False
2024-01-31,21.96,11.541015,1.584981,105040204081.92,88433376219.0,4783251552,4027020775,False
2024-02-01,22.27,11.703935,1.607355,106523012063.04,89681752659.25,4783251552,4027020775,False
2024-02-02,21.7,11.404373,1.566215,103796558678.4,87386350817.5,4783251552,4027020775,False
2024-02-05,21.86,11.488461,1.577763,104561878926.72,88030674141.5,4783251552,4027020775,False
2024-02-06,23.08,12.129628,1.665818,110397445820.16,92943639487.0,4783251552,4027020775,False
2024-02-07,23.15,12.166416,1.67087,110732273428.8,93225530941.25,4783251552,4027020775,False
2024-02-08,24.0,12.613131,1.73222,114798037248.0,96648498600.0,4783251552,4027020775,False
2024-02-19,24.7,12.981014,1.782743,118146313334.4,99467413142.5,4783251552,4027020775,False
2024-02-20,24.29,12.76554,1.753151,116185180198.08,97816334624.75,4783251552,4027020775,False
2024-02-21,24.44,12.844372,1.763977,116902667930.88,98420387741.0,4783251552,4027020775,False
2024-02-22,25.32,13.306854,1.827492,121111929296.64,101964166023.0,4783251552,4027020775,False
2024-02-23,25.52,13.411963,1.841927,122068579607.04,102769570178.0,4783251552,4027020775,False
2024-02-26,25.6,13.454007,1.847701,122451239731.2,103091731840.0,4783251552,4027020775,False
2024-02-27,28.16,14.799408,2.032471,134696363704.32,113400905024.0,4783251552,4027020775,False
2024-02-28,27.38,14.389481,1.976174,130965427493.76,110259828819.5,4783251552,4027020775,False
2024-02-29,29.86,15.692838,2.15517,142827891342.72,120246840341.5,4783251552,4027020775,False
2024-03-01,30.54,16.05021,2.204249,146080502398.08,122985214468.5,4783251552,4027020775,False
2024-03-04,30.27,15.908312,2.184762,144789024479.04,121897918859.25,4783251552,4027020775,False
2024-03-05,29.1,15.293422,2.100316,139192620163.2,117186304552.5,4783251552,4027020775,False
2024-03-06,29.57,15.540429,2.134239,141440748392.64,119079004316.75,4783251552,4027020775,False
2024-03-07,28.64,15.05167,2.067115,136992324449.28,115333874996.0,4783251552,4027020775,False
2024-03-08,30.18,15.861013,2.178266,144358531839.36,121535486989.5,4783251552,4027020775,False
2024-03-11,30.0,15.387234,2.11,143497546560.0,120810623250.0,4783251552,4027020775,False
2024-03-12,29.22,14.987166,2.05514,139766610349.44,117669547045.5,4783251552,4027020775,False
2024-03-13,29.16,14.956392,2.05092,139479615256.32,117427925799.0,4783251552,4027020775,False
2024-03-14,28.8,14.771745,2.0256,137757644697.6,115978198320.0,4783251552,4027020775,False
2024-03-15,29.0,14.874327,2.039667,138714295008.0,116783602475.0,4783251552,4027020775,False
2024-03-18,29.54,15.151297,2.077647,141297250846.08,118958193693.5,4783251552,4027020775,False
2024-03-19,29.06,14.905101,2.043887,139001290101.12,117025223721.5,4783251552,4027020775,False
2024-03-20,29.18,14.96665,2.052327,139575280287.36,117508466214.5,4783251552,4027020775,False
2024-03-21,28.69,14.715325,2.017864,137231487026.88,115535226034.75,4783251552,4027020775,False
2024-03-22,27.88,14.29987,1.960894,133357053269.76,112273339207.0,4783251552,4027020775,False
2024-03-25,27.52,14.115223,1.935574,131635082711.04,110823611728.0,4783251552,4027020775,False
2024-03-26,27.05,13.874156,1.902517,129386954481.6,108930911963.75,4783251552,4027020775,False
2024-03-27,26.15,13.412539,1.839217,125082028084.8,105306593266.25,4783251552,4027020775,False
2024-03-28,27.45,14.079319,1.93065,131300255102.4,110541720273.75,4783251552,4027020775,False
2024-03-29,27.99,14.35629,1.96863,133883210940.48,112716311492.25,4783251552,4027020775,False
2024-04-01,28.16,14.443484,1.980587,134696363704.32,113400905024.0,4783251552,4027020775,False
2024-04-02,27.74,14.228063,1.951047,132687398052.48,111709556298.5,4783251552,4027020775,False
2024-04-03,27.22,13.961351,1.914474,130200107245.44,109615505495.5,4783251552,4027020775,False
2024-04-08,26.84,13.766446,1.887747,128382471655.68,108085237601.0,4783251552,4027020775,False
2024-04-09,27.02,13.858769,1.900407,129243456935.04,108810101340.5,4783251552,4027020775,False
2024-04-10,26.49,13.586928,1.86313,126708333612.48,106675780329.75,4783251552,4027020775,False
2024-04-11,26.76,13.725413,1.88212,127999811531.52,107763075939.0,4783251552,4027020775,False
2024-04-12,26.96,13.827995,1.896187,128956461841.92,108568480094.0,4783251552,4027020775,False
2024-04-15,28.19,14.458871,1.982697,134839861250.88,113521715647.25,4783251552,4027020775,False
2024-04-16,27.59,14.151126,1.940497,131969910319.68,111105503182.25,4783251552,4027020775,False
2024-04-17,28.99,14.869197,2.038964,138666462492.48,116743332267.25,4783251552,4027020775,False
2024-04-18,28.66,14.699938,2.015754,137087989480.32,115414415411.5,4783251552,4027020775,False
2024-04-19,28.03,14.376806,1.971444,134074541002.56,112877392323.25,4783251552,4027020775,False
2024-04-22,27.48,14.094707,1.93276,131443752648.96,110662530897.0,4783251552,4027020775,False
2024-04-23,27.5,14.104965,1.934167,131539417680.0,110743071312.5,4783251552,4027020775,False
2024-04-24,28.24,14.484517,1.986214,135079023828.48,113723066686.0,4783251552,4027020775,False
2024-04-25,27.8,14.258837,1.955267,132974393145.6,111951177545.0,4783251552,4027020775,False
2024-04-26,28.74,14.586576,1.939838,137470649604.48,115736577073.5,4783251552,4027020775,False
2024-04-29,28.88,14.657631,1.949287,138140304821.76,116300359982.0,4783251552,4027020775,False
2024-04-30,28.67,14.551049,1.935113,137135821995.84,115454685619.25,4783251552,4027020775,False
2024-05-06,28.74,14.586576,1.939838,137470649604.48,115736577073.5,4783251552,4027020775,False
2024-05-07,28.41,14.41909,1.917564,135892176592.32,114407660217.75,4783251552,4027020775,False
2024-05-08,27.63,14.023212,1.864917,132161240381.76,111266584013.25,4783251552,4027020775,False
2024-05-09,28.07,14.246527,1.894615,134265871064.64,113038473154.25,4783251552,4027020775,False
2024-05-10,27.99,14.205925,1.889216,133883210940.48,112716311492.25,4783251552,4027020775,False
2024-05-13,28.59,14.510446,1.929713,136753161871.68,115132523957.25,4783251552,4027020775,False
2024-05-14,28.69,14.5612,1.936463,137231487026.88,115535226034.75,4783251552,4027020775,False
2024-05-15,28.18,14.302356,1.90204,134792028735.36,113481445439.5,4783251552,4027020775,False
2024-05-16,28.53,14.479994,1.925664,136466166778.56,114890902710.75,4783251552,4027020775,False
2024-05-17,28.35,14.388637,1.913514,135605181499.2,114166038971.25,4783251552,4027020775,False
2024-05-20,27.83,14.124719,1.878416,133117890692.16,112071988168.25,4783251552,4027020775,False
2024-05-21,27.41,13.911554,1.850068,131108925040.32,110380639442.75,4783251552,4027020775,False
2024-05-22,27.48,13.947081,1.854793,131443752648.96,110662530897.0,4783251552,4027020775,False
2024-05-23,27.0,13.703464,1.822395,129147791904.0,108729560925.0,4783251552,4027020775,False
2024-05-24,26.8,13.601957,1.808895,128191141593.6,107924156770.0,4783251552,4027020775,False
2024-05-27,27.26,13.835424,1.839944,130391437307.52,109776586326.5,4783251552,4027020775,False
2024-05-28,26.98,13.693314,1.821045,129052126872.96,108649020509.5,4783251552,4027020775,False
2024-05-29,26.81,13.607032,1.80957,128238974109.12,107964426977.75,4783251552,4027020775,False
2024-05-30,26.85,13.627334,1.81227,128430304171.2,108125507808.75,4783251552,4027020775,False
2024-05-31,26.96,13.683163,1.819695,128956461841.92,108568480094.0,4783251552,4027020775,False
2024-06-03,27.23,13.820197,1.837919,130247939760.96,109655775703.25,4783251552,4027020775,False
2024-06-04,27.26,13.835424,1.839944,130391437307.52,109776586326.5,4783251552,4027020775,False
2024-06-05,27.16,13.78467,1.833194,129913112152.32,109373884249.0,4783251552,4027020775,False
2024-06-06,27.24,13.825273,1.838594,130295772276.48,109696045911.0,4783251552,4027020775,False
2024-06-07,26.79,13.596882,1.80822,128143309078.08,107883886562.25,4783251552,4027020775,False
2024-06-11,26.93,13.667937,1.81767,128812964295.36,108447669470.75,4783251552,4027020775,False
2024-06-12,27.52,13.967383,1.857492,131635082711.04,110823611728.0,4783251552,4027020775,False
2024-06-13,27.7,14.058739,1.869642,132496067990.4,111548475467.5,4783251552,4027020775,False
2024-06-14,27.82,14.119644,1.877741,133070058176.64,112031717960.5,4783251552,4027020775,False
2024-06-17,27.75,14.084116,1.873017,132735230568.0,111749826506.25,4783251552,4027020775,False
2024-06-18,28.32,14.373411,1.911489,135461683952.64,114045228348.0,4783251552,4027020775,False
2024-06-19,28.23,14.327733,1.905415,135031191312.96,113682796478.25,4783251552,4027020775,False
2024-06-20,27.47,13.942006,1.854118,131395920133.44,110622260689.25,4783251552,4027020775,False
2024-06-21,27.96,14.190699,1.887191,133739713393.92,112595500869.0,4783251552,4027020775,False
2024-06-24,27.0,13.703464,1.822395,129147791904.0,108729560925.0,4783251552,4027020775,False
2024-06-25,26.46,13.429395,1.785947,126564836065.92,106554969706.5,4783251552,4027020775,False
2024-06-26,27.42,13.916629,1.850743,131156757555.84,110420909650.5,4783251552,4027020775,False
2024-06-27,26.88,13.64256,1.814295,128573801717.76,108246318432.0,4783251552,4027020775,False
2024-06-28,27.97,14.195774,1.887866,133787545909.44,112635771076.75,4783251552,4027020775,False
2024-07-01,28.14,14.282055,1.89934,134600698673.28,113322323152.5,4783251552,4027090375,False
2024-07-02,27.73,14.073965,1.871667,132639565536.96,111671216098.75,4783251552,4027090375,False
2024-07-03,27.72,14.06889,1.870992,132591733021.44,111630945195.0,4783251552,4027090375,False
2024-07-04,27.49,13.952157,1.855468,131491585164.48,110704714408.75,4783251552,4027090375,False
2024-07-05,27.49,13.952157,1.855468,131491585164.48,110704714408.75,4783251552,4027090375,False
2024-07-08,27.2,13.804971,1.835894,130104442214.4,109536858200.0,4783251552,4027090375,False
2024-07-09,28.87,14.652556,1.948612,138092472306.24,116262099126.25,4783251552,4027090375,False
2024-07-10,28.85,14.642405,1.947262,137996807275.2,116181557318.75,4783251552,4027090375,False
2024-07-11,29.12,14.77944,1.965486,139288285194.24,117268871720.0,4783251552,4027090375,False
2024-07-12,28.62,14.525672,1.931738,136896659418.24,115255326532.5,4783251552,4027090375,False
2024-07-15,27.78,14.099342,1.875041,132878728114.56,111872570617.5,4783251552,4027090375,False
2024-07-16,28.43,14.42924,1.918914,135987841623.36,114490179361.25,4783251552,4027090375,False
2024-07-17,27.99,14.205925,1.889216,133883210940.48,112718259596.25,4783251552,4027090375,False
2024-07-18,27.79,14.104417,1.875716,132926560630.08,111912841521.25,4783251552,4027090375,False
2024-07-19,28.11,14.266829,1.897315,134457201126.72,113201510441.25,4783251552,4027090375,False
2024-07-22,27.87,14.14502,1.881116,133309220754.24,112235008751.25,4783251552,4027090375,False
2024-07-23,27.1,13.754218,1.829144,129626117059.2,109134149162.5,4783251552,4027090375,False
2024-07-24,26.93,13.667937,1.81767,128812964295.36,108449543798.75,4783251552,4027090375,False
2024-07-25,26.74,13.571505,1.804846,127904146500.48,107684396627.5,4783251552,4027090375,False
2024-07-26,26.93,13.667937,1.81767,128812964295.36,108449543798.75,4783251552,4027090375,False
2024-07-29,26.66,13.530902,1.799446,127521486376.32,107362229397.5,4783251552,4027090375,False
2024-07-30,26.76,13.581656,1.806195,127999811531.52,107764938435.0,4783251552,4027090375,False
2024-07-31,27.42,13.916629,1.850743,131156757555.84,110422818082.5,4783251552,4027090375,False
2024-08-01,27.16,13.78467,1.833194,129913112152.32,109375774585.0,4783251552,4027090375,False
2024-08-02,26.61,13.505525,1.796071,127282323798.72,107160874878.75,4783251552,4027090375,False
2024-08-05,25.83,13.109647,1.743424,123551387588.16,104019744386.25,4783251552,4027090375,False
2024-08-06,26.05,13.221305,1.758273,124603702929.6,104905704268.75,4783251552,4027090375,False
2024-08-07,26.04,13.21623,1.757598,124555870414.08,104865433365.0,4783251552,4027090375,False
2024-08-08,25.92,13.155326,1.749499,123981880227.84,104382182520.0,4783251552,4027090375,False
2024-08-09,25.81,13.099497,1.742074,123455722557.12,103939202578.75,4783251552,4027090375,False
2024-08-12,25.55,12.967537,1.724525,122212077153.6,102892159081.25,4783251552,4027090375,False
2024-08-13,25.84,13.114723,1.744099,123599220103.68,104060015290.0,4783251552,4027090375,False
2024-08-14,25.72,13.053819,1.736,123025229917.44,103576764445.0,4783251552,4027090375,False
2024-08-15,25.98,13.185778,1.753549,124268875320.96,104623807942.5,4783251552,4027090375,False
2024-08-16,26.04,13.21623,1.757598,124555870414.08,104865433365.0,4783251552,4027090375,False
2024-08-19,26.16,13.053334,1.777531,125129860600.32,105348684210.0,4783251552,4027090375,False
2024-08-20,25.62,12.783884,1.740839,122546904762.24,103174055407.5,4783251552,4027090375,False
2024-08-21,25.26,12.604251,1.716377,120824934203.52,101724302872.5,4783251552,4027090375,False
2024-08-22,24.08,12.015454,1.636198,115180697372.16,96972336230.0,4783251552,4027090375,False
2024-08-23,24.38,12.165148,1.656582,116615672837.76,98180463342.5,4783251552,4027090375,False
2024-08-26,24.43,12.190098,1.65998,116854835415.36,98381817861.25,4783251552,4027090375,False
2024-08-27,23.9,11.925638,1.623967,114319712092.8,96247459962.5,4783251552,4027090375,False
2024-08-28,23.99,11.970546,1.630083,114750204732.48,96609898096.25,4783251552,4027090375,False
2024-08-29,24.32,12.13521,1.652506,116328677744.64,97938837920.0,4783251552,4027090375,False
2024-08-30,24.83,12.38969,1.687159,118768136036.16,99992654011.25,4783251552,4027090375,False
2024-09-02,24.2,12.075332,1.644352,115754689978.4,97455589495.0,4783251652,4027090475,False
2024-09-03,24.36,12.155169,1.655223,116520010242.72,98099923971.0,4783251652,4027090475,False
2024-09-04,24.23,12.090301,1.64639,115898187527.96,97576402209.25,4783251652,4027090475,False
2024-09-05,24.45,12.200077,1.661339,116950502891.4,98462362113.75,4783251652,4027090475,False
2024-09-06,24.09,12.020444,1.636877,115228532296.68,97012609542.75,4783251652,4027090475,False
2024-09-09,23.53,11.741015,1.598826,112549911371.56,94757438876.75,4783251652,4027090475,False
2024-09-10,23.86,11.905679,1.621249,114128384416.72,96086378733.5,4783251652,4027090475,False
2024-09-11,23.79,11.87075,1.616493,113793556801.08,95804482400.25,4783251652,4027090475,False
2024-09-12,23.72,11.835821,1.611737,113458729185.44,95522586067.0,4783251652,4027090475,False
2024-09-13,23.54,11.746005,1.599506,112597743888.08,94797709781.5,4783251652,4027090475,False
2024-09-18,23.65,11.800893,1.60698,113123901569.8,95240689733.75,4783251652,4027090475,False
2024-09-19,23.93,11.940607,1.626006,114463212032.36,96368275066.75,4783251652,4027090475,False
2024-09-20,24.16,12.055373,1.641634,115563359912.32,97294505876.0,4783251652,4027090475,False
2024-09-23,24.9,12.424619,1.691916,119102966134.8,100274552827.5,4783251652,4027090475,False
2024-09-24,25.42,12.684089,1.727249,121590256993.84,102368639874.5,4783251652,4027090475,False
2024-09-25,25.48,12.714027,1.731326,121877252092.96,102610265303.0,4783251652,4027090475,False
2024-09-26,26.3,13.123192,1.787043,125799518447.6,105912479492.5,4783251652,4027090475,False
2024-09-27,28.66,14.300786,1.947402,137087992346.32,115416413013.5,4783251652,4027090475,False
2024-09-30,31.15,15.543248,2.116593,148998288959.8,125443868296.25,4783251652,4027090475,False
2024-10-08,34.27,17.100068,2.328592,163922034114.04,138008390578.25,4783251652,4027090475,False
2024-10-09,32.05,15.99233,2.177747,153303215446.6,129068249723.75,4783251652,4027090475,False
2024-10-10,31.65,15.792738,2.150568,151389914785.8,127457413533.75,4783251652,4027090475,False
2024-10-11,29.84,14.889583,2.027581,142732229295.68,120168379774.0,4783251652,4027090475,False
2024-10-14,30.41,15.174002,2.066311,145458682737.32,122463821344.75,4783251652,4027090475,False
2024-10-15,29.98,14.95944,2.037094,143401884526.96,120732172440.5,4783251652,4027090475,False
2024-10-16,29.44,14.689991,2.000402,140818928634.88,118557543584.0,4783251652,4027090475,False
2024-10-17,29.45,14.694981,2.001081,140866761151.4,118597814488.75,4783251652,4027090475,False
2024-10-18,30.88,15.408523,2.098247,147706811013.76,124356553868.0,4783251652,4027090475,False
2024-10-21,31.71,15.822677,2.154644,151676909884.92,127699038962.25,4783251652,4027090475,False
2024-10-22,30.08,15.321091,1.989608,143880209692.16,121134881488.0,4783251652,4027090475,False
2024-10-23,30.68,15.626698,2.029295,146750160683.36,123551135773.0,4783251652,4027090475,False
2024-10-24,31.55,16.069828,2.08684,150911589620.6,127054704486.25,4783251652,4027090475,False
2024-10-25,31.4,15.993426,2.076918,150194101872.8,126450640915.0,4783251652,4027090475,False
2024-10-28,31.04,15.810062,2.053106,148472131278.08,125000888344.0,4783251652,4027090475,False
2024-10-29,30.78,15.677632,2.035909,147228485848.56,123953844820.5,4783251652,4027090475,False
2024-10-30,30.25,15.407679,2.000853,144693362473.0,121819486868.75,4783251652,4027090475,False
2024-10-31,30.28,15.42296,2.002837,144844867114.36,121948306674.8,4783516087,4027354910,False
2024-11-01,29.6,15.076605,1.957859,141592076175.2,119209705336.0,4783516087,4027354910,False
2024-11-04,30.3,15.433147,2.00416,144940537436.1,122028853773.0,4783516087,4027354910,False
2024-11-05,31.08,15.830435,2.055752,148671679983.96,125170190602.8,4783516087,4027354910,False
2024-11-06,31.31,15.948466,2.07108,149771888683.97,126096482232.1,4783516087,4027354910,False
2024-11-07,31.85,16.223528,2.106799,152354987370.95,128271253883.5,4783516087,4027354910,False
2024-11-08,32.78,16.697245,2.168317,156803657331.86,132016693949.8,4783516087,4027354910,False
2024-11-11,36.06,18.367988,2.385281,172493590097.22,145226418054.6,4783516087,4027354910,False
2024-11-12,34.8,17.726178,2.301935,166466359827.6,140151950868.0,4783516087,4027354910,False
2024-11-13,35.44,18.052177,2.344269,169527810123.28,142729458010.4,4783516087,4027354910,False
2024-11-14,33.21,16.916275,2.19676,158860569249.27,133748456561.1,4783516087,4027354910,False
2024-11-15,32.94,16.778744,2.1789,157569019905.78,132661070735.4,4783516087,4027354910,False
2024-11-18,32.29,16.447652,2.135904,154459734449.23,130043290043.9,4783516087,4027354910,False
2024-11-19,32.5,16.55462,2.149795,155464272827.5,130889034575.0,4783516087,4027354910,False
2024-11-20,32.4,16.503683,2.14318,154985921218.8,130486299084.0,4783516087,4027354910,False
2024-11-21,32.29,16.447652,2.135904,154459734449.23,130043290043.9,4783516087,4027354910,False
2024-11-22,30.95,15.765092,2.047267,148049822892.65,124646634464.5,4783516087,4027354910,False
2024-11-25,30.63,15.602093,2.026099,146519097744.81,123357880893.3,4783516087,4027354910,False
2024-11-26,30.41,15.490031,2.011547,145466724205.67,122471862813.1,4783516087,4027354910,False
2024-11-27,31.02,15.800748,2.051897,148384669018.74,124928549308.2,4783516087,4027354910,False
2024-11-28,30.74,15.658124,2.033376,147045284514.38,123800889933.4,4783516087,4027354910,False
2024-11-29,31.16,15.87206,2.061158,149054361270.92,125492378995.6,4783516087,4027354910,False
2024-12-02,31.6,16.096185,2.090262,151159702429.2,127265009236.0,4783534887,4027373710,False
2024-12-03,31.14,15.861873,2.059835,148959276381.18,125412417329.4,4783534887,4027373710,False
2024-12-04,30.79,15.683654,2.036691,147285039170.73,124002836530.9,4783534887,4027373710,False
2024-12-05,30.77,15.673467,2.035368,147189368472.99,123922289056.7,4783534887,4027373710,False
2024-12-06,31.3,15.943435,2.070426,149724641963.1,126056797123.0,4783534887,4027373710,False
2024-12-09,31.06,15.821185,2.054551,148576593590.22,125090227432.6,4783534887,4027373710,False
2024-12-10,31.13,15.856842,2.059181,148911441032.31,125372143592.3,4783534887,4027373710,False
2024-12-11,31.15,15.867029,2.060504,149007111730.05,125452691066.5,4783534887,4027373710,False
2024-12-12,31.28,15.933248,2.069103,149628971265.36,125976249648.8,4783534887,4027373710,False
2024-12-13,30.55,15.561404,2.020815,146136990797.85,123036266840.5,4783534887,4027373710,False
2024-12-16,31.35,15.968904,2.073734,149963818707.45,126258165808.5,4783534887,4027373710,False
2024-12-17,33.16,16.890873,2.193461,158622016852.92,133547712223.6,4783534887,4027373710,False
2024-12-18,34.56,17.603998,2.286068,165318965694.72,139186035417.6,4783534887,4027373710,False
2024-12-19,37.8,19.254372,2.500387,180817618728.6,152234726238.0,4783534887,4027373710,False
2024-12-20,37.38,19.040435,2.472605,178808534076.06,150543229279.8,4783534887,4027373710,False
2024-12-23,36.15,18.413904,2.391243,172924786165.05,145589559616.5,4783534887,4027373710,False
2024-12-24,36.81,18.750091,2.434901,176081919190.47,148247626265.1,4783534887,4027373710,False
2024-12-25,38.09,19.402091,2.51957,182204843845.83,153402664613.9,4783534887,4027373710,False
2024-12-26,40.99,20.879278,2.711399,196077095018.13,165082048372.9,4783534887,4027373710,False
2024-12-27,40.08,20.415747,2.651204,191724078270.96,161417138296.8,4783534887,4027373710,False
2024-12-30,40.8,20.782497,2.69883,195168223389.6,164316847368.0,4783534887,4027373710,False
2024-12-31,40.4,20.578747,2.672371,193254809434.8,162705897884.0,4783534887,4027373710,False
2025-01-02,37.93,19.320591,2.508986,181439478263.91,152758284820.3,4783534887,4027373710,False
2025-01-03,35.65,18.159216,2.358169,170533018721.55,143575872761.5,4783534887,4027373710,False
2025-01-06,34.8,17.726248,2.301944,166467014067.6,140152605108.0,4783534887,4027373710,False
2025-01-07,35.43,18.047154,2.343617,169480641046.41,142689850545.3,4783534887,4027373710,False
2025-01-08,34.88,17.766998,2.307235,166849696858.56,140474795004.8,4783534887,4027373710,False
2025-01-09,38.37,19.544716,2.538091,183544233614.19,154530329252.7,4783534887,4027373710,False
2025-01-10,37.71,19.208529,2.494434,180387100588.77,151872262604.1,4783534887,4027373710,False
2025-01-13,39.0,19.865622,2.579764,186557860593.0,157067574690.0,4783534887,4027373710,False
2025-01-14,41.5,21.13906,2.745134,198516697810.5,167136008965.0,4783534887,4027373710,False
2025-01-15,40.92,20.843622,2.706768,195742247576.04,164800132213.2,4783534887,4027373710,False
2025-01-16,39.96,20.354622,2.643266,191150054084.52,160933853451.6,4783534887,4027373710,False
2025-01-17,41.27,21.021903,2.72992,197416484786.49,166209713011.7,4783534887,4027373710,False
2025-01-20,40.49,20.624591,2.678325,193685327574.63,163068361517.9,4783534887,4027373710,False
2025-01-21,42.88,21.841997,2.836418,205117975954.56,172693784684.8,4783534887,4027373710,False
2025-01-22,43.05,21.928591,2.847663,205931176885.35,173378438215.5,4783534887,4027373710,False
2025-01-23,41.1,20.93531,2.718675,196603283855.7,165525059481.0,4783534887,4027373710,False
2025-01-24,42.92,21.862372,2.839064,205309317350.04,172854879633.2,4783534887,4027373710,False
2025-01-27,39.98,20.36481,2.644589,191245724782.26,161014400925.8,4783534887,4027373710,False
2025-02-05,42.56,21.678997,2.815251,203587244790.72,171405025097.6,4783534887,4027373710,False
2025-02-06,43.4,22.106872,2.870815,207605414095.8,174788019014.0,4783534887,4027373710,False
2025-02-07,42.91,21.857278,2.838402,205261482001.17,172814605896.1,4783534887,4027373710,False
2025-02-10,42.25,21.521091,2.794745,202104348975.75,170156539247.5,4783534887,4027373710,False
2025-02-11,41.63,21.205278,2.753733,199138557345.81,167659567547.3,4783534887,4027373710,False
2025-02-12,41.94,21.363185,2.774239,200621453160.78,168908053397.4,4783534887,4027373710,False
2025-02-13,39.77,20.257841,2.630698,190241182455.99,160168652446.7,4783534887,4027373710,False
2025-02-14,39.74,20.24256,2.628714,190097676409.38,160047831235.4,4783534887,4027373710,False
2025-02-17,40.9,20.833435,2.705445,195646576878.3,164719584739.0,4783534887,4027373710,False
2025-02-18,39.29,20.013341,2.598947,187945085710.23,158235513065.9,4783534887,4027373710,False
2025-02-19,40.39,20.573653,2.67171,193206974085.93,162665624146.9,4783534887,4027373710,False
2025-02-20,39.82,20.28331,2.634006,190480359200.34,160370021132.2,4783534887,4027373710,False
2025-02-21,43.41,22.111966,2.871476,207653249444.67,174828292751.1,4783534887,4027373710,False
2025-02-24,43.8,22.310622,2.897274,209518828050.6,176398968498.0,4783534887,4027373710,False
2025-02-25,42.5,21.648435,2.811282,203300232697.5,171163382675.0,4783534887,4027373710,False
2025-02-26,42.28,21.536372,2.796729,202247855022.36,170277360458.8,4783534887,4027373710,False
2025-02-27,40.48,20.619497,2.677663,193637492225.76,163028087780.8,4783534887,4027373710,False
2025-02-28,38.66,19.692435,2.557274,184931458731.42,155698267628.6,4783534887,4027373710,False
2025-03-03,36.14,20.520026,2.374407,172876950816.18,145549285879.4,4783534887,4027373710,False
2025-03-04,37.01,21.014006,2.431566,177038626167.87,149053101007.1,4783534887,4027373710,False
2025-03-05,37.01,21.014006,2.431566,177038626167.87,149053101007.1,4783534887,4027373710,False
2025-03-06,38.0,21.57612,2.496609,181774325706.0,153040200980.0,4783534887,4027373710,False
2025-03-07,37.29,21.172988,2.449962,178378015936.23,150180765645.9,4783534887,4027373710,False
2025-03-10,37.21,21.127564,2.444706,177995333145.27,149858575749.1,4783534887,4027373710,False
2025-03-11,37.06,21.042395,2.434851,177277802912.22,149254469692.6,4783534887,4027373710,False
2025-03-12,38.78,22.018999,2.547855,185505482917.86,156181552473.8,4783534887,4027373710,False
2025-03-13,37.17,21.104852,2.442078,177803991749.79,149697480800.7,4783534887,4027373710,False
2025-03-14,37.66,21.383071,2.474271,180147923844.42,151670893918.6,4783534887,4027373710,False
2025-03-17,37.29,21.172988,2.449962,178378015936.23,150180765645.9,4783534887,4027373710,False
2025-03-18,37.39,21.229767,2.456532,178856369424.93,150583503016.9,4783534887,4027373710,False
2025-03-19,36.76,20.872057,2.415141,175842742446.12,148046257579.6,4783534887,4027373710,False
2025-03-20,36.2,20.554094,2.378349,173163962909.4,145790928302.0,4783534887,4027373710,False
2025-03-21,35.11,19.9352,2.306735,167949909882.57,141401090958.1,4783534887,4027373710,False
2025-03-24,34.89,19.810285,2.292281,166897532207.43,140515068741.9,4783534887,4027373710,False
2025-03-25,34.21,19.424186,2.247605,163644728484.27,137776454619.1,4783534887,4027373710,False
2025-03-26,34.32,19.486643,2.254832,164170917321.84,138219465727.2,4783534887,4027373710,False
2025-03-27,34.57,19.628592,2.271257,165366801043.59,139226309154.7,4783534887,4027373710,False
2025-03-28,34.68,19.691049,2.278484,165892989881.16,139669320262.8,4783534887,4027373710,False
2025-03-31,34.22,19.429864,2.248262,163692563833.14,137816728356.2,4783534887,4027373710,False
2025-04-01,34.44,19.554779,2.262716,164744941508.28,138702750572.4,4783534887,4027373710,False
2025-04-02,35.04,19.895454,2.302136,167615062440.48,141119174798.4,4783534887,4027373710,False
2025-04-03,34.76,19.736472,2.28374,166275672672.12,139991510159.6,4783534887,4027373710,False
2025-04-07,31.28,17.760554,2.055104,149628971265.36,125976249648.8,4783534887,4027373710,False
2025-04-08,30.36,17.238185,1.994659,145228119169.32,122271065835.6,4783534887,4027373710,False
2025-04-09,30.96,17.57886,2.034079,148098240101.52,124687490061.6,4783534887,4027373710,False
2025-04-10,31.64,17.964959,2.078756,151351043824.68,127426104184.4,4783534887,4027373710,False
2025-04-11,32.08,18.214788,2.107664,153455799174.96,129198148616.8,4783534887,4027373710,False
2025-04-14,32.58,18.498684,2.140514,155847566618.46,131211835471.8,4783534887,4027373710,False
2025-04-15,32.15,18.254533,2.112263,153790646617.05,129480064776.5,4783534887,4027373710,False
2025-04-16,31.35,17.800299,2.059703,149963818707.45,126258165808.5,4783534887,4027373710,False
2025-04-17,31.2,17.71513,2.049848,149246288474.4,125654059752.0,4783534887,4027373710,False
2025-04-18,32.41,18.402159,2.129345,155034365687.67,130527181941.1,4783534887,4027373710,False
2025-04-21,32.27,18.322668,2.120147,154364670803.49,129963349621.7,4783534887,4027373710,False
2025-04-22,31.74,18.021738,2.085326,151829397313.38,127828841555.4,4783534887,4027373710,False
2025-04-23,32.08,18.859049,2.122978,153455799174.96,129198148616.8,4783534887,4027373710,False
2025-04-24,31.57,18.559232,2.089227,151016196382.59,127144188024.7,4783534887,4027373710,False
2025-04-25,31.62,18.588626,2.092536,151255373126.94,127345556710.2,4783534887,4027373710,False
2025-04-28,31.38,18.447536,2.076654,150107324754.06,126378987019.8,4783534887,4027373710,False
2025-04-29,31.46,18.494566,2.081948,150490007545.02,126701176916.6,4783534887,4027373710,False
2025-04-30,31.94,18.776746,2.113713,152786104290.78,128634316297.4,4783534887,4027373710,False
2025-05-06,32.76,19.258804,2.167979,156708602898.12,131936762739.6,4783534887,4027373710,False
2025-05-07,32.68,19.211774,2.162684,156325920107.16,131614572842.8,4783534887,4027373710,False
2025-05-08,33.06,19.435167,2.187832,158143663364.22,133144974852.6,4783534887,4027373710,False
2025-05-09,32.51,19.111836,2.151434,155512719176.37,130929919312.1,4783534887,4027373710,False
2025-05-12,33.17,19.499833,2.195111,158669852201.79,133587985960.7,4783534887,4027373710,False
2025-05-13,32.78,19.270562,2.169302,156804273595.86,132017310213.8,4783534887,4027373710,False
2025-05-14,33.0,19.399895,2.183861,157856651271.0,132903332430.0,4783534887,4027373710,False
2025-05-15,32.17,18.911958,2.128934,153886317314.79,129560612250.7,4783534887,4027373710,False
2025-05-16,32.13,18.888443,2.126287,153694975919.31,129399517302.3,4783534887,4027373710,False
2025-05-19,31.99,18.80614,2.117022,153025281035.13,128835684982.9,4783534887,4027373710,False
2025-05-20,32.01,18.817898,2.118345,153120951732.87,128916232457.1,4783534887,4027373710,False
2025-05-21,32.0,18.812019,2.117684,153073116384.0,128875958720.0,4783534887,4027373710,False
2025-05-22,31.71,18.641535,2.098492,151685891266.77,127708020344.1,4783534887,4027373710,False
2025-05-23,31.2,18.341719,2.064742,149246288474.4,125654059752.0,4783534887,4027373710,False
2025-05-26,31.47,18.500445,2.08261,150537842893.89,126741450653.7,4783534887,4027373710,False
2025-05-27,31.0,18.224143,2.051506,148289581497.0,124848585010.0,4783534887,4027373710,False
2025-05-28,30.98,18.212386,2.050183,148193910799.26,124768037535.8,4783534887,4027373710,False
2025-05-29,31.51,18.52396,2.085257,150729184289.37,126902545602.1,4783534887,4027373710,False
2025-05-30,31.09,18.277052,2.057462,148720099636.83,125211048643.9,4783534887,4027373710,False
2025-06-03,31.11,18.28881,2.058786,148815770334.57,125291596118.1,4783534887,4027373710,False
2025-06-04,31.61,18.582748,2.091874,151207537778.07,127305282973.1,4783534887,4027373710,False
2025-06-05,32.2,18.929594,2.130919,154029823361.4,129681433462.0,4783534887,4027373710,False
2025-06-06,32.31,18.99426,2.138199,154556012198.97,130124444570.1,4783534887,4027373710,False
2025-06-09,32.44,19.070684,2.146802,155177871734.28,130648003152.4,4783534887,4027373710,False
2025-06-10,32.03,18.829655,2.119669,153216622430.61,128996779931.3,4783534887,4027373710,False
2025-06-11,32.09,18.864928,2.12364,153503634523.83,129238422353.9,4783534887,4027373710,False
2025-06-12,31.94,18.776746,2.113713,152786104290.78,128634316297.4,4783534887,4027373710,False
2025-06-13,31.48,18.506324,2.083271,150585678242.76,126781724390.8,4783534887,4027373710,False
2025-06-16,31.71,18.641535,2.098492,151685891266.77,127708020344.1,4783534887,4027373710,False
2025-06-17,31.5,18.518081,2.084595,150681348940.5,126862271865.0,4783534887,4027373710,False
2025-06-18,31.51,18.52396,2.085257,150729184289.37,126902545602.1,4783534887,4027373710,False
2025-06-19,31.19,18.33584,2.06408,149198453125.53,125613786014.9,4783534887,4027373710,False
2025-06-20,30.96,18.200628,2.048859,148098240101.52,124687490061.6,4783534887,4027373710,False
2025-06-23,31.13,18.300567,2.060109,148911441032.31,125372143592.3,4783534887,4027373710,False
2025-06-24,31.73,18.653293,2.099816,151781561964.51,127788567818.3,4783534887,4027373710,False
2025-06-25,32.23,18.94723,2.132905,154173329408.01,129802254673.3,4783534887,4027373710,False
2025-06-26,32.01,18.817898,2.118345,153120951732.87,128916232457.1,4783534887,4027373710,False
2025-06-27,32.39,19.04129,2.143493,154938694989.93,130446634466.9,4783534887,4027373710,False
2025-06-30,32.49,19.100078,2.150111,155417048478.63,130848928901.73,4783534887,4027360077,False
2025-07-01,32.64,19.188259,2.160037,156134578711.68,131453032913.28,4783534887,4027360077,False
2025-07-02,32.04,18.835534,2.120331,153264457779.48,129036616867.08,4783534887,4027360077,False
2025-07-03,32.7,19.223532,2.164008,156421590804.9,131694674517.9,4783534887,4027360077,False
2025-07-04,32.32,19.000139,2.138861,154603847547.84,130164277688.64,4783534887,4027360077,False
2025-07-07,31.89,18.747353,2.110404,152546927546.43,128432512855.53,4783534887,4027360077,False
2025-07-08,32.72,19.235289,2.165332,156517261502.64,131775221719.44,4783534887,4027360077,False
2025-07-09,32.86,19.317592,2.174596,157186956386.82,132339052130.22,4783534887,4027360077,False
2025-07-10,33.12,19.47044,2.191803,158430675457.44,133386165750.24,4783534887,4027360077,False
2025-07-11,33.44,19.65856,2.212979,159961406621.28,134674920974.88,4783534887,4027360077,False
2025-07-14,33.19,19.511591,2.196435,158765522899.53,133668080955.63,4783534887,4027360077,False
2025-07-15,33.5,19.693832,2.21695,160248418714.5,134916562579.5,4783534887,4027360077,False
2025-07-16,33.24,19.540985,2.199744,159004699643.88,133869448959.48,4783534887,4027360077,False
2025-07-17,34.53,20.299344,2.285113,165175459648.11,139064743458.81,4783534887,4027360077,False
2025-07-18,34.22,20.117103,2.264598,163692563833.14,137816261834.94,4783534887,4027360077,False
2025-07-21,34.25,20.134739,2.266583,163836069879.75,137937082637.25,4783534887,4027360077,False
2025-07-22,33.95,19.958376,2.24673,162401009413.65,136728874614.15,4783534887,4027360077,False
2025-07-23,33.89,19.923104,2.242759,162113997320.43,136487233009.53,4783534887,4027360077,False
2025-07-24,34.67,20.381647,2.294378,165845154532.29,139628573869.59,4783534887,4027360077,False
2025-07-25,34.39,20.217042,2.275848,164505764763.93,138500913048.03,4783534887,4027360077,False
2025-07-28,34.47,20.264072,2.281142,164888447554.89,138823101854.19,4783534887,4027360077,False
2025-07-29,35.09,20.628555,2.322173,167854239184.83,141320065101.93,4783534887,4027360077,False
2025-07-30,34.6,20.340496,2.289745,165510307090.2,139346658664.2,4783534887,4027360077,False
2025-07-31,34.29,20.158254,2.26923,164027411275.23,138098177040.33,4783534887,4027360077,False
2025-08-01,33.9,19.928983,2.243421,162161832669.3,136527506610.3,4783534887,4027360077,False
2025-08-04,33.87,19.911346,2.241436,162018326622.69,136406685807.99,4783534887,4027360077,False
2025-08-05,34.42,20.234678,2.277834,164649270810.54,138621733850.34,4783534887,4027360077,False
2025-08-06,34.55,20.311102,2.286437,165271130345.85,139145290660.35,4783534887,4027360077,False
2025-08-07,34.19,20.099467,2.262613,163549057786.53,137695441032.63,4783534887,4027360077,False
2025-08-08,33.78,19.858438,2.23548,161587808482.86,136044223401.06,4783534887,4027360077,False
2025-08-11,34.0,19.98777,2.250039,162640186158.0,136930242618.0,4783534887,4027360077,False
2025-08-12,34.55,20.311102,2.286437,165271130345.85,139145290660.35,4783534887,4027360077,False
2025-08-13,35.5,20.869584,2.349305,169815488488.5,142971282733.5,4783534887,4027360077,False
2025-08-14,34.81,20.463949,2.303643,166514849416.47,140192404280.37,4783534887,4027360077,False
2025-08-15,35.21,20.6991,2.330114,168428263371.27,141803348311.17,4783534887,4027360077,False
2025-08-18,38.31,22.521514,2.535264,183257221520.97,154288164549.87,4783534887,4027360077,False
2025-08-19,37.8,22.221697,2.501514,180817618728.6,152234210910.6,4783534887,4027360077,False
2025-08-20,39.94,23.479751,2.643134,191054383386.78,160852761475.38,4783534887,4027360077,False
2025-08-21,42.56,25.019985,2.816519,203587244790.72,171404444877.12,4783534887,4027360077,False
2025-08-22,46.55,27.365609,3.080568,222673548989.85,187473611584.35,4783534887,4027360077,False
2025-08-25,45.84,26.948217,3.033582,219277239220.08,184614185929.68,4783534887,4027360077,False
2025-08-26,45.02,26.466159,2.979316,215354740612.74,181311750666.54,4783534887,4027360077,False
2025-08-27,44.1,25.925314,2.918433,210953888516.7,177606579395.7,4783534887,4027360077,False
2025-08-28,47.42,27.877061,3.138143,226835224341.54,190977414851.34,4783534887,4027360077,False
2025-08-29,45.44,28.047246,2.90445,217363825265.28,183003241898.88,4783534887,4027360077,False
2025-09-01,48.0,29.627372,3.068081,229609674576.0,193313283696.0,4783534887,4027360077,False
2025-09-02,44.83,27.670731,2.86546,214445868984.21,180546552251.91,4783534887,4027360077,False
2025-09-03,43.94,27.12139,2.808572,210188522934.78,176962201783.38,4783534887,4027360077,False
2025-09-04,40.84,25.207956,2.610425,195359564785.08,164477385544.68,4783534887,4027360077,False
2025-09-05,41.82,25.812848,2.673065,200047428974.34,168424198420.14,4783534887,4027360077,False
2025-09-08,41.8,25.800503,2.671787,199951758276.6,168343651218.6,4783534887,4027360077,False
2025-09-09,40.66,25.096853,2.59892,194498528505.42,163752460730.82,4783534887,4027360077,False
2025-09-10,41.09,25.362265,2.626405,196555448506.83,165484225563.93,4783534887,4027360077,False
2025-09-11,43.74,26.997943,2.795789,209231815957.38,176156729767.98,4783534887,4027360077,False
2025-09-12,44.08,27.207803,2.817521,210858217818.96,177526032194.16,4783534887,4027360077,False
2025-09-15,43.06,26.578222,2.752324,205979012234.22,173418124915.62,4783534887,4027360077,False
2025-09-16,44.3,27.343595,2.831583,211910595494.1,178412051411.1,4783534887,4027360077,False
2025-09-17,44.13,27.238665,2.820717,211097394563.31,177727400198.01,4783534887,4027360077,False
2025-09-18,44.25,27.312734,2.828387,211671418749.75,178210683407.25,4783534887,4027360077,False
2025-09-19,43.78,27.022632,2.798345,209423157352.86,176317824171.06,4783534887,4027360077,False
2025-09-22,45.02,27.788006,2.877604,215354740612.74,181311750666.54,4783534887,4027360077,False
2025-09-23,43.5,26.849806,2.780448,208083767584.5,175190163349.5,4783534887,4027360077,False
2025-09-24,43.97,27.139907,2.81049,210332028981.39,177083022585.69,4783534887,4027360077,False
2025-09-25,45.8,28.269451,2.92746,219085897824.6,184453091526.6,4783534887,4027360077,False
2025-09-26,44.47,27.448526,2.842449,212723796424.89,179096702624.19,4783534887,4027360077,False
2025-09-29,45.11,27.843557,2.883357,215785258752.57,181674213073.47,4783534887,4027360077,False
2025-09-30,45.64,28.170693,2.917234,218320532242.68,183808713914.28,4783534887,4027360077,False
2025-10-09,49.98,30.849501,3.194639,239081073652.26,201287456648.46,4783534887,4027360077,False
2025-10-10,52.0,32.09632,3.323754,248743814124.0,209422724004.0,4783534887,4027360077,False
2025-10-13,53.67,33.127105,3.430498,256732317385.29,216148415332.59,4783534887,4027360077,False
2025-10-14,50.2,30.985293,3.208701,240133451327.4,202173475865.4,4783534887,4027360077,False
2025-10-15,50.4,31.108741,3.221485,241090158304.8,202978947880.8,4783534887,4027360077,False
2025-10-16,54.03,33.349311,3.453508,258454389944.61,217598264960.31,4783534887,4027360077,False
2025-10-17,48.63,30.016231,3.108349,232623301554.81,195850520544.51,4783534887,4027360077,False
2025-10-20,48.6,29.997714,3.106432,232479795508.2,195729699742.2,4783534887,4027360077,False
2025-10-21,51.24,31.62722,3.275176,245108327609.88,206361930345.48,4783534887,4027360077,False
2025-10-22,49.94,30.824812,3.192082,238889732256.78,201126362245.38,4783534887,4027360077,False
2025-10-23,48.19,29.744647,3.080225,230518546204.53,194078482110.63,4783534887,4027360077,False
2025-10-24,49.85,30.76926,3.18633,238459214116.95,200763899838.45,4783534887,4027360077,False
2025-10-27,51.32,31.676599,3.28029,245491010400.84,206684119151.64,4783534887,4027360077,False
2025-10-28,49.39,30.485331,3.156927,236258788068.93,198911314203.03,4783534887,4027360077,False
2025-10-29,46.2,37.839925,2.948054,220999311779.4,186064035557.4,4783534887,4027360077,False
2025-10-30,44.83,36.717832,2.860634,214445868984.21,180546552251.91,4783534887,4027360077,False
2025-10-31,43.46,35.595739,2.773213,207892426189.02,175029068946.42,4783534887,4027360077,False
2025-11-03,42.79,35.046978,2.73046,204687457814.73,172330737694.83,4783534887,4027360077,False
2025-11-04,41.73,34.178789,2.662821,199616910834.51,168061736013.21,4783534887,4027360077,False
2025-11-05,41.1,33.66279,2.62262,196603283855.7,165524499164.7,4783534887,4027360077,False
2025-11-06,42.6,34.891359,2.718336,203778586186.2,171565539280.2,4783534887,4027360077,False
2025-11-07,41.72,34.170599,2.662182,199569075485.64,168021462412.44,4783534887,4027360077,False
2025-11-10,42.11,34.490027,2.687069,201434654091.57,169592132842.47,4783534887,4027360077,False
2025-11-11,40.9,33.498981,2.609858,195646576878.3,164719027149.3,4783534887,4027360077,False
2025-11-12,39.73,32.540697,2.535199,190049841060.51,160007015859.21,4783534887,4027360077,False
2025-11-13,40.35,33.048506,2.574762,193015632690.45,162503979106.95,4783534887,4027360077,False
2025-11-14,39.76,32.565268,2.537114,190193347107.12,160127836661.52,4783534887,4027360077,False
2025-11-17,39.2,32.106603,2.50138,187514567570.4,157872515018.4,4783534887,4027360077,False
2025-11-18,39.45,32.311364,2.517332,188710451292.15,158879355037.65,4783534887,4027360077,False
2025-11-19,39.29,32.180317,2.507122,187945085710.23,158234977425.33,4783534887,4027360077,False
2025-11-20,39.19,32.098412,2.500741,187466732221.53,157832241417.63,4783534887,4027360077,False
2025-11-21,38.07,31.181081,2.429273,182109173148.09,153321598131.39,4783534887,4027360077,False
2025-11-24,38.65,31.656127,2.466284,184883623382.55,155657466976.05,4783534887,4027360077,False
2025-11-25,39.86,32.647173,2.543495,190671700595.82,160530572669.22,4783534887,4027360077,False
2025-11-26,40.97,33.556314,2.614324,195981424320.39,165000942354.69,4783534887,4027360077,False
2025-11-27,42.3,34.645645,2.699193,202343525720.1,170357331257.1,4783534887,4027360077,False
2025-11-28,42.09,34.473646,2.685792,201338983393.83,169511585640.93,4783534887,4027360077,False
2025-12-01,46.3,37.921829,2.954436,221477665268.1,186466771565.1,4783534887,4027360077,False
2025-12-02,45.5,37.266592,2.903387,217650837358.5,183244883503.5,4783534887,4027360077,False
2025-12-03,43.3,35.464691,2.763003,207127060607.1,174384691334.1,4783534887,4027360077,False
2025-12-04,42.92,35.153454,2.738755,205309317350.04,172854294504.84,4783534887,4027360077,False
2025-12-05,41.95,34.358979,2.676859,200669288509.65,168947755230.15,4783534887,4027360077,False
2025-12-08,42.23,34.588312,2.694726,202008678278.01,170075416051.71,4783534887,4027360077,False
2025-12-09,42.37,34.702978,2.703659,202678373162.19,170639246462.49,4783534887,4027360077,False
2025-12-10,42.02,34.416312,2.681326,201004135951.74,169229670435.54,4783534887,4027360077,False
2025-12-11,37.82,30.976319,2.413321,180913289426.34,152314758112.14,4783534887,4027360077,False
2025-12-12,37.75,30.918986,2.408854,180578441984.25,152042701508.0,4783534887,4027621232,False
2025-12-15,36.84,30.173654,2.350786,176225425237.08,148377566186.88,4783534887,4027621232,False
2025-12-16,35.77,29.297275,2.282509,171107042907.99,144068011468.64,4783534887,4027621232,False
2025-12-17,36.96,30.27194,2.358444,176799449423.52,148860880734.72,4783534887,4027621232,False
2025-12-18,36.52,29.911559,2.330367,174694694073.24,147088727392.64,4783534887,4027621232,False
2025-12-19,37.03,30.329273,2.36291,177134296865.61,149142814220.96,4783534887,4027621232,False
2025-12-22,37.37,30.607749,2.384606,178760698727.19,150512205439.84,4783534887,4027621232,False
2025-12-23,37.19,30.46032,2.37312,177899662447.53,149787233618.08,4783534887,4027621232,False
2025-12-24,38.27,31.34489,2.442036,183065880125.49,154137064548.64,4783534887,4027621232,False
2025-12-25,38.11,31.213843,2.431826,182300514543.57,153492645151.52,4783534887,4027621232,False
2025-12-26,37.9,31.041843,2.418426,181295972217.3,152646844692.8,4783534887,4027621232,False
2025-12-29,37.48,30.697844,2.391625,179286887564.76,150955243775.36,4783534887,4027621232,False
2025-12-30,37.27,30.525844,2.378225,178282345238.49,150109443316.64,4783534887,4027621232,False
2025-12-31,37.84,30.9927,2.414597,181008960124.08,152405187418.88,4783534887,4027621232,False
2026-01-05,38.25,31.328509,2.440759,182970209427.75,154056512124.0,4783534887,4027621232,False
2026-01-06,39.27,32.163936,2.505846,187849415012.49,158164685780.64,4783534887,4027621232,False
2026-01-07,38.92,31.87727,2.483513,186175177802.04,156755018349.44,4783534887,4027621232,False
2026-01-08,39.99,32.753649,2.55179,191293560131.13,161064573067.68,4783534887,4027621232,False
2026-01-09,40.23,32.95022,2.567105,192441608504.01,162031202163.36,4783534887,4027621232,False
2026-01-12,42.44,34.760312,2.708126,203013220604.28,170932245086.08,4783534887,4027621232,False
2026-01-13,40.28,32.991172,2.570295,192680785248.36,162232583224.96,4783534887,4027621232,False
2026-01-14,40.39,33.081267,2.577314,193206974085.93,162675621560.48,4783534887,4027621232,False
2026-01-15,39.84,32.630792,2.542218,190576029898.08,160460429882.88,4783534887,4027621232,False
2026-01-16,40.02,32.77822,2.553704,191437066177.74,161185401704.64,4783534887,4027621232,False
2026-01-19,39.55,32.393269,2.523713,189188804780.85,159292419725.6,4783534887,4027621232,False
2026-01-20,38.59,31.606985,2.462455,184596611289.33,155425903342.88,4783534887,4027621232,False
2026-01-21,39.52,32.368697,2.521799,189045298734.24,159171591088.64,4783534887,4027621232,False
2026-01-22,39.79,32.58984,2.539028,190336853153.73,160259048821.28,4783534887,4027621232,False
2026-01-23,40.11,32.851935,2.559447,191867584317.57,161547887615.52,4783534887,4027621232,False
2026-01-26,39.5,32.352316,2.520523,188949628036.5,159091038664.0,4783534887,4027621232,False
2026-01-27,40.2,32.925649,2.56519,192298102457.4,161910373526.4,4783534887,4027621232,False
2026-01-28,39.65,32.475173,2.530094,189667158269.55,159695181848.8,4783534887,4027621232,False
2026-01-29,39.51,32.360507,2.521161,188997463385.37,159131314876.32,4783534887,4027621232,False
2026-01-30,38.49,31.52508,2.456074,184118257800.63,155023141219.68,4783534887,4027621232,False
2026-02-02,37.08,30.370225,2.366101,177373473609.96,149344195282.56,4783534887,4027621232,False
2026-02-03,37.26,30.517653,2.377587,178234509889.62,150069167104.32,4783534887,4027621232,False
2026-02-04,37.12,30.402987,2.368653,177564815005.44,149505300131.84,4783534887,4027621232,False
2026-02-05,36.57,29.952512,2.333557,174933870817.59,147290108454.24,4783534887,4027621232,False
2026-02-06,36.31,29.73956,2.316967,173690151746.97,146242926933.92,4783534887,4027621232,False
2026-02-09,37.27,30.525844,2.378225,178282345238.49,150109443316.64,4783534887,4027621232,False
2026-02-10,37.58,30.779748,2.398006,179765241053.46,151358005898.56,4783534887,4027621232,False
2026-02-11,37.35,30.591368,2.38333,178665028029.45,150431653015.2,4783534887,4027621232,False
2026-02-12,37.53,30.738796,2.394816,179526064309.11,151156624836.96,4783534887,4027621232,False
2026-02-13,37.16,30.435749,2.371206,177756156400.92,149666404981.12,4783534887,4027621232,False
2026-02-24,37.77,30.935367,2.41013,180674112681.99,152123253932.64,4783534887,4027621232,False
2026-02-25,37.96,31.090986,2.422254,181582984310.52,152888501966.72,4783534887,4027621232,False
2026-02-26,38.57,31.590604,2.461179,184500940591.59,155345350918.24,4783534887,4027621232,False
2026-02-27,38.65,31.656127,2.466284,184883623382.55,155667560616.8,4783534887,4027621232,False
2026-03-02,37.84,30.9927,2.414597,181008960124.08,152405187418.88,4783534887,4027621232,False
2026-03-03,36.75,30.09994,2.345043,175794907097.25,148015080276.0,4783534887,4027621232,False
2026-03-04,36.97,30.28013,2.359082,176847284772.39,148901156947.04,4783534887,4027621232,False
2026-03-05,37.88,31.025462,2.417149,181200301519.56,152566292268.16,4783534887,4027621232,False
2026-03-06,37.4,30.63232,2.38652,178904204773.8,150633034076.8,4783534887,4027621232,False
2026-03-09,35.7,30.398709,2.267932,170772195465.9,143786077982.4,4783534887,4027621232,False
2026-03-10,36.87,31.394969,2.342259,176368931283.69,148498394823.84,4783534887,4027621232,False
2026-03-11,37.12,31.607845,2.358141,177564815005.44,149505300131.84,4783534887,4027621232,False
2026-03-12,37.12,31.607845,2.358141,177564815005.44,149505300131.84,4783534887,4027621232,False
2026-03-13,36.46,31.045852,2.316213,174407681980.02,146847070118.72,4783534887,4027621232,False
2026-03-16,36.5,31.079913,2.318754,174599023375.5,147008174968.0,4783534887,4027621232,False
2026-03-17,35.83,30.509405,2.27619,171394055001.21,144309668742.56,4783534887,4027621232,False
2026-03-18,36.25,30.867036,2.302872,173403139653.75,146001269660.0,4783534887,4027621232,False
2026-03-19,35.35,30.100682,2.245697,169097958255.45,142376410551.2,4783534887,4027621232,False
2026-03-20,34.27,29.181058,2.177088,163931740577.49,138026579620.64,4783534887,4027621232,False
2026-03-23,32.05,27.290718,2.036056,153312293128.35,129085260485.6,4783534887,4027621232,False
2026-03-24,32.92,28.031527,2.091325,157473968480.04,132589290957.44,4783534887,4027621232,False
2026-03-25,33.45,28.482824,2.124995,160009241970.15,134723930210.4,4783534887,4027621232,False
2026-03-26,32.68,27.827166,2.076079,156325920107.16,131622661861.76,4783534887,4027621232,False
2026-03-27,32.68,27.827166,2.076079,156325920107.16,131622661861.76,4783534887,4027621232,False
2026-03-30,32.59,27.75053,2.070361,155895401967.33,131260175950.88,4783534887,4027621232,False
2026-03-31,32.44,27.622804,2.060832,155177871734.28,130656032766.08,4783534887,4027621232,False
2026-04-01,32.99,28.091132,2.095772,157808815922.13,132871224443.68,4783534887,4027621232,False
2026-04-02,32.05,27.290718,2.036056,153312293128.35,129085260485.6,4783534887,4027621232,False
2026-04-03,32.08,27.316263,2.037962,153455799174.96,129206089122.56,4783534887,4027621232,False
2026-04-07,32.34,27.537654,2.054479,154699518245.58,130253270642.88,4783534887,4027621232,False
2026-04-08,34.04,28.985212,2.162476,162831527553.48,137100226737.28,4783534887,4027621232,False
2026-04-09,35.56,30.279498,2.259038,170102500581.72,143222211009.92,4783534887,4027621232,False
2026-04-10,35.79,30.475344,2.273649,171202713605.73,144148563893.28,4783534887,4027621232,False
2026-04-13,35.72,30.415739,2.269202,170867866163.64,143866630407.04,4783534887,4027621232,False
2026-04-14,35.83,30.509405,2.27619,171394055001.21,144309668742.56,4783534887,4027621232,False
2026-04-15,35.21,29.981472,2.236803,168428263371.27,141812543578.72,4783534887,4027621232,False
2026-04-16,35.4,30.143258,2.248874,169337134999.8,142577791612.8,4783534887,4027621232,False
2026-04-17,35.33,30.083652,2.244427,169002287557.71,142295858126.56,4783534887,4027621232,False
2026-04-20,35.83,30.509405,2.27619,171394055001.21,144309668742.56,4783534887,4027621232,False
2026-04-21,35.2,29.972957,2.236168,168380428022.4,141772267366.4,4783534887,4027621232,False
2026-04-22,37.34,31.795176,2.372117,178617192680.58,150391376802.88,4783534887,4027621232,False
2026-04-23,36.85,31.377939,2.340988,176273260585.95,148417842399.2,4783534887,4027621232,False
2026-04-24,36.38,30.977732,2.311131,174024999189.06,146524860420.16,4783534887,4027621232,False
2026-04-27,37.26,39.8288,2.3203,178234509890.0,150069167104.0,4783534887,4027621231,False
2026-04-28,36.01,38.4926,2.2425,172255091281.0,145034640564.0,4783534887,4027621231,False
2026-04-29,36.42,38.9309,2.268,174216340585.0,146685965269.0,4783534887,4027621231,False
2026-04-30,36.7,39.2302,2.2855,175555730353.0,147813699214.0,4783534887,4027621231,False
2026-05-06,38.25,40.887,2.382,182970209428.0,154056512124.0,4783534887,4027621231,False
2026-05-07,38.9,41.5819,2.4225,186079507104.0,156674465925.0,4783534887,4027621231,False
2026-05-08,38.68,41.3467,2.4088,185027129429.0,155788389254.0,4783534887,4027621231,False
2026-05-11,39.11,41.8063,2.4355,187084049431.0,157520266384.0,4783534887,4027621231,False
2026-05-12,38.09,40.716,2.372,182204843846.0,153412092727.0,4783534887,4027621231,False
2026-05-13,38.83,41.507,2.4181,185744659662.0,156392532439.0,4783534887,4027621231,False
2026-05-14,37.56,40.1495,2.339,179669570356.0,151277453474.0,4783534887,4027621231,False
2026-05-15,36.71,39.2409,2.2861,175603565702.0,147853975427.0,4783534887,4027621231,False
2026-05-18,37.51,40.096,2.3359,179430393611.0,151076072412.0,4783534887,4027621231,False
2026-05-19,37.65,40.2457,2.3446,180100088496.0,151639939385.0,4783534887,4027621231,False
2026-05-20,37.18,39.7433,2.3154,177851827099.0,149746957406.0,4783534887,4027621231,False
2026-05-21,34.83,37.2313,2.169,166610520114.0,140282047511.0,4783534887,4027621231,False
2026-05-22,35.64,38.0971,2.2195,170485183373.0,143544420708.0,4783534887,4027621231,False
2026-05-25,36.27,38.7705,2.2587,173498810351.0,146081822085.0,4783534887,4027621231,False
2026-05-26,35.54,37.9902,2.2132,170006829884.0,143141658585.0,4783534887,4027621231,False
2026-05-27,34.82,37.2206,2.1684,166562684765.0,140241771298.0,4783534887,4027621231,False
2026-05-28,38.3,40.9405,2.3851,183209386172.0,154257893186.0,4783534887,4027621231,False
2026-05-29,36.72,39.2516,2.2867,175651401051.0,147894251639.0,4783534887,4027621231,False
2026-06-01,35.1,37.5199,2.1858,167902074534.0,141369505243.0,4783534887,4027621231,False
2026-06-02,36.3,38.8026,2.2606,173642316398.0,146202650722.0,4783534887,4027621231,False
2026-06-03,36.44,38.9523,2.2693,174312011282.0,146766517694.0,4783534887,4027621231,False
2026-06-04,37.74,40.3419,2.3502,180530606635.0,152002425296.0,4783534887,4027621231,False
2026-06-05,39.13,41.8277,2.4368,187179720128.0,157600818808.0,4783534887,4027621231,False
2026-06-08,36.81,39.3478,2.2923,176081919190.0,148256737550.0,4783534887,4027621231,False
2026-06-09,39.14,41.8384,2.4374,187227555477.0,157641095020.0,4783534887,4027621231,False
2026-06-10,38.42,41.0688,2.3926,183783410359.0,154741207733.0,4783534887,4027621231,False
2026-06-11,37.81,40.4167,2.3546,180865454077.0,152284358782.0,4783534887,4027621231,False
2026-06-12,36.35,38.8561,2.2637,173881493142.0,146404031783.0,4783534887,4027621231,False
2026-06-15,37.22,39.786,2.3217,178043168978.0,149908061064.0,4783534887,4027621231,False
2026-06-16,38.0,40.6198,2.3703,181774326200.0,153049605600.0,4783534887,4027621231,False
2026-06-17,37.64,40.235,2.3479,180052253636.0,151599661968.0,4783534887,4027621231,False
2026-06-18,37.89,40.5022,2.3635,181248137361.0,152606567268.0,4783534887,4027621231,False
2026-06-22,39.43,42.1484,2.4595,188614781107.0,158809103916.0,4783534887,4027621231,False
2026-06-23,38.01,40.6305,2.371,181822161549.0,153089881812.0,4783534887,4027621231,False
2026-06-24,37.42,40.0,2.33,179000000000.0,150714000000.0,4783534887,4027621232,False
2026-06-25,38.44,41.09,2.4,183879000000.0,154822000000.0,4783534887,4027621232,False
2026-06-26,35.67,38.13,2.22,170629000000.0,143665000000.0,4783534887,4027621232,False
2026-06-29,35.2,37.63,2.2,168380000000.0,141772000000.0,4783534887,4027621232,False
2026-06-30,36.19,38.69,2.26,173116000000.0,145760000000.0,4783534887,4027621232,False
2026-07-01,37.18,39.74,2.32,177852000000.0,149747000000.0,4783534887,4027621232,False
2026-07-02,35.32,37.76,2.2,168954000000.0,142256000000.0,4783534887,4027621232,False
2026-07-03,36.38,38.89,2.27,174025000000.0,146525000000.0,4783534887,4027621232,False
2026-07-06,36.28,38.78,2.26,173547000000.0,146122000000.0,4783534887,4027621232,False
2026-07-07,35.79,38.26,2.23,171203000000.0,144149000000.0,4783534887,4027621232,False
2026-07-08,36.87,39.41,2.3,176369000000.0,148498000000.0,4783534887,4027621232,False
2026-07-09,40.33,43.11,2.52,192920000000.0,162434000000.0,4783534887,4027621232,False
2026-07-10,40.53,43.32,2.53,193877000000.0,163239000000.0,4783534887,4027621232,False
2026-07-13,40.04,42.8,2.5,191533000000.0,161266000000.0,4783534887,4027621232,False
2026-07-14,39.91,42.66,2.49,190911000000.0,160742000000.0,4783534887,4027621232,False
2026-07-15,39.45,42.17,2.46,188710000000.0,158890000000.0,4783534887,4027621232,False
2026-07-16,40.0,42.76,2.5,191341000000.0,161105000000.0,4783534887,4027621232,False
2026-07-17,36.0,38.48,2.25,172207000000.0,144994000000.0,4783534887,4027621232,False
2026-07-20,33.73,36.06,2.1,161349000000.0,135852000000.0,4783534887,4027621232,False
2026-07-21,34.88,37.28,2.18,166850000000.0,140483000000.0,4783534887,4027621232,False
2026-07-22,37.5,40.09,2.34,179383000000.0,151036000000.0,4783534887,4027621232,False
2026-07-23,35.92,38.4,2.24,171825000000.0,144672000000.0,4783534887,4027621232,False
2026-07-24,35.0,37.41,2.18,167424000000.0,140967000000.0,4783534887,4027621232,False
2026-07-27,35.25,37.68,2.2,168620000000.0,141974000000.0,4783534887,4027621232,False
2026-07-28,34.03,36.38,2.12,162784000000.0,137060000000.0,4783534887,4027621232,False
2026-07-29,34.08,36.43,2.18,163023000000.0,137261000000.0,4783534887,4027621232,False
2026-07-30,33.3,35.6,2.13,159292000000.0,134120000000.0,4783534887,4027621232,False
2026-07-31,33.81,36.14,2.16,161731000000.0,136174000000.0,4783534887,4027621232,False
2026-08-03,34.02,36.37,2.18,162736000000.0,137020000000.0,4783534887,4027621232,False
2026-08-04,34.37,36.74,2.2,164410000000.0,138429000000.0,4783534887,4027621232,False
2026-08-05,34.74,37.14,2.22,166180000000.0,139920000000.0,4783534887,4027621232,False
2026-08-06,34.7,37.09,2.22,165989000000.0,139758000000.0,4783534887,4027621232,False
2026-08-07,34.7,37.09,2.22,165989000000.0,139758000000.0,4783534887,4027621232,False
2026-08-10,34.3,36.66,2.2,164075000000.0,138147000000.0,4783534887,4027621232,False
2026-08-11,34.19,36.55,2.19,163549000000.0,137704000000.0,4783534887,4027621232,False
2026-08-12,35.59,38.04,2.28,170246000000.0,143343000000.0,4783534887,4027621232,False
2026-08-13,35.08,37.5,2.25,167806000000.0,141289000000.0,4783534887,4027621232,False
2026-08-14,35.05,37.47,2.24,167663000000.0,141168000000.0,4783534887,4027621232,False
2026-08-17,36.02,38.5,2.31,172303000000.0,145075000000.0,4783534887,4027621232,False
2026-08-18,35.11,37.53,2.25,167950000000.0,141410000000.0,4783534887,4027621232,False
2026-08-19,33.67,35.99,2.16,161062000000.0,135610000000.0,4783534887,4027621232,False
2026-08-20,33.84,36.17,2.17,161875000000.0,136295000000.0,4783534887,4027621232,False
2026-08-21,33.78,36.11,2.16,161588000000.0,136053000000.0,4783534887,4027621232,False
2026-08-24,33.13,47.84,2.1,158479000000.0,133435000000.0,4783534887,4027621232,False
2026-08-25,33.42,48.25,2.12,159866000000.0,134603000000.0,4783534887,4027621232,False
2026-08-26,33.54,48.43,2.13,160440000000.0,135086000000.0,4783534887,4027621232,False
2026-08-27,33.96,49.03,2.16,162449000000.0,136778000000.0,4783534887,4027621232,False
2026-08-28,33.63,48.56,2.14,160870000000.0,135449000000.0,4783534887,4027621232,False
