date,close,pe_ttm,pb,total_mv,float_mv,total_share,float_share,is_st
2020-01-02,6.57,20.503066,1.30389,6349870224.99,4645149618.15,966494707,707024295,False
2020-01-03,6.55,20.440652,1.299921,6330540330.85,4631009132.25,966494707,707024295,False
2020-01-06,6.55,20.440652,1.299921,6330540330.85,4631009132.25,966494707,707024295,False
2020-01-07,6.62,20.659102,1.313813,6398194960.34,4680500832.9,966494707,707024295,False
2020-01-08,6.49,20.253409,1.288013,6272550648.43,4588587674.55,966494707,707024295,False
2020-01-09,6.57,20.503066,1.30389,6349870224.99,4645149618.15,966494707,707024295,False
2020-01-10,6.54,20.409445,1.297936,6320875383.78,4623938889.3,966494707,707024295,False
2020-01-13,6.49,20.253409,1.288013,6272550648.43,4588587674.55,966494707,707024295,False
2020-01-14,6.47,20.190995,1.284044,6253220754.29,4574447188.65,966494707,707024295,False
2020-01-15,6.33,19.754096,1.256259,6117911495.31,4475463787.35,966494707,707024295,False
2020-01-16,6.26,19.535646,1.242367,6050256865.82,4425972086.7,966494707,707024295,False
2020-01-17,6.23,19.442025,1.236413,6021262024.61,4404761357.85,966494707,707024295,False
2020-01-20,6.34,19.785303,1.258244,6127576442.38,4482534030.3,966494707,707024295,False
2020-01-21,6.55,20.440652,1.299921,6330540330.85,4631009132.25,966494707,707024295,False
2020-01-22,6.3,19.660474,1.250305,6088916654.1,4454253058.5,966494707,707024295,False
2020-01-23,6.5,20.284616,1.289998,6282215595.5,4595657917.5,966494707,707024295,False
2020-02-03,6.93,21.626522,1.375336,6697808319.51,4899678364.35,966494707,707024295,False
2020-02-04,6.83,21.314451,1.35549,6601158848.81,4828975934.85,966494707,707024295,False
2020-02-05,7.29,22.749977,1.446782,7045746414.03,5154207110.55,966494707,707024295,False
2020-02-06,7.3,22.781184,1.448766,7055411361.1,5161277353.5,966494707,707024295,False
2020-02-07,6.95,21.688936,1.379305,6717138213.65,4913818850.25,966494707,707024295,False
2020-02-10,6.77,21.127208,1.343582,6543169166.39,4786554477.15,966494707,707024295,False
2020-02-11,7.03,21.938593,1.395182,6794457790.21,4970380793.85,966494707,707024295,False
2020-02-12,6.92,21.595315,1.373351,6688143372.44,4892608121.4,966494707,707024295,False
2020-02-13,6.74,21.033587,1.337628,6514174325.18,4765343748.3,966494707,707024295,False
2020-02-14,6.67,20.815137,1.323736,6446519695.69,4715852047.65,966494707,707024295,False
2020-02-17,6.96,21.720143,1.38129,6726803160.72,4920889093.2,966494707,707024295,False
2020-02-18,6.86,21.408072,1.361444,6630153690.02,4850186663.7,966494707,707024295,False
2020-02-19,6.78,21.408072,1.361444,6552834113.46,4793624720.1,966494707,707024295,False
2020-02-20,6.85,21.376865,1.359459,6620488742.95,4843116420.75,966494707,707024295,False
2020-02-21,6.77,21.127208,1.343582,6543169166.39,4786554477.15,966494707,707024295,False
2020-02-24,6.72,20.971173,1.333659,6494844431.04,4751203262.4,966494707,707024295,False
2020-02-25,6.59,20.56548,1.307859,6369200119.13,4659290104.05,966494707,707024295,False
2020-02-26,6.47,20.190995,1.284044,6253220754.29,4574447188.65,966494707,707024295,False
2020-02-27,6.51,20.315823,1.291982,6291880542.57,4602728160.45,966494707,707024295,False
2020-02-28,6.26,19.535646,1.242367,6050256865.82,4425972086.7,966494707,707024295,False
2020-03-02,6.37,19.878924,1.264198,6156571283.59,4503744759.15,966494707,707024295,False
2020-03-03,6.42,20.034959,1.274121,6204896018.94,4539095973.9,966494707,707024295,False
2020-03-04,6.36,19.847717,1.262213,6146906336.52,4496674516.2,966494707,707024295,False
2020-03-05,6.39,19.941338,1.268167,6175901177.73,4517885245.05,966494707,707024295,False
2020-03-06,6.42,20.034959,1.274121,6204896018.94,4539095973.9,966494707,707024295,False
2020-03-09,6.28,19.59806,1.246336,6069586759.96,4440112572.6,966494707,707024295,False
2020-03-10,6.29,19.629267,1.248321,6079251707.03,4447182815.55,966494707,707024295,False
2020-03-11,6.16,19.223575,1.222521,5953607395.12,4355269657.2,966494707,707024295,False
2020-03-12,6.0,18.724261,1.190767,5798968242.0,4242145770.0,966494707,707024295,False
2020-03-13,5.92,18.474604,1.17489,5721648665.44,4185583826.4,966494707,707024295,False
2020-03-16,5.83,18.19374,1.157029,5634664141.81,4121951639.85,966494707,707024295,False
2020-03-17,5.74,17.912877,1.139167,5547679618.18,4058319453.3,966494707,707024295,False
2020-03-18,5.65,17.632013,1.121306,5460695094.55,3994687266.75,966494707,707024295,False
2020-03-19,5.54,17.288735,1.099475,5354380676.78,3916914594.3,966494707,707024295,False
2020-03-20,5.75,17.944084,1.141152,5557344565.25,4065389696.25,966494707,707024295,False
2020-03-23,5.78,18.037705,1.147105,5586339406.46,4086600425.1,966494707,707024295,False
2020-03-24,5.75,17.944084,1.141152,5557344565.25,4065389696.25,966494707,707024295,False
2020-03-25,5.83,18.19374,1.157029,5634664141.81,4121951639.85,966494707,707024295,False
2020-03-26,5.85,18.256155,1.160998,5653994035.95,4136092125.75,966494707,707024295,False
2020-03-27,5.75,17.944084,1.141152,5557344565.25,4065389696.25,966494707,707024295,False
2020-03-30,5.62,17.538391,1.115352,5431700253.34,3973476537.9,966494707,707024295,False
2020-03-31,5.58,17.413563,1.107413,5393040465.06,3945195566.1,966494707,707024295,False
2020-04-01,5.51,17.195113,1.093521,5325385835.57,3895703865.45,966494707,707024295,False
2020-04-02,5.54,17.288735,1.099475,5354380676.78,3916914594.3,966494707,707024295,False
2020-04-03,5.52,17.22632,1.095506,5335050782.64,3902774108.4,966494707,707024295,False
2020-04-07,5.71,17.819255,1.133213,5518684776.97,4037108724.45,966494707,707024295,False
2020-04-08,5.75,17.944084,1.141152,5557344565.25,4065389696.25,966494707,707024295,False
2020-04-09,5.76,17.975291,1.143136,5567009512.32,4072459939.2,966494707,707024295,False
2020-04-10,5.9,18.41219,1.170921,5702318771.3,4171443340.5,966494707,707024295,False
2020-04-13,5.7,17.788048,1.131229,5509019829.9,4030038481.5,966494707,707024295,False
2020-04-14,5.75,17.944084,1.141152,5557344565.25,4065389696.25,966494707,707024295,False
2020-04-15,6.33,19.754096,1.256259,6117911495.31,4475463787.35,966494707,707024295,False
2020-04-16,6.52,20.34703,1.293967,6301545489.64,4609798403.4,966494707,707024295,False
2020-04-17,6.12,19.098746,1.214582,5914947606.84,4326988685.4,966494707,707024295,False
2020-04-20,6.11,19.067539,1.212598,5905282659.77,4319918442.45,966494707,707024295,False
2020-04-21,5.96,18.599433,1.182829,5760308453.72,4213864798.2,966494707,707024295,False
2020-04-22,5.98,18.661847,1.186798,5779638347.86,4228005284.1,966494707,707024295,False
2020-04-23,5.99,18.693054,1.188782,5789303294.93,4235075527.05,966494707,707024295,False
2020-04-24,5.71,17.819255,1.133213,5518684776.97,4037108724.45,966494707,707024295,False
2020-04-27,5.58,17.413563,1.107413,5393040465.06,3945195566.1,966494707,707024295,False
2020-04-28,5.62,17.538391,1.115352,5431700253.34,3973476537.9,966494707,707024295,False
2020-04-29,5.47,-2.473621,2.04396,5286726047.29,3867422893.65,966494707,707024295,False
2020-04-30,5.46,-2.469099,2.040223,5277061100.22,3860352650.7,966494707,707024295,False
2020-05-06,5.53,-2.500754,2.06638,5344715729.71,3909844351.35,966494707,707024295,False
2020-05-07,5.57,-2.518842,2.081327,5383375517.99,3938125323.15,966494707,707024295,False
2020-05-08,5.54,-2.505276,2.070117,5354380676.78,3916914594.3,966494707,707024295,False
2020-05-11,5.49,-2.482665,2.051433,5306055941.43,3881563379.55,966494707,707024295,False
2020-05-12,5.46,-2.469099,2.040223,5277061100.22,3860352650.7,966494707,707024295,False
2020-05-13,5.46,-2.469099,2.040223,5277061100.22,3860352650.7,966494707,707024295,False
2020-05-14,5.44,-2.460054,2.03275,5257731206.08,3846212164.8,966494707,707024295,False
2020-05-15,5.35,-2.419355,1.99912,5170746682.45,3782579978.25,966494707,707024295,False
2020-05-18,5.24,-2.369611,1.958017,5064432264.68,3704807305.8,966494707,707024295,False
2020-05-19,5.29,-2.392222,1.9767,5112757000.03,3740158520.55,966494707,707024295,False
2020-05-20,5.25,-2.374133,1.961753,5074097211.75,3711877548.75,966494707,707024295,False
2020-05-21,5.03,-2.274646,1.879547,4861468376.21,3556332203.85,966494707,707024295,False
2020-05-22,4.85,-2.193247,1.812286,4687499328.95,3429067830.75,966494707,707024295,False
2020-05-25,4.86,-2.197769,1.816023,4697164276.02,3436138073.7,966494707,707024295,False
2020-05-26,4.9,-2.215858,1.83097,4735824064.3,3464419045.5,966494707,707024295,False
2020-05-27,4.86,-2.197769,1.816023,4697164276.02,3436138073.7,966494707,707024295,False
2020-05-28,4.84,-2.188725,1.80855,4677834381.88,3421997587.8,966494707,707024295,False
2020-05-29,4.93,-2.229424,1.84218,4764818905.51,3485629774.35,966494707,707024295,False
2020-06-01,5.03,-2.274646,1.879547,4861468376.21,3556332203.85,966494707,707024295,False
2020-06-02,5.11,-2.310823,1.90944,4938787952.77,3612894147.45,966494707,707024295,False
2020-06-03,5.09,-2.301779,1.901967,4919458058.63,3598753661.55,966494707,707024295,False
2020-06-04,5.0,-2.261079,1.868337,4832473535.0,3535121475.0,966494707,707024295,False
2020-06-05,4.99,-2.256557,1.8646,4822808587.93,3528051232.05,966494707,707024295,False
2020-06-08,4.96,-2.242991,1.85339,4793813746.72,3506840503.2,966494707,707024295,False
2020-06-09,4.96,-2.242991,1.85339,4793813746.72,3506840503.2,966494707,707024295,False
2020-06-10,4.89,-2.211336,1.827233,4726159117.23,3457348802.55,966494707,707024295,False
2020-06-11,4.83,-2.184203,1.804813,4668169434.81,3414927344.85,966494707,707024295,False
2020-06-12,4.79,-2.166114,1.789866,4629509646.53,3386646373.05,966494707,707024295,False
2020-06-15,4.9,-2.215858,1.83097,4735824064.3,3464419045.5,966494707,707024295,False
2020-06-16,4.93,-2.229424,1.84218,4764818905.51,3485629774.35,966494707,707024295,False
2020-06-17,5.03,-2.274646,1.879547,4861468376.21,3556332203.85,966494707,707024295,False
2020-06-18,4.92,-2.224902,1.838443,4755153958.44,3478559531.4,966494707,707024295,False
2020-06-19,4.97,-2.247513,1.857126,4803478693.79,3513910746.15,966494707,707024295,False
2020-06-22,4.97,-2.247513,1.857126,4803478693.79,3513910746.15,966494707,707024295,False
2020-06-23,4.89,-2.211336,1.827233,4726159117.23,3457348802.55,966494707,707024295,False
2020-06-24,4.83,-2.184203,1.804813,4668169434.81,3414927344.85,966494707,707024295,False
2020-06-29,4.81,-2.175158,1.79734,4648839540.67,3400786858.95,966494707,707024295,False
2020-06-30,4.82,-2.17968,1.801076,4658504487.74,3407719370.4,966494707,706995720,False
2020-07-01,4.77,-2.15707,1.782393,4610179752.39,3372369584.4,966494707,706995720,False
2020-07-02,4.84,-2.188725,1.80855,4677834381.88,3421859284.8,966494707,706995720,False
2020-07-03,4.91,-2.22038,1.834706,4745489011.37,3471348985.2,966494707,706995720,False
2020-07-06,5.08,-2.297257,1.89823,4909793111.56,3591538257.6,966494707,706995720,False
2020-07-07,5.11,-2.310823,1.90944,4938787952.77,3612748129.2,966494707,706995720,False
2020-07-08,5.15,-2.328912,1.924387,4977447741.05,3641027958.0,966494707,706995720,False
2020-07-09,5.34,-2.414833,1.995383,5161081735.38,3775357144.8,966494707,706995720,False
2020-07-10,5.2,-2.351522,1.94307,5025772476.4,3676377744.0,966494707,706995720,False
2020-07-13,5.35,-2.419355,1.99912,5170746682.45,3782427102.0,966494707,706995720,False
2020-07-14,5.42,-2.45101,2.025277,5238401311.94,3831916802.4,966494707,706995720,False
2020-07-15,5.2,-2.351522,1.94307,5025772476.4,3676377744.0,966494707,706995720,False
2020-07-16,5.0,-2.261079,1.868337,4832473535.0,3534978600.0,966494707,706995720,False
2020-07-17,4.98,-2.252035,1.860863,4813143640.86,3520838685.6,966494707,706995720,False
2020-07-20,5.05,-2.28369,1.88702,4880798270.35,3570328386.0,966494707,706995720,False
2020-07-21,5.13,-2.319867,1.916913,4958117846.91,3626888043.6,966494707,706995720,False
2020-07-22,5.12,-2.315345,1.913177,4948452899.84,3619818086.4,966494707,706995720,False
2020-07-23,5.02,-2.270124,1.87581,4851803429.14,3549118514.4,966494707,706995720,False
2020-07-24,4.86,-2.197769,1.816023,4697164276.02,3435999199.2,966494707,706995720,False
2020-07-27,4.89,-2.211336,1.827233,4726159117.23,3457209070.8,966494707,706995720,False
2020-07-28,4.89,-2.211336,1.827233,4726159117.23,3457209070.8,966494707,706995720,False
2020-07-29,5.18,-2.342478,1.935597,5006442582.26,3662237829.6,966494707,706995720,False
2020-07-30,5.16,-2.333434,1.928123,4987112688.12,3648097915.2,966494707,706995720,False
2020-07-31,5.28,-2.3877,1.972963,5103092052.96,3732937401.6,966494707,706995720,False
2020-08-03,5.33,-2.410311,1.991647,5151416788.31,3768287187.6,966494707,706995720,False
2020-08-04,5.29,-2.392222,1.9767,5112757000.03,3740007358.8,966494707,706995720,False
2020-08-05,5.3,-2.396744,1.980437,5122421947.1,3747077316.0,966494707,706995720,False
2020-08-06,5.22,-2.360567,1.950543,5045102370.54,3690517658.4,966494707,706995720,False
2020-08-07,5.14,-2.32439,1.92065,4967782793.98,3633958000.8,966494707,706995720,False
2020-08-10,5.19,-2.347,1.939333,5016107529.33,3669307786.8,966494707,706995720,False
2020-08-11,5.13,-2.319867,1.916913,4958117846.91,3626888043.6,966494707,706995720,False
2020-08-12,5.05,-2.28369,1.88702,4880798270.35,3570328386.0,966494707,706995720,False
2020-08-13,5.12,-2.315345,1.913177,4948452899.84,3619818086.4,966494707,706995720,False
2020-08-14,5.2,-2.351522,1.94307,5025772476.4,3676377744.0,966494707,706995720,False
2020-08-17,5.29,-2.392222,1.9767,5112757000.03,3740007358.8,966494707,706995720,False
2020-08-18,5.28,-2.3877,1.972963,5103092052.96,3732937401.6,966494707,706995720,False
2020-08-19,5.26,-2.378655,1.96549,5083762158.82,3718797487.2,966494707,706995720,False
2020-08-20,5.25,-2.271715,1.984017,5074097211.75,3711727530.0,966494707,706995720,False
2020-08-21,5.19,-2.245753,1.961342,5016107529.33,3669307786.8,966494707,706995720,False
2020-08-24,5.18,-2.241426,1.957563,5006442582.26,3662237829.6,966494707,706995720,False
2020-08-25,5.18,-2.241426,1.957563,5006442582.26,3662237829.6,966494707,706995720,False
2020-08-26,5.15,-2.228445,1.946226,4977447741.05,3641027958.0,966494707,706995720,False
2020-08-27,5.13,-2.219791,1.938668,4958117846.91,3626888043.6,966494707,706995720,False
2020-08-28,5.3,-2.293351,2.002912,5122421947.1,3747077316.0,966494707,706995720,False
2020-08-31,5.34,-2.310659,2.018028,5161081735.38,3775357144.8,966494707,706995720,False
2020-09-01,5.25,-2.271715,1.984017,5074097211.75,3711727530.0,966494707,706995720,False
2020-09-02,5.39,-2.332295,2.036924,5209406470.73,3810706930.8,966494707,706995720,False
2020-09-03,5.58,-2.414509,2.108726,5393040465.06,3945036117.6,966494707,706995720,False
2020-09-04,5.47,-2.366911,2.067157,5286726047.29,3867266588.4,966494707,706995720,False
2020-09-07,5.51,-2.38422,2.082273,5325385835.57,3895546417.2,966494707,706995720,False
2020-09-08,5.45,-2.358257,2.059598,5267396153.15,3853126674.0,966494707,706995720,False
2020-09-09,5.41,-2.340949,2.044482,5228736364.87,3824846845.2,966494707,706995720,False
2020-09-10,4.93,-2.133249,1.863086,4764818905.51,3485488899.6,966494707,706995720,False
2020-09-11,4.85,-2.098632,1.832854,4687499328.95,3428929242.0,966494707,706995720,False
2020-09-14,4.9,-2.120268,1.851749,4735824064.3,3464279028.0,966494707,706995720,False
2020-09-15,4.9,-2.120268,1.851749,4735824064.3,3464279028.0,966494707,706995720,False
2020-09-16,4.85,-2.098632,1.832854,4687499328.95,3428929242.0,966494707,706995720,False
2020-09-17,4.83,-2.089978,1.825295,4668169434.81,3414789327.6,966494707,706995720,False
2020-09-18,4.88,-2.111614,1.844191,4716494170.16,3450139113.6,966494707,706995720,False
2020-09-21,4.84,-2.094305,1.829075,4677834381.88,3421859284.8,966494707,706995720,False
2020-09-22,4.79,-2.07267,1.810179,4629509646.53,3386509498.8,966494707,706995720,False
2020-09-23,4.78,-2.068343,1.8064,4619844699.46,3379439541.6,966494707,706995720,False
2020-09-24,4.62,-1.99911,1.745935,4465205546.34,3266320226.4,966494707,706995720,False
2020-09-25,4.6,-1.990455,1.738377,4445875652.2,3252180312.0,966494707,706995720,False
2020-09-28,4.57,-1.977474,1.727039,4416880810.99,3230970440.4,966494707,706995720,False
2020-09-29,4.58,-1.981801,1.730818,4426545758.06,3238040397.6,966494707,706995720,False
2020-09-30,4.56,-1.973147,1.72326,4407215863.92,3223900483.2,966494707,706995720,False
2020-10-09,4.63,-2.003437,1.749714,4474870493.41,3273390183.6,966494707,706995720,False
2020-10-12,4.71,-2.038053,1.779946,4552190069.97,3329949841.2,966494707,706995720,False
2020-10-13,4.65,-2.012091,1.757272,4494200387.55,3287530098.0,966494707,706995720,False
2020-10-14,4.54,-1.964493,1.715702,4387885969.78,3209760568.8,966494707,706995720,False
2020-10-15,4.26,-1.843335,1.609888,4117267451.82,3011801767.2,966494707,706995720,False
2020-10-16,4.26,-1.843335,1.609888,4117267451.82,3011801767.2,966494707,706995720,False
2020-10-19,4.29,-1.856316,1.621225,4146262293.03,3033011638.8,966494707,706995720,False
2020-10-20,4.26,-1.843335,1.609888,4117267451.82,3011801767.2,966494707,706995720,False
2020-10-21,4.2,-1.817372,1.587213,4059277769.4,2969382024.0,966494707,706995720,False
2020-10-22,4.2,-1.817372,1.587213,4059277769.4,2969382024.0,966494707,706995720,False
2020-10-23,4.07,-1.76112,1.538085,3933633457.49,2877472580.4,966494707,706995720,False
2020-10-26,4.04,-1.748139,1.526748,3904638616.28,2856262708.8,966494707,706995720,False
2020-10-27,3.88,-1.678906,1.466283,3749999463.16,2743143393.6,966494707,706995720,False
2020-10-28,3.9,-1.68756,1.473841,3769329357.3,2757283308.0,966494707,706995720,False
2020-10-29,3.87,-1.674579,1.462504,3740334516.09,2736073436.4,966494707,706995720,False
2020-10-30,3.68,-1.507994,1.438478,3556700521.76,2601744249.6,966494707,706995720,False
2020-11-02,3.7,-1.51619,1.446296,3576030415.9,2615884164.0,966494707,706995720,False
2020-11-03,3.72,-1.524385,1.454114,3595360310.04,2630024078.4,966494707,706995720,False
2020-11-04,3.62,-1.483407,1.415025,3498710839.34,2559324506.4,966494707,706995720,False
2020-11-05,3.78,-1.548972,1.477567,3653349992.46,2672443821.6,966494707,706995720,False
2020-11-06,3.69,-1.512092,1.442387,3566365468.83,2608814206.8,966494707,706995720,False
2020-11-09,3.8,-1.557168,1.485385,3672679886.6,2686583736.0,966494707,706995720,False
2020-11-10,3.73,-1.528483,1.458023,3605025257.11,2637094035.6,966494707,706995720,False
2020-11-11,3.7,-1.51619,1.446296,3576030415.9,2615884164.0,966494707,706995720,False
2020-11-12,3.65,-1.495701,1.426751,3527705680.55,2580534378.0,966494707,706995720,False
2020-11-13,3.64,-1.491603,1.422843,3518040733.48,2573464420.8,966494707,706995720,False
2020-11-16,3.68,-1.507994,1.438478,3556700521.76,2601744249.6,966494707,706995720,False
2020-11-17,3.63,-1.487505,1.418934,3508375786.41,2566394463.6,966494707,706995720,False
2020-11-18,3.66,-1.499798,1.43066,3537370627.62,2587604335.2,966494707,706995720,False
2020-11-19,3.63,-1.487505,1.418934,3508375786.41,2566394463.6,966494707,706995720,False
2020-11-20,3.64,-1.491603,1.422843,3518040733.48,2573464420.8,966494707,706995720,False
2020-11-23,3.6,-1.475212,1.407207,3479380945.2,2545184592.0,966494707,706995720,False
2020-11-24,3.6,-1.475212,1.407207,3479380945.2,2545184592.0,966494707,706995720,False
2020-11-25,3.96,-1.622733,1.547928,3827319039.72,2799703051.2,966494707,706995720,False
2020-11-26,3.86,-1.581755,1.508839,3730669569.02,2729003479.2,966494707,706995720,False
2020-11-27,4.15,-1.700591,1.622197,4010953034.05,2934032238.0,966494707,706995720,False
2020-11-30,4.02,-1.64732,1.571381,3885308722.14,2842122794.4,966494707,706995720,False
2020-12-01,4.03,-1.651417,1.57529,3894973669.21,2849192751.6,966494707,706995720,False
2020-12-02,3.9,-1.598146,1.524474,3769329357.3,2757283308.0,966494707,706995720,False
2020-12-03,4.29,-1.757961,1.676922,4146262293.03,3033011638.8,966494707,706995720,False
2020-12-04,4.72,-1.934166,1.845005,4561855017.04,3337019798.4,966494707,706995720,False
2020-12-07,4.94,-2.024318,1.931001,4774483852.58,3492558856.8,966494707,706995720,False
2020-12-08,4.45,-1.823525,1.739464,4300901446.15,3146130954.0,966494707,706995720,False
2020-12-09,4.18,-1.712885,1.633924,4039947875.26,2955242109.6,966494707,706995720,False
2020-12-10,3.99,-1.635026,1.559654,3856313880.93,2820912922.8,966494707,706995720,False
2020-12-11,3.73,-1.528483,1.458023,3605025257.11,2637094035.6,966494707,706995720,False
2020-12-14,3.75,-1.536679,1.465841,3624355151.25,2651233950.0,966494707,706995720,False
2020-12-15,3.66,-1.499798,1.43066,3537370627.62,2587604335.2,966494707,706995720,False
2020-12-16,3.56,-1.45882,1.391571,3440721156.92,2516904763.2,966494707,706995720,False
2020-12-17,3.72,-1.524385,1.454114,3595360310.04,2630024078.4,966494707,706995720,False
2020-12-18,3.62,-1.483407,1.415025,3498710839.34,2559324506.4,966494707,706995720,False
2020-12-21,3.64,-1.491603,1.422843,3518040733.48,2573464420.8,966494707,706995720,False
2020-12-22,3.57,-1.462918,1.39548,3450386103.99,2523974720.4,966494707,706995720,False
2020-12-23,3.43,-1.405549,1.340755,3315076845.01,2424995319.6,966494707,706995720,False
2020-12-24,3.27,-1.339984,1.278213,3160437691.89,2311876004.4,966494707,706995720,False
2020-12-25,3.27,-1.339984,1.278213,3160437691.89,2311876004.4,966494707,706995720,False
2020-12-28,3.19,-1.307201,1.246942,3083118115.33,2255316346.8,966494707,706995720,False
2020-12-29,3.21,-1.315397,1.25476,3102448009.47,2269456261.2,966494707,706995720,False
2020-12-30,3.19,-1.307201,1.246942,3083118115.33,2255316346.8,966494707,706995720,False
2020-12-31,3.26,-1.335886,1.274304,3150772744.82,2304806047.2,966494707,706995720,False
2021-01-04,3.28,-1.344082,1.282122,3170102638.96,2318945961.6,966494707,706995720,False
2021-01-05,3.23,-1.323593,1.262577,3121777903.61,2283596175.6,966494707,706995720,False
2021-01-06,3.19,-1.307201,1.246942,3083118115.33,2255316346.8,966494707,706995720,False
2021-01-07,3.22,-1.319495,1.258668,3112112956.54,2276526218.4,966494707,706995720,False
2021-01-08,3.13,-1.282615,1.223488,3025128432.91,2212896603.6,966494707,706995720,False
2021-01-11,3.0,-1.229343,1.172672,2899484121.0,2120987160.0,966494707,706995720,False
2021-01-12,2.96,-1.212952,1.157037,2860824332.72,2092707331.2,966494707,706995720,False
2021-01-13,2.86,-1.171974,1.117948,2764174862.02,2022007759.2,966494707,706995720,False
2021-01-14,3.15,-1.29081,1.231306,3044458327.05,2227036518.0,966494707,706995720,False
2021-01-15,3.34,-1.368669,1.305575,3228092321.38,2361365704.8,966494707,706995720,False
2021-01-18,3.21,-1.315397,1.25476,3102448009.47,2269456261.2,966494707,706995720,False
2021-01-19,3.26,-1.335886,1.274304,3150772744.82,2304806047.2,966494707,706995720,False
2021-01-20,3.22,-1.319495,1.258668,3112112956.54,2276526218.4,966494707,706995720,False
2021-01-21,3.23,-1.323593,1.262577,3121777903.61,2283596175.6,966494707,706995720,False
2021-01-22,3.25,-1.331788,1.270395,3141107797.75,2297736090.0,966494707,706995720,False
2021-01-25,3.2,-1.311299,1.250851,3092783062.4,2262386304.0,966494707,706995720,False
2021-01-26,3.02,-1.237539,1.18049,2918814015.14,2135127074.4,966494707,706995720,False
2021-01-27,3.05,-1.249832,1.192217,2947808856.35,2156336946.0,966494707,706995720,False
2021-01-28,3.06,-1.25393,1.196126,2957473803.42,2163406903.2,966494707,706995720,False
2021-01-29,3.01,-1.233441,1.176581,2909149068.07,2128057117.2,966494707,706995720,False
2021-02-01,3.31,-1.356375,1.293849,3199097480.17,2340155833.2,966494707,706995720,False
2021-02-02,3.28,-1.344082,1.282122,3170102638.96,2318945961.6,966494707,706995720,False
2021-02-03,3.35,-1.372766,1.309484,3237757268.45,2368435662.0,966494707,706995720,False
2021-02-04,3.51,-1.438331,1.372027,3392396421.57,2481554977.2,966494707,706995720,False
2021-02-05,3.5,-1.434234,1.368118,3382731474.5,2474485020.0,966494707,706995720,False
2021-02-08,3.44,-1.409647,1.344664,3324741792.08,2432065276.8,966494707,706995720,False
2021-02-09,3.63,-1.487505,1.418934,3508375786.41,2566394463.6,966494707,706995720,False
2021-02-10,3.57,-1.462918,1.39548,3450386103.99,2523974720.4,966494707,706995720,False
2021-02-18,3.77,-1.544874,1.473658,3643685045.39,2665373864.4,966494707,706995720,False
2021-02-19,3.79,-1.55307,1.481476,3663014939.53,2679513778.8,966494707,706995720,False
2021-02-22,3.75,-1.536679,1.465841,3624355151.25,2651233950.0,966494707,706995720,False
2021-02-23,3.69,-1.512092,1.442387,3566365468.83,2608814206.8,966494707,706995720,False
2021-02-24,3.69,-1.512092,1.442387,3566365468.83,2608814206.8,966494707,706995720,False
2021-02-25,3.67,-1.503896,1.434569,3547035574.69,2594674292.4,966494707,706995720,False
2021-02-26,3.64,-1.491603,1.422843,3518040733.48,2573464420.8,966494707,706995720,False
2021-03-01,3.84,-1.573559,1.501021,3711339674.88,2714863564.8,966494707,706995720,False
2021-03-02,3.9,-1.598146,1.524474,3769329357.3,2757283308.0,966494707,706995720,False
2021-03-03,4.18,-1.712885,1.633924,4039947875.26,2955242109.6,966494707,706995720,False
2021-03-04,4.14,-1.696493,1.618288,4001288086.98,2926962280.8,966494707,706995720,False
2021-03-05,4.12,-1.688298,1.61047,3981958192.84,2912822366.4,966494707,706995720,False
2021-03-08,4.24,-1.737471,1.657377,4097937557.68,2997661852.8,966494707,706995720,False
2021-03-09,4.26,-1.745667,1.665195,4117267451.82,3011801767.2,966494707,706995720,False
2021-03-10,4.26,-1.745667,1.665195,4117267451.82,3011801767.2,966494707,706995720,False
2021-03-11,4.16,-1.704689,1.626106,4020617981.12,2941102195.2,966494707,706995720,False
2021-03-12,4.21,-1.725178,1.64565,4068942716.47,2976451981.2,966494707,706995720,False
2021-03-15,4.03,-1.651417,1.57529,3894973669.21,2849192751.6,966494707,706995720,False
2021-03-16,4.13,-1.692396,1.614379,3991623139.91,2919892323.6,966494707,706995720,False
2021-03-17,4.08,-1.671906,1.594835,3943298404.56,2884542537.6,966494707,706995720,False
2021-03-18,4.04,-1.655515,1.579199,3904638616.28,2856262708.8,966494707,706995720,False
2021-03-19,4.08,-1.671906,1.594835,3943298404.56,2884542537.6,966494707,706995720,False
2021-03-22,4.05,-1.659613,1.583108,3914303563.35,2863332666.0,966494707,706995720,False
2021-03-23,3.78,-1.548972,1.477567,3653349992.46,2672443821.6,966494707,706995720,False
2021-03-24,3.79,-1.55307,1.481476,3663014939.53,2679513778.8,966494707,706995720,False
2021-03-25,3.63,-1.487505,1.418934,3508375786.41,2566394463.6,966494707,706995720,False
2021-03-26,3.79,-1.55307,1.481476,3663014939.53,2679513778.8,966494707,706995720,False
2021-03-29,3.73,-1.528483,1.458023,3605025257.11,2637094035.6,966494707,706995720,False
2021-03-30,3.71,-1.520288,1.450205,3585695362.97,2622954121.2,966494707,706995720,False
2021-03-31,3.82,-1.565363,1.493203,3692009780.74,2700723650.4,966494707,706995720,False
2021-04-01,3.91,-1.602244,1.528383,3778994304.37,2764353265.2,966494707,706995720,False
2021-04-02,3.79,-1.55307,1.481476,3663014939.53,2679513778.8,966494707,706995720,False
2021-04-06,3.85,-1.577657,1.50493,3721004621.95,2721933522.0,966494707,706995720,False
2021-04-07,3.9,-1.598146,1.524474,3769329357.3,2757283308.0,966494707,706995720,False
2021-04-08,3.77,-1.544874,1.473658,3643685045.39,2665373864.4,966494707,706995720,False
2021-04-09,3.9,-1.598146,1.524474,3769329357.3,2757283308.0,966494707,706995720,False
2021-04-12,3.79,-1.55307,1.481476,3663014939.53,2679513778.8,966494707,706995720,False
2021-04-13,3.78,-1.548972,1.477567,3653349992.46,2672443821.6,966494707,706995720,False
2021-04-14,3.99,-1.635026,1.559654,3856313880.93,2820912922.8,966494707,706995720,False
2021-04-15,4.12,-11.098527,1.61047,3981958192.84,2912822366.4,966494707,706995720,False
2021-04-16,4.09,-11.017712,1.598743,3952963351.63,2891612494.8,966494707,706995720,False
2021-04-19,4.11,-11.071588,1.606561,3972293245.77,2905752409.2,966494707,706995720,False
2021-04-20,4.0,-10.775268,1.563563,3865978828.0,2827982880.0,966494707,706995720,False
2021-04-21,4.25,-11.448723,1.661286,4107602504.75,3004731810.0,966494707,706995720,False
2021-04-22,4.23,-11.394846,1.653468,4088272610.61,2990591895.6,966494707,706995720,False
2021-04-23,4.1,-11.04465,1.602652,3962628298.7,2898682452.0,966494707,706995720,False
2021-04-26,4.08,-10.990774,1.594835,3943298404.56,2884542537.6,966494707,706995720,False
2021-04-27,4.39,-11.802386,1.867943,4242911763.73,3103711210.8,966494707,706995720,False
2021-04-28,4.36,-11.721732,1.85186,4213916922.52,3082501339.2,966494707,706995720,False
2021-04-29,4.61,-12.393849,1.958044,4455540599.27,3259250269.2,966494707,706995720,False
2021-04-30,4.61,-12.393849,1.958044,4455540599.27,3259250269.2,966494707,706995720,False
2021-05-06,4.55,-12.232541,1.93256,4397550916.85,3216830526.0,966494707,706995720,False
2021-05-07,4.28,-11.506654,1.817881,4136597345.96,3025941681.6,966494707,706995720,False
2021-05-10,4.71,-12.662696,2.000518,4552190069.97,3329949841.2,966494707,706995720,False
2021-05-11,4.9,-13.173506,2.081218,4735824064.3,3464279028.0,966494707,706995720,False
2021-05-12,5.02,-13.496122,2.132187,4851803429.14,3549118514.4,966494707,706995720,False
2021-05-13,4.93,-13.25416,2.093961,4764818905.51,3485488899.6,966494707,706995720,False
2021-05-14,4.83,-15.009913,2.051487,4668169434.81,3414789327.6,966494707,706995720,False
2021-05-17,4.83,-15.009913,2.051487,4668169434.81,3414789327.6,966494707,706995720,False
2021-05-18,4.8,-14.916684,2.038745,4639174593.6,3393579456.0,966494707,706995720,False
2021-05-19,4.71,-14.636996,2.000518,4552190069.97,3329949841.2,966494707,706995720,False
2021-05-20,4.61,-14.326232,1.958044,4455540599.27,3259250269.2,966494707,706995720,False
2021-05-21,4.67,-14.512691,1.983529,4513530281.69,3301670012.4,966494707,706995720,False
2021-05-24,4.83,-15.009913,2.051487,4668169434.81,3414789327.6,966494707,706995720,False
2021-05-25,4.74,-14.730226,2.01326,4581184911.18,3351159712.8,966494707,706995720,False
2021-05-26,4.71,-14.636996,2.000518,4552190069.97,3329949841.2,966494707,706995720,False
2021-05-27,4.72,-14.668073,2.004765,4561855017.04,3337019798.4,966494707,706995720,False
2021-05-28,4.62,-14.357308,1.962292,4465205546.34,3266320226.4,966494707,706995720,False
2021-05-31,4.61,-14.326232,1.958044,4455540599.27,3259250269.2,966494707,706995720,False
2021-06-01,4.78,-14.854531,2.03025,4619844699.46,3379439541.6,966494707,706995720,False
2021-06-02,4.68,-14.543767,1.987776,4523195228.76,3308739969.6,966494707,706995720,False
2021-06-03,4.6,-14.295156,1.953797,4445875652.2,3252180312.0,966494707,706995720,False
2021-06-04,4.67,-14.512691,1.983529,4513530281.69,3301670012.4,966494707,706995720,False
2021-06-07,4.59,-14.264079,1.949549,4436210705.13,3245110354.8,966494707,706995720,False
2021-06-08,5.05,-15.693595,2.144929,4880798270.35,3570328386.0,966494707,706995720,False
2021-06-09,5.19,-16.128665,2.204393,5016107529.33,3669307786.8,966494707,706995720,False
2021-06-10,5.04,-15.662518,2.140682,4871133323.28,3563258428.8,966494707,706995720,False
2021-06-11,4.81,-14.94776,2.042992,4648839540.67,3400649413.2,966494707,706995720,False
2021-06-15,4.87,-15.134219,2.068476,4706829223.09,3443069156.4,966494707,706995720,False
2021-06-16,4.61,-14.326232,1.958044,4455540599.27,3259250269.2,966494707,706995720,False
2021-06-17,4.62,-14.357308,1.962292,4465205546.34,3266320226.4,966494707,706995720,False
2021-06-18,4.66,-14.481614,1.979281,4503865334.62,3294600055.2,966494707,706995720,False
2021-06-21,4.69,-14.574843,1.992023,4532860175.83,3315809926.8,966494707,706995720,False
2021-06-22,4.61,-14.326232,1.958044,4455540599.27,3259250269.2,966494707,706995720,False
2021-06-23,4.58,-14.233003,1.945302,4426545758.06,3238040397.6,966494707,706995720,False
2021-06-24,4.6,-14.295156,1.953797,4445875652.2,3252180312.0,966494707,706995720,False
2021-06-25,4.78,-14.854531,2.03025,4619844699.46,3379439541.6,966494707,706995720,False
2021-06-28,4.98,-15.47606,2.115197,4813143640.86,3520838685.6,966494707,706995720,False
2021-06-29,4.95,-15.38283,2.102455,4784148799.65,3499628814.0,966494707,706995720,False
2021-06-30,5.08,-15.786824,2.157671,4909793111.56,3591538257.6,966494707,706995720,False
2021-07-01,5.05,-15.693595,2.144929,4880798270.35,3570328386.0,966494707,706995720,False
2021-07-02,5.03,-15.631442,2.136434,4861468376.21,3556188471.6,966494707,706995720,False
2021-07-05,4.95,-15.38283,2.102455,4784148799.65,3499628814.0,966494707,706995720,False
2021-07-06,4.92,-15.289601,2.089713,4755153958.44,3478418942.4,966494707,706995720,False
2021-07-07,4.9,-15.227448,2.081218,4735824064.3,3464279028.0,966494707,706995720,False
2021-07-08,4.81,-14.94776,2.042992,4648839540.67,3400649413.2,966494707,706995720,False
2021-07-09,4.82,-14.978837,2.047239,4658504487.74,3407719370.4,966494707,706995720,False
2021-07-12,4.74,-14.730226,2.01326,4581184911.18,3351159712.8,966494707,706995720,False
2021-07-13,5.02,-15.600365,2.132187,4851803429.14,3549118514.4,966494707,706995720,False
2021-07-14,4.95,-15.38283,2.102455,4784148799.65,3499628814.0,966494707,706995720,False
2021-07-15,5.06,-15.724671,2.149177,4890463217.42,3577398343.2,966494707,706995720,False
2021-07-16,4.92,-15.289601,2.089713,4755153958.44,3478418942.4,966494707,706995720,False
2021-07-19,5.41,-16.812346,2.297835,5228736364.87,3824846845.2,966494707,706995720,False
2021-07-20,5.33,-16.563735,2.263856,5151416788.31,3768287187.6,966494707,706995720,False
2021-07-21,5.33,-16.563735,2.263856,5151416788.31,3768287187.6,966494707,706995720,False
2021-07-22,5.21,-16.190817,2.212887,5035437423.47,3683447701.2,966494707,706995720,False
2021-07-23,5.3,-16.470505,2.251114,5122421947.1,3747077316.0,966494707,706995720,False
2021-07-26,5.4,-16.78127,2.293588,5219071417.8,3817776888.0,966494707,706995720,False
2021-07-27,5.3,-16.470505,2.251114,5122421947.1,3747077316.0,966494707,706995720,False
2021-07-28,4.77,-14.823455,2.026002,4610179752.39,3372369584.4,966494707,706995720,False
2021-07-29,4.9,-15.227448,2.081218,4735824064.3,3464279028.0,966494707,706995720,False
2021-07-30,4.89,-15.196372,2.076971,4726159117.23,3457209070.8,966494707,706995720,False
2021-08-02,4.94,-15.351754,2.098208,4774483852.58,3492558856.8,966494707,706995720,False
2021-08-03,5.13,-15.942206,2.178908,4958117846.91,3626888043.6,966494707,706995720,False
2021-08-04,5.15,-16.004359,2.187403,4977447741.05,3641027958.0,966494707,706995720,False
2021-08-05,5.07,-15.755748,2.153424,4900128164.49,3584468300.4,966494707,706995720,False
2021-08-06,4.92,-15.289601,2.089713,4755153958.44,3478418942.4,966494707,706995720,False
2021-08-09,4.95,-15.38283,2.102455,4784148799.65,3499628814.0,966494707,706995720,False
2021-08-10,4.91,-15.258525,2.085466,4745489011.37,3471348985.2,966494707,706995720,False
2021-08-11,4.9,-15.227448,2.081218,4735824064.3,3464279028.0,966494707,706995720,False
2021-08-12,4.85,-15.072066,2.059981,4687499328.95,3428929242.0,966494707,706995720,False
2021-08-13,4.97,-15.444983,2.11095,4803478693.79,3513768728.4,966494707,706995720,False
2021-08-16,5.0,-15.538213,2.123692,4832473535.0,3534978600.0,966494707,706995720,False
2021-08-17,4.84,-15.04099,2.055734,4677834381.88,3421859284.8,966494707,706995720,False
2021-08-18,4.83,-15.009913,2.051487,4668169434.81,3414789327.6,966494707,706995720,False
2021-08-19,4.78,-14.854531,2.03025,4619844699.46,3379439541.6,966494707,706995720,False
2021-08-20,4.74,-17.412751,1.996687,4581184911.18,3351159712.8,966494707,706995720,False
2021-08-23,4.82,-17.706637,2.030386,4658504487.74,3407719370.4,966494707,706995720,False
2021-08-24,4.77,-17.522959,2.009324,4610179752.39,3372369584.4,966494707,706995720,False
2021-08-25,4.73,-17.376016,1.992474,4571519964.11,3344089755.6,966494707,706995720,False
2021-08-26,4.6,-16.898451,1.937713,4445875652.2,3252180312.0,966494707,706995720,False
2021-08-27,4.55,-16.714772,1.916651,4397550916.85,3216830526.0,966494707,706995720,False
2021-08-30,4.58,-16.824979,1.929288,4426545758.06,3238040397.6,966494707,706995720,False
2021-08-31,4.5,-16.531093,1.895589,4349226181.5,3181480740.0,966494707,706995720,False
2021-09-01,4.3,-15.796378,1.81134,4155927240.1,3040081596.0,966494707,706995720,False
2021-09-02,4.34,-15.943321,1.82819,4194587028.38,3068361424.8,966494707,706995720,False
2021-09-03,4.44,-16.310678,1.870314,4291236499.08,3139060996.8,966494707,706995720,False
2021-09-06,4.47,-16.420886,1.882951,4320231340.29,3160270868.4,966494707,706995720,False
2021-09-07,4.51,-16.567829,1.899801,4358891128.57,3188550697.2,966494707,706995720,False
2021-09-08,4.5,-16.531093,1.895589,4349226181.5,3181480740.0,966494707,706995720,False
2021-09-09,4.5,-16.531093,1.895589,4349226181.5,3181480740.0,966494707,706995720,False
2021-09-10,4.46,-16.38415,1.878739,4310566393.22,3153200911.2,966494707,706995720,False
2021-09-13,4.49,-16.494357,1.891376,4339561234.43,3174410782.8,966494707,706995720,False
2021-09-14,4.46,-16.38415,1.878739,4310566393.22,3153200911.2,966494707,706995720,False
2021-09-15,4.43,-16.273943,1.866102,4281571552.01,3131991039.6,966494707,706995720,False
2021-09-16,4.31,-15.833114,1.815553,4165592187.17,3047151553.2,966494707,706995720,False
2021-09-17,4.17,-15.318813,1.756579,4030282928.19,2948172152.4,966494707,706995720,False
2021-09-22,4.19,-15.392284,1.765004,4049612822.33,2962312066.8,966494707,706995720,False
2021-09-23,4.28,-15.722906,1.802915,4136597345.96,3025941681.6,966494707,706995720,False
2021-09-24,4.18,-15.355549,1.760791,4039947875.26,2955242109.6,966494707,706995720,False
2021-09-27,4.01,-14.731041,1.68918,3875643775.07,2835052837.2,966494707,706995720,False
2021-09-28,4.06,-14.914719,1.710242,3923968510.42,2870402623.2,966494707,706995720,False
2021-09-29,3.88,-14.253476,1.634419,3749999463.16,2743143393.6,966494707,706995720,False
2021-09-30,4.05,-14.877984,1.70603,3914303563.35,2863332666.0,966494707,706995720,False
2021-10-08,4.16,-15.282077,1.752366,4020617981.12,2941102195.2,966494707,706995720,False
2021-10-11,4.13,-15.17187,1.739729,3991623139.91,2919892323.6,966494707,706995720,False
2021-10-12,4.12,-15.135134,1.735517,3981958192.84,2912822366.4,966494707,706995720,False
2021-10-13,4.1,-15.061663,1.727092,3962628298.7,2898682452.0,966494707,706995720,False
2021-10-14,4.05,-14.877984,1.70603,3914303563.35,2863332666.0,966494707,706995720,False
2021-10-15,3.95,-14.510626,1.663906,3817654092.65,2792633094.0,966494707,706995720,False
2021-10-18,4.0,-14.694305,1.684968,3865978828.0,2827982880.0,966494707,706995720,False
2021-10-19,3.98,-14.620833,1.676543,3846648933.86,2813842965.6,966494707,706995720,False
2021-10-20,4.0,-14.694305,1.684968,3865978828.0,2827982880.0,966494707,706995720,False
2021-10-21,3.93,-14.437155,1.655481,3798324198.51,2778493179.6,966494707,706995720,False
2021-10-22,3.89,-14.290212,1.638631,3759664410.23,2750213350.8,966494707,706995720,False
2021-10-25,3.82,-14.033061,1.609144,3692009780.74,2700723650.4,966494707,706995720,False
2021-10-26,3.77,-13.849382,1.588082,3643685045.39,2665373864.4,966494707,706995720,False
2021-10-27,3.74,-13.739175,1.575445,3614690204.18,2644163992.8,966494707,706995720,False
2021-10-28,3.77,-13.849382,1.588082,3643685045.39,2665373864.4,966494707,706995720,False
2021-10-29,3.82,-14.033061,1.609144,3692009780.74,2700723650.4,966494707,706995720,False
2021-11-01,4.01,-20.912607,1.694479,3875643775.07,2835052837.2,966494707,706995720,False
2021-11-02,3.84,-20.026038,1.622643,3711339674.88,2714863564.8,966494707,706995720,False
2021-11-03,3.85,-20.078189,1.626869,3721004621.95,2721933522.0,966494707,706995720,False
2021-11-04,3.78,-19.713131,1.59729,3653349992.46,2672443821.6,966494707,706995720,False
2021-11-05,3.71,-19.348073,1.56771,3585695362.97,2622954121.2,966494707,706995720,False
2021-11-08,3.74,-19.504527,1.580387,3614690204.18,2644163992.8,966494707,706995720,False
2021-11-09,3.78,-19.713131,1.59729,3653349992.46,2672443821.6,966494707,706995720,False
2021-11-10,3.96,-20.651852,1.673351,3827319039.72,2799703051.2,966494707,706995720,False
2021-11-11,3.97,-20.704003,1.677577,3836983986.79,2806773008.4,966494707,706995720,False
2021-11-12,3.95,-20.599701,1.669125,3817654092.65,2792633094.0,966494707,706995720,False
2021-11-15,4.1,-21.381968,1.73251,3962628298.7,2898682452.0,966494707,706995720,False
2021-11-16,4.07,-21.225514,1.719833,3933633457.49,2877472580.4,966494707,706995720,False
2021-11-17,4.04,-21.069061,1.707156,3904638616.28,2856262708.8,966494707,706995720,False
2021-11-18,4.03,-21.01691,1.702931,3894973669.21,2849192751.6,966494707,706995720,False
2021-11-19,4.02,-20.964758,1.698705,3885308722.14,2842122794.4,966494707,706995720,False
2021-11-22,4.28,-22.320688,1.808571,4136597345.96,3025941681.6,966494707,706995720,False
2021-11-23,4.17,-21.747026,1.762089,4030282928.19,2948172152.4,966494707,706995720,False
2021-11-24,4.13,-21.538421,1.745187,3991623139.91,2919892323.6,966494707,706995720,False
2021-11-25,4.21,-21.95563,1.778992,4068942716.47,2976451981.2,966494707,706995720,False
2021-11-26,4.15,-21.642723,1.753638,4010953034.05,2934032238.0,966494707,706995720,False
2021-11-29,4.07,-21.225514,1.719833,3933633457.49,2877472580.4,966494707,706995720,False
2021-11-30,4.12,-21.48627,1.740961,3981958192.84,2912822366.4,966494707,706995720,False
2021-12-01,4.12,-21.48627,1.740961,3981958192.84,2912822366.4,966494707,706995720,False
2021-12-02,4.05,-21.121212,1.711382,3914303563.35,2863332666.0,966494707,706995720,False
2021-12-03,4.08,-21.277665,1.724059,3943298404.56,2884542537.6,966494707,706995720,False
2021-12-06,4.05,-21.121212,1.711382,3914303563.35,2863332666.0,966494707,706995720,False
2021-12-07,4.04,-21.069061,1.707156,3904638616.28,2856262708.8,966494707,706995720,False
2021-12-08,4.0,-20.860456,1.690254,3865978828.0,2827982880.0,966494707,706995720,False
2021-12-09,4.03,-21.01691,1.702931,3894973669.21,2849192751.6,966494707,706995720,False
2021-12-10,4.09,-21.329816,1.728284,3952963351.63,2891612494.8,966494707,706995720,False
2021-12-13,4.1,-21.381968,1.73251,3962628298.7,2898682452.0,966494707,706995720,False
2021-12-14,4.12,-21.48627,1.740961,3981958192.84,2912822366.4,966494707,706995720,False
2021-12-15,4.07,-21.225514,1.719833,3933633457.49,2877472580.4,966494707,706995720,False
2021-12-16,4.05,-21.121212,1.711382,3914303563.35,2863332666.0,966494707,706995720,False
2021-12-17,4.04,-21.069061,1.707156,3904638616.28,2856262708.8,966494707,706995720,False
2021-12-20,4.13,-21.538421,1.745187,3991623139.91,2919892323.6,966494707,706995720,False
2021-12-21,4.18,-21.799177,1.766315,4039947875.26,2955242109.6,966494707,706995720,False
2021-12-22,4.27,-22.268537,1.804346,4126932398.89,3018871724.4,966494707,706995720,False
2021-12-23,4.19,-21.851328,1.770541,4049612822.33,2962312066.8,966494707,706995720,False
2021-12-24,4.61,-24.041676,1.948017,4455540599.27,3259250269.2,966494707,706995720,False
2021-12-27,4.82,-25.13685,2.036756,4658504487.74,3407719370.4,966494707,706995720,False
2021-12-28,4.62,-24.093827,1.952243,4465205546.34,3266320226.4,966494707,706995720,False
2021-12-29,4.58,-23.885222,1.93534,4426545758.06,3238040397.6,966494707,706995720,False
2021-12-30,4.82,-25.13685,2.036756,4658504487.74,3407719370.4,966494707,706995720,False
2021-12-31,4.75,-24.771792,2.007176,4590849858.25,3358229670.0,966494707,706995720,False
2022-01-04,4.92,-25.658361,2.079012,4755153958.44,3478418942.4,966494707,706995720,False
2022-01-05,4.71,-24.563187,1.990274,4552190069.97,3329949841.2,966494707,706995720,False
2022-01-06,4.79,-24.980396,2.024079,4629509646.53,3386509498.8,966494707,706995720,False
2022-01-07,4.59,-23.937373,1.939566,4436210705.13,3245110354.8,966494707,706995720,False
2022-01-10,4.7,-24.511036,1.986048,4542525122.9,3322879884.0,966494707,706995720,False
2022-01-11,5.17,-26.96214,2.184653,4996777635.19,3655167872.4,966494707,706995720,False
2022-01-12,5.15,-26.857837,2.176202,4977447741.05,3641027958.0,966494707,706995720,False
2022-01-13,5.11,-26.649233,2.159299,4938787952.77,3612748129.2,966494707,706995720,False
2022-01-14,5.23,-27.275046,2.210007,5054767317.61,3697587615.6,966494707,706995720,False
2022-01-17,5.12,-26.701384,2.163525,4948452899.84,3619818086.4,966494707,706995720,False
2022-01-18,4.9,-25.554059,2.070561,4735824064.3,3464279028.0,966494707,706995720,False
2022-01-19,4.91,-25.60621,2.074786,4745489011.37,3471348985.2,966494707,706995720,False
2022-01-20,4.71,-24.563187,1.990274,4552190069.97,3329949841.2,966494707,706995720,False
2022-01-21,4.63,-24.145978,1.956469,4474870493.41,3273390183.6,966494707,706995720,False
2022-01-24,4.6,-23.989525,1.943792,4445875652.2,3252180312.0,966494707,706995720,False
2022-01-25,4.35,-22.685746,1.838151,4204251975.45,3075431382.0,966494707,706995720,False
2022-01-26,4.36,-22.737897,1.842376,4213916922.52,3082501339.2,966494707,706995720,False
2022-01-27,4.22,-22.007781,1.783218,4078607663.54,2983521938.4,966494707,706995720,False
2022-01-28,4.45,-23.207258,1.880407,4300901446.15,3146130954.0,966494707,706995720,False
2022-02-07,4.45,-23.207258,1.880407,4300901446.15,3146130954.0,966494707,706995720,False
2022-02-08,4.65,-24.25028,1.96492,4494200387.55,3287530098.0,966494707,706995720,False
2022-02-09,4.68,-24.406734,1.977597,4523195228.76,3308739969.6,966494707,706995720,False
2022-02-10,4.65,-24.25028,1.96492,4494200387.55,3287530098.0,966494707,706995720,False
2022-02-11,4.45,-23.207258,1.880407,4300901446.15,3146130954.0,966494707,706995720,False
2022-02-14,4.42,-23.050804,1.86773,4271906604.94,3124921082.4,966494707,706995720,False
2022-02-15,4.36,-22.737897,1.842376,4213916922.52,3082501339.2,966494707,706995720,False
2022-02-16,4.37,-22.790048,1.846602,4223581869.59,3089571296.4,966494707,706995720,False
2022-02-17,4.25,-22.164235,1.795894,4107602504.75,3004731810.0,966494707,706995720,False
2022-02-18,4.32,-22.529293,1.825474,4175257134.24,3054221510.4,966494707,706995720,False
2022-02-21,4.44,-23.155106,1.876182,4291236499.08,3139060996.8,966494707,706995720,False
2022-02-22,4.33,-22.581444,1.8297,4184922081.31,3061291467.6,966494707,706995720,False
2022-02-23,4.76,-24.823943,2.011402,4600514805.32,3365299627.2,966494707,706995720,False
2022-02-24,4.77,-24.876094,2.015627,4610179752.39,3372369584.4,966494707,706995720,False
2022-02-25,4.73,-24.667489,1.998725,4571519964.11,3344089755.6,966494707,706995720,False
2022-02-28,4.73,-24.667489,1.998725,4571519964.11,3344089755.6,966494707,706995720,False
2022-03-01,4.94,-25.762663,2.087463,4774483852.58,3492558856.8,966494707,706995720,False
2022-03-02,5.06,-26.388477,2.138171,4890463217.42,3577398343.2,966494707,706995720,False
2022-03-03,5.11,-26.649233,2.159299,4938787952.77,3612748129.2,966494707,706995720,False
2022-03-04,5.05,-26.336326,2.133945,4880798270.35,3570328386.0,966494707,706995720,False
2022-03-07,4.97,-25.919117,2.10014,4803478693.79,3513768728.4,966494707,706995720,False
2022-03-08,4.84,-25.241152,2.045207,4677834381.88,3421859284.8,966494707,706995720,False
2022-03-09,4.74,-24.719641,2.002951,4581184911.18,3351159712.8,966494707,706995720,False
2022-03-10,4.84,-25.241152,2.045207,4677834381.88,3421859284.8,966494707,706995720,False
2022-03-11,5.17,-26.96214,2.184653,4996777635.19,3655167872.4,966494707,706995720,False
2022-03-14,4.98,-25.971268,2.104366,4813143640.86,3520838685.6,966494707,706995720,False
2022-03-15,4.62,-24.093827,1.952243,4465205546.34,3266320226.4,966494707,706995720,False
2022-03-16,4.77,-24.876094,2.015627,4610179752.39,3372369584.4,966494707,706995720,False
2022-03-17,5.25,-27.379349,2.218458,5074097211.75,3711727530.0,966494707,706995720,False
2022-03-18,5.38,-28.057314,2.273391,5199741523.66,3803636973.6,966494707,706995720,False
2022-03-21,5.52,-28.78743,2.33255,5335050782.64,3902616374.4,966494707,706995720,False
2022-03-22,5.41,-28.213767,2.286068,5228736364.87,3824846845.2,966494707,706995720,False
2022-03-23,5.28,-27.535802,2.231135,5103092052.96,3732937401.6,966494707,706995720,False
2022-03-24,5.19,-27.066442,2.193104,5016107529.33,3669307786.8,966494707,706995720,False
2022-03-25,5.3,-27.640104,2.239586,5122421947.1,3747077316.0,966494707,706995720,False
2022-03-28,5.39,-28.109465,2.277617,5209406470.73,3810706930.8,966494707,706995720,False
2022-03-29,5.28,-27.535802,2.231135,5103092052.96,3732937401.6,966494707,706995720,False
2022-03-30,5.37,-28.005162,2.269165,5190076576.59,3796567016.4,966494707,706995720,False
2022-03-31,5.91,-30.821324,2.49735,5711983718.37,4178344705.2,966494707,706995720,False
2022-04-01,5.7,-29.72615,2.408611,5509019829.9,4029875604.0,966494707,706995720,False
2022-04-06,5.62,-29.308941,2.374806,5431700253.34,3973315946.4,966494707,706995720,False
2022-04-07,5.45,-28.422372,2.302971,5267396153.15,3853126674.0,966494707,706995720,False
2022-04-08,5.2,-27.118593,2.19733,5025772476.4,3676377744.0,966494707,706995720,False
2022-04-11,5.02,-26.179873,2.121268,4851803429.14,3549118514.4,966494707,706995720,False
2022-04-12,5.13,-26.753535,2.16775,4958117846.91,3626888043.6,966494707,706995720,False
2022-04-13,4.98,-25.971268,2.104366,4813143640.86,3520838685.6,966494707,706995720,False
2022-04-14,5.1,-26.597082,2.155073,4929123005.7,3605678172.0,966494707,706995720,False
2022-04-15,5.15,-26.857837,2.176202,4977447741.05,3641027958.0,966494707,706995720,False
2022-04-18,4.84,-25.241152,2.045207,4677834381.88,3421859284.8,966494707,706995720,False
2022-04-19,4.99,136.727073,2.090775,4822808587.93,3527908642.8,966494707,706995720,False
2022-04-20,4.89,133.987051,2.048876,4726159117.23,3457209070.8,966494707,706995720,False
2022-04-21,4.68,128.233006,1.960888,4523195228.76,3308739969.6,966494707,706995720,False
2022-04-22,4.61,126.314991,1.931558,4455540599.27,3259250269.2,966494707,706995720,False
2022-04-25,4.21,115.354905,1.763961,4068942716.47,2976451981.2,966494707,706995720,False
2022-04-26,4.05,110.970871,1.696922,3914303563.35,2863332666.0,966494707,706995720,False
2022-04-27,4.22,115.628907,1.768151,4078607663.54,2983521938.4,966494707,706995720,False
2022-04-28,4.08,106.602662,1.705213,3943298404.56,2884542537.6,966494707,706995720,False
2022-04-29,4.21,109.999315,1.759546,4068942716.47,2976451981.2,966494707,706995720,False
2022-05-05,4.21,109.999315,1.759546,4068942716.47,2976451981.2,966494707,706995720,False
2022-05-06,4.3,112.350845,1.797161,4155927240.1,3040081596.0,966494707,706995720,False
2022-05-09,4.73,123.585929,1.976877,4571519964.11,3344089755.6,966494707,706995720,False
2022-05-10,4.92,128.550269,2.056286,4755153958.44,3478418942.4,966494707,706995720,False
2022-05-11,4.74,123.84721,1.981056,4581184911.18,3351159712.8,966494707,706995720,False
2022-05-12,4.74,123.84721,1.981056,4581184911.18,3351159712.8,966494707,706995720,False
2022-05-13,4.77,124.631053,1.993595,4610179752.39,3372369584.4,966494707,706995720,False
2022-05-16,4.67,122.018243,1.9518,4513530281.69,3301670012.4,966494707,706995720,False
2022-05-17,4.54,118.621589,1.897467,4387885969.78,3572960568.8,966494707,786995720,False
2022-05-18,4.59,119.927995,1.918365,4436210705.13,3612310354.8,966494707,786995720,False
2022-05-19,4.69,122.540805,1.960159,4532860175.83,3691009926.8,966494707,786995720,False
2022-05-20,4.65,121.495681,1.943441,4494200387.55,3659530098.0,966494707,786995720,False
2022-05-23,4.66,121.756962,1.947621,4503865334.62,3667400055.2,966494707,786995720,False
2022-05-24,4.38,114.441093,1.830596,4233246816.66,3447041253.6,966494707,786995720,False
2022-05-25,4.49,117.315184,1.87657,4339561234.43,3533610782.8,966494707,786995720,False
2022-05-26,4.55,118.88287,1.901647,4397550916.85,3580830526.0,966494707,786995720,False
2022-05-27,4.5,117.576465,1.88075,4349226181.5,3541480740.0,966494707,786995720,False
2022-05-30,4.48,117.053903,1.872391,4329896287.36,3525740825.6,966494707,786995720,False
2022-05-31,4.58,119.666714,1.914185,4426545758.06,3604440397.6,966494707,786995720,False
2022-06-01,4.83,126.198739,2.018671,4668169434.81,3801189327.6,966494707,786995720,False
2022-06-02,4.78,124.892334,1.997774,4619844699.46,3761839541.6,966494707,786995720,False
2022-06-06,4.81,125.676177,2.010312,4648839540.67,3785449413.2,966494707,786995720,False
2022-06-07,4.95,129.334112,2.068825,4784148799.65,3895628814.0,966494707,786995720,False
2022-06-08,4.89,127.766426,2.043748,4726159117.23,3848409070.8,966494707,786995720,False
2022-06-09,4.77,124.631053,1.993595,4610179752.39,3753969584.4,966494707,786995720,False
2022-06-10,4.9,128.027707,2.047927,4735824064.3,3856279028.0,966494707,786995720,False
2022-06-13,4.85,126.721301,2.02703,4687499328.95,3816929242.0,966494707,786995720,False
2022-06-14,4.8,125.414896,2.006133,4639174593.6,3777579456.0,966494707,786995720,False
2022-06-15,5.07,132.469484,2.118978,4900128164.49,3990068300.4,966494707,786995720,False
2022-06-16,5.02,131.163079,2.098081,4851803429.14,3950718514.4,966494707,786995720,False
2022-06-17,5.04,131.685641,2.10644,4871133323.28,3966458428.8,966494707,786995720,False
2022-06-20,5.18,135.343576,2.164952,5006442582.26,4076637829.6,966494707,786995720,False
2022-06-21,5.28,137.956386,2.206746,5103092052.96,4155337401.6,966494707,786995720,False
2022-06-22,5.28,137.956386,2.206746,5103092052.96,4155337401.6,966494707,786995720,False
2022-06-23,5.28,137.956386,2.206746,5103092052.96,4155337401.6,966494707,786995720,False
2022-06-24,5.27,137.695105,2.202567,5093427105.89,4147467444.4,966494707,786995720,False
2022-06-27,5.26,137.433824,2.198387,5083762158.82,4139597487.2,966494707,786995720,False
2022-06-28,5.35,139.785353,2.236002,5170746682.45,4210427102.0,966494707,786995720,False
2022-06-29,5.26,137.433824,2.198387,5083762158.82,4139597487.2,966494707,786995720,False
2022-06-30,5.23,136.649981,2.185849,5054767317.61,4115085832.85,966494707,786823295,False
2022-07-01,5.23,136.649981,2.185849,5054767317.61,4115085832.85,966494707,786823295,False
2022-07-04,5.2,135.866138,2.173311,5025772476.4,4091481134.0,966494707,786823295,False
2022-07-05,5.14,134.298451,2.148234,4967782793.98,4044271736.3,966494707,786823295,False
2022-07-06,5.07,132.469484,2.118978,4900128164.49,3989194105.65,966494707,786823295,False
2022-07-07,5.04,131.685641,2.10644,4871133323.28,3965589406.8,966494707,786823295,False
2022-07-08,5.26,137.433824,2.198387,5083762158.82,4138690531.7,966494707,786823295,False
2022-07-11,5.4,141.091758,2.256899,5219071417.8,4248845793.0,966494707,786823295,False
2022-07-12,5.31,138.740229,2.219284,5132086894.17,4178031696.45,966494707,786823295,False
2022-07-13,5.22,136.3887,2.181669,5045102370.54,4107217599.9,966494707,786823295,False
2022-07-14,5.19,135.604857,2.169131,5016107529.33,4083612901.05,966494707,786823295,False
2022-07-15,5.12,133.775889,2.139875,4948452899.84,4028535270.4,966494707,786823295,False
2022-07-18,5.16,134.821013,2.156593,4987112688.12,4060008202.2,966494707,786823295,False
2022-07-19,5.25,137.172543,2.194208,5074097211.75,4130822298.75,966494707,786823295,False
2022-07-20,5.38,140.569196,2.248541,5199741523.66,4233109327.1,966494707,786823295,False
2022-07-21,5.36,140.046634,2.240182,5180411629.52,4217372861.2,966494707,786823295,False
2022-07-22,5.28,137.956386,2.206746,5103092052.96,4154426997.6,966494707,786823295,False
2022-07-25,5.29,138.217667,2.210926,5112757000.03,4162295230.55,966494707,786823295,False
2022-07-26,5.25,137.172543,2.194208,5074097211.75,4130822298.75,966494707,786823295,False
2022-07-27,5.24,136.911262,2.190028,5064432264.68,4122954065.8,966494707,786823295,False
2022-07-28,5.16,134.821013,2.156593,4987112688.12,4060008202.2,966494707,786823295,False
2022-07-29,5.04,131.685641,2.10644,4871133323.28,3965589406.8,966494707,786823295,False
2022-08-01,4.98,130.117955,2.081363,4813143640.86,3918380009.1,966494707,786823295,False
2022-08-02,4.73,123.585929,1.976877,4571519964.11,3924312772.82,966494707,829664434,False
2022-08-03,4.76,124.369772,1.989415,4600514805.32,3949202705.84,966494707,829664434,False
2022-08-04,4.83,126.198739,2.018671,4668169434.81,4007279216.22,966494707,829664434,False
2022-08-05,4.87,127.243864,2.035389,4706829223.09,4040465793.58,966494707,829664434,False
2022-08-08,4.88,127.505145,2.039568,4716494170.16,4048762437.92,966494707,829664434,False
2022-08-09,4.82,125.937458,2.014492,4658504487.74,3998982571.88,966494707,829664434,False
2022-08-10,4.74,123.84721,1.981056,4581184911.18,3932609417.16,966494707,829664434,False
2022-08-11,4.85,126.721301,2.02703,4687499328.95,4023872504.9,966494707,829664434,False
2022-08-12,4.84,126.46002,2.022851,4677834381.88,4060587860.56,966494707,838964434,False
2022-08-15,4.76,124.369772,1.989415,4600514805.32,3993470705.84,966494707,838964434,False
2022-08-16,4.76,124.369772,1.989415,4600514805.32,3993470705.84,966494707,838964434,False
2022-08-17,4.83,126.198739,2.018671,4668169434.81,4052198216.22,966494707,838964434,False
2022-08-18,4.84,126.46002,2.022851,4677834381.88,4060587860.56,966494707,838964434,False
2022-08-19,4.82,125.937458,2.014492,4658504487.74,4043808571.88,966494707,838964434,False
2022-08-22,4.84,126.46002,2.022851,4677834381.88,4060587860.56,966494707,838964434,False
2022-08-23,4.88,237.671776,2.038033,4716494170.16,4094146437.92,966494707,838964434,False
2022-08-24,4.9,238.64584,2.046386,4735824064.3,4110925726.6,966494707,838964434,False
2022-08-25,4.86,236.697711,2.029681,4697164276.02,4077367149.24,966494707,838964434,False
2022-08-26,4.82,234.749582,2.012976,4658504487.74,4043808571.88,966494707,838964434,False
2022-08-29,4.8,233.775517,2.004623,4639174593.6,4027029283.2,966494707,838964434,False
2022-08-30,4.91,239.132873,2.050562,4745489011.37,4119315370.94,966494707,838964434,False
2022-08-31,4.85,236.210679,2.025504,4687499328.95,4068977504.9,966494707,838964434,False
2022-09-01,4.77,232.31442,1.992094,4610179752.39,4001860350.18,966494707,838964434,False
2022-09-02,4.87,237.184743,2.033857,4706829223.09,4085756793.58,966494707,838964434,False
2022-09-05,4.91,239.132873,2.050562,4745489011.37,4119315370.94,966494707,838964434,False
2022-09-06,4.95,241.081002,2.067267,4784148799.65,4152873948.3,966494707,838964434,False
2022-09-07,4.95,241.081002,2.067267,4784148799.65,4152873948.3,966494707,838964434,False
2022-09-08,4.89,238.158808,2.04221,4726159117.23,4102536082.26,966494707,838964434,False
2022-09-09,4.92,239.619905,2.054739,4755153958.44,4127705015.28,966494707,838964434,False
2022-09-13,5.18,252.282745,2.163322,5006442582.26,4345835768.12,966494707,838964434,False
2022-09-14,5.14,250.334616,2.146617,4967782793.98,4312277190.76,966494707,838964434,False
2022-09-15,5.12,249.360551,2.138265,4948452899.84,4295497902.08,966494707,838964434,False
2022-09-16,4.87,237.184743,2.033857,4706829223.09,4085756793.58,966494707,838964434,False
2022-09-19,4.71,229.392226,1.967036,4552190069.97,3951522484.14,966494707,838964434,False
2022-09-20,4.8,233.775517,2.004623,4639174593.6,4027029283.2,966494707,838964434,False
2022-09-21,4.74,230.853323,1.979565,4581184911.18,3976691417.16,966494707,838964434,False
2022-09-22,4.6,224.03487,1.921097,4445875652.2,3859236396.4,966494707,838964434,False
2022-09-23,4.54,221.112676,1.896039,4387885969.78,3808898530.36,966494707,838964434,False
2022-09-26,4.4,214.294224,1.837571,4252576710.8,3691443509.6,966494707,838964434,False
2022-09-27,4.55,221.599709,1.900216,4397550916.85,3817288174.7,966494707,838964434,False
2022-09-28,4.57,222.573773,1.908568,4416880810.99,3834067463.38,966494707,838964434,False
2022-09-29,4.62,225.008935,1.92945,4465205546.34,3876015685.08,966494707,838964434,False
2022-09-30,4.71,229.392226,1.967036,4552190069.97,3951522484.14,966494707,838964434,False
2022-10-10,4.61,224.521903,1.925273,4455540599.27,3867626040.74,966494707,838964434,False
2022-10-11,4.53,220.625644,1.891863,4378221022.71,3800508886.02,966494707,838964434,False
2022-10-12,4.57,222.573773,1.908568,4416880810.99,3834067463.38,966494707,838964434,False
2022-10-13,4.72,229.879258,1.971213,4561855017.04,3959912128.48,966494707,838964434,False
2022-10-14,4.91,239.132873,2.050562,4745489011.37,4119315370.94,966494707,838964434,False
2022-10-17,4.95,241.081002,2.067267,4784148799.65,4152873948.3,966494707,838964434,False
2022-10-18,5.08,247.412422,2.121559,4909793111.56,4261939324.72,966494707,838964434,False
2022-10-19,5.11,248.873519,2.134088,4938787952.77,4287108257.74,966494707,838964434,False
2022-10-20,5.34,260.075263,2.230143,5161081735.38,4480070077.56,966494707,838964434,False
2022-10-21,5.12,249.360551,2.138265,4948452899.84,4295497902.08,966494707,838964434,False
2022-10-24,5.22,254.230875,2.180028,5045102370.54,4379394345.48,966494707,838964434,False
2022-10-25,4.99,243.029131,2.083973,4822808587.93,4186432525.66,966494707,838964434,False
2022-10-26,5.49,267.380747,2.292788,5306055941.43,4605914742.66,966494707,838964434,False
2022-10-27,5.55,270.302941,2.317845,5364045623.85,4656252608.7,966494707,838964434,False
2022-10-28,5.34,260.075263,2.230143,5161081735.38,4480070077.56,966494707,838964434,False
2022-10-31,5.4,163.327224,2.250402,5219071417.8,4530407943.6,966494707,838964434,False
2022-11-01,5.47,165.444429,2.279574,5286726047.29,4589135453.98,966494707,838964434,False
2022-11-02,5.59,169.073923,2.329583,5402705412.13,4689811186.06,966494707,838964434,False
2022-11-03,5.44,164.537056,2.267072,5257731206.08,4563966520.96,966494707,838964434,False
2022-11-04,5.39,163.024767,2.246235,5209406470.73,4522018299.26,966494707,838964434,False
2022-11-07,5.46,165.141971,2.275407,5277061100.22,4580745809.64,966494707,838964434,False
2022-11-08,5.45,164.839513,2.271239,5267396153.15,4572356165.3,966494707,838964434,False
2022-11-09,5.54,167.561634,2.308746,5354380676.78,4647862964.36,966494707,838964434,False
2022-11-10,5.62,169.981296,2.342085,5431700253.34,4714980119.08,966494707,838964434,False
2022-11-11,5.5,166.351803,2.292076,5315720888.5,4667104387.0,966494707,848564434,False
2022-11-14,6.05,182.986983,2.521284,5847292977.35,5133814825.7,966494707,848564434,False
2022-11-15,6.3,190.548428,2.625469,6088916654.1,5345955934.2,966494707,848564434,False
2022-11-16,5.89,178.147658,2.454605,5692653824.23,4998044516.26,966494707,848564434,False
2022-11-17,5.92,179.055031,2.467107,5721648665.44,5023501449.28,966494707,848564434,False
2022-11-18,6.14,185.709103,2.55879,5934277500.98,5210185624.76,966494707,848564434,False
2022-11-21,6.09,184.196814,2.537953,5885952765.63,5167757403.06,966494707,848564434,False
2022-11-22,5.81,175.727995,2.421266,5615334247.67,4930159361.54,966494707,848564434,False
2022-11-23,5.59,169.073923,2.329583,5402705412.13,4743475186.06,966494707,848564434,False
2022-11-24,5.67,171.493586,2.362922,5480024988.69,4811360340.78,966494707,848564434,False
2022-11-25,5.79,175.123079,2.412931,5596004353.53,4913188072.86,966494707,848564434,False
2022-11-28,5.72,173.005875,2.383759,5528349724.04,4853788562.48,966494707,848564434,False
2022-11-29,5.88,177.8452,2.450438,5682988877.16,4989558871.92,966494707,848564434,False
2022-11-30,5.87,177.542742,2.44627,5673323930.09,4981073227.58,966494707,848564434,False
2022-12-01,5.82,176.030453,2.425433,5624999194.74,4938645005.88,966494707,848564434,False
2022-12-02,5.82,176.030453,2.425433,5624999194.74,4938645005.88,966494707,848564434,False
2022-12-05,5.84,176.635369,2.433768,5644329088.88,4955616294.56,966494707,848564434,False
2022-12-06,5.69,172.098501,2.371257,5499354882.83,4828331629.46,966494707,848564434,False
2022-12-07,6.12,185.104188,2.550456,5914947606.84,5193214336.08,966494707,848564434,False
2022-12-08,6.04,182.684525,2.517116,5837628030.28,5125329181.36,966494707,848564434,False
2022-12-09,6.01,181.777152,2.504614,5808633189.07,5099872248.34,966494707,848564434,False
2022-12-12,6.21,187.826308,2.587962,6001932130.47,5269585135.14,966494707,848564434,False
2022-12-13,6.36,192.363175,2.650474,6146906336.52,5396869800.24,966494707,848564434,False
2022-12-14,6.06,183.289441,2.525451,5856957924.42,5142300470.04,966494707,848564434,False
2022-12-15,6.02,182.079609,2.508782,5818298136.14,5108357892.68,966494707,848564434,False
2022-12-16,6.1,184.499272,2.542121,5895617712.7,5176243047.4,966494707,848564434,False
2022-12-19,5.69,172.098501,2.371257,5499354882.83,4828331629.46,966494707,848564434,False
2022-12-20,5.59,169.073923,2.329583,5402705412.13,4743475186.06,966494707,848564434,False
2022-12-21,5.57,168.469007,2.321248,5383375517.99,4726503897.38,966494707,848564434,False
2022-12-22,5.82,176.030453,2.425433,5624999194.74,4938645005.88,966494707,848564434,False
2022-12-23,5.73,173.308333,2.387927,5538014671.11,4862274206.82,966494707,848564434,False
2022-12-26,5.52,166.956718,2.300411,5335050782.64,4684075675.68,966494707,848564434,False
2022-12-27,5.34,161.512477,2.225398,5161081735.38,4531334077.56,966494707,848564434,False
2022-12-28,5.31,160.605104,2.212895,5132086894.17,4505877144.54,966494707,848564434,False
2022-12-29,5.32,160.907562,2.217063,5141751841.24,4514362788.88,966494707,848564434,False
2022-12-30,5.27,159.395273,2.196226,5093427105.89,4471934567.18,966494707,848564434,False
2023-01-03,5.52,166.956718,2.300411,5335050782.64,4684075675.68,966494707,848564434,False
2023-01-04,5.54,167.561634,2.308746,5354380676.78,4701046964.36,966494707,848564434,False
2023-01-05,5.43,164.234598,2.262904,5248066259.01,4607704876.62,966494707,848564434,False
2023-01-06,5.37,162.419851,2.2379,5190076576.59,4556791010.58,966494707,848564434,False
2023-01-09,5.44,164.537056,2.267072,5257731206.08,4616190520.96,966494707,848564434,False
2023-01-10,5.36,162.117393,2.233732,5180411629.52,4548305366.24,966494707,848564434,False
2023-01-11,5.28,159.69773,2.200393,5103092052.96,4480420211.52,966494707,848564434,False
2023-01-12,5.3,160.302646,2.208728,5122421947.1,4497391500.2,966494707,848564434,False
2023-01-13,5.38,162.722309,2.242067,5199741523.66,4565276654.92,966494707,848564434,False
2023-01-16,5.51,166.65426,2.296244,5325385835.57,4675590031.34,966494707,848564434,False
2023-01-17,5.44,164.537056,2.267072,5257731206.08,4616190520.96,966494707,848564434,False
2023-01-18,5.42,163.93214,2.258737,5238401311.94,4599219232.28,966494707,848564434,False
2023-01-19,5.4,163.327224,2.250402,5219071417.8,4582247943.6,966494707,848564434,False
2023-01-20,5.49,166.049345,2.287909,5306055941.43,4658618742.66,966494707,848564434,False
2023-01-30,5.46,165.141971,2.275407,5277061100.22,4633161809.64,966494707,848564434,False
2023-01-31,5.41,163.629682,2.254569,5228736364.87,4590733587.94,966494707,848564434,False
2023-02-01,5.43,164.234598,2.262904,5248066259.01,4607704876.62,966494707,848564434,False
2023-02-02,5.44,164.537056,2.267072,5257731206.08,4616190520.96,966494707,848564434,False
2023-02-03,5.38,162.722309,2.242067,5199741523.66,4565276654.92,966494707,848564434,False
2023-02-06,5.32,160.907562,2.217063,5141751841.24,4514362788.88,966494707,848564434,False
2023-02-07,5.36,162.117393,2.233732,5180411629.52,4548305366.24,966494707,848564434,False
2023-02-08,5.46,165.141971,2.275407,5277061100.22,4633161809.64,966494707,848564434,False
2023-02-09,5.48,165.746887,2.283741,5296390994.36,4650133098.32,966494707,848564434,False
2023-02-10,5.53,167.259176,2.304578,5344715729.71,4692561320.02,966494707,848564434,False
2023-02-13,5.52,166.956718,2.300411,5335050782.64,4684075675.68,966494707,848564434,False
2023-02-14,5.6,169.376381,2.33375,5412370359.2,4751960830.4,966494707,848564434,False
2023-02-15,5.5,166.351803,2.292076,5315720888.5,4667104387.0,966494707,848564434,False
2023-02-16,5.41,163.629682,2.254569,5228736364.87,4590733587.94,966494707,848564434,False
2023-02-17,5.55,167.864092,2.312913,5364045623.85,4709532608.7,966494707,848564434,False
2023-02-20,5.62,169.981296,2.342085,5431700253.34,4768932119.08,966494707,848564434,False
2023-02-21,5.56,168.16655,2.317081,5373710570.92,4718018253.04,966494707,848564434,False
2023-02-22,5.66,171.191128,2.358755,5470360041.62,4802874696.44,966494707,848564434,False
2023-02-23,5.58,168.771465,2.325415,5393040465.06,4734989541.72,966494707,848564434,False
2023-02-24,5.55,167.864092,2.312913,5364045623.85,4709532608.7,966494707,848564434,False
2023-02-27,5.47,165.444429,2.279574,5286726047.29,4641647453.98,966494707,848564434,False
2023-02-28,5.67,171.493586,2.362922,5480024988.69,4811360340.78,966494707,848564434,False
2023-03-01,5.64,170.586212,2.35042,5451030147.48,4785903407.76,966494707,848564434,False
2023-03-02,5.55,167.864092,2.312913,5364045623.85,4709532608.7,966494707,848564434,False
2023-03-03,5.55,167.864092,2.312913,5364045623.85,4709532608.7,966494707,848564434,False
2023-03-06,5.59,169.073923,2.329583,5402705412.13,4743475186.06,966494707,848564434,False
2023-03-07,5.4,163.327224,2.250402,5219071417.8,4582247943.6,966494707,848564434,False
2023-03-08,5.4,163.327224,2.250402,5219071417.8,4582247943.6,966494707,848564434,False
2023-03-09,5.37,162.419851,2.2379,5190076576.59,4556791010.58,966494707,848564434,False
2023-03-10,5.34,161.512477,2.225398,5161081735.38,4531334077.56,966494707,848564434,False
2023-03-13,5.27,159.395273,2.196226,5093427105.89,4471934567.18,966494707,848564434,False
2023-03-14,5.22,157.882984,2.175389,5045102370.54,4429506345.48,966494707,848564434,False
2023-03-15,5.35,161.814935,2.229565,5170746682.45,4539819721.9,966494707,848564434,False
2023-03-16,5.32,160.907562,2.217063,5141751841.24,4514362788.88,966494707,848564434,False
2023-03-17,5.21,157.580526,2.171221,5035437423.47,4421020701.14,966494707,848564434,False
2023-03-20,5.07,153.346116,2.112877,4900128164.49,4302221680.38,966494707,848564434,False
2023-03-21,5.15,155.765779,2.146217,4977447741.05,4370106835.1,966494707,848564434,False
2023-03-22,5.16,156.068237,2.150384,4987112688.12,4378592479.44,966494707,848564434,False
2023-03-23,5.14,155.463321,2.142049,4967782793.98,4361621190.76,966494707,848564434,False
2023-03-24,5.11,154.555948,2.129547,4938787952.77,4336164257.74,966494707,848564434,False
2023-03-27,5.11,154.555948,2.129547,4938787952.77,4336164257.74,966494707,848564434,False
2023-03-28,5.26,159.092815,2.192058,5083762158.82,4463448922.84,966494707,848564434,False
2023-03-29,5.2,157.278068,2.167054,5025772476.4,4412535056.8,966494707,848564434,False
2023-03-30,5.08,153.648574,2.117045,4909793111.56,4310707324.72,966494707,848564434,False
2023-03-31,5.22,157.882984,2.175389,5045102370.54,4429506345.48,966494707,848564434,False
2023-04-03,5.21,157.580526,2.171221,5035437423.47,4421020701.14,966494707,848564434,False
2023-04-04,5.24,158.487899,2.183723,5064432264.68,4446477634.16,966494707,848564434,False
2023-04-06,5.27,159.395273,2.196226,5093427105.89,4471934567.18,966494707,848564434,False
2023-04-07,5.3,160.302646,2.208728,5122421947.1,4497391500.2,966494707,848564434,False
2023-04-10,5.21,157.580526,2.171221,5035437423.47,4421020701.14,966494707,848564434,False
2023-04-11,5.19,156.97561,2.162886,5016107529.33,4404049412.46,966494707,848564434,False
2023-04-12,5.19,156.97561,2.162886,5016107529.33,4404049412.46,966494707,848564434,False
2023-04-13,5.29,160.000188,2.204561,5112757000.03,4488905855.86,966494707,848564434,False
2023-04-14,5.27,159.395273,2.196226,5093427105.89,4471934567.18,966494707,848564434,False
2023-04-17,5.29,160.000188,2.204561,5112757000.03,4488905855.86,966494707,848564434,False
2023-04-18,5.29,160.000188,2.204561,5112757000.03,4488905855.86,966494707,848564434,False
2023-04-19,5.24,167.967021,2.167196,5064432264.68,4446477634.16,966494707,848564434,False
2023-04-20,5.09,163.158805,2.105158,4919458058.63,4319192969.06,966494707,848564434,False
2023-04-21,5.09,163.158805,2.105158,4919458058.63,4319192969.06,966494707,848564434,False
2023-04-24,5.15,165.082092,2.129973,4977447741.05,4370106835.1,966494707,848564434,False
2023-04-25,4.97,159.312232,2.055527,4803478693.79,4217365236.98,966494707,848564434,False
2023-04-26,5.06,162.197162,2.09275,4890463217.42,4293736036.04,966494707,848564434,False
2023-04-27,5.28,169.249212,2.183739,5103092052.96,4480420211.52,966494707,848564434,False
2023-04-28,5.25,161.978904,2.164882,5074097211.75,4454963278.5,966494707,848564434,False
2023-05-04,5.32,164.138622,2.193747,5141751841.24,4514362788.88,966494707,848564434,False
2023-05-05,5.26,162.287435,2.169005,5083762158.82,4463448922.84,966494707,848564434,False
2023-05-08,5.22,161.05331,2.152511,5045102370.54,4429506345.48,966494707,848564434,False
2023-05-09,5.13,158.276529,2.115399,4958117846.91,4353135546.42,966494707,848564434,False
2023-05-10,5.09,157.042404,2.098904,4919458058.63,4319192969.06,966494707,848564434,False
2023-05-11,5.05,155.808279,2.08241,4880798270.35,4285250391.7,966494707,848564434,False
2023-05-12,5.07,156.425341,2.090657,4900128164.49,4302221680.38,966494707,848564434,False
2023-05-15,5.07,156.425341,2.090657,4900128164.49,4302221680.38,966494707,848564434,False
2023-05-16,5.07,156.425341,2.090657,4900128164.49,4302221680.38,966494707,848564434,False
2023-05-17,5.11,157.659466,2.107152,4938787952.77,4336164257.74,966494707,848564434,False
2023-05-18,5.06,156.11681,2.086534,4890463217.42,4293736036.04,966494707,848564434,False
2023-05-19,5.1,157.350935,2.103028,4929123005.7,4327678613.4,966494707,848564434,False
2023-05-22,5.11,157.659466,2.107152,4938787952.77,4336164257.74,966494707,848564434,False
2023-05-23,5.12,157.967997,2.111275,4948452899.84,4344649902.08,966494707,848564434,False
2023-05-24,5.05,155.808279,2.08241,4880798270.35,4285250391.7,966494707,848564434,False
2023-05-25,5.02,154.882685,2.070039,4851803429.14,4259793458.68,966494707,848564434,False
2023-05-26,5.11,157.659466,2.107152,4938787952.77,4336164257.74,966494707,848564434,False
2023-05-29,5.43,167.532466,2.239106,5248066259.01,4607704876.62,966494707,848564434,False
2023-05-30,5.43,167.532466,2.239106,5248066259.01,4607704876.62,966494707,848564434,False
2023-05-31,5.39,166.298341,2.222612,5209406470.73,4573762299.26,966494707,848564434,False
2023-06-01,5.28,162.904497,2.177253,5103092052.96,4480420211.52,966494707,848564434,False
2023-06-02,5.19,160.127716,2.14014,5016107529.33,4404049412.46,966494707,848564434,False
2023-06-05,5.34,164.755685,2.201994,5161081735.38,4531334077.56,966494707,848564434,False
2023-06-06,5.27,162.595966,2.173129,5093427105.89,4471934567.18,966494707,848564434,False
2023-06-07,5.2,160.436247,2.144264,5025772476.4,4412535056.8,966494707,848564434,False
2023-06-08,5.15,158.893591,2.123646,4977447741.05,4370106835.1,966494707,848564434,False
2023-06-09,4.96,153.031498,2.045298,4793813746.72,4208879592.64,966494707,848564434,False
2023-06-12,4.85,149.637654,1.999938,4687499328.95,4115537504.9,966494707,848564434,False
2023-06-13,4.79,147.786466,1.975197,4629509646.53,4064623638.86,966494707,848564434,False
2023-06-14,4.82,148.71206,1.987568,4658504487.74,4090080571.88,966494707,848564434,False
2023-06-15,4.82,148.71206,1.987568,4658504487.74,4090080571.88,966494707,848564434,False
2023-06-16,4.79,147.786466,1.975197,4629509646.53,4064623638.86,966494707,848564434,False
2023-06-19,4.74,146.24381,1.954579,4581184911.18,4022195417.16,966494707,848564434,False
2023-06-20,4.67,144.084091,1.925714,4513530281.69,3962795906.78,966494707,848564434,False
2023-06-21,4.66,143.77556,1.92159,4503865334.62,3954310262.44,966494707,848564434,False
2023-06-26,4.54,140.073185,1.872107,4387885969.78,3852482530.36,966494707,848564434,False
2023-06-27,4.7,145.009685,1.938085,4542525122.9,3988252839.8,966494707,848564434,False
2023-06-28,4.69,144.701154,1.933961,4532860175.83,3979767195.46,966494707,848564434,False
2023-06-29,4.74,146.24381,1.954579,4581184911.18,4022195417.16,966494707,848564434,False
2023-06-30,4.8,148.094998,1.97932,4639174593.6,4073109283.2,966494707,848564434,False
2023-07-03,4.93,152.105904,2.032927,4764818905.51,4183422659.62,966494707,848564434,False
2023-07-04,5.42,167.223935,2.234983,5238401311.94,4599219232.28,966494707,848564434,False
2023-07-05,5.44,167.840997,2.24323,5257731206.08,4616190520.96,966494707,848564434,False
2023-07-06,5.43,167.532466,2.239106,5248066259.01,4607704876.62,966494707,848564434,False
2023-07-07,5.55,171.234841,2.288589,5364045623.85,4709532608.7,966494707,848564434,False
2023-07-10,5.62,173.39456,2.317454,5431700253.34,4768932119.08,966494707,848564434,False
2023-07-11,5.52,170.309247,2.276219,5335050782.64,4684075675.68,966494707,848564434,False
2023-07-12,5.42,167.223935,2.234983,5238401311.94,4599219232.28,966494707,848564434,False
2023-07-13,5.52,170.309247,2.276219,5335050782.64,4684075675.68,966494707,848564434,False
2023-07-14,5.53,170.617779,2.280342,5344715729.71,4692561320.02,966494707,848564434,False
2023-07-17,5.5,169.692185,2.267971,5315720888.5,4667104387.0,966494707,848564434,False
2023-07-18,5.43,167.532466,2.239106,5248066259.01,4607704876.62,966494707,848564434,False
2023-07-19,5.38,165.98981,2.218488,5199741523.66,4565276654.92,966494707,848564434,False
2023-07-20,5.35,165.064216,2.206118,5170746682.45,4582489968.35,966494707,856540181,False
2023-07-21,5.39,166.298341,2.222612,5209406470.73,4616751575.59,966494707,856540181,False
2023-07-24,5.48,169.075122,2.259724,5296390994.36,4693840191.88,966494707,856540181,False
2023-07-25,5.49,169.383654,2.263848,5306055941.43,4702405593.69,966494707,856540181,False
2023-07-26,5.49,169.383654,2.263848,5306055941.43,4702405593.69,966494707,856540181,False
2023-07-27,5.51,170.000716,2.272095,5325385835.57,4719536397.31,966494707,856540181,False
2023-07-28,5.55,171.234841,2.288589,5364045623.85,4753798004.55,966494707,856540181,False
2023-07-31,5.53,170.617779,2.280342,5344715729.71,4736667200.93,966494707,856540181,False
2023-08-01,5.46,168.45806,2.251477,5277061100.22,4676709388.26,966494707,856540181,False
2023-08-02,5.44,167.840997,2.24323,5257731206.08,4659578584.64,966494707,856540181,False
2023-08-03,5.8,178.948122,2.391679,5605669300.6,4967933049.8,966494707,856540181,False
2023-08-04,5.65,174.320153,2.329825,5460695094.55,4839452022.65,966494707,856540181,False
2023-08-07,5.69,175.554278,2.346319,5499354882.83,4873713629.89,966494707,856540181,False
2023-08-08,6.14,189.438184,2.531881,5934277500.98,5259156711.34,966494707,856540181,False
2023-08-09,5.97,184.193153,2.46178,5769973400.79,5113544880.57,966494707,856540181,False
2023-08-10,5.92,182.650497,2.441162,5721648665.44,5304143471.52,966494707,895970181,False
2023-08-11,5.84,180.182247,2.408173,5644329088.88,5232465857.04,966494707,895970181,False
2023-08-14,5.84,180.182247,2.408173,5644329088.88,5232465857.04,966494707,895970181,False
2023-08-15,5.87,181.107841,2.420544,5673323930.09,5259344962.47,966494707,895970181,False
2023-08-16,5.82,179.565185,2.399926,5624999194.74,5214546453.42,966494707,895970181,False
2023-08-17,6.04,186.352872,2.490645,5837628030.28,5411659893.24,966494707,895970181,False
2023-08-18,5.44,167.840997,2.24323,5257731206.08,5254877784.64,966494707,965970181,False
2023-08-21,5.98,173.051353,2.461897,5779638347.86,5776501682.38,966494707,965970181,False
2023-08-22,6.03,174.49827,2.482481,5827963083.21,5824800191.43,966494707,965970181,False
2023-08-23,5.96,172.472586,2.453663,5760308453.72,5757182278.76,966494707,965970181,False
2023-08-24,6.06,175.366421,2.494832,5856957924.42,5853779296.86,966494707,965970181,False
2023-08-25,6.06,175.366421,2.494832,5856957924.42,5853779296.86,966494707,965970181,False
2023-08-28,6.3,182.311626,2.593637,6088916654.1,6085612140.3,966494707,965970181,False
2023-08-29,6.17,178.54964,2.540118,5963272342.19,5960036016.77,966494707,965970181,False
2023-08-30,6.79,196.491419,2.795364,6562499060.53,6558937528.99,966494707,965970181,False
2023-08-31,7.47,216.169499,3.075313,7219715461.29,7215797252.07,966494707,965970181,False
2023-09-01,7.26,210.092445,2.988858,7016751572.82,7012943514.06,966494707,965970181,False
2023-09-04,7.99,231.217443,3.289391,7722292708.93,7718101746.19,966494707,965970181,False
2023-09-05,7.96,230.349292,3.27704,7693297867.72,7689122640.76,966494707,965970181,False
2023-09-06,7.85,227.166073,3.231754,7586983449.95,7582865920.85,966494707,965970181,False
2023-09-07,7.77,224.851005,3.198819,7509663873.39,7505588306.37,966494707,965970181,False
2023-09-08,7.78,225.140388,3.202936,7519328820.46,7515248008.18,966494707,965970181,False
2023-09-11,8.56,247.712304,3.524053,8273194691.92,8268704749.36,966494707,965970181,False
2023-09-12,9.42,272.599288,3.878105,9104380139.94,9099439105.02,966494707,965970181,False
2023-09-13,10.36,299.80134,4.265092,10012885164.52,10007451075.16,966494707,965970181,False
2023-09-14,11.4,329.897227,4.693248,11018039659.8,11012060063.4,966494707,965970181,False
2023-09-15,12.54,362.88695,5.162573,12119843625.78,12113266069.74,966494707,965970181,False
2023-09-18,13.52,391.246536,5.566028,13067008438.64,13059916847.12,966494707,965970181,False
2023-09-19,13.34,386.037633,5.491924,12893039391.38,12886042214.54,966494707,965970181,False
2023-09-20,12.01,347.549623,4.944378,11607601431.07,11601301873.81,966494707,965970181,False
2023-09-21,13.21,382.275647,5.438404,12767395079.47,12760466091.01,966494707,965970181,False
2023-09-22,11.89,344.07702,4.894975,11491622066.23,11485385452.09,966494707,965970181,False
2023-09-25,10.7,309.64038,4.405066,10341493364.9,10335880936.7,966494707,965970181,False
2023-09-26,11.01,318.61127,4.53269,10641106724.07,10635331692.81,966494707,965970181,False
2023-09-27,11.59,335.395514,4.771469,11201673654.13,11195594397.79,966494707,965970181,False
2023-09-28,12.75,368.964004,5.249027,12322807514.25,12316119807.75,966494707,965970181,False
2023-10-09,13.54,391.825303,5.574261,13086338332.78,13079236250.74,966494707,965970181,False
2023-10-10,12.19,352.758526,5.018482,11781570478.33,11775176506.39,966494707,965970181,False
2023-10-11,12.17,352.179759,5.010248,11762240584.19,11755857102.77,966494707,965970181,False
2023-10-12,13.39,387.48455,5.512508,12941364126.73,12934340723.59,966494707,965970181,False
2023-10-13,14.73,426.261944,6.064171,14236467034.11,14228740766.13,966494707,965970181,False
2023-10-16,14.32,414.397219,5.895378,13840204204.24,13832692991.92,966494707,965970181,False
2023-10-17,15.75,455.779064,6.484093,15222291635.25,15214030350.75,966494707,965970181,False
2023-10-18,15.15,438.416052,6.23708,14642394811.05,14634448242.15,966494707,965970181,False
2023-10-19,13.64,394.719139,5.61543,13182987803.48,13175833268.84,966494707,965970181,False
2023-10-20,13.0,376.198593,5.35195,12564431191.0,12557612353.0,966494707,965970181,False
2023-10-23,12.3,355.941745,5.063768,11887884896.1,11881433226.3,966494707,965970181,False
2023-10-24,12.13,351.022225,4.993781,11723580795.91,11717218295.53,966494707,965970181,False
2023-10-25,12.78,369.832155,5.261378,12351802355.46,12345098913.18,966494707,965970181,False
2023-10-26,13.05,377.64551,5.372534,12612755926.35,12605910862.05,966494707,965970181,False
2023-10-27,12.62,366.973739,5.263388,12197163202.34,12190543684.22,966494707,965970181,False
2023-10-30,12.79,371.917126,5.334289,12361467302.53,12354758614.99,966494707,965970181,False
2023-10-31,13.18,383.257836,5.496945,12738400238.26,12731486985.58,966494707,965970181,False
2023-11-01,12.43,361.448778,5.184145,12013529208.01,12007009349.83,966494707,965970181,False
2023-11-02,11.55,335.859484,4.817126,11163013865.85,11156955590.55,966494707,965970181,False
2023-11-03,11.87,345.164682,4.950587,11472292172.09,11466066048.47,966494707,965970181,False
2023-11-06,12.3,357.668542,5.129926,11887884896.1,11881433226.3,966494707,965970181,False
2023-11-07,12.43,361.448778,5.184145,12013529208.01,12007009349.83,966494707,965970181,False
2023-11-08,12.47,362.611928,5.200828,12052188996.29,12045648157.07,966494707,965970181,False
2023-11-09,12.45,362.030353,5.192486,12032859102.15,12026328753.45,966494707,965970181,False
2023-11-10,13.0,378.023662,5.421873,12564431191.0,12557612353.0,966494707,965970181,False
2023-11-13,12.7,369.300039,5.296753,12274482778.9,12267821298.7,966494707,965970181,False
2023-11-14,13.97,406.230043,5.826428,13501931056.79,13494603428.57,966494707,965970181,False
2023-11-15,14.82,430.946974,6.180935,14323451557.74,14315678082.42,966494707,965970181,False
2023-11-16,14.6,424.549651,6.089181,14110822722.2,14103164642.6,966494707,965970181,False
2023-11-17,15.03,437.05351,6.26852,14526415446.21,14518531820.43,966494707,965970181,False
2023-11-20,14.81,430.656187,6.176765,14313786610.67,14306018380.61,966494707,965970181,False
2023-11-21,14.75,428.911462,6.151741,14255796928.25,14248060169.75,966494707,965970181,False
2023-11-22,14.82,430.946974,6.180935,14323451557.74,14315678082.42,966494707,965970181,False
2023-11-23,16.3,473.983514,6.798195,15753863724.1,15745313950.3,966494707,965970181,False
2023-11-24,17.93,521.381866,7.478014,17329250096.51,17319845345.33,966494707,965970181,False
2023-11-27,17.8,517.601629,7.423796,17203605784.6,17194269221.8,966494707,965970181,False
2023-11-28,17.81,517.892417,7.427966,17213270731.67,17203928923.61,966494707,965970181,False
2023-11-29,17.7,514.693755,7.382089,17106956313.9,17097672203.7,966494707,965970181,False
2023-11-30,17.16,498.991234,7.156873,16585049172.12,16576048305.96,966494707,965970181,False
2023-12-01,17.45,507.424069,7.277822,16865332637.15,16856179658.45,966494707,965970181,False
2023-12-04,19.2,558.31187,8.00769,18556698374.4,18546627475.2,966494707,965970181,False
2023-12-05,21.12,614.143057,8.808459,20412368211.84,20401290222.72,966494707,965970181,False
2023-12-06,22.12,643.2218,9.225526,21378862918.84,21367260403.72,966494707,965970181,False
2023-12-07,21.51,625.483767,8.971115,20789301147.57,20778018593.31,966494707,965970181,False
2023-12-08,23.66,688.003064,9.867809,22867264767.62,22854854482.46,966494707,965970181,False
2023-12-11,24.1,700.797711,10.051319,23292522438.7,23279881362.1,966494707,965970181,False
2023-12-12,21.69,630.71794,9.046187,20963270194.83,20951893225.89,966494707,965970181,False
2023-12-13,23.86,693.818813,9.951223,23060563709.02,23048048518.66,966494707,965970181,False
2023-12-14,23.4,680.442591,9.759372,22615976143.8,22603702235.4,966494707,965970181,False
2023-12-15,21.07,612.689119,8.787605,20364043476.49,20352991713.67,966494707,965970181,False
2023-12-18,21.25,617.923293,8.862677,20538012523.75,20526866346.25,966494707,965970181,False
2023-12-19,21.02,611.235182,8.766752,20315718741.14,20304693204.62,966494707,965970181,False
2023-12-20,21.32,619.958805,8.891872,20605667153.24,20594484258.92,966494707,965970181,False
2023-12-21,21.13,614.433844,8.812629,20422033158.91,20410949924.53,966494707,965970181,False
2023-12-22,20.18,586.809038,8.416415,19503863187.26,19493278252.58,966494707,965970181,False
2023-12-25,19.56,568.780217,8.157834,18904636468.92,18894376740.36,966494707,965970181,False
2023-12-26,21.52,625.774554,8.975285,20798966094.64,20787678295.12,966494707,965970181,False
2023-12-27,20.37,592.333999,8.495658,19687497181.59,19676812586.97,966494707,965970181,False
2023-12-28,19.94,579.83014,8.316319,19271904457.58,19261445409.14,966494707,965970181,False
2023-12-29,19.94,579.83014,8.316319,19271904457.58,19261445409.14,966494707,965970181,False
2024-01-02,19.68,572.269666,8.207882,19020615833.76,19010293162.08,966494707,965970181,False
2024-01-03,19.62,570.524942,8.182858,18962626151.34,18952334951.22,966494707,965970181,False
2024-01-04,19.8,575.759116,8.25793,19136595198.6,19126209583.8,966494707,965970181,False
2024-01-05,19.49,566.744705,8.128639,18836981839.43,18826758827.69,966494707,965970181,False
2024-01-08,18.45,536.502812,7.694889,17831827344.15,17822149839.45,966494707,965970181,False
2024-01-09,18.5,537.956749,7.715743,17880152079.5,17870448348.5,966494707,965970181,False
2024-01-10,17.71,514.984542,7.38626,17116621260.97,17107331905.51,966494707,965970181,False
2024-01-11,17.79,517.310842,7.419625,17193940837.53,17184609519.99,966494707,965970181,False
2024-01-12,17.65,513.239818,7.361235,17058631578.55,17049373694.65,966494707,965970181,False
2024-01-15,18.96,551.332971,7.907593,18324739644.72,18314794631.76,966494707,965970181,False
2024-01-16,18.68,543.190923,7.790815,18054121126.76,18044322981.08,966494707,965970181,False
2024-01-17,17.99,523.12659,7.503038,17387239778.93,17377803556.19,966494707,965970181,False
2024-01-18,17.45,507.424069,7.277822,16865332637.15,16856179658.45,966494707,965970181,False
2024-01-19,17.64,512.94903,7.357065,17048966631.48,17039713992.84,966494707,965970181,False
2024-01-22,16.46,478.636113,6.864926,15908502877.22,15899869179.26,966494707,965970181,False
2024-01-23,16.35,475.437452,6.819048,15802188459.45,15793612459.35,966494707,965970181,False
2024-01-24,16.27,473.111152,6.785683,15724868882.89,15716334844.87,966494707,965970181,False
2024-01-25,17.09,496.955722,7.127678,16517394542.63,16508430393.29,966494707,965970181,False
2024-01-26,16.8,488.522886,7.006728,16237111077.6,16228299040.8,966494707,965970181,False
2024-01-29,16.78,487.941311,6.998387,16217781183.46,16208979637.18,966494707,965970181,False
2024-01-30,15.99,464.969104,6.668904,15454250364.93,15445863194.19,966494707,965970181,False
2024-01-31,14.75,428.911462,6.151741,14255796928.25,14248060169.75,966494707,965970181,False
2024-02-01,14.79,430.074612,6.168423,14294456716.53,14286698976.99,966494707,965970181,False
2024-02-02,14.38,418.152327,5.997426,13898193886.66,13890651202.78,966494707,965970181,False
2024-02-05,13.23,384.711773,5.517799,12786724973.61,12779785494.63,966494707,965970181,False
2024-02-06,14.04,408.265555,5.855623,13569585686.28,13562221341.24,966494707,965970181,False
2024-02-07,13.05,379.477599,5.442727,12612755926.35,12605910862.05,966494707,965970181,False
2024-02-08,13.5,392.563033,5.630407,13047678544.5,13040597443.5,966494707,965970181,False
2024-02-19,14.36,417.570753,5.989085,13878863992.52,13871331799.16,966494707,965970181,False
2024-02-20,15.32,445.486346,6.389469,14806698911.24,14798663172.92,966494707,965970181,False
2024-02-21,14.96,435.017998,6.239325,14458760816.72,14450913907.76,966494707,965970181,False
2024-02-22,15.21,442.287684,6.343592,14700384493.47,14692406453.01,966494707,965970181,False
2024-02-23,15.66,455.373119,6.531272,15135307111.62,15127093034.46,966494707,965970181,False
2024-02-26,15.69,456.245481,6.543784,15164301952.83,15156072139.89,966494707,965970181,False
2024-02-27,16.21,471.366427,6.760659,15666879200.47,15658376634.01,966494707,965970181,False
2024-02-28,15.24,443.160047,6.356104,14729379334.68,14721385558.44,966494707,965970181,False
2024-02-29,15.38,447.231071,6.414493,14864688593.66,14856621383.78,966494707,965970181,False
2024-03-01,15.24,443.160047,6.356104,14729379334.68,14721385558.44,966494707,965970181,False
2024-03-04,16.76,487.359736,6.990046,16198451289.32,16189660233.56,966494707,965970181,False
2024-03-05,16.9,491.43076,7.048435,16333760548.3,16324896058.9,966494707,965970181,False
2024-03-06,17.78,517.020054,7.415454,17184275890.46,17174949818.18,966494707,965970181,False
2024-03-07,16.83,489.395248,7.01924,16266105918.81,16257278146.23,966494707,965970181,False
2024-03-08,16.94,492.59391,7.065118,16372420336.58,16363534866.14,966494707,965970181,False
2024-03-11,17.09,496.955722,7.127678,16517394542.63,16508430393.29,966494707,965970181,False
2024-03-12,17.3,503.062258,7.215262,16720358431.1,16711284131.3,966494707,965970181,False
2024-03-13,17.03,495.210997,7.102654,16459404860.21,16450472182.43,966494707,965970181,False
2024-03-14,17.08,496.664934,7.123507,16507729595.56,16498770691.48,966494707,965970181,False
2024-03-15,17.13,498.118871,7.144361,16556054330.91,16547069200.53,966494707,965970181,False
2024-03-18,17.59,511.495093,7.336211,17000641896.13,16991415483.79,966494707,965970181,False
2024-03-19,18.21,529.523914,7.594793,17599868614.47,17590316996.01,966494707,965970181,False
2024-03-20,18.3,532.141001,7.632329,17686853138.1,17677254312.3,966494707,965970181,False
2024-03-21,18.26,530.977851,7.615646,17648193349.82,17638615505.06,966494707,965970181,False
2024-03-22,18.8,546.680372,7.840863,18170100491.6,18160239402.8,966494707,965970181,False
2024-03-25,19.1,555.403995,7.965983,18460048903.7,18450030457.1,966494707,965970181,False
2024-03-26,18.3,532.141001,7.632329,17686853138.1,17677254312.3,966494707,965970181,False
2024-03-27,17.24,501.317533,7.190238,16662368748.68,16653325920.44,966494707,965970181,False
2024-03-28,18.25,530.687064,7.611476,17638528402.75,17628955803.25,966494707,965970181,False
2024-03-29,18.5,537.956749,7.715743,17880152079.5,17870448348.5,966494707,965970181,False
2024-04-01,18.84,547.843522,7.857545,18208760279.88,18198878210.04,966494707,965970181,False
2024-04-02,18.66,542.609348,7.782473,18034791232.62,18025003577.46,966494707,965970181,False
2024-04-03,18.7,543.772498,7.799156,18073451020.9,18063642384.7,966494707,965970181,False
2024-04-08,17.72,515.27533,7.39043,17126286208.04,17116991607.32,966494707,965970181,False
2024-04-09,18.16,528.069977,7.57394,17551543879.12,17542018486.96,966494707,965970181,False
2024-04-10,17.35,504.516195,7.236115,16768683166.45,16759582640.35,966494707,965970181,False
2024-04-11,17.39,505.679344,7.252798,16807342954.73,16798221447.59,966494707,965970181,False
2024-04-12,17.07,496.374147,7.119337,16498064648.49,16489110989.67,966494707,965970181,False
2024-04-15,16.4,476.891389,6.839902,15850513194.8,15841910968.4,966494707,965970181,False
2024-04-16,15.22,442.578472,6.347762,14710049440.54,14702066154.82,966494707,965970181,False
2024-04-17,16.01,465.550679,6.677245,15473580259.07,15465182597.81,966494707,965970181,False
2024-04-18,15.76,458.280993,6.572979,15231956582.32,15223690052.56,966494707,965970181,False
2024-04-19,16.82,370.022091,7.014152,16256440971.74,16247618444.42,966494707,965970181,False
2024-04-22,16.27,357.922676,6.784795,15724868882.89,15716334844.87,966494707,965970181,False
2024-04-23,16.33,341.934594,6.782931,15782858565.31,15774293055.73,966494707,965970181,False
2024-04-24,16.59,347.378745,6.890927,16034147189.13,16025445302.79,966494707,965970181,False
2024-04-25,16.97,355.335582,7.048766,16401415177.79,16392513971.57,966494707,965970181,False
2024-04-26,17.03,356.591925,7.073688,16459404860.21,16450472182.43,966494707,965970181,False
2024-04-29,17.01,356.173144,7.06538,16440074966.07,16431152778.81,966494707,965970181,False
2024-04-30,17.16,359.314,7.127685,16585049172.12,16576048305.96,966494707,965970181,False
2024-05-06,17.5,366.433275,7.26891,16913657372.5,16904478167.5,966494707,965970181,False
2024-05-07,17.56,367.689618,7.293832,16971647054.92,16962436378.36,966494707,965970181,False
2024-05-08,18.06,378.15914,7.501515,17454894408.42,17445421468.86,966494707,965970181,False
2024-05-09,18.94,396.585499,7.867037,18305409750.58,18295475228.14,966494707,965970181,False
2024-05-10,18.86,394.910376,7.833808,18228090174.02,18218197613.66,966494707,965970181,False
2024-05-13,16.97,355.335582,7.048766,16401415177.79,16392513971.57,966494707,965970181,False
2024-05-14,16.04,335.862271,6.662475,15502575100.28,15494161703.24,966494707,965970181,False
2024-05-15,15.69,328.533605,6.517097,15164301952.83,15156072139.89,966494707,965970181,False
2024-05-16,17.2,360.151562,7.1443,16623708960.4,16614687113.2,966494707,965970181,False
2024-05-17,16.42,343.819108,6.820314,15869843088.94,15861230372.02,966494707,965970181,False
2024-05-20,16.47,344.86606,6.841083,15918167824.29,15909528881.07,966494707,965970181,False
2024-05-21,16.18,338.793737,6.720626,15637884359.26,15629397528.58,966494707,965970181,False
2024-05-22,16.25,340.25947,6.749702,15705538988.75,15697015441.25,966494707,965970181,False
2024-05-23,15.95,333.977757,6.625092,15415590576.65,15407224386.95,966494707,965970181,False
2024-05-24,16.08,336.699833,6.67909,15541234888.56,15532800510.48,966494707,965970181,False
2024-05-27,15.76,329.999338,6.546173,15231956582.32,15223690052.56,966494707,965970181,False
2024-05-28,15.7,328.742996,6.521251,15173966899.9,15165731841.7,966494707,965970181,False
2024-05-29,15.89,332.721414,6.60017,15357600894.23,15349266176.09,966494707,965970181,False
2024-05-30,15.92,333.349585,6.612631,15386595735.44,15378245281.52,966494707,965970181,False
2024-05-31,16.36,342.562765,6.795392,15811853406.52,15803272161.16,966494707,965970181,False
2024-06-03,16.26,340.468861,6.753856,15715203935.82,15706675143.06,966494707,965970181,False
2024-06-04,16.57,346.959964,6.882619,16014817294.99,16006125899.17,966494707,965970181,False
2024-06-05,16.52,345.913012,6.861851,15966492559.64,15957827390.12,966494707,965970181,False
2024-06-06,16.02,335.44349,6.654168,15483245206.14,15474842299.62,966494707,965970181,False
2024-06-07,16.28,340.887641,6.762163,15734533829.96,15725994546.68,966494707,965970181,False
2024-06-11,16.52,345.913012,6.861851,15966492559.64,15957827390.12,966494707,965970181,False
2024-06-12,16.86,353.032287,7.003076,16295100760.02,16286257251.66,966494707,965970181,False
2024-06-13,16.87,353.241678,7.007229,16304765707.09,16295916953.47,966494707,965970181,False
2024-06-14,17.28,361.826686,7.177529,16701028536.96,16691964727.68,966494707,965970181,False
2024-06-17,17.73,371.249256,7.364444,17135951155.11,17126651309.13,966494707,965970181,False
2024-06-18,18.06,378.15914,7.501515,17454894408.42,17445421468.86,966494707,965970181,False
2024-06-19,17.77,372.086817,7.381059,17174610943.39,17165290116.37,966494707,965970181,False
2024-06-20,16.9,353.869849,7.01969,16333760548.3,16324896058.9,966494707,965970181,False
2024-06-21,17.67,369.992913,7.339522,17077961472.69,17068693098.27,966494707,965970181,False
2024-06-24,17.69,370.411694,7.34783,17097291366.83,17088012501.89,966494707,965970181,False
2024-06-25,17.56,367.689618,7.293832,16971647054.92,16962436378.36,966494707,965970181,False
2024-06-26,17.34,363.083028,7.202451,16759018219.38,16749922938.54,966494707,965970181,False
2024-06-27,16.79,351.566554,6.974,16227446130.53,16218639338.99,966494707,965970181,False
2024-06-28,16.19,339.003127,6.72478,15647549306.33,15639057230.39,966494707,965970181,False
2024-07-01,16.04,335.862271,6.662475,15502575100.28,15494763203.24,966494707,966007681,False
2024-07-02,15.98,334.605928,6.637553,15444585417.86,15436802742.38,966494707,966007681,False
2024-07-03,15.96,334.187147,6.629246,15425255523.72,15417482588.76,966494707,966007681,False
2024-07-04,15.84,331.674462,6.579402,15309276158.88,15301561667.04,966494707,966007681,False
2024-07-05,16.08,336.699833,6.67909,15541234888.56,15533403510.48,966494707,966007681,False
2024-07-08,15.98,334.605928,6.637553,15444585417.86,15436802742.38,966494707,966007681,False
2024-07-09,16.15,338.165566,6.708165,15608889518.05,15601024048.15,966494707,966007681,False
2024-07-10,16.07,336.490442,6.674936,15531569941.49,15523743433.67,966494707,966007681,False
2024-07-11,16.45,344.447279,6.832775,15898837930.15,15890826352.45,966494707,966007681,False
2024-07-12,16.59,347.378745,6.890927,16034147189.13,16026067427.79,966494707,966007681,False
2024-07-15,16.09,336.909223,6.683244,15550899835.63,15543063587.29,966494707,966007681,False
2024-07-16,16.32,341.725203,6.778778,15773193618.24,15765245353.92,966494707,966007681,False
2024-07-17,16.41,343.609717,6.816161,15860178141.87,15852186045.21,966494707,966007681,False
2024-07-18,16.35,342.353375,6.791239,15802188459.45,15794225584.35,966494707,966007681,False
2024-07-19,16.0,335.024709,6.645861,15463915312.0,15456122896.0,966494707,966007681,False
2024-07-22,16.01,335.234099,6.650014,15473580259.07,15465782972.81,966494707,966007681,False
2024-07-23,16.44,344.237889,6.828622,15889172983.08,15881166275.64,966494707,966007681,False
2024-07-24,16.29,341.097032,6.766317,15744198777.03,15736265123.49,966494707,966007681,False
2024-07-25,15.31,320.576768,6.359258,14797033964.17,14789577596.11,966494707,966007681,False
2024-07-26,14.29,299.218943,5.935584,13811209363.03,13804249761.49,966494707,966007681,False
2024-07-29,13.81,289.168202,5.736208,13347291903.67,13340566074.61,966494707,966007681,False
2024-07-30,13.65,285.817955,5.66975,13192652750.55,13186004845.65,966494707,966007681,False
2024-07-31,14.37,300.894067,5.968814,13888528939.59,13881530375.97,966494707,966007681,False
2024-08-01,14.4,301.522238,5.981274,13917523780.8,13910510606.4,966494707,966007681,False
2024-08-02,14.46,302.778581,6.006196,13975513463.22,13968471067.26,966494707,966007681,False
2024-08-05,14.28,299.009553,5.931431,13801544415.96,13794589684.68,966494707,966007681,False
2024-08-06,14.39,301.312848,5.977121,13907858833.73,13900850529.59,966494707,966007681,False
2024-08-07,14.52,304.034923,6.031118,14033503145.64,14026431528.12,966494707,966007681,False
2024-08-08,14.44,302.3598,5.997889,13956183569.08,13949150913.64,966494707,966007681,False
2024-08-09,14.26,298.590772,5.923123,13782214521.82,13775269531.06,966494707,966007681,False
2024-08-12,14.3,299.428334,5.939738,13820874310.1,13813909838.3,966494707,966007681,False
2024-08-13,14.14,296.078087,5.873279,13666235156.98,13659348609.34,966494707,966007681,False
2024-08-14,14.12,295.659306,5.864972,13646905262.84,13640028455.72,966494707,966007681,False
2024-08-15,14.22,297.75321,5.906509,13743554733.54,13736629223.82,966494707,966007681,False
2024-08-16,14.37,300.894067,5.968814,13888528939.59,13881530375.97,966494707,966007681,False
2024-08-19,13.96,292.309059,5.798513,13492266109.72,13485467226.76,966494707,966007681,False
2024-08-20,13.6,284.771003,5.648981,13144328015.2,13137704461.6,966494707,966007681,False
2024-08-21,13.09,277.290479,5.429486,12651415714.63,12645040544.29,966494707,966007681,False
2024-08-22,12.86,272.418301,5.334087,12429121932.02,12422858777.66,966494707,966007681,False
2024-08-23,13.23,280.256153,5.487556,12786724973.61,12780281619.63,966494707,966007681,False
2024-08-26,13.33,282.374491,5.529034,12883374444.31,12876882387.73,966494707,966007681,False
2024-08-27,13.34,282.586325,5.533182,12893039391.38,12886542464.54,966494707,966007681,False
2024-08-28,13.22,280.044319,5.483408,12777060026.54,12770621542.82,966494707,966007681,False
2024-08-29,14.54,308.006384,6.030919,14052833039.78,14045751681.74,966494707,966007681,False
2024-08-30,15.99,338.722289,6.632352,15454250364.93,15446462819.19,966494707,966007681,False
2024-09-02,16.29,345.077304,6.756786,15744198777.03,15736265123.49,966494707,966007681,False
2024-09-03,15.64,331.308105,6.487178,15115977217.48,15108360130.84,966494707,966007681,False
2024-09-04,15.22,322.411085,6.31297,14710049440.54,14702636904.82,966494707,966007681,False
2024-09-05,15.16,321.140082,6.288083,14652059758.12,14644676443.96,966494707,966007681,False
2024-09-06,14.63,309.912889,6.068249,14139817563.41,14132692373.03,966494707,966007681,False
2024-09-09,14.47,306.523548,6.001884,13985178410.29,13978131144.07,966494707,966007681,False
2024-09-10,14.19,300.5922,5.885746,13714559892.33,13707648993.39,966494707,966007681,False
2024-09-11,14.08,298.262028,5.84012,13608245474.56,13601388148.48,966494707,966007681,False
2024-09-12,14.0,296.567358,5.806937,13530925898.0,13524107534.0,966494707,966007681,False
2024-09-13,13.57,287.458503,5.628581,13115333173.99,13108724231.17,966494707,966007681,False
2024-09-18,13.77,291.69518,5.711538,13308632115.39,13301925767.37,966494707,966007681,False
2024-09-19,14.07,298.050194,5.835972,13598580527.49,13591728071.67,966494707,966007681,False
2024-09-20,13.86,293.601684,5.748868,13395616639.02,13388866458.66,966494707,966007681,False
2024-09-23,13.73,290.847844,5.694946,13269972327.11,13263285460.13,966494707,966007681,False
2024-09-24,14.14,299.533031,5.865007,13666235156.98,13659348609.34,966494707,966007681,False
2024-09-25,14.08,298.262028,5.84012,13608245474.56,13601388148.48,966494707,966007681,False
2024-09-26,14.52,307.582717,6.022623,14033503145.64,14026431528.12,966494707,966007681,False
2024-09-27,15.49,328.130598,6.424961,14971003011.43,14963458978.69,966494707,966007681,False
2024-09-30,16.53,350.161316,6.856334,15976157506.71,15968106966.93,966494707,966007681,False
2024-10-08,16.57,351.008651,6.872925,16014817294.99,16006747274.17,966494707,966007681,False
2024-10-09,14.93,316.267904,6.192684,14429765975.51,14422494677.33,966494707,966007681,False
2024-10-10,14.9,315.632402,6.18024,14400771134.3,14393514446.9,966494707,966007681,False
2024-10-11,14.22,301.227702,5.898189,13743554733.54,13736629223.82,966494707,966007681,False
2024-10-14,15.28,323.682087,6.337857,14768039122.96,14760597365.68,966494707,966007681,False
2024-10-15,14.86,314.785067,6.163649,14362111346.02,14354874139.66,966494707,966007681,False
2024-10-16,15.36,325.376758,6.37104,14845358699.52,14837877980.16,966494707,966007681,False
2024-10-17,15.15,320.928248,6.283936,14642394811.05,14635016367.15,966494707,966007681,False
2024-10-18,15.47,327.70693,6.416666,14951673117.29,14944138825.07,966494707,966007681,False
2024-10-21,15.53,286.954234,6.410039,15009662799.71,15002099285.93,966494707,966007681,False
2024-10-22,15.78,291.573587,6.513227,15251286476.46,15243601206.18,966494707,966007681,False
2024-10-23,15.67,289.541072,6.467825,15144972058.69,15137340361.27,966494707,966007681,False
2024-10-24,15.48,286.030363,6.389402,14961338064.36,14953798901.88,966494707,966007681,False
2024-10-25,15.79,291.758361,6.517355,15260951423.53,15253261282.99,966494707,966007681,False
2024-10-28,16.24,300.073197,6.703093,15695874041.68,15687964739.44,966494707,966007681,False
2024-10-29,15.58,287.878104,6.430677,15057987535.06,15050399669.98,966494707,966007681,False
2024-10-30,15.44,285.291266,6.372892,14922678276.08,14915158594.64,966494707,966007681,False
2024-10-31,15.34,283.443525,6.331617,14826028805.38,14818557826.54,966494707,966007681,False
2024-11-01,14.9,275.313463,6.150006,14400771134.3,14393514446.9,966494707,966007681,False
2024-11-04,15.23,281.41101,6.286214,14719714387.61,14712296981.63,966494707,966007681,False
2024-11-05,15.4,284.55217,6.356382,14884018487.8,14876518287.4,966494707,966007681,False
2024-11-06,15.21,281.041461,6.277959,14700384493.47,14692976828.01,966494707,966007681,False
2024-11-07,15.5,286.399911,6.397657,14980667958.5,14973119055.5,966494707,966007681,False
2024-11-08,15.6,288.247653,6.438932,15077317429.2,15069719823.6,966494707,966007681,False
2024-11-11,15.68,289.725846,6.471952,15154637005.76,15147000438.08,966494707,966007681,False
2024-11-12,15.7,290.095394,6.480207,15173966899.9,15166320591.7,966494707,966007681,False
2024-11-13,15.52,286.769459,6.405912,14999997852.64,14992439209.12,966494707,966007681,False
2024-11-14,14.89,275.128689,6.145878,14391106187.23,14383854370.09,966494707,966007681,False
2024-11-15,14.45,266.998627,5.964267,13965848516.15,13958810990.45,966494707,966007681,False
2024-11-18,14.02,259.053339,5.786784,13550255792.14,13543427687.62,966494707,966007681,False
2024-11-19,14.42,266.444304,5.951885,13936853674.94,13929830760.02,966494707,966007681,False
2024-11-20,14.44,266.813853,5.96014,13956183569.08,13949150913.64,966494707,966007681,False
2024-11-21,14.38,265.705208,5.935375,13898193886.66,13891190452.78,966494707,966007681,False
2024-11-22,13.74,253.879663,5.671213,13279637274.18,13272945536.94,966494707,966007681,False
2024-11-25,13.86,256.096953,5.720743,13395616639.02,13388866458.66,966494707,966007681,False
2024-11-26,13.99,258.499017,5.774401,13521260950.93,13514447457.19,966494707,966007681,False
2024-11-27,14.25,263.303144,5.881717,13772549574.75,13765609454.25,966494707,966007681,False
2024-11-28,14.44,266.813853,5.96014,13956183569.08,13949150913.64,966494707,966007681,False
2024-11-29,14.41,266.25953,5.947757,13927188727.87,13920170683.21,966494707,966007681,False
2024-12-02,14.76,272.726625,6.09222,14265461875.32,14258273371.56,966494707,966007681,False
2024-12-03,14.54,268.661594,6.001415,14052833039.78,14045751681.74,966494707,966007681,False
2024-12-04,14.23,262.933596,5.873462,13753219680.61,13746289300.63,966494707,966007681,False
2024-12-05,14.35,265.150886,5.922992,13869199045.45,13862210222.35,966494707,966007681,False
2024-12-06,15.79,291.758361,6.517355,15260951423.53,15253261282.99,966494707,966007681,False
2024-12-09,15.63,288.801975,6.451315,15106312270.41,15098700054.03,966494707,966007681,False
2024-12-10,15.58,287.878104,6.430677,15057987535.06,15050399669.98,966494707,966007681,False
2024-12-11,16.05,296.562489,6.62467,15512240047.35,15504423280.05,966494707,966007681,False
2024-12-12,16.21,299.518875,6.690711,15666879200.47,15658984509.01,966494707,966007681,False
2024-12-13,16.04,296.377715,6.620543,15502575100.28,15494763203.24,966494707,966007681,False
2024-12-16,16.15,298.41023,6.665946,15608889518.05,15601024048.15,966494707,966007681,False
2024-12-17,15.4,284.55217,6.356382,14884018487.8,14876518287.4,966494707,966007681,False
2024-12-18,15.34,283.443525,6.331617,14826028805.38,14818557826.54,966494707,966007681,False
2024-12-19,15.36,283.813073,6.339872,14845358699.52,14837877980.16,966494707,966007681,False
2024-12-20,15.73,290.649716,6.49259,15202961741.11,15195300822.13,966494707,966007681,False
2024-12-23,15.16,280.117591,6.257321,14652059758.12,14644676443.96,966494707,966007681,False
2024-12-24,15.44,285.291266,6.372892,14922678276.08,14915158594.64,966494707,966007681,False
2024-12-25,15.25,281.780558,6.294469,14739044281.75,14731617135.25,966494707,966007681,False
2024-12-26,15.23,281.41101,6.286214,14719714387.61,14712296981.63,966494707,966007681,False
2024-12-27,15.17,280.302365,6.261449,14661724705.19,14654336520.77,966494707,966007681,False
2024-12-30,16.0,295.638618,6.604033,15463915312.0,15456122896.0,966494707,966007681,False
2024-12-31,15.7,290.095394,6.480207,15173966899.9,15166320591.7,966494707,966007681,False
2025-01-02,15.45,285.476041,6.377019,14932343223.15,14924818671.45,966494707,966007681,False
2025-01-03,15.17,280.302365,6.261449,14661724705.19,14654336520.77,966494707,966007681,False
2025-01-06,15.47,285.845589,6.385274,14951673117.29,14944138825.07,966494707,966007681,False
2025-01-07,15.19,280.671913,6.269704,14681054599.33,14673656674.39,966494707,966007681,False
2025-01-08,15.04,277.900301,6.207791,14536080393.28,14528755522.24,966494707,966007681,False
2025-01-09,14.83,274.020044,6.121113,14333116504.81,14325893909.23,966494707,966007681,False
2025-01-10,14.62,270.139787,6.034435,14130152616.34,14123032296.22,966494707,966007681,False
2025-01-13,14.4,266.074756,5.94363,13917523780.8,13910510606.4,966494707,966007681,False
2025-01-14,15.18,280.487139,6.265576,14671389652.26,14663996597.58,966494707,966007681,False
2025-01-15,15.05,278.085075,6.211918,14545745340.35,14538415599.05,966494707,966007681,False
2025-01-16,14.81,273.650496,6.112858,14313786610.67,14306573755.61,966494707,966007681,False
2025-01-17,14.81,273.650496,6.112858,14313786610.67,14306573755.61,966494707,966007681,False
2025-01-20,14.75,272.541851,6.088093,14255796928.25,14248613294.75,966494707,966007681,False
2025-01-21,14.77,272.911399,6.096348,14275126822.39,14267933448.37,966494707,966007681,False
2025-01-22,15.06,278.269849,6.216046,14555410287.42,14548075675.86,966494707,966007681,False
2025-01-23,14.82,273.83527,6.116985,14323451557.74,14316233832.42,966494707,966007681,False
2025-01-24,14.85,274.389592,6.129368,14352446398.95,14345214062.85,966494707,966007681,False
2025-01-27,14.81,273.650496,6.112858,14313786610.67,14306573755.61,966494707,966007681,False
2025-02-05,14.91,275.498237,6.154133,14410436081.37,14403174523.71,966494707,966007681,False
2025-02-06,14.95,276.237334,6.170643,14449095869.65,14441814830.95,966494707,966007681,False
2025-02-07,15.04,277.900301,6.207791,14536080393.28,14528755522.24,966494707,966007681,False
2025-02-10,15.2,280.856687,6.273831,14690719546.4,14683316751.2,966494707,966007681,False
2025-02-11,15.03,277.715527,6.203663,14526415446.21,14519095445.43,966494707,966007681,False
2025-02-12,15.65,289.171523,6.45957,15125642164.55,15118020207.65,966494707,966007681,False
2025-02-13,16.01,295.823392,6.60816,15473580259.07,15465782972.81,966494707,966007681,False
2025-02-14,16.29,300.997068,6.723731,15744198777.03,15736265123.49,966494707,966007681,False
2025-02-17,16.22,299.703649,6.694838,15676544147.54,15668644585.82,966494707,966007681,False
2025-02-18,16.04,296.377715,6.620543,15502575100.28,15494763203.24,966494707,966007681,False
2025-02-19,15.88,293.421328,6.554503,15347935947.16,15340201974.28,966494707,966007681,False
2025-02-20,15.82,292.312684,6.529737,15289946264.74,15282241513.42,966494707,966007681,False
2025-02-21,15.6,288.247653,6.438932,15077317429.2,15069719823.6,966494707,966007681,False
2025-02-24,16.02,296.008166,6.612288,15483245206.14,15475443049.62,966494707,966007681,False
2025-02-25,15.91,293.975651,6.566885,15376930788.37,15369182204.71,966494707,966007681,False
2025-02-26,16.03,296.19294,6.616415,15492910153.21,15485103126.43,966494707,966007681,False
2025-02-27,16.13,298.040682,6.657691,15589559623.91,15581703894.53,966494707,966007681,False
2025-02-28,15.84,292.682232,6.537993,15309276158.88,15301561667.04,966494707,966007681,False
2025-03-03,16.08,297.116811,6.637053,15541234888.56,15533403510.48,966494707,966007681,False
2025-03-04,16.21,299.518875,6.690711,15666879200.47,15658984509.01,966494707,966007681,False
2025-03-05,17.13,316.518095,7.070443,16556054330.91,16547711575.53,966494707,966007681,False
2025-03-06,17.45,322.430868,7.202523,16865332637.15,16856834033.45,966494707,966007681,False
2025-03-07,17.22,318.181063,7.10759,16643038854.54,16634652266.82,966494707,966007681,False
2025-03-10,18.34,338.875766,7.569873,17725512926.38,17716580869.54,966494707,966007681,False
2025-03-11,17.45,322.430868,7.202523,16865332637.15,16856834033.45,966494707,966007681,False
2025-03-12,17.52,323.724287,7.231416,16932987266.64,16924454571.12,966494707,966007681,False
2025-03-13,17.19,317.62674,7.095208,16614044013.33,16605672036.39,966494707,966007681,False
2025-03-14,17.31,319.84403,7.144738,16730023378.17,16721592958.11,966494707,966007681,False
2025-03-17,17.21,317.996288,7.103463,16633373907.47,16624992190.01,966494707,966007681,False
2025-03-18,17.29,319.474482,7.136483,16710693484.03,16702272804.49,966494707,966007681,False
2025-03-19,17.63,325.756802,7.276819,17039301684.41,17030715416.03,966494707,966007681,False
2025-03-20,17.57,324.648157,7.252054,16981312001.99,16972754955.17,966494707,966007681,False
2025-03-21,17.86,330.006607,7.371752,17261595467.02,17252897182.66,966494707,966007681,False
2025-03-24,17.88,330.376156,7.380007,17280925361.16,17272217336.28,966494707,966007681,False
2025-03-25,17.95,331.669575,7.408899,17348579990.65,17339837873.95,966494707,966007681,False
2025-03-26,18.07,333.886864,7.45843,17464559355.49,17455758795.67,966494707,966007681,False
2025-03-27,18.29,337.951895,7.549235,17677188191.03,17668280485.49,966494707,966007681,False
2025-03-28,17.86,330.006607,7.371752,17261595467.02,17252897182.66,966494707,966007681,False
2025-03-31,17.84,329.637059,7.363497,17242265572.88,17233577029.04,966494707,966007681,False
2025-04-01,18.17,335.734606,7.499705,17561208826.19,17552359563.77,966494707,966007681,False
2025-04-02,18.15,335.365057,7.49145,17541878932.05,17533039410.15,966494707,966007681,False
2025-04-03,18.25,337.212799,7.532725,17638528402.75,17629640178.25,966494707,966007681,False
2025-04-07,16.79,310.235775,6.930107,16227446130.53,16219268963.99,966494707,966007681,False
2025-04-08,16.85,311.34442,6.954872,16285435812.95,16277229424.85,966494707,966007681,False
2025-04-09,17.07,315.409451,7.045678,16498064648.49,16489751114.67,966494707,966007681,False
2025-04-10,17.33,320.213578,7.152993,16749353272.31,16740913111.73,966494707,966007681,False
2025-04-11,17.75,327.974092,7.326349,17155281049.25,17146636337.75,966494707,966007681,False
2025-04-14,18.82,347.744924,7.767994,18189430385.74,18180264556.42,966494707,966007681,False
2025-04-15,18.33,338.690992,7.565745,17715847979.31,17706920792.73,966494707,966007681,False
2025-04-16,18.3,338.136669,7.553363,17686853138.1,17677940562.3,966494707,966007681,False
2025-04-17,17.95,331.669575,7.408899,17348579990.65,17339837873.95,966494707,966007681,False
2025-04-18,18.21,311.848027,7.803443,17599868614.47,17590999871.01,966494707,966007681,False
2025-04-21,18.12,297.667021,7.725203,17512884090.84,17504059179.72,966494707,966007681,False
2025-04-22,18.09,297.174195,7.712413,17483889249.63,17475078949.29,966494707,966007681,False
2025-04-23,18.17,298.488398,7.74652,17561208826.19,17552359563.77,966494707,966007681,False
2025-04-24,18.19,298.816949,7.755046,17580538720.33,17571679717.39,966494707,966007681,False
2025-04-25,18.17,298.488398,7.74652,17561208826.19,17552359563.77,966494707,966007681,False
2025-04-28,17.84,293.06731,7.605829,17242265572.88,17233577029.04,966494707,966007681,False
2025-04-29,18.17,298.488398,7.74652,17561208826.19,17552359563.77,966494707,966007681,False
2025-04-30,17.47,286.989121,7.448085,16884662531.29,16876154187.07,966494707,966007681,False
2025-05-06,17.68,290.438904,7.537615,17087626419.76,17079015800.08,966494707,966007681,False
2025-05-07,17.63,289.617527,7.516298,17039301684.41,17030715416.03,966494707,966007681,False
2025-05-08,17.66,290.110353,7.529088,17068296525.62,17059695646.46,966494707,966007681,False
2025-05-09,17.4,285.839193,7.418241,16817007901.8,16808533649.4,966494707,966007681,False
2025-05-12,18.59,305.387965,7.925581,17967136603.13,17958082789.79,966494707,966007681,False
2025-05-13,19.35,317.872895,8.249596,18701672580.45,18692248627.35,966494707,966007681,False
2025-05-14,19.65,322.801157,8.377496,18991620992.55,18982050931.65,966494707,966007681,False
2025-05-15,19.57,321.486954,8.34339,18914301415.99,18904770317.17,966494707,966007681,False
2025-05-16,20.05,329.372173,8.548031,19378218875.35,19368454004.05,966494707,966007681,False
2025-05-19,19.55,321.158403,8.334863,18894971521.85,18885450163.55,966494707,966007681,False
2025-05-20,19.72,323.951085,8.40734,19059275622.04,19049671469.32,966494707,966007681,False
2025-05-21,19.7,323.622534,8.398813,19039945727.9,19030351315.7,966494707,966007681,False
2025-05-22,19.87,326.415216,8.47129,19204249828.09,19194572621.47,966494707,966007681,False
2025-05-23,19.82,325.593839,8.449973,19155925092.74,19146272237.42,966494707,966007681,False
2025-05-26,19.81,325.429564,8.44571,19146260145.67,19136612160.61,966494707,966007681,False
2025-05-27,20.16,331.179203,8.594928,19484533293.12,19474714848.96,966494707,966007681,False
2025-05-28,19.66,322.965433,8.38176,19001285939.62,18991711008.46,966494707,966007681,False
2025-05-29,20.5,336.764566,8.739882,19813141493.5,19803157460.5,966494707,966007681,False
2025-05-30,20.34,334.13616,8.671668,19658502340.38,19648596231.54,966494707,966007681,False
2025-06-03,21.53,353.684932,9.179007,20808631041.71,20798145371.93,966494707,966007681,False
2025-06-04,23.18,380.790373,9.882461,22403347308.26,22392058045.58,966494707,966007681,False
2025-06-05,22.96,377.176314,9.788668,22190718472.72,22179536355.76,966494707,966007681,False
2025-06-06,23.2,381.118924,9.890988,22422677202.4,22411378199.2,966494707,966007681,False
2025-06-09,23.8,390.975448,10.14679,23002574026.6,22990982807.8,966494707,966007681,False
2025-06-10,24.43,401.324798,10.415381,23611465692.01,23599567646.83,966494707,966007681,False
2025-06-11,23.03,378.326242,9.818511,22258373102.21,22247156893.43,966494707,966007681,False
2025-06-12,23.35,383.583055,9.954938,22567651408.45,22556279351.35,966494707,966007681,False
2025-06-13,25.1,412.331249,10.701026,24259017145.7,24246792793.1,966494707,966007681,False
2025-06-16,27.61,453.564374,11.771128,26684918860.27,26671472072.41,966494707,966007681,False
2025-06-17,26.32,432.372848,11.221155,25438140688.24,25425322163.92,966494707,966007681,False
2025-06-18,27.99,459.806839,11.933136,27052186848.93,27038554991.19,966494707,966007681,False
2025-06-19,25.4,417.259511,10.828927,24548965557.8,24536595097.4,966494707,966007681,False
2025-06-20,25.39,417.095236,10.824663,24539300610.73,24526935020.59,966494707,966007681,False
2025-06-23,25.66,421.530672,10.939774,24800254181.62,24787757094.46,966494707,966007681,False
2025-06-24,26.41,433.851327,11.259526,25525125211.87,25512262855.21,966494707,966007681,False
2025-06-25,25.85,424.651904,11.020778,24983888175.95,24971298553.85,966494707,966007681,False
2025-06-26,25.53,419.395091,10.88435,24674609869.71,24662176095.93,966494707,966007681,False
2025-06-27,25.35,416.438134,10.80761,24500640822.45,24488294713.35,966494707,966007681,False
2025-06-30,25.37,416.766685,10.816137,24519970716.59,24507614866.97,966494707,966007681,False
2025-07-01,25.35,416.438134,10.80761,24500640822.45,24488294713.35,966494707,966007681,False
2025-07-02,24.73,406.25306,10.543282,23901414104.11,23889369951.13,966494707,966007681,False
2025-07-03,24.89,408.881466,10.611495,24056053257.23,24043931180.09,966494707,966007681,False
2025-07-04,24.8,407.402987,10.573125,23969068733.6,23956990488.8,966494707,966007681,False
2025-07-07,24.23,398.03929,10.330114,23418166750.61,23406366110.63,966494707,966007681,False
2025-07-08,23.81,391.139723,10.151053,23012238973.67,23000642884.61,966494707,966007681,False
2025-07-09,23.67,388.839867,10.091366,22876929714.69,22865401809.27,966494707,966007681,False
2025-07-10,23.53,386.540012,10.031679,22741620455.71,22730160733.93,966494707,966007681,False
2025-07-11,23.81,391.139723,10.151053,23012238973.67,23000642884.61,966494707,966007681,False
2025-07-14,23.84,391.632549,10.163843,23041233814.88,23029623115.04,966494707,966007681,False
2025-07-15,23.97,393.768129,10.219267,23166878126.79,23155204113.57,966494707,966007681,False
2025-07-16,24.28,398.860667,10.351431,23466491485.96,23454666494.68,966494707,966007681,False
2025-07-17,24.55,403.296102,10.466541,23727445056.85,23715488568.55,966494707,966007681,False
2025-07-18,24.24,398.203565,10.334377,23427831697.68,23416026187.44,966494707,966007681,False
2025-07-21,24.63,404.610306,10.500648,23804764633.41,23792769183.03,966494707,966007681,False
2025-07-22,24.21,397.710739,10.321587,23398836856.47,23387045957.01,966494707,966007681,False
2025-07-23,23.48,385.718635,10.010362,22693295720.36,22681860349.88,966494707,966007681,False
2025-07-24,23.83,391.468274,10.15958,23031568867.81,23019963038.23,966494707,966007681,False
2025-07-25,23.8,390.975448,10.14679,23002574026.6,22990982807.8,966494707,966007681,False
2025-07-28,23.47,385.554359,10.006099,22683630773.29,22672200273.07,966494707,966007681,False
2025-07-29,23.66,388.675592,10.087103,22867264767.62,22855741732.46,966494707,966007681,False
2025-07-30,23.16,380.461822,9.873935,22384017414.12,22372737891.96,966494707,966007681,False
2025-07-31,23.11,379.640445,9.852618,22335692678.77,22324437507.91,966494707,966007681,False
2025-08-01,22.93,376.683488,9.775877,22161723631.51,22150556125.33,966494707,966007681,False
2025-08-04,23.14,380.133271,9.865408,22364687519.98,22353417738.34,966494707,966007681,False
2025-08-05,23.16,380.461822,9.873935,22384017414.12,22372737891.96,966494707,966007681,False
2025-08-06,22.2,364.691384,9.464652,21456182495.4,21445370518.2,966494707,966007681,False
2025-08-07,22.22,365.019935,9.473179,21475512389.54,21464690671.82,966494707,966007681,False
2025-08-08,22.38,367.648341,9.541393,21630151542.66,21619251900.78,966494707,966007681,False
2025-08-11,22.7,372.905154,9.67782,21939429848.9,21928374358.7,966494707,966007681,False
2025-08-12,22.48,369.291095,9.584026,21726801013.36,21715852668.88,966494707,966007681,False
2025-08-13,23.29,382.597402,9.929358,22509661726.03,22498318890.49,966494707,966007681,False
2025-08-14,23.21,381.283199,9.895251,22432342149.47,22421038276.01,966494707,966007681,False
2025-08-15,23.5,386.047186,10.018889,22712625614.5,22701180503.5,966494707,966007681,False
2025-08-18,23.38,384.075881,9.967729,22596646249.66,22585259581.78,966494707,966007681,False
2025-08-19,23.06,378.819068,9.831301,22287367943.42,22276137123.86,966494707,966007681,False
2025-08-20,23.78,390.646897,10.138263,22983244132.46,22971662654.18,966494707,966007681,False
2025-08-21,23.22,369.276085,9.876767,22442007096.54,22430698352.82,966494707,966007681,False
2025-08-22,24.62,391.540793,10.472265,23795099686.34,23783109106.22,966494707,966007681,False
2025-08-25,24.64,391.858861,10.480773,23814429580.48,23802429259.84,966494707,966007681,False
2025-08-26,24.82,394.721466,10.557337,23988398627.74,23976310642.42,966494707,966007681,False
2025-08-27,23.72,377.227767,10.089445,22925254450.04,22913702193.32,966494707,966007681,False
2025-08-28,24.2,384.861381,10.293616,23389171909.4,23377385880.2,966494707,966007681,False
2025-08-29,23.7,376.9097,10.080938,22905924555.9,22894382039.7,966494707,966007681,False
2025-09-01,23.85,379.295204,10.144741,23050898761.95,23039283191.85,966494707,966007681,False
2025-09-02,24.1,383.271045,10.25108,23292522438.7,23280785112.1,966494707,966007681,False
2025-09-03,23.25,369.753186,9.889528,22471001937.75,22459678583.25,966494707,966007681,False
2025-09-04,23.53,374.206128,10.008627,22741620455.71,22730160733.93,966494707,966007681,False
2025-09-05,24.1,383.271045,10.25108,23292522438.7,23280785112.1,966494707,966007681,False
2025-09-08,24.29,386.292684,10.331898,23476156433.03,23464326571.49,966494707,966007681,False
2025-09-09,23.97,381.203608,10.195784,23166878126.79,23155204113.57,966494707,966007681,False
2025-09-10,25.03,398.061172,10.646661,24191362516.21,24179172255.43,966494707,966007681,False
2025-09-11,26.92,428.118528,11.450584,26018037512.44,26004926772.52,966494707,966007681,False
2025-09-12,26.3,418.258443,11.186864,25418810794.1,25406002010.3,966494707,966007681,False
2025-09-15,27.14,431.617268,11.544163,26230666347.98,26217448462.34,966494707,966007681,False
2025-09-16,27.3,434.161806,11.61222,26385305501.1,26372009691.3,966494707,966007681,False
2025-09-17,26.87,427.32336,11.429316,25969712777.09,25956626388.47,966494707,966007681,False
2025-09-18,26.44,420.484914,11.246413,25554120053.08,25541243085.64,966494707,966007681,False
2025-09-19,26.08,414.759703,11.093285,25206181958.56,25193480320.48,966494707,966007681,False
2025-09-22,25.9,411.897098,11.016721,25032212911.3,25019598937.9,966494707,966007681,False
2025-09-23,25.76,409.670627,10.957171,24896903652.32,24884357862.56,966494707,966007681,False
2025-09-24,25.49,405.376719,10.842325,24635950081.43,24623535788.69,966494707,966007681,False
2025-09-25,25.53,406.012854,10.859339,24674609869.71,24662176095.93,966494707,966007681,False
2025-09-26,25.72,409.034493,10.940157,24858243864.04,24845717555.32,966494707,966007681,False
2025-09-29,25.31,402.514114,10.765761,24461981034.17,24449654406.11,966494707,966007681,False
2025-09-30,25.57,406.648988,10.876354,24713269657.99,24700816403.17,966494707,966007681,False
2025-10-09,24.98,397.266004,10.625394,24143037780.86,24130871871.38,966494707,966007681,False
2025-10-10,25.28,402.037013,10.753,24432986192.96,24420674175.68,966494707,966007681,False
2025-10-13,25.0,397.584071,10.633901,24162367675.0,24150192025.0,966494707,966007681,False
2025-10-14,24.99,397.425038,10.629647,24152702727.93,24140531948.19,966494707,966007681,False
2025-10-15,25.09,399.015374,10.672183,24249352198.63,24237132716.29,966494707,966007681,False
2025-10-16,24.87,395.516634,10.578604,24036723363.09,24024611026.47,966494707,966007681,False
2025-10-17,25.25,401.559912,10.74024,24403991351.75,24391693945.25,966494707,966007681,False
2025-10-20,24.5,389.63239,10.421223,23679120321.5,23667188184.5,966494707,966007681,False
2025-10-21,24.97,397.10697,10.62114,24133372833.79,24121211794.57,966494707,966007681,False
2025-10-22,25.13,399.651509,10.689197,24288011986.91,24275773023.53,966494707,966007681,False
2025-10-23,25.32,402.673147,10.770015,24471645981.24,24459314482.92,966494707,966007681,False
2025-10-24,25.2,400.764744,10.718972,24355666616.4,24343393561.2,966494707,966007681,False
2025-10-27,25.34,426.100131,10.642663,24490975875.38,24478634636.54,966494707,966007681,False
2025-10-28,25.21,423.91414,10.588064,24365331563.47,24353053638.01,966494707,966007681,False
2025-10-29,25.48,428.454275,10.701462,24626285134.36,24613875711.88,966494707,966007681,False
2025-10-30,25.31,425.595671,10.630063,24461981034.17,24449654406.11,966494707,966007681,False
2025-10-31,25.93,436.021168,10.89046,25061207752.51,25048579168.33,966494707,966007681,False
2025-11-03,28.1,472.510405,11.801848,27158501266.7,27144815836.1,966494707,966007681,False
2025-11-04,27.97,470.324414,11.747249,27032856954.79,27019234837.57,966494707,966007681,False
2025-11-05,26.9,452.332025,11.297855,25998707618.3,25985606618.9,966494707,966007681,False
2025-11-06,28.19,474.023784,11.839648,27245485790.33,27231756527.39,966494707,966007681,False
2025-11-07,27.5,462.421215,11.549851,26578604442.5,26565211227.5,966494707,966007681,False
2025-11-10,27.19,457.208467,11.419653,26278991083.33,26265748846.39,966494707,966007681,False
2025-11-11,27.72,466.120585,11.64225,26791233278.04,26777732917.32,966494707,966007681,False
2025-11-12,28.44,478.227613,11.944646,27487109467.08,27473258447.64,966494707,966007681,False
2025-11-13,29.06,488.65311,12.205043,28086336185.42,28072183209.86,966494707,966007681,False
2025-11-14,28.75,483.440361,12.074845,27786722826.25,27772720828.75,966494707,966007681,False
2025-11-17,29.5,496.051849,12.389841,28511593856.5,28497226589.5,966494707,966007681,False
2025-11-18,29.5,496.051849,12.389841,28511593856.5,28497226589.5,966494707,966007681,False
2025-11-19,28.75,483.440361,12.074845,27786722826.25,27772720828.75,966494707,966007681,False
2025-11-20,28.95,486.803425,12.158844,27980021767.65,27965922364.95,966494707,966007681,False
2025-11-21,27.55,463.261981,11.570851,26626929177.85,26613511611.55,966494707,966007681,False
2025-11-24,27.29,458.889999,11.461653,26375640554.03,26362349614.49,966494707,966007681,False
2025-11-25,27.13,456.199548,11.394453,26221001400.91,26207788385.53,966494707,966007681,False
2025-11-26,27.54,463.093828,11.566651,26617264230.78,26603851534.74,966494707,966007681,False
2025-11-27,27.71,465.952432,11.63805,26781568330.97,26768072840.51,966494707,966007681,False
2025-11-28,27.26,458.385539,11.449053,26346645712.82,26333369384.06,966494707,966007681,False
2025-12-01,27.47,461.916756,11.537252,26549609601.29,26536230997.07,966494707,966007681,False
2025-12-02,28.7,482.599596,12.053845,27738398090.9,27724420444.7,966494707,966007681,False
2025-12-03,28.54,479.909145,11.986646,27583758937.78,27569859215.74,966494707,966007681,False
2025-12-04,29.07,488.821263,12.209243,28096001132.49,28081843286.67,966494707,966007681,False
2025-12-05,29.1,489.325722,12.221843,28124995973.7,28110823517.1,966494707,966007681,False
2025-12-08,28.92,486.298965,12.146244,27951026926.44,27936942134.52,966494707,966007681,False
2025-12-09,28.38,477.218694,11.919447,27429119784.66,27415297986.78,966494707,966007681,False
2025-12-10,28.89,485.794506,12.133644,27922032085.23,27907961904.09,966494707,966007681,False
2025-12-11,28.71,482.767749,12.058045,27748063037.97,27734080521.51,966494707,966007681,False
2025-12-12,28.86,485.290046,12.121044,27893037244.02,27878981673.66,966494707,966007681,False
2025-12-15,28.38,477.218694,11.919447,27429119784.66,27415297986.78,966494707,966007681,False
2025-12-16,27.49,462.253062,11.545652,26568939495.43,26555551150.69,966494707,966007681,False
2025-12-17,27.88,468.811036,11.709449,26945872431.16,26932294146.28,966494707,966007681,False
2025-12-18,27.51,462.589368,11.554051,26588269389.57,26574871304.31,966494707,966007681,False
2025-12-19,28.04,471.501486,11.776649,27100511584.28,27086855375.24,966494707,966007681,False
2025-12-22,28.6,480.918064,12.011846,27641748620.2,27627819676.6,966494707,966007681,False
2025-12-23,28.54,479.909145,11.986646,27583758937.78,27569859215.74,966494707,966007681,False
2025-12-24,28.25,475.032703,11.864847,27303475472.75,27289716988.25,966494707,966007681,False
2025-12-25,28.34,476.546082,11.902647,27390459996.38,27376657679.54,966494707,966007681,False
2025-12-26,28.32,476.209775,11.894247,27371130102.24,27357337525.92,966494707,966007681,False
2025-12-29,27.75,466.625045,11.65485,26820228119.25,26806713147.75,966494707,966007681,False
2025-12-30,27.39,460.57153,11.503652,26472290024.73,26458950382.59,966494707,966007681,False
2025-12-31,27.49,462.253062,11.545652,26568939495.43,26555551150.69,966494707,966007681,False
2026-01-05,26.6,447.28743,11.171856,25708759206.2,25695804314.6,966494707,966007681,False
2026-01-06,26.64,447.960043,11.188656,25747418994.48,25734444621.84,966494707,966007681,False
2026-01-07,26.24,441.233916,11.020658,25360821111.68,25348041549.44,966494707,966007681,False
2026-01-08,25.1,422.064455,10.541864,24259017145.7,24246792793.1,966494707,966007681,False
2026-01-09,25.34,426.100131,10.642663,24490975875.38,24478634636.54,966494707,966007681,False
2026-01-12,27.87,468.642883,11.705249,26936207484.09,26922634069.47,966494707,966007681,False
2026-01-13,27.15,456.535854,11.402853,26240331295.05,26227108539.15,966494707,966007681,False
2026-01-14,27.0,454.013557,11.339854,26095357089.0,26082207387.0,966494707,966007681,False
2026-01-15,26.71,449.137115,11.218056,25815073623.97,25802065159.51,966494707,966007681,False
2026-01-16,26.4,443.924367,11.087857,25515460264.8,25502602778.4,966494707,966007681,False
2026-01-19,26.23,441.065763,11.016458,25351156164.61,25338381472.63,966494707,966007681,False
2026-01-20,26.54,446.278511,11.146657,25650769523.78,25637843853.74,966494707,966007681,False
2026-01-21,26.72,449.305268,11.222256,25824738571.04,25811725236.32,966494707,966007681,False
2026-01-22,26.55,446.446664,11.150857,25660434470.85,25647503930.55,966494707,966007681,False
2026-01-23,26.47,445.101439,11.117257,25583114894.29,25570223316.07,966494707,966007681,False
2026-01-26,26.54,446.278511,11.146657,25650769523.78,25637843853.74,966494707,966007681,False
2026-01-27,26.69,448.800809,11.209656,25795743729.83,25782745005.89,966494707,966007681,False
2026-01-28,26.02,437.534546,10.928259,25148192276.14,25135519859.62,966494707,966007681,False
2026-01-29,26.6,447.28743,11.171856,25708759206.2,25695804314.6,966494707,966007681,False
2026-01-30,25.7,432.153645,10.793861,24838913969.9,24826397401.7,966494707,966007681,False
2026-02-02,25.09,421.896302,10.537665,24249352198.63,24237132716.29,966494707,966007681,False
2026-02-03,24.48,411.638958,10.281468,23659790427.36,23647868030.88,966494707,966007681,False
2026-02-04,23.57,396.33702,9.899273,22780280243.99,22768801041.17,966494707,966007681,False
2026-02-05,23.6,396.841479,9.911873,22809275085.2,22797781271.6,966494707,966007681,False
2026-02-06,23.0,386.752289,9.659876,22229378261.0,22218176663.0,966494707,966007681,False
2026-02-09,23.65,397.682245,9.932872,22857599820.55,22846081655.65,966494707,966007681,False
2026-02-10,23.47,394.655488,9.857273,22683630773.29,22672200273.07,966494707,966007681,False
2026-02-11,23.29,391.628731,9.781674,22509661726.03,22498318890.49,966494707,966007681,False
2026-02-12,23.41,393.646569,9.832074,22625641090.87,22614239812.21,966494707,966007681,False
2026-02-13,23.59,396.673326,9.907673,22799610138.13,22788121194.79,966494707,966007681,False
2026-02-24,23.52,395.496254,9.878273,22731955508.64,22720500657.12,966494707,966007681,False
2026-02-25,23.73,399.027471,9.966472,22934919397.11,22923362270.13,966494707,966007681,False
2026-02-26,23.36,392.805803,9.811074,22577316355.52,22565939428.16,966494707,966007681,False
2026-02-27,23.01,386.920442,9.664076,22239043208.07,22227836739.81,966494707,966007681,False
2026-03-02,22.53,378.84909,9.462478,21775125748.71,21764153052.93,966494707,966007681,False
2026-03-03,20.98,352.785349,8.811487,20277058952.86,20266841147.38,966494707,966007681,False
2026-03-04,20.98,352.785349,8.811487,20277058952.86,20266841147.38,966494707,966007681,False
2026-03-05,21.26,357.493638,8.929085,20547677470.82,20537323298.06,966494707,966007681,False
2026-03-06,21.24,357.157331,8.920685,20528347576.68,20518003144.44,966494707,966007681,False
2026-03-09,21.27,357.661791,8.933285,20557342417.89,20546983374.87,966494707,966007681,False
2026-03-10,21.5,361.529314,9.029884,20779636200.5,20769165141.5,966494707,966007681,False
2026-03-11,21.21,356.652872,8.908085,20499352735.47,20489022914.01,966494707,966007681,False
2026-03-12,21.2,356.484719,8.903886,20489687788.4,20479362837.2,966494707,966007681,False
2026-03-13,21.03,353.626115,8.832486,20325383688.21,20315141531.43,966494707,966007681,False
2026-03-16,21.12,355.139493,8.870286,20412368211.84,20402082222.72,966494707,966007681,False
2026-03-17,20.99,352.953502,8.815687,20286723899.93,20276501224.19,966494707,966007681,False
2026-03-18,21.21,356.652872,8.908085,20499352735.47,20489022914.01,966494707,966007681,False
2026-03-19,20.35,342.191699,8.54689,19668167287.45,19658256308.35,966494707,966007681,False
2026-03-20,19.72,331.59805,8.282294,19059275622.04,19049671469.32,966494707,966007681,False
2026-03-23,18.46,310.41075,7.7531,17841492291.22,17832501791.26,966494707,966007681,False
2026-03-24,18.97,318.986562,7.967298,18334404591.79,18325165708.57,966494707,966007681,False
2026-03-25,19.34,325.208229,8.122696,18692007633.38,18682588550.54,966494707,966007681,False
2026-03-26,19.24,323.526698,8.080696,18595358162.68,18585987782.44,966494707,966007681,False
2026-03-27,19.8,332.943275,8.315893,19136595198.6,19126952083.8,966494707,966007681,False
2026-03-30,19.57,329.075752,8.219294,18914301415.99,18904770317.17,966494707,966007681,False
2026-03-31,19.36,325.544536,8.131095,18711337527.52,18701908704.16,966494707,966007681,False
2026-04-01,19.83,333.447735,8.328493,19165590039.81,19155932314.23,966494707,966007681,False
2026-04-02,19.77,332.438816,8.303293,19107600357.39,19097971853.37,966494707,966007681,False
2026-04-03,19.11,321.340706,8.026097,18469713850.77,18460406783.91,966494707,966007681,False
2026-04-07,21.02,353.457962,8.828286,20315718741.14,20305481454.62,966494707,966007681,False
2026-04-08,21.51,361.697467,9.034084,20789301147.57,20778825218.31,966494707,966007681,False
2026-04-09,21.07,354.298728,8.849286,20364043476.49,20353781838.67,966494707,966007681,False
2026-04-10,21.05,353.962421,8.840886,20344713582.35,20334461685.05,966494707,966007681,False
2026-04-13,22.63,380.530622,9.504478,21871775219.41,21860753821.03,966494707,966007681,False
2026-04-14,22.22,373.636342,9.33228,21475512389.54,21464690671.82,966494707,966007681,False
2026-04-15,22.51,378.512784,9.454078,21755795854.57,21744832899.31,966494707,966007681,False
2026-04-16,22.93,385.575217,9.630476,22161723631.51,22150556125.33,966494707,966007681,False
2026-04-17,23.65,397.682245,9.932872,22857599820.55,22846081655.65,966494707,966007681,False
2026-04-20,23.77,399.700083,9.983272,22973579185.39,22962002577.37,966494707,966007681,False
2026-04-21,23.45,394.319182,9.848873,22664300879.15,22652880119.45,966494707,966007681,False
2026-04-22,23.73,668.920258,9.926257,22934919397.11,22923362270.13,966494707,966007681,False
2026-04-23,22.96,647.214881,9.604166,22190718472.72,22179536355.76,966494707,966007681,False
2026-04-24,23.0,648.342433,9.620898,22229378261.0,22218176663.0,966494707,966007681,False
2026-04-27,23.16,652.8526,9.6878,22384017414.0,22372737892.0,966494707,966007681,False
2026-04-28,23.27,706.5095,9.6955,22490331832.0,22478998737.0,966494707,966007681,False
2026-04-29,23.92,726.2444,9.9664,23118553391.0,23106903730.0,966494707,966007681,False
2026-04-30,24.67,749.0155,10.2788,23843424422.0,23831409490.0,966494707,966007681,False
2026-05-06,25.4,771.1793,10.583,24548965558.0,24536595097.0,966494707,966007681,False
2026-05-07,25.75,781.8058,10.7288,24887238705.0,24874697786.0,966494707,966007681,False
2026-05-08,24.95,757.5167,10.3955,24114042940.0,24101891641.0,966494707,966007681,False
2026-05-11,23.63,717.4396,9.8455,22838269926.0,22826761502.0,966494707,966007681,False
2026-05-12,23.15,702.8662,9.6455,22374352467.0,22363077815.0,966494707,966007681,False
2026-05-13,24.1,731.7095,10.0414,23292522439.0,23280785112.0,966494707,966007681,False
2026-05-14,23.28,706.8132,9.6997,22499996779.0,22488658814.0,966494707,966007681,False
2026-05-15,22.84,693.4541,9.5164,22074739108.0,22063615434.0,966494707,966007681,False
2026-05-18,22.66,687.9891,9.4414,21900770061.0,21889734051.0,966494707,966007681,False
2026-05-19,23.32,708.0276,9.7164,22538656567.0,22527299121.0,966494707,966007681,False
2026-05-20,23.06,700.1337,9.608,22287367943.0,22276137124.0,966494707,966007681,False
2026-05-21,23.07,700.4373,9.6122,22297032890.0,22285797201.0,966494707,966007681,False
2026-05-22,23.06,700.1337,9.608,22287367943.0,22276137124.0,966494707,966007681,False
2026-05-25,23.58,715.9216,9.8247,22789945191.0,22778461118.0,966494707,966007681,False
2026-05-26,23.57,715.618,9.8205,22780280244.0,22768801041.0,966494707,966007681,False
2026-05-27,23.05,699.83,9.6039,22277702996.0,22266477047.0,966494707,966007681,False
2026-05-28,23.19,704.0806,9.6622,22413012255.0,22401718122.0,966494707,966007681,False
2026-05-29,23.17,703.4734,9.6539,22393682361.0,22382397969.0,966494707,966007681,False
2026-06-01,23.73,720.4758,9.8872,22934919397.0,22923362270.0,966494707,966007681,False
2026-06-02,24.13,732.6203,10.0539,23321517280.0,23309765343.0,966494707,966007681,False
2026-06-03,23.45,711.9746,9.7705,22664300879.0,22652880119.0,966494707,966007681,False
2026-06-04,24.7,749.9263,10.2913,23872419263.0,23860389721.0,966494707,966007681,False
2026-06-05,24.7,749.9263,10.2913,23872419263.0,23860389721.0,966494707,966007681,False
2026-06-08,24.91,756.3022,10.3788,24075383151.0,24063251334.0,966494707,966007681,False
2026-06-09,25.16,763.8926,10.483,24317006828.0,24304753254.0,966494707,966007681,False
2026-06-10,25.28,767.5359,10.533,24432986193.0,24420674176.0,966494707,966007681,False
2026-06-11,25.29,767.8396,10.5372,24442651140.0,24430334252.0,966494707,966007681,False
2026-06-12,25.29,767.8396,10.5372,24442651140.0,24430334252.0,966494707,966007681,False
2026-06-15,25.11,762.3745,10.4622,24268681917.0,24256453347.0,966494707,966007681,False
2026-06-16,24.52,744.4613,10.2163,23698450044.0,23686508804.0,966494707,966007681,False
2026-06-17,24.51,744.1577,10.2122,23688785097.0,23676848727.0,966494707,966007681,False
2026-06-18,24.41,741.1215,10.1705,23592135627.0,23580247957.0,966494707,966007681,False
2026-06-22,23.83,723.5119,9.9289,23031568701.0,23019963491.0,966494707,966007681,False
2026-06-23,24.21,735.0492,10.0872,23398836687.0,23387046417.0,966494707,966007681,False
2026-06-24,24.19,734.44,10.08,23380000000.0,23368000000.0,966494707,966007681,False
2026-06-25,26.61,807.92,11.09,25718000000.0,25705000000.0,966494707,966007681,False
2026-06-26,23.95,727.15,9.98,23148000000.0,23136000000.0,966494707,966007681,False
2026-06-29,21.56,654.59,8.98,20838000000.0,20827000000.0,966494707,966007681,False
2026-06-30,19.4,589.01,8.08,18750000000.0,18741000000.0,966494707,966007681,False
2026-07-01,18.94,575.04,7.89,18305000000.0,18296000000.0,966494707,966007681,False
2026-07-02,18.27,554.7,7.61,17658000000.0,17649000000.0,966494707,966007681,False
2026-07-03,17.55,532.84,7.31,16962000000.0,16953000000.0,966494707,966007681,False
2026-07-06,17.32,525.86,7.22,16740000000.0,16731000000.0,966494707,966007681,False
2026-07-07,17.11,519.48,7.13,16537000000.0,16528000000.0,966494707,966007681,False
2026-07-08,15.76,478.5,6.57,15232000000.0,15224000000.0,966494707,966007681,False
2026-07-09,15.47,469.69,6.45,14952000000.0,14944000000.0,966494707,966007681,False
2026-07-10,16.5,500.96,6.87,15947000000.0,15939000000.0,966494707,966007681,False
2026-07-13,15.7,476.67,6.54,15174000000.0,15166000000.0,966494707,966007681,False
2026-07-14,16.84,511.29,7.02,16276000000.0,16268000000.0,966494707,966007681,False
2026-07-15,17.15,520.7,7.15,16575000000.0,16567000000.0,966494707,966007681,False
2026-07-16,17.51,531.63,7.3,16923000000.0,16915000000.0,966494707,966007681,False
2026-07-17,16.75,508.55,6.98,16189000000.0,16181000000.0,966494707,966007681,False
2026-07-20,16.46,499.75,6.86,15909000000.0,15900000000.0,966494707,966007681,False
2026-07-21,16.46,499.75,6.86,15909000000.0,15900000000.0,966494707,966007681,False
2026-07-22,15.92,483.35,6.63,15387000000.0,15379000000.0,966494707,966007681,False
2026-07-23,15.7,476.67,6.54,15174000000.0,15166000000.0,966494707,966007681,False
2026-07-24,15.05,456.94,6.27,14546000000.0,14538000000.0,966494707,966007681,False
2026-07-27,16.05,487.3,6.69,15512000000.0,15504000000.0,966494707,966007681,False
2026-07-28,16.03,486.69,6.68,15493000000.0,15485000000.0,966494707,966007681,False
2026-07-29,16.36,496.71,6.82,15812000000.0,15804000000.0,966494707,966007681,False
2026-07-30,16.55,502.48,6.9,15995000000.0,15987000000.0,966494707,966007681,False
2026-07-31,16.95,514.63,7.06,16382000000.0,16374000000.0,966494707,966007681,False
2026-08-03,17.39,527.98,7.25,16807000000.0,16799000000.0,966494707,966007681,False
2026-08-04,17.71,537.7,7.38,17117000000.0,17108000000.0,966494707,966007681,False
2026-08-05,17.27,524.34,7.2,16691000000.0,16683000000.0,966494707,966007681,False
2026-08-06,17.09,518.88,7.12,16517000000.0,16509000000.0,966494707,966007681,False
2026-08-07,17.08,518.57,7.12,16508000000.0,16499000000.0,966494707,966007681,False
2026-08-10,17.31,525.56,7.21,16730000000.0,16722000000.0,966494707,966007681,False
2026-08-11,16.79,509.77,7.0,16227000000.0,16219000000.0,966494707,966007681,False
2026-08-12,17.1,519.18,7.12,16527000000.0,16519000000.0,966494707,966007681,False
2026-08-13,17.07,518.27,7.11,16498000000.0,16490000000.0,966494707,966007681,False
2026-08-14,16.57,503.09,6.9,16015000000.0,16007000000.0,966494707,966007681,False
2026-08-17,16.59,503.69,6.91,16034000000.0,16026000000.0,966494707,966007681,False
2026-08-18,16.27,493.98,6.78,15725000000.0,15717000000.0,966494707,966007681,False
2026-08-19,16.07,487.91,6.7,15532000000.0,15524000000.0,966494707,966007681,False
2026-08-20,16.86,511.89,7.02,16295000000.0,16287000000.0,966494707,966007681,False
2026-08-21,15.85,623.05,6.61,15319000000.0,15305000000.0,966494707,965613556,False
2026-08-24,15.68,616.36,6.54,15155000000.0,15141000000.0,966494707,965613556,False
2026-08-25,16.01,629.34,6.68,15474000000.0,15459000000.0,966494707,965613556,False
2026-08-26,16.25,638.77,6.78,15706000000.0,15691000000.0,966494707,965613556,False
2026-08-27,16.38,643.88,6.83,15831000000.0,15817000000.0,966494707,965613556,False
2026-08-28,16.61,652.92,6.93,16053000000.0,16039000000.0,966494707,965613556,False
