date,close,pe_ttm,pb,total_mv,float_mv,total_share,float_share,is_st
2020-01-02,30.72,49.25568,4.619546,39583888677.197,39583888677.197,1289252171,1289252171,False
2020-01-03,31.63,50.714751,4.756388,40756458296.21499,40756458296.21499,1289252171,1289252171,False
2020-01-06,31.36,50.28184,4.715787,40408553024.638,40408553024.638,1289252171,1289252171,False
2020-01-07,31.29,50.169604,4.705261,40318355361.637,40318355361.637,1289252171,1289252171,False
2020-01-08,29.9,47.940912,4.496238,38527287482.037,38527287482.037,1289252171,1289252171,False
2020-01-09,32.0,51.308,4.812027,41233217372.08,41233217372.08,1289252171,1289252171,False
2020-01-10,31.92,51.17973,4.799997,41130134328.65,41130134328.65,1289252171,1289252171,False
2020-01-13,32.87,52.702936,4.942854,42354245469.383,42354245469.383,1289252171,1289252171,False
2020-01-14,32.1,51.468337,4.827065,41362071176.368,41362071176.368,1289252171,1289252171,False
2020-01-15,32.23,51.676776,4.846614,41529581121.942,41529581121.942,1289252171,1289252171,False
2020-01-16,32.06,51.404202,4.82105,41310529654.653,41310529654.653,1289252171,1289252171,False
2020-01-17,33.5,53.713062,5.037591,43166024436.396,43166024436.396,1289252171,1289252171,False
2020-01-20,35.17,56.390698,5.288719,45317882968.002,45317882968.002,1289252171,1289252171,False
2020-01-21,35.1,56.278462,5.278193,45227685305.0,45227685305.0,1289252171,1289252171,False
2020-01-22,36.35,58.282681,5.466162,46838357858.597,46838357858.597,1289252171,1289252171,False
2020-01-23,34.13,54.723188,5.132328,43977803403.409,43977803403.409,1289252171,1289252171,False
2020-02-03,32.1,51.468337,4.827065,41362071176.368,41362071176.368,1289252171,1289252171,False
2020-02-04,35.1,56.278462,5.278193,45227685305.0,45227685305.0,1289252171,1289252171,False
2020-02-05,36.17,57.994073,5.439095,46606421010.879,46606421010.879,1289252171,1289252171,False
2020-02-06,39.79,63.798291,5.983455,51270928726.096,51270928726.096,1289252171,1289252171,False
2020-02-07,43.77,70.179723,6.581951,56399310136.748,56399310136.748,1289252171,1289252171,False
2020-02-10,42.91,68.800821,6.452628,55291167419.873,55291167419.873,1289252171,1289252171,False
2020-02-11,43.2,69.2658,6.496237,55664843452.308,55664843452.308,1289252171,1289252171,False
2020-02-12,47.52,76.19238,7.145861,61231327797.539,61231327797.539,1289252171,1289252171,False
2020-02-13,47.91,76.817696,7.204507,61733857634.261,61733857634.261,1289252171,1289252171,False
2020-02-14,47.39,75.983941,7.126312,61063817851.96499,61063817851.96499,1289252171,1289252171,False
2020-02-17,48.16,77.21854,7.242101,62055992144.98,62055992144.98,1289252171,1289252171,False
2020-02-18,49.02,78.597442,7.371425,63164134861.855,63164134861.855,1289252171,1289252171,False
2020-02-19,46.9,75.198287,7.052628,60432434210.955,60432434210.955,1289252171,1289252171,False
2020-02-20,47.43,76.048076,7.132327,61115359373.68,61115359373.68,1289252171,1289252171,False
2020-02-21,48.15,77.202506,7.240598,62043106764.551,62043106764.551,1289252171,1289252171,False
2020-02-24,49.15,78.805881,7.390973,63331644807.429,63331644807.429,1289252171,1289252171,False
2020-02-25,47.9,76.801662,7.203004,61720972253.832,61720972253.832,1289252171,1289252171,False
2020-02-26,46.9,75.198287,7.052628,60432434210.955,60432434210.955,1289252171,1289252171,False
2020-02-27,46.55,74.637106,6.999996,59981445895.947,59981445895.947,1289252171,1289252171,False
2020-02-28,42.05,67.421918,6.323305,54183024702.999,54183024702.999,1289252171,1289252171,False
2020-03-02,43.4,69.586475,6.526312,55922551060.883,55922551060.883,1289252171,1289252171,False
2020-03-03,44.26,70.965377,6.655635,57030693777.758,57030693777.758,1289252171,1289252171,False
2020-03-04,44.38,71.157782,6.673681,57185318342.903,57185318342.903,1289252171,1289252171,False
2020-03-05,44.76,71.767065,6.730823,57674962799.197,57674962799.197,1289252171,1289252171,False
2020-03-06,43.13,69.153563,6.485711,55574645789.306,55574645789.306,1289252171,1289252171,False
2020-03-09,41.1,65.898712,6.180448,52958913562.265,52958913562.265,1289252171,1289252171,False
2020-03-10,43.72,70.099555,6.574432,56334883234.604,56334883234.604,1289252171,1289252171,False
2020-03-19,38.29,68.625018,6.43614,55149884598.343,55149884598.343,1441119079,1441119079,False
2020-03-20,39.58,70.937012,6.652975,57007898469.638,57007898469.638,1441119079,1441119079,False
2020-03-23,38.66,69.288148,6.498333,55682803305.614,55682803305.614,1441119079,1441119079,False
2020-03-24,39.25,70.345572,6.597506,56532592595.586,56532592595.586,1441119079,1441119079,False
2020-03-25,40.83,73.177317,6.863087,58808299507.714,58808299507.714,1441119079,1441119079,False
2020-03-26,39.5,70.793633,6.639528,56892672803.20099,56892672803.20099,1441119079,1441119079,False
2020-03-27,38.21,68.481638,6.422693,55034658931.906,55034658931.906,1441119079,1441119079,False
2020-03-30,38.5,69.001389,6.471439,55452351972.74,55452351972.74,1441119079,1441119079,False
2020-03-31,38.78,69.503217,6.518504,55855641805.269,55855641805.269,1441119079,1441119079,False
2020-04-01,37.57,67.334602,6.315116,54112853600.411,54112853600.411,1441119079,1441119079,False
2020-04-02,39.64,71.044547,6.663061,57094317719.46499,57094317719.46499,1441119079,1441119079,False
2020-04-03,38.89,69.700364,6.536994,56014077096.62,56014077096.62,1441119079,1441119079,False
2020-04-07,39.98,71.65391,6.720211,57584026801.822,57584026801.822,1441119079,1441119079,False
2020-04-08,40.1,71.868979,6.740382,57756865301.477,57756865301.477,1441119079,1441119079,False
2020-04-09,40.13,71.922746,6.745424,57800074926.391,57800074926.391,1441119079,1441119079,False
2020-04-10,38.11,68.302414,6.405884,54890626848.86,54890626848.86,1441119079,1441119079,False
2020-04-13,35.15,62.997372,5.90834,50627277190.696,50627277190.696,1441119079,1441119079,False
2020-04-14,36.3,65.058452,6.101642,52283646145.726,52283646145.726,1441119079,1441119079,False
2020-04-15,36.37,65.183909,6.113408,52384468603.858,52384468603.858,1441119079,1441119079,False
2020-04-16,36.86,66.062109,6.195772,53090225810.784,53090225810.784,1441119079,1441119079,False
2020-04-17,37.3,66.850696,6.269732,53723966976.18699,53723966976.18699,1441119079,1441119079,False
2020-04-20,39.33,61.027598,6.332665,56647818262.022,56647818262.022,1441119079,1441119079,False
2020-04-21,40.22,62.408594,6.475967,57929703801.132,57929703801.132,1441119079,1441119079,False
2020-04-22,40.01,62.082741,6.442154,57627236426.736,57627236426.736,1441119079,1441119079,False
2020-04-23,39.26,60.918981,6.321394,56546995803.89,56546995803.89,1441119079,1441119079,False
2020-04-24,37.94,58.870762,6.108856,54645772307.682,54645772307.682,1441119079,1441119079,False
2020-04-27,37.53,58.234573,6.042841,54055240767.193,54055240767.193,1441119079,1441119079,False
2020-04-28,38.5,59.739703,6.199024,55452351972.74,55452351972.74,1441119079,1441119079,False
2020-04-29,39.25,60.903464,6.319784,56532592595.586,56532592595.586,1441119079,1441119079,False
2020-04-30,41.5,61.472284,5.391812,59773314464.122,59773314464.122,1441119079,1441119079,False
2020-05-06,43.07,63.797862,5.595792,62034618167.946,62034618167.946,1441119079,1441119079,False
2020-05-07,42.41,62.82023,5.510042,61084006419.842,61084006419.842,1441119079,1441119079,False
2020-05-08,42.77,63.353484,5.556815,61602521918.807,61602521918.807,1441119079,1441119079,False
2020-05-11,42.38,62.775793,5.506145,61040796794.928,61040796794.928,1441119079,1441119079,False
2020-05-12,43.57,64.538492,5.660753,62754778583.176,62754778583.176,1441119079,1441119079,False
2020-05-13,42.8,63.397922,5.560712,61645731543.721,61645731543.721,1441119079,1441119079,False
2020-05-14,42.19,62.494353,5.481459,60767135837.14,60767135837.14,1441119079,1441119079,False
2020-05-15,42.51,62.968356,5.523035,61228038502.888,61228038502.888,1441119079,1441119079,False
2020-05-18,40.9,60.583528,5.313858,58909121965.846,58909121965.846,1441119079,1441119079,False
2020-05-19,42.55,63.027607,5.528232,61285651336.106,61285651336.106,1441119079,1441119079,False
2020-05-20,43.0,63.694174,5.586697,61933795709.81301,61933795709.81301,1441119079,1441119079,False
2020-05-21,41.25,61.101969,5.359331,59413234256.50701,59413234256.50701,1441119079,1441119079,False
2020-05-22,40.47,59.946586,5.257991,58289784008.748,58289784008.748,1441119079,1441119079,False
2020-05-25,38.83,57.51732,5.044917,55927657846.792,55927657846.792,1441119079,1441119079,False
2020-05-26,39.95,59.176331,5.190431,57540817176.908,57540817176.908,1441119079,1441119079,False
2020-05-27,38.89,57.606196,5.052713,56014077096.62,56014077096.62,1441119079,1441119079,False
2020-05-28,39.08,57.887635,5.077398,56287738054.407,56287738054.407,1441119079,1441119079,False
2020-05-29,38.53,57.072942,5.00594,55495561597.654,55495561597.654,1441119079,1441119079,False
2020-06-01,40.3,59.694772,5.235904,58044929467.569,58044929467.569,1441119079,1441119079,False
2020-06-02,40.5,59.991024,5.261889,58332993633.661,58332993633.661,1441119079,1441119079,False
2020-06-03,38.26,56.673002,4.970861,55106674973.429,55106674973.429,1441119079,1441119079,False
2020-06-04,38.24,56.643377,4.968263,55077868556.82,55077868556.82,1441119079,1441119079,False
2020-06-05,38.3,56.732252,4.976058,55164287806.648,55164287806.648,1441119079,1441119079,False
2020-06-08,38.31,56.747065,4.977357,55178691014.952,55178691014.952,1441119079,1441119079,False
2020-06-09,38.44,56.939629,4.994247,55365932722.912,55365932722.912,1441119079,1441119079,False
2020-06-10,39.22,58.095011,5.095587,56489382970.672,56489382970.672,1441119079,1441119079,False
2020-06-11,39.65,58.731953,5.151454,57108720927.77,57108720927.77,1441119079,1441119079,False
2020-06-12,39.45,58.435701,5.12547,56820656761.678,56820656761.678,1441119079,1441119079,False
2020-06-15,38.37,56.83594,4.985153,55265110264.78,55265110264.78,1441119079,1441119079,False
2020-06-16,39.15,57.991323,5.086493,56388560512.539,56388560512.539,1441119079,1441119079,False
2020-06-17,38.83,57.51732,5.044917,55927657846.792,55927657846.792,1441119079,1441119079,False
2020-06-18,40.96,60.672404,5.321654,58995541215.673,58995541215.673,1441119079,1441119079,False
2020-06-19,40.89,60.568715,5.312559,58894718757.541,58894718757.541,1441119079,1441119079,False
2020-06-22,41.06,60.820529,5.334646,59139573298.72,59139573298.72,1441119079,1441119079,False
2020-06-23,42.05,62.286977,5.46327,60565490920.876,60565490920.876,1441119079,1441119079,False
2020-06-24,41.8,61.916662,5.430789,60205410713.26,60205410713.26,1441119079,1441119079,False
2020-06-29,38.8,57.472882,5.04102,55884448221.878,55884448221.878,1441119079,1441119079,False
2020-06-30,39.18,58.035761,5.09039,56431770137.453,56431770137.453,1441119079,1441119079,False
2020-07-01,37.32,55.280618,4.848733,53752773392.796,53752773392.796,1441119079,1441119079,False
2020-07-02,36.98,54.776989,4.804559,53263064310.44,53263064310.44,1441119079,1441119079,False
2020-07-03,38.18,56.554501,4.960467,54991449306.992,54991449306.992,1441119079,1441119079,False
2020-07-06,40.12,59.428145,5.212518,57785671718.086,57785671718.086,1441119079,1441119079,False
2020-07-07,40.51,60.005837,5.263188,58347396841.966,58347396841.966,1441119079,1441119079,False
2020-07-08,43.7,64.731055,5.677643,62942020291.136,62942020291.136,1441119079,1441119079,False
2020-07-09,44.69,66.197503,5.806267,64367937913.292,64367937913.292,1441119079,1441119079,False
2020-07-10,45.03,66.701131,5.850441,64857646995.649,64857646995.649,1441119079,1441119079,False
2020-07-13,46.21,68.449018,6.00375,66557225575.593,66557225575.593,1441119079,1441119079,False
2020-07-14,44.06,65.264309,5.724416,63460535790.102,63460535790.102,1441119079,1441119079,False
2020-07-15,42.05,62.286977,5.46327,60565490920.876,60565490920.876,1441119079,1441119079,False
2020-07-16,39.33,58.25795,5.109879,56647818262.022,56647818262.022,1441119079,1441119079,False
2020-07-17,39.11,57.932073,5.081296,56330947679.321,56330947679.321,1441119079,1441119079,False
2020-07-20,40.02,59.280019,5.199526,57641639635.04,57641639635.04,1441119079,1441119079,False
2020-07-21,39.67,58.761578,5.154053,57137527344.379,57137527344.379,1441119079,1441119079,False
2020-07-22,39.6,58.65789,5.144958,57036704886.247,57036704886.247,1441119079,1441119079,False
2020-07-23,38.67,57.280318,5.02413,55697206513.918,55697206513.918,1441119079,1441119079,False
2020-07-24,36.87,54.614051,4.790268,53104629019.089,53104629019.089,1441119079,1441119079,False
2020-07-27,36.47,54.021547,4.738299,52528500686.905,52528500686.905,1441119079,1441119079,False
2020-07-28,36.61,54.228923,4.756488,52730145603.169,52730145603.169,1441119079,1441119079,False
2020-07-29,38.28,56.702627,4.97346,55135481390.039,55135481390.039,1441119079,1441119079,False
2020-07-30,37.52,55.57687,4.874718,54040837558.888,54040837558.888,1441119079,1441119079,False
2020-07-31,37.96,56.228624,4.931884,54674578724.291,54674578724.291,1441119079,1441119079,False
2020-08-03,38.9,57.621008,5.054012,56028480304.924,56028480304.924,1441119079,1441119079,False
2020-08-04,37.9,56.139748,4.924089,54588159474.463,54588159474.463,1441119079,1441119079,False
2020-08-05,37.81,56.006435,4.912396,54458530599.722,54458530599.722,1441119079,1441119079,False
2020-08-06,38.76,57.413632,5.035823,55826835388.66,55826835388.66,1441119079,1441119079,False
2020-08-07,37.56,55.63612,4.879915,54098450392.107,54098450392.107,1441119079,1441119079,False
2020-08-10,38.23,56.628564,4.966963,55063465348.516,55063465348.516,1441119079,1441119079,False
2020-08-11,37.16,55.043616,4.827946,53522322059.922,53522322059.922,1441119079,1441119079,False
2020-08-12,36.12,53.503106,4.692825,52024388396.24299,52024388396.24299,1441119079,1441119079,False
2020-08-13,35.75,52.95504,4.644754,51491469688.973,51491469688.973,1441119079,1441119079,False
2020-08-14,36.3,53.769733,4.716212,52283646145.726,52283646145.726,1441119079,1441119079,False
2020-08-17,36.99,54.791802,4.805859,53277467518.744,53277467518.744,1441119079,1441119079,False
2020-08-18,37.06,54.89549,4.814953,53378289976.876,53378289976.876,1441119079,1441119079,False
2020-08-19,36.0,53.325355,4.677235,51851549896.588,51851549896.588,1441119079,1441119079,False
2020-08-20,36.14,53.532731,4.695424,52053194812.852,52053194812.852,1441119079,1441119079,False
2020-08-21,35.78,52.999477,4.648652,51534679313.887,51534679313.887,1441119079,1441119079,False
2020-08-24,35.78,52.999477,4.648652,51534679313.887,51534679313.887,1441119079,1441119079,False
2020-08-25,35.94,53.236479,4.669439,51765130646.76,51765130646.76,1441119079,1441119079,False
2020-08-26,35.61,52.747663,4.626565,51289824772.708,51289824772.708,1441119079,1441119079,False
2020-08-27,35.43,52.481037,4.603178,51030567023.225,51030567023.225,1441119079,1441119079,False
2020-08-28,36.04,53.384605,4.682432,51909162729.806,51909162729.806,1441119079,1441119079,False
2020-08-31,36.1,49.026235,4.603029,51995581979.634,51995581979.634,1441119079,1441119079,False
2020-09-01,35.94,48.808945,4.582628,51765130646.76,51765130646.76,1441119079,1441119079,False
2020-09-02,35.48,48.184234,4.523975,51102583064.748,51102583064.748,1441119079,1441119079,False
2020-09-03,35.06,47.613845,4.470421,50497648315.955,50497648315.955,1441119079,1441119079,False
2020-09-04,35.18,47.776813,4.485722,50670486815.61,50670486815.61,1441119079,1441119079,False
2020-09-07,34.01,46.187874,4.336538,48985311443.971,48985311443.971,1441119079,1441119079,False
2020-09-08,32.64,44.327322,4.161853,47012071906.24,47012071906.24,1441119079,1441119079,False
2020-09-09,30.81,41.842058,3.928513,44376284786.497,44376284786.497,1441119079,1441119079,False
2020-09-10,30.04,40.796347,3.830333,43267237747.042,43267237747.042,1441119079,1441119079,False
2020-09-11,30.99,42.086511,3.951465,44635542535.97899,44635542535.97899,1441119079,1441119079,False
2020-09-14,31.1,42.235898,3.965491,44793977827.33,44793977827.33,1441119079,1441119079,False
2020-09-15,31.23,42.412447,3.982067,44981219535.29,44981219535.29,1441119079,1441119079,False
2020-09-16,30.91,41.977865,3.941264,44520316869.543,44520316869.543,1441119079,1441119079,False
2020-09-17,31.81,43.200126,4.056021,45816605616.957,45816605616.957,1441119079,1441119079,False
2020-09-18,32.21,43.743353,4.107024,46392733949.142,46392733949.142,1441119079,1441119079,False
2020-09-21,31.94,43.376675,4.072597,46003847324.917,46003847324.917,1441119079,1441119079,False
2020-09-22,31.11,42.249479,3.966766,44808381035.635,44808381035.635,1441119079,1441119079,False
2020-09-23,31.35,42.575415,3.997368,45154058034.945,45154058034.945,1441119079,1441119079,False
2020-09-24,30.65,41.624768,3.908112,44145833453.623,44145833453.623,1441119079,1441119079,False
2020-09-25,30.86,41.909962,3.934889,44448300828.02,44448300828.02,1441119079,1441119079,False
2020-09-28,30.23,41.41339,3.888266,43921653127.848,43894075707.12,1453721310,1452808551,False
2020-09-29,30.6,41.920269,3.935857,44459232077.808,44431317123.317,1453721310,1452808551,False
2020-09-30,30.39,41.632581,3.908846,44154119700.804,44126396319.529,1453721310,1452808551,False
2020-10-09,31.3,42.879229,4.025893,45476273334.49,45447719802.608,1453721310,1452808551,False
2020-10-12,32.64,44.714953,4.198247,47423180882.996,47393404931.538,1453721310,1452808551,False
2020-10-13,33.13,45.386226,4.261272,48135109762.673,48104886807.042,1453721310,1452808551,False
2020-10-14,32.55,44.591659,4.186671,47292418435.708,47262724587.058,1453721310,1452808551,False
2020-10-15,32.28,44.221774,4.151943,46900131093.845,46870683553.617,1453721310,1452808551,False
2020-10-16,31.83,43.605299,4.094063,46246318857.407,46217281831.21499,1453721310,1452808551,False
2020-10-19,32.0,43.83819,4.115928,46493314591.172,46464122481.9,1453721310,1452808551,False
2020-10-20,32.87,45.03004,4.22783,47757351581.62,47727365811.877,1453721310,1452808551,False
2020-10-21,31.66,43.372409,4.072197,45999323123.641,45970441180.53,1453721310,1452808551,False
2020-10-22,31.64,43.34501,4.069624,45970264802.022,45941401103.97899,1453721310,1452808551,False
2020-10-23,31.31,42.892929,4.027179,45490802495.3,45462239840.884,1453721310,1452808551,False
2020-10-26,30.74,42.112061,3.953864,44662640329.145,44634597659.175,1453721310,1452808551,False
2020-10-27,30.9,42.331252,3.974443,44895106902.101,44866918271.585,1453721310,1452808551,False
2020-10-28,30.63,41.961367,3.939715,44502819560.238,44474877238.144,1453721310,1452808551,False
2020-10-29,30.9,42.331252,3.974443,44895106902.101,44866918271.585,1453721310,1452808551,False
2020-10-30,30.5,41.783274,3.922994,44313940469.711,44286116740.561,1453721310,1452808551,False
2020-11-02,27.65,38.672534,3.434314,40173129638.935,40147905832.017,1453721310,1452808551,False
2020-11-03,28.04,39.218005,3.482754,40739766910.515,40714187324.765,1453721310,1452808551,False
2020-11-04,27.89,39.008208,3.464123,40521829498.369,40496386750.631,1453721310,1452808551,False
2020-11-05,29.14,40.756515,3.619382,42337974599.586,42311391535.08,1453721310,1452808551,False
2020-11-06,29.02,40.588677,3.604477,42163624669.869,42137151075.773,1453721310,1452808551,False
2020-11-09,30.84,43.134211,3.830533,44807931937.242,44779798041.931,1453721310,1452808551,False
2020-11-10,30.27,42.336983,3.759735,43979769771.087,43952155860.222,1453721310,1452808551,False
2020-11-11,29.31,40.994284,3.640497,42584970333.352,42558232185.765,1453721310,1452808551,False
2020-11-12,29.32,41.008271,3.641739,42599499494.162,42572752224.041,1453721310,1452808551,False
2020-11-13,29.11,40.714555,3.615655,42294387117.157,42267831420.253,1453721310,1452808551,False
2020-11-16,28.89,40.406853,3.58833,41974745579.343,41948390578.19,1453721310,1452808551,False
2020-11-17,28.62,40.029219,3.554794,41582458237.48,41556349544.749,1453721310,1452808551,False
2020-11-18,28.46,39.805436,3.534921,41349991664.524,41324028932.34,1453721310,1452808551,False
2020-11-19,28.83,40.322935,3.580878,41887570614.484,41861270348.537,1453721310,1452808551,False
2020-11-20,28.61,40.015233,3.553552,41567929076.67,41541829506.474,1453721310,1452808551,False
2020-11-23,28.5,39.861382,3.539889,41408108307.763,41382109085.442,1453721310,1452808551,False
2020-11-24,28.54,39.917328,3.544858,41466224951.002,41440189238.545,1453721310,1452808551,False
2020-11-25,28.24,39.497734,3.507596,41030350126.709,41004588090.277,1453721310,1452808551,False
2020-11-26,28.15,39.371856,3.496417,40899587679.422,40873907745.796,1453721310,1452808551,False
2020-11-27,28.08,39.273951,3.487723,40797883553.754,40772267477.867,1453721310,1452808551,False
2020-11-30,28.0,39.162059,3.477786,40681650267.276,40656107171.662,1453721310,1452808551,False
2020-12-01,28.79,40.266989,3.575909,41829453971.245,41803190195.434,1453721310,1452808551,False
2020-12-02,28.98,40.532731,3.599509,42105508026.63,42079070922.671,1453721310,1452808551,False
2020-12-03,29.48,41.232054,3.661612,42831966067.117,42805072836.45,1453721310,1452808551,False
2020-12-04,28.97,40.518745,3.598267,42090978865.821,42064550884.395,1453721310,1452808551,False
2020-12-07,28.57,39.959287,3.548584,41509812433.431,41483749353.371,1453721310,1452808551,False
2020-12-08,28.3,39.581653,3.515048,41117525091.568,41091708319.93,1453721310,1452808551,False
2020-12-09,28.43,39.763477,3.531195,41306404182.095,41280468817.513,1453721310,1452808551,False
2020-12-10,28.1,39.301924,3.490207,40826941875.373,40801307554.418,1453721310,1452808551,False
2020-12-11,27.87,38.980235,3.461639,40492771176.749,40467346674.08,1453721310,1452808551,False
2020-12-14,27.8,38.88233,3.452945,40391067051.081,40365706406.151,1453721310,1452808551,False
2020-12-15,28.33,39.623612,3.518774,41161112573.997,41135268434.75701,1453721310,1452808551,False
2020-12-16,27.67,38.700506,3.436798,40202187960.554,40176945908.568,1453721310,1452808551,False
2020-12-17,27.48,38.434764,3.413199,39926133905.169,39901065181.332,1453721310,1452808551,False
2020-12-18,27.02,37.791387,3.356064,39257792507.921,39233143420.654,1453721310,1452808551,False
2020-12-21,27.11,37.917265,3.367242,39388554955.209,39363823765.135,1453721310,1452808551,False
2020-12-22,26.08,36.476661,3.239309,37892051391.805,37868259822.748,1453721310,1452808551,False
2020-12-23,25.93,36.266864,3.220678,37674113979.659,37650459248.615,1453721310,1452808551,False
2020-12-24,25.29,35.371731,3.141186,36744247687.836,36721176798.977,1453721310,1452808551,False
2020-12-25,25.15,35.175921,3.123797,36540839436.499,36517896263.118,1453721310,1452808551,False
2020-12-28,24.43,34.168897,3.034368,35494739858.198,35472453507.275,1453721310,1452808551,False
2020-12-29,26.14,36.56058,3.246762,37979226356.664,37955380052.402,1453721310,1452808551,False
2020-12-30,26.44,36.980173,3.284024,38415101180.956,38390981200.67,1453721310,1452808551,False
2020-12-31,26.88,37.595577,3.338675,39054384256.585,39021688986.739,1453721310,1452504294,False
2021-01-04,27.3,38.183008,3.390841,39664609010.594,39631402877.157,1453721310,1452504294,False
2021-01-05,27.81,38.896317,3.454187,40405596211.891,40371769744.093,1453721310,1452504294,False
2021-01-06,27.17,38.001184,3.374695,39475729920.067,39442681911.075,1453721310,1452504294,False
2021-01-07,26.55,37.134024,3.297686,38574921949.863,38542628072.84,1453721310,1452504294,False
2021-01-08,29.21,40.85442,3.628076,42439678725.254,42404149378.819,1453721310,1452504294,False
2021-01-11,30.17,42.197119,3.747315,43834478162.99,43797781128.345,1453721310,1452504294,False
2021-01-12,30.4,42.518807,3.775882,44168648861.614,44131672068.336,1453721310,1452504294,False
2021-01-13,30.8,43.078265,3.825565,44749815294.003,44712351963.972,1453721310,1452504294,False
2021-01-14,31.42,43.945425,3.902573,45650623264.207,45612405802.208,1453721310,1452504294,False
2021-01-15,29.9,41.819485,3.713779,43442190821.127,43405822198.791,1453721310,1452504294,False
2021-01-18,30.87,43.17617,3.834259,44851519419.671,44813970945.708,1453721310,1452504294,False
2021-01-19,30.38,42.490834,3.773398,44139590539.994,44102638073.554,1453721310,1452504294,False
2021-01-20,30.08,42.071241,3.736136,43703715715.702,43667128151.827,1453721310,1452504294,False
2021-01-21,30.48,42.630699,3.785819,44284882148.092,44247808047.463,1453721310,1452504294,False
2021-01-22,29.25,40.910365,3.633044,42497795368.49299,42462217368.383,1453721310,1452504294,False
2021-01-25,29.42,41.148135,3.65416,42744791102.259,42709006324.028,1453721310,1452504294,False
2021-01-26,28.39,39.707531,3.526227,41248287538.856,41213755592.765,1453721310,1452504294,False
2021-01-27,27.2,38.043143,3.378421,39519317402.496,39486232903.248,1453721310,1452504294,False
2021-01-28,26.2,36.644498,3.254214,38066401321.522,38034533164.158,1453721310,1452504294,False
2021-01-29,25.95,36.294837,3.223162,37703172301.279,37671608229.386,1453721310,1452504294,False
2021-02-01,28.55,39.931314,3.5461,41480754111.811,41446027551.02,1453721310,1452504294,False
2021-02-02,31.41,43.931439,3.901331,45636094103.397,45597888804.817,1453721310,1452504294,False
2021-02-03,30.8,43.078265,3.825565,44749815294.003,44712351963.972,1453721310,1452504294,False
2021-02-04,29.99,41.945363,3.724957,43572953268.414,43536475175.309,1453721310,1452504294,False
2021-02-05,28.6,40.001246,3.55231,41553399915.86,41518612537.974,1453721310,1452504294,False
2021-02-08,30.52,42.686645,3.790787,44342998791.33,44305876037.027,1453721310,1452504294,False
2021-02-09,30.9,43.21813,3.837985,44895106902.101,44857521937.881,1453721310,1452504294,False
2021-02-10,30.64,42.854482,3.805692,44517348721.047,44480080005.718,1453721310,1452504294,False
2021-02-18,33.22,46.462986,4.126145,48265872209.961,48225465332.57,1453721310,1452504294,False
2021-02-19,33.7,47.134336,4.185764,48963271928.828,48922281207.333,1453721310,1452504294,False
2021-02-22,32.63,45.637786,4.052863,47408651722.186,47368962486.50701,1453721310,1452504294,False
2021-02-23,33.45,46.784674,4.154712,48600042908.585,48559356272.561,1453721310,1452504294,False
2021-02-24,33.07,46.253189,4.107514,48047934797.815,48007710371.706,1453721310,1452504294,False
2021-02-25,32.34,45.232178,4.016843,46987306058.703,46947969562.171,1453721310,1452504294,False
2021-02-26,31.38,43.889479,3.897605,45592506620.968,45554337812.644,1453721310,1452504294,False
2021-03-01,32.98,46.127311,4.096335,47917172350.527,47877057395.188,1453721310,1452504294,False
2021-03-02,32.0,44.756639,3.974613,46493314591.172,46454391650.88,1453721310,1452504294,False
2021-03-03,32.24,45.092314,4.004422,46842014450.606,46802799588.262,1453721310,1452504294,False
2021-03-04,31.3,43.777588,3.887668,45476273334.49,45438201833.517,1453721310,1452504294,False
2021-03-05,32.0,44.756639,3.974613,46493314591.172,46454391650.88,1453721310,1452504294,False
2021-03-08,31.71,44.351032,3.938593,46071968927.69,46033398726.544,1453721310,1452504294,False
2021-03-09,32.18,45.008395,3.99697,46754839485.748,46715697603.916,1453721310,1452504294,False
2021-03-10,28.96,40.504758,3.597024,42076449705.011,42041224444.046,1453721310,1452504294,False
2021-03-11,29.13,40.742528,3.61814,42323445438.776,42288013399.692,1453721310,1452504294,False
2021-03-12,28.46,39.805436,3.534921,41349991664.524,41315374574.501,1453721310,1452504294,False
2021-03-15,27.35,38.25294,3.397052,39737254814.642,39703987864.112,1453721310,1452504294,False
2021-03-16,27.61,38.616588,3.429346,40115012995.696,40081429796.275,1453721310,1452504294,False
2021-03-17,27.73,38.784425,3.44425,40289362925.413,40255633764.966,1453721310,1452504294,False
2021-03-18,27.55,38.532669,3.421893,40027838030.837,39994327811.93,1453721310,1452504294,False
2021-03-19,27.11,37.917265,3.367242,39388554955.209,39355579926.73,1453721310,1452504294,False
2021-03-22,27.98,39.134086,3.475302,40652591945.656,40618558699.738,1453721310,1452504294,False
2021-03-23,28.39,39.707531,3.526227,41248287538.856,41213755592.765,1453721310,1452504294,False
2021-03-24,28.14,39.35787,3.495175,40885058518.612,40850830657.99299,1453721310,1452504294,False
2021-03-25,28.32,39.609626,3.517532,41146583413.18699,41112136611.029,1453721310,1452504294,False
2021-03-26,28.31,39.595639,3.51629,41132054252.378,41097619613.638,1453721310,1452504294,False
2021-03-29,27.48,38.434764,3.413199,39926133905.169,39892708830.193,1453721310,1452504294,False
2021-03-30,27.17,38.001184,3.374695,39475729920.067,39442681911.075,1453721310,1452504294,False
2021-03-31,27.38,38.294899,3.400778,39780842297.072,39747538856.284,1453721310,1452504294,False
2021-04-01,27.66,38.68652,3.435556,40187658799.744,40154014783.22899,1453721310,1452504294,False
2021-04-02,27.62,38.630574,3.430588,40129542156.505,40095946793.666,1453721310,1452504294,False
2021-04-06,27.76,38.826384,3.447977,40332950407.842,40299184757.138,1453721310,1452504294,False
2021-04-07,27.26,38.127062,3.385873,39606492367.355,39573334887.593,1453721310,1452504294,False
2021-04-08,27.2,38.043143,3.378421,39519317402.496,39486232903.248,1453721310,1452504294,False
2021-04-09,26.03,36.406729,3.233099,37819405587.75701,37787744208.513,1453721310,1452504294,False
2021-04-12,25.89,36.210918,3.21571,37615997336.42,37584506245.04,1453721310,1452504294,False
2021-04-13,25.7,35.945176,3.192111,37339943281.03501,37308683294.613,1453721310,1452504294,False
2021-04-14,26.13,36.546593,3.24552,37964697195.854,37932914182.422,1453721310,1452504294,False
2021-04-15,27.24,27.003583,3.383389,39577434045.735,39544300892.812,1453721310,1452504294,False
2021-04-16,27.17,26.934191,3.374695,39475729920.067,39442681911.075,1453721310,1452504294,False
2021-04-19,27.72,27.479418,3.443008,40274833764.603,40241116767.575,1453721310,1452504294,False
2021-04-20,27.29,27.05315,3.389599,39650079849.784,39616885879.766,1453721310,1452504294,False
2021-04-21,27.31,27.072976,3.392084,39679138171.404,39645919874.548,1453721310,1452504294,False
2021-04-22,27.6,27.360459,3.428103,40100483834.886,40066912798.884,1453721310,1452504294,False
2021-04-23,27.26,27.02341,3.385873,39606492367.355,39573334887.593,1453721310,1452504294,False
2021-04-26,27.75,27.509157,3.24001,40318421247.032,40284667759.748,1453721310,1452504294,False
2021-04-27,27.43,27.191934,3.202648,39853488101.12,39820123843.239,1453721310,1452504294,False
2021-04-28,27.96,27.717335,3.264529,40623533624.037,40589524704.956,1453721310,1452504294,False
2021-04-29,28.38,28.133689,3.313567,41233758378.046,41199238595.374,1453721310,1452504294,False
2021-04-30,27.01,24.986797,3.086074,39243263347.111,39210409952.821,1453721310,1452504294,False
2021-05-06,26.42,24.440991,3.018662,38386042859.337,38353907106.758,1453721310,1452504294,False
2021-05-07,26.26,24.292976,3.000381,38153576286.381,38121635148.503,1453721310,1452504294,False
2021-05-10,26.11,24.154212,2.983243,37935638874.235,37903880187.64,1453721310,1452504294,False
2021-05-11,26.89,24.875785,3.072363,39068913417.394,39036205984.13,1453721310,1452504294,False
2021-05-12,26.88,24.866534,3.07122,39054384256.585,39021688986.739,1453721310,1452504294,False
2021-05-13,26.58,24.589006,3.036943,38618509432.292,38586179065.012,1453721310,1452504294,False
2021-05-14,27.05,25.023801,3.090644,39301379990.35,39268477942.385,1453721310,1452504294,False
2021-05-17,27.4,25.347584,3.130634,39809900618.691,39776572851.066,1453721310,1452504294,False
2021-05-18,27.61,25.541853,3.154628,40115012995.696,40081429796.275,1453721310,1452504294,False
2021-05-19,27.23,25.190317,3.11121,39562904884.926,39529783895.421,1453721310,1452504294,False
2021-05-20,27.35,25.301329,3.124921,39737254814.642,39703987864.112,1453721310,1452504294,False
2021-05-21,26.71,24.709268,3.051797,38807388522.819,38774900031.094,1453721310,1452504294,False
2021-05-24,28.83,26.670468,3.294021,41887570614.484,41852503477.96499,1453721310,1452504294,False
2021-05-25,29.4,27.197772,3.359147,42715732780.639,42679972329.246,1453721310,1452504294,False
2021-05-26,28.7,26.550206,3.279168,41698691523.958,41663782511.883,1453721310,1452504294,False
2021-05-27,29.32,27.123765,3.350007,42599499494.162,42563836350.119,1453721310,1452504294,False
2021-05-28,28.77,26.614963,3.287166,41800395649.626,41765401493.619,1453721310,1452504294,False
2021-05-31,29.24,27.049757,3.340866,42483266207.684,42447700370.992,1453721310,1452504294,False
2021-06-01,29.1,26.920244,3.32487,42279857956.347,42244462407.519,1453721310,1452504294,False
2021-06-02,28.38,26.254176,3.242606,41233758378.046,41199238595.374,1453721310,1452504294,False
2021-06-03,28.96,26.790731,3.308874,42076449705.011,42041224444.046,1453721310,1452504294,False
2021-06-04,29.55,27.336536,3.376286,42933670192.786,42897727290.11,1453721310,1452504294,False
2021-06-07,30.32,28.048859,3.464264,44052415575.136,44015536089.209,1453721310,1452504294,False
2021-06-08,29.81,27.577061,3.405993,43311428373.839,43275169222.273,1453721310,1452504294,False
2021-06-09,29.55,27.336536,3.376286,42933670192.786,42897727290.11,1453721310,1452504294,False
2021-06-10,30.45,28.169121,3.479117,44241294665.662,44204257055.291,1453721310,1452504294,False
2021-06-11,29.69,27.466049,3.392282,43137078444.122,43100965253.582,1453721310,1452504294,False
2021-06-15,28.45,26.318933,3.250603,41335462503.714,41300857577.111,1453721310,1452504294,False
2021-06-16,27.97,25.874887,3.19576,40638062784.846,40604041702.347,1453721310,1452504294,False
2021-06-17,28.97,26.799982,3.310017,42090978865.821,42055741441.43699,1453721310,1452504294,False
2021-06-18,29.21,27.022004,3.337439,42439678725.254,42404149378.819,1453721310,1452504294,False
2021-06-21,29.02,26.846236,3.31573,42163624669.869,42128326428.392,1453721310,1452504294,False
2021-06-22,28.61,26.466948,3.268885,41567929076.67,41533129535.365,1453721310,1452504294,False
2021-06-23,29.07,26.892491,3.321443,42236270473.918,42200911415.346,1453721310,1452504294,False
2021-06-24,28.21,26.09691,3.223182,40986762644.28,40952449639.72899,1453721310,1452504294,False
2021-06-25,28.38,26.254176,3.242606,41233758378.046,41199238595.374,1453721310,1452504294,False
2021-06-28,28.47,26.337434,3.252889,41364520825.334,41329891571.892,1453721310,1452504294,False
2021-06-29,28.02,25.921142,3.201473,40710708588.895,40676626689.302,1453721310,1452504294,False
2021-06-30,28.13,26.022902,3.214041,40870529357.802,40836313660.602,1453721310,1452504294,False
2021-07-01,26.84,24.829531,3.06665,38996267613.346,38963620997.176,1453721310,1452504294,False
2021-07-02,26.8,24.792527,3.06208,38938150970.107,38905553007.612,1453721310,1452504294,False
2021-07-05,27.05,25.023801,3.090644,39301379990.35,39268477942.385,1453721310,1452504294,False
2021-07-06,26.96,24.940542,3.080361,39170617543.06301,39137824965.866,1453721310,1452504294,False
2021-07-07,26.86,24.848033,3.068935,39025325934.96499,38992654991.957,1453721310,1452504294,False
2021-07-08,27.82,25.736123,3.178622,40420125372.7,40386286741.484,1453721310,1452504294,False
2021-07-09,27.18,25.144063,3.105497,39490259080.877,39457198908.466,1453721310,1452504294,False
2021-07-12,27.95,25.856385,3.193475,40609004463.227,40575007707.566,1453721310,1452504294,False
2021-07-13,27.9,25.810131,3.187762,40536358659.178,40502422720.611,1453721310,1452504294,False
2021-07-14,27.92,25.828633,3.190047,40565416980.798,40531456715.393,1453721310,1452504294,False
2021-07-15,30.71,28.409646,3.508824,44619052846.716,44581698987.454,1453721310,1452504294,False
2021-07-16,30.89,28.576163,3.52939,44880577741.291,44843004940.49,1453721310,1452504294,False
2021-07-19,31.52,29.158972,3.601372,45795914872.305,45757575776.117,1453721310,1452504294,False
2021-07-20,31.16,28.825938,3.560239,45272865083.154,45234963870.044,1453721310,1452504294,False
2021-07-21,30.88,28.566912,3.528247,44866048580.481,44828487943.099,1453721310,1452504294,False
2021-07-22,30.49,28.206125,3.483687,44299411308.901,44262325044.854,1453721310,1452504294,False
2021-07-23,30.34,28.067361,3.466549,44081473896.755,44044570083.991,1453721310,1452504294,False
2021-07-26,29.34,27.142266,3.352292,42628557815.781,42592870344.901,1453721310,1452504294,False
2021-07-27,29.59,27.37354,3.380856,42991786836.025,42955795279.673,1453721310,1452504294,False
2021-07-28,29.3,27.105263,3.347722,42570441172.542,42534802355.337,1453721310,1452504294,False
2021-07-29,29.98,27.734327,3.425416,43558424107.604,43521958177.918,1453721310,1452504294,False
2021-07-30,30.48,28.196874,3.482545,44284882148.092,44247808047.463,1453721310,1452504294,False
2021-08-02,31.54,29.177474,3.603657,45824973193.924,45786609770.899,1453721310,1452504294,False
2021-08-03,30.99,28.668672,3.540816,45025869349.388,44988174914.399,1453721310,1452504294,False
2021-08-04,31.03,28.705676,3.545386,45083985992.627,45046242903.963,1453721310,1452504294,False
2021-08-05,31.1,28.770432,3.553384,45185690118.295,45147861885.699,1453721310,1452504294,False
2021-08-06,33.23,30.740883,3.796751,48280401370.77,48239982329.961,1453721310,1452504294,False
2021-08-09,33.81,31.277438,3.863019,49123092697.735,49081968178.633,1453721310,1452504294,False
2021-08-10,33.8,31.268187,3.861877,49108563536.926,49067451181.242,1453721310,1452504294,False
2021-08-11,32.4,29.973055,3.701917,47074481023.562,47035071546.516,1453721310,1452504294,False
2021-08-12,31.84,29.455002,3.637934,46260848018.216,46222119692.626,1453721310,1452504294,False
2021-08-13,31.69,29.316238,3.620795,46042910606.07,46004364731.762,1453721310,1452504294,False
2021-08-16,31.54,29.177474,3.603657,45824973193.924,45786609770.899,1453721310,1452504294,False
2021-08-17,29.98,27.734327,3.425416,43558424107.604,43521958177.918,1453721310,1452504294,False
2021-08-18,30.13,27.873091,3.442555,43776361519.751,43739713138.782,1453721310,1452504294,False
2021-08-19,30.26,27.993353,3.457408,43965240610.277,43928434104.863,1453721310,1452504294,False
2021-08-20,30.92,28.603915,3.532818,44924165223.72,44886555932.663,1453721310,1452504294,False
2021-08-23,30.98,24.161608,3.430315,45011340188.579,44973657917.008,1453721310,1452504294,False
2021-08-24,30.31,23.639068,3.356128,44037886414.326,44001019091.818,1453721310,1452504294,False
2021-08-25,30.44,23.740456,3.370522,44226765504.853,44189740057.9,1453721310,1452504294,False
2021-08-26,29.03,22.640783,3.214398,42178153830.679,42142843425.783,1453721310,1452504294,False
2021-08-27,30.26,23.600072,3.350592,43965240610.277,43928434104.863,1453721310,1452504294,False
2021-08-30,30.43,23.732657,3.369415,44212236344.043,44175223060.509,1453721310,1452504294,False
2021-08-31,29.99,23.389497,3.320695,43572953268.414,43536475175.309,1453721310,1452504294,False
2021-09-01,30.16,23.522081,3.339519,43819949002.18,43783264130.954,1453721310,1452504294,False
2021-09-02,29.77,23.217917,3.296335,43253311730.6,43217101232.709,1453721310,1452504294,False
2021-09-03,29.7,23.163323,3.288585,43151607604.932,43115482250.973,1453721310,1452504294,False
2021-09-06,29.96,23.3661,3.317374,43529365785.985,43492924183.136,1453721310,1452504294,False
2021-09-07,30.22,23.568876,3.346162,43907123967.038,43870366115.3,1453721310,1452504294,False
2021-09-08,31.05,24.216201,3.438066,45113044314.247,45075276898.745,1453721310,1452504294,False
2021-09-09,30.99,24.169407,3.431422,45025869349.388,44988174914.399,1453721310,1452504294,False
2021-09-10,30.91,24.107014,3.422564,44909636062.91,44872038935.272,1453721310,1452504294,False
2021-09-13,30.07,23.45189,3.329553,43689186554.892,43652611154.436,1453721310,1452504294,False
2021-09-14,29.73,23.18672,3.291906,43195195087.361,43159033243.146,1453721310,1452504294,False
2021-09-15,29.8,23.241314,3.299657,43296899213.029,43260652224.882,1453721310,1452504294,False
2021-09-16,29.2,22.773368,3.233221,42425149564.445,42389632381.428,1453721310,1452504294,False
2021-09-17,29.47,22.983944,3.263117,42817436906.308,42781591310.982,1453721310,1452504294,False
2021-09-22,29.07,22.67198,3.218827,42236270473.918,42200911415.346,1453721310,1452504294,False
2021-09-23,29.68,23.147725,3.28637,43122549283.312,43086448256.191,1453721310,1452504294,False
2021-09-24,29.69,23.155524,3.287477,43137078444.122,43100965253.582,1453721310,1452504294,False
2021-09-27,29.57,23.061935,3.27419,42962728514.405,42926761284.891,1453721310,1452504294,False
2021-09-28,29.93,23.342702,3.314052,43485778303.556,43449373190.964,1453721310,1452504294,False
2021-09-29,28.51,22.23523,3.15682,41422637468.572,41387959561.456,1453721310,1452504294,False
2021-09-30,28.52,22.243029,3.157927,41437166629.382,41402476558.847,1453721310,1452504294,False
2021-10-08,29.08,22.679779,3.219934,42250799634.728,42215428412.737,1453721310,1452504294,False
2021-10-11,29.39,22.921551,3.254259,42701203619.83,42665455331.855,1453721310,1452504294,False
2021-10-12,28.81,22.469203,3.190038,41858512292.865,41823469483.183,1453721310,1452504294,False
2021-10-13,29.06,22.664181,3.217719,42221741313.108,42186394417.955,1453721310,1452504294,False
2021-10-14,28.78,22.445806,3.186716,41814924810.435,41779918491.01,1453721310,1452504294,False
2021-10-15,29.78,23.225716,3.297443,43267840891.41,43231618230.1,1453721310,1452504294,False
2021-10-18,29.97,23.373899,3.318481,43543894946.795,43507441180.527,1453721310,1452504294,False
2021-10-19,30.02,23.412894,3.324017,43616540750.843,43580026167.482,1453721310,1452504294,False
2021-10-20,29.85,23.280309,3.305194,43369545017.078,43333237211.837,1453721310,1452504294,False
2021-10-21,30.07,23.45189,3.329553,43689186554.892,43652611154.436,1453721310,1452504294,False
2021-10-22,30.49,23.779452,3.376059,44299411308.901,44262325044.854,1453721310,1452504294,False
2021-10-25,30.65,23.904237,3.393775,44531877881.857,44494597003.109,1453721310,1452504294,False
2021-10-26,31.05,24.216201,3.438066,45113044314.247,45075276898.745,1453721310,1452504294,False
2021-10-27,30.47,20.236189,3.246082,44270352987.282,44233291050.072,1453721310,1452504294,False
2021-10-28,30.89,20.515125,3.290826,44880577741.291,44843004940.49,1453721310,1452504294,False
2021-10-29,31.08,20.641311,3.311068,45156631796.676,45118827890.917,1453721310,1452504294,False
2021-11-01,30.69,20.382298,3.269519,44589994525.096,44552664992.672,1453721310,1452504294,False
2021-11-02,30.32,20.136568,3.230102,44052415575.136,44015536089.209,1453721310,1452504294,False
2021-11-03,31.22,20.73429,3.325982,45360040048.012,45322065854.39,1453721310,1452504294,False
2021-11-04,31.29,20.780779,3.33344,45461744173.681,45423684836.126,1453721310,1452504294,False
2021-11-05,31.81,21.126129,3.388837,46217260535.787,46178568700.453,1453721310,1452504294,False
2021-11-08,31.6,20.986661,3.366465,45912148158.783,45873711755.244,1453721310,1452504294,False
2021-11-09,31.63,21.006585,3.369661,45955735641.212,45917262747.417,1453721310,1452504294,False
2021-11-10,31.28,20.774138,3.332374,45447215012.871,45409167838.735,1453721310,1452504294,False
2021-11-11,31.22,20.73429,3.325982,45360040048.012,45322065854.39,1453721310,1452504294,False
2021-11-12,31.32,20.800703,3.336636,45505331656.11,45467235828.29901,1453721310,1452504294,False
2021-11-15,30.6,20.322526,3.259931,44459232077.808,44422012016.154,1453721310,1452504294,False
2021-11-16,32.21,21.391783,3.431451,46798426968.177,46759248596.089,1453721310,1452504294,False
2021-11-17,32.06,21.292163,3.415471,46580489556.031,46541493635.225,1453721310,1452504294,False
2021-11-18,31.77,21.099564,3.384576,46159143892.548,46120500710.889,1453721310,1452504294,False
2021-11-19,32.11,21.32537,3.420797,46653135360.079,46614078622.18,1453721310,1452504294,False
2021-11-22,32.7,21.717209,3.483652,47510355847.854,47470581468.24299,1453721310,1452504294,False
2021-11-23,33.07,21.962939,3.52307,48047934797.815,48007710371.706,1453721310,1452504294,False
2021-11-24,34.38,22.832956,3.662629,49951254863.891,49909437029.914,1453721310,1452504294,False
2021-11-25,33.5,22.248517,3.568879,48672688712.633,48631941259.515,1453721310,1452504294,False
2021-11-26,32.69,21.710568,3.482587,47495826687.044,47456064470.852,1453721310,1452504294,False
2021-11-29,32.4,21.517969,3.451692,47074481023.562,47035071546.516,1453721310,1452504294,False
2021-11-30,32.5,21.584382,3.462345,47219772631.659,47180241520.425,1453721310,1452504294,False
2021-12-01,33.46,22.221952,3.564618,48614572069.394,48573873269.95099,1453721310,1452504294,False
2021-12-02,33.36,22.155538,3.553964,48469280461.297,48428703296.042,1453721310,1452504294,False
2021-12-03,33.34,22.142256,3.551834,48440222139.678,48399669301.261,1453721310,1452504294,False
2021-12-06,32.7,21.717209,3.483652,47510355847.854,47470581468.24299,1453721310,1452504294,False
2021-12-07,32.32,21.464838,3.443169,46958247737.084,46918935567.389,1453721310,1452504294,False
2021-12-08,34.1,22.646998,3.632799,49544438361.218,49502961102.969,1453721310,1452504294,False
2021-12-09,35.2,23.377547,3.749986,51142646050.289,51099830815.968,1453721310,1452504294,False
2021-12-10,34.59,22.972424,3.685001,50256367240.895,50214293975.123,1453721310,1452504294,False
2021-12-13,34.94,23.204871,3.722288,50764887869.236,50722388883.805,1453721310,1452504294,False
2021-12-14,35.14,23.337698,3.743594,51055471085.431,51012728831.623,1453721310,1452504294,False
2021-12-15,35.23,23.397471,3.753182,51186233532.719,51143381808.141,1453721310,1452504294,False
2021-12-16,35.1,23.311133,3.739333,50997354442.192,50954660842.059,1453721310,1452504294,False
2021-12-17,34.4,22.846239,3.664759,49980313185.51,49938471024.696,1453721310,1452504294,False
2021-12-20,33.8,22.447758,3.600839,49108563536.926,49067451181.242,1453721310,1452504294,False
2021-12-21,33.94,22.540737,3.615754,49311971788.262,49270689144.71499,1453721310,1452504294,False
2021-12-22,34.31,22.786467,3.655171,49849550738.222,49807818048.178,1453721310,1452504294,False
2021-12-23,34.73,23.065403,3.699916,50459775492.232,50417531938.596,1453721310,1452504294,False
2021-12-24,35.5,23.576787,3.781947,51578520874.582,51535340737.695,1453721310,1452504294,False
2021-12-27,35.91,23.849082,3.825625,52174216467.781,52130537630.722,1453721310,1452504294,False
2021-12-28,35.76,23.749462,3.809645,51956279055.635,51912782669.858,1453721310,1452504294,False
2021-12-29,35.35,23.477167,3.765967,51360583462.436,51317585776.832,1453721310,1452504294,False
2021-12-30,35.37,23.490449,3.768097,51389641784.055,51346619771.613,1453721310,1452504294,False
2021-12-31,35.83,23.795951,3.817103,52057983181.303,52025297141.452,1453721310,1452808551,False
2022-01-04,35.93,23.862365,3.827756,52203274789.401,52170497524.208,1453721310,1452808551,False
2022-01-05,36.22,24.054964,3.858651,52624620452.883,52591578634.2,1453721310,1452808551,False
2022-01-06,35.77,23.756103,3.810711,51970808216.445,51938176911.79901,1453721310,1452808551,False
2022-01-07,33.72,22.394627,3.592317,48992330250.448,48961569065.302,1453721310,1452808551,False
2022-01-10,34.1,22.646998,3.632799,49544438361.218,49513330519.775,1453721310,1452808551,False
2022-01-11,33.78,22.434475,3.598709,49079505215.306,49048689294.956,1453721310,1452808551,False
2022-01-12,34.05,22.613791,3.627473,49471792557.169,49440730328.397,1453721310,1452808551,False
2022-01-13,33.31,22.122332,3.548638,48396634657.248,48366247496.003,1453721310,1452808551,False
2022-01-14,32.9,21.850036,3.504959,47800939064.04901,47770925926.703,1453721310,1452808551,False
2022-01-17,35.35,23.477167,3.765967,51360583462.436,51328335304.224,1453721310,1452808551,False
2022-01-18,36.4,24.174508,3.877827,52886145347.458,52852939323.161,1453721310,1452808551,False
2022-01-19,36.42,24.187791,3.879958,52915203669.078,52881979399.712,1453721310,1452808551,False
2022-01-20,36.7,24.373749,3.909787,53322020171.751,53288540471.429,1453721310,1452808551,False
2022-01-21,36.3,24.108095,3.867174,52740853739.361,52707738940.405,1453721310,1452808551,False
2022-01-24,36.53,24.260846,3.891676,53075024437.985,53041699820.744,1453721310,1452808551,False
2022-01-25,35.45,23.54358,3.77662,51505875070.533,51473535686.98,1453721310,1452808551,False
2022-01-26,35.02,23.258002,3.73081,50881121155.714,50849174041.129,1453721310,1452808551,False
2022-01-27,34.05,22.613791,3.627473,49471792557.169,49440730328.397,1453721310,1452808551,False
2022-01-28,33.77,22.427834,3.597643,49064976054.496,49034169256.68,1453721310,1452808551,False
2022-02-07,30.82,20.468636,3.283369,44778873615.623,44750757965.38,1453721310,1452808551,False
2022-02-08,31.56,20.960096,3.362204,45854031515.544,45825240797.774,1453721310,1452808551,False
2022-02-09,32.14,21.345294,3.423993,46696722842.509,46667403017.758,1453721310,1452808551,False
2022-02-10,32.15,21.351935,3.425059,46711252003.318,46681923056.034,1453721310,1452808551,False
2022-02-11,31.5,20.920248,3.355812,45766856550.685,45738120568.12,1453721310,1452808551,False
2022-02-14,30.82,20.468636,3.283369,44778873615.623,44750757965.38,1453721310,1452808551,False
2022-02-15,31.06,20.628028,3.308937,45127573475.057,45099238883.994,1453721310,1452808551,False
2022-02-16,31.92,21.199184,3.400556,46377081304.694,46347962175.695,1453721310,1452808551,False
2022-02-17,31.47,20.900324,3.352616,45723269068.256,45694560453.293,1453721310,1452808551,False
2022-02-18,33.29,22.109049,3.546507,48367576335.629,48337207419.452,1453721310,1452808551,False
2022-02-21,36.22,24.054964,3.858651,52624620452.883,52591578634.2,1453721310,1452808551,False
2022-02-22,35.25,23.410753,3.755313,51215291854.338,51183134921.468,1453721310,1452808551,False
2022-02-23,35.18,23.364264,3.747856,51113587728.67,51081494653.539,1453721310,1452808551,False
2022-02-24,34.17,22.693488,3.640257,49646142486.886,49614970787.704,1453721310,1452808551,False
2022-02-25,33.75,22.414551,3.595513,49035917732.877,49005129180.129,1453721310,1452808551,False
2022-02-28,32.93,21.86996,3.508155,47844526546.478,47814486041.53,1453721310,1452808551,False
2022-03-01,32.94,21.876602,3.50922,47859055707.288,47829006079.806,1453721310,1452808551,False
2022-03-02,32.3,21.451555,3.441039,46929189415.464,46899723630.168,1453721310,1452808551,False
2022-03-03,32.0,21.252315,3.409079,46493314591.172,46464122481.9,1453721310,1452808551,False
2022-03-04,31.84,21.146053,3.392033,46260848018.216,46231801869.49,1453721310,1452808551,False
2022-03-07,30.18,20.04359,3.215187,43849007323.79901,43821475515.742,1453721310,1452808551,False
2022-03-08,30.35,20.156493,3.233298,44096003057.565,44068316166.427,1453721310,1452808551,False
2022-03-09,29.77,19.771294,3.171508,43253311730.6,43226153946.443,1453721310,1452808551,False
2022-03-10,29.81,19.79786,3.17577,43311428373.839,43284234099.545,1453721310,1452808551,False
2022-03-11,30.2,20.056872,3.217318,43878065645.419,43850515592.293,1453721310,1452808551,False
2022-03-14,29.01,19.266552,3.090543,42149095509.06,42122631037.497,1453721310,1452808551,False
2022-03-15,27.5,18.263708,2.929677,39955192226.789,39930105257.883,1453721310,1452808551,False
2022-03-16,28.35,18.828223,3.020231,41190170895.617,41164308511.308,1453721310,1452808551,False
2022-03-17,28.82,19.140366,3.070301,41873041453.674,41846750310.261,1453721310,1452808551,False
2022-03-18,28.94,19.220062,3.083085,42047391383.391,42020990769.568,1453721310,1452808551,False
2022-03-21,28.58,18.980974,3.044733,41524341594.241,41498269391.647,1453721310,1452808551,False
2022-03-22,28.42,18.874712,3.027688,41291875021.28501,41265948779.237,1453721310,1452808551,False
2022-03-23,29.05,19.293117,3.094804,42207212152.29901,42180711190.6,1453721310,1452808551,False
2022-03-24,28.37,18.841506,3.022361,41219229217.236,41193348587.859,1453721310,1452808551,False
2022-03-25,28.03,18.6157,2.98614,40725237749.705,40699667286.489,1453721310,1452808551,False
2022-03-28,28.0,18.595776,2.982944,40681650267.276,40656107171.662,1453721310,1452808551,False
2022-03-29,27.36,18.170729,2.914762,39751783975.452,39726824722.024,1453721310,1452808551,False
2022-03-30,27.79,18.456307,2.960572,40376537890.27101,40351186367.875,1453721310,1452808551,False
2022-03-31,27.15,18.031261,2.89239,39446671598.448,39421903918.237,1453721310,1452808551,False
2022-04-01,27.15,18.031261,2.89239,39446671598.448,39421903918.237,1453721310,1452808551,False
2022-04-06,27.26,18.104316,2.904109,39606492367.355,39581624339.269,1453721310,1452808551,False
2022-04-07,27.15,18.031261,2.89239,39446671598.448,39421903918.237,1453721310,1452808551,False
2022-04-08,26.2,17.400333,2.791183,38066401321.522,38042500282.056,1453721310,1452808551,False
2022-04-11,25.46,18.480569,2.613426,36991243421.601,36968017449.662,1453721310,1452808551,False
2022-04-12,27.4,19.88875,2.812563,39809900618.691,39784904875.127,1453721310,1452808551,False
2022-04-13,26.78,19.438713,2.748921,38909092648.487,38884662502.04,1453721310,1452808551,False
2022-04-14,27.0,19.598404,2.771504,39228734186.302,39204103344.103,1453721310,1452808551,False
2022-04-15,27.2,19.743577,2.792034,39519317402.496,39494504109.615,1453721310,1452808551,False
2022-04-18,27.39,19.881492,2.811537,39795371457.881,39770384836.851,1453721310,1452808551,False
2022-04-19,26.92,19.540334,2.763292,39112500899.824,39087943037.898,1453721310,1452808551,False
2022-04-20,26.72,19.395161,2.742762,38821917683.629,38797542272.386,1453721310,1452808551,False
2022-04-21,26.38,19.148366,2.707862,38327926216.098,38303860971.016,1453721310,1452808551,False
2022-04-22,26.52,19.249988,2.722233,38531334467.434,38507141506.875,1453721310,1452808551,False
2022-04-25,25.31,18.371689,2.598028,36773306009.455,36750216875.528,1453721310,1452808551,False
2022-04-26,23.07,16.745747,2.368096,33518773988.073,33497728301.795,1453721310,1452808551,False
2022-04-27,23.81,17.282889,2.444056,34593931887.994,34572211134.189,1453721310,1452808551,False
2022-04-28,22.81,16.557022,2.341408,33141015807.02,33120207306.629,1453721310,1452808551,False
2022-04-29,24.66,17.899875,2.531307,35828910556.822,35806414387.614,1453721310,1452808551,False
2022-05-05,25.05,17.379836,2.512246,36395547828.402,36372695880.362,1453721310,1452808551,False
2022-05-06,25.42,17.636544,2.549353,36933126778.362,36909937296.559,1453721310,1452808551,False
2022-05-09,25.12,17.428403,2.519266,36497251954.07,36474336148.291,1453721310,1452808551,False
2022-05-10,25.12,17.428403,2.519266,36497251954.07,36474336148.291,1453721310,1452808551,False
2022-05-11,25.27,17.532473,2.53431,36715189366.216,36692136722.425,1453721310,1452808551,False
2022-05-12,25.18,17.470031,2.525284,36584426918.929,36561456377.945,1453721310,1452808551,False
2022-05-13,25.02,17.359022,2.509237,36351960345.973,36329135765.536,1453721310,1452808551,False
2022-05-16,24.79,17.199447,2.486171,36017789647.349,35995174885.197,1453721310,1452808551,False
2022-05-17,24.74,17.164756,2.481156,35945143843.3,35922574693.819,1453721310,1452808551,False
2022-05-18,24.94,17.303517,2.501214,36235727059.495,36212975459.331,1453721310,1452808551,False
2022-05-19,24.83,17.227199,2.490182,36075906290.588,36053255038.29901,1453721310,1452808551,False
2022-05-20,25.0,17.345146,2.507231,36322902024.353,36300095688.984,1453721310,1452808551,False
2022-05-23,25.13,17.435341,2.520269,36511781114.88,36488856186.567,1453721310,1452808551,False
2022-05-24,23.62,16.387694,2.368832,34317877832.609,34296330406.952,1453721310,1452808551,False
2022-05-25,24.11,16.727659,2.417974,35029806712.286,35007812282.456,1453721310,1452808551,False
2022-05-26,24.35,16.894172,2.442043,35378506571.72,35356293201.071,1453721310,1452808551,False
2022-05-27,24.41,16.9358,2.448061,35465681536.579,35443413430.724,1453721310,1452808551,False
2022-05-30,24.26,16.83173,2.433017,35247744124.432,35225612856.59,1453721310,1452808551,False
2022-05-31,24.65,17.102314,2.47213,35814381396.012,35791894349.339,1453721310,1452808551,False
2022-06-01,24.6,17.067623,2.467116,35741735591.964,35719294157.961,1453721310,1452808551,False
2022-06-02,24.87,17.254951,2.494194,36134022933.827,36111335191.402,1453721310,1452808551,False
2022-06-06,25.4,17.622668,2.547347,36904068456.74299,36880897220.008,1453721310,1452808551,False
2022-06-07,25.51,17.698987,2.558379,37063889225.65,37040617641.04,1453721310,1452808551,False
2022-06-08,25.92,17.983447,2.599498,37659584818.849,37635939210.339,1453721310,1452808551,False
2022-06-09,24.98,17.33127,2.505226,36293843702.734,36271055612.433,1453721310,1452808551,False
2022-06-10,25.36,17.594916,2.543336,36845951813.504,36822817066.906,1453721310,1452808551,False
2022-06-13,25.18,17.470031,2.525284,36584426918.929,36561456377.945,1453721310,1452808551,False
2022-06-14,24.4,16.928862,2.447058,35451152375.769,35428893392.449,1453721310,1452808551,False
2022-06-15,25.3,17.553288,2.537318,36758776848.646,36735696837.252,1453721310,1452808551,False
2022-06-16,25.51,17.698987,2.558379,37063889225.65,37040617641.04,1453721310,1452808551,False
2022-06-17,25.06,17.386774,2.513249,36410076989.212,36387215918.638,1453721310,1452808551,False
2022-06-20,25.13,17.435341,2.520269,36511781114.88,36488856186.567,1453721310,1452808551,False
2022-06-21,25.41,17.629606,2.54835,36918597617.553,36895417258.284,1453721310,1452808551,False
2022-06-22,24.53,17.019057,2.460096,35640031466.295,35617653890.031,1453721310,1452808551,False
2022-06-23,25.05,17.379836,2.512246,36395547828.402,36372695880.362,1453721310,1452808551,False
2022-06-24,26.11,18.11527,2.618553,37935638874.235,37911819937.575,1453721310,1452808551,False
2022-06-27,25.94,17.997323,2.601503,37688643140.469,37664979286.89,1453721310,1452808551,False
2022-06-28,26.35,18.281784,2.642622,38284338733.668,38260300856.189,1453721310,1452808551,False
2022-06-29,25.92,17.983447,2.599498,37659584818.849,37635939210.339,1453721310,1452808551,False
2022-06-30,26.48,18.371978,2.65566,38473217824.195,38448346657.468,1453721310,1452781546,False
2022-07-01,26.26,18.219341,2.633596,38153576286.381,38128911753.214,1453721310,1452781546,False
2022-07-04,26.23,18.198527,2.630587,38109988803.95099,38085352448.089,1453721310,1452781546,False
2022-07-05,25.85,17.934881,2.592477,37557880693.181,37533601249.832,1453721310,1452781546,False
2022-07-06,25.5,17.692049,2.557376,37049360064.84,37025409356.70099,1453721310,1452781546,False
2022-07-07,25.55,17.726739,2.562391,37122005868.889,37098008198.577,1453721310,1452781546,False
2022-07-08,25.54,17.719801,2.561388,37107476708.079,37083488430.202,1453721310,1452781546,False
2022-07-11,24.92,17.289641,2.499208,36206668737.875,36183262790.941,1453721310,1452781546,False
2022-07-12,24.47,16.977429,2.454078,35552856501.437,35529873214.058,1453721310,1452781546,False
2022-07-13,24.58,17.053747,2.46511,35712677270.344,35689590666.185,1453721310,1452781546,False
2022-07-14,24.49,16.991305,2.456084,35581914823.056,35558912750.808,1453721310,1452781546,False
2022-07-15,24.01,16.658278,2.407945,34884515104.189,34861963868.799,1453721310,1452781546,False
2022-07-18,24.42,16.942738,2.449064,35480210697.388,35457274372.182,1453721310,1452781546,False
2022-07-19,24.85,17.359535,2.509311,36353034047.311,36306998570.04901,1463709516,1461855955,False
2022-07-20,24.84,17.352549,2.508302,36338405059.766,36292388107.847,1463709516,1461855955,False
2022-07-21,24.66,17.226806,2.490125,36075083283.971,36029399788.225,1463709516,1461855955,False
2022-07-22,24.29,16.968334,2.452764,35533810744.836,35488812686.78,1463709516,1461855955,False
2022-07-25,24.09,16.828619,2.432568,35241230993.952,35196603442.755,1463709516,1461855955,False
2022-07-26,24.71,17.261734,2.495174,36148228221.692,36102452099.232,1463709516,1461855955,False
2022-07-27,24.56,17.156949,2.480028,35928793408.529,35883295166.213,1463709516,1461855955,False
2022-07-28,24.95,17.429392,2.519409,36499323922.752,36453103192.061,1463709516,1461855955,False
2022-07-29,24.27,16.954362,2.450744,35504552769.748,35459591762.378,1463709516,1461855955,False
2022-08-01,24.39,17.038191,2.462861,35680100620.278,35634917308.792,1463709516,1461855955,False
2022-08-02,23.12,16.151004,2.334619,33822219202.166,33779388609.236,1463709516,1461855955,False
2022-08-03,23.3,16.276747,2.352795,34085540977.961,34042376928.859,1463709516,1461855955,False
2022-08-04,23.54,16.444404,2.37703,34436636679.022,34393028021.688,1463709516,1461855955,False
2022-08-05,25.06,17.506235,2.530517,36660242785.739,36613818276.274,1463709516,1461855955,False
2022-08-08,25.2,17.604035,2.544654,36865048611.357,36818364747.092,1463709516,1461855955,False
2022-08-09,24.93,17.41542,2.51739,36470065947.664,36423882267.658,1463709516,1461855955,False
2022-08-10,24.78,17.310635,2.502243,36250631134.501,36204725334.64,1463709516,1461855955,False
2022-08-11,25.15,17.569107,2.539605,36791903673.636,36745312436.085,1463709516,1461855955,False
2022-08-12,24.83,17.345563,2.507292,36323776072.222,36277777645.646,1463709516,1461855955,False
2022-08-15,24.55,17.149963,2.479018,35914164420.985,35868684704.012,1463709516,1461855955,False
2022-08-16,24.21,16.912448,2.444685,35416778844.482,35371928989.17,1463709516,1461855955,False
2022-08-17,24.49,17.108048,2.472959,35826390495.72,35781021930.805,1463709516,1461855955,False
2022-08-18,24.16,16.877519,2.439636,35343633906.761,35298876678.164,1463709516,1461855955,False
2022-08-19,23.81,16.633019,2.404294,34831619342.715,34787510501.121,1463709516,1461855955,False
2022-08-22,23.88,16.681919,2.411362,34934022255.524,34889783736.53,1463709516,1461855955,False
2022-08-23,23.88,16.681919,2.411362,34934022255.524,34889783736.53,1463709516,1461855955,False
2022-08-24,23.13,16.157989,2.335629,33836848189.71,33793999071.438,1463709516,1461855955,False
2022-08-25,23.08,16.123061,2.33058,33763703251.989,33720946760.432,1463709516,1461855955,False
2022-08-26,23.18,16.192918,2.340678,33909993127.431,33867051382.444,1463709516,1461855955,False
2022-08-29,23.22,15.780011,2.267551,33968509077.608,33925493231.249,1463709516,1461855955,False
2022-08-30,23.12,15.712053,2.257786,33822219202.166,33779388609.236,1463709516,1461855955,False
2022-08-31,23.21,15.773216,2.266574,33953880090.063,33910882769.047,1463709516,1461855955,False
2022-09-01,23.25,15.800399,2.270481,34012396040.24,33969324617.852,1463709516,1461855955,False
2022-09-02,23.17,15.746032,2.262668,33895364139.887,33852440920.243,1463709516,1461855955,False
2022-09-05,22.99,15.623706,2.24509,33632042364.091,33589452600.62,1463709516,1461855955,False
2022-09-06,22.98,15.616911,2.244114,33617413376.547,33574842138.419,1463709516,1461855955,False
2022-09-07,22.93,15.582931,2.239231,33544268438.826,33501789827.413,1463709516,1461855955,False
2022-09-08,22.52,15.304301,2.199192,32944479949.514,32902760877.163,1463709516,1461855955,False
2022-09-09,22.71,15.433422,2.217747,33222430712.854,33180359658.986,1463709516,1461855955,False
2022-09-13,22.9,15.562544,2.236301,33500381476.194,33457958440.809,1463709516,1461855955,False
2022-09-14,22.51,15.297505,2.198216,32929850961.97,32888150414.962,1463709516,1461855955,False
2022-09-15,22.33,15.175179,2.180638,32666529186.175,32625162095.34,1463709516,1461855955,False
2022-09-16,22.15,15.052853,2.16306,32403207410.379,32362173775.717,1463709516,1461855955,False
2022-09-19,21.32,14.488796,2.082006,31189001444.212,31149505413.016,1463709516,1461855955,False
2022-09-20,21.39,14.536367,2.088842,31291404357.021,31251778648.424,1463709516,1461855955,False
2022-09-21,21.35,14.509184,2.084936,31232888406.844,31193336799.619,1463709516,1461855955,False
2022-09-22,21.3,14.475204,2.080053,31159743469.123,31120284488.613,1463709516,1461855955,False
2022-09-23,20.84,14.162594,2.035132,30486810042.091,30448203227.357,1463709516,1461855955,False
2022-09-26,20.33,13.816005,1.985328,29740731677.337,29703069655.094,1463709516,1461855955,False
2022-09-27,20.77,14.115023,2.028296,30384407129.281,30345929991.948,1463709516,1461855955,False
2022-09-28,19.99,13.584945,1.952125,29243346100.835,29206313940.252,1463709516,1461855955,False
2022-09-29,19.86,13.496599,1.93943,29053169262.76,29016377931.636,1463709516,1461855955,False
2022-09-30,19.75,13.421844,1.928688,28892250399.774,28855662847.423,1463709516,1461855955,False
2022-10-10,18.9,12.844195,1.845681,27648786458.518,27613773560.319,1463709516,1461855955,False
2022-10-11,19.09,12.973317,1.864236,27926737221.857,27891372342.142,1463709516,1461855955,False
2022-10-12,20.0,13.591741,1.953102,29257975088.379,29220924402.454,1463709516,1461855955,False
2022-10-13,20.29,13.788821,1.981422,29682215727.16,29644627806.289,1463709516,1461855955,False
2022-10-14,20.72,14.081044,2.023413,30311262191.56,30272877680.942,1463709516,1461855955,False
2022-10-17,20.97,14.250941,2.047827,30676986880.165,30638139235.973,1463709516,1461855955,False
2022-10-18,20.87,14.182982,2.038062,30530697004.723,30492034613.96,1463709516,1461855955,False
2022-10-19,20.65,14.033473,2.016577,30208859278.751,30170604445.533,1463709516,1461855955,False
2022-10-20,21.07,14.318899,2.057593,30823276755.607,30784243857.985,1463709516,1461855955,False
2022-10-21,20.86,14.176186,2.037085,30516068017.179,30477424151.759,1463709516,1461855955,False
2022-10-24,20.56,13.97231,2.007789,30077198390.853,30039110285.722,1463709516,1461855955,False
2022-10-25,20.33,13.816005,1.985328,29740731677.337,29703069655.094,1463709516,1461855955,False
2022-10-26,21.58,14.665489,2.107397,31569355120.361,31529377430.248,1463709516,1461855955,False
2022-10-27,22.23,15.10722,2.170873,32520239310.733,32479057473.327,1463709516,1461855955,False
2022-10-28,21.31,14.482,2.08103,31174372456.667,31134894950.814,1463709516,1461855955,False
2022-10-31,23.02,15.328595,2.137209,33675929326.724,33633283987.224,1463709516,1461855955,False
2022-11-01,23.15,15.41516,2.149278,33866106164.798,33823219995.84,1463709516,1461855955,False
2022-11-02,23.25,15.481748,2.158562,34012396040.24,33969324617.852,1463709516,1461855955,False
2022-11-03,22.64,15.07556,2.101929,33120027800.045,33078086423.578,1463709516,1461855955,False
2022-11-04,22.82,15.195419,2.118641,33383349575.84,33341074743.2,1463709516,1461855955,False
2022-11-07,22.71,15.122172,2.108428,33222430712.854,33180359658.986,1463709516,1461855955,False
2022-11-08,22.75,15.148807,2.112142,33280946663.031,33238801507.791,1463709516,1461855955,False
2022-11-09,22.36,14.889114,2.075934,32710416148.807,32668993481.943,1463709516,1461855955,False
2022-11-10,22.36,14.889114,2.075934,32710416148.807,32668993481.943,1463709516,1461855955,False
2022-11-11,22.41,14.922408,2.080576,32783561086.528,32742045792.949,1463709516,1461855955,False
2022-11-14,22.77,15.162125,2.113999,33310204638.119,33268022432.193,1463709516,1461855955,False
2022-11-15,23.06,15.355231,2.140923,33734445276.901,33691725836.029,1463709516,1461855955,False
2022-11-16,22.87,15.228713,2.123283,33456494513.561,33414127054.206,1463709516,1461855955,False
2022-11-17,24.3,16.180924,2.256046,35548439732.38,35503423148.981,1463709516,1461855955,False
2022-11-18,23.49,15.64156,2.180844,34363491741.301,34319975710.682,1463709516,1461855955,False
2022-11-21,23.54,15.674854,2.185486,34436636679.022,34393028021.688,1463709516,1461855955,False
2022-11-22,22.85,15.215396,2.121426,33427236538.473,33384906129.803,1463709516,1461855955,False
2022-11-23,22.47,14.962361,2.086146,32871335011.793,32829708566.157,1463709516,1461855955,False
2022-11-24,22.23,14.802549,2.063864,32520239310.733,32479057473.327,1463709516,1461855955,False
2022-11-25,22.24,14.809208,2.064793,32534868298.277,32493667935.528,1463709516,1461855955,False
2022-11-28,21.64,14.409679,2.009088,31657129045.626,31617040203.455,1463709516,1461855955,False
2022-11-29,22.19,14.775914,2.060151,32461723360.556,32420615624.522,1463709516,1461855955,False
2022-11-30,22.2,14.782572,2.061079,32476352348.1,32435226086.724,1463709516,1461855955,False
2022-12-01,22.91,15.255348,2.126996,33515010463.738,33472568903.011,1463709516,1461855955,False
2022-12-02,22.95,15.281984,2.13071,33573526413.915,33531010751.816,1463709516,1461855955,False
2022-12-05,23.25,15.481748,2.158562,34012396040.24,33969324617.852,1463709516,1461855955,False
2022-12-06,23.12,15.395184,2.146493,33822219202.166,33779388609.236,1463709516,1461855955,False
2022-12-07,22.97,15.295301,2.132567,33602784389.003,33560231676.218,1463709516,1461855955,False
2022-12-08,22.68,15.102196,2.105643,33178543750.221,33136528272.382,1463709516,1461855955,False
2022-12-09,22.55,15.015631,2.093573,32988366912.147,32946592263.767,1463709516,1461855955,False
2022-12-12,22.77,15.162125,2.113999,33310204638.119,33268022432.193,1463709516,1461855955,False
2022-12-13,22.29,14.842502,2.069435,32608013235.998,32566720246.535,1463709516,1461855955,False
2022-12-14,22.34,14.875796,2.074077,32681158173.719,32639772557.541,1463709516,1461855955,False
2022-12-15,22.46,14.955702,2.085218,32856706024.249,32815098103.955,1463709516,1461855955,False
2022-12-16,22.15,14.749278,2.056437,32403207410.379,32362173775.717,1463709516,1461855955,False
2022-12-19,21.78,14.502902,2.022086,31861934871.244,31821586674.272,1463709516,1461855955,False
2022-12-20,21.46,14.28982,1.992376,31393807269.83,31354051883.833,1463709516,1461855955,False
2022-12-21,21.28,14.169961,1.975665,31130485494.035,31091063564.211,1463709516,1461855955,False
2022-12-22,21.21,14.12335,1.969166,31028082581.226,30988790328.802,1463709516,1461855955,False
2022-12-23,21.45,14.283161,1.991448,31379178282.286,31339441421.632,1463709516,1461855955,False
2022-12-26,21.69,14.442973,2.01373,31730273983.347,31690092514.461,1463709516,1461855955,False
2022-12-27,21.68,14.436314,2.012801,31715644995.803,31675482052.26,1463709516,1461855955,False
2022-12-28,21.27,14.163303,1.974736,31115856506.491,31076453102.009,1463709516,1461855955,False
2022-12-29,21.32,14.196597,1.979379,31189001444.212,31149505413.016,1463709516,1461855955,False
2022-12-30,21.52,14.329773,1.997947,31481581195.095,31441714657.04,1463709516,1461855955,False
2023-01-03,22.64,15.07556,2.101929,33120027800.045,33071886567.556,1463709516,1461581958,False
2023-01-04,22.89,15.242031,2.125139,33485752488.649,33437079661.279,1463709516,1461581958,False
2023-01-05,22.88,15.235372,2.124211,33471123501.105,33422471937.53,1463709516,1461581958,False
2023-01-06,22.83,15.202078,2.119569,33397978563.384,33349433318.785,1463709516,1461581958,False
2023-01-09,22.86,15.222054,2.122354,33441865526.017,33393256490.032,1463709516,1461581958,False
2023-01-10,22.81,15.18876,2.117712,33368720588.296,33320217871.287,1463709516,1461581958,False
2023-01-11,22.51,14.988996,2.08986,32929850961.97,32881986158.82,1463709516,1461581958,False
2023-01-12,22.61,15.055584,2.099144,33076140837.412,33028063396.309,1463709516,1461581958,False
2023-01-13,22.65,15.082219,2.102858,33134656787.589,33086494291.305,1463709516,1461581958,False
2023-01-16,23.2,15.448454,2.15392,33939251102.519,33889919097.495,1463709516,1461581958,False
2023-01-17,23.12,15.395184,2.146493,33822219202.166,33773057307.504,1463709516,1461581958,False
2023-01-18,23.4,15.58163,2.172489,34231830853.403,34182073572.474,1463709516,1461581958,False
2023-01-19,23.78,15.834665,2.207768,34787732380.082,34737167074.933,1463709516,1461581958,False
2023-01-20,23.86,15.887936,2.215196,34904764280.436,34854028864.924,1463709516,1461581958,False
2023-01-30,23.92,15.927889,2.220766,34992538205.701,34941675207.417,1463709516,1461581958,False
2023-01-31,23.66,15.75476,2.196627,34612184529.552,34561874389.945,1463709516,1461581958,False
2023-02-01,24.18,16.101018,2.244905,35372891881.85,35321476024.889,1463709516,1461581958,False
2023-02-02,24.1,16.047748,2.237478,35255859981.496,35204614234.898,1463709516,1461581958,False
2023-02-03,24.42,16.26083,2.267187,35723987582.91,35672061394.863,1463709516,1461581958,False
2023-02-06,25.25,16.813512,2.344245,36938193549.078,36884502466.024,1463709516,1461581958,False
2023-02-07,26.79,17.838969,2.487221,39191057630.883,39134091923.358,1463709516,1461581958,False
2023-02-08,26.97,17.958828,2.503932,39454379406.679,39397030950.838,1463709516,1461581958,False
2023-02-09,29.67,19.756708,2.754604,43404206043.61,43341116363.047,1463709516,1461581958,False
2023-02-10,29.69,19.770026,2.756461,43433464018.698,43370331810.544,1463709516,1461581958,False
2023-02-13,32.66,21.747694,3.0322,47778273319.322,47708825763.974,1463709516,1461581958,False
2023-02-14,33.92,22.586705,3.14918,49621525749.89,49549398956.338,1463709516,1461581958,False
2023-02-15,37.31,24.844044,3.463912,54580752527.37,54501417307.222,1463709516,1461581958,False
2023-02-16,38.0,25.303502,3.527973,55590152667.92,55509350245.897,1463709516,1461581958,False
2023-02-17,36.51,24.311339,3.389639,53410433523.835,53332799407.308,1463709516,1461581958,False
2023-02-20,38.33,25.523243,3.558611,56072909256.878,55991405129.612,1463709516,1461581958,False
2023-02-21,37.05,24.670915,3.439774,54200398851.222,54121616489.75,1463709516,1461581958,False
2023-02-22,37.99,25.296844,3.527045,55575523680.375,55494742522.148,1463709516,1461581958,False
2023-02-23,37.29,24.830726,3.462056,54551494552.282,54472201859.724,1463709516,1461581958,False
2023-02-24,38.25,25.469973,3.551183,55955877356.524,55874543339.62,1463709516,1461581958,False
2023-02-27,37.24,24.797432,3.457413,54478349614.561,54399163240.97899,1463709516,1461581958,False
2023-02-28,39.0,25.969384,3.620814,57053051422.338,56970122620.789,1463709516,1461581958,False
2023-03-01,42.88,28.553005,3.981039,62729098589.484,62637919435.37,1463709516,1461581958,False
2023-03-02,43.15,28.732793,4.006106,63124081253.177,63032327976.591,1463709516,1461581958,False
2023-03-03,38.84,25.862843,3.60596,56818987621.631,56736399040.807,1463709516,1461581958,False
2023-03-06,34.99,23.299199,3.24852,51186827417.119,51112425397.472,1463709516,1461581958,False
2023-03-07,35.02,23.319175,3.251306,51230714379.751,51156248568.719,1463709516,1461581958,False
2023-03-08,35.27,23.485646,3.274516,51596439068.356,51521441662.442,1463709516,1461581958,False
2023-03-09,34.14,22.733199,3.169605,49943363475.862,49870768878.814,1463709516,1461581958,False
2023-03-10,31.74,21.135083,2.946786,46432406465.25701,46364915179.073,1463709516,1461581958,False
2023-03-13,34.03,22.659952,3.159393,49782444612.876,49710083917.576,1463709516,1461581958,False
2023-03-14,32.17,21.421412,2.986708,47061452929.657,46993047300.277,1463709516,1461581958,False
2023-03-15,31.69,21.101789,2.942144,46359261527.536,46291876560.329,1463709516,1461581958,False
2023-03-16,31.56,21.015225,2.930074,46169084689.462,46101976151.593,1463709516,1461581958,False
2023-03-17,32.21,21.448048,2.990421,47119968879.834,47051478195.272,1463709516,1461581958,False
2023-03-20,32.31,21.514636,2.999705,47266258755.276,47197555432.762,1463709516,1461581958,False
2023-03-21,32.9,21.907506,3.054482,48129369020.383,48059411133.948,1463709516,1461581958,False
2023-03-22,34.59,23.032846,3.211384,50601667915.351,50528116447.515,1463709516,1461581958,False
2023-03-23,38.05,25.336797,3.532615,55663297605.64,55582388864.642,1463709516,1461581958,False
2023-03-24,40.2,26.768442,3.732224,58808529927.641,58723049470.66,1463709516,1461581958,False
2023-03-27,38.83,25.856184,3.605031,56804358634.087,56721791317.058,1463709516,1461581958,False
2023-03-28,35.8,23.838563,3.323722,52371775408.198,52295651021.135,1463709516,1461581958,False
2023-03-29,36.71,24.444515,3.408208,53703013274.719,53624953882.287,1463709516,1461581958,False
2023-03-30,34.52,22.986234,3.204885,50499265002.542,50425862381.273,1463709516,1461581958,False
2023-03-31,35.1,23.372446,3.258733,51347746280.105,51273110358.71,1463709516,1461581958,False
2023-04-03,37.65,25.070444,3.495478,55078138103.873,54998079914.685,1463709516,1461581958,False
2023-04-04,36.51,24.311339,3.389639,53410433523.835,53332799407.308,1463709516,1461581958,False
2023-04-06,38.78,25.82289,3.600389,56731213696.366,56648752698.31301,1463709516,1461581958,False
2023-04-07,38.18,25.423361,3.544684,55853474443.71499,55772289273.378,1463709516,1461581958,False
2023-04-10,38.05,25.336797,3.532615,55663297605.64,55582388864.642,1463709516,1461581958,False
2023-04-11,41.5,27.634088,3.852918,60710298308.386,60622053558.019,1463709516,1461581958,False
2023-04-12,43.87,30.866396,3.947973,64177368356.359,64084084086.513,1463709516,1461581958,False
2023-04-13,39.54,27.819861,3.558305,57843016749.725,57758939703.231,1463709516,1461581958,False
2023-04-14,38.9,27.369565,3.50071,56906761546.897,56824045383.3,1463709516,1461581958,False
2023-04-17,39.96,28.115368,3.596102,58457434226.581,58372464100.686,1463709516,1461581958,False
2023-04-18,41.78,29.395898,3.759888,61119909959.623,61031069822.989,1463709516,1461581958,False
2023-04-19,41.3,29.058176,3.716692,60417718557.502,60329899083.041,1463709516,1461581958,False
2023-04-20,42.98,30.240203,3.867879,62875388464.926,62783996672.86,1463709516,1461581958,False
2023-04-21,43.96,30.929719,3.956072,64309029244.256,64215553600.254,1463709516,1461581958,False
2023-04-24,47.0,33.068626,4.229649,68756241457.69,68656301619.926,1463709516,1461581958,False
2023-04-25,47.1,33.138985,4.238649,68902531333.132,68802378857.415,1463709516,1461581958,False
2023-04-26,43.94,30.915648,3.954272,64279771269.168,64186338152.756,1463709516,1461581958,False
2023-04-27,42.38,29.818051,3.813884,61997649212.274,61907533247.924,1463709516,1461581958,False
2023-04-28,41.1,30.74583,3.656349,60125138806.618,60037744608.06301,1463709516,1461581958,False
2023-05-04,41.88,31.329328,3.72574,61266199835.065,61177147060.478,1463709516,1461581958,False
2023-05-05,38.86,29.070145,3.457074,56848245596.72,56765614488.304,1463709516,1461581958,False
2023-05-08,38.22,28.591378,3.400138,55911990393.892,55830720168.373,1463709516,1461581958,False
2023-05-09,38.66,28.92053,3.439281,56555665845.836,56473460013.326,1463709516,1461581958,False
2023-05-10,36.08,26.9905,3.209759,52781387059.435,52704667286.105,1463709516,1461581958,False
2023-05-11,35.34,26.436925,3.143927,51698841981.165,51623695728.684,1463709516,1461581958,False
2023-05-12,35.51,26.564098,3.15905,51947534769.416,51872027032.416,1463709516,1461581958,False
2023-05-15,35.91,26.863327,3.194635,52532694271.184,52456335982.373,1463709516,1461581958,False
2023-05-16,35.36,26.451887,3.145706,51728099956.254,51652911176.182,1463709516,1461581958,False
2023-05-17,38.34,28.681147,3.410813,56087538244.422,56006012853.361,1463709516,1461581958,False
2023-05-18,38.89,29.092587,3.459743,56892132559.352,56809437659.551,1463709516,1461581958,False
2023-05-19,39.09,29.242202,3.477535,57184712310.236,57101592134.53,1463709516,1461581958,False
2023-05-22,39.5,29.548912,3.51401,57784500799.548,57700508808.235,1463709516,1461581958,False
2023-05-23,37.4,27.977957,3.327189,54712413415.268,54632886820.962,1463709516,1461581958,False
2023-05-24,37.15,27.790939,3.304948,54346688726.663,54267693727.239,1463709516,1461581958,False
2023-05-25,39.92,29.863103,3.551374,58398918276.404,58314033205.69,1463709516,1461581958,False
2023-05-26,41.38,30.955291,3.681259,60534750457.856,60446760873.032,1463709516,1461581958,False
2023-05-29,39.8,29.773334,3.540698,58223370425.874,58138740520.703,1463709516,1461581958,False
2023-05-30,43.78,32.750668,3.894768,64045707468.461,63952614572.773,1463709516,1461581958,False
2023-05-31,44.56,33.334165,3.964159,65186768496.908,65092017025.189,1463709516,1461581958,False
2023-06-01,45.29,33.880259,4.029101,66254684587.634,66167849509.255,1463709516,1461791141,False
2023-06-02,44.4,33.405667,3.972662,65326594387.032,65223969780.809,1472135122,1469822476,False
2023-06-05,44.65,33.593762,3.995031,65694424310.383,65591221862.908,1472135122,1469822476,False
2023-06-06,43.79,32.946715,3.918083,64429089374.057,64327874700.487,1472135122,1469822476,False
2023-06-07,42.62,32.066431,3.813398,62707645332.777,62609134956.263,1472135122,1469822476,False
2023-06-08,43.05,32.389954,3.851872,63340312800.94,63240808537.474,1472135122,1469822476,False
2023-06-09,45.67,34.361189,4.086294,67195170397.652,67089610357.873,1472135122,1469822476,False
2023-06-12,45.23,34.030142,4.046926,66547789732.556,66443246693.378,1472135122,1469822476,False
2023-06-13,49.12,36.9569,4.394981,72271223339.888,72157689090.841,1472135122,1469822476,False
2023-06-14,52.5,39.499944,4.697404,77244283903.586,77122937240.821,1472135122,1469822476,False
2023-06-15,52.02,39.138802,4.654457,76538050450.753,76417813243.191,1472135122,1469822476,False
2023-06-16,56.5,42.509464,5.055302,83129562677.192,82998970554.408,1472135122,1469822476,False
2023-06-19,62.15,46.76041,5.560832,91442518944.911,91298867609.849,1472135122,1469822476,False
2023-06-20,65.0,48.904693,5.815834,95635780071.106,95485541345.779,1472135122,1469822476,False
2023-06-21,61.48,46.256316,5.500884,90456734750.332,90314632029.823,1472135122,1469822476,False
2023-06-26,56.71,42.667463,5.074091,83438539812.806,83307462303.371,1472135122,1469822476,False
2023-06-27,56.52,42.524511,5.057091,83158989071.06,83028350720.976,1472135122,1469822476,False
2023-06-28,50.73,38.168232,4.539035,74640048046.265,74522792499.559,1472135122,1469822476,False
2023-06-29,48.04,36.14433,4.298349,70682198071.014,70571160096.173,1472135122,1469822476,False
2023-06-30,48.5,36.490425,4.339507,71359005129.979,71250045471.142,1472135122,1469887286,False
2023-07-03,47.36,35.632711,4.237506,69681700679.501,69575302134.294,1472135122,1469887286,False
2023-07-04,47.36,35.632711,4.237506,69681700679.501,69575302134.294,1472135122,1469887286,False
2023-07-05,46.53,35.008236,4.163242,68460505333.978,68355971459.221,1472135122,1469887286,False
2023-07-06,48.01,36.121758,4.295664,70638058480.212,70530199650.918,1472135122,1469887286,False
2023-07-07,46.02,34.624522,4.11761,67710132290.343,67606744176.947,1472135122,1469887286,False
2023-07-10,45.27,34.060238,4.050505,66606642520.292,66504939350.074,1472135122,1469887286,False
2023-07-11,45.78,34.443951,4.096137,67357015563.927,67254166632.348,1472135122,1469887286,False
2023-07-12,41.2,30.998051,3.686344,60618371368.147,60525811822.908,1472135122,1469887286,False
2023-07-13,42.2,31.750431,3.775818,62089691061.54901,61994884925.406,1472135122,1469887286,False
2023-07-14,43.87,33.006906,3.925241,64546794949.529,64448237006.577,1472135122,1469887286,False
2023-07-17,46.04,34.63957,4.1194,67739558684.211,67636125638.997,1472135122,1469887286,False
2023-07-18,46.98,35.346807,4.203506,69122599196.009,69017054355.345,1472135122,1469887286,False
2023-07-19,45.11,33.939857,4.036189,66371231369.347,66269887653.674,1472135122,1469887286,False
2023-07-20,43.25,32.54043,3.869766,63634576739.62,63537411683.029,1472135122,1469887286,False
2023-07-21,42.42,31.915955,3.795503,62413381394.097,62318081007.955,1472135122,1469887286,False
2023-07-24,45.86,34.504142,4.103294,67474721139.399,67371692480.548,1472135122,1469887286,False
2023-07-25,46.83,35.23395,4.190085,68901901241.998,68796693389.971,1472135122,1469887286,False
2023-07-26,44.88,33.766809,4.01561,66032827839.865,65932000840.1,1472135122,1469887286,False
2023-07-27,45.12,33.947381,4.037083,66385944566.281,66284578384.699,1472135122,1469887286,False
2023-07-28,47.12,35.45214,4.216032,69328583953.085,69222724589.695,1472135122,1469887286,False
2023-07-31,45.71,34.391285,4.089873,67254023185.388,67151331515.173,1472135122,1469887286,False
2023-08-01,47.7,35.888521,4.267927,70181949375.258,70074786989.144,1472135122,1469887286,False
2023-08-02,47.31,35.595093,4.233032,69608134694.831,69501848479.169,1472135122,1469887286,False
2023-08-03,47.86,36.008901,4.282243,70417360526.202,70309838685.543,1472135122,1469887286,False
2023-08-04,50.6,38.070422,4.527403,74448776486.122,74335098986.387,1472135122,1469887286,False
2023-08-07,50.41,37.92747,4.510403,74169225744.376,74055975096.913,1472135122,1469887286,False
2023-08-08,48.71,36.648424,4.358296,71667982265.593,71558550822.666,1472135122,1469887286,False
2023-08-09,47.05,35.399474,4.209769,69225591574.547,69119889472.52,1472135122,1469887286,False
2023-08-10,47.49,35.730521,4.249138,69872972239.643,69766281637.619,1472135122,1469887286,False
2023-08-11,45.19,34.000047,4.043347,66488936944.82,66387413501.874,1472135122,1469887286,False
2023-08-14,45.82,34.474046,4.099716,67415868351.663,67312929556.448,1472135122,1469887286,False
2023-08-15,44.03,33.127286,3.939556,64782206100.474,64683288702.977,1472135122,1469887286,False
2023-08-16,42.4,31.900907,3.793713,62383955000.22899,62288699545.905,1472135122,1469887286,False
2023-08-17,42.79,32.194335,3.828608,62957769680.656,62861638055.88,1472135122,1469887286,False
2023-08-18,40.91,30.779861,3.660396,60191688657.061,60099780623.184,1472135122,1469887286,False
2023-08-21,40.6,30.546623,3.632659,59735579552.106,59644367961.409,1472135122,1469887286,False
2023-08-22,43.0,32.352335,3.847398,63266746816.27,63170143407.404,1472135122,1469887286,False
2023-08-23,40.69,30.614338,3.640712,59867998324.512,59776584540.634,1472135122,1469887286,False
2023-08-24,41.6,31.299003,3.722134,61206899245.508,61113441063.907,1472135122,1469887286,False
2023-08-25,37.44,28.169103,3.34992,55086209320.957,55002096957.516,1472135122,1469887286,False
2023-08-28,36.91,37.43793,3.280379,54306409883.454,54223488213.193,1472135122,1469887286,False
2023-08-29,38.68,39.233246,3.437687,56910645740.775,56823747604.614,1472135122,1469887286,False
2023-08-30,39.54,40.105547,3.51412,58175980677.1,58087150472.762,1472135122,1469887286,False
2023-08-31,39.13,39.689683,3.477681,57572739602.806,57484830500.738,1472135122,1469887286,False
2023-09-01,38.6,39.152102,3.430577,56792940165.303,56706221756.414,1472135122,1469887286,False
2023-09-04,38.98,39.537537,3.46435,57352041648.795,57264469535.363,1472135122,1469887286,False
2023-09-05,37.91,38.452233,3.369254,55777729576.856,55692561315.69,1472135122,1469887286,False
2023-09-06,37.49,38.026225,3.331926,55159775305.627,55075550612.641,1472135122,1469887286,False
2023-09-07,36.36,36.880063,3.231497,53497184052.083,53415498006.819,1472135122,1469887286,False
2023-09-08,35.17,35.673042,3.125736,51746313616.935,51667301014.847,1472135122,1469887286,False
2023-09-11,37.99,38.533377,3.376364,55895435152.328,55810087163.89,1472135122,1469887286,False
2023-09-12,38.2,38.746381,3.395027,56204412287.942,56118592515.415,1472135122,1469887286,False
2023-09-13,37.9,38.44209,3.368365,55763016379.922,55677870584.665,1472135122,1469887286,False
2023-09-14,37.74,38.279801,3.354145,55527605228.977,55442818888.266,1472135122,1469887286,False
2023-09-15,35.82,36.332339,3.183505,52702671417.646,52622198531.47,1472135122,1469887286,False
2023-09-18,35.62,36.129479,3.16573,52408407478.966,52328383910.971,1472135122,1469887286,False
2023-09-19,34.9,35.39918,3.10174,51349057299.717,51270651277.172,1472135122,1469887286,False
2023-09-20,34.93,35.429609,3.104406,51393196890.519,51314723470.247,1472135122,1469887286,False
2023-09-21,36.01,36.525057,3.200391,52982222159.393,52901322420.945,1472135122,1469887286,False
2023-09-22,37.91,38.452233,3.369254,55777729576.856,55692561315.69,1472135122,1469887286,False
2023-09-25,36.57,37.093067,3.250161,53806161187.698,53724003358.343,1472135122,1469887286,False
2023-09-26,37.12,37.650933,3.299042,54615387019.068,54531993564.717,1472135122,1469887286,False
2023-09-27,36.75,37.275641,3.266159,54070998732.51,53988436516.793,1472135122,1469887286,False
2023-09-28,37.61,38.147942,3.342591,55336333668.835,55251839384.941,1472135122,1469887286,False
2023-10-09,37.25,37.782793,3.310596,54806658579.211,54722973068.042,1472135122,1469887286,False
2023-10-10,36.99,37.519074,3.287489,54424115458.926,54341014061.392,1472135122,1469887286,False
2023-10-11,37.9,38.44209,3.368365,55763016379.922,55677870584.665,1472135122,1469887286,False
2023-10-12,36.9,37.427787,3.27949,54291696686.52,54208797482.168,1472135122,1469887286,False
2023-10-13,35.24,35.744043,3.131957,51849305995.473,51770136132.02101,1472135122,1469887286,False
2023-10-16,34.84,35.338322,3.096407,51260778118.113,51182506891.022,1472135122,1469887286,False
2023-10-17,34.3,34.790598,3.048415,50466265483.676,50389207415.673,1472135122,1469887286,False
2023-10-18,30.87,31.311539,2.743573,45419638935.308,45350286674.106,1472135122,1469887286,False
2023-10-19,30.9,31.341968,2.746239,45463778526.11,45394358867.181,1472135122,1469887286,False
2023-10-20,29.65,30.074089,2.635146,43624628909.358,43558017489.059,1472135122,1469887286,False
2023-10-23,28.29,28.694636,2.514276,41623634126.332,41560078069.662,1472135122,1469887286,False
2023-10-24,28.45,28.856925,2.528496,41859045277.276,41795129766.062,1472135122,1469887286,False
2023-10-25,28.47,28.877211,2.530273,41888471671.144,41824511228.111,1472135122,1469887286,False
2023-10-26,29.32,29.739369,2.605817,43139093410.536,43073223365.235,1472135122,1469887286,False
2023-10-27,29.22,29.637938,2.596929,42991961441.196,42926316054.985,1472135122,1469887286,False
2023-10-30,29.74,30.165376,2.643144,43757047681.764,43690234068.284,1472135122,1469887286,False
2023-10-31,29.39,29.81037,2.546763,43242085789.074,43176058482.409,1472135122,1469887286,False
2023-11-01,29.71,33.114216,2.574493,43712908090.962,43646161875.209,1472135122,1469887286,False
2023-11-02,29.07,32.400884,2.519034,42771263487.185,42705955089.61,1472135122,1469887286,False
2023-11-03,30.17,33.626923,2.614354,44389715149.927,44321935502.358,1472135122,1469887286,False
2023-11-06,30.89,34.429422,2.676745,45449065329.176,45379668136.156,1472135122,1469887286,False
2023-11-07,31.56,35.176192,2.734803,46434849523.755,46363947114.83,1472135122,1469887286,False
2023-11-08,31.82,35.465983,2.757333,46817392644.04,46745906121.47899,1472135122,1469887286,False
2023-11-09,35.0,39.010352,3.032893,51496189269.057,51417558587.422,1472135122,1469887286,False
2023-11-10,34.14,38.051812,2.95837,50230854332.732,50154155719.274,1472135122,1469887286,False
2023-11-13,34.76,38.742852,3.012096,51143072542.641,51064981042.822,1472135122,1469887286,False
2023-11-14,34.86,38.854311,3.020761,51290204511.981,51211888353.072,1472135122,1469887286,False
2023-11-15,34.55,38.50879,2.993899,50834095407.026,50756475691.298,1472135122,1469887286,False
2023-11-16,34.31,38.241291,2.973102,50480978680.61,50403898146.698,1472135122,1469887286,False
2023-11-17,35.7,39.790559,3.093551,52526113054.438,52445909759.17,1472135122,1469887286,False
2023-11-20,37.82,42.153472,3.277257,55645310804.45,55560344736.466,1472135122,1469887286,False
2023-11-21,36.43,40.604204,3.156808,53600176430.621,53518333123.994,1472135122,1469887286,False
2023-11-22,36.42,40.593058,3.155942,53585463233.68699,53503642392.969,1472135122,1469887286,False
2023-11-23,37.85,42.186909,3.279857,55689450395.252,55604416929.541,1472135122,1469887286,False
2023-11-24,36.52,40.704516,3.164607,53732595203.027,53650549703.219,1472135122,1469887286,False
2023-11-27,35.09,39.110664,3.040692,51628608041.463,51549775166.647,1472135122,1469887286,False
2023-11-28,35.37,39.422747,3.064955,52040577555.616,51961115635.346,1472135122,1469887286,False
2023-11-29,35.58,39.656809,3.083152,52349554691.23,52269620986.871,1472135122,1469887286,False
2023-11-30,35.23,39.266706,3.052823,51834592798.539,51755445400.996,1472135122,1469887286,False
2023-12-01,36.52,40.704516,3.164607,53732595203.027,53650549703.219,1472135122,1469887286,False
2023-12-04,36.27,40.425871,3.142944,53364765279.677,53283281427.594,1472135122,1469887286,False
2023-12-05,34.25,38.174416,2.967902,50392699499.006,50315753760.54901,1472135122,1469887286,False
2023-12-06,33.74,37.605979,2.923709,49642326455.371,49566526478.275,1472135122,1469887286,False
2023-12-07,34.17,38.085249,2.96097,50274993923.534,50198227912.349,1472135122,1469887286,False
2023-12-08,36.08,40.2141,3.126479,53085214537.931,53004157538.12,1472135122,1469887286,False
2023-12-11,36.3,40.459308,3.145543,53408904870.47899,53327353620.669,1472135122,1469887286,False
2023-12-12,36.48,40.659933,3.161141,53673742415.291,53591786779.119,1472135122,1469887286,False
2023-12-13,35.65,39.73483,3.089218,52452547069.768,52372456104.045,1472135122,1469887286,False
2023-12-14,35.79,39.890871,3.10135,52658531826.844,52578126338.395,1472135122,1469887286,False
2023-12-15,34.82,38.809727,3.017295,51231351724.245,51153125428.972,1472135122,1469887286,False
2023-12-18,34.44,38.386186,2.984367,50672250240.752,50594877650.023,1472135122,1469887286,False
2023-12-19,34.7,38.675978,3.006897,51054793361.037,50976836656.673,1472135122,1469887286,False
2023-12-20,32.82,36.580564,2.843987,48288712337.441,48214979223.977,1472135122,1469887286,False
2023-12-21,33.71,37.572542,2.921109,49598186864.569,49522454285.2,1472135122,1469887286,False
2023-12-22,32.6,36.335356,2.824923,47965022004.893,47891783141.427,1472135122,1469887286,False
2023-12-25,32.81,36.569419,2.84312,48273999140.50701,48200288492.952,1472135122,1469887286,False
2023-12-26,31.67,35.298796,2.744335,46596694690.03,46525545156.104,1472135122,1469887286,False
2023-12-27,31.95,35.610878,2.768598,47008664204.182,46936885624.804,1472135122,1469887286,False
2023-12-28,32.92,36.692023,2.852652,48435844306.782,48361886534.227,1472135122,1469887286,False
2023-12-29,33.2,37.004105,2.876916,48847813820.934,48773227002.926,1472135122,1469887286,False
2024-01-02,32.58,36.313065,2.82319,47935595611.025,47874008778.5,1472135122,1470243748,False
2024-01-03,31.81,35.454837,2.756466,46802679447.106,46742548165.871,1472135122,1470243748,False
2024-01-04,31.17,34.741505,2.701008,45861034843.329,45802113370.959,1472135122,1470243748,False
2024-01-05,30.16,33.615778,2.613487,44375001952.99299,44317989710.238,1472135122,1470243748,False
2024-01-08,29.62,33.013904,2.566694,43580489318.556,43524497852.031,1472135122,1470243748,False
2024-01-09,29.64,33.036195,2.568427,43609915712.424,43553886439.372,1472135122,1470243748,False
2024-01-10,29.66,33.058487,2.57016,43639342106.292,43583275026.713,1472135122,1470243748,False
2024-01-11,30.75,34.273381,2.664613,45243080572.1,45184953036.798,1472135122,1470243748,False
2024-01-12,30.18,33.638069,2.61522,44404428346.861,44347378297.579,1472135122,1470243748,False
2024-01-15,30.15,33.604632,2.612621,44360288756.059,44303295416.567,1472135122,1470243748,False
2024-01-16,29.99,33.426299,2.598756,44124877605.115,44068186717.839,1472135122,1470243748,False
2024-01-17,30.5,33.994735,2.642949,44875250648.75,44817595695.03501,1472135122,1470243748,False
2024-01-18,31.68,35.309941,2.745201,46611407886.964,46551522348.154,1472135122,1470243748,False
2024-01-19,31.8,35.443691,2.7556,46787966250.172,46727853872.20099,1472135122,1470243748,False
2024-01-22,30.26,33.727236,2.622153,44522133922.333,44464932646.943,1472135122,1470243748,False
2024-01-23,31.98,35.644316,2.771198,47052803794.984,46992351158.27,1472135122,1470243748,False
2024-01-24,31.93,35.588587,2.766865,46979237810.314,46918879689.917,1472135122,1470243748,False
2024-01-25,33.38,37.20473,2.892513,49112651365.746,49049552272.14,1472135122,1470243748,False
2024-01-26,32.78,36.535981,2.840521,48229859549.705,48167894651.91,1472135122,1470243748,False
2024-01-29,30.81,34.340256,2.669812,45331359753.704,45273118798.821,1472135122,1470243748,False
2024-01-30,30.22,33.682653,2.618686,44463281134.597,44406155472.261,1472135122,1470243748,False
2024-01-31,28.07,31.286302,2.43238,41299943793.784,41246882333.103,1472135122,1470243748,False
2024-02-01,29.2,32.545779,2.530299,42962535047.328,42907337517.87,1472135122,1470243748,False
2024-02-02,28.53,31.79901,2.472241,41976750852.748,41922819841.946,1472135122,1470243748,False
2024-02-05,27.48,30.628699,2.381254,40431865174.677,40379919006.543,1472135122,1470243748,False
2024-02-06,29.13,32.467759,2.524233,42859542668.789,42804477462.176,1472135122,1470243748,False
2024-02-07,28.95,32.267134,2.508636,42594705123.977,42539980176.107,1472135122,1470243748,False
2024-02-08,30.38,33.860986,2.632551,44698692285.541,44641264170.989,1472135122,1470243748,False
2024-02-19,33.2,37.004105,2.876916,48847813820.934,48785054986.071,1472135122,1470243748,False
2024-02-20,33.38,37.20473,2.892513,49112651365.746,49049552272.14,1472135122,1470243748,False
2024-02-21,32.62,36.357648,2.826656,47994448398.761,47932785953.182,1472135122,1470243748,False
2024-02-22,34.29,38.218999,2.971368,50451552286.742,50386732996.156,1472135122,1470243748,False
2024-02-23,34.56,38.519936,2.994765,50848808603.96,50783478925.259,1472135122,1470243748,False
2024-02-26,35.25,39.288997,3.054556,51864019192.407,51797385188.524,1472135122,1470243748,False
2024-02-27,37.66,41.975139,3.263393,55409899653.505,55338709963.115,1472135122,1470243748,False
2024-02-28,35.78,39.879726,3.100483,52643818629.91,52576182753.061,1472135122,1470243748,False
2024-02-29,37.39,41.674202,3.239996,55012643336.287,54941964034.012,1472135122,1470243748,False
2024-03-01,41.13,45.842737,3.564082,60515378989.609,60437629866.78,1472135122,1470243748,False
2024-03-04,43.19,48.138774,3.74259,63546297558.016,63464654362.904,1472135122,1470243748,False
2024-03-05,42.06,46.879297,3.644671,61883706304.473,61804199178.137,1472135122,1470243748,False
2024-03-06,41.83,46.622944,3.62474,61545302774.99,61466230423.71499,1472135122,1470243748,False
2024-03-07,40.68,45.341175,3.525088,59853285127.578,59776386651.607,1472135122,1470243748,False
2024-03-08,42.12,46.946172,3.64987,61971985486.077,61892364940.16,1472135122,1470243748,False
2024-03-11,41.73,46.511485,3.616075,61398170805.65,61319287487.01,1472135122,1470243748,False
2024-03-12,41.01,45.708987,3.553684,60338820626.401,60261298342.734,1472135122,1470243748,False
2024-03-13,39.9,44.471801,3.457498,58705655766.725,58630231745.308,1472135122,1470243748,False
2024-03-14,39.3,43.803052,3.405505,57822863950.684,57748574125.078,1472135122,1470243748,False
2024-03-15,39.98,44.560968,3.46443,58823361342.197,58747786094.672,1472135122,1470243748,False
2024-03-18,42.36,47.213672,3.670667,62325102212.49299,62245027988.252,1472135122,1470243748,False
2024-03-19,41.76,46.544923,3.618674,61442310396.452,61363370368.022,1472135122,1470243748,False
2024-03-20,41.85,46.645235,3.626473,61574729168.858,61495619011.056,1472135122,1470243748,False
2024-03-21,41.06,45.764716,3.558017,60412386611.071,60334769811.087,1472135122,1470243748,False
2024-03-22,40.71,45.374612,3.527688,59897424718.38,59820469532.619,1472135122,1470243748,False
2024-03-25,40.26,44.873051,3.488693,59235330856.35,59159226317.446,1472135122,1470243748,False
2024-03-26,40.53,45.173988,3.51209,59632587173.568,59555972246.55,1472135122,1470243748,False
2024-03-27,40.32,44.939926,3.493893,59323610037.954,59247392079.469,1472135122,1470243748,False
2024-03-28,44.35,49.431689,3.843109,65253028402.362,65169192428.682,1472135122,1470243748,False
2024-03-29,42.9,47.815546,3.71746,63119614846.93,63038519846.459,1472135122,1470243748,False
2024-04-01,44.03,49.075023,3.815379,64782206100.474,64698975031.226,1472135122,1470243748,False
2024-04-02,41.55,46.310861,3.600477,61133333260.838,61054790200.941,1472135122,1470243748,False
2024-04-03,39.35,43.858781,3.409838,57896429935.354,57822045593.431,1472135122,1470243748,False
2024-04-08,39.8,44.360343,3.448832,58558523797.385,58483288808.603,1472135122,1470243748,False
2024-04-09,38.47,42.87795,3.333583,56601668605.161,56528947750.426,1472135122,1470243748,False
2024-04-10,37.1,41.350973,3.214866,54585960625.2,54515829517.567,1472135122,1470243748,False
2024-04-11,37.79,42.120034,3.274658,55601171213.648,55529735780.832,1472135122,1470243748,False
2024-04-12,37.85,42.186909,3.279857,55689450395.252,55617901542.855,1472135122,1470243748,False
2024-04-15,37.75,42.075451,3.271192,55542318425.911,55470958606.15,1472135122,1470243748,False
2024-04-16,36.67,40.871703,3.177605,53953293157.038,53883974889.736,1472135122,1470243748,False
2024-04-17,38.25,42.632742,3.314519,56277978272.612,56205673289.675,1472135122,1470243748,False
2024-04-18,37.73,42.053159,3.269459,55512892032.043,55441570018.809,1472135122,1470243748,False
2024-04-19,35.85,39.957746,3.106549,52746811008.448,52679042808.754,1472135122,1470243748,False
2024-04-22,35.51,29.322402,2.912825,52246562312.692,52179436823.957,1472135122,1470243748,False
2024-04-23,34.93,28.843466,2.865248,51393196890.519,51327167791.068,1472135122,1470243748,False
2024-04-24,36.81,30.395877,3.019461,54159277914.114,54089695001.123,1472135122,1470243748,False
2024-04-25,36.2,29.89217,2.969424,53261772901.139,53193343087.222,1472135122,1470243748,False
2024-04-26,37.5,30.965645,3.076061,55174488502.561,55103601264.387,1472135122,1470243748,False
2024-04-29,38.49,31.783138,3.157269,56631094999.029,56558336337.767,1472135122,1470243748,False
2024-04-30,40.91,31.650397,3.293575,60191688657.061,60114355406.029,1472135122,1470243748,False
2024-05-06,41.0,31.720026,3.30082,60324107429.467,60246604049.064,1472135122,1470243748,False
2024-05-07,40.18,31.085626,3.234804,59117625280.877,59041671968.082,1472135122,1470243748,False
2024-05-08,39.04,30.203654,3.143025,57440320830.4,57366522489.645,1472135122,1470243748,False
2024-05-09,39.37,30.458962,3.169593,57925856329.222,57851434180.772,1472135122,1470243748,False
2024-05-10,38.48,29.770405,3.097941,56616381802.095,56543642044.097,1472135122,1470243748,False
2024-05-13,38.27,29.607937,3.081034,56307404666.48,56235061877.016,1472135122,1470243748,False
2024-05-14,40.0,30.946367,3.220313,58852787736.065,58777174682.013,1472135122,1470243748,False
2024-05-15,39.38,30.466699,3.170398,57940569526.156,57866128474.442,1472135122,1470243748,False
2024-05-16,39.95,30.907684,3.216287,58779221751.395,58703703213.661,1472135122,1470243748,False
2024-05-17,39.12,30.265547,3.149466,57558026405.872,57484076839.009,1472135122,1470243748,False
2024-05-20,40.3,31.178465,3.244465,59294183644.086,59218003492.128,1472135122,1470243748,False
2024-05-21,39.89,30.861265,3.211457,58690942569.791,58615537451.638,1472135122,1470243748,False
2024-05-22,39.98,30.930894,3.218702,58823361342.197,58747786094.672,1472135122,1470243748,False
2024-05-23,39.02,30.188181,3.141415,57410894436.532,57337133902.304,1472135122,1470243748,False
2024-05-24,37.92,29.337156,3.052856,55792442773.79,55720761598.54901,1472135122,1470243748,False
2024-05-27,38.38,29.693039,3.08989,56469249832.755,56396699107.392,1472135122,1470243748,False
2024-05-28,36.55,28.277243,2.942561,53776734793.83,53707643365.69,1472135122,1470243748,False
2024-05-29,36.63,28.339136,2.949001,53894440369.302,53825197715.054,1472135122,1470243748,False
2024-05-30,36.28,28.068355,2.920823,53379478476.611,53310897436.586,1472135122,1470243748,False
2024-05-31,36.41,28.168931,2.93129,53570750036.753,53501923254.303,1472135122,1470243748,False
2024-06-03,36.89,28.540287,2.969933,54276983489.586,54207249350.487,1472135122,1470243748,False
2024-06-04,36.85,28.509341,2.966713,54218130701.85,54148472175.805,1472135122,1470243748,False
2024-06-05,35.86,27.743418,2.88701,52761524205.382,52693737102.425,1472135122,1470243748,False
2024-06-06,36.71,28.401028,2.955442,54012145944.774,53942752064.418,1472135122,1470243748,False
2024-06-07,35.28,27.294696,2.840316,51908158783.209,51841468069.536,1472135122,1470243748,False
2024-06-11,35.51,27.472637,2.858832,52246562312.692,52179436823.957,1472135122,1470243748,False
2024-06-12,35.84,27.727945,2.8854,52732097811.514,52664348515.084,1472135122,1470243748,False
2024-06-13,36.02,27.867204,2.899891,52996935356.327,52928845801.153,1472135122,1470243748,False
2024-06-14,36.72,28.408765,2.956247,54026859141.708,53957446358.088,1472135122,1470243748,False
2024-06-17,36.33,28.107038,2.924849,53453044461.281,53384368904.939,1472135122,1470243748,False
2024-06-18,37.28,28.842014,3.001331,54850798170.013,54780326803.636,1472135122,1470243748,False
2024-06-19,38.8,30.017976,3.123703,57087204103.983,57013859441.553,1472135122,1470243748,False
2024-06-20,37.61,29.097322,3.027899,55336333668.835,55265238494.763,1472135122,1470243748,False
2024-06-21,37.7,29.166951,3.035145,55468752441.241,55397487137.797,1472135122,1470243748,False
2024-06-24,35.96,27.820784,2.895061,52908656174.723,52840680039.13,1472135122,1470243748,False
2024-06-25,34.86,26.969759,2.806502,51290204511.981,51224307735.375,1472135122,1470243748,False
2024-06-26,36.7,28.393292,2.954637,53997432747.84,53928057770.747,1472135122,1470243748,False
2024-06-27,35.93,27.797574,2.892646,52864516583.921,52796597158.118,1472135122,1470243748,False
2024-06-28,36.37,28.137984,2.928069,53511897249.017,53443146079.621,1472135122,1470243748,False
2024-07-01,37.28,28.842014,3.001331,54850798170.013,54785417697.702,1472135122,1470380382,False
2024-07-02,36.99,28.617653,2.977984,54424115458.926,54359243579.346,1472135122,1470380382,False
2024-07-03,37.07,28.679546,2.984425,54541821034.398,54476808853.375,1472135122,1470380382,False
2024-07-04,36.29,28.076092,2.921629,53394191673.545,53330547431.589,1472135122,1470380382,False
2024-07-05,37.33,28.880697,3.005357,54924364154.683,54858895993.971,1472135122,1470380382,False
2024-07-08,36.94,28.57897,2.973959,54350549474.256,54285765283.078,1472135122,1470380382,False
2024-07-09,39.1,30.250074,3.147856,57528600012.004,57460027681.871,1472135122,1470380382,False
2024-07-10,39.2,30.32744,3.155906,57675731981.344,57606984274.408,1472135122,1470380382,False
2024-07-11,38.95,30.134025,3.135779,57307902057.99299,57239592793.066,1472135122,1470380382,False
2024-07-12,37.68,29.151478,3.033534,55439326047.373,55373244067.85,1472135122,1470380382,False
2024-07-15,37.9,29.321683,3.051246,55763016379.922,55696548571.43,1472135122,1470380382,False
2024-07-16,39.1,30.250074,3.147856,57528600012.004,57460027681.871,1472135122,1470380382,False
2024-07-17,38.2,29.553781,3.075398,56204412287.942,56137418349.041,1472135122,1470380382,False
2024-07-18,37.57,29.066375,3.024679,55277480881.099,55211591816.059,1472135122,1470380382,False
2024-07-19,38.23,29.57699,3.077814,56248551878.744,56181505326.802,1472135122,1470380382,False
2024-07-22,39.06,30.219128,3.144635,57469747224.268,57401245044.857,1472135122,1470380382,False
2024-07-23,37.78,29.228844,3.041585,55586458016.714,55520200660.386,1472135122,1470380382,False
2024-07-24,37.8,29.244317,3.043195,55615884410.582,55549591978.894,1472135122,1470380382,False
2024-07-25,36.84,28.501604,2.965908,54203417504.916,54138808690.541,1472135122,1470380382,False
2024-07-26,37.1,28.702756,2.98684,54585960625.2,54520895831.136,1472135122,1470380382,False
2024-07-29,36.96,28.594443,2.975569,54379975868.124,54315156601.585,1472135122,1470380382,False
2024-07-30,36.17,27.983253,2.911968,53217633310.337,53154199520.545,1472135122,1470380382,False
2024-07-31,37.26,28.826541,2.999721,54821371776.145,54756026379.195,1472135122,1470380382,False
2024-08-01,37.05,28.664073,2.982815,54512394640.53,54447417534.868,1472135122,1470380382,False
2024-08-02,36.0,27.85173,2.898281,52967508962.459,52904373313.232,1472135122,1470380382,False
2024-08-05,34.41,26.621612,2.770274,50628110649.95,50567763491.898,1472135122,1470380382,False
2024-08-06,34.83,26.946549,2.804087,51246064921.179,51184981180.552,1472135122,1470380382,False
2024-08-07,33.65,26.033631,2.709088,49509907682.96499,49450893388.618,1472135122,1470380382,False
2024-08-08,33.22,25.700958,2.67447,48877240214.802,48818980040.71,1472135122,1470380382,False
2024-08-09,33.1,25.608119,2.664809,48700681851.594,48642632129.666,1472135122,1470380382,False
2024-08-12,32.68,25.283182,2.630995,48082727580.365,48025414441.012,1472135122,1470380382,False
2024-08-13,32.94,25.484333,2.651927,48465270700.65,48407501581.607,1472135122,1470380382,False
2024-08-14,32.81,25.383758,2.641461,48273999140.50701,48216458011.31,1472135122,1470380382,False
2024-08-15,33.21,25.693221,2.673665,48862527017.868,48804284381.457,1472135122,1470380382,False
2024-08-16,33.09,25.600382,2.664004,48685968654.66,48627936470.412,1472135122,1470380382,False
2024-08-19,33.29,25.755114,2.680105,48980232593.34,48921849655.486,1472135122,1470380382,False
2024-08-20,32.65,25.259972,2.62858,48038587989.56301,47981327463.251,1472135122,1470380382,False
2024-08-21,32.44,25.097504,2.611673,47729610853.949,47672718618.924,1472135122,1470380382,False
2024-08-22,31.46,24.339318,2.532776,46287717554.415,46232544012.06301,1472135122,1470380382,False
2024-08-23,31.68,24.509523,2.550488,46611407886.964,46555848515.644,1472135122,1470380382,False
2024-08-26,31.6,22.51119,2.52765,46493702311.491,46438283241.615,1472135122,1470380382,False
2024-08-27,31.02,22.09801,2.481257,45640336889.319,45585935004.902,1472135122,1470380382,False
2024-08-28,31.15,22.190619,2.491655,45831608449.461,45776978575.199,1472135122,1470380382,False
2024-08-29,31.39,22.361591,2.510853,46184725175.877,46129674397.288,1472135122,1470380382,False
2024-08-30,32.38,23.066846,2.590042,47641331672.345,47584544663.401,1472135122,1470380382,False
2024-09-02,31.4,22.368714,2.511653,46199438372.811,46144370056.541,1472135122,1470380382,False
2024-09-03,31.78,22.639419,2.542048,46758539856.304,46702805108.181,1472135122,1470380382,False
2024-09-04,31.42,22.382962,2.513252,46228864766.679,46173761375.04901,1472135122,1470380382,False
2024-09-05,31.69,22.575304,2.534849,46626121083.898,46570544174.898,1472135122,1470380382,False
2024-09-06,31.12,22.169248,2.489256,45787468858.659,45732891597.438,1472135122,1470380382,False
2024-09-09,31.02,22.09801,2.481257,45640336889.319,45585935004.902,1472135122,1470380382,False
2024-09-10,31.77,22.632295,2.541249,46743826659.37,46688109448.927,1472135122,1470380382,False
2024-09-11,31.7,22.582428,2.535649,46640834280.832,46585239834.152,1472135122,1470380382,False
2024-09-12,31.5,22.439952,2.519652,46346570342.151,46291326649.078,1472135122,1470380382,False
2024-09-13,31.16,22.197743,2.492455,45846321646.395,45791674234.453,1472135122,1470380382,False
2024-09-18,31.18,22.211991,2.494055,45875748040.263,45821065552.96,1472135122,1470380382,False
2024-09-19,31.64,22.539685,2.53085,46552555099.228,46497065878.629,1472135122,1470380382,False
2024-09-20,32.37,23.059722,2.589242,47626618475.411,47569849004.148,1472135122,1470380382,False
2024-09-23,32.21,22.945742,2.576444,47391207324.466,47334718456.089,1472135122,1470380382,False
2024-09-24,33.5,23.864711,2.679629,49289209728.955,49230458499.81301,1472135122,1470380382,False
2024-09-25,33.3,23.722235,2.663632,48994945790.274,48936545314.74,1472135122,1470380382,False
2024-09-26,34.3,24.434615,2.743621,50466265483.676,50406111240.107,1472135122,1470380382,False
2024-09-27,37.73,26.878076,3.017983,55512892032.043,55446722364.118,1472135122,1470380382,False
2024-09-30,41.5,29.563747,3.319541,61059767276.168,60986985902.754,1472135122,1470380382,False
2024-10-08,45.65,32.520121,3.651495,67165744003.784,67085684493.029,1472135122,1470380382,False
2024-10-09,43.2,30.774792,3.455522,63561010754.95,63485247975.878,1472135122,1470380382,False
2024-10-10,41.27,29.399899,3.301144,60721363746.685,60648985739.919,1472135122,1470380382,False
2024-10-11,39.5,28.138988,3.159563,58117127889.364,58047854052.018,1472135122,1470380382,False
2024-10-14,40.45,28.815748,3.235553,59514881598.096,59443941681.118,1472135122,1470380382,False
2024-10-15,41.79,29.770337,3.342738,61486449987.254,61413160021.11,1472135122,1470380382,False
2024-10-16,40.91,29.143443,3.272347,60191688657.061,60119942006.787,1472135122,1470380382,False
2024-10-17,41.63,29.656356,3.32994,61251038836.31,61178029473.051,1472135122,1470380382,False
2024-10-18,43.4,30.917268,3.47152,63855274693.631,63779161160.952,1472135122,1470380382,False
2024-10-21,43.62,31.073991,3.489118,64178965026.179,64102465664.533,1472135122,1470380382,False
2024-10-22,43.29,30.838906,3.462721,63693429527.357,63617508909.161,1472135122,1470380382,False
2024-10-23,43.85,31.237838,3.507515,64517368555.661,64440465827.367,1472135122,1470380382,False
2024-10-24,43.02,30.646563,3.441124,63296173210.138,63220726109.312,1472135122,1470380382,False
2024-10-25,43.2,30.774792,3.455522,63561010754.95,63485247975.878,1472135122,1470380382,False
2024-10-28,43.58,31.045496,3.485918,64120112238.443,64043683027.518,1472135122,1470380382,False
2024-10-29,44.51,31.708009,3.560308,65488439553.306,65410379338.11,1472135122,1470380382,False
2024-10-30,44.83,31.93597,3.585904,65959261855.195,65880640434.228,1472135122,1470380382,False
2024-10-31,46.78,29.912291,3.642953,68828335257.328,68746293988.694,1472135122,1470380382,False
2024-11-01,43.7,27.942862,3.403101,64296670601.651,64220030938.562,1472135122,1470380382,False
2024-11-04,46.1,29.477482,3.589999,67827837865.815,67746989159.444,1472135122,1470380382,False
2024-11-05,47.45,30.340705,3.695129,69814119451.907,69730903158.691,1472135122,1470380382,False
2024-11-06,46.4,29.669309,3.613361,68269233773.836,68187858937.055,1472135122,1470380382,False
2024-11-07,47.01,30.059358,3.660865,69166738786.811,69084294151.529,1472135122,1470380382,False
2024-11-08,51.71,33.064655,4.026873,76081941345.798,75991254000.756,1472135122,1470380382,False
2024-11-11,54.72,34.989323,4.261274,80510613622.937,80414647436.113,1472135122,1470380382,False
2024-11-12,55.88,35.731056,4.351608,82217344467.283,82119343909.539,1472135122,1470380382,False
2024-11-13,57.01,36.453606,4.439606,83879935720.827,83779953405.204,1472135122,1470380382,False
2024-11-14,52.4,33.505858,4.080606,77097151934.245,77005254489.26,1472135122,1470380382,False
2024-11-15,49.21,31.466093,3.832188,72403642112.294,72317339187.337,1472135122,1470380382,False
2024-11-18,46.92,30.00181,3.653856,69034320014.404,68952033218.246,1472135122,1470380382,False
2024-11-19,48.9,31.267871,3.808047,71947533007.34,71861773750.473,1472135122,1470380382,False
2024-11-20,48.89,31.261477,3.807268,71932819810.406,71847078091.22,1472135122,1470380382,False
2024-11-21,49.26,31.498064,3.836081,72477208096.964,72390817483.606,1472135122,1470380382,False
2024-11-22,47.71,30.506956,3.715376,70196662572.192,70112990299.286,1472135122,1470380382,False
2024-11-25,46.45,29.701281,3.617255,68342799758.506,68261337233.323,1472135122,1470380382,False
2024-11-26,45.29,28.959548,3.526921,66636068914.16,66556640759.897,1472135122,1470380382,False
2024-11-27,46.62,29.809983,3.630494,68592924106.384,68511163440.635,1472135122,1470380382,False
2024-11-28,47.21,30.187243,3.676439,69461002725.491,69378207336.602,1472135122,1470380382,False
2024-11-29,47.8,30.564504,3.722385,70329081344.598,70245251232.569,1472135122,1470380382,False
2024-12-02,48.03,30.711572,3.740296,70667484874.08,70583251395.404,1472135122,1470380382,False
2024-12-03,46.5,29.733252,3.621149,68416365743.176,68334815529.591,1472135122,1470380382,False
2024-12-04,46.12,29.49027,3.591557,67857264259.683,67776380477.952,1472135122,1470380382,False
2024-12-05,46.26,29.57979,3.602459,68063249016.759,67982119707.503,1472135122,1470380382,False
2024-12-06,47.84,30.590081,3.7255,70387934132.334,70304033869.584,1472135122,1470380382,False
2024-12-09,46.9,29.989022,3.652298,69004893620.536,68922641899.738,1472135122,1470380382,False
2024-12-10,47.09,30.110512,3.667094,69284444362.283,69201859425.558,1472135122,1470380382,False
2024-12-11,47.1,30.116907,3.667873,69299157559.217,69216555084.812,1472135122,1470380382,False
2024-12-12,47.18,30.168061,3.674103,69416863134.689,69334120358.841,1472135122,1470380382,False
2024-12-13,45.76,29.260077,3.563522,67327589170.059,67247336744.819,1472135122,1470380382,False
2024-12-16,45.6,29.157769,3.551062,67092178019.114,67012206196.761,1472135122,1470380382,False
2024-12-17,45.78,29.272866,3.565079,67357015563.927,67276728063.327,1472135122,1470380382,False
2024-12-18,46.54,29.758829,3.624264,68475218530.912,68393598166.606,1472135122,1470380382,False
2024-12-19,51.19,32.732154,3.986379,75316855105.229,75227079719.565,1472135122,1470380382,False
2024-12-20,51.56,32.968741,4.015192,75861243391.788,75770819111.951,1472135122,1470380382,False
2024-12-23,50.85,32.514749,3.959901,74816606409.473,74727427304.94,1472135122,1470380382,False
2024-12-24,53.88,34.452207,4.19586,79274705080.48,79180212058.804,1472135122,1470380382,False
2024-12-25,53.86,34.439418,4.194303,79245278686.612,79150820740.297,1472135122,1470380382,False
2024-12-26,55.05,35.200334,4.286973,80996149121.76,80899604191.484,1472135122,1470380382,False
2024-12-27,53.43,34.164465,4.160817,78612611218.449,78518907392.389,1472135122,1470380382,False
2024-12-30,53.07,33.934272,4.132782,78082936128.824,77989863659.256,1472135122,1470380382,False
2024-12-31,51.88,33.173357,4.040112,76332065693.676,76243180547.188,1472135122,1470420889,False
2025-01-02,48.69,31.133592,3.791693,71638555871.725,71555136099.51,1472135122,1470420889,False
2025-01-03,45.88,29.336808,3.572867,67504147533.267,67425542087.605,1472135122,1470420889,False
2025-01-06,45.91,29.355991,3.575203,67548287124.069,67469630279.903,1472135122,1470420889,False
2025-01-07,48.58,31.063255,3.783127,71476710705.451,71393479394.417,1472135122,1470420889,False
2025-01-08,48.03,30.711572,3.740296,70667484874.08,70585195868.956,1472135122,1470420889,False
2025-01-09,49.04,31.357391,3.818949,72153517764.416,72069498342.985,1472135122,1470420889,False
2025-01-10,46.86,29.963445,3.649183,68946040832.8,68865756369.337,1472135122,1470420889,False
2025-01-13,46.63,29.816377,3.631272,68607637303.318,68527746895.053,1472135122,1470420889,False
2025-01-14,50.45,32.25898,3.928752,74228078532.112,74141643380.987,1472135122,1470420889,False
2025-01-15,50.97,32.59148,3.969246,74993164772.681,74905838714.151,1472135122,1470420889,False
2025-01-16,49.85,31.875325,3.882027,73345286716.071,73259879535.029,1472135122,1470420889,False
2025-01-17,50.0,31.971238,3.893708,73565984670.081,73480320496.519,1472135122,1470420889,False
2025-01-20,50.42,32.239797,3.926415,74183938941.31,74097555188.689,1472135122,1470420889,False
2025-01-21,52.33,33.461098,4.075155,76994159555.707,76904503431.656,1472135122,1470420889,False
2025-01-22,52.96,33.863936,4.124216,77921090962.55,77830355469.913,1472135122,1470420889,False
2025-01-23,51.74,33.083838,4.029209,76126080936.6,76037435649.797,1472135122,1470420889,False
2025-01-24,52.96,33.863936,4.124216,77921090962.55,77830355469.913,1472135122,1470420889,False
2025-01-27,51.94,33.211722,4.044784,76420344875.281,76331356931.784,1472135122,1470420889,False
2025-02-05,55.71,35.622354,4.33837,81967220119.405,81871773097.221,1472135122,1470420889,False
2025-02-06,56.28,35.986826,4.382758,82805872344.644,82709448750.881,1472135122,1470420889,False
2025-02-07,60.28,38.544525,4.694255,88691151118.25,88587874390.603,1472135122,1470420889,False
2025-02-10,60.82,38.889814,4.736307,89485663752.687,89381461851.965,1472135122,1470420889,False
2025-02-11,62.9,40.219818,4.898285,92546008714.962,92438243184.62,1472135122,1470420889,False
2025-02-12,62.94,40.245395,4.9014,92604861502.699,92497027441.018,1472135122,1470420889,False
2025-02-13,60.67,38.793901,4.724626,89264965798.677,89161020890.476,1472135122,1470420889,False
2025-02-14,63.27,40.456405,4.927098,93090397001.521,92981997556.295,1472135122,1470420889,False
2025-02-17,67.87,43.397759,5.28532,99858467591.169,99742187041.974,1472135122,1470420889,False
2025-02-18,63.14,40.37328,4.916975,92899125441.379,92790948723.004,1472135122,1470420889,False
2025-02-19,64.57,41.287657,5.028335,95003112602.943,94892485889.204,1472135122,1470420889,False
2025-02-20,63.36,40.513953,4.934107,93222815773.927,93114262133.188,1472135122,1470420889,False
2025-02-21,67.75,43.321028,5.275975,99681909227.96,99565834272.783,1472135122,1470420889,False
2025-02-24,67.13,42.924585,5.227693,98769691018.051,98654678298.626,1472135122,1470420889,False
2025-02-25,64.97,41.543427,5.059485,95591640480.304,95480328453.176,1472135122,1470420889,False
2025-02-26,65.08,41.613764,5.068051,95753485646.578,95641985158.269,1472135122,1470420889,False
2025-02-27,62.8,40.155875,4.890498,92398876745.622,92291282543.627,1472135122,1470420889,False
2025-02-28,59.21,37.860341,4.610929,87116839046.31,87015395531.977,1472135122,1470420889,False
2025-03-03,58.24,37.240099,4.535391,85689658943.711,85589877314.345,1472135122,1470420889,False
2025-03-04,58.81,37.604571,4.57978,86528311168.95,86427552968.005,1472135122,1470420889,False
2025-03-05,60.0,38.365486,4.67245,88279181604.098,88176384595.822,1472135122,1470420889,False
2025-03-06,61.39,39.254287,4.780695,90324315977.926,90219137505.626,1472135122,1470420889,False
2025-03-07,59.88,38.288755,4.663105,88102623240.89,88000031826.631,1472135122,1470420889,False
2025-03-10,59.3,37.917889,4.617938,87249257818.717,87147660108.871,1472135122,1470420889,False
2025-03-11,58.82,37.610965,4.580558,86543024365.884,86442249032.104,1472135122,1470420889,False
2025-03-12,59.49,38.039379,4.632734,87528808560.463,87426885326.758,1472135122,1470420889,False
2025-03-13,57.79,36.952357,4.500348,85027565081.68,84928554429.876,1472135122,1470420889,False
2025-03-14,59.27,37.898706,4.615602,87205118227.915,87103571916.573,1472135122,1470420889,False
2025-03-17,59.37,37.962649,4.623389,87352250197.255,87250532557.566,1472135122,1470420889,False
2025-03-18,59.85,38.269572,4.660769,88058483650.087,87955943634.333,1472135122,1470420889,False
2025-03-19,59.06,37.764427,4.599248,86896141092.3,86794954570.488,1472135122,1470420889,False
2025-03-20,58.3,37.278464,4.540064,85777938125.315,85678053698.941,1472135122,1470420889,False
2025-03-21,56.63,36.210625,4.410014,83320834237.334,83223810994.357,1472135122,1470420889,False
2025-03-24,57.62,36.843655,4.487109,84777440733.802,84678721340.188,1472135122,1470420889,False
2025-03-25,55.43,35.443315,4.316565,81555250605.252,81460283302.441,1472135122,1470420889,False
2025-03-26,53.83,34.420235,4.191966,79201139095.81,79108913046.552,1472135122,1470420889,False
2025-03-27,53.57,34.253985,4.171719,78818595975.525,78726815379.97,1472135122,1470420889,False
2025-03-28,53.54,34.234802,4.169383,78774456384.723,78682727187.672,1472135122,1470420889,False
2025-03-31,53.48,34.353347,3.937006,78686177203.119,78594550803.076,1472135122,1470420889,False
2025-04-01,53.07,34.08998,3.906823,78082936128.824,77992012175.005,1472135122,1470420889,False
2025-04-02,53.08,34.096404,3.907559,78097649325.758,78006708239.104,1472135122,1470420889,False
2025-04-03,52.2,33.531128,3.842777,76802887995.565,76713454598.365,1472135122,1470420889,False
2025-04-07,46.98,30.178015,3.458499,69122599196.009,69042109138.529,1472135122,1470420889,False
2025-04-08,44.63,28.668472,3.2855,65664997916.515,65588534075.193,1472135122,1470420889,False
2025-04-09,45.7,29.355796,3.36427,67239309988.454,67161012933.818,1472135122,1470420889,False
2025-04-10,47.25,30.351452,3.478375,69519855513.227,69438902869.21,1472135122,1470420889,False
2025-04-11,47.78,30.691902,3.517392,70299654950.73,70217794266.473,1472135122,1470420889,False
2025-04-14,48.22,30.97454,3.549783,70947035615.827,70864421086.843,1472135122,1470420889,False
2025-04-15,48.35,31.058047,3.559353,71138307175.969,71055469920.133,1472135122,1470420889,False
2025-04-16,47.19,30.31291,3.473958,69431576331.623,69350726484.614,1472135122,1470420889,False
2025-04-17,47.12,30.267945,3.468805,69328583953.085,69247854035.919,1472135122,1470420889,False
2025-04-18,47.29,30.377146,3.48132,69578708300.963,69497687125.607,1472135122,1470420889,False
2025-04-21,48.69,31.276449,3.584383,71638555871.725,71555136099.51,1472135122,1470420889,False
2025-04-22,47.97,30.81395,3.531379,70579205692.476,70497019484.36,1472135122,1470420889,False
2025-04-23,48.58,31.205789,3.576285,71476710705.451,71393479394.417,1472135122,1470420889,False
2025-04-24,47.75,30.672631,3.515184,70255515359.928,70173706074.175,1472135122,1470420889,False
2025-04-25,48.16,30.935998,3.545366,70858756434.222,70776244702.247,1472135122,1470420889,False
2025-04-28,48.05,30.865339,3.537269,70696911267.948,70614587997.154,1472135122,1470420889,False
2025-04-29,48.65,31.250754,3.581438,71579703083.989,71496351843.113,1472135122,1470420889,False
2025-04-30,50.85,30.534479,3.691805,74816606409.473,74729485944.959,1472135122,1470420889,False
2025-05-06,52.28,31.393168,3.795626,76920593571.037,76831023111.16,1472135122,1470420889,False
2025-05-07,51.53,30.942806,3.741175,75817103800.98598,75728818303.712,1472135122,1470420889,False
2025-05-08,52.23,31.363143,3.791996,76847027586.367,76757542790.663,1472135122,1470420889,False
2025-05-09,51.29,30.798691,3.72375,75463987074.57,75376112765.329,1472135122,1470420889,False
2025-05-12,51.97,31.207018,3.773119,76464484466.083,76375445124.081,1472135122,1470420889,False
2025-05-13,51.35,30.83472,3.728106,75552266256.174,75464289149.925,1472135122,1470420889,False
2025-05-14,51.85,31.134961,3.764407,76287926102.874,76199092354.89,1472135122,1470420889,False
2025-05-15,50.05,30.054094,3.633724,73639550654.752,73553800817.015,1472135122,1470420889,False
2025-05-16,50.08,30.072108,3.635902,73683690245.554,73597889009.313,1472135122,1470420889,False
2025-05-19,50.31,30.210219,3.6526,74022093775.036,73935898483.597,1472135122,1470420889,False
2025-05-20,50.45,30.294287,3.662765,74228078532.112,74141643380.987,1472135122,1470420889,False
2025-05-21,50.16,30.120147,3.64171,73801395821.026,73715457522.107,1472135122,1470420889,False
2025-05-22,49.5,29.723829,3.593793,72830324823.381,72745517291.553,1472135122,1470420889,False
2025-05-23,48.67,29.22543,3.533533,71609129477.857,71525743971.311,1472135122,1470420889,False
2025-05-26,50.04,30.048089,3.632998,73624837457.818,73539104752.916,1472135122,1470420889,False
2025-05-27,48.69,29.237439,3.534985,71638555871.725,71555136099.51,1472135122,1470420889,False
2025-05-28,48.43,29.081314,3.516109,71256012751.441,71173038432.928,1472135122,1470420889,False
2025-05-29,49.96,30.000051,3.62719,73507131882.345,73421536240.121,1472135122,1470420889,False
2025-05-30,48.95,29.393564,3.553862,72021098992.01,71937233766.092,1472135122,1470420889,False
2025-06-03,49.01,29.429593,3.558218,72109378173.614,72025410150.688,1472135122,1470420889,False
2025-06-04,49.92,29.976031,3.624286,73448279094.609,73362751983.724,1472135122,1470420889,False
2025-06-05,51.39,30.858739,3.73101,75611119043.91,75523073406.322,1472135122,1470420889,False
2025-06-06,51.92,31.176994,3.769489,76390918481.413,76301964803.585,1472135122,1470420889,False
2025-06-09,52.43,31.48324,3.806516,77141291525.047,77051464072.649,1472135122,1470420889,False
2025-06-10,50.55,30.354335,3.670025,74375210501.452,74288604021.98,1472135122,1470420889,False
2025-06-11,50.16,30.120147,3.64171,73801395821.026,73715457522.107,1472135122,1470420889,False
2025-06-12,49.73,29.86194,3.610491,73168728352.863,73083526765.837,1472135122,1470420889,False
2025-06-13,48.81,29.309497,3.543698,71815114234.934,71731488868.701,1472135122,1470420889,False
2025-06-16,49.42,29.675791,3.587985,72712619247.908,72627948778.759,1472135122,1470420889,False
2025-06-17,48.75,29.273468,3.539341,71726835053.329,71643312484.106,1472135122,1470420889,False
2025-06-18,49.0,29.423589,3.557492,72094664976.68,72010714086.588,1472135122,1470420889,False
2025-06-19,48.26,28.979232,3.503766,71005888403.563,70923205343.24,1472135122,1470420889,False
2025-06-20,47.76,28.678992,3.467466,70270228556.862,70188402138.275,1472135122,1470420889,False
2025-06-23,48.14,28.907175,3.495054,70829330040.354,70746852574.048,1472135122,1470420889,False
2025-06-24,49.46,29.69981,3.590889,72771472035.645,72686733035.156,1472135122,1470420889,False
2025-06-25,50.56,30.36034,3.670751,74389923698.386,74303300086.08,1472135122,1470420889,False
2025-06-26,50.38,30.252253,3.657682,74125086153.574,74038770932.292,1472135122,1470420889,False
2025-06-27,50.67,30.426392,3.678737,74551768864.661,74464956791.172,1472135122,1470420889,False
2025-06-30,50.88,30.552494,3.693983,74860746000.275,74777102338.033,1472135122,1470490271,False
2025-07-01,50.44,30.288282,3.662039,74213365335.178,74130445006.493,1472135122,1470490271,False
2025-07-02,49.39,29.657776,3.585807,72668479657.106,72587285465.319,1472135122,1470490271,False
2025-07-03,50.94,30.588522,3.69834,74949025181.879,74865282883.243,1472135122,1470490271,False
2025-07-04,50.31,30.210219,3.6526,74022093775.036,73939387158.538,1472135122,1470490271,False
2025-07-07,49.71,29.84993,3.609039,73139301958.995,73057581706.439,1472135122,1470490271,False
2025-07-08,51.88,31.152975,3.766585,76332065693.676,76246778091.532,1472135122,1470490271,False
2025-07-09,51.28,30.792686,3.723024,75449273877.636,75364972639.432,1472135122,1470490271,False
2025-07-10,51.43,30.882758,3.733914,75669971831.646,75585424002.457,1472135122,1470490271,False
2025-07-11,52.23,31.363143,3.791996,76847027586.367,76761164605.257,1472135122,1470490271,False
2025-07-14,52.1,31.285081,3.782558,76655756026.225,76570106757.302,1472135122,1470490271,False
2025-07-15,55.79,33.500857,4.050459,82084925694.877,81993210287.713,1472135122,1470490271,False
2025-07-16,54.52,32.738246,3.958254,80216349684.257,80126722080.769,1472135122,1470490271,False
2025-07-17,55.32,33.218631,4.016336,81393405438.978,81302462683.569,1472135122,1470490271,False
2025-07-18,55.28,33.194612,4.013432,81334552651.242,81243675653.429,1472135122,1470490271,False
2025-07-21,54.74,32.870352,3.974227,80540040016.805,80450050746.539,1472135122,1470490271,False
2025-07-22,54.1,32.486044,3.927761,79598395413.028,79509458264.3,1472135122,1470490271,False
2025-07-23,53.85,32.335923,3.909611,79230565489.678,79142039325.925,1472135122,1470490271,False
2025-07-24,54.37,32.648174,3.947364,79995651730.247,79906270717.745,1472135122,1470490271,False
2025-07-25,54.89,32.960424,3.985117,80760737970.815,80670502109.564,1472135122,1470490271,False
2025-07-28,54.6,32.786284,3.964062,80334055259.729,80244296141.049,1472135122,1470490271,False
2025-07-29,55.15,33.116549,4.003993,81143281091.1,81052617805.474,1472135122,1470490271,False
2025-07-30,54.98,33.014467,3.991651,80893156743.222,80802772927.379,1472135122,1470490271,False
2025-07-31,55.77,33.488848,4.049007,82055499301.009,81963816772.643,1472135122,1470490271,False
2025-08-01,54.1,32.486044,3.927761,79598395413.028,79509458264.3,1472135122,1470490271,False
2025-08-04,54.07,32.468029,3.925583,79554255822.226,79465367991.695,1472135122,1470490271,False
2025-08-05,55.19,33.140568,4.006897,81202133878.836,81111404835.614,1472135122,1470490271,False
2025-08-06,55.29,33.200617,4.014158,81349265848.176,81258372410.964,1472135122,1470490271,False
2025-08-07,54.7,32.846333,3.971323,80481187229.069,80391263716.399,1472135122,1470490271,False
2025-08-08,53.69,32.239846,3.897995,78995154338.733,78906891205.365,1472135122,1470490271,False
2025-08-11,54.29,32.600135,3.941556,79877946154.774,79788696657.465,1472135122,1470490271,False
2025-08-12,56.25,33.777079,4.083855,82761732753.842,82669261134.323,1472135122,1470490271,False
2025-08-13,58.39,35.062109,4.239223,85910356897.721,85814367246.811,1472135122,1470490271,False
2025-08-14,58.53,35.146176,4.249388,86116341654.797,86020121852.301,1472135122,1470490271,False
2025-08-15,58.68,35.236248,4.260278,86337039608.808,86240573215.326,1472135122,1470490271,False
2025-08-18,61.07,36.671399,4.433797,89853493676.037,89753098266.188,1472135122,1470490271,False
2025-08-19,59.95,35.99886,4.352482,88205615619.428,88107061422.269,1472135122,1470490271,False
2025-08-20,65.95,39.601748,4.788094,97033533779.837,96925115943.264,1472135122,1470490271,False
2025-08-21,65.46,39.307512,4.752519,96312587130.071,96204974824.049,1472135122,1470490271,False
2025-08-22,68.2,40.952831,4.951448,100344003089.991,100231886388.637,1472135122,1470490271,False
2025-08-25,69.15,41.523289,5.02042,101741756798.723,101628078354.461,1472135122,1470490271,False
2025-08-26,68.52,41.144985,4.97468,100814825391.88,100702182629.756,1472135122,1470490271,False
2025-08-27,66.28,39.056759,4.776824,97519069278.66,97410108941.918,1472135122,1470490271,False
2025-08-28,67.9,40.011375,4.893578,99902607181.971,99790983662.587,1472135122,1470490271,False
2025-08-29,67.15,39.569424,4.839525,98799117411.919,98688726847.463,1472135122,1470490271,False
2025-09-01,68.93,40.618323,4.96781,101418066466.174,101304749688.691,1472135122,1470490271,False
2025-09-02,63.81,37.601265,4.59881,93884909635.958,93780009830.776,1472135122,1470490271,False
2025-09-03,62.64,36.91182,4.514488,92163465594.678,92060489199.182,1472135122,1470490271,False
2025-09-04,58.98,34.755095,4.25071,86778435516.828,86681475941.375,1472135122,1470490271,False
2025-09-05,60.2,35.474003,4.338636,88573445542.778,88474480360.644,1472135122,1470490271,False
2025-09-08,59.79,35.232403,4.309087,87970204468.483,87871913301.71,1472135122,1470490271,False
2025-09-09,58.03,34.195289,4.182243,85380681808.097,85285283975.551,1472135122,1470490271,False
2025-09-10,59.74,35.202939,4.305483,87896638483.813,87798429514.035,1472135122,1470490271,False
2025-09-11,63.99,37.707333,4.611783,94149747180.77,94044551466.406,1472135122,1470490271,False
2025-09-12,64.08,37.760367,4.618269,94282165953.176,94176822284.221,1472135122,1470490271,False
2025-09-15,63.77,37.577694,4.595927,93826056848.222,93721222800.636,1472135122,1470490271,False
2025-09-16,65.57,38.638378,4.725654,96474432296.345,96366639156.934,1472135122,1470490271,False
2025-09-17,65.09,38.355529,4.69106,95768198843.512,95661194795.255,1472135122,1470490271,False
2025-09-18,65.56,38.632486,4.724933,96459719099.411,96351942399.399,1472135122,1470490271,False
2025-09-19,64.36,37.925363,4.638449,94694135467.329,94588331495.2,1472135122,1470490271,False
2025-09-22,66.5,39.186399,4.792679,97842759611.208,97733437607.688,1472135122,1470490271,False
2025-09-23,67.16,39.575316,4.840246,98813830608.853,98703423604.998,1472135122,1470490271,False
2025-09-24,69.14,40.742069,4.982945,101727043601.789,101613381596.926,1472135122,1470490271,False
2025-09-25,76.05,44.813919,5.480951,111893862683.194,111768841053.604,1472135122,1470490271,False
2025-09-26,71.99,42.421486,5.188345,105920304727.983,105801957494.398,1472135122,1470490271,False
2025-09-29,72.6,42.780941,5.232308,106817809740.958,106698459704.033,1472135122,1470490271,False
2025-09-30,74.42,43.85341,5.363476,109495611582.949,109373269575.401,1472135122,1470490271,False
2025-10-09,75.96,44.760885,5.474465,111761443910.788,111636570235.79,1472135122,1470490271,False
2025-10-10,69.66,41.048489,5.020421,102492129842.357,102377612988.745,1472135122,1470490271,False
2025-10-13,70.48,41.53169,5.079519,103698611990.947,103582747106.615,1472135122,1470490271,False
2025-10-14,66.72,39.316038,4.808535,98166449943.757,98056766273.458,1472135122,1470490271,False
2025-10-15,67.73,39.9112,4.881326,99652482834.092,99541138784.492,1472135122,1470490271,False
2025-10-16,67.41,39.722634,4.858263,99181660532.204,99070842543.372,1472135122,1470490271,False
2025-10-17,64.41,37.954826,4.642052,94767701451.999,94661815282.875,1472135122,1470490271,False
2025-10-20,64.75,38.155178,4.666556,95267950147.755,95161505039.065,1472135122,1470490271,False
2025-10-21,67.21,39.60478,4.843849,98887396593.523,98776907392.673,1472135122,1470490271,False
2025-10-22,66.52,39.198184,4.794121,97872186005.076,97762831122.758,1472135122,1470490271,False
2025-10-23,65.68,38.703198,4.733581,96636277462.619,96528303489.819,1472135122,1470490271,False
2025-10-24,67.8,39.952449,4.886371,99755475212.63,99644016087.237,1472135122,1470490271,False
2025-10-27,68.41,40.311903,4.930334,100652980225.605,100540518296.872,1472135122,1470490271,False
2025-10-28,68.17,40.170478,4.913037,100299863499.189,100187796116.032,1472135122,1470490271,False
2025-10-29,70.75,41.690793,5.098978,104095868308.165,103979559560.059,1472135122,1470490271,False
2025-10-30,69.37,40.877601,4.999521,102065447131.271,101951407020.231,1472135122,1470490271,False
2025-10-31,65.23,38.581528,4.558269,95974183600.588,95866949400.744,1472135122,1470490271,False
2025-11-03,63.78,37.723898,4.456943,93840770045.156,93735919558.171,1472135122,1470490271,False
2025-11-04,62.3,36.848523,4.353521,91663216898.921,91560799442.992,1472135122,1470490271,False
2025-11-05,62.51,36.972732,4.368195,91972194034.536,91869431351.227,1472135122,1470490271,False
2025-11-06,63.78,37.723898,4.456943,93840770045.156,93735919558.171,1472135122,1470490271,False
2025-11-07,62.4,36.90767,4.360509,91810348868.262,91707767018.342,1472135122,1470490271,False
2025-11-10,61.88,36.600106,4.324171,91045262627.693,90943535626.523,1472135122,1470490271,False
2025-11-11,60.15,35.576865,4.203279,88499879558.108,88400996572.969,1472135122,1470490271,False
2025-11-12,60.13,35.565035,4.201881,88470453164.24,88371603057.899,1472135122,1470490271,False
2025-11-13,60.85,35.990893,4.252195,89529803343.489,89429769600.419,1472135122,1470490271,False
2025-11-14,59.25,35.044543,4.140387,87175691834.047,87078288394.82,1472135122,1470490271,False
2025-11-17,59.68,35.298874,4.170435,87808359302.209,87710248968.825,1472135122,1470490271,False
2025-11-18,60.7,35.902173,4.241713,89309105389.479,89209318237.394,1472135122,1470490271,False
2025-11-19,60.69,35.896258,4.241014,89294392192.545,89194621479.859,1472135122,1470490271,False
2025-11-20,60.79,35.955405,4.248002,89441524161.885,89341589055.209,1472135122,1470490271,False
2025-11-21,57.63,34.086363,4.027181,84792153930.736,84697413674.152,1472135122,1470490271,False
2025-11-24,59.1,34.955822,4.129905,86954993880.036,86857837031.795,1472135122,1470490271,False
2025-11-25,60.11,35.553206,4.200484,88441026770.372,88342209542.829,1472135122,1470490271,False
2025-11-26,63.56,37.593774,4.441569,93517079712.608,93412590892.401,1472135122,1470490271,False
2025-11-27,62.05,36.700656,4.336051,91295386975.571,91193380504.617,1472135122,1470490271,False
2025-11-28,61.59,36.42858,4.303906,90618579916.606,90517329658.008,1472135122,1470490271,False
2025-12-01,62.46,36.943158,4.364701,91898628049.866,91795947563.552,1472135122,1470490271,False
2025-12-02,61.16,36.174249,4.273858,89985912448.444,89885369084.003,1472135122,1470490271,False
2025-12-03,60.36,35.701073,4.217954,88808856693.722,88709628481.204,1472135122,1470490271,False
2025-12-04,61.34,36.280713,4.286436,90026463930.352,89925624656.729,1468476655,1466831804,False
2025-12-05,61.32,36.268884,4.285038,89997110665.295,89896304270.47,1468476655,1466831804,False
2025-12-08,62.69,36.987049,4.369887,92007809321.711,91904750729.22,1468476655,1466831804,False
2025-12-09,64.38,37.984148,4.487691,94488160219.043,94382323368.116,1468476655,1466831804,False
2025-12-10,63.0,37.169949,4.391496,92462784930.098,92359216716.237,1468476655,1466831804,False
2025-12-11,61.15,36.07845,4.262539,89747607912.309,89647080987.268,1468476655,1466831804,False
2025-12-12,62.55,36.904449,4.360128,91802336466.311,91699508025.406,1468476655,1466831804,False
2025-12-15,62.42,36.827749,4.351066,91611540243.44,91508925514.722,1468476655,1466831804,False
2025-12-16,60.55,35.724451,4.220716,88867009960.594,88767469399.494,1468476655,1466831804,False
2025-12-17,62.85,37.081449,4.38104,92242635442.169,92139313819.293,1468476655,1466831804,False
2025-12-18,61.26,36.14335,4.270207,89909050870.124,89808343111.693,1468476655,1466831804,False
2025-12-19,61.62,36.35575,4.295301,90437409641.153,90336110064.357,1468476655,1466831804,False
2025-12-22,64.39,37.990048,4.488388,94502836851.571,94396983561.246,1468476655,1466831804,False
2025-12-23,65.0,38.349947,4.530909,95398111435.815,95291255342.149,1468476655,1466831804,False
2025-12-24,66.5,39.234946,4.635468,97599606315.103,97490284311.583,1468476655,1466831804,False
2025-12-25,66.33,39.134646,4.623618,97350103562.117,97241061028.381,1468476655,1466831804,False
2025-12-26,67.0,39.529946,4.670321,98333437941.532,98223293968.061,1468476655,1466831804,False
2025-12-29,67.62,39.895745,4.713539,99243389158.305,99132225942.094,1468476655,1466831804,False
2025-12-30,67.56,39.860345,4.709357,99155329363.133,99044264783.317,1468476655,1466831804,False
2025-12-31,66.6,39.293946,4.642439,97746372640.389,97636886242.879,1468476655,1466831804,False
2026-01-05,67.88,40.049145,4.731663,99624981604.048,99513390963.463,1468476655,1466831804,False
2026-01-06,68.09,40.173045,4.746301,99933190887.148,99821255019.183,1468476655,1466831804,False
2026-01-07,67.42,39.777745,4.699598,98949856507.733,98839022079.503,1468476655,1466831804,False
2026-01-08,67.12,39.600746,4.678686,98509557531.876,98399216285.616,1468476655,1466831804,False
2026-01-09,68.9,40.650944,4.802763,101121998121.964,101008730662.678,1468476655,1466831804,False
2026-01-12,70.77,41.754243,4.933114,103866528404.81,103750186777.906,1468476655,1466831804,False
2026-01-13,67.66,39.919345,4.716327,99302095688.419,99190866714.612,1468476655,1466831804,False
2026-01-14,69.55,41.034444,4.848072,102075979236.322,101961643216.099,1468476655,1466831804,False
2026-01-15,68.13,40.196645,4.749089,99991897417.263,99879895791.702,1468476655,1466831804,False
2026-01-16,68.09,40.173045,4.746301,99933190887.148,99821255019.183,1468476655,1466831804,False
2026-01-19,65.8,38.821947,4.586674,96572242038.102,96464070792.51402,1468476655,1466831804,False
2026-01-20,64.52,38.066748,4.49745,94693633074.443,94587566071.93,1468476655,1466831804,False
2026-01-21,65.82,38.833747,4.588068,96601595303.159,96493391178.773,1468476655,1466831804,False
2026-01-22,65.09,38.403047,4.537182,95530201128.572,95423197080.315,1468476655,1466831804,False
2026-01-23,64.88,38.279147,4.522544,95221991845.472,95115333024.594,1468476655,1466831804,False
2026-01-26,65.84,38.845547,4.589462,96630948568.216,96522711565.032,1468476655,1466831804,False
2026-01-27,63.85,37.671448,4.450746,93710298695.028,93605333132.249,1468476655,1466831804,False
2026-01-28,64.87,38.273247,4.521847,95207315212.943,95100672831.465,1468476655,1466831804,False
2026-01-29,63.0,37.169949,4.391496,92462784930.098,92359216716.237,1468476655,1466831804,False
2026-01-30,62.9,37.110949,4.384525,92316018604.812,92212614784.941,1468476655,1466831804,False
2026-02-02,60.89,35.925051,4.244416,89366015466.566,89265915965.899,1468476655,1466831804,False
2026-02-03,61.12,36.06075,4.260448,89703578014.723,89603100407.879,1468476655,1466831804,False
2026-02-04,59.9,35.340951,4.175406,87913028846.236,87814556846.073,1468476655,1466831804,False
2026-02-05,59.67,35.205252,4.159374,87575466298.078,87477372404.093,1468476655,1466831804,False
2026-02-06,59.39,35.040052,4.139856,87164520587.278,87066886996.465,1468476655,1466831804,False
2026-02-09,60.49,35.689051,4.216533,88778950165.422,88679508240.717,1468476655,1466831804,False
2026-02-10,62.0,36.57995,4.32179,90995121677.239,90893197403.28,1468476655,1466831804,False
2026-02-11,62.08,36.62715,4.327366,91112534737.468,91010478948.317,1468476655,1466831804,False
2026-02-12,64.77,38.214247,4.514876,95060548887.658,94954070900.169,1468476655,1466831804,False
2026-02-13,65.33,38.544647,4.553912,95882440309.258,95775041715.424,1468476655,1466831804,False
2026-02-24,63.39,37.400049,4.418681,93035173598.713,92930964248.289,1468476655,1466831804,False
2026-02-25,62.57,36.916249,4.361522,91831689731.368,91728828411.665,1468476655,1466831804,False
2026-02-26,63.07,37.211249,4.396375,92565521357.798,92461838068.144,1468476655,1466831804,False
2026-02-27,63.88,37.689148,4.452838,93754328592.613,93649313711.638,1468476655,1466831804,False
2026-03-02,61.26,36.14335,4.270207,89909050870.124,89808343111.693,1468476655,1466831804,False
2026-03-03,58.73,34.650652,4.09385,86195862840.391,86099314249.914,1468476655,1466831804,False
2026-03-04,58.33,34.414653,4.065968,85608797539.248,85512906524.731,1468476655,1466831804,False
2026-03-05,59.33,35.004652,4.135674,87076460792.106,86978925837.688,1468476655,1466831804,False
2026-03-06,59.43,35.063652,4.142645,87223227117.392,87125527768.983,1468476655,1466831804,False
2026-03-09,61.77,36.44425,4.305757,90657559129.081,90556012961.301,1468476655,1466831804,False
2026-03-10,61.99,36.57405,4.321093,90980445044.71,90878537210.151,1468476655,1466831804,False
2026-03-11,62.35,36.786449,4.346187,91508803815.74,91406304162.815,1468476655,1466831804,False
2026-03-12,63.3,37.346949,4.412408,92903083905.955,92799022510.123,1468476655,1466831804,False
2026-03-13,61.79,36.45605,4.307151,90686912394.139,90585333347.56,1468476655,1466831804,False
2026-03-16,60.6,35.753951,4.224201,88940393123.237,88840770365.142,1468476655,1466831804,False
2026-03-17,59.04,34.833552,4.115459,86650838448.777,86553780236.93,1468476655,1466831804,False
2026-03-18,62.36,36.792349,4.346884,91523480448.268,91420964355.945,1468476655,1466831804,False
2026-03-19,61.4,36.22595,4.279966,90114523725.524,90013585815.507,1468476655,1466831804,False
2026-03-20,59.5,35.104952,4.147524,87325963545.092,87228149120.89,1468476655,1466831804,False
2026-03-23,55.73,32.880655,3.884731,81792873081.815,81701256311.045,1468476655,1466831804,False
2026-03-24,58.06,34.255353,4.047147,85212528460.976,85117081310.233,1468476655,1466831804,False
2026-03-25,59.54,35.128552,4.150312,87384670075.207,87286789893.408,1468476655,1466831804,False
2026-03-26,57.96,34.196353,4.040176,85065762135.69,84970479378.938,1468476655,1466831804,False
2026-03-27,57.39,33.860053,4.000444,84229194081.56,84134848370.553,1468476655,1466831804,False
2026-03-30,56.7,33.452954,3.952346,83216506437.088,83123295044.613,1468476655,1466831804,False
2026-03-31,56.08,33.087155,3.909128,82306555220.316,82214363070.58,1468476655,1466831804,False
2026-04-01,58.48,34.503153,4.076424,85828947027.176,85732809421.675,1468476655,1466831804,False
2026-04-02,56.65,33.423454,3.948861,83143123274.445,83049994078.965,1468476655,1466831804,False
2026-04-03,56.94,33.594554,3.969076,83568745617.774,83475139679.722,1468476655,1466831804,False
2026-04-07,59.47,35.087252,4.145433,87281933647.507,87184168541.501,1468476655,1466831804,False
2026-04-08,62.68,36.981149,4.36919,91993132689.183,91890090536.091,1468476655,1466831804,False
2026-04-09,65.07,38.391247,4.535788,95500847863.515,95393876694.056,1468476655,1466831804,False
2026-04-10,67.5,39.824945,4.705174,99067269567.962,98956303624.539,1468476655,1466831804,False
2026-04-13,68.34,41.5919,4.611909,100300106700.363,100187759847.422,1468476655,1466831804,False
2026-04-14,67.99,41.378889,4.58829,99786424561.863,99674653087.888,1468476655,1466831804,False
2026-04-15,68.88,41.920546,4.648351,101092644856.907,100979410276.419,1468476655,1466831804,False
2026-04-16,68.28,41.555384,4.60786,100212046905.192,100099798688.645,1468476655,1466831804,False
2026-04-17,68.23,41.524954,4.604486,100138663742.549,100026497722.997,1468476655,1466831804,False
2026-04-20,73.12,44.50102,4.934486,107315537049.028,107195332163.353,1468476655,1466831804,False
2026-04-21,71.37,43.435966,4.816388,104747126356.525,104629798365.679,1468476655,1466831804,False
2026-04-22,74.2,45.158311,5.00737,108900613362.115,108778633021.345,1468476655,1466831804,False
2026-04-23,73.83,44.933128,4.982401,108357577958.557,108236205875.552,1468476655,1466831804,False
2026-04-24,74.85,45.553903,5.051235,109854594476.473,109731545574.767,1468476655,1466831804,False
2026-04-27,73.16,44.5254,4.9372,107374243579.342,107253972936.231,1468476655,1466831804,False
2026-04-28,70.83,43.1073,4.7799,103954588200.331,103838147936.363,1468476655,1466831804,False
2026-04-29,72.28,43.9898,4.8778,106082699916.227,105963875940.35,1468476655,1466831804,False
2026-04-30,69.75,40.0874,4.5926,102369511886.644,102254847078.691,1468476655,1466831804,False
2026-05-06,73.22,42.0817,4.821,107462303374.214,107341934094.768,1468476655,1466831804,False
2026-05-07,73.24,42.0932,4.8224,107491656639.171,107371254480.947,1468476655,1466831804,False
2026-05-08,76.48,43.9553,5.0357,112246885578.233,112121157054.965,1468476655,1466831804,False
2026-05-11,76.0,43.6794,5.0041,111542407217.261,111417467784.666,1468476655,1466831804,False
2026-05-12,73.13,42.0299,4.8151,107330213681.406,107209992356.962,1468476655,1466831804,False
2026-05-13,77.38,44.4725,5.0949,113567782506.306,113440574437.026,1468476655,1466831804,False
2026-05-14,71.6,41.1506,4.7144,105084688904.682,104966982807.26,1468476655,1466831804,False
2026-05-15,70.21,40.3517,4.6229,103044636983.659,102929215962.81,1468476655,1466831804,False
2026-05-18,70.61,40.5816,4.6492,103631702284.802,103515623687.393,1468476655,1466831804,False
2026-05-19,72.23,41.5127,4.7559,106009316754.333,105890574974.902,1468476655,1466831804,False
2026-05-20,71.23,40.938,4.7024,104599592136.0,104482429399.0,1468476655,1466831804,False
2026-05-21,66.31,38.1103,4.3776,97374686993.0,97265616923.0,1468476655,1466831804,False
2026-05-22,68.25,39.2253,4.5057,100223531704.0,100111270623.0,1468476655,1466831804,False
2026-05-25,69.2,39.7713,4.5684,101618584526.0,101504760837.0,1468476655,1466831804,False
2026-05-26,67.3,38.6793,4.443,98828478882.0,98717780409.0,1468476655,1466831804,False
2026-05-27,64.52,37.0815,4.2594,94746113781.0,94639987994.0,1468476655,1466831804,False
2026-05-28,66.41,38.1678,4.3842,97521534659.0,97412300104.0,1468476655,1466831804,False
2026-05-29,64.63,37.1448,4.2667,94907646213.0,94801339493.0,1468476655,1466831804,False
2026-06-01,64.14,36.8631,4.2343,94188092652.0,94082591909.0,1468476655,1466831804,False
2026-06-02,65.0,37.3574,4.2911,95450982575.0,95344067260.0,1468476655,1466831804,False
2026-06-03,64.22,36.9091,4.2396,94305570784.0,94199938453.0,1468476655,1466831804,False
2026-06-04,63.36,36.4148,4.1828,93042680861.0,92938463101.0,1468476655,1466831804,False
2026-06-05,62.14,35.7137,4.1023,91251139342.0,91148928301.0,1468476655,1466831804,False
2026-06-08,57.89,33.2711,3.8217,85010113558.0,84914893134.0,1468476655,1466831804,False
2026-06-09,59.46,34.1734,3.9254,87315621906.0,87217819066.0,1468476655,1466831804,False
2026-06-10,59.39,34.1332,3.9208,87212828540.0,87115140840.0,1468476655,1466831804,False
2026-06-11,57.84,33.2423,3.8184,84936689725.0,84841551543.0,1468476655,1466831804,False
2026-06-12,57.86,33.2538,3.8197,84966059258.0,84870888179.0,1468476655,1466831804,False
2026-06-15,63.09,36.2597,4.154,92646195003.0,92542418262.0,1468476655,1466831804,False
2026-06-16,62.3,35.8056,4.102,91486098410.0,91383621140.0,1468476655,1466831804,False
2026-06-17,64.5,37.07,4.2469,94716747150.0,94610651100.0,1468476655,1466831804,False
2026-06-18,65.66,37.7367,4.3233,96420180122.0,96312175988.0,1468476655,1466831804,False
2026-06-22,66.2,38.0471,4.3588,97213157540.0,97104265160.0,1468476655,1466831804,False
2026-06-23,64.0,36.7827,4.214,93982508800.0,93877235200.0,1468476655,1466831804,False
2026-06-24,64.8,37.24,4.28,95157000000.0,95051000000.0,1468476655,1466831804,False
2026-06-25,68.57,39.41,4.53,100693000000.0,100581000000.0,1468476655,1466831804,False
2026-06-26,63.89,36.72,4.22,93821000000.0,93716000000.0,1468476655,1466831804,False
2026-06-29,65.82,37.83,4.35,96655000000.0,96547000000.0,1468476655,1466831804,False
2026-06-30,70.0,40.23,4.62,102793000000.0,102678000000.0,1468476655,1466831804,False
2026-07-01,67.26,38.66,4.44,98770000000.0,98659000000.0,1468476655,1466831804,False
2026-07-02,63.79,36.66,4.21,93674000000.0,93569000000.0,1468476655,1466831804,False
2026-07-03,66.35,38.13,4.38,97433000000.0,97324000000.0,1468476655,1466831804,False
2026-07-06,69.71,40.06,4.6,102368000000.0,102253000000.0,1468476655,1466831804,False
2026-07-07,71.06,40.84,4.69,104350000000.0,104233000000.0,1468476655,1466831804,False
2026-07-08,78.17,44.93,5.16,114791000000.0,114662000000.0,1468476655,1466831804,False
2026-07-09,85.99,49.42,5.68,126274000000.0,126133000000.0,1468476655,1466831804,False
2026-07-10,89.52,51.45,5.91,131458000000.0,131311000000.0,1468476655,1466831804,False
2026-07-13,85.49,49.13,5.64,125540000000.0,125399000000.0,1468476655,1466831804,False
2026-07-14,84.95,48.82,5.61,124747000000.0,124607000000.0,1468476655,1466831804,False
2026-07-15,84.7,48.68,5.59,124380000000.0,124241000000.0,1468476655,1466831804,False
2026-07-16,85.0,48.85,5.61,124821000000.0,124681000000.0,1468476655,1466831804,False
2026-07-17,77.4,44.48,5.11,113660000000.0,113533000000.0,1468476655,1466831804,False
2026-07-20,81.29,46.72,5.37,119372000000.0,119239000000.0,1468476655,1466831804,False
2026-07-21,88.66,50.96,5.85,130195000000.0,130049000000.0,1468476655,1466831804,False
2026-07-22,90.47,52.0,5.97,132853000000.0,132704000000.0,1468476655,1466831804,False
2026-07-23,87.96,50.55,5.81,129167000000.0,129023000000.0,1468476655,1466831804,False
2026-07-24,85.31,49.03,5.63,125276000000.0,125135000000.0,1468476655,1466831804,False
2026-07-27,85.0,48.85,5.61,124821000000.0,124681000000.0,1468476655,1466831804,False
2026-07-28,79.85,45.89,5.27,117258000000.0,117127000000.0,1468476655,1466831804,False
2026-07-29,74.94,43.07,4.95,110048000000.0,109924000000.0,1468476655,1466831804,False
2026-07-30,69.08,39.7,4.56,101442000000.0,101329000000.0,1468476655,1466831804,False
2026-07-31,71.81,41.27,4.74,105451000000.0,105333000000.0,1468476655,1466831804,False
2026-08-03,71.66,41.19,4.73,105231000000.0,105113000000.0,1468476655,1466831804,False
2026-08-04,74.14,42.61,4.89,108873000000.0,108751000000.0,1468476655,1466831804,False
2026-08-05,77.2,44.37,5.1,113366000000.0,113239000000.0,1468476655,1466831804,False
2026-08-06,76.79,44.13,5.07,112764000000.0,112638000000.0,1468476655,1466831804,False
2026-08-07,77.99,44.82,5.15,114526000000.0,114398000000.0,1468476655,1466831804,False
2026-08-10,76.7,44.08,5.06,112632000000.0,112506000000.0,1468476655,1466831804,False
2026-08-11,75.11,43.17,4.96,110297000000.0,110174000000.0,1468476655,1466831804,False
2026-08-12,75.02,43.12,4.95,110165000000.0,110042000000.0,1468476655,1466831804,False
2026-08-13,79.46,45.67,5.25,116685000000.0,116554000000.0,1468476655,1466831804,False
2026-08-14,78.8,45.29,5.2,115716000000.0,115586000000.0,1468476655,1466831804,False
2026-08-17,80.68,46.37,5.33,118477000000.0,118344000000.0,1468476655,1466831804,False
2026-08-18,80.97,46.54,5.35,118903000000.0,118769000000.0,1468476655,1466831804,False
2026-08-19,72.87,41.88,4.81,107008000000.0,106888000000.0,1468476655,1466831804,False
2026-08-20,75.08,43.15,4.96,110253000000.0,110130000000.0,1468476655,1466831804,False
2026-08-21,76.35,43.88,5.04,112118000000.0,111993000000.0,1468476655,1466831804,False
2026-08-24,73.22,42.08,4.83,107522000000.0,107401000000.0,1468476655,1466831804,False
2026-08-25,74.11,42.59,4.89,108829000000.0,108707000000.0,1468476655,1466831804,False
2026-08-26,73.79,42.41,4.87,108359000000.0,108238000000.0,1468476655,1466831804,False
2026-08-27,78.27,44.98,5.17,114938000000.0,114809000000.0,1468476655,1466831804,False
2026-08-28,77.44,44.51,5.11,113719000000.0,113591000000.0,1468476655,1466831804,False
