date,close,pe_ttm,pb,total_mv,float_mv,total_share,float_share,is_st
2020-01-02,32.48,37.202852,2.404433,66197165723.41,66197165723.41,2042914196,2042914196,False
2020-01-03,32.16,36.836321,2.380744,65544976898.54901,65544976898.54901,2042914196,2042914196,False
2020-01-06,31.81,36.435429,2.354834,64831645371.357,64831645371.357,2042914196,2042914196,False
2020-01-07,32.21,36.893592,2.384446,65646881402.434,65646881402.434,2042914196,2042914196,False
2020-01-08,31.89,36.527061,2.360757,64994692577.572,64994692577.572,2042914196,2042914196,False
2020-01-09,32.31,37.008133,2.391848,65850690410.203,65850690410.203,2042914196,2042914196,False
2020-01-10,32.28,36.97377,2.389627,65789547707.872,65789547707.872,2042914196,2042914196,False
2020-01-13,33.92,38.85224,2.511034,69132015435.286,69132015435.286,2042914196,2042914196,False
2020-01-14,34.17,39.138592,2.529541,69641537954.708,69641537954.708,2042914196,2042914196,False
2020-01-15,33.7,38.60025,2.494747,68683635618.194,68683635618.194,2042914196,2042914196,False
2020-01-16,33.76,38.668974,2.499189,68805921022.855,68805921022.855,2042914196,2042914196,False
2020-01-17,34.47,39.482214,2.551749,70252964978.016,70252964978.016,2042914196,2042914196,False
2020-01-20,34.85,39.917469,2.57988,71027439207.538,71027439207.538,2042914196,2042914196,False
2020-01-21,34.0,38.943872,2.516956,69295062641.501,69295062641.501,2042914196,2042914196,False
2020-01-22,34.66,39.699841,2.565814,70640202092.777,70640202092.777,2042914196,2042914196,False
2020-01-23,33.06,37.867189,2.447369,67379257968.471,67379257968.471,2042914196,2042914196,False
2020-02-03,29.75,34.075888,2.202336,60633179811.31301,60633179811.31301,2042914196,2042914196,False
2020-02-04,30.81,35.290021,2.280806,62793555293.666,62793555293.666,2042914196,2042914196,False
2020-02-05,31.35,35.908541,2.320781,63894123935.619,63894123935.619,2042914196,2042914196,False
2020-02-06,34.06,39.012597,2.521398,69417348046.162,69417348046.162,2042914196,2042914196,False
2020-02-07,36.7,42.036474,2.716832,74797905851.267,74797905851.267,2042914196,2042914196,False
2020-02-10,37.72,43.20479,2.79234,76876757730.512,76876757730.512,2042914196,2042914196,False
2020-02-11,36.99,42.368642,2.7383,75388951973.798,75388951973.798,2042914196,2042914196,False
2020-02-12,39.89,45.690325,2.952981,81299413199.102,81299413199.102,2042914196,2042914196,False
2020-02-13,40.82,46.755555,3.021828,83194836971.355,83194836971.355,2042914196,2042914196,False
2020-02-14,42.0,48.107136,3.109181,85599783263.031,85599783263.031,2042914196,2042914196,False
2020-02-17,42.92,49.160912,3.177287,87474826134.506,87474826134.506,2042914196,2042914196,False
2020-02-18,43.68,50.031422,3.233548,89023774593.552,89023774593.552,2042914196,2042914196,False
2020-02-19,43.0,50.031422,3.233548,87637873340.722,87637873340.722,2042914196,2042914196,False
2020-02-20,42.9,49.138003,3.175806,87434064332.953,87434064332.953,2042914196,2042914196,False
2020-02-21,43.72,50.077238,3.236509,89105298196.659,89105298196.659,2042914196,2042914196,False
2020-02-24,46.15,52.860579,3.416397,94057857085.449,94057857085.449,2042914196,2042914196,False
2020-02-25,49.51,56.70915,3.665132,100905839746.491,100905839746.491,2042914196,2042914196,False
2020-02-26,49.48,56.674788,3.662911,100844697044.161,100844697044.161,2042914196,2042914196,False
2020-02-27,50.47,57.808742,3.736199,102862406221.075,102862406221.075,2042914196,2042914196,False
2020-02-28,45.42,52.024432,3.362357,92570051328.734,92570051328.734,2042914196,2042914196,False
2020-03-02,46.92,53.742544,3.473399,95627186445.271,95627186445.271,2042914196,2042914196,False
2020-03-03,46.6,53.376013,3.44971,94974997620.41,94974997620.41,2042914196,2042914196,False
2020-03-04,45.53,52.150426,3.3705,92794241237.28,92794241237.28,2042914196,2042914196,False
2020-03-05,46.84,53.650911,3.467477,95464139239.056,95464139239.056,2042914196,2042914196,False
2020-03-06,46.2,52.91785,3.420099,94159761589.334,94159761589.334,2042914196,2042914196,False
2020-03-09,43.77,50.134508,3.24021,89207202700.544,89207202700.544,2042914196,2042914196,False
2020-03-10,46.17,52.883488,3.417878,94098618887.003,94098618887.003,2042914196,2042914196,False
2020-03-11,44.0,50.397952,3.257237,89675963418.413,89675963418.413,2042914196,2042914196,False
2020-03-12,42.59,48.782927,3.152857,86802256408.868,86802256408.868,2042914196,2042914196,False
2020-03-13,43.02,49.275452,3.184689,87678635142.276,87678635142.276,2042914196,2042914196,False
2020-03-16,39.8,45.587239,2.946319,81115985092.11,81115985092.11,2042914196,2042914196,False
2020-03-17,39.99,45.804866,2.960384,81503222206.871,81503222206.871,2042914196,2042914196,False
2020-03-18,39.16,44.854177,2.898941,79811607442.387,79811607442.387,2042914196,2042914196,False
2020-03-19,38.85,44.499101,2.875992,79179799518.303,79179799518.303,2042914196,2042914196,False
2020-03-20,38.26,43.82331,2.832316,77977326372.465,77977326372.465,2042914196,2042914196,False
2020-03-23,35.4,40.547443,2.620595,72148388750.269,72148388750.269,2042914196,2042914196,False
2020-03-24,36.03,41.26905,2.667233,73432385499.214,73432385499.214,2042914196,2042914196,False
2020-03-25,36.83,42.185377,2.726455,75062857561.367,75062857561.367,2042914196,2042914196,False
2020-03-26,36.89,42.254101,2.730897,75185142966.028,75185142966.028,2042914196,2042914196,False
2020-03-27,36.69,42.02502,2.716091,74777524950.49,74777524950.49,2042914196,2042914196,False
2020-03-30,36.04,41.280504,2.667973,73452766399.991,73452766399.991,2042914196,2042914196,False
2020-03-31,35.32,40.455811,2.614673,71985341544.053,71985341544.053,2042914196,2042914196,False
2020-04-01,35.48,40.639076,2.626517,72311435956.484,72311435956.484,2042914196,2042914196,False
2020-04-02,37.63,43.101703,2.785678,76693329623.52,76693329623.52,2042914196,2042914196,False
2020-04-03,36.59,41.910479,2.708689,74573715942.721,74573715942.721,2042914196,2042914196,False
2020-04-07,37.68,43.158974,2.789379,76795234127.405,76795234127.405,2042914196,2042914196,False
2020-04-08,36.97,42.345734,2.736819,75348190172.244,75348190172.244,2042914196,2042914196,False
2020-04-09,36.3,41.578311,2.68722,73982669820.191,73982669820.191,2042914196,2042914196,False
2020-04-10,35.11,40.215275,2.599127,71557342627.738,71557342627.738,2042914196,2042914196,False
2020-04-13,34.43,39.436398,2.548788,70171441374.908,70171441374.908,2042914196,2042914196,False
2020-04-14,36.08,41.326321,2.670934,73534290003.099,73534290003.099,2042914196,2042914196,False
2020-04-15,36.38,41.669943,2.693143,74145717026.406,74145717026.406,2042914196,2042914196,False
2020-04-16,36.56,41.876117,2.706468,74512573240.39,74512573240.39,2042914196,2042914196,False
2020-04-17,37.6,43.067341,2.783457,76632186921.189,76632186921.189,2042914196,2042914196,False
2020-04-20,38.79,44.430376,2.87155,79057514113.642,79057514113.642,2042914196,2042914196,False
2020-04-21,38.56,44.166933,2.854524,78588753395.773,78588753395.773,2042914196,2042914196,False
2020-04-22,38.37,43.949305,2.840459,78201516281.011,78201516281.011,2042914196,2042914196,False
2020-04-23,38.05,43.582775,2.81677,77549327456.15,77549327456.15,2042914196,2042914196,False
2020-04-24,37.21,42.620632,2.754586,75837331790.89,75837331790.89,2042914196,2042914196,False
2020-04-27,38.54,45.779754,2.76804,78547991594.219,78547991594.219,2042914196,2042914196,False
2020-04-28,40.67,48.309876,2.921022,82889123459.701,82889123459.701,2042914196,2042914196,False
2020-04-29,40.3,47.870371,2.894448,82135030130.955,82135030130.955,2042914196,2042914196,False
2020-04-30,41.66,49.485848,2.992127,84906832636.616,84906832636.616,2042914196,2042914196,False
2020-05-06,42.25,50.186679,3.034502,86109305782.453,86109305782.453,2042914196,2042914196,False
2020-05-07,41.75,49.592754,2.998591,85090260743.608,85090260743.608,2042914196,2042914196,False
2020-05-08,41.79,49.640268,3.001463,85171784346.715,85171784346.715,2042914196,2042914196,False
2020-05-11,42.09,49.996623,3.02301,85783211370.023,85783211370.023,2042914196,2042914196,False
2020-05-12,43.8,52.027847,3.145827,89268345402.875,89268345402.875,2042914196,2042914196,False
2020-05-13,43.18,51.29138,3.101297,88004729554.706,88004729554.706,2042914196,2042914196,False
2020-05-14,43.08,51.172595,3.094115,87800920546.937,87800920546.937,2042914196,2042914196,False
2020-05-15,42.8,50.839997,3.074004,87230255325.183,87230255325.183,2042914196,2042914196,False
2020-05-18,41.46,49.248278,2.977762,84499214621.077,84499214621.077,2042914196,2042914196,False
2020-05-19,42.85,50.89939,3.077595,87332159829.068,87332159829.068,2042914196,2042914196,False
2020-05-20,41.73,49.568997,2.997154,85049498942.054,85049498942.054,2042914196,2042914196,False
2020-05-21,40.5,48.107941,2.908812,82542648146.494,82542648146.494,2042914196,2042914196,False
2020-05-22,39.3,46.682521,2.822625,80096940053.264,80096940053.264,2042914196,2042914196,False
2020-05-25,38.47,45.696605,2.763013,78405325288.781,78405325288.781,2042914196,2042914196,False
2020-05-26,38.82,46.112352,2.788151,79118656815.972,79118656815.972,2042914196,2042914196,False
2020-05-27,38.11,45.268979,2.737157,77671612860.812,77671612860.812,2042914196,2042914196,False
2020-05-28,38.05,45.197708,2.732847,77549327456.15,77549327456.15,2042914196,2042914196,False
2020-05-29,38.27,45.459035,2.748648,77997707273.242,77997707273.242,2042914196,2042914196,False
2020-06-01,39.66,47.110147,2.848482,80830652481.233,80830652481.233,2042914196,2042914196,False
2020-06-02,40.2,47.751586,2.887266,81931221123.186,81931221123.186,2042914196,2042914196,False
2020-06-03,39.98,47.490259,2.871465,81482841306.094,81482841306.094,2042914196,2042914196,False
2020-06-04,40.03,47.549651,2.875056,81584745809.979,81584745809.979,2042914196,2042914196,False
2020-06-05,39.68,47.133904,2.849918,80871414282.787,80871414282.787,2042914196,2042914196,False
2020-06-08,39.65,47.098268,2.847763,80810271580.456,80810271580.456,2042914196,2042914196,False
2020-06-09,38.28,45.470913,2.749366,78018088174.019,78018088174.019,2042914196,2042914196,False
2020-06-10,38.57,45.81539,2.770195,78609134296.55,78609134296.55,2042914196,2042914196,False
2020-06-11,38.91,46.219259,2.794615,79302084922.965,79302084922.965,2042914196,2042914196,False
2020-06-12,38.61,45.862904,2.773068,78690657899.657,78690657899.657,2042914196,2042914196,False
2020-06-15,37.64,44.710689,2.7034,76713710524.297,76713710524.297,2042914196,2042914196,False
2020-06-16,38.26,45.447156,2.74793,77977326372.465,77977326372.465,2042914196,2042914196,False
2020-06-17,40.14,47.680315,2.882956,81808935718.525,81808935718.525,2042914196,2042914196,False
2020-06-18,41.9,49.770932,3.009364,85395974255.261,85395974255.261,2042914196,2042914196,False
2020-06-19,42.11,50.02038,3.024447,85823973171.577,85823973171.577,2042914196,2042914196,False
2020-06-22,42.79,50.828119,3.073286,87209874424.407,87209874424.407,2042914196,2042914196,False
2020-06-23,43.15,51.255745,3.099142,87943586852.375,87943586852.375,2042914196,2042914196,False
2020-06-24,42.58,50.57867,3.058203,86781875508.091,86781875508.091,2042914196,2042914196,False
2020-06-29,42.05,49.949109,3.020137,85701687766.915,85701687766.915,2042914196,2042914196,False
2020-06-30,42.98,51.05381,3.086932,87597111539.168,87597111539.168,2042914196,2042914196,False
2020-07-01,43.67,51.873427,3.13649,89003393692.775,89003393692.775,2042914196,2042914196,False
2020-07-02,45.15,53.631446,3.242787,92019767007.758,92019767007.758,2042914196,2042914196,False
2020-07-03,44.8,53.215698,3.217649,91306435480.566,91306435480.566,2042914196,2042914196,False
2020-07-06,46.62,55.377586,3.348366,95015759421.964,95015759421.964,2042914196,2042914196,False
2020-07-07,49.2,58.44224,3.533668,100274031822.407,100274031822.407,2042914196,2042914196,False
2020-07-08,49.67,59.000529,3.567425,101231934158.922,101231934158.922,2042914196,2042914196,False
2020-07-09,51.76,61.483137,3.717534,105491542421.297,105491542421.297,2042914196,2042914196,False
2020-07-10,50.26,59.701361,3.6098,102434407304.76,102434407304.76,2042914196,2042914196,False
2020-07-13,50.6,60.10523,3.63422,103127357931.175,103127357931.175,2042914196,2042914196,False
2020-07-14,48.59,57.717651,3.489857,99030796875.016,99030796875.016,2042914196,2042914196,False
2020-07-15,47.1,55.947754,3.382841,95994042659.256,95994042659.256,2042914196,2042914196,False
2020-07-16,43.32,51.457679,3.111352,88290062165.583,88290062165.583,2042914196,2042914196,False
2020-07-17,43.26,51.386408,3.107043,88167776760.921,88167776760.921,2042914196,2042914196,False
2020-07-20,44.97,53.417632,3.229859,91652910793.773,91652910793.773,2042914196,2042914196,False
2020-07-21,44.74,53.144427,3.21334,91184150075.904,91184150075.904,2042914196,2042914196,False
2020-07-22,45.09,53.560174,3.238478,91897481603.096,91897481603.096,2042914196,2042914196,False
2020-07-23,44.23,52.538623,3.17671,90144724136.282,90144724136.282,2042914196,2042914196,False
2020-07-24,42.6,50.602427,3.05964,86822637309.645,86822637309.645,2042914196,2042914196,False
2020-07-27,43.21,51.327016,3.103451,88065872257.037,88065872257.037,2042914196,2042914196,False
2020-07-28,42.24,50.174801,3.033784,86088924881.676,86088924881.676,2042914196,2042914196,False
2020-07-29,43.69,51.897184,3.137926,89044155494.329,89044155494.329,2042914196,2042914196,False
2020-07-30,43.22,51.338894,3.10417,88086253157.814,88086253157.814,2042914196,2042914196,False
2020-07-31,43.8,52.027847,3.145827,89268345402.875,89268345402.875,2042914196,2042914196,False
2020-08-03,45.79,54.39167,3.288754,93324144657.48,93324144657.48,2042914196,2042914196,False
2020-08-04,45.43,53.964044,3.262898,92590432229.511,92590432229.511,2042914196,2042914196,False
2020-08-05,45.18,53.667081,3.244942,92080909710.089,92080909710.089,2042914196,2042914196,False
2020-08-06,44.7,53.096913,3.210467,91102626472.797,91102626472.797,2042914196,2042914196,False
2020-08-07,43.08,51.172595,3.094115,87800920546.937,87800920546.937,2042914196,2042914196,False
2020-08-10,43.31,51.445801,3.110634,88269681264.806,88269681264.806,2042914196,2042914196,False
2020-08-11,42.15,50.067894,3.02732,85905496774.684,85905496774.684,2042914196,2042914196,False
2020-08-12,41.3,49.058221,2.96627,84173120208.647,84173120208.647,2042914196,2042914196,False
2020-08-13,41.06,48.773137,2.949033,83683978590.001,83683978590.001,2042914196,2042914196,False
2020-08-14,42.95,51.018175,3.084778,87535968836.837,87535968836.837,2042914196,2042914196,False
2020-08-17,43.24,51.362651,3.105606,88127014959.368,88127014959.368,2042914196,2042914196,False
2020-08-18,43.3,51.433922,3.109916,88249300364.029,88249300364.029,2042914196,2042914196,False
2020-08-19,44.15,52.443595,3.170965,89981676930.067,89981676930.067,2042914196,2042914196,False
2020-08-20,42.61,50.614305,3.060358,86843018210.422,86843018210.422,2042914196,2042914196,False
2020-08-21,45.58,54.142221,3.273671,92896145741.165,92896145741.165,2042914196,2042914196,False
2020-08-24,45.44,53.975922,3.263616,92610813130.288,92610813130.288,2042914196,2042914196,False
2020-08-25,31.28,47.612721,3.109918,89252040669.771,89252040669.771,2860079874,2860079874,False
2020-08-26,31.33,47.688829,3.11489,89394706975.189,89394706975.189,2860079874,2860079874,False
2020-08-27,31.49,47.932372,3.130797,89851239152.528,89851239152.528,2860079874,2860079874,False
2020-08-28,31.41,47.8106,3.122843,89622973063.859,89622973063.859,2860079874,2860079874,False
2020-08-31,32.8,49.926383,3.26104,93589096354.491,93589096354.491,2860079874,2860079874,False
2020-09-01,34.77,52.92501,3.456901,99210148787.977,99210148787.977,2860079874,2860079874,False
2020-09-02,34.01,51.768179,3.38134,97041620945.617,97041620945.617,2860079874,2860079874,False
2020-09-03,32.04,48.769552,3.185479,91420568512.131,91420568512.131,2860079874,2860079874,False
2020-09-04,32.06,48.799995,3.187468,91477635034.298,91477635034.298,2860079874,2860079874,False
2020-09-07,30.67,46.684212,3.049271,87511511743.666,87511511743.666,2860079874,2860079874,False
2020-09-08,30.2,45.968804,3.002543,86170448472.733,86170448472.733,2860079874,2860079874,False
2020-09-09,29.75,45.283838,2.957803,84886451723.967,84886451723.967,2860079874,2860079874,False
2020-09-10,27.24,41.463252,2.708254,77724603191.961,77724603191.961,2860079874,2860079874,False
2020-09-11,27.76,42.254768,2.759953,79208332768.313,79208332768.313,2860079874,2860079874,False
2020-09-14,27.17,41.356702,2.701294,77524870364.376,77524870364.376,2860079874,2860079874,False
2020-09-15,27.59,41.996003,2.743051,78723267329.89,78723267329.89,2860079874,2860079874,False
2020-09-16,27.92,42.498311,2.775861,79664864945.652,79664864945.652,2860079874,2860079874,False
2020-09-17,27.79,42.300432,2.762936,79293932551.564,79293932551.564,2860079874,2860079874,False
2020-09-18,28.48,43.350713,2.831537,81262727566.339,81262727566.339,2860079874,2860079874,False
2020-09-21,28.3,43.076727,2.813641,80749128866.832,80749128866.832,2860079874,2860079874,False
2020-09-22,27.75,42.239547,2.758959,79179799507.229,79179799507.229,2860079874,2860079874,False
2020-09-23,27.6,42.011225,2.744046,78751800590.974,78751800590.974,2860079874,2860079874,False
2020-09-24,25.88,39.393134,2.57304,73844079684.58,73844079684.58,2860079874,2860079874,False
2020-09-25,25.83,39.317027,2.568069,73701413379.162,73701413379.162,2860079874,2860079874,False
2020-09-28,25.71,39.134369,2.556138,73359014246.157,73359014246.157,2860079874,2860079874,False
2020-09-29,25.76,39.210476,2.561109,73501680551.576,73501680551.576,2860079874,2860079874,False
2020-09-30,25.43,38.708168,2.5283,72560082935.814,72560082935.814,2860079874,2860079874,False
2020-10-09,25.89,39.408355,2.574034,73872612945.664,73872612945.664,2860079874,2860079874,False
2020-10-12,26.92,40.976166,2.676439,76811538837.283,76811538837.283,2860079874,2860079874,False
2020-10-13,26.94,41.006608,2.678427,76868605359.451,76868605359.451,2860079874,2860079874,False
2020-10-14,26.24,39.941106,2.608832,74871277083.593,74871277083.593,2860079874,2860079874,False
2020-10-15,25.81,39.286584,2.56608,73644346856.994,73644346856.994,2860079874,2860079874,False
2020-10-16,25.58,38.93649,2.543213,72988081852.07,72988081852.07,2860079874,2860079874,False
2020-10-19,24.92,37.931874,2.477595,71104886620.546,71104886620.546,2860079874,2860079874,False
2020-10-20,25.28,38.479846,2.513387,72132084019.559,72132084019.559,2860079874,2860079874,False
2020-10-21,24.44,37.201244,2.429872,69735290088.529,69735290088.529,2860079874,2860079874,False
2020-10-22,23.96,36.470614,2.38215,68365693556.512,68365693556.512,2860079874,2860079874,False
2020-10-23,23.58,35.892198,2.344369,67281429635.332,67281429635.332,2860079874,2860079874,False
2020-10-26,23.78,36.196628,2.364254,67852094857.006,67852094857.006,2860079874,2860079874,False
2020-10-27,23.9,36.379285,2.376184,68194493990.01,68194493990.01,2860079874,2860079874,False
2020-10-28,24.0,36.5315,2.386127,68479826600.847,68479826600.847,2860079874,2860079874,False
2020-10-29,23.21,35.329005,2.307583,66225698975.236,66225698975.236,2860079874,2860079874,False
2020-10-30,22.0,33.167654,2.159604,62773174384.11,62773174384.11,2860079874,2860079874,False
2020-11-02,21.86,32.956587,2.145861,62373708728.938,62373708728.938,2860079874,2860079874,False
2020-11-03,22.33,33.665169,2.191998,63714771999.871,63714771999.871,2860079874,2860079874,False
2020-11-04,22.23,33.514407,2.182182,63429439389.03501,63429439389.03501,2860079874,2860079874,False
2020-11-05,23.35,35.202942,2.292125,66625164630.407,66625164630.407,2860079874,2860079874,False
2020-11-06,23.67,35.685381,2.323538,67538228985.085,67538228985.085,2860079874,2860079874,False
2020-11-09,24.49,36.92163,2.404032,69877956393.948,69877956393.948,2860079874,2860079874,False
2020-11-10,23.62,35.61,2.318629,67395562679.667,67395562679.667,2860079874,2860079874,False
2020-11-11,22.66,34.162684,2.224392,64656369615.633,64656369615.633,2860079874,2860079874,False
2020-11-12,22.85,34.449132,2.243043,65198501576.223,65198501576.223,2860079874,2860079874,False
2020-11-13,22.46,33.86116,2.204759,64085704393.959,64085704393.959,2860079874,2860079874,False
2020-11-16,22.86,34.464208,2.244025,65227034837.307,65227034837.307,2860079874,2860079874,False
2020-11-17,22.56,34.011922,2.214576,64371037004.796,64371037004.796,2860079874,2860079874,False
2020-11-18,22.23,33.514407,2.182182,63429439389.03501,63429439389.03501,2860079874,2860079874,False
2020-11-19,22.28,33.589788,2.18709,63572105694.453,63572105694.453,2860079874,2860079874,False
2020-11-20,22.33,33.665169,2.191998,63714771999.871,63714771999.871,2860079874,2860079874,False
2020-11-23,22.56,34.011922,2.214576,64371037004.796,64371037004.796,2860079874,2860079874,False
2020-11-24,22.58,34.042074,2.216539,64428103526.964,64428103526.964,2860079874,2860079874,False
2020-11-25,22.22,33.499331,2.1812,63400906127.95099,63400906127.95099,2860079874,2860079874,False
2020-11-26,21.93,33.062121,2.152733,62573441556.524,62573441556.524,2860079874,2860079874,False
2020-11-27,21.9,33.016892,2.149788,62487841773.273,62487841773.273,2860079874,2860079874,False
2020-11-30,22.36,33.710398,2.194943,63800371783.123,63800371783.123,2860079874,2860079874,False
2020-12-01,22.68,34.192836,2.226355,64713436137.8,64713436137.8,2860079874,2860079874,False
2020-12-02,23.18,34.946647,2.275437,66140099191.985,66140099191.985,2860079874,2860079874,False
2020-12-03,22.96,34.61497,2.253841,65512367448.144,65512367448.144,2860079874,2860079874,False
2020-12-04,23.07,34.780808,2.264639,65826233320.064,65826233320.064,2860079874,2860079874,False
2020-12-07,22.53,33.966693,2.211631,64285437221.545,64285437221.545,2860079874,2860079874,False
2020-12-08,22.04,33.227959,2.163531,62887307428.445,62887307428.445,2860079874,2860079874,False
2020-12-09,21.5,32.413844,2.110522,61346511329.926,61346511329.926,2860079874,2860079874,False
2020-12-10,21.4,32.263082,2.100706,61061178719.089,61061178719.089,2860079874,2860079874,False
2020-12-11,20.61,31.072062,2.023156,58807051093.477,58807051093.477,2860079874,2860079874,False
2020-12-14,20.38,30.725309,2.000579,58150786088.553,58150786088.553,2860079874,2860079874,False
2020-12-15,21.01,31.67511,2.062422,59948381536.825,59948381536.825,2860079874,2860079874,False
2020-12-16,20.84,31.418814,2.045734,59463316098.402,59463316098.402,2860079874,2860079874,False
2020-12-17,20.98,31.629881,2.059477,59862781753.574,59862781753.574,2860079874,2860079874,False
2020-12-18,20.73,31.252976,2.034936,59149450226.482,59149450226.482,2860079874,2860079874,False
2020-12-21,20.95,31.584653,2.056532,59777181970.323,59777181970.323,2860079874,2860079874,False
2020-12-22,20.31,30.619775,1.993707,57951053260.967,57951053260.967,2860079874,2860079874,False
2020-12-23,20.4,30.755461,2.002542,58207852610.72,58207852610.72,2860079874,2860079874,False
2020-12-24,19.92,30.031803,1.955423,56838256078.703,56838256078.703,2860079874,2860079874,False
2020-12-25,19.6,29.549365,1.924011,55925191724.025,55925191724.025,2860079874,2860079874,False
2020-12-28,19.15,28.870935,1.879837,54641194975.259,54641194975.259,2860079874,2860079874,False
2020-12-29,20.29,30.589623,1.991744,57893986738.79901,57893986738.79901,2860079874,2860079874,False
2020-12-30,20.11,30.318251,1.974074,57380388039.293,57380388039.293,2860079874,2860079874,False
2020-12-31,20.45,30.830842,2.00745,58350518916.138,58350518916.138,2860079874,2860079874,False
2021-01-04,20.65,31.132366,2.027083,58921184137.812,58921184137.812,2860079874,2860079874,False
2021-01-05,21.15,31.886177,2.076165,60347847191.996,60347847191.996,2860079874,2860079874,False
2021-01-06,20.74,31.268052,2.035918,59177983487.565,59177983487.565,2860079874,2860079874,False
2021-01-07,20.22,30.484089,1.984872,57694253911.214,57694253911.214,2860079874,2860079874,False
2021-01-08,22.24,33.529483,2.183163,63457972650.118,63457972650.118,2860079874,2860079874,False
2021-01-11,23.41,35.293399,2.298015,66796364196.91,66796364196.91,2860079874,2860079874,False
2021-01-12,23.55,35.504466,2.311758,67195829852.081,67195829852.081,2860079874,2860079874,False
2021-01-13,24.38,36.755791,2.393234,69564090522.027,69564090522.027,2860079874,2860079874,False
2021-01-14,24.02,36.213048,2.357895,68536893123.014,68536893123.014,2860079874,2860079874,False
2021-01-15,23.01,34.690351,2.25875,65655033753.562,65655033753.562,2860079874,2860079874,False
2021-01-18,24.67,37.193001,2.421701,70391555093.454,70391555093.454,2860079874,2860079874,False
2021-01-19,24.75,37.313611,2.429555,70619821182.124,70619821182.124,2860079874,2860079874,False
2021-01-20,24.21,36.499496,2.376546,69079025083.604,69079025083.604,2860079874,2860079874,False
2021-01-21,24.95,37.615135,2.449187,71190486403.797,71190486403.797,2860079874,2860079874,False
2021-01-22,23.67,35.685381,2.323538,67538228985.085,67538228985.085,2860079874,2860079874,False
2021-01-25,23.2,34.976799,2.277401,66197165714.152,66197165714.152,2860079874,2860079874,False
2021-01-26,22.81,34.388827,2.239117,65084368531.888,65084368531.888,2860079874,2860079874,False
2021-01-27,22.28,33.589788,2.18709,63572105694.453,63572105694.453,2860079874,2860079874,False
2021-01-28,21.0,31.660034,2.06144,59919848275.741,59919848275.741,2860079874,2860079874,False
2021-01-29,20.58,31.026833,2.020211,58721451310.226,58721451310.226,2860079874,2860079874,False
2021-02-01,21.24,32.021862,2.085,60604646541.75,60604646541.75,2860079874,2860079874,False
2021-02-02,21.46,32.353539,2.106596,61232378285.591,61232378285.591,2860079874,2860079874,False
2021-02-03,20.37,30.710233,1.999597,58122252827.469,58122252827.469,2860079874,2860079874,False
2021-02-04,20.98,31.629881,2.059477,59862781753.574,59862781753.574,2860079874,2860079874,False
2021-02-05,19.97,30.107184,1.960332,56980922384.122,56980922384.122,2860079874,2860079874,False
2021-02-08,20.37,30.710233,1.999597,58122252827.469,58122252827.469,2860079874,2860079874,False
2021-02-09,20.65,31.132366,2.027083,58921184137.812,58921184137.812,2860079874,2860079874,False
2021-02-10,20.93,31.5545,2.054569,59720115448.155,59720115448.155,2860079874,2860079874,False
2021-02-18,21.44,32.323387,2.104632,61175311763.423,61175311763.423,2860079874,2860079874,False
2021-02-19,21.92,33.047045,2.151751,62544908295.44,62544908295.44,2860079874,2860079874,False
2021-02-22,21.62,32.594758,2.122302,61688910462.93,61688910462.93,2860079874,2860079874,False
2021-02-23,21.55,32.489225,2.11543,61489177635.344,61489177635.344,2860079874,2860079874,False
2021-02-24,21.91,33.031968,2.150769,62516375034.357,62516375034.357,2860079874,2860079874,False
2021-02-25,21.45,32.338463,2.105614,61203845024.50701,61203845024.50701,2860079874,2860079874,False
2021-02-26,21.49,32.398768,2.109541,61317978068.842,61317978068.842,2860079874,2860079874,False
2021-03-01,22.33,33.665169,2.191998,63714771999.871,63714771999.871,2860079874,2860079874,False
2021-03-02,21.91,33.031968,2.150769,62516375034.357,62516375034.357,2860079874,2860079874,False
2021-03-03,21.9,33.016892,2.149788,62487841773.273,62487841773.273,2860079874,2860079874,False
2021-03-04,21.38,32.232929,2.098743,61004112196.921,61004112196.921,2860079874,2860079874,False
2021-03-05,21.01,31.67511,2.062422,59948381536.825,59948381536.825,2860079874,2860079874,False
2021-03-08,20.52,30.936376,2.014322,58550251743.724,58550251743.724,2860079874,2860079874,False
2021-03-09,20.2,30.453937,1.982909,57637187389.046,57637187389.046,2860079874,2860079874,False
2021-03-10,19.96,30.092108,1.95935,56952389123.038,56952389123.038,2860079874,2860079874,False
2021-03-11,20.48,30.876071,2.010395,58436118699.39,58436118699.39,2860079874,2860079874,False
2021-03-12,20.2,30.453937,1.982909,57637187389.046,57637187389.046,2860079874,2860079874,False
2021-03-15,19.84,29.911194,1.94757,56609989990.034,56609989990.034,2860079874,2860079874,False
2021-03-16,20.13,30.348404,1.976038,57437454561.46,57437454561.46,2860079874,2860079874,False
2021-03-17,20.11,30.318251,1.974074,57380388039.293,57380388039.293,2860079874,2860079874,False
2021-03-18,19.62,29.579517,1.925974,55982258246.192,55982258246.192,2860079874,2860079874,False
2021-03-19,19.4,29.247841,1.904378,55354526502.351,55354526502.351,2860079874,2860079874,False
2021-03-22,19.68,29.669974,1.931864,56153457812.695,56153457812.695,2860079874,2860079874,False
2021-03-23,19.62,29.579517,1.925974,55982258246.192,55982258246.192,2860079874,2860079874,False
2021-03-24,19.51,29.413679,1.915176,55668392374.272,55668392374.272,2860079874,2860079874,False
2021-03-25,19.74,29.760432,1.937754,56324657379.197,56324657379.197,2860079874,2860079874,False
2021-03-26,19.89,29.986575,1.952478,56752656295.452,56752656295.452,2860079874,2860079874,False
2021-03-29,19.85,29.92627,1.948552,56638523251.117,56638523251.117,2860079874,2860079874,False
2021-03-30,19.81,29.865965,1.944625,56524390206.783,56524390206.783,2860079874,2860079874,False
2021-03-31,19.84,29.911194,1.94757,56609989990.034,56609989990.034,2860079874,2860079874,False
2021-04-01,19.91,30.016727,1.954442,56809722817.619,56809722817.619,2860079874,2860079874,False
2021-04-02,20.21,30.469013,1.983891,57665720650.13,57665720650.13,2860079874,2860079874,False
2021-04-06,20.12,30.333327,1.975056,57408921300.377,57408921300.377,2860079874,2860079874,False
2021-04-07,19.82,29.881041,1.945607,56552923467.866,56552923467.866,2860079874,2860079874,False
2021-04-08,19.71,29.715203,1.934809,56239057595.946,56239057595.946,2860079874,2860079874,False
2021-04-09,19.49,29.383526,1.913213,55611325852.105,55611325852.105,2860079874,2860079874,False
2021-04-12,19.67,29.654898,1.930882,56124924551.611,56124924551.611,2860079874,2860079874,False
2021-04-13,19.47,29.353374,1.91125,55554259329.93699,55554259329.93699,2860079874,2860079874,False
2021-04-14,19.53,29.443831,1.917139,55725458896.439,55725458896.439,2860079874,2860079874,False
2021-04-15,19.14,28.855859,1.878856,54612661714.176,54612661714.176,2860079874,2860079874,False
2021-04-16,19.35,29.172459,1.89947,55211860196.933,55211860196.933,2860079874,2860079874,False
2021-04-19,19.83,29.896117,1.946589,56581456728.95,56581456728.95,2860079874,2860079874,False
2021-04-20,19.49,29.383526,1.913213,55611325852.105,55611325852.105,2860079874,2860079874,False
2021-04-21,19.19,28.93124,1.883764,54755328019.594,54755328019.594,2860079874,2860079874,False
2021-04-22,18.16,27.378391,1.782655,51816402127.974,51816402127.974,2860079874,2860079874,False
2021-04-23,18.3,27.589458,1.796398,52215867783.146,52215867783.146,2860079874,2860079874,False
2021-04-26,18.1,27.323346,1.74038,51645202561.472,51645202561.472,2860079874,2860079874,False
2021-04-27,17.62,26.598749,1.694226,50275606029.455,50275606029.455,2860079874,2860079874,False
2021-04-28,17.74,26.779898,1.705764,50618005162.459,50618005162.459,2860079874,2860079874,False
2021-04-29,18.65,28.153613,1.793264,53214531921.075,53214531921.075,2860079874,2860079874,False
2021-04-30,18.27,26.625179,1.839345,52130267999.895,52130267999.895,2860079874,2860079874,False
2021-05-06,18.11,26.392008,1.823237,51673735822.556,51673735822.556,2860079874,2860079874,False
2021-05-07,17.83,25.983959,1.795048,50874804512.213,50874804512.213,2860079874,2860079874,False
2021-05-10,18.17,26.479447,1.829278,51844935389.058,51844935389.058,2860079874,2860079874,False
2021-05-11,18.1,26.377435,1.82223,51645202561.472,51645202561.472,2860079874,2860079874,False
2021-05-12,18.22,26.552313,1.834312,51987601694.476,51987601694.476,2860079874,2860079874,False
2021-05-13,18.25,26.596032,1.837332,52073201477.727,52073201477.727,2860079874,2860079874,False
2021-05-14,18.49,26.945788,1.861494,52757999743.736,52757999743.736,2860079874,2860079874,False
2021-05-17,18.58,27.076947,1.870555,53014799093.489,53014799093.489,2860079874,2860079874,False
2021-05-18,18.63,27.149813,1.875589,53157465398.908,53157465398.908,2860079874,2860079874,False
2021-05-19,18.7,27.251825,1.882636,53357198226.49299,53357198226.49299,2860079874,2860079874,False
2021-05-20,18.35,26.741764,1.847399,52358534088.564,52358534088.564,2860079874,2860079874,False
2021-05-21,18.0,26.231703,1.812163,51359869950.635,51359869950.635,2860079874,2860079874,False
2021-05-24,18.62,27.135239,1.874582,53128932137.824,53128932137.824,2860079874,2860079874,False
2021-05-25,18.68,27.222678,1.880622,53300131704.326,53300131704.326,2860079874,2860079874,False
2021-05-26,18.68,27.222678,1.880622,53300131704.326,53300131704.326,2860079874,2860079874,False
2021-05-27,19.15,27.907617,1.92794,54641194975.259,54641194975.259,2860079874,2860079874,False
2021-05-28,18.85,27.470422,1.897737,53785197142.749,53785197142.749,2860079874,2860079874,False
2021-05-31,20.16,29.379507,2.029622,57523054344.712,57523054344.712,2860079874,2860079874,False
2021-06-01,21.87,31.871519,2.201778,62402241990.022,62402241990.022,2860079874,2860079874,False
2021-06-02,21.52,31.361458,2.166541,61403577852.093,61403577852.093,2860079874,2860079874,False
2021-06-03,22.61,32.949934,2.276278,64513703310.21499,64513703310.21499,2860079874,2860079874,False
2021-06-04,22.66,33.022799,2.281312,64656369615.633,64656369615.633,2860079874,2860079874,False
2021-06-07,22.38,32.614751,2.253122,63857438305.29,63857438305.29,2860079874,2860079874,False
2021-06-08,22.92,33.401702,2.307487,65398234403.809,65398234403.809,2860079874,2860079874,False
2021-06-09,22.23,32.396153,2.238021,63429439389.03501,63429439389.03501,2860079874,2860079874,False
2021-06-10,22.36,32.585604,2.251109,63800371783.123,63800371783.123,2860079874,2860079874,False
2021-06-11,21.66,31.565483,2.180636,61803043507.264,61803043507.264,2860079874,2860079874,False
2021-06-15,21.96,32.002678,2.210839,62659041339.775,62659041339.775,2860079874,2860079874,False
2021-06-16,21.59,31.46347,2.173589,61603310679.679,61603310679.679,2860079874,2860079874,False
2021-06-17,22.55,32.862495,2.270237,64342503743.713,64342503743.713,2860079874,2860079874,False
2021-06-18,22.05,32.133836,2.219899,62915840689.528,62915840689.528,2860079874,2860079874,False
2021-06-21,21.94,31.973531,2.208825,62601974817.608,62601974817.608,2860079874,2860079874,False
2021-06-22,21.86,31.856946,2.200771,62373708728.938,62373708728.938,2860079874,2860079874,False
2021-06-23,22.3,32.498165,2.245068,63629172216.62,63629172216.62,2860079874,2860079874,False
2021-06-24,21.01,30.618227,2.115197,59948381536.825,59948381536.825,2860079874,2860079874,False
2021-06-25,21.37,31.142861,2.15144,60975578935.838,60975578935.838,2860079874,2860079874,False
2021-06-28,21.92,31.944385,2.206812,62544908295.44,62544908295.44,2860079874,2860079874,False
2021-06-29,20.74,30.224751,2.088014,59177983487.565,59177983487.565,2860079874,2860079874,False
2021-06-30,21.88,31.886092,2.202785,62430775251.106,62430775251.106,2860079874,2860079874,False
2021-07-01,22.17,32.308714,2.231981,63258239822.532,63258239822.532,2860079874,2860079874,False
2021-07-02,21.75,31.696641,2.189697,62059842857.018,62059842857.018,2860079874,2860079874,False
2021-07-05,22.81,33.241397,2.296413,65084368531.888,65084368531.888,2860079874,2860079874,False
2021-07-06,23.0,33.518287,2.315541,65626500492.478,65626500492.478,2860079874,2860079874,False
2021-07-07,23.16,33.751458,2.33165,66083032669.817,66083032669.817,2860079874,2860079874,False
2021-07-08,23.4,34.101214,2.355812,66767830935.826,66767830935.826,2860079874,2860079874,False
2021-07-09,23.01,33.53286,2.316548,65655033753.562,65655033753.562,2860079874,2860079874,False
2021-07-12,25.31,36.884689,2.548102,72217683802.81,72217683802.81,2860079874,2860079874,False
2021-07-13,25.33,36.913835,2.550116,72274750324.977,72274750324.977,2860079874,2860079874,False
2021-07-14,24.5,35.704262,2.466555,69906489655.031,69906489655.031,2860079874,2860079874,False
2021-07-15,24.49,35.689689,2.465548,69877956393.948,69877956393.948,2860079874,2860079874,False
2021-07-16,25.8,37.598774,2.597433,73615813595.911,73615813595.911,2860079874,2860079874,False
2021-07-19,27.67,40.323957,2.785697,78951533418.56,78951533418.56,2860079874,2860079874,False
2021-07-20,27.74,40.425969,2.792744,79151266246.146,79151266246.146,2860079874,2860079874,False
2021-07-21,28.04,40.863164,2.822947,80007264078.656,80007264078.656,2860079874,2860079874,False
2021-07-22,28.08,40.921457,2.826974,80121397122.991,80121397122.991,2860079874,2860079874,False
2021-07-23,27.08,39.46414,2.726298,77268071014.622,77268071014.622,2860079874,2860079874,False
2021-07-26,27.32,39.813896,2.750461,77952869280.631,77952869280.631,2860079874,2860079874,False
2021-07-27,28.0,40.804871,2.81892,79893131034.322,79893131034.322,2860079874,2860079874,False
2021-07-28,26.62,38.793774,2.679988,75955541004.773,75955541004.773,2860079874,2860079874,False
2021-07-29,26.7,38.910359,2.688042,76183807093.442,76183807093.442,2860079874,2860079874,False
2021-07-30,26.36,38.414872,2.653812,75213676216.597,75213676216.597,2860079874,2860079874,False
2021-08-02,28.28,41.21292,2.847109,80692062344.665,80692062344.665,2860079874,2860079874,False
2021-08-03,28.15,41.023469,2.834021,80321129950.577,80321129950.577,2860079874,2860079874,False
2021-08-04,28.18,41.067188,2.837042,80406729733.828,80406729733.828,2860079874,2860079874,False
2021-08-05,27.12,39.522433,2.730325,77382204058.957,77382204058.957,2860079874,2860079874,False
2021-08-06,29.83,43.471761,3.003157,85114717812.636,85114717812.636,2860079874,2860079874,False
2021-08-09,30.3,44.1567,3.050474,86455781083.569,86455781083.569,2860079874,2860079874,False
2021-08-10,30.0,43.719505,3.020271,85599783251.059,85599783251.059,2860079874,2860079874,False
2021-08-11,28.88,42.08731,2.907515,82404058009.686,82404058009.686,2860079874,2860079874,False
2021-08-12,28.4,41.387798,2.85919,81034461477.669,81034461477.669,2860079874,2860079874,False
2021-08-13,25.56,37.249018,2.573271,72931015329.902,72931015329.902,2860079874,2860079874,False
2021-08-16,25.95,37.817372,2.612535,74043812512.166,74043812512.166,2860079874,2860079874,False
2021-08-17,25.33,36.913835,2.550116,72274750324.977,72274750324.977,2860079874,2860079874,False
2021-08-18,24.88,36.258043,2.504812,70990753576.211,70990753576.211,2860079874,2860079874,False
2021-08-19,25.02,36.462067,2.518906,71390219231.383,71390219231.383,2860079874,2860079874,False
2021-08-20,25.61,37.321884,2.578305,73073681635.321,73073681635.321,2860079874,2860079874,False
2021-08-23,25.96,37.831945,2.613542,74072345773.25,74072345773.25,2860079874,2860079874,False
2021-08-24,25.71,37.467616,2.588373,73359014246.157,73359014246.157,2860079874,2860079874,False
2021-08-25,25.12,36.607799,2.528974,71675551842.22,71675551842.22,2860079874,2860079874,False
2021-08-26,24.02,35.00475,2.418231,68536893123.014,68536893123.014,2860079874,2860079874,False
2021-08-27,24.2,35.267067,2.436352,69050491822.521,69050491822.521,2860079874,2860079874,False
2021-08-30,24.31,35.40349,2.416602,69364357694.441,69364357694.441,2860079874,2860079874,False
2021-08-31,23.75,34.587942,2.360933,67766495073.755,67766495073.755,2860079874,2860079874,False
2021-09-01,23.73,34.558816,2.358945,67709428551.588,67709428551.588,2860079874,2860079874,False
2021-09-02,23.55,34.296675,2.341052,67195829852.081,67195829852.081,2860079874,2860079874,False
2021-09-03,23.88,34.777266,2.373856,68137427467.843,68137427467.843,2860079874,2860079874,False
2021-09-06,24.14,35.155913,2.399702,68879292256.019,68879292256.019,2860079874,2860079874,False
2021-09-07,24.39,35.519996,2.424554,69592623783.111,69592623783.111,2860079874,2860079874,False
2021-09-08,25.46,37.078274,2.530921,72645682719.065,72645682719.065,2860079874,2860079874,False
2021-09-09,25.41,37.005457,2.52595,72503016413.647,72503016413.647,2860079874,2860079874,False
2021-09-10,25.66,37.369541,2.550802,73216347940.739,73216347940.739,2860079874,2860079874,False
2021-09-13,24.78,36.087967,2.463323,70705420965.375,70705420965.375,2860079874,2860079874,False
2021-09-14,24.14,35.155913,2.399702,68879292256.019,68879292256.019,2860079874,2860079874,False
2021-09-15,24.01,34.966589,2.386779,68508359861.931,68508359861.931,2860079874,2860079874,False
2021-09-16,24.67,35.92777,2.452389,70391555093.454,70391555093.454,2860079874,2860079874,False
2021-09-17,24.79,36.10253,2.464317,70733954226.458,70733954226.458,2860079874,2860079874,False
2021-09-22,24.79,36.10253,2.464317,70733954226.458,70733954226.458,2860079874,2860079874,False
2021-09-23,25.46,37.078274,2.530921,72645682719.065,72645682719.065,2860079874,2860079874,False
2021-09-24,25.4,36.990894,2.524956,72474483152.563,72474483152.563,2860079874,2860079874,False
2021-09-27,25.02,36.437487,2.487181,71390219231.383,71390219231.383,2860079874,2860079874,False
2021-09-28,24.54,35.738447,2.439466,70020622699.366,70020622699.366,2860079874,2860079874,False
2021-09-29,23.54,34.282112,2.340058,67167296590.998,67167296590.998,2860079874,2860079874,False
2021-09-30,24.94,36.32098,2.479229,71161953142.714,71161953142.714,2860079874,2860079874,False
2021-10-08,24.86,36.204474,2.471276,70933687054.044,70933687054.044,2860079874,2860079874,False
2021-10-11,24.81,36.131657,2.466306,70791020748.626,70791020748.626,2860079874,2860079874,False
2021-10-12,24.3,35.388926,2.415608,69335824433.358,69335824433.358,2860079874,2860079874,False
2021-10-13,25.12,36.583121,2.497122,71675551842.22,71675551842.22,2860079874,2860079874,False
2021-10-14,26.81,39.044326,2.665121,76497672965.363,76497672965.363,2860079874,2860079874,False
2021-10-15,26.61,38.753059,2.64524,75927007743.689,75927007743.689,2860079874,2860079874,False
2021-10-18,26.94,39.233649,2.678044,76868605359.451,76868605359.451,2860079874,2860079874,False
2021-10-19,26.78,39.000636,2.662139,76412073182.112,76412073182.112,2860079874,2860079874,False
2021-10-20,27.08,39.437536,2.691961,77268071014.622,77268071014.622,2860079874,2860079874,False
2021-10-21,27.61,40.209393,2.744647,78780333852.058,78780333852.058,2860079874,2860079874,False
2021-10-22,27.67,40.296773,2.750612,78951533418.56,78951533418.56,2860079874,2860079874,False
2021-10-25,27.63,40.23852,2.746635,78837400374.225,78837400374.225,2860079874,2860079874,False
2021-10-26,27.2,39.612296,2.70389,77610470147.627,77610470147.627,2860079874,2860079874,False
2021-10-27,26.67,38.840439,2.651204,76098207310.191,76098207310.191,2860079874,2860079874,False
2021-10-28,26.28,38.272468,2.612435,74985410127.928,74985410127.928,2860079874,2860079874,False
2021-10-29,27.72,40.36959,2.755582,79094199723.978,79094199723.978,2860079874,2860079874,False
2021-11-01,28.25,35.77682,2.743753,80606462561.414,80606462561.414,2860079874,2860079874,False
2021-11-02,27.75,35.143602,2.695191,79179799507.229,79179799507.229,2860079874,2860079874,False
2021-11-03,27.5,34.826993,2.67091,78466467980.137,78466467980.137,2860079874,2860079874,False
2021-11-04,27.7,35.08028,2.690335,79037133201.811,79037133201.811,2860079874,2860079874,False
2021-11-05,27.99,35.447546,2.718501,79864597773.238,79864597773.238,2860079874,2860079874,False
2021-11-08,27.37,34.662356,2.658284,78095535586.049,78095535586.049,2860079874,2860079874,False
2021-11-09,27.37,34.662356,2.658284,78095535586.049,78095535586.049,2860079874,2860079874,False
2021-11-10,26.78,33.915159,2.600981,76412073182.112,76412073182.112,2860079874,2860079874,False
2021-11-11,26.89,34.054466,2.611665,76725939054.032,76725939054.032,2860079874,2860079874,False
2021-11-12,26.43,33.471906,2.566988,75413409044.183,75413409044.183,2860079874,2860079874,False
2021-11-15,26.58,33.661871,2.581556,75841407960.438,75841407960.438,2860079874,2860079874,False
2021-11-16,26.13,33.091975,2.53785,74557411211.672,74557411211.672,2860079874,2860079874,False
2021-11-17,27.53,34.864986,2.673824,78552067763.388,78552067763.388,2860079874,2860079874,False
2021-11-18,27.19,34.434397,2.640802,77581936886.543,77581936886.543,2860079874,2860079874,False
2021-11-19,26.96,34.143117,2.618463,76925671881.618,76925671881.618,2860079874,2860079874,False
2021-11-22,27.23,34.485055,2.644687,77696069930.878,77696069930.878,2860079874,2860079874,False
2021-11-23,27.37,34.662356,2.658284,78095535586.049,78095535586.049,2860079874,2860079874,False
2021-11-24,27.62,34.978965,2.682565,78808867113.142,78808867113.142,2860079874,2860079874,False
2021-11-25,25.13,31.825539,2.440726,71704085103.304,71704085103.304,2860079874,2860079874,False
2021-11-26,25.39,32.154812,2.465979,72445949891.479,72445949891.479,2860079874,2860079874,False
2021-11-29,25.48,32.268792,2.47472,72702749241.233,72702749241.233,2860079874,2860079874,False
2021-11-30,25.86,32.750037,2.511627,73787013162.413,73787013162.413,2860079874,2860079874,False
2021-12-01,26.11,33.066646,2.535908,74500344689.505,74500344689.505,2860079874,2860079874,False
2021-12-02,25.95,32.864017,2.520368,74043812512.166,74043812512.166,2860079874,2860079874,False
2021-12-03,25.67,32.509414,2.493173,73244881201.823,73244881201.823,2860079874,2860079874,False
2021-12-06,25.62,32.446093,2.488317,73102214896.404,73102214896.404,2860079874,2860079874,False
2021-12-07,25.66,32.49675,2.492202,73216347940.739,73216347940.739,2860079874,2860079874,False
2021-12-08,25.78,32.648722,2.503857,73558747073.743,73558747073.743,2860079874,2860079874,False
2021-12-09,25.95,32.864017,2.520368,74043812512.166,74043812512.166,2860079874,2860079874,False
2021-12-10,25.55,32.357442,2.481518,72902482068.818,72902482068.818,2860079874,2860079874,False
2021-12-13,24.41,30.913705,2.370797,69649690305.278,69649690305.278,2860079874,2860079874,False
2021-12-14,23.85,30.204501,2.316408,68051827684.592,68051827684.592,2860079874,2860079874,False
2021-12-15,23.83,30.179172,2.314465,67994761162.424,67994761162.424,2860079874,2860079874,False
2021-12-16,22.21,28.127546,2.157124,63372372866.867,63372372866.867,2860079874,2860079874,False
2021-12-17,21.68,27.456334,2.105649,61860110029.432,61860110029.432,2860079874,2860079874,False
2021-12-20,20.8,26.341871,2.020179,59349183054.067,59349183054.067,2860079874,2860079874,False
2021-12-21,21.39,27.089068,2.077483,61032645458.005,61032645458.005,2860079874,2860079874,False
2021-12-22,21.58,27.329691,2.095936,61574777418.595,61574777418.595,2860079874,2860079874,False
2021-12-23,21.5,27.228376,2.088166,61346511329.926,61346511329.926,2860079874,2860079874,False
2021-12-24,21.6,27.35502,2.097879,61631843940.762,61631843940.762,2860079874,2860079874,False
2021-12-27,21.89,27.722286,2.126045,62459308512.189,62459308512.189,2860079874,2860079874,False
2021-12-28,21.96,27.810937,2.132843,62659041339.775,62659041339.775,2860079874,2860079874,False
2021-12-29,22.28,28.216196,2.163923,63572105694.453,63572105694.453,2860079874,2860079874,False
2021-12-30,22.95,29.064708,2.228996,65483834187.06,65483834187.06,2860079874,2860079874,False
2021-12-31,22.85,28.938065,2.219284,65198501576.223,65198501576.223,2860079874,2860079874,False
2022-01-04,22.84,28.9254,2.218312,65169968315.139,65169968315.139,2860079874,2860079874,False
2022-01-05,22.81,28.887407,2.215399,65084368531.888,65084368531.888,2860079874,2860079874,False
2022-01-06,22.45,28.43149,2.180434,64057171132.876,64057171132.876,2860079874,2860079874,False
2022-01-07,22.23,28.152874,2.159067,63429439389.03501,63429439389.03501,2860079874,2860079874,False
2022-01-10,22.85,28.938065,2.219284,65198501576.223,65198501576.223,2860079874,2860079874,False
2022-01-11,23.09,29.242009,2.242593,65883299842.232,65883299842.232,2860079874,2860079874,False
2022-01-12,22.97,29.090037,2.230939,65540900709.227,65540900709.227,2860079874,2860079874,False
2022-01-13,22.69,28.735435,2.203744,64741969398.884,64741969398.884,2860079874,2860079874,False
2022-01-14,22.56,28.570798,2.191118,64371037004.796,64371037004.796,2860079874,2860079874,False
2022-01-17,24.37,30.863048,2.366912,69535557260.943,69535557260.943,2860079874,2860079874,False
2022-01-18,24.7,31.280971,2.398963,70477154876.705,70477154876.705,2860079874,2860079874,False
2022-01-19,24.56,31.10367,2.385366,70077689221.534,70077689221.534,2860079874,2860079874,False
2022-01-20,24.7,31.280971,2.398963,70477154876.705,70477154876.705,2860079874,2860079874,False
2022-01-21,24.06,30.470452,2.336804,68651026167.349,68651026167.349,2860079874,2860079874,False
2022-01-24,23.88,30.242494,2.319321,68137427467.843,68137427467.843,2860079874,2860079874,False
2022-01-25,22.52,28.520141,2.187233,64256903960.462,64256903960.462,2860079874,2860079874,False
2022-01-26,22.39,28.355504,2.174607,63885971566.374,63885971566.374,2860079874,2860079874,False
2022-01-27,21.27,26.937096,2.065828,60690246325.001,60690246325.001,2860079874,2860079874,False
2022-01-28,21.07,26.683808,2.046403,60119581103.327,60119581103.327,2860079874,2860079874,False
2022-02-07,20.84,26.392528,2.024064,59463316098.402,59463316098.402,2860079874,2860079874,False
2022-02-08,21.3,26.975089,2.068741,60775846108.252,60775846108.252,2860079874,2860079874,False
2022-02-09,22.03,27.899587,2.139642,62858774167.361,62858774167.361,2860079874,2860079874,False
2022-02-10,21.74,27.532321,2.111476,62031309595.934,62031309595.934,2860079874,2860079874,False
2022-02-11,21.08,26.696473,2.047374,60148114364.411,60148114364.411,2860079874,2860079874,False
2022-02-14,20.41,25.847961,1.982301,58236385871.804,58236385871.804,2860079874,2860079874,False
2022-02-15,20.65,26.151905,2.005611,58921184137.812,58921184137.812,2860079874,2860079874,False
2022-02-16,20.72,26.240556,2.01241,59120916965.398,59120916965.398,2860079874,2860079874,False
2022-02-17,20.35,25.771974,1.976474,58065186305.302,58065186305.302,2860079874,2860079874,False
2022-02-18,21.53,27.266369,2.09108,61432111113.177,61432111113.177,2860079874,2860079874,False
2022-02-21,22.5,28.494812,2.18529,64199837438.294,64199837438.294,2860079874,2860079874,False
2022-02-22,21.85,27.671629,2.12216,62345175467.855,62345175467.855,2860079874,2860079874,False
2022-02-23,22.23,28.152874,2.159067,63429439389.03501,63429439389.03501,2860079874,2860079874,False
2022-02-24,21.36,27.051075,2.074569,60947045674.754,60947045674.754,2860079874,2860079874,False
2022-02-25,21.35,27.038411,2.073598,60918512413.67,60918512413.67,2860079874,2860079874,False
2022-02-28,21.99,27.84893,2.135757,62744641123.026,62744641123.026,2860079874,2860079874,False
2022-03-01,22.03,27.899587,2.139642,62858774167.361,62858774167.361,2860079874,2860079874,False
2022-03-02,22.22,28.14021,2.158096,63400906127.95099,63400906127.95099,2860079874,2860079874,False
2022-03-03,21.89,27.722286,2.126045,62459308512.189,62459308512.189,2860079874,2860079874,False
2022-03-04,21.68,27.456334,2.105649,61860110029.432,61860110029.432,2860079874,2860079874,False
2022-03-07,20.94,26.519172,2.033777,59748648709.239,59748648709.239,2860079874,2860079874,False
2022-03-08,20.51,25.974604,1.992013,58521718482.641,58521718482.641,2860079874,2860079874,False
2022-03-09,20.06,25.404708,1.948308,57237721733.875,57237721733.875,2860079874,2860079874,False
2022-03-10,20.2,25.582009,1.961905,57637187389.046,57637187389.046,2860079874,2860079874,False
2022-03-11,20.38,25.809968,1.979387,58150786088.553,58150786088.553,2860079874,2860079874,False
2022-03-14,19.91,25.214743,1.933739,56809722817.619,56809722817.619,2860079874,2860079874,False
2022-03-15,18.67,23.644362,1.813305,53271598443.242,53271598443.242,2860079874,2860079874,False
2022-03-16,19.58,24.796819,1.901688,55868125201.858,55868125201.858,2860079874,2860079874,False
2022-03-17,19.85,25.138756,1.927912,56638523251.117,56638523251.117,2860079874,2860079874,False
2022-03-18,19.86,25.151421,1.928883,56667056512.20099,56667056512.20099,2860079874,2860079874,False
2022-03-21,19.67,24.910798,1.910429,56124924551.611,56124924551.611,2860079874,2860079874,False
2022-03-22,19.78,25.050106,1.921113,56438790423.531,56438790423.531,2860079874,2860079874,False
2022-03-23,20.15,25.518687,1.957049,57494521083.628,57494521083.628,2860079874,2860079874,False
2022-03-24,19.74,24.999448,1.917228,56324657379.197,56324657379.197,2860079874,2860079874,False
2022-03-25,19.46,24.644846,1.890033,55525726068.854,55525726068.854,2860079874,2860079874,False
2022-03-28,18.9,25.169652,1.804215,53927863448.167,53927863448.167,2860079874,2860079874,False
2022-03-29,18.71,24.916624,1.786077,53385731487.577,53385731487.577,2860079874,2860079874,False
2022-03-30,19.11,25.449315,1.824262,54527061930.924,54527061930.924,2860079874,2860079874,False
2022-03-31,19.55,26.035275,1.866265,55782525418.607,55782525418.607,2860079874,2860079874,False
2022-04-01,19.4,25.835516,1.851946,55354526502.351,55354526502.351,2860079874,2860079874,False
2022-04-06,19.12,25.462632,1.825217,54555595192.008,54555595192.008,2860079874,2860079874,False
2022-04-07,18.51,24.650278,1.766985,52815066265.903,52815066265.903,2860079874,2860079874,False
2022-04-08,18.45,24.570375,1.761258,52643866699.401,52643866699.401,2860079874,2860079874,False
2022-04-11,17.66,23.51831,1.685843,50389739073.79,50389739073.79,2860079874,2860079874,False
2022-04-12,17.98,23.944463,1.716391,51302803428.468,51302803428.468,2860079874,2860079874,False
2022-04-13,17.71,23.584896,1.690616,50532405379.208,50532405379.208,2860079874,2860079874,False
2022-04-14,17.69,23.558262,1.688707,50475338857.041,50475338857.041,2860079874,2860079874,False
2022-04-15,17.5,23.305233,1.67057,49933206896.45099,49933206896.45099,2860079874,2860079874,False
2022-04-18,17.5,23.305233,1.67057,49933206896.45099,49933206896.45099,2860079874,2860079874,False
2022-04-19,17.61,23.451723,1.68107,50247072768.372,50247072768.372,2860079874,2860079874,False
2022-04-20,17.4,23.172061,1.661023,49647874285.614,49647874285.614,2860079874,2860079874,False
2022-04-21,16.8,22.373024,1.603747,47935878620.593,47935878620.593,2860079874,2860079874,False
2022-04-22,16.89,22.49288,1.612338,48192677970.346,48192677970.346,2860079874,2860079874,False
2022-04-25,15.33,20.415384,1.463419,43741489241.291,43741489241.291,2860079874,2860079874,False
2022-04-26,14.5,19.310051,1.384186,41373228571.345,41373228571.345,2860079874,2860079874,False
2022-04-27,15.59,20.761634,1.488239,44483354029.467,44483354029.467,2860079874,2860079874,False
2022-04-28,15.76,20.988027,1.504467,44968419467.89,44968419467.89,2860079874,2860079874,False
2022-04-29,17.0,21.660599,1.602984,48506543842.267,48506543842.267,2860079874,2860079874,False
2022-05-05,17.77,22.641697,1.67559,50703604945.711,50703604945.711,2860079874,2860079874,False
2022-05-06,17.5,22.297676,1.65013,49933206896.45099,49933206896.45099,2860079874,2860079874,False
2022-05-09,17.82,22.705404,1.680304,50846271251.129,50846271251.129,2860079874,2860079874,False
2022-05-10,18.09,23.049426,1.705763,51616669300.388,51616669300.388,2860079874,2860079874,False
2022-05-11,18.19,23.176841,1.715193,51902001911.225,51902001911.225,2860079874,2860079874,False
2022-05-12,18.13,23.100392,1.709535,51730802344.723,51730802344.723,2860079874,2860079874,False
2022-05-13,17.93,22.845561,1.690677,51160137123.05,51160137123.05,2860079874,2860079874,False
2022-05-16,17.69,22.539765,1.668046,50475338857.041,50475338857.041,2860079874,2860079874,False
2022-05-17,17.85,22.743629,1.683133,50931871034.38,50931871034.38,2860079874,2860079874,False
2022-05-18,17.76,22.628955,1.674647,50675071684.627,50675071684.627,2860079874,2860079874,False
2022-05-19,17.66,22.50154,1.665217,50389739073.79,50389739073.79,2860079874,2860079874,False
2022-05-20,17.77,22.641697,1.67559,50703604945.711,50703604945.711,2860079874,2860079874,False
2022-05-23,17.72,22.577989,1.670875,50560938640.292,50560938640.292,2860079874,2860079874,False
2022-05-24,16.75,21.342061,1.579411,47793212315.175,47793212315.175,2860079874,2860079874,False
2022-05-25,16.98,21.635116,1.601098,48449477320.099,48449477320.099,2860079874,2860079874,False
2022-05-26,17.28,22.017362,1.629386,49305475152.61,49305475152.61,2860079874,2860079874,False
2022-05-27,17.38,22.144777,1.638815,49590807763.447,49590807763.447,2860079874,2860079874,False
2022-05-30,17.23,21.953654,1.624671,49162808847.191,49162808847.191,2860079874,2860079874,False
2022-05-31,17.8,22.679921,1.678418,50789204728.962,50789204728.962,2860079874,2860079874,False
2022-06-01,17.5,22.297676,1.65013,49933206896.45099,49933206896.45099,2860079874,2860079874,False
2022-06-02,17.81,22.692663,1.679361,50817737990.045,50817737990.045,2860079874,2860079874,False
2022-06-06,18.21,23.202324,1.717079,51959068433.393,51959068433.393,2860079874,2860079874,False
2022-06-07,18.1,23.062167,1.706706,51645202561.472,51645202561.472,2860079874,2860079874,False
2022-06-08,18.19,23.176841,1.715193,51902001911.225,51902001911.225,2860079874,2860079874,False
2022-06-09,17.69,22.539765,1.668046,50475338857.041,50475338857.041,2860079874,2860079874,False
2022-06-10,17.93,22.845561,1.690677,51160137123.05,51160137123.05,2860079874,2860079874,False
2022-06-13,17.95,22.871044,1.692562,51217203645.217,51217203645.217,2860079874,2860079874,False
2022-06-14,17.68,22.527023,1.667103,50446805595.957,50446805595.957,2860079874,2860079874,False
2022-06-15,19.45,24.782274,1.834002,55497192807.77,55497192807.77,2860079874,2860079874,False
2022-06-16,19.05,24.272613,1.796285,54355862364.422,54355862364.422,2860079874,2860079874,False
2022-06-17,18.95,24.145197,1.786856,54070529753.586,54070529753.586,2860079874,2860079874,False
2022-06-20,19.17,24.425511,1.8076,54698261497.427,54698261497.427,2860079874,2860079874,False
2022-06-21,18.74,23.877625,1.767054,53471331270.828,53471331270.828,2860079874,2860079874,False
2022-06-22,18.53,23.610053,1.747252,52872132788.071,52872132788.071,2860079874,2860079874,False
2022-06-23,18.94,24.132456,1.785913,54041996492.502,54041996492.502,2860079874,2860079874,False
2022-06-24,18.85,24.017782,1.777426,53785197142.749,53785197142.749,2860079874,2860079874,False
2022-06-27,18.9,24.08149,1.782141,53927863448.167,53927863448.167,2860079874,2860079874,False
2022-06-28,19.24,24.514702,1.814201,54897994325.012,54897994325.012,2860079874,2860079874,False
2022-06-29,20.14,25.661439,1.899064,57465987822.544,57465987822.544,2860079874,2860079874,False
2022-06-30,19.4,24.718566,1.829287,55354526502.351,55354526502.351,2860079874,2860079874,False
2022-07-01,20.14,25.661439,1.899064,57465987822.544,57465987822.544,2860079874,2860079874,False
2022-07-04,20.12,25.635956,1.897179,57408921300.377,57408921300.377,2860079874,2860079874,False
2022-07-05,19.7,25.100812,1.857575,56210524334.862,56210524334.862,2860079874,2860079874,False
2022-07-06,19.7,25.100812,1.857575,56210524334.862,56210524334.862,2860079874,2860079874,False
2022-07-07,19.66,25.049846,1.853804,56096391290.527,56096391290.527,2860079874,2860079874,False
2022-07-08,19.52,24.871464,1.840603,55696925635.356,55696925635.356,2860079874,2860079874,False
2022-07-11,18.9,24.08149,1.782141,53927863448.167,53927863448.167,2860079874,2860079874,False
2022-07-12,19.68,25.075329,1.85569,56153457812.695,56153457812.695,2860079874,2860079874,False
2022-07-13,19.65,25.037104,1.852861,56067858029.444,56067858029.444,2860079874,2860079874,False
2022-07-14,19.93,25.393867,1.879263,56866789339.787,56866789339.787,2860079874,2860079874,False
2022-07-15,19.61,24.986138,1.849089,55953724985.109,55953724985.109,2860079874,2860079874,False
2022-07-18,19.94,25.406609,1.880206,56895322600.87,56895322600.87,2860079874,2860079874,False
2022-07-19,20.2,25.737888,1.904722,57637187389.046,57637187389.046,2860079874,2860079874,False
2022-07-20,20.16,25.686922,1.90095,57523054344.712,57523054344.712,2860079874,2860079874,False
2022-07-21,19.89,25.342901,1.875491,56752656295.452,56752656295.452,2860079874,2860079874,False
2022-07-22,19.6,24.973397,1.848146,55925191724.025,55925191724.025,2860079874,2860079874,False
2022-07-25,19.34,24.642117,1.82363,55183326935.849,55183326935.849,2860079874,2860079874,False
2022-07-26,19.41,24.731308,1.83023,55383059763.435,55383059763.435,2860079874,2860079874,False
2022-07-27,19.08,24.310837,1.799114,54441462147.673,54441462147.673,2860079874,2860079874,False
2022-07-28,19.22,24.489218,1.812315,54840927802.845,54840927802.845,2860079874,2860079874,False
2022-07-29,18.57,23.661019,1.751024,52986265832.405,52986265832.405,2860079874,2860079874,False
2022-08-01,18.7,23.826659,1.763282,53357198226.49299,53357198226.49299,2860079874,2860079874,False
2022-08-02,18.0,22.934752,1.697277,51359869950.635,51359869950.635,2860079874,2860079874,False
2022-08-03,18.15,23.125875,1.711421,51787868866.891,51787868866.891,2860079874,2860079874,False
2022-08-04,18.42,23.469896,1.73688,52558266916.15,52558266916.15,2860079874,2860079874,False
2022-08-05,19.16,24.412769,1.806657,54669728236.343,54669728236.343,2860079874,2860079874,False
2022-08-08,19.12,24.361803,1.802885,54555595192.008,54555595192.008,2860079874,2860079874,False
2022-08-09,18.94,24.132456,1.785913,54041996492.502,54041996492.502,2860079874,2860079874,False
2022-08-10,18.8,23.954074,1.772712,53642530837.33,53642530837.33,2860079874,2860079874,False
2022-08-11,19.13,24.374545,1.803828,54584128453.092,54584128453.092,2860079874,2860079874,False
2022-08-12,18.95,24.145197,1.786856,54070529753.586,54070529753.586,2860079874,2860079874,False
2022-08-15,18.8,23.954074,1.772712,53642530837.33,53642530837.33,2860079874,2860079874,False
2022-08-16,18.5,23.571828,1.744424,52786533004.82,52786533004.82,2860079874,2860079874,False
2022-08-17,18.56,23.648278,1.750081,52957732571.322,52957732571.322,2860079874,2860079874,False
2022-08-18,18.29,23.304256,1.724622,52187334522.062,52187334522.062,2860079874,2860079874,False
2022-08-19,18.38,23.41893,1.733108,52444133871.815,52444133871.815,2860079874,2860079874,False
2022-08-22,18.29,23.986953,1.707038,52187334522.062,52187334522.062,2860079874,2860079874,False
2022-08-23,18.06,23.685312,1.685572,51531069517.137,51531069517.137,2860079874,2860079874,False
2022-08-24,17.51,22.963999,1.634239,49961740157.53501,49961740157.53501,2860079874,2860079874,False
2022-08-25,17.54,23.003343,1.637039,50047339940.786,50047339940.786,2860079874,2860079874,False
2022-08-26,17.49,22.937769,1.632373,49904673635.367,49904673635.367,2860079874,2860079874,False
2022-08-29,17.46,22.898425,1.629573,49819073852.116,49819073852.116,2860079874,2860079874,False
2022-08-30,17.41,22.832851,1.624906,49676407546.698,49676407546.698,2860079874,2860079874,False
2022-08-31,17.3,22.688588,1.61464,49362541674.777,49362541674.777,2860079874,2860079874,False
2022-09-01,17.25,22.623014,1.609973,49219875369.359,49219875369.359,2860079874,2860079874,False
2022-09-02,17.31,22.701703,1.615573,49391074935.861,49391074935.861,2860079874,2860079874,False
2022-09-05,17.04,22.347604,1.590373,48620676886.601,48620676886.601,2860079874,2860079874,False
2022-09-06,17.1,22.426292,1.595973,48791876453.104,48791876453.104,2860079874,2860079874,False
2022-09-07,17.13,22.465637,1.598773,48877476236.355,48877476236.355,2860079874,2860079874,False
2022-09-08,16.99,22.28203,1.585707,48478010581.183,48478010581.183,2860079874,2860079874,False
2022-09-09,17.12,22.452522,1.59784,48848942975.27101,48848942975.27101,2860079874,2860079874,False
2022-09-13,17.29,22.675473,1.613706,49334008413.694,49334008413.694,2860079874,2860079874,False
2022-09-14,17.08,22.400063,1.594107,48734809930.936,48734809930.936,2860079874,2860079874,False
2022-09-15,16.88,22.137767,1.57544,48164144709.262,48164144709.262,2860079874,2860079874,False
2022-09-16,16.7,21.901701,1.558641,47650546009.756,47650546009.756,2860079874,2860079874,False
2022-09-19,16.19,21.232846,1.511041,46195349694.488,46195349694.488,2860079874,2860079874,False
2022-09-20,16.33,21.416454,1.524108,46594815349.66,46594815349.66,2860079874,2860079874,False
2022-09-21,16.71,21.914816,1.559574,47679079270.84,47679079270.84,2860079874,2860079874,False
2022-09-22,16.61,21.783668,1.550241,47393746660.003,47393746660.003,2860079874,2860079874,False
2022-09-23,16.55,21.704979,1.544641,47222547093.501,47222547093.501,2860079874,2860079874,False
2022-09-26,16.15,21.180387,1.507308,46081216650.153,46081216650.153,2860079874,2860079874,False
2022-09-27,16.41,21.521372,1.531574,46823081438.329,46823081438.329,2860079874,2860079874,False
2022-09-28,15.93,20.891862,1.486775,45453484906.312,45453484906.312,2860079874,2860079874,False
2022-09-29,15.87,20.813173,1.481175,45282285339.81,45282285339.81,2860079874,2860079874,False
2022-09-30,15.86,20.800058,1.480242,45253752078.726,45253752078.726,2860079874,2860079874,False
2022-10-10,15.17,19.895138,1.415843,43284957063.952,43284957063.952,2860079874,2860079874,False
2022-10-11,15.39,20.183663,1.436376,43912688807.793,43912688807.793,2860079874,2860079874,False
2022-10-12,15.98,20.957436,1.491442,45596151211.731,45596151211.731,2860079874,2860079874,False
2022-10-13,16.18,21.219732,1.510108,46166816433.404,46166816433.404,2860079874,2860079874,False
2022-10-14,16.28,21.35088,1.519441,46452149044.241,46452149044.241,2860079874,2860079874,False
2022-10-17,16.76,21.98039,1.56424,47821745576.258,47821745576.258,2860079874,2860079874,False
2022-10-18,16.58,21.744323,1.547441,47308146876.752,47308146876.752,2860079874,2860079874,False
2022-10-19,16.45,21.573831,1.535308,46937214482.664,46937214482.664,2860079874,2860079874,False
2022-10-20,16.59,21.757438,1.548374,47336680137.836,47336680137.836,2860079874,2860079874,False
2022-10-21,16.42,21.534487,1.532508,46851614699.413,46851614699.413,2860079874,2860079874,False
2022-10-24,16.14,21.167273,1.506375,46052683389.07,46052683389.07,2860079874,2860079874,False
2022-10-25,15.93,20.891862,1.486775,45453484906.312,45453484906.312,2860079874,2860079874,False
2022-10-26,16.77,21.993504,1.565174,47850278837.342,47850278837.342,2860079874,2860079874,False
2022-10-27,16.85,22.098423,1.57264,48078544926.011,48078544926.011,2860079874,2860079874,False
2022-10-28,16.4,21.508257,1.530641,46794548177.246,46794548177.246,2860079874,2860079874,False
2022-10-31,17.15,22.440528,1.565076,48934542758.522,48934542758.522,2860079874,2860079874,False
2022-11-01,17.3,22.636801,1.578765,49362541674.777,49362541674.777,2860079874,2860079874,False
2022-11-02,17.23,22.545207,1.572377,49162808847.191,49162808847.191,2860079874,2860079874,False
2022-11-03,16.96,22.191916,1.547737,48392410797.932,48392410797.932,2860079874,2860079874,False
2022-11-04,17.24,22.558292,1.57329,49191342108.275,49191342108.275,2860079874,2860079874,False
2022-11-07,17.2,22.505952,1.569639,49077209063.94,49077209063.94,2860079874,2860079874,False
2022-11-08,17.3,22.636801,1.578765,49362541674.777,49362541674.777,2860079874,2860079874,False
2022-11-09,17.2,22.505952,1.569639,49077209063.94,49077209063.94,2860079874,2860079874,False
2022-11-10,17.25,22.571377,1.574202,49219875369.359,49219875369.359,2860079874,2860079874,False
2022-11-11,17.63,23.068601,1.60888,50304139290.539,50304139290.539,2860079874,2860079874,False
2022-11-14,18.18,23.788268,1.659072,51873468650.142,51873468650.142,2860079874,2860079874,False
2022-11-15,18.39,24.06305,1.678237,52472667132.899,52472667132.899,2860079874,2860079874,False
2022-11-16,18.3,23.945287,1.670023,52215867783.146,52215867783.146,2860079874,2860079874,False
2022-11-17,18.6,24.337832,1.697401,53071865615.656,53071865615.656,2860079874,2860079874,False
2022-11-18,19.37,25.345366,1.767669,55268926719.1,55268926719.1,2860079874,2860079874,False
2022-11-21,19.44,25.43696,1.774058,55468659546.686,55468659546.686,2860079874,2860079874,False
2022-11-22,19.25,25.188348,1.756719,54926527586.096,54926527586.096,2860079874,2860079874,False
2022-11-23,18.9,24.730378,1.724778,53927863448.167,53927863448.167,2860079874,2860079874,False
2022-11-24,18.86,24.678039,1.721128,53813730403.832,53813730403.832,2860079874,2860079874,False
2022-11-25,18.81,24.612614,1.716565,53671064098.414,53671064098.414,2860079874,2860079874,False
2022-11-28,18.94,24.782717,1.728429,54041996492.502,54041996492.502,2860079874,2860079874,False
2022-11-29,18.99,24.848142,1.732991,54184662797.92,54184662797.92,2860079874,2860079874,False
2022-11-30,18.88,24.704208,1.722953,53870796926.0,53870796926.0,2860079874,2860079874,False
2022-12-01,19.47,25.476215,1.776795,55554259329.93699,55554259329.93699,2860079874,2860079874,False
2022-12-02,19.47,25.476215,1.776795,55554259329.93699,55554259329.93699,2860079874,2860079874,False
2022-12-05,19.86,25.986524,1.812386,56667056512.20099,56667056512.20099,2860079874,2860079874,False
2022-12-06,19.65,25.711742,1.793222,56067858029.444,56067858029.444,2860079874,2860079874,False
2022-12-07,19.77,25.86876,1.804173,56410257162.448,56410257162.448,2860079874,2860079874,False
2022-12-08,19.43,25.423875,1.773145,55440126285.602,55440126285.602,2860079874,2860079874,False
2022-12-09,19.7,25.777166,1.797785,56210524334.862,56210524334.862,2860079874,2860079874,False
2022-12-12,20.08,26.274391,1.832463,57294788256.042,57294788256.042,2860079874,2860079874,False
2022-12-13,19.88,26.012694,1.814211,56724123034.368,56724123034.368,2860079874,2860079874,False
2022-12-14,19.93,26.078118,1.818774,56866789339.787,56866789339.787,2860079874,2860079874,False
2022-12-15,19.84,25.960354,1.810561,56609989990.034,56609989990.034,2860079874,2860079874,False
2022-12-16,19.7,25.777166,1.797785,56210524334.862,56210524334.862,2860079874,2860079874,False
2022-12-19,19.24,25.175263,1.755806,54897994325.012,54897994325.012,2860079874,2860079874,False
2022-12-20,18.93,24.769633,1.727516,54013463231.418,54013463231.418,2860079874,2860079874,False
2022-12-21,18.82,24.625699,1.717478,53699597359.498,53699597359.498,2860079874,2860079874,False
2022-12-22,18.86,24.678039,1.721128,53813730403.832,53813730403.832,2860079874,2860079874,False
2022-12-23,18.97,24.821972,1.731166,54127596275.753,54127596275.753,2860079874,2860079874,False
2022-12-26,19.1,24.992075,1.74303,54498528669.841,54498528669.841,2860079874,2860079874,False
2022-12-27,19.11,25.00516,1.743942,54527061930.924,54527061930.924,2860079874,2860079874,False
2022-12-28,18.98,24.835057,1.732079,54156129536.837,54156129536.837,2860079874,2860079874,False
2022-12-29,19.32,25.279942,1.763107,55126260413.682,55126260413.682,2860079874,2860079874,False
2022-12-30,19.51,25.528554,1.780446,55668392374.272,55668392374.272,2860079874,2860079874,False
2023-01-03,20.37,26.653852,1.858928,58122252827.469,58122252827.469,2860079874,2860079874,False
2023-01-04,22.41,29.323162,2.045094,63943038088.541,63943038088.541,2860079874,2860079874,False
2023-01-05,24.65,32.25417,2.249512,70334488571.287,70334488571.287,2860079874,2860079874,False
2023-01-06,23.46,30.697072,2.140915,66939030502.328,66939030502.328,2860079874,2860079874,False
2023-01-09,23.4,30.618563,2.13544,66767830935.826,66767830935.826,2860079874,2860079874,False
2023-01-10,22.87,29.925066,2.087073,65255568098.391,65255568098.391,2860079874,2860079874,False
2023-01-11,23.16,30.304527,2.113538,66083032669.817,66083032669.817,2860079874,2860079874,False
2023-01-12,23.29,30.47463,2.125401,66453965063.905,66453965063.905,2860079874,2860079874,False
2023-01-13,23.6,30.88026,2.153691,67338496157.5,67338496157.5,2860079874,2860079874,False
2023-01-16,23.73,31.050363,2.165555,67709428551.588,67709428551.588,2860079874,2860079874,False
2023-01-17,24.06,31.482164,2.19567,68651026167.349,68651026167.349,2860079874,2860079874,False
2023-01-18,23.87,31.233551,2.178331,68108894206.759,68108894206.759,2860079874,2860079874,False
2023-01-19,23.85,31.207382,2.176506,68051827684.592,68051827684.592,2860079874,2860079874,False
2023-01-20,23.76,31.089618,2.168293,67795028334.839,67795028334.839,2860079874,2860079874,False
2023-01-30,23.37,30.579309,2.132702,66682231152.575,66682231152.575,2860079874,2860079874,False
2023-01-31,23.0,30.095169,2.098936,65626500492.478,65626500492.478,2860079874,2860079874,False
2023-02-01,23.3,30.487715,2.126314,66482498324.989,66482498324.989,2860079874,2860079874,False
2023-02-02,22.85,29.898896,2.085248,65198501576.223,65198501576.223,2860079874,2860079874,False
2023-02-03,23.12,30.252187,2.109887,65968899625.483,65968899625.483,2860079874,2860079874,False
2023-02-06,22.8,29.833472,2.080685,65055835270.805,65055835270.805,2860079874,2860079874,False
2023-02-07,23.35,30.553139,2.130877,66625164630.407,66625164630.407,2860079874,2860079874,False
2023-02-08,22.94,30.01666,2.093461,65455300925.976,65455300925.976,2860079874,2860079874,False
2023-02-09,24.0,31.403655,2.190195,68479826600.847,68479826600.847,2860079874,2860079874,False
2023-02-10,23.41,30.631648,2.136352,66796364196.91,66796364196.91,2860079874,2860079874,False
2023-02-13,25.2,32.973837,2.299704,71903817930.889,71903817930.889,2860079874,2860079874,False
2023-02-14,24.41,31.940134,2.22761,69649690305.278,69649690305.278,2860079874,2860079874,False
2023-02-15,25.42,33.261704,2.319781,72531549674.731,72531549674.731,2860079874,2860079874,False
2023-02-16,24.6,32.188746,2.244949,70191822265.868,70191822265.868,2860079874,2860079874,False
2023-02-17,22.88,29.938151,2.087985,65284101359.474,65284101359.474,2860079874,2860079874,False
2023-02-20,24.12,31.560673,2.201145,68822225733.851,68822225733.851,2860079874,2860079874,False
2023-02-21,24.51,32.070982,2.236736,69935022916.115,69935022916.115,2860079874,2860079874,False
2023-02-22,24.3,31.7962,2.217572,69335824433.358,69335824433.358,2860079874,2860079874,False
2023-02-23,23.2,30.356866,2.117188,66197165714.152,66197165714.152,2860079874,2860079874,False
2023-02-24,23.65,30.945685,2.158254,67481162462.918,67481162462.918,2860079874,2860079874,False
2023-02-27,24.48,32.031728,2.233998,69849423132.864,69849423132.864,2860079874,2860079874,False
2023-02-28,25.4,33.235534,2.317956,72474483152.563,72474483152.563,2860079874,2860079874,False
2023-03-01,26.99,35.316027,2.463056,77011271664.869,77011271664.869,2860079874,2860079874,False
2023-03-02,26.57,34.766463,2.424728,75812874699.354,75812874699.354,2860079874,2860079874,False
2023-03-03,25.83,33.798183,2.357197,73701413379.162,73701413379.162,2860079874,2860079874,False
2023-03-06,26.0,34.020626,2.372711,74186478817.584,74186478817.584,2860079874,2860079874,False
2023-03-07,24.86,32.528952,2.268676,70933687054.044,70933687054.044,2860079874,2860079874,False
2023-03-08,25.1,32.842989,2.290578,71618485320.053,71618485320.053,2860079874,2860079874,False
2023-03-09,27.61,36.127288,2.519636,78780333852.058,78780333852.058,2860079874,2860079874,False
2023-03-10,27.41,35.86559,2.501385,78209668630.384,78209668630.384,2860079874,2860079874,False
2023-03-13,27.98,36.611427,2.553402,79836064512.154,79836064512.154,2860079874,2860079874,False
2023-03-14,27.28,35.695487,2.489521,77838736236.296,77838736236.296,2860079874,2860079874,False
2023-03-15,26.79,35.054329,2.444805,76440606443.196,76440606443.196,2860079874,2860079874,False
2023-03-16,26.64,34.858057,2.431116,76012607526.94,76012607526.94,2860079874,2860079874,False
2023-03-17,27.44,35.904845,2.504122,78295268413.635,78295268413.635,2860079874,2860079874,False
2023-03-20,28.05,36.703021,2.55979,80035797339.74,80035797339.74,2860079874,2860079874,False
2023-03-21,27.95,36.572173,2.550664,79750464728.903,79750464728.903,2860079874,2860079874,False
2023-03-22,29.38,38.443307,2.681163,83830721063.87,83830721063.87,2860079874,2860079874,False
2023-03-23,31.26,40.90326,2.852728,89194974147.603,89194974147.603,2860079874,2860079874,False
2023-03-24,31.63,41.3874,2.886494,90250704807.7,90250704807.7,2860079874,2860079874,False
2023-03-27,30.56,39.98732,2.788848,87197645871.745,87197645871.745,2860079874,2860079874,False
2023-03-28,30.11,39.398502,2.747782,85913649122.979,85913649122.979,2860079874,2860079874,False
2023-03-29,30.44,39.830302,2.777897,86855246738.741,86855246738.741,2860079874,2860079874,False
2023-03-30,28.98,37.919913,2.64466,82689390620.523,82689390620.523,2860079874,2860079874,False
2023-03-31,29.29,38.820563,2.630931,83573921714.117,83573921714.117,2860079874,2860079874,False
2023-04-03,32.22,42.703944,2.894114,91934167211.637,91934167211.637,2860079874,2860079874,False
2023-04-04,34.43,45.633048,3.092624,98240017911.132,98240017911.132,2860079874,2860079874,False
2023-04-06,33.8,44.798054,3.036035,96442422462.86,96442422462.86,2860079874,2860079874,False
2023-04-07,34.16,45.275193,3.068371,97469619861.872,97469619861.872,2860079874,2860079874,False
2023-04-10,31.2,41.35205,2.802494,89023774581.101,89023774581.101,2860079874,2860079874,False
2023-04-11,31.52,41.776174,2.831237,89936838935.779,89936838935.779,2860079874,2860079874,False
2023-04-12,33.4,44.2679,3.000106,95301092019.512,95301092019.512,2860079874,2860079874,False
2023-04-13,30.64,40.609834,2.752193,87425911960.415,87425911960.415,2860079874,2860079874,False
2023-04-14,30.74,40.742373,2.761175,87711244571.252,87711244571.252,2860079874,2860079874,False
2023-04-17,31.56,41.829189,2.83483,90050971980.114,90050971980.114,2860079874,2860079874,False
2023-04-18,32.71,43.353383,2.938127,93332297004.738,93332297004.738,2860079874,2860079874,False
2023-04-19,31.95,42.34609,2.869861,91163769162.378,91163769162.378,2860079874,2860079874,False
2023-04-20,34.26,45.407732,3.077354,97754952472.709,97754952472.709,2860079874,2860079874,False
2023-04-21,32.5,43.075052,2.919264,92733098521.98,92733098521.98,2860079874,2860079874,False
2023-04-24,33.28,44.108854,2.989327,94958692886.508,94958692886.508,2860079874,2860079874,False
2023-04-25,32.4,42.942514,2.910282,92447765911.144,92447765911.144,2860079874,2860079874,False
2023-04-26,29.16,38.648262,2.619254,83202989320.029,83202989320.029,2860079874,2860079874,False
2023-04-27,27.81,36.858991,2.497992,79350999073.732,79350999073.732,2860079874,2860079874,False
2023-04-28,29.63,38.093398,2.62556,84544052590.962,84544052590.962,2860079874,2860079874,False
2023-05-04,28.92,37.180596,2.562645,82518191054.021,82518191054.021,2860079874,2860079874,False
2023-05-05,27.91,35.882104,2.473148,79636331684.568,79636331684.568,2860079874,2860079874,False
2023-05-08,29.1,37.412011,2.578596,83031789753.527,83031789753.527,2860079874,2860079874,False
2023-05-09,28.67,36.859187,2.540493,81804859526.929,81804859526.929,2860079874,2860079874,False
2023-05-10,27.83,35.779253,2.466059,79408065595.899,79408065595.899,2860079874,2860079874,False
2023-05-11,27.08,34.815026,2.3996,77268071014.622,77268071014.622,2860079874,2860079874,False
2023-05-12,26.62,34.223633,2.358839,75955541004.773,75955541004.773,2860079874,2860079874,False
2023-05-15,27.16,34.917877,2.406689,77496337103.292,77496337103.292,2860079874,2860079874,False
2023-05-16,26.92,34.609324,2.385422,76811538837.283,76811538837.283,2860079874,2860079874,False
2023-05-17,27.45,35.290711,2.432386,78323801674.719,78323801674.719,2860079874,2860079874,False
2023-05-18,28.53,36.679198,2.528087,81405393871.757,81405393871.757,2860079874,2860079874,False
2023-05-19,28.28,36.357789,2.505934,80692062344.665,80692062344.665,2860079874,2860079874,False
2023-05-22,28.07,36.087806,2.487326,80092863861.907,80092863861.907,2860079874,2860079874,False
2023-05-23,27.42,35.252142,2.429728,78238201891.468,78238201891.468,2860079874,2860079874,False
2023-05-24,27.31,35.110722,2.419981,77924336019.547,77924336019.547,2860079874,2860079874,False
2023-05-25,29.02,37.30916,2.571507,82803523664.858,82803523664.858,2860079874,2860079874,False
2023-05-26,29.38,37.771989,2.603407,83830721063.87,83830721063.87,2860079874,2860079874,False
2023-05-29,30.47,39.173332,2.699993,86940846521.992,86940846521.992,2860079874,2860079874,False
2023-05-30,31.56,40.574676,2.79658,90050971980.114,90050971980.114,2860079874,2860079874,False
2023-05-31,32.62,41.93745,2.890508,93075497654.985,93075497654.985,2860079874,2860079874,False
2023-06-01,32.45,41.718892,2.875444,92590432216.562,92590432216.562,2860079874,2860079874,False
2023-06-02,31.95,41.076074,2.831138,91163769162.378,91163769162.378,2860079874,2860079874,False
2023-06-05,32.16,41.346057,2.849747,91762967645.135,91762967645.135,2860079874,2860079874,False
2023-06-06,31.08,39.95757,2.754046,88681375448.097,88681375448.097,2860079874,2860079874,False
2023-06-07,31.13,40.021852,2.758477,88824041753.515,88824041753.515,2860079874,2860079874,False
2023-06-08,31.0,39.85472,2.746957,88453109359.427,88453109359.427,2860079874,2860079874,False
2023-06-09,32.99,42.413135,2.923294,94131228315.081,94131228315.081,2860079874,2860079874,False
2023-06-12,32.71,42.053157,2.898483,93332297004.738,93332297004.738,2860079874,2860079874,False
2023-06-13,33.4,42.940246,2.959625,95301092019.512,95301092019.512,2860079874,2860079874,False
2023-06-14,34.4,44.225882,3.048237,98154418127.881,98154418127.881,2860079874,2860079874,False
2023-06-15,34.06,43.788766,3.018109,97184287251.035,97184287251.035,2860079874,2860079874,False
2023-06-16,35.27,45.344386,3.125329,100636811842.162,100636811842.162,2860079874,2860079874,False
2023-06-19,36.74,47.234271,3.255588,104831201221.463,104831201221.463,2860079874,2860079874,False
2023-06-20,36.8,47.311409,3.260904,105002400787.966,105002400787.966,2860079874,2860079874,False
2023-06-21,36.77,47.27284,3.258246,104916801004.714,104916801004.714,2860079874,2860079874,False
2023-06-26,35.02,45.022977,3.103176,99923480315.069,99923480315.069,2860079874,2860079874,False
2023-06-27,34.94,44.920126,3.096087,99695214226.4,99695214226.4,2860079874,2860079874,False
2023-06-28,31.45,40.433256,2.786833,89737106108.193,89737106108.193,2860079874,2860079874,False
2023-06-29,31.37,40.330405,2.779744,89508840019.524,89508840019.524,2860079874,2860079874,False
2023-06-30,31.85,40.94751,2.822277,90878436551.541,90878436551.541,2860079874,2860079874,False
2023-07-03,31.8,40.883228,2.817847,90735770246.122,90735770246.122,2860079874,2860079874,False
2023-07-04,31.58,40.600388,2.798352,90108038502.281,90108038502.281,2860079874,2860079874,False
2023-07-05,31.0,39.85472,2.746957,88453109359.427,88453109359.427,2860079874,2860079874,False
2023-07-06,31.5,40.497538,2.791263,89879772413.612,89879772413.612,2860079874,2860079874,False
2023-07-07,30.61,39.353321,2.712399,87340312177.164,87340312177.164,2860079874,2860079874,False
2023-07-10,30.14,38.749072,2.670751,85999248906.23,85999248906.23,2860079874,2860079874,False
2023-07-11,30.55,39.276183,2.707082,87169112610.662,87169112610.662,2860079874,2860079874,False
2023-07-12,28.75,36.962038,2.547581,82033125615.598,82033125615.598,2860079874,2860079874,False
2023-07-13,28.69,36.8849,2.542265,81861926049.096,81861926049.096,2860079874,2860079874,False
2023-07-14,29.88,38.414807,2.647712,85257384118.055,85257384118.055,2860079874,2860079874,False
2023-07-17,29.81,38.324813,2.64151,85057651290.469,85057651290.469,2860079874,2860079874,False
2023-07-18,29.14,37.463436,2.58214,83145922797.862,83145922797.862,2860079874,2860079874,False
2023-07-19,28.69,36.8849,2.542265,81861926049.096,81861926049.096,2860079874,2860079874,False
2023-07-20,27.57,35.444988,2.44302,78666200807.723,78666200807.723,2860079874,2860079874,False
2023-07-21,27.33,35.136435,2.421753,77981402541.715,77981402541.715,2860079874,2860079874,False
2023-07-24,28.25,36.31922,2.503276,80606462561.414,80606462561.414,2860079874,2860079874,False
2023-07-25,28.46,36.589204,2.521884,81205661044.171,81205661044.171,2860079874,2860079874,False
2023-07-26,27.72,35.637833,2.456312,79094199723.978,79094199723.978,2860079874,2860079874,False
2023-07-27,27.33,35.136435,2.421753,77981402541.715,77981402541.715,2860079874,2860079874,False
2023-07-28,26.94,34.635037,2.387195,76868605359.451,76868605359.451,2860079874,2860079874,False
2023-07-31,27.28,35.072153,2.417323,77838736236.296,77838736236.296,2860079874,2860079874,False
2023-08-01,27.68,35.586408,2.452767,78980066679.644,78980066679.644,2860079874,2860079874,False
2023-08-02,27.68,35.586408,2.452767,78980066679.644,78980066679.644,2860079874,2860079874,False
2023-08-03,27.5,35.354993,2.436817,78466467980.137,78466467980.137,2860079874,2860079874,False
2023-08-04,28.84,37.077746,2.555557,82289924965.351,82289924965.351,2860079874,2860079874,False
2023-08-07,28.42,36.537778,2.51834,81091527999.836,81091527999.836,2860079874,2860079874,False
2023-08-08,28.25,36.31922,2.503276,80606462561.414,80606462561.414,2860079874,2860079874,False
2023-08-09,27.26,35.04644,2.41555,77781669714.129,77781669714.129,2860079874,2860079874,False
2023-08-10,27.27,35.059297,2.416436,77810202975.212,77810202975.212,2860079874,2860079874,False
2023-08-11,26.44,33.992219,2.342889,75441942305.267,75441942305.267,2860079874,2860079874,False
2023-08-14,27.04,34.763601,2.396056,77153937970.288,77153937970.288,2860079874,2860079874,False
2023-08-15,26.46,34.017932,2.344661,75499008827.434,75499008827.434,2860079874,2860079874,False
2023-08-16,25.86,33.24655,2.291494,73787013162.413,73787013162.413,2860079874,2860079874,False
2023-08-17,26.0,33.426539,2.3039,74186478817.584,74186478817.584,2860079874,2860079874,False
2023-08-18,25.24,32.449455,2.236555,72017950975.224,72017950975.224,2860079874,2860079874,False
2023-08-21,25.59,32.899428,2.267569,73016615113.153,73016615113.153,2860079874,2860079874,False
2023-08-22,26.26,33.760804,2.326939,74928343605.76,74928343605.76,2860079874,2860079874,False
2023-08-23,25.3,32.526594,2.241872,72189150541.726,72189150541.726,2860079874,2860079874,False
2023-08-24,25.59,32.899428,2.267569,73016615113.153,73016615113.153,2860079874,2860079874,False
2023-08-25,24.42,31.452782,2.125146,69678223566.362,69678223566.362,2860079874,2860079874,False
2023-08-28,25.49,32.830934,2.218262,72731282502.316,72731282502.316,2860079874,2860079874,False
2023-08-29,26.63,34.299246,2.31747,75984074265.857,75984074265.857,2860079874,2860079874,False
2023-08-30,27.11,34.917483,2.359242,77353670797.874,77353670797.874,2860079874,2860079874,False
2023-08-31,26.93,34.685644,2.343578,76840072098.367,76840072098.367,2860079874,2860079874,False
2023-09-01,26.39,33.990128,2.296584,75299275999.848,75299275999.848,2860079874,2860079874,False
2023-09-04,26.87,34.608364,2.338356,76668872531.865,76668872531.865,2860079874,2860079874,False
2023-09-05,26.25,33.809809,2.284401,74899810344.676,74899810344.676,2860079874,2860079874,False
2023-09-06,26.1,33.61661,2.271347,74471811428.421,74471811428.421,2860079874,2860079874,False
2023-09-07,25.21,32.470296,2.193895,71932351191.973,71932351191.973,2860079874,2860079874,False
2023-09-08,24.95,32.135418,2.171269,71190486403.797,71190486403.797,2860079874,2860079874,False
2023-09-11,25.97,33.449171,2.260034,74100879034.333,74100879034.333,2860079874,2860079874,False
2023-09-12,26.2,33.745409,2.28005,74757144039.258,74757144039.258,2860079874,2860079874,False
2023-09-13,25.13,32.367257,2.186933,71704085103.304,71704085103.304,2860079874,2860079874,False
2023-09-14,25.0,32.199818,2.17562,71333152709.216,71333152709.216,2860079874,2860079874,False
2023-09-15,24.62,31.710381,2.142551,70248888788.036,70248888788.036,2860079874,2860079874,False
2023-09-18,24.44,31.478542,2.126886,69735290088.529,69735290088.529,2860079874,2860079874,False
2023-09-19,24.04,30.963345,2.092076,68593959645.182,68593959645.182,2860079874,2860079874,False
2023-09-20,24.01,30.924705,2.089465,68508359861.931,68508359861.931,2860079874,2860079874,False
2023-09-21,24.22,31.195184,2.107741,69107558344.688,69107558344.688,2860079874,2860079874,False
2023-09-22,25.2,32.457416,2.193025,71903817930.889,71903817930.889,2860079874,2860079874,False
2023-09-25,23.51,30.280709,2.045953,67081696807.746,67081696807.746,2860079874,2860079874,False
2023-09-26,23.47,30.229189,2.042472,66967563763.412,66967563763.412,2860079874,2860079874,False
2023-09-27,23.39,30.12615,2.03551,66739297674.742,66739297674.742,2860079874,2860079874,False
2023-09-28,23.57,30.357988,2.051175,67252896374.249,67252896374.249,2860079874,2860079874,False
2023-10-09,23.58,30.370868,2.052045,67281429635.332,67281429635.332,2860079874,2860079874,False
2023-10-10,23.27,29.971591,2.025067,66396898541.738,66396898541.738,2860079874,2860079874,False
2023-10-11,23.69,30.512547,2.061617,67595295507.253,67595295507.253,2860079874,2860079874,False
2023-10-12,23.12,29.778392,2.012013,65968899625.483,65968899625.483,2860079874,2860079874,False
2023-10-13,22.56,29.057116,1.963279,64371037004.796,64371037004.796,2860079874,2860079874,False
2023-10-16,22.17,28.554799,1.92934,63258239822.532,63258239822.532,2860079874,2860079874,False
2023-10-17,21.89,28.194161,1.904973,62459308512.189,62459308512.189,2860079874,2860079874,False
2023-10-18,20.52,26.429611,1.785749,58550251743.724,58550251743.724,2860079874,2860079874,False
2023-10-19,20.51,26.416731,1.784879,58521718482.641,58521718482.641,2860079874,2860079874,False
2023-10-20,20.02,25.785614,1.742236,57123588689.54,57123588689.54,2860079874,2860079874,False
2023-10-23,19.43,25.025698,1.690892,55440126285.602,55440126285.602,2860079874,2860079874,False
2023-10-24,19.6,25.244657,1.705686,55925191724.025,55925191724.025,2860079874,2860079874,False
2023-10-25,19.64,25.296177,1.709167,56039324768.36,56039324768.36,2860079874,2860079874,False
2023-10-26,19.87,25.592415,1.729183,56695589773.28501,56695589773.28501,2860079874,2860079874,False
2023-10-27,19.69,25.360577,1.713518,56181991073.778,56181991073.778,2860079874,2860079874,False
2023-10-30,19.97,27.739611,1.710935,56980922384.122,56980922384.122,2860079874,2860079874,False
2023-10-31,19.61,27.239548,1.680092,55953724985.109,55953724985.109,2860079874,2860079874,False
2023-11-01,19.55,27.156204,1.674951,55782525418.607,55782525418.607,2860079874,2860079874,False
2023-11-02,19.32,26.836719,1.655246,55126260413.682,55126260413.682,2860079874,2860079874,False
2023-11-03,19.81,27.51736,1.697227,56524390206.783,56524390206.783,2860079874,2860079874,False
2023-11-06,20.3,28.198002,1.739208,57922519999.883,57922519999.883,2860079874,2860079874,False
2023-11-07,20.79,28.878643,1.781188,59320649792.984,59320649792.984,2860079874,2860079874,False
2023-11-08,20.82,28.920315,1.783759,59406249576.235,59406249576.235,2860079874,2860079874,False
2023-11-09,21.45,29.795426,1.837734,61203845024.50701,61203845024.50701,2860079874,2860079874,False
2023-11-10,20.98,29.142565,1.797467,59862781753.574,59862781753.574,2860079874,2860079874,False
2023-11-13,21.39,29.712082,1.832594,61032645458.005,61032645458.005,2860079874,2860079874,False
2023-11-14,21.45,29.795426,1.837734,61203845024.50701,61203845024.50701,2860079874,2860079874,False
2023-11-15,21.52,29.89266,1.843731,61403577852.093,61403577852.093,2860079874,2860079874,False
2023-11-16,21.29,29.573175,1.824026,60747312847.168,60747312847.168,2860079874,2860079874,False
2023-11-17,21.53,29.906551,1.844588,61432111113.177,61432111113.177,2860079874,2860079874,False
2023-11-20,21.88,30.392723,1.874574,62430775251.106,62430775251.106,2860079874,2860079874,False
2023-11-21,21.33,29.628738,1.827453,60861445891.503,60861445891.503,2860079874,2860079874,False
2023-11-22,21.03,29.212019,1.80175,60005448058.992,60005448058.992,2860079874,2860079874,False
2023-11-23,21.23,29.489831,1.818886,60576113280.666,60576113280.666,2860079874,2860079874,False
2023-11-24,20.78,28.864753,1.780332,59292116531.9,59292116531.9,2860079874,2860079874,False
2023-11-27,20.57,28.573049,1.76234,58692918049.143,58692918049.143,2860079874,2860079874,False
2023-11-28,20.74,28.80919,1.776905,59177983487.565,59177983487.565,2860079874,2860079874,False
2023-11-29,20.4,28.336908,1.747775,58207852610.72,58207852610.72,2860079874,2860079874,False
2023-11-30,20.21,28.072986,1.731497,57665720650.13,57665720650.13,2860079874,2860079874,False
2023-12-01,20.98,29.142565,1.797467,59862781753.574,59862781753.574,2860079874,2860079874,False
2023-12-04,20.85,28.961987,1.786329,59491849359.486,59491849359.486,2860079874,2860079874,False
2023-12-05,19.65,27.29511,1.683519,56067858029.444,56067858029.444,2860079874,2860079874,False
2023-12-06,19.62,27.253438,1.680948,55982258246.192,55982258246.192,2860079874,2860079874,False
2023-12-07,19.95,27.711829,1.709221,56923855861.954,56923855861.954,2860079874,2860079874,False
2023-12-08,20.94,29.087003,1.79404,59748648709.239,59748648709.239,2860079874,2860079874,False
2023-12-11,21.0,29.170347,1.79918,59919848275.741,59919848275.741,2860079874,2860079874,False
2023-12-12,21.1,29.309253,1.807748,60205180886.578,60205180886.578,2860079874,2860079874,False
2023-12-13,20.63,28.656393,1.76748,58864117615.645,58864117615.645,2860079874,2860079874,False
2023-12-14,20.56,28.559158,1.761483,58664384788.059,58664384788.059,2860079874,2860079874,False
2023-12-15,20.28,28.170221,1.737494,57865453477.716,57865453477.716,2860079874,2860079874,False
2023-12-18,19.91,27.656267,1.705794,56809722817.619,56809722817.619,2860079874,2860079874,False
2023-12-19,19.96,27.72572,1.710078,56952389123.038,56952389123.038,2860079874,2860079874,False
2023-12-20,19.04,26.447781,1.631257,54327329103.339,54327329103.339,2860079874,2860079874,False
2023-12-21,19.23,26.711703,1.647535,54869461063.929,54869461063.929,2860079874,2860079874,False
2023-12-22,18.75,26.044952,1.606411,53499864531.912,53499864531.912,2860079874,2860079874,False
2023-12-25,18.86,26.197749,1.615835,53813730403.832,53813730403.832,2860079874,2860079874,False
2023-12-26,18.17,25.239295,1.556719,51844935389.058,51844935389.058,2860079874,2860079874,False
2023-12-27,18.3,25.419874,1.567857,52215867783.146,52215867783.146,2860079874,2860079874,False
2023-12-28,19.22,26.697813,1.646678,54840927802.845,54840927802.845,2860079874,2860079874,False
2023-12-29,19.35,26.878391,1.657816,55211860196.933,55211860196.933,2860079874,2860079874,False
2024-01-02,18.84,26.169968,1.614122,53756663881.665,53756663881.665,2860079874,2860079874,False
2024-01-03,18.53,25.739358,1.587562,52872132788.071,52872132788.071,2860079874,2860079874,False
2024-01-04,18.22,25.308748,1.561003,51987601694.476,51987601694.476,2860079874,2860079874,False
2024-01-05,17.69,24.572544,1.515595,50475338857.041,50475338857.041,2860079874,2860079874,False
2024-01-08,17.08,23.725215,1.463333,48734809930.936,48734809930.936,2860079874,2860079874,False
2024-01-09,17.18,23.864122,1.471901,49020142541.773,49020142541.773,2860079874,2860079874,False
2024-01-10,17.04,23.669653,1.459906,48620676886.601,48620676886.601,2860079874,2860079874,False
2024-01-11,17.73,24.628107,1.519022,50589471901.376,50589471901.376,2860079874,2860079874,False
2024-01-12,17.4,24.169716,1.490749,49647874285.614,49647874285.614,2860079874,2860079874,False
2024-01-15,17.4,24.169716,1.490749,49647874285.614,49647874285.614,2860079874,2860079874,False
2024-01-16,17.32,24.058591,1.483895,49419608196.945,49419608196.945,2860079874,2860079874,False
2024-01-17,16.93,23.516856,1.450482,48306811014.681,48306811014.681,2860079874,2860079874,False
2024-01-18,17.26,23.975247,1.478755,49248408630.443,49248408630.443,2860079874,2860079874,False
2024-01-19,17.29,24.016919,1.481325,49334008413.694,49334008413.694,2860079874,2860079874,False
2024-01-22,16.57,23.016793,1.419639,47279613615.668,47279613615.668,2860079874,2860079874,False
2024-01-23,17.19,23.878012,1.472758,49048675802.857,49048675802.857,2860079874,2860079874,False
2024-01-24,17.24,23.947466,1.477041,49191342108.275,49191342108.275,2860079874,2860079874,False
2024-01-25,17.79,24.711451,1.524163,50760671467.878,50760671467.878,2860079874,2860079874,False
2024-01-26,17.52,24.336404,1.50103,49990273418.618,49990273418.618,2860079874,2860079874,False
2024-01-29,16.89,23.461293,1.447055,48192677970.346,48192677970.346,2860079874,2860079874,False
2024-01-30,16.23,22.544511,1.390509,46309482738.823,46309482738.823,2860079874,2860079874,False
2024-01-31,15.56,21.613838,1.333107,44397754246.216,44397754246.216,2860079874,2860079874,False
2024-02-01,15.79,21.933323,1.352812,45054019251.141,45054019251.141,2860079874,2860079874,False
2024-02-02,15.2,21.113775,1.302264,43370556847.203,43370556847.203,2860079874,2860079874,False
2024-02-05,14.71,20.433133,1.260283,41972427054.103,41972427054.103,2860079874,2860079874,False
2024-02-06,15.78,21.919432,1.351955,45025485990.057,45025485990.057,2860079874,2860079874,False
2024-02-07,16.1,22.363932,1.379371,45938550344.735,45938550344.735,2860079874,2860079874,False
2024-02-08,16.73,23.239043,1.433347,47736145793.00701,47736145793.00701,2860079874,2860079874,False
2024-02-19,17.75,24.655888,1.520736,50646538423.543,50646538423.543,2860079874,2860079874,False
2024-02-20,17.39,24.155825,1.489893,49619341024.53,49619341024.53,2860079874,2860079874,False
2024-02-21,17.44,24.225278,1.494176,49762007329.949,49762007329.949,2860079874,2860079874,False
2024-02-22,18.19,25.267076,1.558433,51902001911.225,51902001911.225,2860079874,2860079874,False
2024-02-23,18.28,25.392092,1.566144,52158801260.97899,52158801260.97899,2860079874,2860079874,False
2024-02-26,18.69,25.961609,1.60127,53328664965.41,53328664965.41,2860079874,2860079874,False
2024-02-27,20.56,28.559158,1.761483,58664384788.059,58664384788.059,2860079874,2860079874,False
2024-02-28,20.09,27.906298,1.721216,57323321517.126,57323321517.126,2860079874,2860079874,False
2024-02-29,22.1,30.698317,1.893423,63058506994.947,63058506994.947,2860079874,2860079874,False
2024-03-01,24.31,33.768149,2.082765,69364357694.441,69364357694.441,2860079874,2860079874,False
2024-03-04,25.5,35.421135,2.184719,72759815763.4,72759815763.4,2860079874,2860079874,False
2024-03-05,24.77,34.407118,2.122176,70676887704.291,70676887704.291,2860079874,2860079874,False
2024-03-06,24.59,34.157087,2.106754,70163289004.785,70163289004.785,2860079874,2860079874,False
2024-03-07,25.0,34.726603,2.141881,71333152709.216,71333152709.216,2860079874,2860079874,False
2024-03-08,24.93,34.629369,2.135884,71133419881.63,71133419881.63,2860079874,2860079874,False
2024-03-11,24.75,34.379337,2.120462,70619821182.124,70619821182.124,2860079874,2860079874,False
2024-03-12,24.22,33.643133,2.075055,69107558344.688,69107558344.688,2860079874,2860079874,False
2024-03-13,23.47,32.601335,2.010798,66967563763.412,66967563763.412,2860079874,2860079874,False
2024-03-14,23.06,32.031819,1.975671,65797700058.981,65797700058.981,2860079874,2860079874,False
2024-03-15,23.17,32.184616,1.985095,66111565930.901,66111565930.901,2860079874,2860079874,False
2024-03-18,23.87,33.156961,2.045068,68108894206.759,68108894206.759,2860079874,2860079874,False
2024-03-19,23.47,32.601335,2.010798,66967563763.412,66967563763.412,2860079874,2860079874,False
2024-03-20,23.56,32.726351,2.018509,67224363113.165,67224363113.165,2860079874,2860079874,False
2024-03-21,23.11,32.101272,1.979955,65940366364.399,65940366364.399,2860079874,2860079874,False
2024-03-22,22.83,31.712334,1.955966,65141435054.056,65141435054.056,2860079874,2860079874,False
2024-03-25,22.19,30.823333,1.901134,63315306344.7,63315306344.7,2860079874,2860079874,False
2024-03-26,21.58,29.976004,1.848872,61574777418.595,61574777418.595,2860079874,2860079874,False
2024-03-27,20.63,28.656393,1.76748,58864117615.645,58864117615.645,2860079874,2860079874,False
2024-03-28,21.95,30.489958,1.880572,62630508078.691,62630508078.691,2860079874,2860079874,False
2024-03-29,21.71,30.156582,1.86001,61945709812.683,61945709812.683,2860079874,2860079874,False
2024-04-01,22.08,30.670536,1.891709,63001440472.779,63001440472.779,2860079874,2860079874,False
2024-04-02,21.54,29.920441,1.845445,61460644374.26,61460644374.26,2860079874,2860079874,False
2024-04-03,21.0,29.170347,1.79918,59919848275.741,59919848275.741,2860079874,2860079874,False
2024-04-08,20.58,28.58694,1.763197,58721451310.226,58721451310.226,2860079874,2860079874,False
2024-04-09,20.34,28.253564,1.742635,58036653044.218,58036653044.218,2860079874,2860079874,False
2024-04-10,19.68,27.336782,1.686089,56153457812.695,56153457812.695,2860079874,2860079874,False
2024-04-11,20.1,27.920189,1.722072,57351854778.209,57351854778.209,2860079874,2860079874,False
2024-04-12,20.02,27.809064,1.715218,57123588689.54,57123588689.54,2860079874,2860079874,False
2024-04-15,20.33,28.239674,1.741778,58008119783.134,58008119783.134,2860079874,2860079874,False
2024-04-16,19.65,27.29511,1.683519,56067858029.444,56067858029.444,2860079874,2860079874,False
2024-04-17,20.56,28.559158,1.761483,58664384788.059,58664384788.059,2860079874,2860079874,False
2024-04-18,20.28,28.170221,1.737494,57865453477.716,57865453477.716,2860079874,2860079874,False
2024-04-19,19.67,27.322891,1.685232,56124924551.611,56124924551.611,2860079874,2860079874,False
2024-04-22,19.28,26.781156,1.651819,55012127369.347,55012127369.347,2860079874,2860079874,False
2024-04-23,19.02,26.42,1.629543,54270262581.171,54270262581.171,2860079874,2860079874,False
2024-04-24,19.71,27.378454,1.688659,56239057595.946,56239057595.946,2860079874,2860079874,False
2024-04-25,19.44,27.003407,1.665527,55468659546.686,55468659546.686,2860079874,2860079874,False
2024-04-26,20.22,28.086877,1.732354,57694253911.214,57694253911.214,2860079874,2860079874,False
2024-04-29,21.06,29.253691,1.804321,60091047842.24299,60091047842.24299,2860079874,2860079874,False
2024-04-30,20.95,28.838405,1.743826,59777181970.323,59777181970.323,2860079874,2860079874,False
2024-05-06,21.21,29.196304,1.765468,60519046758.499,60519046758.499,2860079874,2860079874,False
2024-05-07,20.94,28.82464,1.742993,59748648709.239,59748648709.239,2860079874,2860079874,False
2024-05-08,20.33,27.984953,1.692219,58008119783.134,58008119783.134,2860079874,2860079874,False
2024-05-09,20.9,28.769578,1.739664,59634515664.904,59634515664.904,2860079874,2860079874,False
2024-05-10,20.4,28.081311,1.698045,58207852610.72,58207852610.72,2860079874,2860079874,False
2024-05-13,20.06,27.613289,1.669744,57237721733.875,57237721733.875,2860079874,2860079874,False
2024-05-14,20.34,27.998719,1.693051,58036653044.218,58036653044.218,2860079874,2860079874,False
2024-05-15,20.31,27.957423,1.690554,57951053260.967,57951053260.967,2860079874,2860079874,False
2024-05-16,22.19,30.545308,1.84704,63315306344.7,63315306344.7,2860079874,2860079874,False
2024-05-17,21.96,30.228705,1.827896,62659041339.775,62659041339.775,2860079874,2860079874,False
2024-05-20,22.28,30.669196,1.854532,63572105694.453,63572105694.453,2860079874,2860079874,False
2024-05-21,22.55,31.040861,1.877006,64342503743.713,64342503743.713,2860079874,2860079874,False
2024-05-22,23.4,32.210915,1.947758,66767830935.826,66767830935.826,2860079874,2860079874,False
2024-05-23,23.69,32.61011,1.971897,67595295507.253,67595295507.253,2860079874,2860079874,False
2024-05-24,22.43,30.875676,1.867017,64000104610.708,64000104610.708,2860079874,2860079874,False
2024-05-27,22.98,31.632771,1.912798,65569433970.311,65569433970.311,2860079874,2860079874,False
2024-05-28,21.87,30.104817,1.820404,62402241990.022,62402241990.022,2860079874,2860079874,False
2024-05-29,21.77,29.967163,1.812081,62116909379.185,62116909379.185,2860079874,2860079874,False
2024-05-30,21.81,30.022225,1.81541,62231042423.52,62231042423.52,2860079874,2860079874,False
2024-05-31,22.02,30.311297,1.83289,62830240906.277,62830240906.277,2860079874,2860079874,False
2024-06-03,22.13,30.462716,1.842046,63144106778.198,63144106778.198,2860079874,2860079874,False
2024-06-04,21.9,30.146113,1.822901,62487841773.273,62487841773.273,2860079874,2860079874,False
2024-06-05,21.92,30.173644,1.824566,62544908295.44,62544908295.44,2860079874,2860079874,False
2024-06-06,22.68,31.21981,1.887827,64713436137.8,64713436137.8,2860079874,2860079874,False
2024-06-07,22.92,31.550179,1.907804,65398234403.809,65398234403.809,2860079874,2860079874,False
2024-06-11,23.26,32.0182,1.936104,66368365280.654,66368365280.654,2860079874,2860079874,False
2024-06-12,22.99,31.646536,1.91363,65597967231.395,65597967231.395,2860079874,2860079874,False
2024-06-13,23.44,32.265977,1.951087,66881963980.161,66881963980.161,2860079874,2860079874,False
2024-06-14,23.07,31.756659,1.920289,65826233320.064,65826233320.064,2860079874,2860079874,False
2024-06-17,22.63,31.150983,1.883665,64570769832.382,64570769832.382,2860079874,2860079874,False
2024-06-18,24.15,33.243316,2.010186,68907825517.102,68907825517.102,2860079874,2860079874,False
2024-06-19,23.79,32.747764,1.98022,67880628118.09,67880628118.09,2860079874,2860079874,False
2024-06-20,23.05,31.729128,1.918625,65769166797.897,65769166797.897,2860079874,2860079874,False
2024-06-21,23.26,32.0182,1.936104,66368365280.654,66368365280.654,2860079874,2860079874,False
2024-06-24,22.11,30.435185,1.840381,63087040256.03,63087040256.03,2860079874,2860079874,False
2024-06-25,21.45,29.526672,1.785445,61203845024.50701,61203845024.50701,2860079874,2860079874,False
2024-06-26,22.47,30.930738,1.870347,64114237655.043,64114237655.043,2860079874,2860079874,False
2024-06-27,21.86,30.091052,1.819572,62373708728.938,62373708728.938,2860079874,2860079874,False
2024-06-28,22.35,30.765554,1.860358,63771838522.039,63771838522.039,2860079874,2860079874,False
2024-07-01,22.64,31.164749,1.884497,64599303093.466,64599303093.466,2860079874,2860079874,False
2024-07-02,22.08,30.393889,1.837884,63001440472.779,63001440472.779,2860079874,2860079874,False
2024-07-03,21.82,30.03599,1.816242,62259575684.603,62259575684.603,2860079874,2860079874,False
2024-07-04,21.45,29.526672,1.785445,61203845024.50701,61203845024.50701,2860079874,2860079874,False
2024-07-05,21.77,29.967163,1.812081,62116909379.185,62116909379.185,2860079874,2860079874,False
2024-07-08,21.13,29.086181,1.758809,60290780669.829,60290780669.829,2860079874,2860079874,False
2024-07-09,22.2,30.559073,1.847873,63343839605.784,63343839605.784,2860079874,2860079874,False
2024-07-10,22.13,30.462716,1.842046,63144106778.198,63144106778.198,2860079874,2860079874,False
2024-07-11,22.44,30.889442,1.86785,64028637871.792,64028637871.792,2860079874,2860079874,False
2024-07-12,21.9,30.146113,1.822901,62487841773.273,62487841773.273,2860079874,2860079874,False
2024-07-15,21.99,30.270001,1.830393,62744641123.026,62744641123.026,2860079874,2860079874,False
2024-07-16,24.19,33.298378,2.013515,69021958561.437,69021958561.437,2860079874,2860079874,False
2024-07-17,24.65,33.931584,2.051805,70334488571.287,70334488571.287,2860079874,2860079874,False
2024-07-18,24.38,33.559919,2.029331,69564090522.027,69564090522.027,2860079874,2860079874,False
2024-07-19,24.6,33.862757,2.047643,70191822265.868,70191822265.868,2860079874,2860079874,False
2024-07-22,24.37,33.546154,2.028498,69535557260.943,69535557260.943,2860079874,2860079874,False
2024-07-23,23.22,31.963139,1.932775,66254232236.32,66254232236.32,2860079874,2860079874,False
2024-07-24,22.74,31.302402,1.892821,64884635704.303,64884635704.303,2860079874,2860079874,False
2024-07-25,22.66,31.192279,1.886162,64656369615.633,64656369615.633,2860079874,2860079874,False
2024-07-26,22.74,31.302402,1.892821,64884635704.303,64884635704.303,2860079874,2860079874,False
2024-07-29,22.45,30.903207,1.868682,64057171132.876,64057171132.876,2860079874,2860079874,False
2024-07-30,22.27,30.655431,1.853699,63543572433.369,63543572433.369,2860079874,2860079874,False
2024-07-31,23.15,31.866782,1.926948,66054499408.734,66054499408.734,2860079874,2860079874,False
2024-08-01,22.94,31.577709,1.909469,65455300925.976,65455300925.976,2860079874,2860079874,False
2024-08-02,22.09,30.407655,1.838717,63029973733.863,63029973733.863,2860079874,2860079874,False
2024-08-05,20.8,28.631925,1.73134,59349183054.067,59349183054.067,2860079874,2860079874,False
2024-08-06,20.93,28.810874,1.742161,59720115448.155,59720115448.155,2860079874,2860079874,False
2024-08-07,20.32,27.971188,1.691386,57979586522.051,57979586522.051,2860079874,2860079874,False
2024-08-08,20.2,27.806004,1.681398,57637187389.046,57637187389.046,2860079874,2860079874,False
2024-08-09,19.95,27.46187,1.660588,56923855861.954,56923855861.954,2860079874,2860079874,False
2024-08-12,19.73,27.159032,1.642276,56296124118.113,56296124118.113,2860079874,2860079874,False
2024-08-13,20.16,27.750942,1.678068,57523054344.712,57523054344.712,2860079874,2860079874,False
2024-08-14,19.89,27.379278,1.655594,56752656295.452,56752656295.452,2860079874,2860079874,False
2024-08-15,20.05,27.599524,1.668912,57209188472.791,57209188472.791,2860079874,2860079874,False
2024-08-16,19.93,27.434339,1.658924,56866789339.787,56866789339.787,2860079874,2860079874,False
2024-08-19,20.03,27.571993,1.667247,57152121950.624,57152121950.624,2860079874,2860079874,False
2024-08-20,19.51,26.856195,1.623964,55668392374.272,55668392374.272,2860079874,2860079874,False
2024-08-21,19.51,26.856195,1.623964,55668392374.272,55668392374.272,2860079874,2860079874,False
2024-08-22,19.08,26.264285,1.588172,54441462147.673,54441462147.673,2860079874,2860079874,False
2024-08-23,19.25,26.498296,1.602322,54926527586.096,54926527586.096,2860079874,2860079874,False
2024-08-26,19.28,26.539592,1.604819,55012127369.347,55012127369.347,2860079874,2860079874,False
2024-08-27,18.91,25.986378,1.564235,53956396709.251,53956396709.251,2860079874,2860079874,False
2024-08-28,19.06,26.19251,1.576643,54384395625.506,54384395625.506,2860079874,2860079874,False
2024-08-29,19.23,26.426127,1.590706,54869461063.929,54869461063.929,2860079874,2860079874,False
2024-08-30,19.74,27.126976,1.632893,56324657379.197,56324657379.197,2860079874,2860079874,False
2024-09-02,19.07,26.206253,1.577471,54412928886.59,54412928886.59,2860079874,2860079874,False
2024-09-03,19.3,26.522322,1.596496,55069193891.515,55069193891.515,2860079874,2860079874,False
2024-09-04,19.06,26.19251,1.576643,54384395625.506,54384395625.506,2860079874,2860079874,False
2024-09-05,19.38,26.632259,1.603114,55297459980.184,55297459980.184,2860079874,2860079874,False
2024-09-06,18.82,25.862699,1.556791,53699597359.498,53699597359.498,2860079874,2860079874,False
2024-09-09,18.63,25.601599,1.541074,53157465398.908,53157465398.908,2860079874,2860079874,False
2024-09-10,18.84,25.890183,1.558445,53756663881.665,53756663881.665,2860079874,2860079874,False
2024-09-11,18.73,25.73902,1.549346,53442798009.744,53442798009.744,2860079874,2860079874,False
2024-09-12,18.55,25.491662,1.534456,52929199310.238,52929199310.238,2860079874,2860079874,False
2024-09-13,18.42,25.313014,1.523703,52558266916.15,52558266916.15,2860079874,2860079874,False
2024-09-18,18.38,25.258045,1.520394,52444133871.815,52444133871.815,2860079874,2860079874,False
2024-09-19,18.7,25.697794,1.546864,53357198226.49299,53357198226.49299,2860079874,2860079874,False
2024-09-20,18.79,25.821473,1.554309,53613997576.247,53613997576.247,2860079874,2860079874,False
2024-09-23,18.87,25.93141,1.560927,53842263664.916,53842263664.916,2860079874,2860079874,False
2024-09-24,19.52,26.824649,1.614695,55696925635.356,55696925635.356,2860079874,2860079874,False
2024-09-25,19.61,26.948328,1.622139,55953724985.109,55953724985.109,2860079874,2860079874,False
2024-09-26,20.35,27.965246,1.683352,58065186305.302,58065186305.302,2860079874,2860079874,False
2024-09-27,21.99,30.218956,1.819013,62744641123.026,62744641123.026,2860079874,2860079874,False
2024-09-30,24.14,33.173515,1.996861,68879292256.019,68879292256.019,2860079874,2860079874,False
2024-10-08,26.55,36.48537,2.196216,75755808177.187,75755808177.187,2860079874,2860079874,False
2024-10-09,25.05,34.42405,2.072136,71475819014.634,71475819014.634,2860079874,2860079874,False
2024-10-10,24.4,33.530811,2.018368,69621157044.195,69621157044.195,2860079874,2860079874,False
2024-10-11,23.02,31.634396,1.904215,65683567014.646,65683567014.646,2860079874,2860079874,False
2024-10-14,23.73,32.610088,1.962946,67709428551.588,67709428551.588,2860079874,2860079874,False
2024-10-15,23.49,32.280276,1.943093,67024630285.579,67024630285.579,2860079874,2860079874,False
2024-10-16,22.91,31.483233,1.895115,65369701142.725,65369701142.725,2860079874,2860079874,False
2024-10-17,23.09,31.730591,1.910005,65883299842.232,65883299842.232,2860079874,2860079874,False
2024-10-18,24.52,33.695716,2.028295,69963556177.199,69963556177.199,2860079874,2860079874,False
2024-10-21,24.8,34.080496,2.051456,70762487487.542,70762487487.542,2860079874,2860079874,False
2024-10-22,24.68,33.915591,2.04153,70420088354.538,70420088354.538,2860079874,2860079874,False
2024-10-23,24.64,33.860622,2.038221,70305955310.203,70305955310.203,2860079874,2860079874,False
2024-10-24,24.73,33.984301,2.045666,70562754659.956,70562754659.956,2860079874,2860079874,False
2024-10-25,24.99,34.341597,2.067173,71304619448.132,71304619448.132,2860079874,2860079874,False
2024-10-28,24.87,34.176691,2.057247,70962220315.128,70962220315.128,2860079874,2860079874,False
2024-10-29,25.38,34.87754,2.099434,72417416630.396,72417416630.396,2860079874,2860079874,False
2024-10-30,25.2,34.630182,2.084544,71903817930.889,71903817930.889,2860079874,2860079874,False
2024-10-31,26.25,35.020431,5.556689,74899810344.676,74899810344.676,2860079874,2860079874,False
2024-11-01,24.68,32.925875,5.224346,70420088354.538,70420088354.538,2860079874,2860079874,False
2024-11-04,25.92,34.580174,5.486833,73958212728.915,73958212728.915,2860079874,2860079874,False
2024-11-05,26.92,35.914285,5.698516,76811538837.283,76811538837.283,2860079874,2860079874,False
2024-11-06,27.22,36.314519,5.762021,77667536669.794,77667536669.794,2860079874,2860079874,False
2024-11-07,27.09,36.141084,5.734503,77296604275.706,77296604275.706,2860079874,2860079874,False
2024-11-08,28.21,37.635289,5.971588,80492329517.079,80492329517.079,2860079874,2860079874,False
2024-11-11,30.59,40.810475,6.475394,87283245654.996,87283245654.996,2860079874,2860079874,False
2024-11-12,28.87,38.515803,6.111299,82375524748.602,82375524748.602,2860079874,2860079874,False
2024-11-13,28.93,38.59585,6.124,82546724315.104,82546724315.104,2860079874,2860079874,False
2024-11-14,27.41,36.568,5.802241,78209668630.384,78209668630.384,2860079874,2860079874,False
2024-11-15,26.42,35.24723,5.592675,75384875783.099,75384875783.099,2860079874,2860079874,False
2024-11-18,25.46,33.966482,5.389459,72645682719.065,72645682719.065,2860079874,2860079874,False
2024-11-19,26.06,34.766949,5.516469,74357678384.086,74357678384.086,2860079874,2860079874,False
2024-11-20,25.97,34.646879,5.497417,74100879034.333,74100879034.333,2860079874,2860079874,False
2024-11-21,25.98,34.66022,5.499534,74129412295.417,74129412295.417,2860079874,2860079874,False
2024-11-22,24.83,33.125992,5.256098,70848087270.793,70848087270.793,2860079874,2860079874,False
2024-11-25,24.45,32.61903,5.175658,69763823349.613,69763823349.613,2860079874,2860079874,False
2024-11-26,24.27,32.37889,5.137555,69250224650.107,69250224650.107,2860079874,2860079874,False
2024-11-27,24.91,33.232721,5.273033,71076353359.463,71076353359.463,2860079874,2860079874,False
2024-11-28,24.94,33.272744,5.279383,71161953142.714,71161953142.714,2860079874,2860079874,False
2024-11-29,25.35,33.81973,5.366174,72331816847.145,72331816847.145,2860079874,2860079874,False
2024-12-02,25.48,33.993165,5.393692,72702749241.233,72702749241.233,2860079874,2860079874,False
2024-12-03,25.0,33.352791,5.292084,71333152709.216,71333152709.216,2860079874,2860079874,False
2024-12-04,24.59,32.805805,5.205294,70163289004.785,70163289004.785,2860079874,2860079874,False
2024-12-05,24.83,33.125992,5.256098,70848087270.793,70848087270.793,2860079874,2860079874,False
2024-12-06,25.24,33.672978,5.342888,72017950975.224,72017950975.224,2860079874,2860079874,False
2024-12-09,24.86,33.166015,5.262449,70933687054.044,70933687054.044,2860079874,2860079874,False
2024-12-10,24.98,33.326109,5.287851,71276086187.048,71276086187.048,2860079874,2860079874,False
2024-12-11,25.14,33.539567,5.32172,71732618364.387,71732618364.387,2860079874,2860079874,False
2024-12-12,25.26,33.69966,5.347122,72075017497.392,72075017497.392,2860079874,2860079874,False
2024-12-13,24.56,32.765782,5.198944,70077689221.534,70077689221.534,2860079874,2860079874,False
2024-12-16,24.98,33.326109,5.287851,71276086187.048,71276086187.048,2860079874,2860079874,False
2024-12-17,25.6,34.153258,5.419094,73045148374.237,73045148374.237,2860079874,2860079874,False
2024-12-18,26.02,34.713585,5.508001,74243545339.752,74243545339.752,2860079874,2860079874,False
2024-12-19,27.59,36.80814,5.840344,78723267329.89,78723267329.89,2860079874,2860079874,False
2024-12-20,27.07,36.114402,5.730269,77239537753.539,77239537753.539,2860079874,2860079874,False
2024-12-23,27.2,36.287837,5.757788,77610470147.627,77610470147.627,2860079874,2860079874,False
2024-12-24,27.27,36.381224,5.772606,77810202975.212,77810202975.212,2860079874,2860079874,False
2024-12-25,27.63,36.861505,5.848812,78837400374.225,78837400374.225,2860079874,2860079874,False
2024-12-26,28.76,38.369051,6.088014,82061658876.682,82061658876.682,2860079874,2860079874,False
2024-12-27,28.96,38.635873,6.130351,82632324098.355,82632324098.355,2860079874,2860079874,False
2024-12-30,29.19,38.942719,6.179038,83288589103.28,83288589103.28,2860079874,2860079874,False
2024-12-31,27.83,37.128327,5.891148,79408065595.899,79408065595.899,2860079874,2860079874,False
2025-01-02,26.01,34.700244,5.505885,74215012078.668,74215012078.668,2860079874,2860079874,False
2025-01-03,24.64,32.872511,5.215878,70305955310.203,70305955310.203,2860079874,2860079874,False
2025-01-06,24.61,32.832488,5.209528,70220355526.952,70220355526.952,2860079874,2860079874,False
2025-01-07,25.41,33.899777,5.378875,72503016413.647,72503016413.647,2860079874,2860079874,False
2025-01-08,24.78,33.059286,5.245514,70705420965.375,70705420965.375,2860079874,2860079874,False
2025-01-09,25.74,34.340034,5.44873,73444614029.408,73444614029.408,2860079874,2860079874,False
2025-01-10,24.68,32.925875,5.224346,70420088354.538,70420088354.538,2860079874,2860079874,False
2025-01-13,24.01,32.032021,5.082518,68508359861.931,68508359861.931,2860079874,2860079874,False
2025-01-14,25.43,33.926459,5.383108,72560082935.814,72560082935.814,2860079874,2860079874,False
2025-01-15,25.2,33.619613,5.334421,71903817930.889,71903817930.889,2860079874,2860079874,False
2025-01-16,25.19,33.606272,5.332304,71875284669.806,71875284669.806,2860079874,2860079874,False
2025-01-17,25.42,33.913118,5.380991,72531549674.731,72531549674.731,2860079874,2860079874,False
2025-01-20,25.61,34.166599,5.421211,73073681635.321,73073681635.321,2860079874,2860079874,False
2025-01-21,26.44,35.273912,5.596908,75441942305.267,75441942305.267,2860079874,2860079874,False
2025-01-22,26.64,35.540734,5.639245,76012607526.94,76012607526.94,2860079874,2860079874,False
2025-01-23,26.04,34.740267,5.512235,74300611861.919,74300611861.919,2860079874,2860079874,False
2025-01-24,26.82,35.780874,5.677348,76526206226.447,76526206226.447,2860079874,2860079874,False
2025-01-27,25.18,33.592931,5.330187,71846751408.722,71846751408.722,2860079874,2860079874,False
2025-02-05,26.19,34.940384,5.543988,74728610778.174,74728610778.174,2860079874,2860079874,False
2025-02-06,27.4,36.554659,5.800124,78181135369.3,78181135369.3,2860079874,2860079874,False
2025-02-07,28.24,37.675313,5.977938,80577929300.33,80577929300.33,2860079874,2860079874,False
2025-02-10,28.5,38.022182,6.032976,81319794088.506,81319794088.506,2860079874,2860079874,False
2025-02-11,28.5,38.022182,6.032976,81319794088.506,81319794088.506,2860079874,2860079874,False
2025-02-12,29.21,38.969401,6.183271,83345655625.448,83345655625.448,2860079874,2860079874,False
2025-02-13,28.58,38.128911,6.049911,81548060177.175,81548060177.175,2860079874,2860079874,False
2025-02-14,30.39,40.543653,6.433058,86712580433.323,86712580433.323,2860079874,2860079874,False
2025-02-17,30.99,41.34412,6.560068,88424576098.344,88424576098.344,2860079874,2860079874,False
2025-02-18,29.19,38.942719,6.179038,83288589103.28,83288589103.28,2860079874,2860079874,False
2025-02-19,29.89,39.876597,6.327216,85285917379.138,85285917379.138,2860079874,2860079874,False
2025-02-20,29.47,39.31627,6.238309,84087520413.623,84087520413.623,2860079874,2860079874,False
2025-02-21,32.42,43.251899,6.862775,92504832433.311,92504832433.311,2860079874,2860079874,False
2025-02-24,33.0,44.025684,6.985551,94159761576.165,94159761576.165,2860079874,2860079874,False
2025-02-25,33.12,44.185778,7.010953,94502160709.169,94502160709.169,2860079874,2860079874,False
2025-02-26,32.97,43.985661,6.979201,94074161792.914,94074161792.914,2860079874,2860079874,False
2025-02-27,31.67,42.251316,6.704012,90364837852.034,90364837852.034,2860079874,2860079874,False
2025-02-28,29.56,39.43634,6.257361,84344319763.377,84344319763.377,2860079874,2860079874,False
2025-03-03,29.2,38.95606,6.181155,83317122364.364,83317122364.364,2860079874,2860079874,False
2025-03-04,29.39,39.209541,6.221374,83859254324.954,83859254324.954,2860079874,2860079874,False
2025-03-05,29.5,39.356293,6.24466,84173120196.875,84173120196.875,2860079874,2860079874,False
2025-03-06,30.72,40.98391,6.502913,87654178049.084,87654178049.084,2860079874,2860079874,False
2025-03-07,29.83,39.79655,6.314515,85114717812.636,85114717812.636,2860079874,2860079874,False
2025-03-10,29.36,39.169518,6.215024,83773654541.703,83773654541.703,2860079874,2860079874,False
2025-03-11,29.15,38.889354,6.17057,83174456058.946,83174456058.946,2860079874,2860079874,False
2025-03-12,29.63,39.529728,6.272178,84544052590.962,84544052590.962,2860079874,2860079874,False
2025-03-13,28.49,38.008841,6.030859,81291260827.422,81291260827.422,2860079874,2860079874,False
2025-03-14,29.54,39.409658,6.253127,84287253241.209,84287253241.209,2860079874,2860079874,False
2025-03-17,29.33,39.129494,6.208673,83688054758.452,83688054758.452,2860079874,2860079874,False
2025-03-18,29.5,39.356293,6.24466,84173120196.875,84173120196.875,2860079874,2860079874,False
2025-03-19,28.99,38.675897,6.136701,82717923881.607,82717923881.607,2860079874,2860079874,False
2025-03-20,28.69,38.275663,6.073196,81861926049.096,81861926049.096,2860079874,2860079874,False
2025-03-21,27.53,36.728094,5.827643,78552067763.388,78552067763.388,2860079874,2860079874,False
2025-03-24,27.77,37.04828,5.878447,79236866029.397,79236866029.397,2860079874,2860079874,False
2025-03-25,27.17,36.247813,5.751437,77524870364.376,77524870364.376,2860079874,2860079874,False
2025-03-26,27.14,36.20779,5.745087,77439270581.125,77439270581.125,2860079874,2860079874,False
2025-03-27,27.24,36.341201,5.766255,77724603191.961,77724603191.961,2860079874,2860079874,False
2025-03-28,27.48,36.661388,5.817059,78409401457.97,78409401457.97,2860079874,2860079874,False
2025-03-31,27.42,36.581341,5.804358,78238201891.468,78238201891.468,2860079874,2860079874,False
2025-04-01,27.34,36.474612,5.787423,78009935802.798,78009935802.798,2860079874,2860079874,False
2025-04-02,27.9,37.221715,5.905966,79607798423.485,79607798423.485,2860079874,2860079874,False
2025-04-03,27.19,36.274496,5.755671,77581936886.543,77581936886.543,2860079874,2860079874,False
2025-04-07,24.47,32.645712,5.179892,69820889871.78,69820889871.78,2860079874,2860079874,False
2025-04-08,23.97,31.978656,5.07405,68394226817.596,68394226817.596,2860079874,2860079874,False
2025-04-09,24.78,33.059286,5.245514,70705420965.375,70705420965.375,2860079874,2860079874,False
2025-04-10,25.66,34.233305,5.431795,73216347940.739,73216347940.739,2860079874,2860079874,False
2025-04-11,25.69,34.273328,5.438146,73301947723.99,73301947723.99,2860079874,2860079874,False
2025-04-14,25.7,34.286669,5.440263,73330480985.074,73330480985.074,2860079874,2860079874,False
2025-04-15,25.71,34.30001,5.44238,73359014246.157,73359014246.157,2860079874,2860079874,False
2025-04-16,25.09,33.472861,5.311136,71589952058.969,71589952058.969,2860079874,2860079874,False
2025-04-17,24.94,33.272744,5.279383,71161953142.714,71161953142.714,2860079874,2860079874,False
2025-04-18,25.05,33.419497,5.302669,71475819014.634,71475819014.634,2860079874,2860079874,False
2025-04-21,25.57,34.113235,5.412744,72959548590.98598,72959548590.98598,2860079874,2860079874,False
2025-04-22,25.08,33.45952,5.309019,71561418797.885,71561418797.885,2860079874,2860079874,False
2025-04-23,25.39,33.873095,5.374641,72445949891.479,72445949891.479,2860079874,2860079874,False
2025-04-24,24.97,33.312768,5.285734,71247552925.965,71247552925.965,2860079874,2860079874,False
2025-04-25,25.2,33.619613,5.334421,71903817930.889,71903817930.889,2860079874,2860079874,False
2025-04-28,24.93,33.259403,5.277267,71133419881.63,71133419881.63,2860079874,2860079874,False
2025-04-29,24.43,46.355589,5.10656,69706756827.446,69706756827.446,2860079874,2860079874,False
2025-04-30,25.14,47.702804,5.25497,71732618364.387,71732618364.387,2860079874,2860079874,False
2025-05-06,25.76,48.879246,5.384568,73501680551.576,73501680551.576,2860079874,2860079874,False
2025-05-07,25.64,48.651547,5.359484,73159281418.572,73159281418.572,2860079874,2860079874,False
2025-05-08,25.72,48.803346,5.376206,73387547507.241,73387547507.241,2860079874,2860079874,False
2025-05-09,25.2,47.816653,5.267512,71903817930.889,71903817930.889,2860079874,2860079874,False
2025-05-12,25.7,48.765396,5.372026,73330480985.074,73330480985.074,2860079874,2860079874,False
2025-05-13,25.45,48.291025,5.319769,72617149457.982,72617149457.982,2860079874,2860079874,False
2025-05-14,25.54,48.461799,5.338581,72873948807.735,72873948807.735,2860079874,2860079874,False
2025-05-15,24.6,46.678162,5.142095,70191822265.868,70191822265.868,2860079874,2860079874,False
2025-05-16,24.52,46.526363,5.125373,69963556177.199,69963556177.199,2860079874,2860079874,False
2025-05-19,24.37,46.24174,5.094018,69535557260.943,69535557260.943,2860079874,2860079874,False
2025-05-20,24.51,46.507388,5.123282,69935022916.115,69935022916.115,2860079874,2860079874,False
2025-05-21,24.35,46.20379,5.089838,69478490738.776,69478490738.776,2860079874,2860079874,False
2025-05-22,24.11,45.748393,5.039671,68793692472.768,68793692472.768,2860079874,2860079874,False
2025-05-23,23.7,44.970424,4.953969,67623828768.336,67623828768.336,2860079874,2860079874,False
2025-05-26,24.28,46.070966,5.075206,69278757911.19,69278757911.19,2860079874,2860079874,False
2025-05-27,23.98,45.50172,5.012497,68422760078.68,68422760078.68,2860079874,2860079874,False
2025-05-28,23.76,45.084273,4.966511,67795028334.839,67795028334.839,2860079874,2860079874,False
2025-05-29,24.4,46.298664,5.100289,69621157044.195,69621157044.195,2860079874,2860079874,False
2025-05-30,24.03,45.596594,5.022949,68565426384.098,68565426384.098,2860079874,2860079874,False
2025-06-03,23.87,45.292997,4.989504,68108894206.759,68108894206.759,2860079874,2860079874,False
2025-06-04,24.17,45.862242,5.052213,68964892039.27,68964892039.27,2860079874,2860079874,False
2025-06-05,24.74,46.94381,5.171359,70591287921.04,70591287921.04,2860079874,2860079874,False
2025-06-06,24.74,46.94381,5.171359,70591287921.04,70591287921.04,2860079874,2860079874,False
2025-06-09,24.84,47.133558,5.192262,70876620531.877,70876620531.877,2860079874,2860079874,False
2025-06-10,24.11,45.748393,5.039671,68793692472.768,68793692472.768,2860079874,2860079874,False
2025-06-11,24.11,45.748393,5.039671,68793692472.768,68793692472.768,2860079874,2860079874,False
2025-06-12,23.92,45.387871,4.999956,68251560512.178,68251560512.178,2860079874,2860079874,False
2025-06-13,23.22,44.05963,4.853636,66254232236.32,66254232236.32,2860079874,2860079874,False
2025-06-16,23.29,44.192455,4.868268,66453965063.905,66453965063.905,2860079874,2860079874,False
2025-06-17,23.09,43.812957,4.826462,65883299842.232,65883299842.232,2860079874,2860079874,False
2025-06-18,23.1,43.831932,4.828552,65911833103.315,65911833103.315,2860079874,2860079874,False
2025-06-19,22.81,43.281661,4.767934,65084368531.888,65084368531.888,2860079874,2860079874,False
2025-06-20,22.71,43.091912,4.747031,64799035921.052,64799035921.052,2860079874,2860079874,False
2025-06-23,22.8,43.262686,4.765844,65055835270.805,65055835270.805,2860079874,2860079874,False
2025-06-24,23.32,44.249379,4.874539,66539564847.156,66539564847.156,2860079874,2860079874,False
2025-06-25,23.71,44.989399,4.95606,67652362029.42,67652362029.42,2860079874,2860079874,False
2025-06-26,23.57,44.723751,4.926796,67252896374.249,67252896374.249,2860079874,2860079874,False
2025-06-27,23.66,44.894524,4.945608,67509695724.002,67509695724.002,2860079874,2860079874,False
2025-06-30,23.99,45.520695,5.014588,68451293339.763,68451293339.763,2860079874,2860079874,False
2025-07-01,23.85,45.255047,4.985324,68051827684.592,68051827684.592,2860079874,2860079874,False
2025-07-02,23.5,44.590927,4.912164,67053163546.663,67053163546.663,2860079874,2860079874,False
2025-07-03,23.89,45.330946,4.993685,68165960728.927,68165960728.927,2860079874,2860079874,False
2025-07-04,23.65,44.87555,4.943518,67481162462.918,67481162462.918,2860079874,2860079874,False
2025-07-07,23.38,44.363228,4.88708,66710764413.659,66710764413.659,2860079874,2860079874,False
2025-07-08,24.16,45.843268,5.050122,68936358778.186,68936358778.186,2860079874,2860079874,False
2025-07-09,23.98,45.50172,5.012497,68422760078.68,68422760078.68,2860079874,2860079874,False
2025-07-10,24.03,45.596594,5.022949,68565426384.098,68565426384.098,2860079874,2860079874,False
2025-07-11,24.24,45.995066,5.066845,69164624866.856,69164624866.856,2860079874,2860079874,False
2025-07-14,24.15,45.824293,5.048032,68907825517.102,68907825517.102,2860079874,2860079874,False
2025-07-15,24.85,47.152533,5.194352,70905153792.96,70905153792.96,2860079874,2860079874,False
2025-07-16,24.67,46.810986,5.156727,70391555093.454,70391555093.454,2860079874,2860079874,False
2025-07-17,25.02,47.475106,5.229887,71390219231.383,71390219231.383,2860079874,2860079874,False
2025-07-18,24.85,47.152533,5.194352,70905153792.96,70905153792.96,2860079874,2860079874,False
2025-07-21,24.72,46.90586,5.167178,70534221398.872,70534221398.872,2860079874,2860079874,False
2025-07-22,24.59,46.659187,5.140004,70163289004.785,70163289004.785,2860079874,2860079874,False
2025-07-23,24.45,46.393539,5.110741,69763823349.613,69763823349.613,2860079874,2860079874,False
2025-07-24,24.88,47.209458,5.200623,70990753576.211,70990753576.211,2860079874,2860079874,False
2025-07-25,25.04,47.513055,5.234067,71447285753.55,71447285753.55,2860079874,2860079874,False
2025-07-28,24.84,47.133558,5.192262,70876620531.877,70876620531.877,2860079874,2860079874,False
2025-07-29,25.1,47.626905,5.246609,71618485320.053,71618485320.053,2860079874,2860079874,False
2025-07-30,24.75,46.962784,5.173449,70619821182.124,70619821182.124,2860079874,2860079874,False
2025-07-31,24.73,46.924835,5.169268,70562754659.956,70562754659.956,2860079874,2860079874,False
2025-08-01,24.5,46.488413,5.121192,69906489655.031,69906489655.031,2860079874,2860079874,False
2025-08-04,24.54,46.564312,5.129553,70020622699.366,70020622699.366,2860079874,2860079874,False
2025-08-05,24.51,46.507388,5.123282,69935022916.115,69935022916.115,2860079874,2860079874,False
2025-08-06,24.9,47.247407,5.204803,71047820098.379,71047820098.379,2860079874,2860079874,False
2025-08-07,24.75,46.962784,5.173449,70619821182.124,70619821182.124,2860079874,2860079874,False
2025-08-08,24.31,46.12789,5.081477,69364357694.441,69364357694.441,2860079874,2860079874,False
2025-08-11,24.8,47.057659,5.1839,70762487487.542,70762487487.542,2860079874,2860079874,False
2025-08-12,24.98,47.399206,5.221526,71276086187.048,71276086187.048,2860079874,2860079874,False
2025-08-13,25.33,48.063326,5.294685,72274750324.977,72274750324.977,2860079874,2860079874,False
2025-08-14,25.12,47.664854,5.250789,71675551842.22,71675551842.22,2860079874,2860079874,False
2025-08-15,25.4,48.19615,5.309317,72474483152.563,72474483152.563,2860079874,2860079874,False
2025-08-18,26.46,50.207486,5.530887,75499008827.434,75499008827.434,2860079874,2860079874,False
2025-08-19,26.2,49.714139,5.47654,74757144039.258,74757144039.258,2860079874,2860079874,False
2025-08-20,27.71,52.579344,5.792173,79065666462.895,79065666462.895,2860079874,2860079874,False
2025-08-21,27.25,51.7065,5.69602,77753136453.045,77753136453.045,2860079874,2860079874,False
2025-08-22,28.5,54.078358,5.957305,81319794088.506,81319794088.506,2860079874,2860079874,False
2025-08-25,28.62,54.306056,5.982388,81662193221.51,81662193221.51,2860079874,2860079874,False
2025-08-26,28.25,53.603986,5.905048,80606462561.414,80606462561.414,2860079874,2860079874,False
2025-08-27,27.47,52.123947,5.742006,78380868196.886,78380868196.886,2860079874,2860079874,False
2025-08-28,28.39,53.869634,5.934312,81005928216.585,81005928216.585,2860079874,2860079874,False
2025-08-29,27.9,52.939866,5.831888,79607798423.485,79607798423.485,2860079874,2860079874,False
2025-09-01,29.09,51.581931,5.896882,83003256492.443,83003256492.443,2860079874,2860079874,False
2025-09-02,27.41,48.602981,5.556326,78209668630.384,78209668630.384,2860079874,2860079874,False
2025-09-03,28.66,50.819462,5.809716,81776326265.845,81776326265.845,2860079874,2860079874,False
2025-09-04,27.66,49.046278,5.607004,78923000157.476,78923000157.476,2860079874,2860079874,False
2025-09-05,28.13,49.879674,5.702278,80264063428.41,80264063428.41,2860079874,2860079874,False
2025-09-08,27.8,49.294523,5.635384,79322465812.648,79322465812.648,2860079874,2860079874,False
2025-09-09,26.35,46.723406,5.341452,75185142955.513,75185142955.513,2860079874,2860079874,False
2025-09-10,26.51,47.007116,5.373886,75641675132.852,75641675132.852,2860079874,2860079874,False
2025-09-11,28.67,50.837194,5.811743,81804859526.929,81804859526.929,2860079874,2860079874,False
2025-09-12,29.28,51.918836,5.935397,83545388453.033,83545388453.033,2860079874,2860079874,False
2025-09-15,28.76,50.99678,5.829987,82061658876.682,82061658876.682,2860079874,2860079874,False
2025-09-16,29.64,52.557182,6.008373,84572585852.046,84572585852.046,2860079874,2860079874,False
2025-09-17,29.41,52.14935,5.961749,83916320847.121,83916320847.121,2860079874,2860079874,False
2025-09-18,30.94,54.862322,6.271898,88281909792.925,88281909792.925,2860079874,2860079874,False
2025-09-19,30.15,53.461506,6.111756,86027782167.314,86027782167.314,2860079874,2860079874,False
2025-09-22,30.47,54.028925,6.176624,86940846521.992,86940846521.992,2860079874,2860079874,False
2025-09-23,29.44,52.202546,5.967831,84001920630.372,84001920630.372,2860079874,2860079874,False
2025-09-24,30.5,54.082121,6.182705,87026446305.243,87026446305.243,2860079874,2860079874,False
2025-09-25,31.51,55.873037,6.387444,89908305674.695,89908305674.695,2860079874,2860079874,False
2025-09-26,29.93,53.071406,6.067159,85400050423.473,85400050423.473,2860079874,2860079874,False
2025-09-29,30.12,53.408311,6.105675,85942182384.063,85942182384.063,2860079874,2860079874,False
2025-09-30,30.18,53.514702,6.117837,86113381950.565,86113381950.565,2860079874,2860079874,False
2025-10-09,31.05,55.057372,6.294196,88595775664.846,88595775664.846,2860079874,2860079874,False
2025-10-10,29.29,51.936568,5.937424,83573921714.117,83573921714.117,2860079874,2860079874,False
2025-10-13,29.01,51.440076,5.880665,82774990403.774,82774990403.774,2860079874,2860079874,False
2025-10-14,27.87,49.418646,5.649573,79522198640.234,79522198640.234,2860079874,2860079874,False
2025-10-15,28.43,50.411629,5.763092,81120061260.92,81120061260.92,2860079874,2860079874,False
2025-10-16,28.24,50.074724,5.724577,80577929300.33,80577929300.33,2860079874,2860079874,False
2025-10-17,27.09,48.035563,5.491458,77296604275.706,77296604275.706,2860079874,2860079874,False
2025-10-20,27.37,48.532054,5.548218,78095535586.049,78095535586.049,2860079874,2860079874,False
2025-10-21,28.05,49.737819,5.686061,80035797339.74,80035797339.74,2860079874,2860079874,False
2025-10-22,27.69,49.099473,5.613085,79008599940.727,79008599940.727,2860079874,2860079874,False
2025-10-23,27.37,48.532054,5.548218,78095535586.049,78095535586.049,2860079874,2860079874,False
2025-10-24,28.11,49.84421,5.698224,80206996906.242,80206996906.242,2860079874,2860079874,False
2025-10-27,28.56,50.642143,5.789444,81490993655.008,81490993655.008,2860079874,2860079874,False
2025-10-28,28.33,50.234311,5.742821,80834728650.083,80834728650.083,2860079874,2860079874,False
2025-10-29,28.51,50.553484,5.779309,81348327349.59,81348327349.59,2860079874,2860079874,False
2025-10-30,28.1,49.826479,5.696197,80178463645.158,80178463645.158,2860079874,2860079874,False
2025-10-31,27.08,55.533653,5.35287,77268071014.622,77268071014.622,2860079874,2860079874,False
2025-11-03,27.21,55.800248,5.378567,77639003408.71,77639003408.71,2860079874,2860079874,False
2025-11-04,26.66,54.672348,5.269849,76069674049.108,76069674049.108,2860079874,2860079874,False
2025-11-05,26.44,54.221189,5.226362,75441942305.267,75441942305.267,2860079874,2860079874,False
2025-11-06,26.68,54.713363,5.273803,76126740571.275,76126740571.275,2860079874,2860079874,False
2025-11-07,26.29,53.91358,5.196712,75013943389.011,75013943389.011,2860079874,2860079874,False
2025-11-10,26.45,54.241696,5.228339,75470475566.35,75470475566.35,2860079874,2860079874,False
2025-11-11,26.12,53.564957,5.163108,74528877950.589,74528877950.589,2860079874,2860079874,False
2025-11-12,25.83,52.970246,5.105784,73701413379.162,73701413379.162,2860079874,2860079874,False
2025-11-13,25.9,53.113797,5.119621,73901146206.747,73901146206.747,2860079874,2860079874,False
2025-11-14,25.35,51.985898,5.010903,72331816847.145,72331816847.145,2860079874,2860079874,False
2025-11-17,25.41,52.108941,5.022763,72503016413.647,72503016413.647,2860079874,2860079874,False
2025-11-18,25.75,52.806188,5.089971,73473147290.492,73473147290.492,2860079874,2860079874,False
2025-11-19,25.34,51.96539,5.008926,72303283586.061,72303283586.061,2860079874,2860079874,False
2025-11-20,24.61,50.468361,4.864628,70220355526.952,70220355526.952,2860079874,2860079874,False
2025-11-21,24.08,49.381476,4.759864,68708092689.517,68708092689.517,2860079874,2860079874,False
2025-11-24,24.45,50.140245,4.833001,69763823349.613,69763823349.613,2860079874,2860079874,False
2025-11-25,24.7,50.652926,4.882418,70477154876.705,70477154876.705,2860079874,2860079874,False
2025-11-26,24.98,51.227129,4.937766,71276086187.048,71276086187.048,2860079874,2860079874,False
2025-11-27,24.8,50.857999,4.902185,70762487487.542,70762487487.542,2860079874,2860079874,False
2025-11-28,24.92,51.104086,4.925906,71104886620.546,71104886620.546,2860079874,2860079874,False
2025-12-01,25.46,52.211478,5.032647,72645682719.065,72645682719.065,2860079874,2860079874,False
2025-12-02,25.11,51.493724,4.963463,71647018581.136,71647018581.136,2860079874,2860079874,False
2025-12-03,24.81,50.878506,4.904162,70791020748.626,70791020748.626,2860079874,2860079874,False
2025-12-04,24.97,51.206622,4.935789,71247552925.965,71247552925.965,2860079874,2860079874,False
2025-12-05,24.99,51.247636,4.939742,71304619448.132,71304619448.132,2860079874,2860079874,False
2025-12-08,25.43,52.149956,5.026717,72560082935.814,72560082935.814,2860079874,2860079874,False
2025-12-09,25.48,52.252492,5.0366,72702749241.233,72702749241.233,2860079874,2860079874,False
2025-12-10,25.5,52.293507,5.040553,72759815763.4,72759815763.4,2860079874,2860079874,False
2025-12-11,24.66,50.570897,4.874512,70363021832.37,70363021832.37,2860079874,2860079874,False
2025-12-12,25.05,51.37068,4.951603,71475819014.634,71475819014.634,2860079874,2860079874,False
2025-12-15,24.42,50.078723,4.827071,69678223566.362,69678223566.362,2860079874,2860079874,False
2025-12-16,23.98,49.176403,4.740097,68422760078.68,68422760078.68,2860079874,2860079874,False
2025-12-17,24.5,50.242781,4.842885,69906489655.031,69906489655.031,2860079874,2860079874,False
2025-12-18,24.32,49.87365,4.807304,69392890955.525,69392890955.525,2860079874,2860079874,False
2025-12-19,24.43,50.09923,4.829048,69706756827.446,69706756827.446,2860079874,2860079874,False
2025-12-22,24.83,50.91952,4.908115,70848087270.793,70848087270.793,2860079874,2860079874,False
2025-12-23,24.69,50.632419,4.880442,70448621615.621,70448621615.621,2860079874,2860079874,False
2025-12-24,24.64,50.529882,4.870558,70305955310.203,70305955310.203,2860079874,2860079874,False
2025-12-25,24.63,50.509375,4.868582,70277422049.119,70277422049.119,2860079874,2860079874,False
2025-12-26,24.76,50.77597,4.894279,70648354443.207,70648354443.207,2860079874,2860079874,False
2025-12-29,24.75,50.755462,4.892302,70619821182.124,70619821182.124,2860079874,2860079874,False
2025-12-30,24.73,50.714448,4.888349,70562754659.956,70562754659.956,2860079874,2860079874,False
2025-12-31,24.6,50.447853,4.862652,70191822265.868,70191822265.868,2860079874,2860079874,False
2026-01-05,25.25,51.780825,4.991136,72046484236.308,72046484236.308,2860079874,2860079874,False
2026-01-06,25.49,52.272999,5.038577,72731282502.316,72731282502.316,2860079874,2860079874,False
2026-01-07,25.4,52.088434,5.020787,72474483152.563,72474483152.563,2860079874,2860079874,False
2026-01-08,25.69,52.683144,5.078111,73301947723.99,73301947723.99,2860079874,2860079874,False
2026-01-09,25.91,53.134304,5.121598,73929679467.831,73929679467.831,2860079874,2860079874,False
2026-01-12,27.0,55.369595,5.337057,77039804925.953,77039804925.953,2860079874,2860079874,False
2026-01-13,26.17,53.667493,5.172992,74671544256.007,74671544256.007,2860079874,2860079874,False
2026-01-14,27.08,55.533653,5.35287,77268071014.622,77268071014.622,2860079874,2860079874,False
2026-01-15,26.89,55.144015,5.315313,76725939054.032,76725939054.032,2860079874,2860079874,False
2026-01-16,27.07,55.513146,5.350893,77239537753.539,77239537753.539,2860079874,2860079874,False
2026-01-19,27.82,57.05119,5.499145,79379532334.815,79379532334.815,2860079874,2860079874,False
2026-01-20,26.75,54.856914,5.287639,76326473398.861,76326473398.861,2860079874,2860079874,False
2026-01-21,26.59,54.528798,5.256012,75869941221.522,75869941221.522,2860079874,2860079874,False
2026-01-22,26.39,54.118652,5.216479,75299275999.848,75299275999.848,2860079874,2860079874,False
2026-01-23,26.56,54.467276,5.250082,75784341438.271,75784341438.271,2860079874,2860079874,False
2026-01-26,26.0,53.318869,5.139388,74186478817.584,74186478817.584,2860079874,2860079874,False
2026-01-27,25.88,53.072782,5.115668,73844079684.58,73844079684.58,2860079874,2860079874,False
2026-01-28,25.73,52.765173,5.086017,73416080768.325,73416080768.325,2860079874,2860079874,False
2026-01-29,25.52,52.334521,5.044507,72816882285.567,72816882285.567,2860079874,2860079874,False
2026-01-30,25.02,51.309158,4.945672,71390219231.383,71390219231.383,2860079874,2860079874,False
2026-02-02,24.49,50.222274,4.840908,69877956393.948,69877956393.948,2860079874,2860079874,False
2026-02-03,24.89,51.042564,4.919976,71019286837.295,71019286837.295,2860079874,2860079874,False
2026-02-04,24.81,50.878506,4.904162,70791020748.626,70791020748.626,2860079874,2860079874,False
2026-02-05,24.47,50.181259,4.836955,69820889871.78,69820889871.78,2860079874,2860079874,False
2026-02-06,24.35,49.935172,4.813234,69478490738.776,69478490738.776,2860079874,2860079874,False
2026-02-09,25.15,51.575753,4.971369,71761151625.471,71761151625.471,2860079874,2860079874,False
2026-02-10,25.31,51.903869,5.002996,72217683802.81,72217683802.81,2860079874,2860079874,False
2026-02-11,25.13,51.534738,4.967416,71704085103.304,71704085103.304,2860079874,2860079874,False
2026-02-12,25.62,52.539594,5.064274,73102214896.404,73102214896.404,2860079874,2860079874,False
2026-02-13,25.5,52.293507,5.040553,72759815763.4,72759815763.4,2860079874,2860079874,False
2026-02-24,25.46,52.211478,5.032647,72645682719.065,72645682719.065,2860079874,2860079874,False
2026-02-25,25.28,51.842347,4.997066,72132084019.559,72132084019.559,2860079874,2860079874,False
2026-02-26,25.73,52.765173,5.086017,73416080768.325,73416080768.325,2860079874,2860079874,False
2026-02-27,25.95,53.216333,5.129504,74043812512.166,74043812512.166,2860079874,2860079874,False
2026-03-02,25.08,51.432202,4.957533,71561418797.885,71561418797.885,2860079874,2860079874,False
2026-03-03,23.86,48.930316,4.716377,68080360945.675,68080360945.675,2860079874,2860079874,False
2026-03-04,23.56,48.315099,4.657076,67224363113.165,67224363113.165,2860079874,2860079874,False
2026-03-05,24.1,49.422491,4.763817,68765159211.684,68765159211.684,2860079874,2860079874,False
2026-03-06,24.13,49.484012,4.769747,68850758994.935,68850758994.935,2860079874,2860079874,False
2026-03-09,24.26,49.750607,4.795444,69221691389.023,69221691389.023,2860079874,2860079874,False
2026-03-10,24.92,51.104086,4.925906,71104886620.546,71104886620.546,2860079874,2860079874,False
2026-03-11,25.23,51.739811,4.987183,71989417714.141,71989417714.141,2860079874,2860079874,False
2026-03-12,26.52,54.385247,5.242176,75670208393.936,75670208393.936,2860079874,2860079874,False
2026-03-13,25.8,52.908724,5.099854,73615813595.911,73615813595.911,2860079874,2860079874,False
2026-03-16,25.39,52.067927,5.01881,72445949891.479,72445949891.479,2860079874,2860079874,False
2026-03-17,24.45,50.140245,4.833001,69763823349.613,69763823349.613,2860079874,2860079874,False
2026-03-18,26.3,53.934087,5.198689,75042476650.095,75042476650.095,2860079874,2860079874,False
2026-03-19,26.77,54.897928,5.291593,76383539921.028,76383539921.028,2860079874,2860079874,False
2026-03-20,26.18,53.688,5.174968,74700077517.091,74700077517.091,2860079874,2860079874,False
2026-03-23,25.4,52.088434,5.020787,72474483152.563,72474483152.563,2860079874,2860079874,False
2026-03-24,25.7,52.703652,5.080087,73330480985.074,73330480985.074,2860079874,2860079874,False
2026-03-25,26.34,54.016116,5.206595,75156609694.43,75156609694.43,2860079874,2860079874,False
2026-03-26,25.4,52.088434,5.020787,72474483152.563,72474483152.563,2860079874,2860079874,False
2026-03-27,25.14,51.555245,4.969393,71732618364.387,71732618364.387,2860079874,2860079874,False
2026-03-30,24.82,50.899013,4.906139,70819554009.709,70819554009.709,2860079874,2860079874,False
2026-03-31,24.9,51.063071,4.921952,71047820098.379,71047820098.379,2860079874,2860079874,False
2026-04-01,25.29,51.862854,4.999043,72160617280.643,72160617280.643,2860079874,2860079874,False
2026-04-02,24.2,49.627563,4.783584,69050491822.521,69050491822.521,2860079874,2860079874,False
2026-04-03,25.62,52.539594,5.064274,73102214896.404,73102214896.404,2860079874,2860079874,False
2026-04-07,25.13,51.534738,4.967416,71704085103.304,71704085103.304,2860079874,2860079874,False
2026-04-08,26.46,54.262203,5.230316,75499008827.434,75499008827.434,2860079874,2860079874,False
2026-04-09,27.02,55.41061,5.34101,77096871448.12,77096871448.12,2860079874,2860079874,False
2026-04-10,27.09,55.554161,5.354847,77296604275.706,77296604275.706,2860079874,2860079874,False
2026-04-13,28.24,57.912495,5.582166,80577929300.33,80577929300.33,2860079874,2860079874,False
2026-04-14,27.86,57.133219,5.507052,79493665379.15,79493665379.15,2860079874,2860079874,False
2026-04-15,27.48,46.629475,5.329718,78409401457.97,78409204069.185,2860079874,2860072674,False
2026-04-16,28.09,47.664555,5.448027,80149930384.075,80149728613.661,2860079874,2860072674,False
2026-04-17,27.7,47.002783,5.372386,79037133201.811,79036934232.767,2860079874,2860072674,False
2026-04-20,28.41,48.207547,5.51009,81062994738.753,81062790669.78,2860079874,2860072674,False
2026-04-21,27.61,46.850066,5.354931,78780333852.058,78780135529.483,2860079874,2860072674,False
2026-04-22,29.92,50.769793,5.802953,85371517162.389,85371302247.09,2860079874,2860072674,False
2026-04-23,31.2,52.941762,6.051208,89023774581.101,89023550471.564,2860079874,2860072674,False
2026-04-24,31.32,53.145384,6.074482,89366173714.105,89365948742.608,2860079874,2860072674,False
2026-04-27,32.19,54.6216,6.2432,91848567428.326,91848336207.621,2860079874,2860072674,False
2026-04-28,31.58,53.5866,6.1249,90108038502.361,90107811663.285,2860079874,2860072674,False
2026-04-29,32.42,43.6371,5.9717,92504832433.231,92504599560.436,2860079874,2860072674,False
2026-04-30,31.99,43.0583,5.8925,91277902206.453,91277672422.347,2860079874,2860072674,False
2026-05-06,31.85,42.8699,5.8667,90878436551.641,90878207773.155,2860079874,2860072674,False
2026-05-07,32.93,44.3236,6.0656,93960028748.759,93959792212.635,2860079874,2860072674,False
2026-05-08,33.17,44.6466,6.1098,94644827015.006,94644588754.963,2860079874,2860072674,False
2026-05-11,31.69,42.6545,5.8372,90421904374.142,90421676744.936,2860079874,2860072674,False
2026-05-12,30.69,41.3085,5.653,87568578265.773,87568357819.565,2860079874,2860072674,False
2026-05-13,32.91,44.2966,6.0619,93902962226.072,93902725833.609,2860079874,2860072674,False
2026-05-14,32.14,43.2602,5.9201,91705901122.609,91705670261.053,2860079874,2860072674,False
2026-05-15,31.91,42.9506,5.8777,91049636117.704,91049406908.238,2860079874,2860072674,False
2026-05-18,31.83,42.843,5.863,90821370028.954,90821141394.128,2860079874,2860072674,False
2026-05-19,32.49,43.7313,5.9846,92704565260.637,92704331885.033,2860079874,2860072674,False
2026-05-20,32.21,43.3544,5.933,91905633951.012,91905402586.647,2860079874,2860072674,False
2026-05-21,29.25,39.3703,5.3878,83459788670.281,83459578567.59,2860079874,2860072674,False
2026-05-22,29.86,40.1914,5.5001,85200317596.246,85200103111.926,2860079874,2860072674,False
2026-05-25,31.04,41.7796,5.7175,88567242403.802,88567019443.545,2860079874,2860072674,False
2026-05-26,28.9,38.8992,5.3233,82461124532.252,82460916943.611,2860079874,2860072674,False
2026-05-27,28.02,37.7147,5.1612,79950197556.01,79949996288.406,2860079874,2860072674,False
2026-05-28,28.92,38.9261,5.327,82518191053.941,82517983321.639,2860079874,2860072674,False
2026-05-29,28.64,38.5492,5.2754,81719259743.318,81719054022.256,2860079874,2860072674,False
2026-06-01,27.84,37.4724,5.1281,79436598856.823,79436398882.159,2860079874,2860072674,False
2026-06-02,28.21,37.9705,5.1962,80492329517.538,80492126885.165,2860079874,2860072674,False
2026-06-03,28.22,37.9839,5.1981,80520862777.883,80520660073.68,2860079874,2860072674,False
2026-06-04,27.72,37.3109,5.106,79094199723.699,79094000610.995,2860079874,2860072674,False
2026-06-05,27.87,37.5128,5.1336,79522198639.855,79521998449.701,2860079874,2860072674,False
2026-06-08,25.91,34.8747,4.7726,73929679467.492,73929493356.01402,2860079874,2860072674,False
2026-06-09,26.38,35.5073,4.8591,75270742738.645,75270553251.158,2860079874,2860072674,False
2026-06-10,25.92,34.8881,4.7744,73958212728.835,73958026545.527,2860079874,2860072674,False
2026-06-11,25.35,34.1209,4.6694,72331816847.244,72331634758.245,2860079874,2860072674,False
2026-06-12,25.15,33.8517,4.6887,71931008831.0,71930827751.0,2860079874,2860072674,False
2026-06-15,26.48,35.6419,4.8776,75734915752.0,75734725096.0,2860079874,2860072674,False
2026-06-16,26.78,36.0457,4.9328,76592939722.0,76592746906.0,2860079874,2860072674,False
2026-06-17,27.21,36.6245,5.012,77822774079.0,77822578167.0,2860079874,2860072674,False
2026-06-18,27.45,36.9475,5.0562,78509193255.0,78508995615.0,2860079874,2860072674,False
2026-06-22,27.89,37.5397,5.1373,79767628411.0,79767427603.0,2860079874,2860072674,False
2026-06-23,26.91,36.2207,4.9568,76964750109.0,76964556357.0,2860079874,2860072674,False
2026-06-24,27.66,37.23,5.16,79110000000.0,79110000000.0,2860079874,2860072674,False
2026-06-25,28.39,38.21,5.29,81198000000.0,81197000000.0,2860079874,2860072674,False
2026-06-26,25.62,34.48,4.78,73275000000.0,73275000000.0,2860079874,2860072674,False
2026-06-29,26.24,35.32,4.89,75048000000.0,75048000000.0,2860079874,2860072674,False
2026-06-30,28.86,38.85,5.38,82542000000.0,82542000000.0,2860079874,2860072674,False
2026-07-01,29.93,40.29,5.58,85602000000.0,85602000000.0,2860079874,2860072674,False
2026-07-02,29.03,39.07,5.41,83028000000.0,83028000000.0,2860079874,2860072674,False
2026-07-03,30.28,40.76,5.65,86603000000.0,86603000000.0,2860079874,2860072674,False
2026-07-06,33.31,44.84,6.21,95269000000.0,95269000000.0,2860079874,2860072674,False
2026-07-07,31.48,42.37,5.87,90035000000.0,90035000000.0,2860079874,2860072674,False
2026-07-08,33.62,45.25,6.27,96156000000.0,96156000000.0,2860079874,2860072674,False
2026-07-09,35.68,48.03,6.65,102048000000.0,102047000000.0,2860079874,2860072674,False
2026-07-10,38.41,51.7,7.16,109856000000.0,109855000000.0,2860079874,2860072674,False
2026-07-13,38.4,51.69,7.16,109827000000.0,109827000000.0,2860079874,2860072674,False
2026-07-14,36.98,49.77,6.89,105766000000.0,105765000000.0,2860079874,2860072674,False
2026-07-15,35.53,47.82,6.62,101619000000.0,101618000000.0,2860079874,2860072674,False
2026-07-16,38.59,51.94,7.19,110370000000.0,110370000000.0,2860079874,2860072674,False
2026-07-17,35.13,47.28,6.55,100475000000.0,100474000000.0,2860079874,2860072674,False
2026-07-20,37.69,50.73,7.03,107796000000.0,107796000000.0,2860079874,2860072674,False
2026-07-21,41.46,55.8,7.73,118579000000.0,118579000000.0,2860079874,2860072674,False
2026-07-22,44.9,60.44,8.37,128418000000.0,128417000000.0,2860079874,2860072674,False
2026-07-23,42.45,57.14,7.91,121410000000.0,121410000000.0,2860079874,2860072674,False
2026-07-24,41.45,55.79,7.73,118550000000.0,118550000000.0,2860079874,2860072674,False
2026-07-27,41.47,55.82,7.73,118608000000.0,118607000000.0,2860079874,2860072674,False
2026-07-28,41.48,55.83,7.73,118636000000.0,118636000000.0,2860079874,2860072674,False
2026-07-29,37.33,50.25,6.96,106767000000.0,106767000000.0,2860079874,2860072674,False
2026-07-30,33.6,45.23,6.26,96099000000.0,96098000000.0,2860079874,2860072674,False
2026-07-31,34.89,46.96,6.5,99788000000.0,99788000000.0,2860079874,2860072674,False
2026-08-03,33.1,44.55,6.17,94669000000.0,94668000000.0,2860079874,2860072674,False
2026-08-04,34.32,46.19,6.4,98158000000.0,98158000000.0,2860079874,2860072674,False
2026-08-05,36.94,49.72,6.89,105651000000.0,105651000000.0,2860079874,2860072674,False
2026-08-06,37.94,51.07,7.07,108511000000.0,108511000000.0,2860079874,2860072674,False
2026-08-07,38.0,51.15,7.08,108683000000.0,108683000000.0,2860079874,2860072674,False
2026-08-10,37.63,50.65,7.02,107625000000.0,107625000000.0,2860079874,2860072674,False
2026-08-11,37.39,50.33,6.97,106938000000.0,106938000000.0,2860079874,2860072674,False
2026-08-12,37.0,49.8,6.9,105823000000.0,105823000000.0,2860079874,2860072674,False
2026-08-13,39.6,53.3,7.38,113259000000.0,113259000000.0,2860079874,2860072674,False
2026-08-14,39.95,53.77,7.45,114260000000.0,114260000000.0,2860079874,2860072674,False
2026-08-17,41.03,55.23,7.65,117349000000.0,117349000000.0,2860079874,2860072674,False
2026-08-18,39.25,52.83,7.32,112258000000.0,112258000000.0,2860079874,2860072674,False
2026-08-19,35.33,47.55,6.59,101047000000.0,101046000000.0,2860079874,2860072674,False
2026-08-20,35.66,48.0,6.65,101990000000.0,101990000000.0,2860079874,2860072674,False
2026-08-21,36.44,49.05,6.79,104221000000.0,104221000000.0,2860079874,2860072674,False
2026-08-24,34.49,46.42,6.43,98644000000.0,98644000000.0,2860079874,2860072674,False
2026-08-25,35.1,47.24,6.54,100389000000.0,100389000000.0,2860079874,2860072674,False
2026-08-26,34.9,46.98,6.51,99817000000.0,99817000000.0,2860079874,2860072674,False
2026-08-27,36.43,49.03,6.79,104193000000.0,104192000000.0,2860079874,2860072674,False
2026-08-28,35.89,48.31,6.69,102648000000.0,102648000000.0,2860079874,2860072674,False
