date,close,pe_ttm,pb,total_mv,float_mv,total_share,float_share,is_st
2020-01-02,3.02,-11.199479,2.494527,20075896962.737,16247678811.04,6681442413,5407376344,False
2020-01-03,3.03,-11.236563,2.502787,20142373442.746,16301479072.004,6681442413,5407376344,False
2020-01-06,2.93,-10.86572,2.420187,19477608642.655,15763476462.367,6681442413,5407376344,False
2020-01-07,2.97,-11.014057,2.453227,19743514562.692,15978677506.222,6681442413,5407376344,False
2020-01-08,2.86,-10.606129,2.362367,19012273282.592,15386874635.621,6681442413,5407376344,False
2020-01-09,2.91,-10.791551,2.403667,19344655682.637,15655875940.439,6681442413,5407376344,False
2020-01-10,2.87,-10.643214,2.370627,19078749762.601,15440674896.584,6681442413,5407376344,False
2020-01-13,3.16,-11.71866,2.610167,21006567682.864,17000882464.532,6681442413,5407376344,False
2020-01-14,3.15,-11.681576,2.601907,20940091202.855,16947082203.568,6681442413,5407376344,False
2020-01-15,3.17,-11.755745,2.618427,21073044162.873,17054682725.496,6681442413,5407376344,False
2020-01-16,3.27,-12.126588,2.701028,21737808962.963,17592685335.133,6681442413,5407376344,False
2020-01-17,3.03,-11.236563,2.502787,20142373442.746,16301479072.004,6681442413,5407376344,False
2020-01-20,3.17,-11.755745,2.618427,21073044162.873,17054682725.496,6681442413,5407376344,False
2020-01-21,3.16,-11.71866,2.610167,21006567682.864,17000882464.532,6681442413,5407376344,False
2020-01-22,3.25,-12.05242,2.684508,21604856002.945,17485084813.205,6681442413,5407376344,False
2020-01-23,3.05,-11.310732,2.519307,20275326402.764,16409079593.931,6681442413,5407376344,False
2020-02-03,2.75,-10.198201,2.271506,18281032002.492,14795071765.02,6681442413,5407376344,False
2020-02-04,2.84,-10.53196,2.345847,18879320322.574,15279274113.693,6681442413,5407376344,False
2020-02-05,2.84,-10.53196,2.345847,18879320322.574,15279274113.693,6681442413,5407376344,False
2020-02-06,2.9,-10.754467,2.395407,19278179202.628,15602075679.476,6681442413,5407376344,False
2020-02-07,2.93,-10.86572,2.420187,19477608642.655,15763476462.367,6681442413,5407376344,False
2020-02-10,3.22,-11.941166,2.659728,21405426562.918,17323684030.314,6681442413,5407376344,False
2020-02-11,3.2,-11.866998,2.643207,21272473602.9,17216083508.387,6681442413,5407376344,False
2020-02-12,3.23,-11.978251,2.667988,21471903042.927,17377484291.278,6681442413,5407376344,False
2020-02-13,3.18,-11.792829,2.626687,21139520642.882,17108482986.459,6681442413,5407376344,False
2020-02-14,3.36,-12.460348,2.775368,22336097283.045,18076887683.806,6681442413,5407376344,False
2020-02-17,3.38,-12.534516,2.791888,22469050243.063,18184488205.734,6681442413,5407376344,False
2020-02-18,3.56,-13.202035,2.940568,23665626883.226,19152892903.08,6681442413,5407376344,False
2020-02-19,3.84,-14.240397,3.171849,25526968323.48,20659300210.064,6681442413,5407376344,False
2020-02-20,3.97,-14.722494,3.279229,26391162563.598,21358703602.592,6681442413,5407376344,False
2020-02-21,4.37,-16.205869,3.60963,29050221763.96,23510714041.141,6681442413,5407376344,False
2020-02-24,4.45,-16.502544,3.67571,29582033604.033,23941116128.85,6681442413,5407376344,False
2020-02-25,4.42,-16.391291,3.65093,29382604164.006,23779715345.959,6681442413,5407376344,False
2020-02-26,4.11,-15.241675,3.39487,27321833283.725,22111907256.084,6681442413,5407376344,False
2020-02-27,4.24,-15.723772,3.50225,28186027523.842,22811310648.613,6681442413,5407376344,False
2020-02-28,3.91,-14.499988,3.229669,25992303683.543,21035902036.81,6681442413,5407376344,False
2020-03-02,4.06,87.095237,3.35357,26989450883.679,21842905951.266,6681442413,5407376344,False
2020-03-03,4.47,95.890569,3.69223,29714986564.051,24048716650.778,6681442413,5407376344,False
2020-03-04,4.61,98.893853,3.807871,30645657284.178,24801920304.27,6681442413,5407376344,False
2020-03-05,4.77,102.326178,3.940031,31709280964.323,25662724479.689,6681442413,5407376344,False
2020-03-06,4.68,100.395495,3.865691,31110992644.241,25178522131.016,6681442413,5407376344,False
2020-03-09,4.33,92.887285,3.57659,28784315843.924,23295512997.286,6681442413,5407376344,False
2020-03-10,4.44,95.247008,3.66745,29515557124.024,23887315867.887,6681442413,5407376344,False
2020-03-11,4.16,89.24044,3.43617,27654215683.77,22380908560.903,6681442413,5407376344,False
2020-03-12,4.18,89.669481,3.45269,27787168643.788,22488509082.83,6681442413,5407376344,False
2020-03-13,4.56,97.821252,3.766571,30313274884.132,24532918999.451,6681442413,5407376344,False
2020-03-16,4.36,93.530846,3.60137,28983745283.951,23456913780.177,6681442413,5407376344,False
2020-03-17,4.66,99.966454,3.849171,30978039684.223,25070921609.088,6681442413,5407376344,False
2020-03-18,4.29,92.029204,3.54355,28518409923.888,23080311953.431,6681442413,5407376344,False
2020-03-19,4.49,96.319609,3.708751,29847939524.069,24156317172.705,6681442413,5407376344,False
2020-03-20,4.45,95.461528,3.67571,29582033604.033,23941116128.85,6681442413,5407376344,False
2020-03-23,4.24,90.956602,3.50225,28186027523.842,22811310648.613,6681442413,5407376344,False
2020-03-24,3.87,83.019352,3.196629,25726397763.507,20820700992.955,6681442413,5407376344,False
2020-03-25,4.26,91.385643,3.51877,28318980483.861,22918911170.54,6681442413,5407376344,False
2020-03-26,4.18,89.669481,3.45269,27787168643.788,22488509082.83,6681442413,5407376344,False
2020-03-27,4.08,87.524278,3.37009,27122403843.697,21950506473.193,6681442413,5407376344,False
2020-03-30,3.9,83.662912,3.221409,26210491056.811,22456469891.908,6754804205,5787341295,False
2020-03-31,3.68,78.943466,3.039689,24731950535.658,21189694667.236,6754804205,5787341295,False
2020-04-01,3.84,82.375791,3.171849,25807252732.86,22110985739.724,6754804205,5787341295,False
2020-04-02,4.05,87.834661,3.382041,27218586866.689,23320180272.366,6754804205,5787341295,False
2020-04-03,4.09,88.702164,3.415444,27487412415.989,23550503040.488,6754804205,5787341295,False
2020-04-07,4.05,87.834661,3.382041,27218586866.689,23320180272.366,6754804205,5787341295,False
2020-04-08,3.93,85.232153,3.281832,26412110218.787,22629211967.999,6754804205,5787341295,False
2020-04-09,4.08,88.485288,3.407093,27420206028.664,23492922348.457,6754804205,5787341295,False
2020-04-10,3.96,85.88278,3.306884,26613729380.762,22801954044.091,6754804205,5787341295,False
2020-04-13,3.93,85.232153,3.281832,26412110218.787,22629211967.999,6754804205,5787341295,False
2020-04-14,3.97,86.099656,3.315235,26680935768.088,22859534736.121,6754804205,5787341295,False
2020-04-15,3.87,83.930899,3.231728,26008871894.836,22283727815.816,6754804205,5787341295,False
2020-04-16,3.81,82.629644,3.181624,25605633570.885,21938243663.633,6754804205,5787341295,False
2020-04-17,3.74,81.111514,3.123169,25135188859.609,21535178819.419,6754804205,5787341295,False
2020-04-20,3.98,86.316531,3.323586,26748142155.413,22917115428.152,6754804205,5787341295,False
2020-04-21,3.93,85.232153,3.281832,26412110218.787,22629211967.999,6754804205,5787341295,False
2020-04-22,3.92,85.015277,3.273481,26344903831.462,22571631275.969,6754804205,5787341295,False
2020-04-23,3.75,81.32839,3.131519,25202395246.934,21592759511.45,6754804205,5787341295,False
2020-04-24,3.73,80.894639,3.114818,25067982472.284,21477598127.389,6754804205,5787341295,False
2020-04-27,3.62,78.509006,3.02296,24328712211.707,20844210515.053,6754804205,5787341295,False
2020-04-28,3.76,97.682709,3.050853,25269601634.259,21650340203.48,6754804205,5787341295,False
2020-04-29,3.64,94.565176,2.953486,24463124986.357,20959371899.114,6754804205,5787341295,False
2020-04-30,3.8,98.721887,3.083309,25538427183.56,21880662971.602,6754804205,5787341295,False
2020-05-06,4.04,104.956954,3.278045,27151380479.364,23262599580.335,6754804205,5787341295,False
2020-05-07,4.06,105.476542,3.294272,27285793254.014,23377760964.396,6754804205,5787341295,False
2020-05-08,4.04,104.956954,3.278045,27151380479.364,23262599580.335,6754804205,5787341295,False
2020-05-11,3.92,101.83942,3.180677,26344903831.462,22571631275.969,6754804205,5787341295,False
2020-05-12,4.2,109.113665,3.407868,28226682676.566,24183890652.824,6754804205,5787341295,False
2020-05-13,4.16,108.074487,3.375412,27957857127.266,23953567884.701,6754804205,5787341295,False
2020-05-14,4.02,104.437365,3.261817,27016967704.713,23147438196.274,6754804205,5787341295,False
2020-05-15,4.12,107.035309,3.342956,27689031577.965,23723245116.579,6754804205,5787341295,False
2020-05-18,3.93,102.099215,3.188791,26412110218.787,22629211967.999,6754804205,5787341295,False
2020-05-19,4.03,104.697159,3.269931,27084174092.038,23205018888.304,6754804205,5787341295,False
2020-05-20,4.08,105.996131,3.3105,27420206028.664,23492922348.457,6754804205,5787341295,False
2020-05-21,3.96,102.878598,3.213133,26613729380.762,22801954044.091,6754804205,5787341295,False
2020-05-22,3.9,101.319831,3.164449,26210491056.811,22456469891.908,6754804205,5787341295,False
2020-05-25,3.94,102.359009,3.196905,26479316606.112,22686792660.03,6754804205,5787341295,False
2020-05-26,3.98,103.398187,3.229361,26748142155.413,22917115428.152,6754804205,5787341295,False
2020-05-27,3.89,101.060037,3.156335,26143284669.486,22398889199.877,6754804205,5787341295,False
2020-05-28,3.84,99.761065,3.115765,25807252732.86,22110985739.724,6754804205,5787341295,False
2020-05-29,4.1,106.51572,3.326728,27554618803.315,23608083732.518,6754804205,5787341295,False
2020-06-01,4.12,107.035309,3.342956,27689031577.965,23723245116.579,6754804205,5787341295,False
2020-06-02,4.16,108.074487,3.375412,27957857127.266,23953567884.701,6754804205,5787341295,False
2020-06-03,4.09,106.255926,3.318614,27487412415.989,23550503040.488,6754804205,5787341295,False
2020-06-04,4.07,105.736337,3.302386,27352999641.339,23435341656.427,6754804205,5787341295,False
2020-06-05,3.96,102.878598,3.213133,26613729380.762,22801954044.091,6754804205,5787341295,False
2020-06-08,3.92,101.83942,3.180677,26344903831.462,22571631275.969,6754804205,5787341295,False
2020-06-09,4.18,108.594076,3.39164,28092269901.916,24068729268.762,6754804205,5787341295,False
2020-06-10,4.09,106.255926,3.318614,27487412415.989,23550503040.488,6754804205,5787341295,False
2020-06-11,4.13,107.295104,3.35107,27756237965.29,23780825808.61,6754804205,5787341295,False
2020-06-12,4.16,108.074487,3.375412,27957857127.266,23953567884.701,6754804205,5787341295,False
2020-06-15,4.12,107.035309,3.342956,27689031577.965,23723245116.579,6754804205,5787341295,False
2020-06-16,4.11,106.775515,3.334842,27621825190.64,23665664424.549,6754804205,5787341295,False
2020-06-17,4.16,108.074487,3.375412,27957857127.266,23953567884.701,6754804205,5787341295,False
2020-06-18,4.29,111.451815,3.480894,28831540162.493,24702116881.098,6754804205,5787341295,False
2020-06-19,4.18,108.594076,3.39164,28092269901.916,24068729268.762,6754804205,5787341295,False
2020-06-22,4.1,106.51572,3.326728,27554618803.315,23608083732.518,6754804205,5787341295,False
2020-06-23,4.06,105.476542,3.294272,27285793254.014,23377760964.396,6754804205,5787341295,False
2020-06-24,4.03,104.697159,3.269931,27084174092.038,23205018888.304,6754804205,5787341295,False
2020-06-29,3.87,100.540448,3.140107,26008871894.836,22283727815.816,6754804205,5787341295,False
2020-06-30,3.86,100.280654,3.131993,25941665507.511,22226147123.785,6754804205,5787341295,False
2020-07-01,3.81,98.981681,3.091423,25605633570.885,21938243663.633,6754804205,5787341295,False
2020-07-02,3.43,89.109493,2.783092,23051790852.529,19750177366.473,6754804205,5787341295,False
2020-07-03,3.44,89.369287,2.791206,23118997239.854,19807758058.503,6754804205,5787341295,False
2020-07-06,3.57,92.746615,2.896688,23992680275.081,20556307054.9,6754804205,5787341295,False
2020-07-07,3.67,95.344559,2.977828,24664744148.333,21132113975.205,6754804205,5787341295,False
2020-07-08,3.63,94.305382,2.945372,24395918599.032,20901791207.083,6754804205,5787341295,False
2020-07-09,3.68,95.604354,2.985942,24731950535.658,21189694667.236,6754804205,5787341295,False
2020-07-10,3.68,95.604354,2.985942,24731950535.658,21189694667.236,6754804205,5787341295,False
2020-07-13,3.98,103.398187,3.229361,26748142155.413,22917115428.152,6754804205,5787341295,False
2020-07-14,3.83,99.50127,3.107651,25740046345.535,22053405047.694,6754804205,5787341295,False
2020-07-15,3.67,95.344559,2.977828,24664744148.333,21132113975.205,6754804205,5787341295,False
2020-07-16,3.49,90.668259,2.831776,23455029176.48,20095661518.656,6754804205,5787341295,False
2020-07-17,3.51,91.187848,2.848004,23589441951.13,20210822902.717,6754804205,5787341295,False
2020-07-20,3.68,95.604354,2.985942,24731950535.658,21189694667.236,6754804205,5787341295,False
2020-07-21,3.63,94.305382,2.945372,24395918599.032,20901791207.083,6754804205,5787341295,False
2020-07-22,3.74,97.16312,3.034625,25135188859.609,21535178819.419,6754804205,5787341295,False
2020-07-23,3.66,95.084765,2.969714,24597537761.008,21074533283.175,6754804205,5787341295,False
2020-07-24,3.43,89.109493,2.783092,23051790852.529,19750177366.473,6754804205,5787341295,False
2020-07-27,3.48,90.408465,2.823662,23387822789.155,20038080826.625,6754804205,5787341295,False
2020-07-28,3.39,88.070315,2.750636,22782965303.228,19519854598.35,6754804205,5787341295,False
2020-07-29,3.44,89.369287,2.791206,23118997239.854,19807758058.503,6754804205,5787341295,False
2020-07-30,3.59,93.266204,2.912916,24127093049.732,20671468438.961,6754804205,5787341295,False
2020-07-31,3.56,92.486821,2.888574,23925473887.756,20498726362.869,6754804205,5787341295,False
2020-08-03,3.5,90.928054,2.83989,23522235563.805,20153242210.686,6754804205,5787341295,False
2020-08-04,3.39,88.070315,2.750636,22782965303.228,19519854598.35,6754804205,5787341295,False
2020-08-05,3.39,88.070315,2.750636,22782965303.228,19519854598.35,6754804205,5787341295,False
2020-08-06,3.31,85.99196,2.685725,22245314204.627,19059209062.106,6754804205,5787341295,False
2020-08-07,3.15,81.835248,2.555901,21170012007.425,18137917989.618,6754804205,5787341295,False
2020-08-10,3.27,84.952782,2.653269,21976488655.327,18828886293.984,6754804205,5787341295,False
2020-08-11,3.3,65.01358,2.633444,22178107817.302,19001628370.076,6754804205,5787341295,False
2020-08-12,3.33,65.604612,2.657385,22379726979.277,19174370446.167,6754804205,5787341295,False
2020-08-13,3.33,65.604612,2.657385,22379726979.277,19174370446.167,6754804205,5787341295,False
2020-08-14,3.3,65.01358,2.633444,22178107817.302,19001628370.076,6754804205,5787341295,False
2020-08-17,3.32,65.407602,2.649405,22312520591.952,19116789754.137,6754804205,5787341295,False
2020-08-18,3.25,64.028526,2.593544,21842075880.676,18713724909.923,6754804205,5787341295,False
2020-08-19,3.17,62.452439,2.529703,21304424782.075,18253079373.679,6754804205,5787341295,False
2020-08-20,3.15,62.058417,2.513742,21170012007.425,18137917989.618,6754804205,5787341295,False
2020-08-21,3.15,62.058417,2.513742,21170012007.425,18137917989.618,6754804205,5787341295,False
2020-08-24,3.1,61.073363,2.473842,20833980070.799,17850014529.465,6754804205,5787341295,False
2020-08-25,3.15,62.058417,2.513742,21170012007.425,18137917989.618,6754804205,5787341295,False
2020-08-26,3.05,60.088309,2.433941,20497948134.173,17562111069.312,6754804205,5787341295,False
2020-08-27,3.09,60.876352,2.465862,20766773683.474,17792433837.434,6754804205,5787341295,False
2020-08-28,3.08,60.679341,2.457882,20699567296.149,17734853145.404,6754804205,5787341295,False
2020-08-31,3.06,60.28532,2.441921,20565154521.498,17619691761.343,6754804205,5787341295,False
2020-09-01,3.02,59.497276,2.410001,20296328972.198,17389368993.221,6754804205,5787341295,False
2020-09-02,2.95,58.1182,2.35414,19825884260.921,16986304149.007,6754804205,5787341295,False
2020-09-03,2.84,55.951081,2.266358,19086614000.345,16352916536.671,6754804205,5787341295,False
2020-09-04,3.12,61.467385,2.489802,20968392845.449,17965175913.526,6754804205,5787341295,False
2020-09-07,3.28,64.619558,2.617484,22043695042.652,18886466986.015,6754804205,5787341295,False
2020-09-08,3.27,64.422547,2.609504,21976488655.327,18828886293.984,6754804205,5787341295,False
2020-09-09,3.37,66.392656,2.689305,22648552528.578,19404693214.289,6754804205,5787341295,False
2020-09-10,3.24,63.831515,2.585564,21774869493.351,18656144217.892,6754804205,5787341295,False
2020-09-11,3.2,63.043471,2.553643,21506043944.05,18425821449.77,6754804205,5787341295,False
2020-09-14,3.15,62.058417,2.513742,21170012007.425,18137917989.618,6754804205,5787341295,False
2020-09-15,3.07,60.48233,2.449901,20632360908.823,17677272453.373,6754804205,5787341295,False
2020-09-16,3.12,61.467385,2.489802,20968392845.449,17965175913.526,6754804205,5787341295,False
2020-09-17,3.08,60.679341,2.457882,20699567296.149,17734853145.404,6754804205,5787341295,False
2020-09-18,3.09,60.876352,2.465862,20766773683.474,17792433837.434,6754804205,5787341295,False
2020-09-21,3.09,60.876352,2.465862,20766773683.474,17792433837.434,6754804205,5787341295,False
2020-09-22,3.03,59.694287,2.417981,20363535359.523,17446949685.251,6754804205,5787341295,False
2020-09-23,3.06,60.28532,2.441921,20565154521.498,17619691761.343,6754804205,5787341295,False
2020-09-24,2.95,58.1182,2.35414,19825884260.921,16986304149.007,6754804205,5787341295,False
2020-09-25,2.9,57.133146,2.314239,19489852324.296,16698400688.854,6754804205,5787341295,False
2020-09-28,2.86,56.345103,2.282319,19221026774.995,16468077920.732,6754804205,5787341295,False
2020-09-29,2.91,57.330157,2.322219,19557058711.621,16755981380.885,6754804205,5787341295,False
2020-09-30,2.89,56.936135,2.306259,19422645936.971,16640819996.824,6754804205,5787341295,False
2020-10-09,3.11,61.270374,2.481822,20901186458.124,17907595221.496,6754804205,5787341295,False
2020-10-12,3.17,62.452439,2.529703,21304424782.075,18253079373.679,6754804205,5787341295,False
2020-10-13,3.2,63.043471,2.553643,21506043944.05,18425821449.77,6754804205,5787341295,False
2020-10-14,3.27,64.422547,2.609504,21976488655.327,18828886293.984,6754804205,5787341295,False
2020-10-15,3.35,65.998634,2.673345,22514139753.928,19289531830.228,6754804205,5787341295,False
2020-10-16,3.24,63.831515,2.585564,21774869493.351,18656144217.892,6754804205,5787341295,False
2020-10-19,3.24,63.831515,2.585564,21774869493.351,18656144217.892,6754804205,5787341295,False
2020-10-20,3.27,64.422547,2.609504,21976488655.327,18828886293.984,6754804205,5787341295,False
2020-10-21,3.23,63.634504,2.577584,21707663106.026,18598563525.862,6754804205,5787341295,False
2020-10-22,3.18,62.64945,2.537683,21371631169.4,18310660065.709,6754804205,5787341295,False
2020-10-23,3.16,62.255428,2.521723,21237218394.75,18195498681.648,6754804205,5787341295,False
2020-10-26,3.16,62.255428,2.521723,21237218394.75,18195498681.648,6754804205,5787341295,False
2020-10-27,3.18,62.64945,2.537683,21371631169.4,18310660065.709,6754804205,5787341295,False
2020-10-28,3.15,62.058417,2.513742,21170012007.425,18137917989.618,6754804205,5787341295,False
2020-10-29,3.26,64.225536,2.601524,21909282268.001,18771305601.953,6754804205,5787341295,False
2020-10-30,3.17,62.452439,2.529703,21304424782.075,18253079373.679,6754804205,5787341295,False
2020-11-02,3.11,6.808004,1.860629,20901186458.124,17907595221.496,6754804205,5787341295,False
2020-11-03,3.24,7.092583,1.938405,21774869493.351,18656144217.892,6754804205,5787341295,False
2020-11-04,3.26,7.136365,1.95037,21909282268.001,18771305601.953,6754804205,5787341295,False
2020-11-05,3.26,7.136365,1.95037,21909282268.001,18771305601.953,6754804205,5787341295,False
2020-11-06,3.35,7.333381,2.004215,22514139753.928,19289531830.228,6754804205,5787341295,False
2020-11-09,3.37,7.377162,2.01618,22648552528.578,19404693214.289,6754804205,5787341295,False
2020-11-10,3.27,7.158255,1.956353,21976488655.327,18828886293.984,6754804205,5787341295,False
2020-11-11,3.21,7.026911,1.920457,21573250331.376,18483402141.801,6754804205,5787341295,False
2020-11-12,3.24,7.092583,1.938405,21774869493.351,18656144217.892,6754804205,5787341295,False
2020-11-13,3.3,7.223927,1.974301,22178107817.302,19001628370.076,6754804205,5787341295,False
2020-11-16,3.31,7.245818,1.980284,22245314204.627,19059209062.106,6754804205,5787341295,False
2020-11-17,3.32,7.267709,1.986267,22312520591.952,19116789754.137,6754804205,5787341295,False
2020-11-18,3.42,7.486616,2.046094,22984584465.204,19692596674.442,6754804205,5787341295,False
2020-11-19,3.57,7.814976,2.135835,23992680275.081,20556307054.9,6754804205,5787341295,False
2020-11-20,3.61,7.902539,2.159766,24261505824.382,20786629823.022,6754804205,5787341295,False
2020-11-23,3.57,7.814976,2.135835,23992680275.081,20556307054.9,6754804205,5787341295,False
2020-11-24,3.7,8.099555,2.21361,24866363310.308,21304856051.297,6754804205,5787341295,False
2020-11-25,3.56,7.793085,2.129852,23925473887.756,20498726362.869,6754804205,5787341295,False
2020-11-26,3.57,7.814976,2.135835,23992680275.081,20556307054.9,6754804205,5787341295,False
2020-11-27,3.52,7.705523,2.105921,23656648338.455,20268403594.747,6754804205,5787341295,False
2020-11-30,3.43,7.508506,2.052077,23051790852.529,19750177366.473,6754804205,5787341295,False
2020-12-01,3.45,7.552288,2.064042,23186203627.179,19865338750.534,6754804205,5787341295,False
2020-12-02,3.44,7.530397,2.058059,23118997239.854,19807758058.503,6754804205,5787341295,False
2020-12-03,3.38,7.399053,2.022163,22715758915.903,19462273906.32,6754804205,5787341295,False
2020-12-04,3.4,7.442834,2.034129,22850171690.554,19577435290.381,6754804205,5787341295,False
2020-12-07,3.31,7.245818,1.980284,22245314204.627,19059209062.106,6754804205,5787341295,False
2020-12-08,3.33,7.289599,1.992249,22379726979.277,19174370446.167,6754804205,5787341295,False
2020-12-09,3.26,7.136365,1.95037,21909282268.001,18771305601.953,6754804205,5787341295,False
2020-12-10,3.24,7.092583,1.938405,21774869493.351,18656144217.892,6754804205,5787341295,False
2020-12-11,3.15,6.895567,1.88456,21170012007.425,18137917989.618,6754804205,5787341295,False
2020-12-14,3.21,7.026911,1.920457,21573250331.376,18483402141.801,6754804205,5787341295,False
2020-12-15,3.21,7.026911,1.920457,21573250331.376,18483402141.801,6754804205,5787341295,False
2020-12-16,3.14,6.873676,1.878578,21102805620.099,18080337297.587,6754804205,5787341295,False
2020-12-17,3.16,6.917458,1.890543,21237218394.75,18195498681.648,6754804205,5787341295,False
2020-12-18,3.13,6.851786,1.872595,21035599232.774,18022756605.557,6754804205,5787341295,False
2020-12-21,3.23,7.070693,1.932422,21707663106.026,18598563525.862,6754804205,5787341295,False
2020-12-22,3.16,6.917458,1.890543,21237218394.75,18195498681.648,6754804205,5787341295,False
2020-12-23,3.12,6.829895,1.866612,20968392845.449,17965175913.526,6754804205,5787341295,False
2020-12-24,3.01,6.589097,1.800802,20229122584.872,17331788301.19,6754804205,5787341295,False
2020-12-25,3.05,6.67666,1.824733,20497948134.173,17562111069.312,6754804205,5787341295,False
2020-12-28,2.99,6.545316,1.788837,20094709810.222,17216626917.129,6754804205,5787341295,False
2020-12-29,2.98,6.523425,1.782854,20027503422.897,17159046225.099,6754804205,5787341295,False
2020-12-30,3.0,6.567207,1.794819,20161916197.547,17274207609.16,6754804205,5787341295,False
2020-12-31,3.03,6.632879,1.812767,20363535359.523,17446949685.251,6754804205,5787341295,False
2021-01-04,3.04,6.654769,1.81875,20430741746.848,17504530377.282,6754804205,5787341295,False
2021-01-05,3.12,6.829895,1.866612,20968392845.449,17965175913.526,6754804205,5787341295,False
2021-01-06,3.04,6.654769,1.81875,20430741746.848,17504530377.282,6754804205,5787341295,False
2021-01-07,2.99,6.545316,1.788837,20094709810.222,17216626917.129,6754804205,5787341295,False
2021-01-08,3.19,6.98313,1.908491,21438837556.725,18368240757.74,6754804205,5787341295,False
2021-01-11,3.06,6.698551,1.830716,20565154521.498,17619691761.343,6754804205,5787341295,False
2021-01-12,3.1,6.786114,1.854647,20833980070.799,17850014529.465,6754804205,5787341295,False
2021-01-13,3.14,6.873676,1.878578,21102805620.099,18080337297.587,6754804205,5787341295,False
2021-01-14,3.13,6.851786,1.872595,21035599232.774,18022756605.557,6754804205,5787341295,False
2021-01-15,3.1,6.786114,1.854647,20833980070.799,17850014529.465,6754804205,5787341295,False
2021-01-18,3.1,6.786114,1.854647,20833980070.799,17850014529.465,6754804205,5787341295,False
2021-01-19,3.05,6.67666,1.824733,20497948134.173,17562111069.312,6754804205,5787341295,False
2021-01-20,3.05,6.67666,1.824733,20497948134.173,17562111069.312,6754804205,5787341295,False
2021-01-21,3.08,6.742332,1.842681,20699567296.149,17734853145.404,6754804205,5787341295,False
2021-01-22,3.07,6.720442,1.836698,20632360908.823,17677272453.373,6754804205,5787341295,False
2021-01-25,3.01,6.589097,1.800802,20229122584.872,17331788301.19,6754804205,5787341295,False
2021-01-26,3.05,6.67666,1.824733,20497948134.173,17562111069.312,6754804205,5787341295,False
2021-01-27,3.15,6.895567,1.88456,21170012007.425,18137917989.618,6754804205,5787341295,False
2021-01-28,3.11,6.808004,1.860629,20901186458.124,17907595221.496,6754804205,5787341295,False
2021-01-29,3.15,6.895567,1.88456,21170012007.425,18137917989.618,6754804205,5787341295,False
2021-02-01,3.26,7.136365,1.95037,21909282268.001,18771305601.953,6754804205,5787341295,False
2021-02-02,3.19,6.98313,1.908491,21438837556.725,18368240757.74,6754804205,5787341295,False
2021-02-03,3.06,6.698551,1.830716,20565154521.498,17619691761.343,6754804205,5787341295,False
2021-02-04,3.14,6.873676,1.878578,21102805620.099,18080337297.587,6754804205,5787341295,False
2021-02-05,3.04,6.654769,1.81875,20430741746.848,17504530377.282,6754804205,5787341295,False
2021-02-08,3.03,6.632879,1.812767,20363535359.523,17446949685.251,6754804205,5787341295,False
2021-02-09,3.05,6.67666,1.824733,20497948134.173,17562111069.312,6754804205,5787341295,False
2021-02-10,3.05,6.67666,1.824733,20497948134.173,17562111069.312,6754804205,5787341295,False
2021-02-18,3.12,6.829895,1.866612,20968392845.449,17965175913.526,6754804205,5787341295,False
2021-02-19,3.22,7.048802,1.926439,21640456718.701,18540982833.831,6754804205,5787341295,False
2021-02-22,3.19,6.98313,1.908491,21438837556.725,18368240757.74,6754804205,5787341295,False
2021-02-23,3.2,7.00502,1.914474,21506043944.05,18425821449.77,6754804205,5787341295,False
2021-02-24,3.18,6.961239,1.902508,21371631169.4,18310660065.709,6754804205,5787341295,False
2021-02-25,3.14,6.873676,1.878578,21102805620.099,18080337297.587,6754804205,5787341295,False
2021-02-26,3.06,6.698551,1.830716,20565154521.498,17619691761.343,6754804205,5787341295,False
2021-03-01,3.19,6.98313,1.908491,21438837556.725,18368240757.74,6754804205,5787341295,False
2021-03-02,3.15,6.895567,1.88456,21170012007.425,18137917989.618,6754804205,5787341295,False
2021-03-03,3.17,6.939348,1.896526,21304424782.075,18253079373.679,6754804205,5787341295,False
2021-03-04,3.15,6.895567,1.88456,21170012007.425,18137917989.618,6754804205,5787341295,False
2021-03-05,3.15,6.895567,1.88456,21170012007.425,18137917989.618,6754804205,5787341295,False
2021-03-08,3.1,6.786114,1.854647,20833980070.799,17850014529.465,6754804205,5787341295,False
2021-03-09,3.05,6.67666,1.824733,20497948134.173,17562111069.312,6754804205,5787341295,False
2021-03-10,3.05,6.67666,1.824733,20497948134.173,17562111069.312,6754804205,5787341295,False
2021-03-11,3.07,6.720442,1.836698,20632360908.823,17677272453.373,6754804205,5787341295,False
2021-03-12,3.06,6.698551,1.830716,20565154521.498,17619691761.343,6754804205,5787341295,False
2021-03-15,3.07,6.720442,1.836698,20632360908.823,17677272453.373,6754804205,5787341295,False
2021-03-16,3.06,6.698551,1.830716,20565154521.498,17619691761.343,6754804205,5787341295,False
2021-03-17,3.04,6.654769,1.81875,20430741746.848,17504530377.282,6754804205,5787341295,False
2021-03-18,3.02,6.610988,1.806785,20296328972.198,17389368993.221,6754804205,5787341295,False
2021-03-19,3.05,6.67666,1.824733,20497948134.173,17562111069.312,6754804205,5787341295,False
2021-03-22,3.07,6.720442,1.836698,20632360908.823,17677272453.373,6754804205,5787341295,False
2021-03-23,3.03,6.632879,1.812767,20363535359.523,17446949685.251,6754804205,5787341295,False
2021-03-24,3.02,6.610988,1.806785,20296328972.198,17389368993.221,6754804205,5787341295,False
2021-03-25,2.99,6.545316,1.788837,20094709810.222,17216626917.129,6754804205,5787341295,False
2021-03-26,3.01,6.589097,1.800802,20229122584.872,17331788301.19,6754804205,5787341295,False
2021-03-29,2.97,6.501535,1.776871,19960297035.572,17101465533.068,6754804205,5787341295,False
2021-03-30,2.92,6.392081,1.746957,19624265098.946,16813562072.915,6754804205,5787341295,False
2021-03-31,2.94,6.435863,1.758923,19758677873.596,16928723456.976,6754804205,5787341295,False
2021-04-01,2.94,6.435863,1.758923,19758677873.596,16928723456.976,6754804205,5787341295,False
2021-04-02,2.95,6.457753,1.764906,19825884260.921,16986304149.007,6754804205,5787341295,False
2021-04-06,2.94,6.435863,1.758923,19758677873.596,16928723456.976,6754804205,5787341295,False
2021-04-07,2.97,6.501535,1.776871,19960297035.572,17101465533.068,6754804205,5787341295,False
2021-04-08,2.94,6.435863,1.758923,19758677873.596,16928723456.976,6754804205,5787341295,False
2021-04-09,2.96,6.479644,1.770888,19893090648.247,17043884841.038,6754804205,5787341295,False
2021-04-12,2.92,6.392081,1.746957,19624265098.946,16813562072.915,6754804205,5787341295,False
2021-04-13,2.89,6.326409,1.729009,19422645936.971,16640819996.824,6754804205,5787341295,False
2021-04-14,2.89,6.326409,1.729009,19422645936.971,16640819996.824,6754804205,5787341295,False
2021-04-15,2.7,3.822728,1.615337,18145724577.793,15546786848.244,6754804205,5787341295,False
2021-04-16,2.72,3.851044,1.627303,18280137352.443,15661948232.305,6754804205,5787341295,False
2021-04-19,2.71,3.836886,1.62132,18212930965.118,15604367540.274,6754804205,5787341295,False
2021-04-20,2.66,3.766095,1.591406,17876899028.492,15316464080.122,6754804205,5787341295,False
2021-04-21,2.55,3.610354,1.525596,17137628767.915,14683076467.786,6754804205,5787341295,False
2021-04-22,2.73,3.865203,1.633286,18347343739.768,15719528924.335,6754804205,5787341295,False
2021-04-23,2.63,3.72362,1.573458,17675279866.516,15143722004.03,6754804205,5787341295,False
2021-04-26,2.59,3.666987,1.549527,17406454317.216,14913399235.908,6754804205,5787341295,False
2021-04-27,2.59,3.666987,1.549527,17406454317.216,14913399235.908,6754804205,5787341295,False
2021-04-28,2.57,3.638671,1.537562,17272041542.565,14798237851.847,6754804205,5787341295,False
2021-04-29,2.56,3.624512,1.531579,17204835155.24,14740657159.816,6754804205,5787341295,False
2021-04-30,2.46,3.978354,1.333258,16532771281.989,14164850239.511,6754804205,5787341295,False
2021-05-06,2.39,3.865149,1.29532,16062326570.713,13761785395.297,6754804205,5787341295,False
2021-05-07,2.36,3.816632,1.279061,15860707408.737,13589043319.206,6754804205,5787341295,False
2021-05-10,2.29,3.703427,1.241123,15390262697.461,13185978474.992,6754804205,5787341295,False
2021-05-11,2.31,3.735772,1.251962,15524675472.111,13301139859.053,6754804205,5787341295,False
2021-05-12,2.36,3.816632,1.279061,15860707408.737,13589043319.206,6754804205,5787341295,False
2021-05-13,2.36,3.816632,1.279061,15860707408.737,13589043319.206,6754804205,5787341295,False
2021-05-14,2.37,3.832805,1.284481,15927913796.062,13646624011.236,6754804205,5787341295,False
2021-05-17,2.35,3.80046,1.273641,15793501021.412,13531462627.175,6754804205,5787341295,False
2021-05-18,2.36,3.816632,1.279061,15860707408.737,13589043319.206,6754804205,5787341295,False
2021-05-19,2.36,3.816632,1.279061,15860707408.737,13589043319.206,6754804205,5787341295,False
2021-05-20,2.3,3.719599,1.246542,15457469084.786,13243559167.022,6754804205,5787341295,False
2021-05-21,2.34,3.784288,1.268221,15726294634.087,13473881935.145,6754804205,5787341295,False
2021-05-24,2.34,3.784288,1.268221,15726294634.087,13473881935.145,6754804205,5787341295,False
2021-05-25,2.32,3.751944,1.257382,15591881859.437,13358720551.083,6754804205,5787341295,False
2021-05-26,2.34,3.784288,1.268221,15726294634.087,13473881935.145,6754804205,5787341295,False
2021-05-27,2.43,3.929838,1.316999,16331152120.013,13992108163.419,6754804205,5787341295,False
2021-05-28,2.36,3.816632,1.279061,15860707408.737,13589043319.206,6754804205,5787341295,False
2021-05-31,2.36,3.816632,1.279061,15860707408.737,13589043319.206,6754804205,5787341295,False
2021-06-01,2.34,3.784288,1.268221,15726294634.087,13473881935.145,6754804205,5787341295,False
2021-06-02,2.34,3.784288,1.268221,15726294634.087,13473881935.145,6754804205,5787341295,False
2021-06-03,2.33,3.768116,1.262802,15659088246.762,13416301243.114,6754804205,5787341295,False
2021-06-04,2.34,3.784288,1.268221,15726294634.087,13473881935.145,6754804205,5787341295,False
2021-06-07,2.32,3.751944,1.257382,15591881859.437,13358720551.083,6754804205,5787341295,False
2021-06-08,2.34,3.784288,1.268221,15726294634.087,13473881935.145,6754804205,5787341295,False
2021-06-09,2.41,3.897493,1.30616,16196739345.363,13876946779.358,6754804205,5787341295,False
2021-06-10,2.39,3.865149,1.29532,16062326570.713,13761785395.297,6754804205,5787341295,False
2021-06-11,2.38,3.848977,1.2899,15995120183.387,13704204703.267,6754804205,5787341295,False
2021-06-15,2.34,3.784288,1.268221,15726294634.087,13473881935.145,6754804205,5787341295,False
2021-06-16,2.31,3.735772,1.251962,15524675472.111,13301139859.053,6754804205,5787341295,False
2021-06-17,2.31,3.735772,1.251962,15524675472.111,13301139859.053,6754804205,5787341295,False
2021-06-18,2.35,3.80046,1.273641,15793501021.412,13531462627.175,6754804205,5787341295,False
2021-06-21,2.32,3.751944,1.257382,15591881859.437,13358720551.083,6754804205,5787341295,False
2021-06-22,2.36,3.816632,1.279061,15860707408.737,13589043319.206,6754804205,5787341295,False
2021-06-23,2.33,3.768116,1.262802,15659088246.762,13416301243.114,6754804205,5787341295,False
2021-06-24,2.36,3.816632,1.279061,15860707408.737,13589043319.206,6754804205,5787341295,False
2021-06-25,2.35,3.80046,1.273641,15793501021.412,13531462627.175,6754804205,5787341295,False
2021-06-28,2.33,3.768116,1.262802,15659088246.762,13416301243.114,6754804205,5787341295,False
2021-06-29,2.35,3.80046,1.273641,15793501021.412,13531462627.175,6754804205,5787341295,False
2021-06-30,2.34,3.784288,1.268221,15726294634.087,13509686554.174,6754804205,5802720200,False
2021-07-01,2.32,3.751944,1.257382,15591881859.437,13394219147.728,6754804205,5802720200,False
2021-07-02,2.31,3.735772,1.251962,15524675472.111,13336485444.505,6754804205,5802720200,False
2021-07-05,2.31,3.735772,1.251962,15524675472.111,13336485444.505,6754804205,5802720200,False
2021-07-06,2.33,3.768116,1.262802,15659088246.762,13451952850.951,6754804205,5802720200,False
2021-07-07,2.33,3.768116,1.262802,15659088246.762,13451952850.951,6754804205,5802720200,False
2021-07-08,2.31,3.735772,1.251962,15524675472.111,13336485444.505,6754804205,5802720200,False
2021-07-09,2.33,3.768116,1.262802,15659088246.762,13451952850.951,6754804205,5802720200,False
2021-07-12,2.38,3.848977,1.2899,15995120183.387,13740621367.066,6754804205,5802720200,False
2021-07-13,2.5,4.043043,1.354937,16801596831.289,14433425805.742,6754804205,5802720200,False
2021-07-14,2.54,4.107731,1.376616,17070422380.59,14664360618.633,6754804205,5802720200,False
2021-07-15,2.42,3.913665,1.311579,16263945732.688,13971556179.958,6754804205,5802720200,False
2021-07-16,2.42,3.913665,1.311579,16263945732.688,13971556179.958,6754804205,5802720200,False
2021-07-19,2.38,3.848977,1.2899,15995120183.387,13740621367.066,6754804205,5802720200,False
2021-07-20,2.39,3.865149,1.29532,16062326570.713,13798355070.289,6754804205,5802720200,False
2021-07-21,2.44,3.94601,1.322419,16398358507.338,14087023586.404,6754804205,5802720200,False
2021-07-22,2.52,4.075387,1.365777,16936009605.94,14548893212.188,6754804205,5802720200,False
2021-07-23,2.48,4.010698,1.344098,16667184056.639,14317958399.296,6754804205,5802720200,False
2021-07-26,2.43,3.929838,1.316999,16331152120.013,14029289883.181,6754804205,5802720200,False
2021-07-27,2.37,3.832805,1.284481,15927913796.062,13682887663.843,6754804205,5802720200,False
2021-07-28,2.31,3.735772,1.251962,15524675472.111,13336485444.505,6754804205,5802720200,False
2021-07-29,2.33,3.768116,1.262802,15659088246.762,13451952850.951,6754804205,5802720200,False
2021-07-30,2.33,3.768116,1.262802,15659088246.762,13451952850.951,6754804205,5802720200,False
2021-08-02,2.37,3.832805,1.284481,15927913796.062,13682887663.843,6754804205,5802720200,False
2021-08-03,2.35,3.80046,1.273641,15793501021.412,13567420257.397,6754804205,5802720200,False
2021-08-04,2.33,3.768116,1.262802,15659088246.762,13451952850.951,6754804205,5802720200,False
2021-08-05,2.32,3.751944,1.257382,15591881859.437,13394219147.728,6754804205,5802720200,False
2021-08-06,2.32,3.751944,1.257382,15591881859.437,13394219147.728,6754804205,5802720200,False
2021-08-09,2.33,3.768116,1.262802,15659088246.762,13451952850.951,6754804205,5802720200,False
2021-08-10,2.33,3.768116,1.262802,15659088246.762,13451952850.951,6754804205,5802720200,False
2021-08-11,2.36,3.816632,1.279061,15860707408.737,13625153960.62,6754804205,5802720200,False
2021-08-12,2.39,3.865149,1.29532,16062326570.713,13798355070.289,6754804205,5802720200,False
2021-08-13,2.35,3.80046,1.273641,15793501021.412,13567420257.397,6754804205,5802720200,False
2021-08-16,2.36,3.816632,1.279061,15860707408.737,13625153960.62,6754804205,5802720200,False
2021-08-17,2.35,3.80046,1.273641,15793501021.412,13567420257.397,6754804205,5802720200,False
2021-08-18,2.37,3.832805,1.284481,15927913796.062,13682887663.843,6754804205,5802720200,False
2021-08-19,2.34,3.784288,1.268221,15726294634.087,13509686554.174,6754804205,5802720200,False
2021-08-20,2.31,3.735772,1.251962,15524675472.111,13336485444.505,6754804205,5802720200,False
2021-08-23,2.33,3.768116,1.262802,15659088246.762,13451952850.951,6754804205,5802720200,False
2021-08-24,2.34,3.784288,1.268221,15726294634.087,13509686554.174,6754804205,5802720200,False
2021-08-25,2.35,3.80046,1.273641,15793501021.412,13567420257.397,6754804205,5802720200,False
2021-08-26,2.37,3.832805,1.284481,15927913796.062,13682887663.843,6754804205,5802720200,False
2021-08-27,2.48,4.010698,1.344098,16667184056.639,14317958399.296,6754804205,5802720200,False
2021-08-30,2.45,3.962182,1.327839,16465564894.664,14144757289.627,6754804205,5802720200,False
2021-08-31,2.41,2.989676,1.181814,16196739345.363,13913822476.735,6754804205,5802720200,False
2021-09-01,2.61,3.237782,1.27989,17540867091.866,15068496541.194,6754804205,5802720200,False
2021-09-02,2.58,3.200566,1.265179,17339247929.891,14895295431.525,6754804205,5802720200,False
2021-09-03,2.71,3.361835,1.328928,18212930965.118,15645833573.424,6754804205,5802720200,False
2021-09-06,2.71,3.361835,1.328928,18212930965.118,15645833573.424,6754804205,5802720200,False
2021-09-07,2.73,3.386646,1.338736,18347343739.768,15761300979.87,6754804205,5802720200,False
2021-09-08,2.82,3.498293,1.38287,18952201225.694,16280904308.877,6754804205,5802720200,False
2021-09-09,2.83,3.510698,1.387773,19019407613.02,16338638012.099,6754804205,5802720200,False
2021-09-10,2.82,3.498293,1.38287,18952201225.694,16280904308.877,6754804205,5802720200,False
2021-09-13,2.97,3.684373,1.456427,19960297035.572,17146909857.221,6754804205,5802720200,False
2021-09-14,2.86,3.547914,1.402485,19221026774.995,16511839121.768,6754804205,5802720200,False
2021-09-15,2.86,3.547914,1.402485,19221026774.995,16511839121.768,6754804205,5802720200,False
2021-09-16,2.86,3.547914,1.402485,19221026774.995,16511839121.768,6754804205,5802720200,False
2021-09-17,2.73,3.386646,1.338736,18347343739.768,15761300979.87,6754804205,5802720200,False
2021-09-22,2.8,3.473483,1.373062,18817788451.044,16165436902.431,6754804205,5802720200,False
2021-09-23,2.78,3.448672,1.363255,18683375676.394,16049969495.985,6754804205,5802720200,False
2021-09-24,2.72,3.37424,1.333832,18280137352.443,15703567276.647,6754804205,5802720200,False
2021-09-27,2.57,3.188161,1.260275,17272041542.565,14837561728.302,6754804205,5802720200,False
2021-09-28,2.59,3.212971,1.270082,17406454317.216,14953029134.748,6754804205,5802720200,False
2021-09-29,2.5,3.101324,1.225948,16801596831.289,14433425805.742,6754804205,5802720200,False
2021-09-30,2.51,3.113729,1.230852,16868803218.615,14491159508.965,6754804205,5802720200,False
2021-10-08,2.69,3.337024,1.31912,18078518190.467,15530366166.978,6754804205,5802720200,False
2021-10-11,2.68,3.324619,1.314217,18011311803.142,15472632463.755,6754804205,5802720200,False
2021-10-12,2.61,3.237782,1.27989,17540867091.866,15068496541.194,6754804205,5802720200,False
2021-10-13,2.56,3.175756,1.255371,17204835155.24,14779828025.079,6754804205,5802720200,False
2021-10-14,2.53,3.13854,1.24066,17003215993.265,14606626915.411,6754804205,5802720200,False
2021-10-15,2.34,2.902839,1.147488,15726294634.087,13509686554.174,6754804205,5802720200,False
2021-10-18,2.39,2.964865,1.172007,16062326570.713,13798355070.289,6754804205,5802720200,False
2021-10-19,2.37,2.940055,1.162199,15927913796.062,13682887663.843,6754804205,5802720200,False
2021-10-20,2.34,2.902839,1.147488,15726294634.087,13509686554.174,6754804205,5802720200,False
2021-10-21,2.32,2.878028,1.13768,15591881859.437,13394219147.728,6754804205,5802720200,False
2021-10-22,2.31,2.865623,1.132776,15524675472.111,13336485444.505,6754804205,5802720200,False
2021-10-25,2.32,2.878028,1.13768,15591881859.437,13394219147.728,6754804205,5802720200,False
2021-10-26,2.33,2.890434,1.142584,15659088246.762,13451952850.951,6754804205,5802720200,False
2021-10-27,2.3,2.853218,1.127872,15457469084.786,13278751741.282,6754804205,5802720200,False
2021-10-28,2.24,2.778786,1.09845,15054230760.835,12932349521.944,6754804205,5802720200,False
2021-10-29,2.28,2.828407,1.118065,15323056310.136,13163284334.836,6754804205,5802720200,False
2021-11-01,2.35,9.93899,1.244935,15793501021.412,13567420257.397,6754804205,5802720200,False
2021-11-02,2.28,9.642935,1.207852,15323056310.136,13163284334.836,6754804205,5802720200,False
2021-11-03,2.27,9.600642,1.202554,15255849922.811,13105550631.613,6754804205,5802720200,False
2021-11-04,2.26,9.558348,1.197257,15188643535.486,13047816928.39,6754804205,5802720200,False
2021-11-05,2.29,9.685229,1.213149,15390262697.461,13221018038.059,6754804205,5802720200,False
2021-11-08,2.27,9.600642,1.202554,15255849922.811,13105550631.613,6754804205,5802720200,False
2021-11-09,2.28,9.642935,1.207852,15323056310.136,13163284334.836,6754804205,5802720200,False
2021-11-10,2.27,9.600642,1.202554,15255849922.811,13105550631.613,6754804205,5802720200,False
2021-11-11,2.32,9.81211,1.229042,15591881859.437,13394219147.728,6754804205,5802720200,False
2021-11-12,2.32,9.81211,1.229042,15591881859.437,13394219147.728,6754804205,5802720200,False
2021-11-15,2.35,9.93899,1.244935,15793501021.412,13567420257.397,6754804205,5802720200,False
2021-11-16,2.43,10.277339,1.287316,16331152120.013,14029289883.181,6754804205,5802720200,False
2021-11-17,2.67,11.292385,1.414458,17944105415.817,15414898760.532,6754804205,5802720200,False
2021-11-18,2.94,12.434311,1.557493,19758677873.596,16973708747.552,6754804205,5802720200,False
2021-11-19,2.95,12.476605,1.562791,19825884260.921,17031442450.775,6754804205,5802720200,False
2021-11-22,2.84,12.011375,1.504517,19086614000.345,16396371715.322,6754804205,5802720200,False
2021-11-23,2.74,11.58844,1.451541,18414550127.093,15819034683.093,6754804205,5802720200,False
2021-11-24,2.77,11.71532,1.467434,18616169289.069,15992235792.762,6754804205,5802720200,False
2021-11-25,2.49,10.5311,1.319101,16734390443.964,14375692102.519,6754804205,5802720200,False
2021-11-26,2.45,10.361926,1.297911,16465564894.664,14144757289.627,6754804205,5802720200,False
2021-11-29,2.4,10.150458,1.271423,16129532958.038,13856088773.512,6754804205,5802720200,False
2021-11-30,2.38,10.065871,1.260828,15995120183.387,13740621367.066,6754804205,5802720200,False
2021-12-01,2.43,10.277339,1.287316,16331152120.013,14029289883.181,6754804205,5802720200,False
2021-12-02,2.42,10.235045,1.282018,16263945732.688,13971556179.958,6754804205,5802720200,False
2021-12-03,2.41,10.192752,1.27672,16196739345.363,13913822476.735,6754804205,5802720200,False
2021-12-06,2.35,9.93899,1.244935,15793501021.412,13567420257.397,6754804205,5802720200,False
2021-12-07,2.38,10.065871,1.260828,15995120183.387,13740621367.066,6754804205,5802720200,False
2021-12-08,2.37,10.023577,1.25553,15927913796.062,13682887663.843,6754804205,5802720200,False
2021-12-09,2.41,10.192752,1.27672,16196739345.363,13913822476.735,6754804205,5802720200,False
2021-12-10,2.4,10.150458,1.271423,16129532958.038,13856088773.512,6754804205,5802720200,False
2021-12-13,2.41,10.192752,1.27672,16196739345.363,13913822476.735,6754804205,5802720200,False
2021-12-14,2.38,10.065871,1.260828,15995120183.387,13740621367.066,6754804205,5802720200,False
2021-12-15,2.4,10.150458,1.271423,16129532958.038,13856088773.512,6754804205,5802720200,False
2021-12-16,2.44,10.319632,1.292613,16398358507.338,14087023586.404,6754804205,5802720200,False
2021-12-17,2.43,10.277339,1.287316,16331152120.013,14029289883.181,6754804205,5802720200,False
2021-12-20,2.39,10.108165,1.266125,16062326570.713,13798355070.289,6754804205,5802720200,False
2021-12-21,2.47,10.446513,1.308506,16599977669.314,14260224696.073,6754804205,5802720200,False
2021-12-22,2.55,10.784862,1.350887,17137628767.915,14722094321.856,6754804205,5802720200,False
2021-12-23,2.47,10.446513,1.308506,16599977669.314,14260224696.073,6754804205,5802720200,False
2021-12-24,2.43,10.277339,1.287316,16331152120.013,14029289883.181,6754804205,5802720200,False
2021-12-27,2.43,10.277339,1.287316,16331152120.013,14029289883.181,6754804205,5802720200,False
2021-12-28,2.4,10.150458,1.271423,16129532958.038,13856088773.512,6754804205,5802720200,False
2021-12-29,2.39,10.108165,1.266125,16062326570.713,13798355070.289,6754804205,5802720200,False
2021-12-30,2.47,10.446513,1.308506,16599977669.314,14260224696.073,6754804205,5802720200,False
2021-12-31,2.46,10.40422,1.303208,16532771281.989,14265351566.504,6754804205,5828403182,False
2022-01-04,2.59,10.954036,1.372077,17406454317.216,15019211608.636,6754804205,5828403182,False
2022-01-05,2.65,11.207798,1.403863,17809692641.167,15367147012.697,6754804205,5828403182,False
2022-01-06,2.58,10.911743,1.36678,17339247929.891,14961222374.626,6754804205,5828403182,False
2022-01-07,2.52,10.657981,1.334994,16936009605.94,14613286970.565,6754804205,5828403182,False
2022-01-10,2.55,10.784862,1.350887,17137628767.915,14787254672.595,6754804205,5828403182,False
2022-01-11,2.52,10.657981,1.334994,16936009605.94,14613286970.565,6754804205,5828403182,False
2022-01-12,2.54,10.742568,1.345589,17070422380.59,14729265438.585,6754804205,5828403182,False
2022-01-13,2.52,10.657981,1.334994,16936009605.94,14613286970.565,6754804205,5828403182,False
2022-01-14,2.53,10.700275,1.340292,17003215993.265,14671276204.575,6754804205,5828403182,False
2022-01-17,2.61,11.038623,1.382672,17540867091.866,15135190076.656,6754804205,5828403182,False
2022-01-18,2.54,10.742568,1.345589,17070422380.59,14729265438.585,6754804205,5828403182,False
2022-01-19,2.57,10.869449,1.361482,17272041542.565,14903233140.615,6754804205,5828403182,False
2022-01-20,2.5,10.573394,1.324399,16801596831.289,14497308502.544,6754804205,5828403182,False
2022-01-21,2.44,10.319632,1.292613,16398358507.338,14149373098.483,6754804205,5828403182,False
2022-01-24,2.42,10.235045,1.282018,16263945732.688,14033394630.463,6754804205,5828403182,False
2022-01-25,2.3,9.727522,1.218447,15457469084.786,13337523822.341,6754804205,5828403182,False
2022-01-26,2.31,9.769816,1.223745,15524675472.111,13395513056.351,6754804205,5828403182,False
2022-01-27,2.28,9.642935,1.207852,15323056310.136,13221545354.32,6754804205,5828403182,False
2022-01-28,2.31,9.769816,1.223745,15524675472.111,13395513056.351,6754804205,5828403182,False
2022-02-07,2.26,9.558348,1.197257,15188643535.486,13105566886.3,6754804205,5828403182,False
2022-02-08,2.33,9.854403,1.23434,15659088246.762,13511491524.371,6754804205,5828403182,False
2022-02-09,2.35,9.93899,1.244935,15793501021.412,13627469992.392,6754804205,5828403182,False
2022-02-10,2.35,9.93899,1.244935,15793501021.412,13627469992.392,6754804205,5828403182,False
2022-02-11,2.31,9.769816,1.223745,15524675472.111,13395513056.351,6754804205,5828403182,False
2022-02-14,2.31,9.769816,1.223745,15524675472.111,13395513056.351,6754804205,5828403182,False
2022-02-15,2.32,9.81211,1.229042,15591881859.437,13453502290.361,6754804205,5828403182,False
2022-02-16,2.32,9.81211,1.229042,15591881859.437,13453502290.361,6754804205,5828403182,False
2022-02-17,2.29,9.685229,1.213149,15390262697.461,13279534588.331,6754804205,5828403182,False
2022-02-18,2.32,9.81211,1.229042,15591881859.437,13453502290.361,6754804205,5828403182,False
2022-02-21,2.36,9.981284,1.250233,15860707408.737,13685459226.402,6754804205,5828403182,False
2022-02-22,2.32,9.81211,1.229042,15591881859.437,13453502290.361,6754804205,5828403182,False
2022-02-23,2.33,9.854403,1.23434,15659088246.762,13511491524.371,6754804205,5828403182,False
2022-02-24,2.27,9.600642,1.202554,15255849922.811,13163556120.31,6754804205,5828403182,False
2022-02-25,2.27,9.600642,1.202554,15255849922.811,13163556120.31,6754804205,5828403182,False
2022-02-28,2.27,9.600642,1.202554,15255849922.811,13163556120.31,6754804205,5828403182,False
2022-03-01,2.3,9.727522,1.218447,15457469084.786,13337523822.341,6754804205,5828403182,False
2022-03-02,2.31,9.769816,1.223745,15524675472.111,13395513056.351,6754804205,5828403182,False
2022-03-03,2.31,9.769816,1.223745,15524675472.111,13395513056.351,6754804205,5828403182,False
2022-03-04,2.29,9.685229,1.213149,15390262697.461,13279534588.331,6754804205,5828403182,False
2022-03-07,2.26,9.558348,1.197257,15188643535.486,13105566886.3,6754804205,5828403182,False
2022-03-08,2.18,9.22,1.154876,14650992436.884,12641653014.219,6754804205,5828403182,False
2022-03-09,2.12,8.966238,1.12309,14247754112.933,12293717610.158,6754804205,5828403182,False
2022-03-10,2.13,9.008532,1.128388,14314960500.259,12351706844.168,6754804205,5828403182,False
2022-03-11,2.15,9.093119,1.138983,14449373274.909,12467685312.188,6754804205,5828403182,False
2022-03-14,2.09,8.839357,1.107197,14046134950.958,12119749908.127,6754804205,5828403182,False
2022-03-15,1.94,8.204954,1.027734,13038039141.081,11249911397.974,6754804205,5828403182,False
2022-03-16,2.01,8.501009,1.064817,13508483852.357,11655836036.046,6754804205,5828403182,False
2022-03-17,2.06,8.712477,1.091305,13844515788.982,11945782206.096,6754804205,5828403182,False
2022-03-18,2.1,8.881651,1.112495,14113341338.283,12177739142.137,6754804205,5828403182,False
2022-03-21,2.1,8.881651,1.112495,14113341338.283,12177739142.137,6754804205,5828403182,False
2022-03-22,2.12,8.966238,1.12309,14247754112.933,12293717610.158,6754804205,5828403182,False
2022-03-23,2.12,8.966238,1.12309,14247754112.933,12293717610.158,6754804205,5828403182,False
2022-03-24,2.06,8.712477,1.091305,13844515788.982,11945782206.096,6754804205,5828403182,False
2022-03-25,2.08,8.797064,1.1019,13978928563.633,12061760674.117,6754804205,5828403182,False
2022-03-28,2.09,8.839357,1.107197,14046134950.958,12119749908.127,6754804205,5828403182,False
2022-03-29,2.06,8.712477,1.091305,13844515788.982,11945782206.096,6754804205,5828403182,False
2022-03-30,2.08,8.797064,1.1019,13978928563.633,12061760674.117,6754804205,5828403182,False
2022-03-31,2.09,8.839357,1.107197,14046134950.958,12119749908.127,6754804205,5828403182,False
2022-04-01,2.1,8.881651,1.112495,14113341338.283,12177739142.137,6754804205,5828403182,False
2022-04-06,2.14,9.050825,1.133685,14382166887.584,12409696078.178,6754804205,5828403182,False
2022-04-07,2.1,8.881651,1.112495,14113341338.283,12177739142.137,6754804205,5828403182,False
2022-04-08,2.06,8.712477,1.091305,13844515788.982,11945782206.096,6754804205,5828403182,False
2022-04-11,1.99,8.416422,1.054221,13374071077.706,11539857568.025,6754804205,5828403182,False
2022-04-12,2.03,8.585596,1.075412,13642896627.007,11771814504.066,6754804205,5828403182,False
2022-04-13,2.0,8.458715,1.059519,13441277465.032,11597846802.035,6754804205,5828403182,False
2022-04-14,2.01,8.501009,1.064817,13508483852.357,11655836036.046,6754804205,5828403182,False
2022-04-15,1.98,8.374128,1.048924,13306864690.381,11481868334.015,6754804205,5828403182,False
2022-04-18,1.96,8.289541,1.038329,13172451915.731,11365889865.995,6754804205,5828403182,False
2022-04-19,1.96,8.289541,1.038329,13172451915.731,11365889865.995,6754804205,5828403182,False
2022-04-20,1.92,8.120367,1.017138,12903626366.43,11133932929.954,6754804205,5828403182,False
2022-04-21,1.83,7.739724,0.96946,12298768880.504,10612029823.862,6754804205,5828403182,False
2022-04-22,1.79,7.57055,0.94827,12029943331.203,10380072887.822,6754804205,5828403182,False
2022-04-25,1.63,6.893853,0.863508,10954641134.001,9452245143.659,6754804205,5828403182,False
2022-04-26,1.65,6.97844,0.874103,11089053908.651,9568223611.679,6754804205,5828403182,False
2022-04-27,1.69,7.147614,0.895294,11357879457.952,9800180547.72,6754804205,5828403182,False
2022-04-28,1.63,6.893853,0.863508,10954641134.001,9452245143.659,6754804205,5828403182,False
2022-04-29,1.68,7.105321,0.889996,11290673070.626,9742191313.71,6754804205,5828403182,False
2022-05-05,1.7,-8.563794,1.040549,11425085845.277,9858169781.73,6754804205,5828403182,False
2022-05-06,1.65,-8.311918,1.009945,11089053908.651,9568223611.679,6754804205,5828403182,False
2022-05-09,1.68,-8.463044,1.028308,11290673070.626,9742191313.71,6754804205,5828403182,False
2022-05-10,1.69,-8.513419,1.034429,11357879457.952,9800180547.72,6754804205,5828403182,False
2022-05-11,1.69,-8.513419,1.034429,11357879457.952,9800180547.72,6754804205,5828403182,False
2022-05-12,1.69,-8.513419,1.034429,11357879457.952,9800180547.72,6754804205,5828403182,False
2022-05-13,1.71,-8.61417,1.04667,11492292232.602,9916159015.74,6754804205,5828403182,False
2022-05-16,1.7,-8.563794,1.040549,11425085845.277,9858169781.73,6754804205,5828403182,False
2022-05-17,1.68,-8.463044,1.028308,11290673070.626,9742191313.71,6754804205,5828403182,False
2022-05-18,1.72,-8.664545,1.052791,11559498619.927,9974148249.75,6754804205,5828403182,False
2022-05-19,1.73,-8.71492,1.058912,11626705007.252,10032137483.761,6754804205,5828403182,False
2022-05-20,1.75,-8.815671,1.071154,11761117781.903,10148115951.781,6754804205,5828403182,False
2022-05-23,1.77,-8.916421,1.083396,11895530556.553,10264094419.801,6754804205,5828403182,False
2022-05-24,1.7,-8.563794,1.040549,11425085845.277,9858169781.73,6754804205,5828403182,False
2022-05-25,1.75,-8.815671,1.071154,11761117781.903,10148115951.781,6754804205,5828403182,False
2022-05-26,1.77,-8.916421,1.083396,11895530556.553,10264094419.801,6754804205,5828403182,False
2022-05-27,1.76,-8.866046,1.077275,11828324169.228,10206105185.791,6754804205,5828403182,False
2022-05-30,1.75,-8.815671,1.071154,11761117781.903,10148115951.781,6754804205,5828403182,False
2022-05-31,1.76,-8.866046,1.077275,11828324169.228,10206105185.791,6754804205,5828403182,False
2022-06-01,1.78,-8.966797,1.089516,11962736943.878,10322083653.812,6754804205,5828403182,False
2022-06-02,1.79,-9.017172,1.095637,12029943331.203,10380072887.822,6754804205,5828403182,False
2022-06-06,1.82,-9.168298,1.114,12231562493.179,10554040589.852,6754804205,5828403182,False
2022-06-07,1.79,-9.017172,1.095637,12029943331.203,10380072887.822,6754804205,5828403182,False
2022-06-08,1.81,-9.117922,1.107879,12164356105.854,10496051355.842,6754804205,5828403182,False
2022-06-09,1.77,-8.916421,1.083396,11895530556.553,10264094419.801,6754804205,5828403182,False
2022-06-10,1.78,-8.966797,1.089516,11962736943.878,10322083653.812,6754804205,5828403182,False
2022-06-13,1.81,-9.117922,1.107879,12164356105.854,10496051355.842,6754804205,5828403182,False
2022-06-14,1.81,-9.117922,1.107879,12164356105.854,10496051355.842,6754804205,5828403182,False
2022-06-15,1.83,-9.218673,1.120121,12298768880.504,10612029823.862,6754804205,5828403182,False
2022-06-16,1.85,-9.319423,1.132363,12433181655.154,10728008291.883,6754804205,5828403182,False
2022-06-17,1.85,-9.319423,1.132363,12433181655.154,10728008291.883,6754804205,5828403182,False
2022-06-20,1.86,-9.369799,1.138483,12500388042.479,10785997525.893,6754804205,5828403182,False
2022-06-21,1.86,-9.369799,1.138483,12500388042.479,10785997525.893,6754804205,5828403182,False
2022-06-22,1.89,-9.520924,1.156846,12702007204.455,10959965227.923,6754804205,5828403182,False
2022-06-23,2.07,-10.427679,1.267022,13911722176.308,12003771440.107,6754804205,5828403182,False
2022-06-24,1.97,-9.923927,1.205813,13239658303.056,11423879100.005,6754804205,5828403182,False
2022-06-27,1.96,-9.873551,1.199692,13172451915.731,11365889865.995,6754804205,5828403182,False
2022-06-28,1.98,-9.974302,1.211934,13306864690.381,11481868334.015,6754804205,5828403182,False
2022-06-29,1.94,-9.772801,1.187451,13038039141.081,11249911397.974,6754804205,5828403182,False
2022-06-30,1.94,-9.772801,1.187451,13038039141.081,11261786301.827,6754804205,5834555384,False
2022-07-01,1.91,-9.621675,1.169088,12836419979.105,11087634967.263,6754804205,5834555384,False
2022-07-04,1.91,-9.621675,1.169088,12836419979.105,11087634967.263,6754804205,5834555384,False
2022-07-05,1.92,-9.67205,1.175209,12903626366.43,11145685412.118,6754804205,5834555384,False
2022-07-06,1.94,-9.772801,1.187451,13038039141.081,11261786301.827,6754804205,5834555384,False
2022-07-07,1.93,-9.722425,1.18133,12970832753.755,11203735856.973,6754804205,5834555384,False
2022-07-08,2.01,-10.125428,1.230297,13508483852.357,11668139415.811,6754804205,5834555384,False
2022-07-11,2.08,-10.478054,1.273143,13978928563.633,12074492529.794,6754804205,5834555384,False
2022-07-12,2.04,-10.276553,1.248659,13710103014.332,11842290750.375,6754804205,5834555384,False
2022-07-13,2.06,-10.377304,1.260901,13844515788.982,11958391640.085,6754804205,5834555384,False
2022-07-14,2.06,-10.377304,1.260901,13844515788.982,11958391640.085,6754804205,5834555384,False
2022-07-15,1.96,-9.873551,1.199692,13172451915.731,11377887191.537,6754804205,5834555384,False
2022-07-18,1.98,-9.974302,1.211934,13306864690.381,11493988081.246,6754804205,5834555384,False
2022-07-19,2.02,-10.175803,1.236418,13575690239.682,11726189860.666,6754804205,5834555384,False
2022-07-20,2.01,-10.125428,1.230297,13508483852.357,11668139415.811,6754804205,5834555384,False
2022-07-21,1.97,-9.923927,1.205813,13239658303.056,11435937636.392,6754804205,5834555384,False
2022-07-22,1.95,-9.823176,1.193571,13105245528.406,11319836746.682,6754804205,5834555384,False
2022-07-25,1.93,-9.722425,1.18133,12970832753.755,11203735856.973,6754804205,5834555384,False
2022-07-26,1.95,-9.823176,1.193571,13105245528.406,11319836746.682,6754804205,5834555384,False
2022-07-27,1.94,-9.772801,1.187451,13038039141.081,11261786301.827,6754804205,5834555384,False
2022-07-28,1.94,-9.772801,1.187451,13038039141.081,11261786301.827,6754804205,5834555384,False
2022-07-29,1.94,-9.772801,1.187451,13038039141.081,11261786301.827,6754804205,5834555384,False
2022-08-01,1.93,-9.722425,1.18133,12970832753.755,11203735856.973,6754804205,5834555384,False
2022-08-02,1.85,-9.319423,1.132363,12433181655.154,10739332298.134,6754804205,5834555384,False
2022-08-03,1.82,-9.168298,1.114,12231562493.179,10565180963.57,6754804205,5834555384,False
2022-08-04,1.84,-9.269048,1.126242,12365975267.829,10681281853.279,6754804205,5834555384,False
2022-08-05,1.91,-9.621675,1.169088,12836419979.105,11087634967.263,6754804205,5834555384,False
2022-08-08,1.89,-9.520924,1.156846,12702007204.455,10971534077.553,6754804205,5834555384,False
2022-08-09,1.88,-9.470549,1.150725,12634800817.13,10913483632.699,6754804205,5834555384,False
2022-08-10,1.89,-9.520924,1.156846,12702007204.455,10971534077.553,6754804205,5834555384,False
2022-08-11,1.91,-9.621675,1.169088,12836419979.105,11087634967.263,6754804205,5834555384,False
2022-08-12,1.93,-9.722425,1.18133,12970832753.755,11203735856.973,6754804205,5834555384,False
2022-08-15,1.92,-9.67205,1.175209,12903626366.43,11145685412.118,6754804205,5834555384,False
2022-08-16,1.92,-9.67205,1.175209,12903626366.43,11145685412.118,6754804205,5834555384,False
2022-08-17,1.95,-9.823176,1.193571,13105245528.406,11319836746.682,6754804205,5834555384,False
2022-08-18,1.92,-9.67205,1.175209,12903626366.43,11145685412.118,6754804205,5834555384,False
2022-08-19,1.93,-9.722425,1.18133,12970832753.755,11203735856.973,6754804205,5834555384,False
2022-08-22,1.97,-9.923927,1.205813,13239658303.056,11435937636.392,6754804205,5834555384,False
2022-08-23,1.98,-9.974302,1.211934,13306864690.381,11493988081.246,6754804205,5834555384,False
2022-08-24,1.95,-9.823176,1.193571,13105245528.406,11319836746.682,6754804205,5834555384,False
2022-08-25,1.94,-9.772801,1.187451,13038039141.081,11261786301.827,6754804205,5834555384,False
2022-08-26,1.93,-9.722425,1.18133,12970832753.755,11203735856.973,6754804205,5834555384,False
2022-08-29,1.94,-9.772801,1.187451,13038039141.081,11261786301.827,6754804205,5834555384,False
2022-08-30,1.96,-9.873551,1.199692,13172451915.731,11377887191.537,6754804205,5834555384,False
2022-08-31,2.0,-13.531841,1.051541,13441277465.032,11610088970.956,6754804205,5834555384,False
2022-09-01,1.97,-13.328863,1.035768,13239658303.056,11435937636.392,6754804205,5834555384,False
2022-09-02,2.01,-13.5995,1.056799,13508483852.357,11668139415.811,6754804205,5834555384,False
2022-09-05,2.03,-13.734818,1.067314,13642896627.007,11784240305.52,6754804205,5834555384,False
2022-09-06,2.03,-13.734818,1.067314,13642896627.007,11784240305.52,6754804205,5834555384,False
2022-09-07,1.99,-13.464181,1.046283,13374071077.706,11552038526.101,6754804205,5834555384,False
2022-09-08,1.96,-13.261204,1.03051,13172451915.731,11377887191.537,6754804205,5834555384,False
2022-09-09,1.97,-13.328863,1.035768,13239658303.056,11435937636.392,6754804205,5834555384,False
2022-09-13,1.94,-13.125885,1.019995,13038039141.081,11261786301.827,6754804205,5834555384,False
2022-09-14,1.92,-12.990567,1.009479,12903626366.43,11145685412.118,6754804205,5834555384,False
2022-09-15,1.89,-12.787589,0.993706,12702007204.455,10971534077.553,6754804205,5834555384,False
2022-09-16,1.83,-12.381634,0.96216,12298768880.504,10623231408.425,6754804205,5834555384,False
2022-09-19,1.81,-12.246316,0.951645,12164356105.854,10507130518.715,6754804205,5834555384,False
2022-09-20,1.83,-12.381634,0.96216,12298768880.504,10623231408.425,6754804205,5834555384,False
2022-09-21,1.86,-12.584612,0.977933,12500388042.479,10797382742.989,6754804205,5834555384,False
2022-09-22,1.84,-12.449293,0.967418,12365975267.829,10681281853.279,6754804205,5834555384,False
2022-09-23,1.82,-12.313975,0.956902,12231562493.179,10565180963.57,6754804205,5834555384,False
2022-09-26,1.78,-12.043338,0.935871,11962736943.878,10332979184.151,6754804205,5834555384,False
2022-09-27,1.83,-12.381634,0.96216,12298768880.504,10623231408.425,6754804205,5834555384,False
2022-09-28,1.82,-12.313975,0.956902,12231562493.179,10565180963.57,6754804205,5834555384,False
2022-09-29,1.78,-12.043338,0.935871,11962736943.878,10332979184.151,6754804205,5834555384,False
2022-09-30,1.75,-11.840361,0.920098,11761117781.903,10158827849.586,6754804205,5834555384,False
2022-10-10,1.73,-11.705042,0.909583,11626705007.252,10042726959.877,6754804205,5834555384,False
2022-10-11,1.75,-11.840361,0.920098,11761117781.903,10158827849.586,6754804205,5834555384,False
2022-10-12,1.79,-12.110997,0.941129,12029943331.203,10391029629.006,6754804205,5834555384,False
2022-10-13,1.79,-12.110997,0.941129,12029943331.203,10391029629.006,6754804205,5834555384,False
2022-10-14,1.81,-12.246316,0.951645,12164356105.854,10507130518.715,6754804205,5834555384,False
2022-10-17,1.87,-12.652271,0.983191,12567594429.804,10855433187.844,6754804205,5834555384,False
2022-10-18,1.86,-12.584612,0.977933,12500388042.479,10797382742.989,6754804205,5834555384,False
2022-10-19,1.83,-12.381634,0.96216,12298768880.504,10623231408.425,6754804205,5834555384,False
2022-10-20,1.83,-12.381634,0.96216,12298768880.504,10623231408.425,6754804205,5834555384,False
2022-10-21,1.82,-12.313975,0.956902,12231562493.179,10565180963.57,6754804205,5834555384,False
2022-10-24,1.79,-12.110997,0.941129,12029943331.203,10391029629.006,6754804205,5834555384,False
2022-10-25,1.77,-11.975679,0.930614,11895530556.553,10274928739.296,6754804205,5834555384,False
2022-10-26,1.79,-12.110997,0.941129,12029943331.203,10391029629.006,6754804205,5834555384,False
2022-10-27,1.8,-12.088949,1.020219,12097149718.528,10449080073.86,6754804205,5834555384,False
2022-10-28,1.71,-11.484501,0.969208,11492292232.602,9926626070.167,6754804205,5834555384,False
2022-10-31,1.71,-11.484501,0.969208,11492292232.602,9926626070.167,6754804205,5834555384,False
2022-11-01,1.75,-11.753145,0.991879,11761117781.903,10158827849.586,6754804205,5834555384,False
2022-11-02,1.76,-11.820305,0.997547,11828324169.228,10216878294.441,6754804205,5834555384,False
2022-11-03,1.74,-11.685984,0.986211,11693911394.577,10100777404.732,6754804205,5834555384,False
2022-11-04,1.77,-11.887466,1.003215,11895530556.553,10274928739.296,6754804205,5834555384,False
2022-11-07,1.79,-12.021788,1.014551,12029943331.203,10391029629.006,6754804205,5834555384,False
2022-11-08,1.79,-12.021788,1.014551,12029943331.203,10391029629.006,6754804205,5834555384,False
2022-11-09,1.79,-12.021788,1.014551,12029943331.203,10391029629.006,6754804205,5834555384,False
2022-11-10,1.82,-12.22327,1.031554,12231562493.179,10565180963.57,6754804205,5834555384,False
2022-11-11,1.83,-12.290431,1.037222,12298768880.504,10623231408.425,6754804205,5834555384,False
2022-11-14,1.82,-12.22327,1.031554,12231562493.179,10565180963.57,6754804205,5834555384,False
2022-11-15,1.83,-12.290431,1.037222,12298768880.504,10623231408.425,6754804205,5834555384,False
2022-11-16,1.87,-12.559074,1.059894,12567594429.804,10855433187.844,6754804205,5834555384,False
2022-11-17,1.86,-12.491914,1.054226,12500388042.479,10797382742.989,6754804205,5834555384,False
2022-11-18,1.86,-12.491914,1.054226,12500388042.479,10797382742.989,6754804205,5834555384,False
2022-11-21,1.83,-12.290431,1.037222,12298768880.504,10623231408.425,6754804205,5834555384,False
2022-11-22,1.83,-12.290431,1.037222,12298768880.504,10623231408.425,6754804205,5834555384,False
2022-11-23,1.8,-12.088949,1.020219,12097149718.528,10449080073.86,6754804205,5834555384,False
2022-11-24,1.8,-12.088949,1.020219,12097149718.528,10449080073.86,6754804205,5834555384,False
2022-11-25,1.81,-12.15611,1.025886,12164356105.854,10507130518.715,6754804205,5834555384,False
2022-11-28,1.81,-12.15611,1.025886,12164356105.854,10507130518.715,6754804205,5834555384,False
2022-11-29,1.85,-12.424753,1.048558,12433181655.154,10739332298.134,6754804205,5834555384,False
2022-11-30,1.84,-12.357592,1.04289,12365975267.829,10681281853.279,6754804205,5834555384,False
2022-12-01,1.86,-12.491914,1.054226,12500388042.479,10797382742.989,6754804205,5834555384,False
2022-12-02,1.88,-12.626235,1.065562,12634800817.13,10913483632.699,6754804205,5834555384,False
2022-12-05,1.91,-12.827718,1.082565,12836419979.105,11087634967.263,6754804205,5834555384,False
2022-12-06,1.89,-12.693396,1.071229,12702007204.455,10971534077.553,6754804205,5834555384,False
2022-12-07,1.88,-12.626235,1.065562,12634800817.13,10913483632.699,6754804205,5834555384,False
2022-12-08,1.87,-12.559074,1.059894,12567594429.804,10855433187.844,6754804205,5834555384,False
2022-12-09,1.86,-12.491914,1.054226,12500388042.479,10797382742.989,6754804205,5834555384,False
2022-12-12,1.82,-12.22327,1.031554,12231562493.179,10565180963.57,6754804205,5834555384,False
2022-12-13,1.84,-12.357592,1.04289,12365975267.829,10681281853.279,6754804205,5834555384,False
2022-12-14,1.84,-12.357592,1.04289,12365975267.829,10681281853.279,6754804205,5834555384,False
2022-12-15,1.84,-12.357592,1.04289,12365975267.829,10681281853.279,6754804205,5834555384,False
2022-12-16,1.82,-12.22327,1.031554,12231562493.179,10565180963.57,6754804205,5834555384,False
2022-12-19,1.78,-11.954627,1.008883,11962736943.878,10332979184.151,6754804205,5834555384,False
2022-12-20,1.75,-11.753145,0.991879,11761117781.903,10158827849.586,6754804205,5834555384,False
2022-12-21,1.75,-11.753145,0.991879,11761117781.903,10158827849.586,6754804205,5834555384,False
2022-12-22,1.74,-11.685984,0.986211,11693911394.577,10100777404.732,6754804205,5834555384,False
2022-12-23,1.78,-11.954627,1.008883,11962736943.878,10332979184.151,6754804205,5834555384,False
2022-12-26,1.76,-11.820305,0.997547,11828324169.228,10216878294.441,6754804205,5834555384,False
2022-12-27,1.76,-11.820305,0.997547,11828324169.228,10216878294.441,6754804205,5834555384,False
2022-12-28,1.74,-11.685984,0.986211,11693911394.577,10100777404.732,6754804205,5834555384,False
2022-12-29,1.73,-11.618823,0.980543,11626705007.252,10042726959.877,6754804205,5834555384,False
2022-12-30,1.77,-11.887466,1.003215,11895530556.553,10274928739.296,6754804205,5834555384,False
2023-01-03,1.83,-12.290431,1.037222,12298768880.504,10623231408.425,6754804205,5834555384,False
2023-01-04,1.85,-12.424753,1.048558,12433181655.154,10739332298.134,6754804205,5834555384,False
2023-01-05,1.85,-12.424753,1.048558,12433181655.154,10739332298.134,6754804205,5834555384,False
2023-01-06,1.8,-12.088949,1.020219,12097149718.528,10449080073.86,6754804205,5834555384,False
2023-01-09,1.8,-12.088949,1.020219,12097149718.528,10449080073.86,6754804205,5834555384,False
2023-01-10,1.8,-12.088949,1.020219,12097149718.528,10449080073.86,6754804205,5834555384,False
2023-01-11,1.79,-12.021788,1.014551,12029943331.203,10391029629.006,6754804205,5834555384,False
2023-01-12,1.78,-11.954627,1.008883,11962736943.878,10332979184.151,6754804205,5834555384,False
2023-01-13,1.8,-12.088949,1.020219,12097149718.528,10449080073.86,6754804205,5834555384,False
2023-01-16,1.79,-12.021788,1.014551,12029943331.203,10391029629.006,6754804205,5834555384,False
2023-01-17,1.79,-12.021788,1.014551,12029943331.203,10391029629.006,6754804205,5834555384,False
2023-01-18,1.79,-12.021788,1.014551,12029943331.203,10391029629.006,6754804205,5834555384,False
2023-01-19,1.81,-12.15611,1.025886,12164356105.854,10507130518.715,6754804205,5834555384,False
2023-01-20,1.83,-12.290431,1.037222,12298768880.504,10623231408.425,6754804205,5834555384,False
2023-01-30,1.84,-12.357592,1.04289,12365975267.829,10681281853.279,6754804205,5834555384,False
2023-01-31,1.85,-12.424753,1.048558,12433181655.154,10739332298.134,6754804205,5834555384,False
2023-02-01,1.88,-12.626235,1.065562,12634800817.13,10913483632.699,6754804205,5834555384,False
2023-02-02,1.86,-12.491914,1.054226,12500388042.479,10797382742.989,6754804205,5834555384,False
2023-02-03,1.88,-12.626235,1.065562,12634800817.13,10913483632.699,6754804205,5834555384,False
2023-02-06,1.87,-12.559074,1.059894,12567594429.804,10855433187.844,6754804205,5834555384,False
2023-02-07,1.9,-12.760557,1.076897,12769213591.78,11029584522.408,6754804205,5834555384,False
2023-02-08,1.87,-12.559074,1.059894,12567594429.804,10855433187.844,6754804205,5834555384,False
2023-02-09,1.89,-12.693396,1.071229,12702007204.455,10971534077.553,6754804205,5834555384,False
2023-02-10,2.08,-13.969452,1.178919,13978928563.633,12074492529.794,6754804205,5834555384,False
2023-02-13,1.98,-13.297844,1.12224,13306864690.381,11493988081.246,6754804205,5834555384,False
2023-02-14,1.97,-13.230683,1.116573,13239658303.056,11435937636.392,6754804205,5834555384,False
2023-02-15,1.99,-13.365004,1.127908,13374071077.706,11552038526.101,6754804205,5834555384,False
2023-02-16,2.14,-14.372417,1.212926,14382166887.584,12422795198.923,6754804205,5834555384,False
2023-02-17,2.08,-13.969452,1.178919,13978928563.633,12074492529.794,6754804205,5834555384,False
2023-02-20,2.19,-14.708221,1.241266,14718198824.209,12713047423.197,6754804205,5834555384,False
2023-02-21,2.18,-14.64106,1.235598,14650992436.884,12654996978.342,6754804205,5834555384,False
2023-02-22,2.25,-15.111186,1.275273,15121437148.16,13061350092.325,6754804205,5834555384,False
2023-02-23,2.13,-14.305256,1.207259,14314960500.259,12364744754.068,6754804205,5834555384,False
2023-02-24,2.13,-14.305256,1.207259,14314960500.259,12364744754.068,6754804205,5834555384,False
2023-02-27,2.06,-13.83513,1.167583,13844515788.982,11958391640.085,6754804205,5834555384,False
2023-02-28,2.09,-14.036613,1.184587,14046134950.958,12132542974.649,6754804205,5834555384,False
2023-03-01,2.16,-14.506738,1.224262,14516579662.234,12538896088.632,6754804205,5834555384,False
2023-03-02,2.25,-15.111186,1.275273,15121437148.16,13061350092.325,6754804205,5834555384,False
2023-03-03,2.26,-15.178347,1.280941,15188643535.486,13119400537.18,6754804205,5834555384,False
2023-03-06,2.21,-14.842543,1.252602,14852611598.86,12829148312.906,6754804205,5834555384,False
2023-03-07,2.15,-14.439578,1.218594,14449373274.909,12480845643.778,6754804205,5834555384,False
2023-03-08,2.17,-14.573899,1.22993,14583786049.559,12596946533.487,6754804205,5834555384,False
2023-03-09,2.17,-14.573899,1.22993,14583786049.559,12596946533.487,6754804205,5834555384,False
2023-03-10,2.12,-14.238095,1.201591,14247754112.933,12306694309.213,6754804205,5834555384,False
2023-03-13,2.16,-14.506738,1.224262,14516579662.234,12538896088.632,6754804205,5834555384,False
2023-03-14,2.24,-15.044025,1.269605,15054230760.835,13003299647.471,6754804205,5834555384,False
2023-03-15,2.15,-14.439578,1.218594,14449373274.909,12480845643.778,6754804205,5834555384,False
2023-03-16,2.16,-14.506738,1.224262,14516579662.234,12538896088.632,6754804205,5834555384,False
2023-03-17,2.29,-15.379829,1.297945,15390262697.461,13293551871.745,6754804205,5834555384,False
2023-03-20,2.46,-16.521563,1.394299,16532771281.989,14280409434.276,6754804205,5834555384,False
2023-03-21,2.49,-16.723046,1.411302,16734390443.964,14454560768.84,6754804205,5834555384,False
2023-03-22,2.7,-18.133423,1.530328,18145724577.793,15673620110.791,6754804205,5834555384,False
2023-03-23,2.52,-16.924528,1.428306,16936009605.94,14628712103.405,6754804205,5834555384,False
2023-03-24,2.54,-17.05885,1.439642,17070422380.59,14744812993.114,6754804205,5834555384,False
2023-03-27,2.43,-16.320081,1.377295,16331152120.013,14106258099.711,6754804205,5834555384,False
2023-03-28,2.39,-16.051437,1.354623,16062326570.713,13874056320.292,6754804205,5834555384,False
2023-03-29,2.41,-16.185759,1.365959,16196739345.363,13990157210.002,6754804205,5834555384,False
2023-03-30,2.34,-15.715633,1.326284,15726294634.087,13583804096.018,6754804205,5834555384,False
2023-03-31,2.39,-16.051437,1.354623,16062326570.713,13874056320.292,6754804205,5834555384,False
2023-04-03,2.45,-16.454402,1.388631,16465564894.664,14222358989.421,6754804205,5834555384,False
2023-04-04,2.36,-15.849955,1.33762,15860707408.737,13699904985.728,6754804205,5834555384,False
2023-04-06,2.27,-15.245508,1.286609,15255849922.811,13177450982.035,6754804205,5834555384,False
2023-04-07,2.32,-15.581312,1.314948,15591881859.437,13467703206.309,6754804205,5834555384,False
2023-04-10,2.31,-15.514151,1.30928,15524675472.111,13409652761.454,6754804205,5834555384,False
2023-04-11,2.38,-15.984277,1.348956,15995120183.387,13816005875.438,6754804205,5834555384,False
2023-04-12,2.52,-16.924528,1.428306,16936009605.94,14628712103.405,6754804205,5834555384,False
2023-04-13,2.44,-16.387242,1.382963,16398358507.338,14164308544.566,6754804205,5834555384,False
2023-04-14,2.39,-16.051437,1.354623,16062326570.713,13874056320.292,6754804205,5834555384,False
2023-04-17,2.31,-15.514151,1.30928,15524675472.111,13409652761.454,6754804205,5834555384,False
2023-04-18,2.31,-15.514151,1.30928,15524675472.111,13409652761.454,6754804205,5834555384,False
2023-04-19,2.28,-15.312668,1.292277,15323056310.136,13235501426.89,6754804205,5834555384,False
2023-04-20,2.42,-16.25292,1.371627,16263945732.688,14048207654.857,6754804205,5834555384,False
2023-04-21,2.22,-14.909703,1.25827,14919817986.185,12887198757.761,6754804205,5834555384,False
2023-04-24,2.22,-14.909703,1.25827,14919817986.185,12887198757.761,6754804205,5834555384,False
2023-04-25,2.2,-14.775382,1.246934,14785405211.535,12771097868.052,6754804205,5834555384,False
2023-04-26,2.16,-14.506738,1.224262,14516579662.234,12538896088.632,6754804205,5834555384,False
2023-04-27,2.14,-14.372417,1.212926,14382166887.584,12422795198.923,6754804205,5834555384,False
2023-04-28,2.25,-15.111186,1.275273,15121437148.16,13061350092.325,6754804205,5834555384,False
2023-05-04,2.48,17.040977,1.372875,16667184056.639,14396510323.985,6754804205,5834555384,False
2023-05-05,2.5,17.178405,1.383947,16801596831.289,14512611213.695,6754804205,5834555384,False
2023-05-08,2.52,17.315832,1.395018,16936009605.94,14628712103.405,6754804205,5834555384,False
2023-05-09,2.44,16.766123,1.350732,16398358507.338,14164308544.566,6754804205,5834555384,False
2023-05-10,2.43,16.697409,1.345196,16331152120.013,14106258099.711,6754804205,5834555384,False
2023-05-11,2.49,17.109691,1.378411,16734390443.964,14454560768.84,6754804205,5834555384,False
2023-05-12,2.43,16.697409,1.345196,16331152120.013,14106258099.711,6754804205,5834555384,False
2023-05-15,2.38,16.353841,1.317517,15995120183.387,13816005875.438,6754804205,5834555384,False
2023-05-16,2.3,15.804132,1.273231,15457469084.786,13351602316.599,6754804205,5834555384,False
2023-05-17,2.32,15.94156,1.284302,15591881859.437,13467703206.309,6754804205,5834555384,False
2023-05-18,2.33,16.010273,1.289838,15659088246.762,13525753651.164,6754804205,5834555384,False
2023-05-19,2.29,15.735419,1.267695,15390262697.461,13293551871.745,6754804205,5834555384,False
2023-05-22,2.25,15.460564,1.245552,15121437148.16,13061350092.325,6754804205,5834555384,False
2023-05-23,2.21,15.18571,1.223409,14852611598.86,12829148312.906,6754804205,5834555384,False
2023-05-24,2.21,15.18571,1.223409,14852611598.86,12829148312.906,6754804205,5834555384,False
2023-05-25,2.19,15.048282,1.212337,14718198824.209,12713047423.197,6754804205,5834555384,False
2023-05-26,2.27,15.597991,1.256624,15255849922.811,13177450982.035,6754804205,5834555384,False
2023-05-29,2.26,15.529278,1.251088,15188643535.486,13119400537.18,6754804205,5834555384,False
2023-05-30,2.31,15.872846,1.278767,15524675472.111,13409652761.454,6754804205,5834555384,False
2023-05-31,2.31,15.872846,1.278767,15524675472.111,13409652761.454,6754804205,5834555384,False
2023-06-01,2.37,16.285128,1.311981,15927913796.062,13757955430.583,6754804205,5834555384,False
2023-06-02,2.39,16.422555,1.323053,16062326570.713,13874056320.292,6754804205,5834555384,False
2023-06-05,2.46,16.90355,1.361803,16532771281.989,14280409434.276,6754804205,5834555384,False
2023-06-06,2.4,16.491268,1.328589,16129532958.038,13932106765.147,6754804205,5834555384,False
2023-06-07,2.4,16.491268,1.328589,16129532958.038,13932106765.147,6754804205,5834555384,False
2023-06-08,2.37,16.285128,1.311981,15927913796.062,13757955430.583,6754804205,5834555384,False
2023-06-09,2.41,16.559982,1.334125,16196739345.363,13990157210.002,6754804205,5834555384,False
2023-06-12,2.42,16.628696,1.33966,16263945732.688,14048207654.857,6754804205,5834555384,False
2023-06-13,2.45,16.834837,1.356268,16465564894.664,14222358989.421,6754804205,5834555384,False
2023-06-14,2.47,16.972264,1.367339,16599977669.314,14338459879.131,6754804205,5834555384,False
2023-06-15,2.43,16.697409,1.345196,16331152120.013,14106258099.711,6754804205,5834555384,False
2023-06-16,2.48,17.040977,1.372875,16667184056.639,14396510323.985,6754804205,5834555384,False
2023-06-19,2.44,16.766123,1.350732,16398358507.338,14164308544.566,6754804205,5834555384,False
2023-06-20,2.42,16.628696,1.33966,16263945732.688,14048207654.857,6754804205,5834555384,False
2023-06-21,2.31,15.872846,1.278767,15524675472.111,13409652761.454,6754804205,5834555384,False
2023-06-26,2.23,15.323137,1.23448,14987024373.51,12945249202.616,6754804205,5834555384,False
2023-06-27,2.26,15.529278,1.251088,15188643535.486,13119400537.18,6754804205,5834555384,False
2023-06-28,2.26,15.529278,1.251088,15188643535.486,13119400537.18,6754804205,5834555384,False
2023-06-29,2.27,15.597991,1.256624,15255849922.811,13177450982.035,6754804205,5834555384,False
2023-06-30,2.3,15.804132,1.273231,15457469084.786,13351602316.599,6754804205,5834555384,False
2023-07-03,2.3,15.804132,1.273231,15457469084.786,13351602316.599,6754804205,5834555384,False
2023-07-04,2.34,16.078987,1.295374,15726294634.087,13583804096.018,6754804205,5834555384,False
2023-07-05,2.29,15.735419,1.267695,15390262697.461,13293551871.745,6754804205,5834555384,False
2023-07-06,2.3,15.804132,1.273231,15457469084.786,13351602316.599,6754804205,5834555384,False
2023-07-07,2.27,15.597991,1.256624,15255849922.811,13177450982.035,6754804205,5834555384,False
2023-07-10,2.27,15.597991,1.256624,15255849922.811,13177450982.035,6754804205,5834555384,False
2023-07-11,2.27,15.597991,1.256624,15255849922.811,13177450982.035,6754804205,5834555384,False
2023-07-12,2.2,15.116996,1.217873,14785405211.535,12771097868.052,6754804205,5834555384,False
2023-07-13,2.27,15.597991,1.256624,15255849922.811,13177450982.035,6754804205,5834555384,False
2023-07-14,2.33,16.010273,1.289838,15659088246.762,13525753651.164,6754804205,5834555384,False
2023-07-17,2.34,16.078987,1.295374,15726294634.087,13583804096.018,6754804205,5834555384,False
2023-07-18,2.29,15.735419,1.267695,15390262697.461,13293551871.745,6754804205,5834555384,False
2023-07-19,2.31,15.872846,1.278767,15524675472.111,13409652761.454,6754804205,5834555384,False
2023-07-20,2.29,15.735419,1.267695,15390262697.461,13293551871.745,6754804205,5834555384,False
2023-07-21,2.27,15.597991,1.256624,15255849922.811,13177450982.035,6754804205,5834555384,False
2023-07-24,2.25,15.460564,1.245552,15121437148.16,13061350092.325,6754804205,5834555384,False
2023-07-25,2.31,15.872846,1.278767,15524675472.111,13409652761.454,6754804205,5834555384,False
2023-07-26,2.3,15.804132,1.273231,15457469084.786,13351602316.599,6754804205,5834555384,False
2023-07-27,2.32,15.94156,1.284302,15591881859.437,13467703206.309,6754804205,5834555384,False
2023-07-28,2.33,16.010273,1.289838,15659088246.762,13525753651.164,6754804205,5834555384,False
2023-07-31,2.4,16.491268,1.328589,16129532958.038,13932106765.147,6754804205,5834555384,False
2023-08-01,2.4,16.491268,1.328589,16129532958.038,13932106765.147,6754804205,5834555384,False
2023-08-02,2.44,16.766123,1.350732,16398358507.338,14164308544.566,6754804205,5834555384,False
2023-08-03,2.39,16.422555,1.323053,16062326570.713,13874056320.292,6754804205,5834555384,False
2023-08-04,2.4,16.491268,1.328589,16129532958.038,13932106765.147,6754804205,5834555384,False
2023-08-07,2.41,16.559982,1.334125,16196739345.363,13990157210.002,6754804205,5834555384,False
2023-08-08,2.37,16.285128,1.311981,15927913796.062,13757955430.583,6754804205,5834555384,False
2023-08-09,2.34,16.078987,1.295374,15726294634.087,13583804096.018,6754804205,5834555384,False
2023-08-10,2.34,16.078987,1.295374,15726294634.087,13583804096.018,6754804205,5834555384,False
2023-08-11,2.28,15.666705,1.262159,15323056310.136,13235501426.89,6754804205,5834555384,False
2023-08-14,2.3,15.804132,1.273231,15457469084.786,13351602316.599,6754804205,5834555384,False
2023-08-15,2.28,15.666705,1.262159,15323056310.136,13235501426.89,6754804205,5834555384,False
2023-08-16,2.27,15.597991,1.256624,15255849922.811,13177450982.035,6754804205,5834555384,False
2023-08-17,2.29,15.735419,1.267695,15390262697.461,13293551871.745,6754804205,5834555384,False
2023-08-18,2.25,15.460564,1.245552,15121437148.16,13061350092.325,6754804205,5834555384,False
2023-08-21,2.23,15.323137,1.23448,14987024373.51,12945249202.616,6754804205,5834555384,False
2023-08-22,2.28,15.666705,1.262159,15323056310.136,13235501426.89,6754804205,5834555384,False
2023-08-23,2.28,15.666705,1.262159,15323056310.136,13235501426.89,6754804205,5834555384,False
2023-08-24,2.29,15.735419,1.267695,15390262697.461,13293551871.745,6754804205,5834555384,False
2023-08-25,2.24,15.391851,1.240016,15054230760.835,13003299647.471,6754804205,5834555384,False
2023-08-28,2.34,16.078987,1.295374,15726294634.087,13583804096.018,6754804205,5834555384,False
2023-08-29,2.47,16.972264,1.367339,16599977669.314,14338459879.131,6754804205,5834555384,False
2023-08-30,2.57,33.360236,1.271512,17272041542.565,14918964327.678,6754804205,5834555384,False
2023-08-31,2.51,32.581398,1.241827,16868803218.615,14570661658.55,6754804205,5834555384,False
2023-09-01,2.46,31.932366,1.217089,16532771281.989,14280409434.276,6754804205,5834555384,False
2023-09-04,2.46,31.932366,1.217089,16532771281.989,14280409434.276,6754804205,5834555384,False
2023-09-05,2.39,31.023721,1.182456,16062326570.713,13874056320.292,6754804205,5834555384,False
2023-09-06,2.36,30.634302,1.167614,15860707408.737,13699904985.728,6754804205,5834555384,False
2023-09-07,2.31,29.98527,1.142876,15524675472.111,13409652761.454,6754804205,5834555384,False
2023-09-08,2.3,29.855464,1.137929,15457469084.786,13351602316.599,6754804205,5834555384,False
2023-09-11,2.31,29.98527,1.142876,15524675472.111,13409652761.454,6754804205,5834555384,False
2023-09-12,2.3,29.855464,1.137929,15457469084.786,13351602316.599,6754804205,5834555384,False
2023-09-13,2.28,29.595851,1.128034,15323056310.136,13235501426.89,6754804205,5834555384,False
2023-09-14,2.29,29.725658,1.132981,15390262697.461,13293551871.745,6754804205,5834555384,False
2023-09-15,2.29,29.725658,1.132981,15390262697.461,13293551871.745,6754804205,5834555384,False
2023-09-18,2.3,29.855464,1.137929,15457469084.786,13351602316.599,6754804205,5834555384,False
2023-09-19,2.27,29.466045,1.123086,15255849922.811,13177450982.035,6754804205,5834555384,False
2023-09-20,2.26,29.336239,1.118139,15188643535.486,13119400537.18,6754804205,5834555384,False
2023-09-21,2.24,29.076626,1.108244,15054230760.835,13003299647.471,6754804205,5834555384,False
2023-09-22,2.28,29.595851,1.128034,15323056310.136,13235501426.89,6754804205,5834555384,False
2023-09-25,2.25,29.206432,1.113191,15121437148.16,13061350092.325,6754804205,5834555384,False
2023-09-26,2.25,29.206432,1.113191,15121437148.16,13061350092.325,6754804205,5834555384,False
2023-09-27,2.25,29.206432,1.113191,15121437148.16,13061350092.325,6754804205,5834555384,False
2023-09-28,2.27,29.466045,1.123086,15255849922.811,13177450982.035,6754804205,5834555384,False
2023-10-09,2.26,29.336239,1.118139,15211089617.237,13141846618.931,6764786590,5844537769,False
2023-10-10,2.28,29.595851,1.128034,15345701029.779,13258146146.533,6764786590,5844537769,False
2023-10-11,2.27,29.466045,1.123086,15278395323.508,13199996382.732,6764786590,5844537769,False
2023-10-12,2.31,29.98527,1.142876,15547618148.592,13432595437.934,6764786590,5844537769,False
2023-10-13,2.27,29.466045,1.123086,15278395323.508,13199996382.732,6764786590,5844537769,False
2023-10-16,2.26,29.336239,1.118139,15211089617.237,13141846618.931,6764786590,5844537769,False
2023-10-17,2.25,29.206432,1.113191,15143783910.966,13083696855.131,6764786590,5844537769,False
2023-10-18,2.2,28.5574,1.088454,14807255379.611,12792948036.128,6764786590,5844537769,False
2023-10-19,2.18,28.297788,1.078559,14672643967.069,12676648508.527,6764786590,5844537769,False
2023-10-20,2.14,27.778562,1.058769,14403421141.985,12444049453.324,6764786590,5844537769,False
2023-10-23,2.03,26.350692,1.004346,13663058373.005,11804402051.518,6764786590,5844537769,False
2023-10-24,2.08,26.999724,1.029083,13999586904.36,12095150870.521,6764786590,5844537769,False
2023-10-25,2.14,27.778562,1.058769,14403421141.985,12444049453.324,6764786590,5844537769,False
2023-10-26,2.12,27.51895,1.048873,14268809729.443,12327749925.723,6764786590,5844537769,False
2023-10-27,2.15,27.908369,1.063716,14470726848.256,12502199217.125,6764786590,5844537769,False
2023-10-30,2.23,28.94682,1.103296,15009172498.424,12967397327.53,6764786590,5844537769,False
2023-10-31,2.21,8.603174,1.082026,14874561085.882,12851097799.929,6764786590,5844537769,False
2023-11-01,2.25,8.758887,1.10161,15143783910.966,13083696855.131,6764786590,5844537769,False
2023-11-02,2.29,8.914601,1.121194,15413006736.05,13316295910.333,6764786590,5844537769,False
2023-11-03,2.27,8.836744,1.111402,15278395323.508,13199996382.732,6764786590,5844537769,False
2023-11-06,2.33,9.070314,1.140778,15682229561.134,13548894965.536,6764786590,5844537769,False
2023-11-07,2.31,8.992458,1.130986,15547618148.592,13432595437.934,6764786590,5844537769,False
2023-11-08,2.33,9.070314,1.140778,15682229561.134,13548894965.536,6764786590,5844537769,False
2023-11-09,2.29,8.914601,1.121194,15413006736.05,13316295910.333,6764786590,5844537769,False
2023-11-10,2.26,8.797816,1.106506,15211089617.237,13141846618.931,6764786590,5844537769,False
2023-11-13,2.29,8.914601,1.121194,15413006736.05,13316295910.333,6764786590,5844537769,False
2023-11-14,2.29,8.914601,1.121194,15413006736.05,13316295910.333,6764786590,5844537769,False
2023-11-15,2.31,8.992458,1.130986,15547618148.592,13432595437.934,6764786590,5844537769,False
2023-11-16,2.35,9.148171,1.150571,15816840973.675,13665194493.137,6764786590,5844537769,False
2023-11-17,2.39,9.303885,1.170155,16086063798.759,13897793548.339,6764786590,5844537769,False
2023-11-20,2.41,9.381742,1.179947,16220675211.301,14014093075.94,6764786590,5844537769,False
2023-11-21,2.44,9.498527,1.194635,16422592330.114,14188542367.342,6764786590,5844537769,False
2023-11-22,2.41,9.381742,1.179947,16220675211.301,14014093075.94,6764786590,5844537769,False
2023-11-23,2.39,9.303885,1.170155,16086063798.759,13897793548.339,6764786590,5844537769,False
2023-11-24,2.34,9.109243,1.145675,15749535267.405,13607044729.336,6764786590,5844537769,False
2023-11-27,2.33,9.070314,1.140778,15682229561.134,13548894965.536,6764786590,5844537769,False
2023-11-28,2.32,9.031386,1.135882,15614923854.863,13490745201.735,6764786590,5844537769,False
2023-11-29,2.3,8.953529,1.12609,15480312442.321,13374445674.134,6764786590,5844537769,False
2023-11-30,2.28,8.875673,1.116298,15345701029.779,13258146146.533,6764786590,5844537769,False
2023-12-01,2.39,9.303885,1.170155,16086063798.759,13897793548.339,6764786590,5844537769,False
2023-12-04,2.43,9.459598,1.189739,16355286623.843,14130392603.541,6764786590,5844537769,False
2023-12-05,2.36,9.1871,1.155467,15884146679.946,13723344256.937,6764786590,5844537769,False
2023-12-06,2.41,9.381742,1.179947,16220675211.301,14014093075.94,6764786590,5844537769,False
2023-12-07,2.42,9.42067,1.184843,16287980917.572,14072242839.741,6764786590,5844537769,False
2023-12-08,2.38,9.264956,1.165259,16018758092.488,13839643784.538,6764786590,5844537769,False
2023-12-11,2.46,9.576384,1.204427,16557203742.656,14304841894.943,6764786590,5844537769,False
2023-12-12,2.45,9.537455,1.199531,16494022556.907,14250816651.664,6766478626,5846229805,False
2023-12-13,2.42,9.42067,1.184843,16292054933.761,14076316855.929,6766478626,5846229805,False
2023-12-14,2.43,9.461964,1.190036,16359377474.809,14134483454.508,6766478626,5846229805,False
2023-12-15,2.44,9.500903,1.194934,16426700015.858,14192650053.086,6766478626,5846229805,False
2023-12-18,2.38,9.267274,1.16555,16022764769.566,13843650461.616,6766478626,5846229805,False
2023-12-19,2.4,9.34515,1.175345,16157409851.664,13959983658.773,6766478626,5846229805,False
2023-12-20,2.35,9.150459,1.150858,15820797146.421,13669150665.882,6766478626,5846229805,False
2023-12-21,2.36,9.189398,1.155756,15888364625.685,13727562202.676,6766582941,5846334120,False
2023-12-22,2.28,8.877893,1.116577,15349775994.306,13262221111.06,6766582941,5846334120,False
2023-12-25,2.28,8.878029,1.116595,15349775994.306,13262221111.06,6766582941,5846334120,False
2023-12-26,2.22,8.644397,1.087211,14945834520.772,12913215292.348,6766582941,5846334120,False
2023-12-27,2.22,8.644397,1.087211,14945834520.772,12913215292.348,6766582941,5846334120,False
2023-12-28,2.26,8.800152,1.1068,15215128836.461,13145885838.156,6766582941,5846334120,False
2023-12-29,2.28,8.878029,1.116595,15349775994.306,13262221111.06,6766582941,5846334120,False
2024-01-02,2.27,8.839091,1.111697,15283935706.41,13205536765.634,6767239695,5846990874,False
2024-01-03,2.29,8.917834,1.121601,15418595932.898,13321885107.182,6767239695,5846990874,False
2024-01-04,2.25,8.761213,1.101903,15149275479.922,13089188424.087,6767239695,5846990874,False
2024-01-05,2.23,8.683336,1.092108,15014615253.434,12972840082.539,6767239695,5846990874,False
2024-01-08,2.21,8.605458,1.082313,14879955026.945,12856491740.992,6767239695,5846990874,False
2024-01-09,2.22,8.644397,1.087211,14947285140.189,12914665911.766,6767239695,5846990874,False
2024-01-10,2.19,8.527581,1.072519,14745294800.457,12740143399.444,6767239695,5846990874,False
2024-01-11,2.24,8.722274,1.097005,15081945366.678,13031014253.313,6767239695,5846990874,False
2024-01-12,2.21,8.605458,1.082313,14879955026.945,12856491740.992,6767239695,5846990874,False
2024-01-15,2.21,8.605458,1.082313,14879955026.945,12856491740.992,6767239695,5846990874,False
2024-01-16,2.19,8.527581,1.072519,14745294800.457,12740143399.444,6767239695,5846990874,False
2024-01-17,2.14,8.332887,1.048032,14408644234.237,12449272545.576,6767239695,5846990874,False
2024-01-18,2.14,8.332887,1.048032,14408644234.237,12449272545.576,6767239695,5846990874,False
2024-01-19,2.14,8.332887,1.048032,14408644234.237,12449272545.576,6767239695,5846990874,False
2024-01-22,2.04,7.9435,0.999058,13735343101.796,11867530837.839,6767239695,5846990874,False
2024-01-23,2.07,8.060316,1.01375,13937333441.528,12042053350.16,6767239695,5846990874,False
2024-01-24,2.1,8.177926,1.028542,14139323781.26,12216575862.481,6767239695,5846990874,False
2024-01-25,2.16,8.410765,1.057827,14543304460.725,12565620887.123,6767239695,5846990874,False
2024-01-26,2.18,8.488642,1.067621,14677964687.213,12681969228.671,6767239695,5846990874,False
2024-01-29,2.13,8.293949,1.043134,14341314120.993,12391098374.802,6767239695,5846990874,False
2024-01-30,2.1,8.177132,1.028442,14139323781.26,12216575862.481,6767239695,5846990874,False
2024-01-31,2.06,8.021377,1.008853,13870003328.284,11983879179.386,6767239695,5846990874,False
2024-02-01,2.05,7.982439,1.003956,13802673215.04,11925705008.612,6767239695,5846990874,False
2024-02-02,2.02,7.865623,0.989264,13600682875.308,11751182496.291,6767239695,5846990874,False
2024-02-05,1.9,7.399076,0.930586,12792721516.378,11053092447.007,6767239695,5846990874,False
2024-02-06,2.07,8.060316,1.01375,13937333441.528,12042053350.16,6767239695,5846990874,False
2024-02-07,2.19,8.527581,1.072519,14745294800.457,12740143399.444,6767239695,5846990874,False
2024-02-08,2.19,8.527581,1.072519,14745294800.457,12740143399.444,6767239695,5846990874,False
2024-02-19,2.22,8.644397,1.087211,14947285140.189,12914665911.766,6767239695,5846990874,False
2024-02-20,2.21,8.605458,1.082313,14879955026.945,12856491740.992,6767239695,5846990874,False
2024-02-21,2.21,8.605458,1.082313,14879955026.945,12856491740.992,6767239695,5846990874,False
2024-02-22,2.22,8.644397,1.087211,14947285140.189,12914665911.766,6767239695,5846990874,False
2024-02-23,2.39,9.306355,1.170465,16091897065.339,13903626814.919,6767239695,5846990874,False
2024-02-26,2.33,9.072723,1.141081,15687916385.875,13554581790.277,6767239695,5846990874,False
2024-02-27,2.38,9.267417,1.165568,16024566952.095,13845452644.145,6767239695,5846990874,False
2024-02-28,2.33,9.072723,1.141081,15687916385.875,13554581790.277,6767239695,5846990874,False
2024-02-29,2.37,9.228478,1.160671,15957236838.851,13787278473.371,6767239695,5846990874,False
2024-03-01,2.36,9.189539,1.155773,15889906725.607,13729104302.598,6767239695,5846990874,False
2024-03-04,2.37,9.228478,1.160671,15957236838.851,13787278473.371,6767239695,5846990874,False
2024-03-05,2.33,9.072723,1.141081,15687916385.875,13554581790.277,6767239695,5846990874,False
2024-03-06,2.32,9.033784,1.136184,15620586272.63,13496407619.503,6767239695,5846990874,False
2024-03-07,2.28,8.878029,1.116595,15351265819.654,13263710936.408,6767239695,5846990874,False
2024-03-08,2.31,8.994846,1.131287,15553256159.386,13438233448.729,6767239695,5846990874,False
2024-03-11,2.34,9.111662,1.145979,15755246499.119,13612755961.05,6767239695,5846990874,False
2024-03-12,2.33,9.072723,1.141081,15687916385.875,13554581790.277,6767239695,5846990874,False
2024-03-13,2.35,9.1506,1.150876,15822576612.363,13670930131.824,6767239695,5846990874,False
2024-03-14,2.31,8.994846,1.131287,15553256159.386,13438233448.729,6767239695,5846990874,False
2024-03-15,2.32,9.033784,1.136184,15620586272.63,13496407619.503,6767239695,5846990874,False
2024-03-18,2.35,9.1506,1.150876,15822576612.363,13670930131.824,6767239695,5846990874,False
2024-03-19,2.31,8.994846,1.131287,15553256159.386,13438233448.729,6767239695,5846990874,False
2024-03-20,2.33,9.072723,1.141081,15687916385.875,13554581790.277,6767239695,5846990874,False
2024-03-21,2.37,9.228478,1.160671,15957236838.851,13787278473.371,6767239695,5846990874,False
2024-03-22,2.36,9.189539,1.155773,15889906725.607,13729104302.598,6767239695,5846990874,False
2024-03-25,2.29,8.916968,1.121492,15418595932.898,13321885107.182,6767239695,5846990874,False
2024-03-26,2.26,8.800152,1.1068,15216605593.166,13147362594.86,6767239695,5846990874,False
2024-03-27,2.19,8.527581,1.072519,14745294800.457,12740143399.444,6767239695,5846990874,False
2024-03-28,2.24,8.722274,1.097005,15081945366.678,13031014253.313,6767239695,5846990874,False
2024-03-29,2.24,8.722274,1.097005,15081945366.678,13031014253.313,6767239695,5846990874,False
2024-04-01,2.26,8.800152,1.1068,15218975427.523,13149732429.218,6768293625,5848044804,False
2024-04-02,2.24,8.722274,1.097005,15084294229.049,13033363115.685,6768293625,5848044804,False
2024-04-03,2.22,8.644397,1.087211,14949613030.576,12916993802.152,6768293625,5848044804,False
2024-04-08,2.19,8.527581,1.072519,14747591232.865,12742439831.853,6768293625,5848044804,False
2024-04-09,2.2,8.56652,1.077416,14814931832.102,12800624488.619,6768293625,5848044804,False
2024-04-10,2.15,8.371826,1.052929,14478228835.918,12509701204.787,6768293625,5848044804,False
2024-04-11,2.18,8.488642,1.067621,14680250633.628,12684255175.086,6768293625,5848044804,False
2024-04-12,2.15,8.371826,1.052929,14478228835.918,12509701204.787,6768293625,5848044804,False
2024-04-15,2.14,8.332887,1.048032,14410888236.681,12451516548.02,6768293625,5848044804,False
2024-04-16,2.09,8.138194,1.023545,14074185240.497,12160593264.188,6768293625,5848044804,False
2024-04-17,2.17,8.449703,1.062724,14612910034.392,12626070518.32,6768293625,5848044804,False
2024-04-18,2.11,8.216071,1.03334,14208866438.971,12276962577.721,6768293625,5848044804,False
2024-04-19,2.05,7.982439,1.003956,13804822843.55,11927854637.122,6768293625,5848044804,False
2024-04-22,2.03,7.904561,0.994161,13670141645.076,11811485323.589,6768293625,5848044804,False
2024-04-23,2.02,7.865623,0.989264,13602801045.839,11753300666.823,6768293625,5848044804,False
2024-04-24,2.07,8.060316,1.01375,13939504042.023,12044223950.655,6768293625,5848044804,False
2024-04-25,2.05,7.982439,1.003956,13804822843.55,11927854637.122,6768293625,5848044804,False
2024-04-26,2.09,8.138194,1.023545,14074185240.497,12160593264.188,6768293625,5848044804,False
2024-04-29,2.05,12.264345,1.03162,13804822843.55,11927854637.122,6768293625,5848044804,False
2024-04-30,2.0,11.965214,1.006459,13468119847.366,11636931353.29,6768293625,5848044804,False
2024-05-06,1.94,11.606258,0.976265,13064076251.945,11287823412.691,6768293625,5848044804,False
2024-05-07,1.98,11.845562,0.996394,13333438648.892,11520562039.757,6768293625,5848044804,False
2024-05-08,2.02,12.084866,1.016523,13602801045.839,11753300666.823,6768293625,5848044804,False
2024-05-09,1.97,11.785736,0.991362,13266098049.655,11462377382.991,6768293625,5848044804,False
2024-05-10,1.96,11.72591,0.98633,13198757450.418,11404192726.224,6768293625,5848044804,False
2024-05-13,1.92,11.486606,0.9662,12929395053.471,11171454099.158,6768293625,5848044804,False
2024-05-14,1.92,11.486606,0.9662,12929395053.471,11171454099.158,6768293625,5848044804,False
2024-05-15,1.89,11.307128,0.951103,12727373255.76,10996900128.859,6768293625,5848044804,False
2024-05-16,1.91,11.42678,0.961168,12862054454.234,11113269442.392,6768293625,5848044804,False
2024-05-17,1.92,11.486606,0.9662,12929395053.471,11171454099.158,6768293625,5848044804,False
2024-05-20,1.91,11.42678,0.961168,12862054454.234,11113269442.392,6768293625,5848044804,False
2024-05-21,1.86,11.127649,0.936007,12525351458.05,10822346158.56,6768293625,5848044804,False
2024-05-22,1.87,11.187475,0.941039,12592692057.287,10880530815.326,6768293625,5848044804,False
2024-05-23,1.86,11.127649,0.936007,12525351458.05,10822346158.56,6768293625,5848044804,False
2024-05-24,1.86,11.127649,0.936007,12525351458.05,10822346158.56,6768293625,5848044804,False
2024-05-27,1.8,10.768693,0.905813,12121307862.629,10473238217.961,6768293625,5848044804,False
2024-05-28,1.76,10.529389,0.885684,11851945465.682,10240499590.895,6768293625,5848044804,False
2024-05-29,1.75,10.469563,0.880651,11784604866.445,10182314934.129,6768293625,5848044804,False
2024-05-30,1.76,10.532327,0.885931,11855252993.878,10243807119.092,6770182456,5849933635,False
2024-05-31,1.76,10.532327,0.885931,11855252993.878,10243807119.092,6770182456,5849933635,False
2024-06-03,1.69,10.113428,0.850695,11383737249.803,9836382972.31,6770182456,5849933635,False
2024-06-04,1.67,9.993742,0.840628,11249018465.782,9719976073.229,6770182456,5849933635,False
2024-06-05,1.63,9.754371,0.820493,10979580897.739,9487162275.068,6770182456,5849933635,False
2024-06-06,1.53,9.155943,0.770156,10305986977.633,8905127779.665,6770182456,5849933635,False
2024-06-07,1.56,9.335472,0.785257,10508065153.665,9079738128.286,6770182456,5849933635,False
2024-06-11,1.52,9.096101,0.765122,10238627585.622,8846924330.125,6770182456,5849933635,False
2024-06-12,1.51,9.036258,0.760088,10171268193.611,8788720880.584,6770182456,5849933635,False
2024-06-13,1.45,8.677201,0.729886,9767111841.547,8439500183.342,6770182456,5849933635,False
2024-06-14,1.36,8.138616,0.684583,9160877313.451,7915669137.48,6770182456,5849933635,False
2024-06-17,1.5,8.976415,0.755055,10103908801.601,8730517431.044,6770182456,5849933635,False
2024-06-18,1.45,8.677201,0.729886,9767111841.547,8439500183.342,6770182456,5849933635,False
2024-06-19,1.44,8.617358,0.724853,9699752449.537,8381296733.802,6770182456,5849933635,False
2024-06-20,1.39,8.318145,0.699684,9364785119.339,8092081629.439,6771505428,5851236732,False
2024-06-21,1.4,8.377987,0.704718,9432157674.154,8150298044.039,6771505428,5851236732,False
2024-06-24,1.45,8.678897,0.730029,9769020448.231,8441380117.04,6771505428,5851236732,False
2024-06-25,1.47,8.798606,0.740098,9903765557.862,8557812946.241,6771505428,5851236732,False
2024-06-26,1.48,8.85846,0.745133,9971138112.677,8616029360.841,6771505428,5851236732,False
2024-06-27,1.44,8.619042,0.724994,9701647893.416,8383163702.44,6771505428,5851236732,False
2024-06-28,1.43,8.559188,0.719959,9634275338.6,8324947287.84,6771505428,5851236732,False
2024-07-01,1.43,8.559188,0.719959,9634275338.6,8324947287.84,6771505428,5851236732,False
2024-07-02,1.44,8.619042,0.724994,9701647893.416,8383163702.44,6771505428,5851236732,False
2024-07-03,1.45,8.678897,0.730029,9769020448.231,8441380117.04,6771505428,5851236732,False
2024-07-04,1.4,8.379625,0.704855,9432157674.154,8150298044.039,6771505428,5851236732,False
2024-07-05,1.41,8.439479,0.70989,9499530228.97,8208514458.639,6771505428,5851236732,False
2024-07-08,1.38,8.259916,0.694786,9297412564.524,8033865214.838,6771505428,5851236732,False
2024-07-09,1.45,8.678897,0.730029,9769020448.231,8441380117.04,6771505428,5851236732,False
2024-07-10,1.45,8.678897,0.730029,9769020448.231,8441380117.04,6771505428,5851236732,False
2024-07-11,1.5,8.978169,0.755202,10105883222.308,8732462190.042,6771505428,5851236732,False
2024-07-12,1.55,9.277442,0.780376,10442745996.385,9023544263.043,6771505428,5851236732,False
2024-07-15,1.49,8.918315,0.750168,10038510667.493,8674245775.441,6771505428,5851236732,False
2024-07-16,1.49,8.918315,0.750168,10038510667.493,8674245775.441,6771505428,5851236732,False
2024-07-17,1.47,8.798606,0.740098,9903765557.862,8557812946.241,6771505428,5851236732,False
2024-07-18,1.47,8.798606,0.740098,9903765557.862,8557812946.241,6771505428,5851236732,False
2024-07-19,1.45,8.678897,0.730029,9769020448.231,8441380117.04,6771505428,5851236732,False
2024-07-22,1.48,8.85846,0.745133,9971138112.677,8616029360.841,6771505428,5851236732,False
2024-07-23,1.45,8.678897,0.730029,9769020448.231,8441380117.04,6771505428,5851236732,False
2024-07-24,1.44,8.619042,0.724994,9701647893.416,8383163702.44,6771505428,5851236732,False
2024-07-25,1.44,8.619042,0.724994,9701647893.416,8383163702.44,6771505428,5851236732,False
2024-07-26,1.48,8.85846,0.745133,9971138112.677,8616029360.841,6771505428,5851236732,False
2024-07-29,1.49,8.918315,0.750168,10038510667.493,8674245775.441,6771505428,5851236732,False
2024-07-30,1.48,8.85846,0.745133,9971138112.677,8616029360.841,6771505428,5851236732,False
2024-07-31,1.52,9.097878,0.765272,10240628331.939,8848895019.242,6771505428,5851236732,False
2024-08-01,1.5,8.978169,0.755202,10105883222.308,8732462190.042,6771505428,5851236732,False
2024-08-02,1.49,8.918315,0.750168,10038510667.493,8674245775.441,6771505428,5851236732,False
2024-08-05,1.47,8.798606,0.740098,9903765557.862,8557812946.241,6771505428,5851236732,False
2024-08-06,1.48,8.85846,0.745133,9971138112.677,8616029360.841,6771505428,5851236732,False
2024-08-07,1.46,8.738751,0.735064,9836393003.047,8499596531.641,6771505428,5851236732,False
2024-08-08,1.45,8.678897,0.730029,9769020448.231,8441380117.04,6771505428,5851236732,False
2024-08-09,1.45,8.678897,0.730029,9769020448.231,8441380117.04,6771505428,5851236732,False
2024-08-12,1.43,8.559188,0.719959,9634275338.6,8324947287.84,6771505428,5851236732,False
2024-08-13,1.43,8.559188,0.719959,9634275338.6,8324947287.84,6771505428,5851236732,False
2024-08-14,1.43,8.559188,0.719959,9634275338.6,8324947287.84,6771505428,5851236732,False
2024-08-15,1.45,8.678897,0.730029,9769020448.231,8441380117.04,6771505428,5851236732,False
2024-08-16,1.43,8.559188,0.719959,9634275338.6,8324947287.84,6771505428,5851236732,False
2024-08-19,1.44,8.619042,0.724994,9701647893.416,8383163702.44,6771505428,5851236732,False
2024-08-20,1.42,8.499334,0.714925,9566902783.785,8266730873.239,6771505428,5851236732,False
2024-08-21,1.42,8.499334,0.714925,9566902783.785,8266730873.239,6771505428,5851236732,False
2024-08-22,1.39,8.31977,0.699821,9364785119.339,8092081629.439,6771505428,5851236732,False
2024-08-23,1.39,8.31977,0.699821,9364785119.339,8092081629.439,6771505428,5851236732,False
2024-08-26,1.4,8.379625,0.704855,9432157674.154,8150298044.039,6771505428,5851236732,False
2024-08-27,1.38,8.259916,0.694786,9297412564.524,8033865214.838,6771505428,5851236732,False
2024-08-28,1.38,8.259916,0.694786,9297412564.524,8033865214.838,6771505428,5851236732,False
2024-08-29,1.38,-13.414791,0.733124,9297412564.524,8033865214.838,6771505428,5851236732,False
2024-08-30,1.43,-13.900834,0.759686,9634275338.6,8324947287.84,6771505428,5851236732,False
2024-09-02,1.4,-13.609208,0.743749,9432157674.154,8150298044.039,6771505428,5851236732,False
2024-09-03,1.41,-13.706417,0.749061,9499530228.97,8208514458.639,6771505428,5851236732,False
2024-09-04,1.4,-13.609208,0.743749,9432157674.154,8150298044.039,6771505428,5851236732,False
2024-09-05,1.4,-13.609208,0.743749,9432157674.154,8150298044.039,6771505428,5851236732,False
2024-09-06,1.39,-13.512,0.738436,9364785119.339,8092081629.439,6771505428,5851236732,False
2024-09-09,1.38,-13.414791,0.733124,9297412564.524,8033865214.838,6771505428,5851236732,False
2024-09-10,1.4,-13.609208,0.743749,9432157674.154,8150298044.039,6771505428,5851236732,False
2024-09-11,1.39,-13.512,0.738436,9364785119.339,8092081629.439,6771505428,5851236732,False
2024-09-12,1.43,-13.900834,0.759686,9634275338.6,8324947287.84,6771505428,5851236732,False
2024-09-13,1.46,-14.19246,0.775624,9836393003.047,8499596531.641,6771505428,5851236732,False
2024-09-18,1.47,-14.289669,0.780936,9903765557.862,8557812946.241,6771505428,5851236732,False
2024-09-19,1.48,-14.386878,0.786249,9971138112.677,8616029360.841,6771505428,5851236732,False
2024-09-20,1.46,-14.19246,0.775624,9836393003.047,8499596531.641,6771505428,5851236732,False
2024-09-23,1.44,-13.998043,0.764999,9701647893.416,8383163702.44,6771505428,5851236732,False
2024-09-24,1.49,-14.484086,0.791561,10038510667.493,8674245775.441,6771505428,5851236732,False
2024-09-25,1.51,-14.678503,0.802186,10173255777.124,8790678604.642,6771505428,5851236732,False
2024-09-26,1.58,-15.358964,0.839373,10644863660.831,9198193506.844,6771505428,5851236732,False
2024-09-27,1.71,-16.622676,0.908436,11520706873.431,9955006896.648,6771505428,5851236732,False
2024-09-30,1.85,-17.983597,0.982811,12463958091.627,10770072151.832,6771524688,5851255992,False
2024-10-08,2.01,-19.538935,1.067811,13541922034.686,11701537851.449,6771524688,5851255992,False
2024-10-09,1.81,-17.594762,0.961561,12194467105.862,10537205726.927,6771524688,5851255992,False
2024-10-10,1.76,-17.108719,0.934998,11857603373.656,10246122695.797,6771524688,5851255992,False
2024-10-11,1.69,-16.428259,0.897811,11385994148.567,9838606452.214,6771524688,5851255992,False
2024-10-14,1.72,-16.719885,0.913748,11588112387.891,10013256270.892,6771524688,5851255992,False
2024-10-15,1.68,-16.33105,0.892498,11318621402.126,9780389845.988,6771524688,5851255992,False
2024-10-16,1.68,-16.33105,0.892498,11318621402.126,9780389845.988,6771524688,5851255992,False
2024-10-17,1.64,-15.942216,0.871248,11049130416.361,9547523421.083,6771524688,5851255992,False
2024-10-18,1.69,-16.428259,0.897811,11385994148.567,9838606452.214,6771524688,5851255992,False
2024-10-21,1.72,-16.719885,0.913748,11588112387.891,10013256270.892,6771524688,5851255992,False
2024-10-22,1.76,-17.108719,0.934998,11857603373.656,10246122695.797,6771524688,5851255992,False
2024-10-23,1.78,-17.303136,0.945623,11992348866.538,10362555908.249,6771524688,5851255992,False
2024-10-24,1.82,-17.691971,0.966873,12261839852.303,10595422333.153,6771524688,5851255992,False
2024-10-25,1.82,-17.691971,0.966873,12261839852.303,10595422333.153,6771524688,5851255992,False
2024-10-28,1.93,-18.761266,1.025311,13002940063.157,11235805001.64,6771524688,5851255992,False
2024-10-29,1.85,-17.983597,0.982811,12463958091.627,10770072151.832,6771524688,5851255992,False
2024-10-30,1.93,-18.761266,1.025311,13002940063.157,11235805001.64,6771524688,5851255992,False
2024-10-31,1.93,-43.642539,1.015042,13002940063.157,11235805001.64,6771524688,5851255992,False
2024-11-01,1.84,-41.607395,0.967709,12396585345.186,10711855545.605,6771524688,5851255992,False
2024-11-04,1.86,-42.059649,0.978227,12531330838.068,10828288758.058,6771524688,5851255992,False
2024-11-05,1.98,-44.773175,1.041339,13339803795.363,11526888032.771,6771524688,5851255992,False
2024-11-06,2.02,-45.677684,1.062376,13609294781.128,11759754457.676,6771524688,5851255992,False
2024-11-07,2.12,-47.938955,1.114969,14283022245.54,12341920519.937,6771524688,5851255992,False
2024-11-08,2.09,-47.260574,1.099191,14080904006.216,12167270701.258,6771524688,5851255992,False
2024-11-11,2.2,-49.747972,1.157043,14822004217.07,12807653369.746,6771524688,5851255992,False
2024-11-12,2.07,-46.808319,1.088672,13946158513.334,12050837488.806,6771524688,5851255992,False
2024-11-13,2.08,-47.034447,1.093931,14013531259.775,12109054095.032,6771524688,5851255992,False
2024-11-14,2.07,-46.808319,1.088672,13946158513.334,12050837488.806,6771524688,5851255992,False
2024-11-15,2.28,-51.55699,1.199117,15360986188.6,13273386219.555,6771524688,5851255992,False
2024-11-18,2.2,-49.747972,1.157043,14822004217.07,12807653369.746,6771524688,5851255992,False
2024-11-19,2.29,-51.783117,1.204376,15428358935.041,13331602825.781,6771524688,5851255992,False
2024-11-20,2.52,-56.984041,1.32534,16977932103.189,14670584768.981,6771524688,5851255992,False
2024-11-21,2.47,-55.853405,1.299043,16641068370.983,14379501737.851,6771524688,5851255992,False
2024-11-22,2.71,-61.280457,1.425266,18258014285.572,15776700287.278,6771524688,5851255992,False
2024-11-25,2.98,-67.38589,1.567267,20077078439.485,17348548655.383,6771524688,5851255992,False
2024-11-26,2.76,-62.411093,1.451563,18594878017.778,16067783318.408,6771524688,5851255992,False
2024-11-27,3.04,-68.742653,1.598823,20481314918.133,17697848292.739,6771524688,5851255992,False
2024-11-28,3.34,-75.526467,1.756601,22502497311.37,19444346479.523,6771524688,5851255992,False
2024-11-29,3.67,-82.988663,1.930158,24725797943.93,21365494484.985,6771524688,5851255992,False
2024-12-02,4.04,-91.355367,2.124751,27218589562.255,23519508915.351,6771524688,5851255992,False
2024-12-03,4.44,-100.400453,2.335123,29913499419.904,25848173164.396,6771524688,5851255992,False
2024-12-04,4.88,-110.350048,2.566531,32877900263.318,28409703838.345,6771524688,5851255992,False
2024-12-05,5.37,-121.430278,2.824236,36179164838.939,31262317543.425,6771524688,5851255992,False
2024-12-06,5.69,-128.666347,2.992533,38335092725.058,33125248942.66,6771524688,5851255992,False
2024-12-09,5.12,-115.777099,2.692754,34494846177.908,29806902387.772,6771524688,5851255992,False
2024-12-10,4.61,-104.244615,2.424531,31058836109.405,26837855470.24,6771524688,5851255992,False
2024-12-11,4.15,-93.842766,2.182603,27959689773.109,24159891583.838,6771524688,5851255992,False
2024-12-12,4.26,-96.330165,2.240456,28700789983.962,24800274252.326,6771524688,5851255992,False
2024-12-13,4.11,-92.938257,2.161566,27690198787.344,23927025158.934,6771524688,5851255992,False
2024-12-16,3.95,-89.320223,2.077418,26612234844.284,22995559459.316,6771524688,5851255992,False
2024-12-17,3.7,-83.667044,1.945936,24927916183.254,21540144303.663,6771524688,5851255992,False
2024-12-18,3.83,-86.606697,2.014306,25803761886.99,22296960184.603,6771524688,5851255992,False
2024-12-19,3.89,-87.96346,2.045862,26207998365.637,22646259821.959,6771524688,5851255992,False
2024-12-20,4.21,-95.199529,2.214159,28363926251.756,24509191221.195,6771524688,5851255992,False
2024-12-23,3.79,-85.702189,1.993269,25534270901.225,22064093759.698,6771524688,5851255992,False
2024-12-24,3.5,-79.144501,1.84075,23580461254.429,20375812179.141,6771524688,5851255992,False
2024-12-25,3.35,-75.752594,1.761861,22569870057.811,19502563085.749,6771524688,5851255992,False
2024-12-26,3.37,-76.204849,1.772379,22704615550.693,19618996298.201,6771524688,5851255992,False
2024-12-27,3.37,-76.204849,1.772379,22704615550.693,19618996298.201,6771524688,5851255992,False
2024-12-30,3.24,-73.265196,1.704008,21828769846.957,18862180417.262,6771524688,5851255992,False
2024-12-31,3.09,-69.873288,1.625119,20818959586.671,17984221280.003,6771778703,5849723957,False
2025-01-02,3.11,-70.325543,1.635638,20953710134.157,18100624006.734,6771778703,5849723957,False
2025-01-03,2.9,-65.576873,1.525193,19538829385.548,16878395376.054,6771778703,5849723957,False
2025-01-06,2.84,-64.22011,1.493637,19134577743.089,16529187195.86,6771778703,5849723957,False
2025-01-07,3.12,-70.55167,1.640897,21021085407.9,18158825370.1,6771778703,5849723957,False
2025-01-08,3.43,-77.561611,1.803935,23109718893.942,19963067634.437,6771778703,5849723957,False
2025-01-09,3.77,-85.249934,1.982751,25400478201.213,21941913988.871,6771778703,5849723957,False
2025-01-10,3.63,-82.084154,1.909121,24457224368.807,21127094901.751,6771778703,5849723957,False
2025-01-13,3.34,-75.526467,1.756601,22503341430.252,19439255364.145,6771778703,5849723957,False
2025-01-14,3.67,-82.988663,1.930158,24726725463.78,21359900355.214,6771778703,5849723957,False
2025-01-15,4.04,-91.355367,2.124751,27219610592.281,23513350799.745,6771778703,5849723957,False
2025-01-16,4.11,-92.938257,2.161566,27691237508.484,23920760343.305,6771778703,5849723957,False
2025-01-17,3.83,-86.606697,2.014306,25804729843.673,22291122169.065,6771778703,5849723957,False
2025-01-20,3.8,-85.928316,1.998528,25602604022.443,22116518078.968,6771778703,5849723957,False
2025-01-21,3.63,-82.084154,1.909121,24457224368.807,21127094901.751,6771778703,5849723957,False
2025-01-22,3.82,-86.38057,2.009047,25737354569.929,22232920805.699,6771778703,5849723957,False
2025-01-23,3.67,-82.988663,1.930158,24726725463.78,21359900355.214,6771778703,5849723957,False
2025-01-24,3.7,-83.667044,1.945936,24928851285.01,21534504445.311,6771778703,5849723957,False
2025-01-27,3.64,-82.310282,1.91438,24524599642.551,21185296265.117,6771778703,5849723957,False
2025-02-05,4.0,-90.450859,2.103714,26950109497.308,23280545346.282,6771778703,5849723957,False
2025-02-06,4.1,-92.71213,2.156307,27623862234.741,23862558979.939,6771778703,5849723957,False
2025-02-07,4.13,-93.390512,2.172085,27825988055.971,24037163070.036,6771778703,5849723957,False
2025-02-10,4.54,-102.661725,2.387716,30588374279.445,26423418968.03,6771778703,5849723957,False
2025-02-11,4.71,-106.505886,2.477123,31733753933.08,27412842145.247,6771778703,5849723957,False
2025-02-12,4.7,-106.279759,2.471864,31666378659.337,27354640781.881,6771778703,5849723957,False
2025-02-13,4.72,-106.732013,2.482383,31801129206.824,27471043508.613,6771778703,5849723957,False
2025-02-14,4.37,-98.817563,2.298308,29442994625.809,25433995790.813,6771778703,5849723957,False
2025-02-17,4.54,-102.661725,2.387716,30588374279.445,26423418968.03,6771778703,5849723957,False
2025-02-18,4.24,-95.87791,2.229937,28567116067.147,24677378067.059,6771778703,5849723957,False
2025-02-19,4.32,-97.686927,2.272011,29106118257.093,25142988973.984,6771778703,5849723957,False
2025-02-20,4.33,-97.913055,2.277271,29173493530.836,25201190337.35,6771778703,5849723957,False
2025-02-21,4.39,-99.269818,2.308826,29577745173.296,25550398517.544,6771778703,5849723957,False
2025-02-24,4.57,-103.340106,2.403493,30790500100.675,26598023058.127,6771778703,5849723957,False
2025-02-25,4.38,-99.04369,2.303567,29510369899.553,25492197154.179,6771778703,5849723957,False
2025-02-26,4.36,-98.591436,2.293048,29375619352.066,25375794427.447,6771778703,5849723957,False
2025-02-27,4.23,-95.651783,2.224678,28499740793.403,24619176703.693,6771778703,5849723957,False
2025-02-28,3.98,-89.998604,2.093196,26815358949.822,23164142619.55,6771778703,5849723957,False
2025-03-03,3.91,-88.415714,2.056381,26343732033.619,22756733075.991,6771778703,5849723957,False
2025-03-04,3.97,-89.772477,2.087936,26747983676.078,23105941256.185,6771778703,5849723957,False
2025-03-05,4.16,-94.068893,2.187863,28028113877.201,24211767160.133,6771778703,5849723957,False
2025-03-06,4.24,-95.87791,2.229937,28567116067.147,24677378067.059,6771778703,5849723957,False
2025-03-07,4.52,-102.20947,2.377197,30453623731.958,26307016241.299,6771778703,5849723957,False
2025-03-10,4.26,-96.330165,2.240456,28701866614.633,24793780793.79,6771778703,5849723957,False
2025-03-11,4.31,-97.4608,2.266752,29038742983.35,25084787610.619,6771778703,5849723957,False
2025-03-12,4.3,-97.234673,2.261493,28971367709.606,25026586247.253,6771778703,5849723957,False
2025-03-13,4.09,-92.486003,2.151048,27556486960.998,23804357616.573,6771778703,5849723957,False
2025-03-14,4.13,-93.390512,2.172085,27825988055.971,24037163070.036,6771778703,5849723957,False
2025-03-17,4.16,-94.068893,2.187863,28028113877.201,24211767160.133,6771778703,5849723957,False
2025-03-18,4.16,-94.068893,2.187863,28028113877.201,24211767160.133,6771778703,5849723957,False
2025-03-19,4.08,-92.259876,2.145788,27489111687.254,23746156253.208,6771778703,5849723957,False
2025-03-20,4.06,-91.807622,2.13527,27354361139.768,23629753526.476,6771778703,5849723957,False
2025-03-21,3.96,-89.54635,2.082677,26680608402.335,23047739892.819,6771778703,5849723957,False
2025-03-24,3.87,-87.511206,2.035343,26074230938.646,22523927622.528,6771778703,5849723957,False
2025-03-25,3.77,-85.249934,1.982751,25400478201.213,21941913988.871,6771778703,5849723957,False
2025-03-26,3.79,-85.702189,1.993269,25535228748.7,22058316715.602,6771778703,5849723957,False
2025-03-27,3.79,-85.702189,1.993269,25535228748.7,22058316715.602,6771778703,5849723957,False
2025-03-28,3.69,-83.440917,1.940676,24861476011.267,21476303081.945,6771778703,5849723957,False
2025-03-31,3.6,-81.405773,1.893343,24255098547.577,20952490811.654,6771778703,5849723957,False
2025-04-01,3.54,-80.04901,1.861787,23850846905.118,20603282631.459,6771778703,5849723957,False
2025-04-02,3.56,-80.501264,1.872306,23985597452.604,20719685358.191,6771778703,5849723957,False
2025-04-03,3.49,-78.918374,1.835491,23513970536.401,20312275814.631,6771778703,5849723957,False
2025-04-07,3.14,-71.003924,1.651416,21155835955.387,18275228096.831,6771778703,5849723957,False
2025-04-08,3.03,-68.516526,1.593563,20414707944.211,17635013099.809,6771778703,5849723957,False
2025-04-09,3.12,-70.55167,1.640897,21021085407.9,18158825370.1,6771778703,5849723957,False
2025-04-10,3.22,-72.812941,1.69349,21694838145.333,18740839003.757,6771778703,5849723957,False
2025-04-11,3.22,-72.812941,1.69349,21694838145.333,18740839003.757,6771778703,5849723957,False
2025-04-14,3.33,-75.30034,1.751342,22435966156.509,19381054000.78,6771778703,5849723957,False
2025-04-15,3.26,-73.71745,1.714527,21964339240.306,18973644457.22,6771778703,5849723957,False
2025-04-16,3.19,-72.13456,1.677712,21492712324.103,18566234913.66,6771778703,5849723957,False
2025-04-17,3.18,-71.908433,1.672453,21425337050.36,18508033550.294,6771778703,5849723957,False
2025-04-18,3.2,-72.360687,1.682971,21560087597.847,18624436277.026,6771778703,5849723957,False
2025-04-21,3.52,-79.596756,1.851268,23716096357.631,20486879904.728,6771778703,5849723957,False
2025-04-22,3.64,-82.310282,1.91438,24524599642.551,21185296265.117,6771778703,5849723957,False
2025-04-23,3.54,-80.04901,1.861787,23850846905.118,20603282631.459,6771778703,5849723957,False
2025-04-24,3.4,-76.88323,1.788157,22907593072.712,19788463544.34,6771778703,5849723957,False
2025-04-25,3.41,-77.109357,1.793416,22974968346.455,19846664907.705,6771778703,5849723957,False
2025-04-28,3.43,-77.561611,1.803935,23109718893.942,19963067634.437,6771778703,5849723957,False
2025-04-29,3.77,294.298971,1.965222,25400478201.213,21941913988.871,6771778703,5849723957,False
2025-04-30,3.73,291.176435,1.94437,25130977106.24,21709108535.408,6771778703,5849723957,False
2025-05-06,3.97,309.911648,2.069477,26747983676.078,23105941256.185,6771778703,5849723957,False
2025-05-07,3.93,306.789113,2.048626,26478482581.105,22873135802.722,6771778703,5849723957,False
2025-05-08,3.94,307.569747,2.053839,26545857854.849,22931337166.088,6771778703,5849723957,False
2025-05-09,3.8,296.640872,1.98086,25602604022.443,22116518078.968,6771778703,5849723957,False
2025-05-12,3.88,302.885943,2.022562,26141606212.389,22582128985.893,6771778703,5849723957,False
2025-05-13,3.83,298.982774,1.996498,25804729843.673,22291122169.065,6771778703,5849723957,False
2025-05-14,3.88,302.885943,2.022562,26141606212.389,22582128985.893,6771778703,5849723957,False
2025-05-15,3.73,291.176435,1.94437,25130977106.24,21709108535.408,6771778703,5849723957,False
2025-05-16,3.74,291.957069,1.949583,25198352379.983,21767309898.774,6771778703,5849723957,False
2025-05-19,3.78,295.079605,1.970434,25467853474.956,22000115352.236,6771778703,5849723957,False
2025-05-20,3.81,297.421506,1.986073,25669979296.186,22174719442.333,6771778703,5849723957,False
2025-05-21,3.74,291.957069,1.949583,25198352379.983,21767309898.774,6771778703,5849723957,False
2025-05-22,3.66,285.711998,1.907881,24659350190.037,21301698991.848,6771778703,5849723957,False
2025-05-23,3.6,281.028195,1.876604,24255098547.577,20952490811.654,6771778703,5849723957,False
2025-05-26,3.62,282.589463,1.88703,24389849095.064,21068893538.385,6771778703,5849723957,False
2025-05-27,3.58,279.466927,1.866179,24120348000.091,20836088084.922,6771778703,5849723957,False
2025-05-28,3.72,290.395801,1.939158,25063601832.497,21650907172.042,6771778703,5849723957,False
2025-05-29,3.74,291.957069,1.949583,25198352379.983,21767309898.774,6771778703,5849723957,False
2025-05-30,3.62,282.589463,1.88703,24389849095.064,21068893538.385,6771778703,5849723957,False
2025-06-03,3.61,281.808829,1.881817,24322473821.321,21010692175.019,6771778703,5849723957,False
2025-06-04,3.61,281.808829,1.881817,24322473821.321,21010692175.019,6771778703,5849723957,False
2025-06-05,3.67,286.492632,1.913094,24726725463.78,21359900355.214,6771778703,5849723957,False
2025-06-06,3.6,281.028195,1.876604,24255098547.577,20952490811.654,6771778703,5849723957,False
2025-06-09,3.64,284.15073,1.897455,24524599642.551,21185296265.117,6771778703,5849723957,False
2025-06-10,3.57,278.686293,1.860966,24052972726.348,20777886721.557,6771778703,5849723957,False
2025-06-11,3.6,281.028195,1.876604,24255098547.577,20952490811.654,6771778703,5849723957,False
2025-06-12,3.58,279.466927,1.866179,24120348000.091,20836088084.922,6771778703,5849723957,False
2025-06-13,3.43,267.757419,1.787987,23109718893.942,19963067634.437,6771778703,5849723957,False
2025-06-16,3.44,268.538053,1.7932,23177094167.685,20021268997.802,6771778703,5849723957,False
2025-06-17,3.43,267.757419,1.787987,23109718893.942,19963067634.437,6771778703,5849723957,False
2025-06-18,3.39,264.634884,1.767136,22840217798.969,19730262180.974,6771778703,5849723957,False
2025-06-19,3.32,259.170446,1.730646,22368590882.766,19322852637.414,6771778703,5849723957,False
2025-06-20,3.29,256.828545,1.715008,22166465061.536,19148248547.317,6771778703,5849723957,False
2025-06-23,3.33,259.95108,1.735859,22435966156.509,19381054000.78,6771778703,5849723957,False
2025-06-24,3.41,266.196151,1.777561,22974968346.455,19846664907.705,6771778703,5849723957,False
2025-06-25,3.45,269.318687,1.798412,23244469441.428,20079470361.168,6771778703,5849723957,False
2025-06-26,3.39,264.634884,1.767136,22840217798.969,19730262180.974,6771778703,5849723957,False
2025-06-27,3.41,266.196151,1.777561,22974968346.455,19846664907.705,6771778703,5849723957,False
2025-06-30,3.5,273.221856,1.824476,23581345810.145,20370477177.997,6771778703,5849723957,False
2025-07-01,3.43,267.757419,1.787987,23109718893.942,19963067634.437,6771778703,5849723957,False
2025-07-02,3.39,264.634884,1.767136,22840217798.969,19730262180.974,6771778703,5849723957,False
2025-07-03,3.4,265.415517,1.772348,22907593072.712,19788463544.34,6771778703,5849723957,False
2025-07-04,3.37,263.073616,1.75671,22705467251.482,19613859454.242,6771778703,5849723957,False
2025-07-07,3.39,264.634884,1.767136,22840217798.969,19730262180.974,6771778703,5849723957,False
2025-07-08,3.41,266.196151,1.777561,22974968346.455,19846664907.705,6771778703,5849723957,False
2025-07-09,3.43,267.757419,1.787987,23109718893.942,19963067634.437,6771778703,5849723957,False
2025-07-10,3.45,269.318687,1.798412,23244469441.428,20079470361.168,6771778703,5849723957,False
2025-07-11,3.48,271.660588,1.814051,23446595262.658,20254074451.265,6771778703,5849723957,False
2025-07-14,3.43,267.757419,1.787987,23109718893.942,19963067634.437,6771778703,5849723957,False
2025-07-15,3.77,294.298971,1.965222,25400478201.213,21941913988.871,6771778703,5849723957,False
2025-07-16,3.76,293.518337,1.960009,25333102927.47,21883712625.505,6771778703,5849723957,False
2025-07-17,3.71,289.615168,1.933945,24996226558.753,21592705808.676,6771778703,5849723957,False
2025-07-18,3.69,288.0539,1.923519,24861476011.267,21476303081.945,6771778703,5849723957,False
2025-07-21,3.91,305.227845,2.038201,26343732033.619,22756733075.991,6771778703,5849723957,False
2025-07-22,3.75,292.737703,1.954796,25265727653.727,21825511262.139,6771778703,5849723957,False
2025-07-23,3.72,290.395801,1.939158,25063601832.497,21650907172.042,6771778703,5849723957,False
2025-07-24,3.76,293.518337,1.960009,25333102927.47,21883712625.505,6771778703,5849723957,False
2025-07-25,3.84,299.763408,2.001711,25872105117.416,22349323532.431,6771778703,5849723957,False
2025-07-28,3.79,295.860239,1.975647,25535228748.7,22058316715.602,6771778703,5849723957,False
2025-07-29,3.77,294.298971,1.965222,25400478201.213,21941913988.871,6771778703,5849723957,False
2025-07-30,3.7,288.834534,1.928732,24928851285.01,21534504445.311,6771778703,5849723957,False
2025-07-31,3.83,298.982774,1.996498,25804729843.673,22291122169.065,6771778703,5849723957,False
2025-08-01,3.9,304.447211,2.032988,26276356759.876,22698531712.625,6771778703,5849723957,False
2025-08-04,3.98,310.692282,2.07469,26815358949.822,23164142619.55,6771778703,5849723957,False
2025-08-05,3.89,303.666577,2.027775,26208981486.132,22640330349.259,6771778703,5849723957,False
2025-08-06,3.88,302.885943,2.022562,26141606212.389,22582128985.893,6771778703,5849723957,False
2025-08-07,3.92,306.008479,2.043413,26411107307.362,22814934439.356,6771778703,5849723957,False
2025-08-08,3.82,298.20214,1.991286,25737354569.929,22232920805.699,6771778703,5849723957,False
2025-08-11,4.02,313.814818,2.095541,27084860044.795,23396948073.013,6771778703,5849723957,False
2025-08-12,3.97,309.911648,2.069477,26747983676.078,23105941256.185,6771778703,5849723957,False
2025-08-13,4.06,316.937353,2.116392,27354361139.768,23629753526.476,6771778703,5849723957,False
2025-08-14,3.99,311.472916,2.079903,26882734223.565,23222343982.916,6771778703,5849723957,False
2025-08-15,4.04,315.376085,2.105967,27219610592.281,23513350799.745,6771778703,5849723957,False
2025-08-18,4.44,346.60144,2.314478,29914621542.012,25841405334.373,6771778703,5849723957,False
2025-08-19,4.88,380.949331,2.543841,32879133586.716,28402265322.464,6771778703,5849723957,False
2025-08-20,5.07,395.781375,2.642884,34159263787.838,29508091226.412,6771778703,5849723957,False
2025-08-21,4.71,367.678555,2.455224,31733753933.08,27412842145.247,6771778703,5849723957,False
2025-08-22,4.84,377.826795,2.52299,32609632491.743,28169459869.001,6771778703,5849723957,False
2025-08-25,4.83,377.046162,2.517777,32542257218.0,28111258505.635,6771778703,5849723957,False
2025-08-26,5.31,414.516588,2.767991,35776270357.677,30904923947.189,6771778703,5849723957,False
2025-08-27,5.22,407.490883,2.721076,35169892893.987,30381111676.898,6771778703,5849723957,False
2025-08-28,5.42,423.10356,2.825332,36517398368.853,31545138944.212,6771778703,5849723957,False
2025-08-29,5.26,36.995113,2.707437,35439393988.96,30613917130.361,6771778703,5849723957,False
2025-09-01,5.79,40.722757,2.980239,39010283497.354,33698589388.743,6771778703,5849723957,False
2025-09-02,5.85,41.144755,3.011123,39414535139.81301,34047797568.937,6771778703,5849723957,False
2025-09-03,5.9,41.496419,3.036859,39751411508.53,34338804385.766,6771778703,5849723957,False
2025-09-04,5.31,37.346777,2.733173,35776270357.677,30904923947.189,6771778703,5849723957,False
2025-09-05,5.37,37.768775,2.764056,36180522000.136,31254132127.383,6771778703,5849723957,False
2025-09-08,5.43,38.190772,2.79494,36584773642.596,31603340307.578,6771778703,5849723957,False
2025-09-09,5.42,38.120439,2.789792,36517398368.853,31545138944.212,6771778703,5849723957,False
2025-09-10,5.96,41.918417,3.067742,40155663150.989,34688012565.96,6771778703,5849723957,False
2025-09-11,6.08,42.762412,3.129509,40964166435.909,35386428926.348,6771778703,5849723957,False
2025-09-12,5.96,41.918417,3.067742,40155663150.989,34688012565.96,6771778703,5849723957,False
2025-09-15,5.99,42.129416,3.083184,40357788972.219,34862616656.057,6771778703,5849723957,False
2025-09-16,6.39,44.942732,3.289073,43052799921.95,37190671190.685,6771778703,5849723957,False
2025-09-17,6.31,44.380069,3.247895,42513797732.004,36725060283.76,6771778703,5849723957,False
2025-09-18,6.45,45.36473,3.319956,43457051564.41,37539879370.88,6771778703,5849723957,False
2025-09-19,6.2,43.606407,3.191275,41772669720.828,36084845286.737,6771778703,5849723957,False
2025-09-22,6.44,45.294397,3.314809,43389676290.666,37481678007.514,6771778703,5849723957,False
2025-09-23,6.26,44.028404,3.222159,42176921363.287,36434053466.931,6771778703,5849723957,False
2025-09-24,5.85,41.144755,3.011123,39414535139.81301,34047797568.937,6771778703,5849723957,False
2025-09-25,5.88,41.355754,3.026564,39616660961.043,34222401659.034,6771778703,5849723957,False
2025-09-26,5.4,37.979774,2.779498,36382647821.366,31428736217.481,6771778703,5849723957,False
2025-09-29,5.46,38.401771,2.810381,36786899463.826,31777944397.675,6771778703,5849723957,False
2025-09-30,5.64,39.667764,2.903031,37999654391.205,32825568938.257,6771778703,5849723957,False
2025-10-09,6.02,42.340414,3.098625,40559914793.449,35037220746.154,6771778703,5849723957,False
2025-10-10,5.8,40.79309,2.985387,39077658771.097,33756790752.109,6771778703,5849723957,False
2025-10-13,5.63,39.597431,2.897884,37932279117.461,32767367574.892,6771778703,5849723957,False
2025-10-14,5.45,38.331438,2.805234,36719524190.083,31719743034.309,6771778703,5849723957,False
2025-10-15,5.53,38.894102,2.846412,37258526380.029,32185353941.235,6771778703,5849723957,False
2025-10-16,5.14,36.151118,2.64567,34630890704.041,29915500181.862,6771778703,5849723842,False
2025-10-17,4.84,34.04113,2.491254,32609632491.743,28169459315.216,6771778703,5849723842,False
2025-10-20,4.93,34.674127,2.537579,33216009955.432,28693271575.21,6771778703,5849723842,False
2025-10-21,4.96,34.885125,2.55302,33418135776.662,28867875661.875,6771778703,5849723842,False
2025-10-22,4.92,34.603794,2.532431,33148634681.689,28635070212.989,6771778703,5849723842,False
2025-10-23,4.9,34.463128,2.522137,33013884134.203,28518667488.545,6771778703,5849723842,False
2025-10-24,4.97,34.955458,2.558168,33485511050.406,28926077024.096,6771778703,5849723842,False
2025-10-27,5.17,36.362117,2.661112,34833016525.271,30090104268.527,6771778703,5849723842,False
2025-10-28,5.13,71.018722,2.624549,34563515430.298,29857298819.64,6771778703,5849723842,False
2025-10-29,5.16,71.434036,2.639897,34765641251.528,30031902906.305,6771778703,5849723842,False
2025-10-30,5.02,69.495903,2.568272,33822387419.122,29217083835.204,6771778703,5849723842,False
2025-10-31,5.34,73.925921,2.731987,35978396178.907,31079527426.292,6771778703,5849723842,False
2025-11-03,5.43,75.171863,2.778031,36584773642.596,31603339686.286,6771778703,5849723842,False
2025-11-04,5.39,74.618111,2.757567,36315272547.623,31370534237.4,6771778703,5849723842,False
2025-11-05,5.34,73.925921,2.731987,35978396178.907,31079527426.292,6771778703,5849723842,False
2025-11-06,5.19,71.84935,2.655246,34967767072.757,30206506992.97,6771778703,5849723842,False
2025-11-07,5.07,70.188093,2.593853,34159263787.838,29508090646.311,6771778703,5849723842,False
2025-11-10,5.08,70.326532,2.598969,34226639061.582,29566292008.533,6771778703,5849723842,False
2025-11-11,5.04,69.772779,2.578504,33957137966.608,29333486559.647,6771778703,5849723842,False
2025-11-12,4.92,68.111523,2.517111,33148634681.689,28635070212.989,6771778703,5849723842,False
2025-11-13,4.94,68.388399,2.527344,33283385229.176,28751472937.432,6771778703,5849723842,False
2025-11-14,4.86,67.280894,2.486415,32744383039.23,28285862039.659,6771778703,5849723842,False
2025-11-17,5.09,70.46497,2.604085,34294014335.325,29624493370.754,6771778703,5849723842,False
2025-11-18,5.48,75.864054,2.803612,36921650011.312,31894346497.394,6771778703,5849723842,False
2025-11-19,5.2,71.987788,2.660362,35035142346.501,30264708355.191,6771778703,5849723842,False
2025-11-20,5.08,70.326532,2.598969,34226639061.582,29566292008.533,6771778703,5849723842,False
2025-11-21,5.04,69.772779,2.578504,33957137966.608,29333486559.647,6771778703,5849723842,False
2025-11-24,5.28,73.095293,2.70129,35574144536.447,30730319252.963,6771778703,5849723842,False
2025-11-25,5.36,74.202797,2.742219,36113146726.393,31195930150.735,6771778703,5849723842,False
2025-11-26,5.25,72.679978,2.685942,35372018715.217,30555715166.299,6771778703,5849723842,False
2025-11-27,5.12,70.880284,2.619433,34496140156.555,29799097457.419,6771778703,5849723842,False
2025-11-28,5.13,71.018722,2.624549,34563515430.298,29857298819.64,6771778703,5849723842,False
2025-12-01,5.1,70.603408,2.609201,34361389609.068,29682694732.976,6771778703,5849723842,False
2025-12-02,5.0,69.219027,2.55804,33687636871.635,29100681110.761,6771778703,5849723842,False
2025-12-03,4.91,67.973085,2.511995,33081259407.946,28576868850.767,6771778703,5849723842,False
2025-12-04,4.96,68.665275,2.537576,33418135776.662,28867875661.875,6771778703,5849723842,False
2025-12-05,4.98,68.942151,2.547808,33552886324.149,28984278386.318,6771778703,5849723842,False
2025-12-08,5.15,71.295598,2.634781,34698265977.784,29973701544.083,6771778703,5849723842,False
2025-12-09,5.01,69.357465,2.563156,33755012145.379,29158882472.982,6771778703,5849723842,False
2025-12-10,5.02,69.495903,2.568272,33822387419.122,29217083835.204,6771778703,5849723842,False
2025-12-11,5.02,69.495903,2.568272,33822387419.122,29217083835.204,6771778703,5849723842,False
2025-12-12,5.21,72.126226,2.665478,35102517620.244,30322909717.413,6771778703,5849723842,False
2025-12-15,5.08,70.326532,2.598969,34226639061.582,29566292008.533,6771778703,5849723842,False
2025-12-16,4.97,68.803713,2.542692,33485511050.406,28926077024.096,6771778703,5849723842,False
2025-12-17,5.04,69.772779,2.578504,33957137966.608,29333486559.647,6771778703,5849723842,False
2025-12-18,4.98,68.942151,2.547808,33552886324.149,28984278386.318,6771778703,5849723842,False
2025-12-19,5.02,69.495903,2.568272,33822387419.122,29217083835.204,6771778703,5849723842,False
2025-12-22,5.06,70.049655,2.588736,34091888514.095,29449889284.09,6771778703,5849723842,False
2025-12-23,5.09,70.46497,2.604085,34294014335.325,29624493370.754,6771778703,5849723842,False
2025-12-24,5.24,72.54154,2.680826,35304643441.474,30497513804.077,6771778703,5849723842,False
2025-12-25,5.18,71.710912,2.650129,34900391799.014,30148305630.748,6771778703,5849723842,False
2025-12-26,5.15,71.295598,2.634781,34698265977.784,29973701544.083,6771778703,5849723842,False
2025-12-29,5.1,70.603408,2.609201,34361389609.068,29682694732.976,6771778703,5849723842,False
2025-12-30,5.13,71.018722,2.624549,34563515430.298,29857298819.64,6771778703,5849723842,False
2025-12-31,5.64,78.079063,2.885469,37999654391.205,32825568292.938,6771778703,5849723842,False
2026-01-05,6.2,85.831594,3.17197,41772669720.828,36084844577.343,6771778703,5849723842,False
2026-01-06,6.63,91.78443,3.391961,44669806491.788,38587503152.869,6771778703,5849723842,False
2026-01-07,6.59,91.230678,3.371497,44400305396.815,38354697703.983,6771778703,5849723842,False
2026-01-08,6.78,93.861001,3.468702,45680435597.938,39460523586.191,6771778703,5849723842,False
2026-01-09,7.46,103.274788,3.816596,50261954212.48,43418216217.255,6771778703,5849723842,False
2026-01-12,8.21,113.657643,4.200302,55315099743.225,47783318383.869,6771778703,5849723842,False
2026-01-13,9.03,125.009563,4.61982,60839872190.173,52555830086.034,6771778703,5849723842,False
2026-01-14,9.93,137.468988,5.080267,66903646827.068,57793952685.971,6771778703,5849723842,False
2026-01-15,10.4,143.975576,5.320723,70070284693.001,60529416710.382,6771778703,5849723842,False
2026-01-21,9.36,129.578019,4.788651,63063256223.70099,54476475039.344,6771778703,5849723842,False
2026-01-22,8.42,116.564842,4.307739,56729980491.834,49005546990.52101,6771778703,5849723842,False
2026-01-23,8.4,116.287966,4.297507,56595229944.347,48889144266.078,6771778703,5849723842,False
2026-01-26,8.0,110.750443,4.092864,53900218994.617,46561089777.217,6771778703,5849723842,False
2026-01-27,8.5,117.672346,4.348668,57268982681.78,49471157888.293,6771778703,5849723842,False
2026-01-28,8.77,121.410174,4.486802,59088115072.848,51042594668.274,6771778703,5849723842,False
2026-01-29,9.57,132.485218,4.896089,64478136972.31,55698703645.996,6771778703,5849723842,False
2026-01-30,9.32,129.024267,4.768187,62793755128.728,54243669590.458,6771778703,5849723842,False
2026-02-02,9.91,137.192112,5.070035,66768896279.581,57677549961.528,6771778703,5849723842,False
2026-02-03,10.18,140.929939,5.208169,68588028670.65,59248986741.509,6771778703,5849723842,False
2026-02-04,9.26,128.193638,4.73749,62389503486.269,53894461417.129,6771778703,5849723842,False
2026-02-05,8.82,122.102364,4.512383,59424991441.565,51333601479.382,6771778703,5849723842,False
2026-02-06,8.46,117.118594,4.328204,56999481586.807,49238352439.407,6771778703,5849723842,False
2026-02-09,8.68,120.164231,4.440757,58481737609.159,50518782408.281,6771778703,5849723842,False
2026-02-10,8.35,115.595775,4.271927,56258353575.631,48598137454.97,6771778703,5849723842,False
2026-02-11,8.25,114.211395,4.220766,55584600838.198,48016123832.755,6771778703,5849723842,False
2026-02-12,9.08,125.701753,4.645401,61176748558.89,52846836897.141,6771778703,5849723842,False
2026-02-13,8.96,124.040497,4.584008,60368245273.971,52148420550.483,6771778703,5849723842,False
2026-02-24,9.12,126.255505,4.665865,61446249653.863,53079642346.027,6771778703,5849723842,False
2026-02-25,9.34,129.301143,4.778419,62928505676.21499,54360072314.901,6771778703,5849723842,False
2026-02-26,9.34,129.301143,4.778419,62928505676.21499,54360072314.901,6771778703,5849723842,False
2026-02-27,9.63,133.315846,4.926785,64882388614.77,56047911819.325,6771778703,5849723842,False
2026-03-02,9.11,126.117067,4.660749,61378874380.12,53021440983.806,6771778703,5849723842,False
2026-03-03,8.21,113.657643,4.200302,55315099743.225,47783318383.869,6771778703,5849723842,False
2026-03-04,8.32,115.180461,4.256579,56056227754.401,48423533368.306,6771778703,5849723842,False
2026-03-05,8.57,118.641412,4.384481,57740609597.983,49878567423.844,6771778703,5849723842,False
2026-03-06,8.67,120.025793,4.435641,58414362335.416,50460581046.059,6771778703,5849723842,False
2026-03-09,8.61,119.195165,4.404945,58010110692.956,50111372872.73,6771778703,5849723842,False
2026-03-10,8.57,118.641412,4.384481,57740609597.983,49878567423.844,6771778703,5849723842,False
2026-03-11,8.31,115.042023,4.251462,55988852480.658,48365332006.084,6771778703,5849723842,False
2026-03-12,8.02,111.02732,4.103096,54034969542.103,46677492501.66,6771778703,5849723842,False
2026-03-13,7.73,107.012616,3.95473,52081086603.548,44989652997.236,6771778703,5849723842,False
2026-03-16,7.82,108.258558,4.000775,52687464067.238,45513465257.23,6771778703,5849723842,False
2026-03-17,7.77,107.566368,3.975194,52350587698.52101,45222458446.122,6771778703,5849723842,False
2026-03-18,7.97,110.335129,4.077516,53698093173.387,46386485690.553,6771778703,5849723842,False
2026-03-19,7.69,106.458864,3.934266,51811585508.575,44756847548.35,6771778703,5849723842,False
2026-03-20,7.33,101.475094,3.750087,49386075653.817,42661598508.375,6771778703,5849723842,False
2026-03-23,7.17,99.260085,3.668229,48308071273.925,41730376712.831,6771778703,5849723842,False
2026-03-24,7.42,102.721036,3.796131,49992453117.50701,43185410768.369,6771778703,5849723842,False
2026-03-25,7.71,106.73574,3.944498,51946336056.062,44873250272.793,6771778703,5849723842,False
2026-03-26,7.51,103.966979,3.842176,50598830581.196,43709223028.363,6771778703,5849723842,False
2026-03-27,7.74,107.151054,3.959846,52148461877.292,45047854359.458,6771778703,5849723842,False
2026-03-30,7.73,107.012616,3.95473,52081086603.548,44989652997.236,6771778703,5849723842,False
2026-03-31,7.81,108.12012,3.995658,52620088793.494,45455263895.008,6771778703,5849723842,False
2026-04-01,7.73,107.012616,3.95473,52081086603.548,44989652997.236,6771778703,5849723842,False
2026-04-02,7.45,103.13635,3.81148,50194578938.737,43360014855.033,6771778703,5849723842,False
2026-04-03,7.12,98.567895,3.642649,47971194905.209,41439369901.723,6771778703,5849723842,False
2026-04-07,7.23,100.090713,3.698926,48712322916.385,42079584886.16,6771778703,5849723842,False
2026-04-08,7.95,110.058253,4.067284,53563342625.9,46270082966.109,6771778703,5849723842,False
2026-04-09,8.0,110.750443,4.092864,53900218994.617,46561089777.217,6771778703,5849723842,False
2026-04-10,7.99,110.612005,4.087748,53832843720.873,46502888414.996,6771778703,5849723842,False
2026-04-13,8.05,111.442634,4.118444,54237095363.333,46852096588.325,6771778703,5849723842,False
2026-04-14,8.12,112.4117,4.154257,54708722279.536,47259506123.875,6771778703,5849723842,False
2026-04-15,7.82,108.258558,4.000775,52687464067.238,45552948006.022,6771778703,5854798454,False
2026-04-16,8.05,111.442634,4.118444,54237095363.333,46892740594.434,6771778703,5854798454,False
2026-04-17,7.96,110.196691,4.0724,53630717899.643,46368473929.403,6771778703,5854798454,False
2026-04-20,8.31,115.042023,4.251462,55988852480.658,48407288737.857,6771778703,5854798454,False
2026-04-21,8.01,110.888881,4.09798,53967594268.36,46659733187.754,6771778703,5854798454,False
2026-04-22,7.98,110.473567,4.082632,53765468447.13,46484977632.74299,6771778703,5854798454,False
2026-04-23,7.86,108.812311,4.021239,52956965162.211,45785955412.702,6771778703,5854798454,False
2026-04-24,7.37,102.028846,3.770551,49655576748.79,42931614680.867,6771778703,5854798454,False
2026-04-27,6.8,94.1379,3.4874,45815186145.026,39611259135.472,6771778702,5854798454,False
2026-04-28,6.58,91.0922,3.3746,44332930123.331,38329718398.61,6771778702,5854798454,False
2026-04-29,6.57,,3.4485,44265554849.617,38271466547.477,6771778702,5854798454,False
2026-04-30,6.45,,3.3855,43457051564.061,37572444326.919,6771778702,5854798454,False
2026-05-06,6.82,,3.5797,45949936692.453,39727762838.733,6771778702,5854798454,False
2026-05-07,7.07,,3.7109,47634318536.283,41184059130.983,6771778702,5854798454,False
2026-05-08,7.08,,3.7162,47701693809.997,41242310982.116,6771778702,5854798454,False
2026-05-11,6.96,,3.6532,46893190525.436,40543288762.552,6771778702,5854798454,False
2026-05-12,6.74,,3.5377,45410934502.746,39261748025.69,6771778702,5854798454,False
2026-05-13,6.84,,3.5902,46084687240.875,39844266541.99299,6771778702,5854798454,False
2026-05-14,6.51,,3.417,43861303207.337,37921955437.696,6771778702,5854798454,False
2026-05-15,6.58,,3.4537,44332930123.331,38329718398.61,6771778702,5854798454,False
2026-05-18,6.9,,3.6217,46488938883.155,40193777652.77,6771778702,5854798454,False
2026-05-19,7.4,,3.8841,49857702569.821,43106370236.275,6771778702,5854798454,False
2026-05-20,6.93,,3.6374,46691064704.296,40368533207.163,6771778702,5854798454,False
2026-05-21,6.63,,3.48,44669806491.898,38620977657.259,6771778702,5854798454,False
2026-05-22,6.65,,3.4905,44804557039.325,38737481360.52,6771778702,5854798454,False
2026-05-25,6.42,,3.3697,43254925742.921,37397688772.525,6771778702,5854798454,False
2026-05-26,6.2,,3.2543,41772669721.226,36116148035.664,6771778702,5854798454,False
2026-05-27,5.93,,3.1126,39953537329.968,34543348040.153,6771778702,5854798454,False
2026-05-28,6.06,,3.2302,41036978940.0,35480078631.0,6771778702,5854798454,False
2026-05-29,5.98,,3.1876,40495236644.0,35011694755.0,6771778702,5854798454,False
2026-06-01,6.1,,3.2516,41307850088.0,35714270569.0,6771778702,5854798454,False
2026-06-02,5.8,,3.0916,39276316477.0,33957831033.0,6771778702,5854798454,False
2026-06-03,5.81,,3.097,39344034264.0,34016379018.0,6771778702,5854798454,False
2026-06-04,5.71,,3.0437,38666856394.0,33430899172.0,6771778702,5854798454,False
2026-06-05,5.6,,2.985,37921960737.0,32786871342.0,6771778702,5854798454,False
2026-06-08,5.47,,2.9157,37041629505.0,32025747543.0,6771778702,5854798454,False
2026-06-09,5.55,,2.9584,37583371802.0,32494131420.0,6771778702,5854798454,False
2026-06-10,5.37,,2.8624,36364451635.0,31440267698.0,6771778702,5854798454,False
2026-06-11,5.26,,2.8038,35619555978.0,30796239868.0,6771778702,5854798454,False
2026-06-12,5.29,,2.8198,35822709339.0,30971883822.0,6771778702,5854798454,False
2026-06-15,5.38,,2.8239,36432169406.0,31498815930.0,6771778702,5854798454,False
2026-06-16,5.44,,2.8554,36838476128.0,31850103840.0,6771778702,5854798454,False
2026-06-17,5.36,,2.8134,36296733832.0,31381719960.0,6771778702,5854798454,False
2026-06-18,5.33,,2.7976,36093580471.0,31206076005.0,6771778702,5854798454,False
2026-06-22,5.37,,2.8186,36364451619.0,31440267945.0,6771778702,5854798454,False
2026-06-23,5.17,,2.7136,35010095879.0,30269308245.0,6771778702,5854798454,False
2026-06-24,5.15,-810.63,2.75,34875000000.0,30152000000.0,6771778703,5854798454,False
2026-06-25,5.0,-787.02,2.67,33859000000.0,29274000000.0,6771778703,5854798454,False
2026-06-26,4.76,-749.24,2.54,32234000000.0,27869000000.0,6771778703,5854798454,False
2026-06-29,4.65,-731.93,2.48,31489000000.0,27225000000.0,6771778703,5854798454,False
2026-06-30,4.75,-747.67,2.53,32166000000.0,27810000000.0,6771778703,5854798454,False
2026-07-01,4.76,-749.24,2.54,32234000000.0,27869000000.0,6771778703,5854798454,False
2026-07-02,4.61,-725.63,2.46,31218000000.0,26991000000.0,6771778703,5854798454,False
2026-07-03,4.52,-711.46,2.41,30608000000.0,26464000000.0,6771778703,5854798454,False
2026-07-06,4.28,-673.69,2.28,28983000000.0,25059000000.0,6771778703,5854798454,False
2026-07-07,4.23,-665.82,2.25,28645000000.0,24766000000.0,6771778703,5854798454,False
2026-07-08,4.21,-662.67,2.24,28509000000.0,24649000000.0,6771778703,5854798454,False
2026-07-09,4.35,-684.71,2.32,29457000000.0,25468000000.0,6771778703,5854798454,False
2026-07-10,4.61,-725.63,2.46,31218000000.0,26991000000.0,6771778703,5854798454,False
2026-07-13,4.23,-665.82,2.25,28645000000.0,24766000000.0,6771778703,5854798454,False
2026-07-14,4.11,-646.93,2.19,27832000000.0,24063000000.0,6771778703,5854798454,False
2026-07-15,4.19,-659.52,2.23,28374000000.0,24532000000.0,6771778703,5854798454,False
2026-07-16,4.14,-651.65,2.21,28035000000.0,24239000000.0,6771778703,5854798454,False
2026-07-17,3.84,-604.43,2.05,26004000000.0,22482000000.0,6771778703,5854798454,False
2026-07-20,3.81,-599.71,2.03,25800000000.0,22307000000.0,6771778703,5854798454,False
2026-07-21,3.96,-623.32,2.11,26816000000.0,23185000000.0,6771778703,5854798454,False
2026-07-22,3.9,-613.87,2.08,26410000000.0,22834000000.0,6771778703,5854798454,False
2026-07-23,3.99,-628.04,2.13,27019000000.0,23361000000.0,6771778703,5854798454,False
2026-07-24,3.85,-606.0,2.05,26071000000.0,22541000000.0,6771778703,5854798454,False
2026-07-27,4.01,-631.19,2.14,27155000000.0,23478000000.0,6771778703,5854798454,False
2026-07-28,4.04,-635.91,2.15,27358000000.0,23653000000.0,6771778703,5854798454,False
2026-07-29,4.09,-643.78,2.18,27697000000.0,23946000000.0,6771778703,5854798454,False
2026-07-30,4.24,-667.39,2.26,28712000000.0,24824000000.0,6771778703,5854798454,False
2026-07-31,4.66,-733.5,2.48,31556000000.0,27283000000.0,6771778703,5854798454,False
2026-08-03,5.13,-807.48,2.73,34739000000.0,30035000000.0,6771778703,5854798454,False
2026-08-04,5.43,-854.7,2.89,36771000000.0,31792000000.0,6771778703,5854798454,False
2026-08-05,5.67,-892.48,3.02,38396000000.0,33197000000.0,6771778703,5854798454,False
2026-08-06,5.48,-862.57,2.92,37109000000.0,32084000000.0,6771778703,5854798454,False
2026-08-07,5.46,-859.42,2.91,36974000000.0,31967000000.0,6771778703,5854798454,False
2026-08-10,5.4,-849.98,2.88,36568000000.0,31616000000.0,6771778703,5854798454,False
2026-08-11,5.3,-834.24,2.83,35890000000.0,31030000000.0,6771778703,5854798454,False
2026-08-12,5.52,-868.87,2.94,37380000000.0,32318000000.0,6771778703,5854798454,False
2026-08-13,5.56,-875.16,2.96,37651000000.0,32553000000.0,6771778703,5854798454,False
2026-08-14,5.33,-838.96,2.84,36094000000.0,31206000000.0,6771778703,5854798454,False
2026-08-17,5.32,-837.39,2.84,36026000000.0,31148000000.0,6771778703,5854798454,False
2026-08-18,5.06,-796.46,2.7,34265000000.0,29625000000.0,6771778703,5854798454,False
2026-08-19,4.63,-728.78,2.47,31353000000.0,27108000000.0,6771778703,5854798454,False
2026-08-20,4.6,-724.06,2.45,31150000000.0,26932000000.0,6771778703,5854798454,False
2026-08-21,4.57,-719.34,2.44,30947000000.0,26756000000.0,6771778703,5854798454,False
2026-08-24,4.4,-692.58,2.35,29796000000.0,25761000000.0,6771778703,5854798454,False
2026-08-25,4.5,-708.32,2.4,30473000000.0,26347000000.0,6771778703,5854798454,False
2026-08-26,4.5,-708.32,2.4,30473000000.0,26347000000.0,6771778703,5854798454,False
2026-08-27,4.59,-722.48,2.45,31082000000.0,26874000000.0,6771778703,5854798454,False
2026-08-28,4.6,-101.76,2.35,31150000000.0,26932000000.0,6771778703,5854796954,False
