date,close,pe_ttm,pb,total_mv,float_mv,total_share,float_share,is_st
2020-01-02,25.01,21.5401,4.188974,22220581503.73,16128614366.2,888467873,644886620,False
2020-01-03,25.91,22.315233,4.339717,23020202589.43,16709012324.2,888467873,644886620,False
2020-01-06,27.43,23.624348,4.594304,24370673756.39,17689239986.6,888467873,644886620,False
2020-01-07,28.87,24.864561,4.835493,25650067493.51,18617876719.4,888467873,644886620,False
2020-01-08,28.0,24.115266,4.689775,24877100444.0,18056825360.0,888467873,644886620,False
2020-01-09,28.39,24.451157,4.755097,25223602914.47,18308331141.8,888467873,644886620,False
2020-01-10,28.2,24.287518,4.723273,25054794018.6,18185802684.0,888467873,644886620,False
2020-01-13,28.15,24.244455,4.714899,25010370624.95,18153558353.0,888467873,644886620,False
2020-01-14,29.0,24.976525,4.857267,25765568317.0,18701711980.0,888467873,644886620,False
2020-01-15,28.11,24.210004,4.708199,24974831910.03,18127762888.2,888467873,644886620,False
2020-01-16,27.78,23.925789,4.652927,24681637511.94,17914950303.6,888467873,644886620,False
2020-01-17,27.53,23.710474,4.611054,24459520543.69,17753728648.6,888467873,644886620,False
2020-01-20,27.55,23.727699,4.614403,24477289901.15,17766626381.0,888467873,644886620,False
2020-01-21,27.8,23.943014,4.656276,24699406869.4,17927848036.0,888467873,644886620,False
2020-01-22,27.32,23.529609,4.57588,24272942290.36,17618302458.4,888467873,644886620,False
2020-01-23,27.7,23.856888,4.639527,24610560082.1,17863359374.0,888467873,644886620,False
2020-02-03,25.55,22.00518,4.27942,22700354155.15,16476853141.0,888467873,644886620,False
2020-02-04,27.34,23.546834,4.57923,24290711647.82,17631200190.8,888467873,644886620,False
2020-02-05,26.8,23.081754,4.488784,23810938996.4,17282961416.0,888467873,644886620,False
2020-02-06,29.48,25.38993,4.937663,26192032896.04,19011257557.6,888467873,644886620,False
2020-02-07,32.16,27.698105,5.386541,28573126795.68,20739553699.2,888467873,644886620,False
2020-02-10,30.4,26.182288,5.091755,27009423339.2,19604553248.0,888467873,644886620,False
2020-02-11,30.66,26.406216,5.135303,27240424986.18,19772223769.2,888467873,644886620,False
2020-02-12,30.91,26.621531,5.177176,27462541954.43,19933445424.2,888467873,644886620,False
2020-02-13,29.7,25.579407,4.974511,26387495828.1,19153132614.0,888467873,644886620,False
2020-02-14,29.05,25.019588,4.865641,25809991710.65,18733956311.0,888467873,644886620,False
2020-02-17,30.12,25.941136,5.044858,26760652334.76,19423984994.4,888467873,644886620,False
2020-02-18,30.04,25.872235,5.031458,26689574904.92,19372394064.8,888467873,644886620,False
2020-02-19,27.91,24.037752,4.674701,24797138335.43,17998785564.2,888467873,644886620,False
2020-02-20,28.13,24.227229,4.711549,24992601267.49,18140660620.6,888467873,644886620,False
2020-02-21,28.32,24.390869,4.743372,25161410163.36,18263189078.4,888467873,644886620,False
2020-02-24,28.67,24.69231,4.801994,25472373918.91,18488899395.4,888467873,644886620,False
2020-02-25,27.62,23.787987,4.626128,24539482652.26,17811768444.4,888467873,644886620,False
2020-02-26,25.76,22.186044,4.314593,22886932408.48,16612279331.2,888467873,644886620,False
2020-02-27,27.47,23.658798,4.601004,24406212471.31,17715035451.4,888467873,644886620,False
2020-02-28,27.01,23.262619,4.523958,23997517249.73,17418387606.2,888467873,644886620,False
2020-03-02,24.44,39.457244,4.093503,21714154816.12,15761028992.8,888467873,644886620,False
2020-03-03,23.22,37.487611,3.889163,20630224011.06,14974267316.4,888467873,644886620,False
2020-03-04,23.3,37.616767,3.902563,20701301440.9,15025858246.0,888467873,644886620,False
2020-03-05,22.87,36.922552,3.830541,20319260255.51,14748556999.4,888467873,644886620,False
2020-03-06,22.69,36.631951,3.800393,20159336038.37,14632477407.8,888467873,644886620,False
2020-03-09,20.78,33.548344,3.480483,18462362400.94,13400743963.6,888467873,644886620,False
2020-03-10,22.1,35.679423,3.701572,19635139993.3,14251994302.0,888467873,644886620,False
2020-03-11,21.52,34.74304,3.604427,19119828626.96,13877960062.4,888467873,644886620,False
2020-03-12,22.09,35.663278,3.699897,19626255314.57,14245545435.8,888467873,644886620,False
2020-03-13,21.9,35.356532,3.668074,19457446418.7,14123016978.0,888467873,644886620,False
2020-03-16,20.92,33.774368,3.503932,18586747903.16,13491028090.4,888467873,644886620,False
2020-03-17,21.45,34.630028,3.592702,19057635875.85,13832817999.0,888467873,644886620,False
2020-03-18,21.16,73.283376,3.54413,18799980192.68,13645800879.2,888467873,644886620,False
2020-03-19,22.68,36.615806,3.798718,20150451359.64,14626028541.6,888467873,644886620,False
2020-03-20,23.09,37.277732,3.867389,20514723187.57,14890432055.8,888467873,644886620,False
2020-03-23,22.4,36.163759,3.75182,19901680355.2,14445460288.0,888467873,644886620,False
2020-03-24,20.99,33.88738,3.515656,18648940654.27,13536170153.8,888467873,644886620,False
2020-03-25,22.17,35.792435,3.713297,19697332744.41,14297136365.4,888467873,644886620,False
2020-03-26,21.3,34.38786,3.567579,18924365694.9,13736085006.0,888467873,644886620,False
2020-03-27,20.39,32.918707,3.415161,18115859930.47,13149238181.8,888467873,644886620,False
2020-03-30,19.06,30.771484,3.192397,16934197659.38,12291538977.2,888467873,644886620,False
2020-03-31,18.79,30.335582,3.147174,16694418361.51,12445189324.61,888473569,662330459,False
2020-04-01,19.05,30.75534,3.190722,16925421489.45,12617395243.95,888473569,662330459,False
2020-04-02,19.7,31.804938,3.299613,17502929309.3,13047910042.3,888473569,662330459,False
2020-04-03,19.48,31.449756,3.262764,17307465124.12,12902197341.32,888473569,662330459,False
2020-04-07,20.42,32.967352,3.420208,18142630278.98,13524787972.78,888473569,662330459,False
2020-04-08,20.67,33.370968,3.462081,18364748671.23,13690370587.53,888473569,662330459,False
2020-04-09,21.45,34.63025,3.592726,19057758055.05,14206988345.55,888473569,662330459,False
2020-04-10,20.35,32.85434,3.408483,18080437129.15,13478424840.65,888473569,662330459,False
2020-04-13,20.29,32.757472,3.398434,18027128715.01,13438685013.11,888473569,662330459,False
2020-04-14,22.1,35.679652,3.701596,19635265874.9,14637503143.9,888473569,662330459,False
2020-04-15,21.84,35.259891,3.658048,19404262746.96,14465297224.56,888473569,662330459,False
2020-04-16,22.22,35.873387,3.721695,19741882703.18,14716982798.98,888473569,662330459,False
2020-04-17,21.72,35.066155,3.637949,19297645918.68,14385817569.48,888473569,662330459,False
2020-04-20,22.0,76.193035,3.684847,19546418518.0,14571270098.0,888473569,662330459,False
2020-04-21,21.94,35.421338,3.674797,19493110103.86,14531530270.46,888473569,662330459,False
2020-04-22,21.85,35.276036,3.659723,19413147482.65,14471920529.15,888473569,662330459,False
2020-04-23,22.15,35.760375,3.709971,19679689553.35,14670619666.85,888473569,662330459,False
2020-04-24,21.12,34.097477,3.537453,18764561777.28,13988419294.08,888473569,662330459,False
2020-04-27,20.42,32.967352,3.420208,18142630278.98,13524787972.78,888473569,662330459,False
2020-04-28,20.55,33.177233,3.441982,18258131842.95,13610890932.45,888473569,662330459,False
2020-04-29,18.5,64.071416,3.098621,16436761026.5,12253113491.5,888473569,662330459,False
2020-04-30,18.6,36.984308,3.264114,16525608383.4,12319346537.4,888473569,662330459,False
2020-05-06,19.34,38.455727,3.393976,17183078824.46,12809471077.06,888473569,662330459,False
2020-05-07,19.2,38.17735,3.369408,17058692524.8,12716744812.8,888473569,662330459,False
2020-05-08,19.71,39.191436,3.458907,17511814044.99,13054533346.89,888473569,662330459,False
2020-05-11,19.2,38.17735,3.369408,17058692524.8,12716744812.8,888473569,662330459,False
2020-05-12,19.13,38.038162,3.357123,16996499374.97,12670381680.67,888473569,662330459,False
2020-05-13,19.09,37.958626,3.350104,16960960432.21,12643888462.31,888473569,662330459,False
2020-05-14,19.69,39.151668,3.455398,17494044573.61,13041286737.71,888473569,662330459,False
2020-05-15,19.62,39.01248,3.443113,17431851423.78,12994923605.58,888473569,662330459,False
2020-05-18,18.95,37.680249,3.325535,16836574132.55,12551162198.05,888473569,662330459,False
2020-05-19,19.8,39.370392,3.474702,17591776666.2,13114143088.2,888473569,662330459,False
2020-05-20,19.48,38.734103,3.418545,17307465124.12,12902197341.32,888473569,662330459,False
2020-05-21,19.77,39.31074,3.469437,17565122459.13,13094273174.43,888473569,662330459,False
2020-05-22,19.2,38.17735,3.369408,17058692524.8,12716744812.8,888473569,662330459,False
2020-05-25,18.11,36.00999,3.178123,16090256334.59,11994804612.49,888473569,662330459,False
2020-05-26,19.35,38.475611,3.395731,17191963560.15,12816094381.65,888473569,662330459,False
2020-05-27,19.31,38.396075,3.388711,17156424617.39,12789601163.29,888473569,662330459,False
2020-05-28,18.8,37.381989,3.299212,16703303097.2,12451812629.2,888473569,662330459,False
2020-05-29,19.15,38.07793,3.360633,17014268846.35,12683628289.85,888473569,662330459,False
2020-06-01,20.2,40.165754,3.544898,17947166093.8,13379075271.8,888473569,662330459,False
2020-06-02,20.44,40.642971,3.587015,18160399750.36,13538034581.96,888473569,662330459,False
2020-06-03,20.52,40.802043,3.601054,18231477635.88,13591021018.68,888473569,662330459,False
2020-06-04,20.49,40.742391,3.59579,18204823428.81,13571151104.91,888473569,662330459,False
2020-06-05,20.97,41.696825,3.680025,18631290741.93,13889069725.23,888473569,662330459,False
2020-06-08,20.92,41.597405,3.67125,18586867063.48,13855953202.28,888473569,662330459,False
2020-06-09,21.35,42.452418,3.746711,18968910698.15,14140755299.65,888473569,662330459,False
2020-06-10,21.44,42.631374,3.762505,19048873319.36,14200365040.96,888473569,662330459,False
2020-06-11,21.99,43.724996,3.859025,19537533782.31,14564646793.41,888473569,662330459,False
2020-06-12,21.78,43.307432,3.822172,19350954332.82,14425557397.02,888473569,662330459,False
2020-06-15,22.92,45.574212,4.02223,20363814201.48,15180614120.28,888473569,662330459,False
2020-06-16,23.14,46.011661,4.060838,20559278386.66,15326326821.26,888473569,662330459,False
2020-06-17,22.41,44.560126,3.93273,19910692681.29,14842825586.19,888473569,662330459,False
2020-06-18,22.63,44.997575,3.971338,20106156866.47,14988538287.17,888473569,662330459,False
2020-06-19,22.62,44.977691,3.969583,20097272130.78,14981914982.58,888473569,662330459,False
2020-06-22,22.82,45.375371,4.004681,20274966844.58,15114381074.38,888473569,662330459,False
2020-06-23,25.1,49.908932,4.404798,22300686581.9,16624494520.9,888473569,662330459,False
2020-06-24,25.97,51.638843,4.557475,23073658586.93,17200722020.23,888473569,662330459,False
2020-06-29,25.32,50.346381,4.443406,22496150767.08,16770207221.88,888473569,662330459,False
2020-06-30,26.08,51.857567,4.576779,23507579144.48,17609766835.68,901364231,675221121,False
2020-07-01,25.53,50.763945,4.480259,23011828817.43,17238395219.13,901364231,675221121,False
2020-07-02,25.54,51.520641,4.547043,23020842459.74,17245147430.34,901364231,675221121,False
2020-07-03,25.53,51.500468,4.545262,23011828817.43,17238395219.13,901364231,675221121,False
2020-07-06,26.56,53.578239,4.728639,23940233975.36,17933872973.76,901364231,675221121,False
2020-07-07,26.93,54.324622,4.794513,24273738740.83,18183704788.53,901364231,675221121,False
2020-07-08,27.5,55.474456,4.895993,24787516352.5,18568580827.5,901364231,675221121,False
2020-07-09,28.35,57.189121,5.047324,25553675948.85,19142518780.35,901364231,675221121,False
2020-07-10,27.6,55.676182,4.913797,24877652775.6,18636102939.6,901364231,675221121,False
2020-07-13,28.19,56.866361,5.018838,25409457671.89,19034483400.99,901364231,675221121,False
2020-07-14,27.4,55.272731,4.87819,24697379929.4,18501058715.4,901364231,675221121,False
2020-07-15,24.66,49.745458,4.390371,22227641936.46,16650952843.86,901364231,675221121,False
2020-07-16,22.25,44.883878,3.961304,20055354139.75,15023669942.25,901364231,675221121,False
2020-07-17,21.99,44.359393,3.915014,19820999439.69,14848112450.79,901364231,675221121,False
2020-07-20,22.5,45.388192,4.005813,20280695197.5,15192475222.5,901364231,675221121,False
2020-07-21,22.42,45.226811,3.99157,20208586059.02,15138457532.82,901364231,675221121,False
2020-07-22,22.63,45.650434,4.028957,20397872547.53,15280253968.23,901364231,675221121,False
2020-07-23,22.22,44.823361,3.955963,20028313212.82,15003413308.62,901364231,675221121,False
2020-07-24,21.0,42.362312,3.738759,18928648851.0,14179643541.0,901364231,675221121,False
2020-07-27,21.08,42.523692,3.753001,19000757989.48,14233661230.68,901364231,675221121,False
2020-07-28,21.28,42.927143,3.788609,19181030835.68,14368705454.88,901364231,675221121,False
2020-07-29,22.09,44.561118,3.932818,19911135862.79,14915634562.89,901364231,675221121,False
2020-07-30,21.73,43.834907,3.868725,19586644739.63,14672554959.33,901364231,675221121,False
2020-07-31,22.21,44.803188,3.954182,20019299570.51,14996661097.41,901364231,675221121,False
2020-08-03,22.61,45.610089,4.025397,20379845262.91,15266749545.81,901364231,675221121,False
2020-08-04,21.85,44.076977,3.890089,19694808447.35,14753581493.85,901364231,675221121,False
2020-08-05,22.26,44.904051,3.963084,20064367782.06,15030422153.46,901364231,675221121,False
2020-08-06,21.88,44.137495,3.89543,19721849374.28,14773838127.48,901364231,675221121,False
2020-08-07,21.26,42.886798,3.785048,19163003551.06,14355201032.46,901364231,675221121,False
2020-08-10,21.49,43.350766,3.825996,19370317324.19,14510501890.29,901364231,675221121,False
2020-08-11,20.79,41.938689,3.701371,18739362362.49,14037847105.59,901364231,675221121,False
2020-08-12,20.35,41.051098,3.623035,18342762100.85,13740749812.35,901364231,675221121,False
2020-08-13,20.72,41.797481,3.688908,18676266866.32,13990581627.12,901364231,675221121,False
2020-08-14,20.93,42.221104,3.726296,18865553354.83,14132378062.53,901364231,675221121,False
2020-08-17,21.31,42.987661,3.79395,19208071762.61,14388962088.51,901364231,675221121,False
2020-08-18,21.36,43.088523,3.802852,19253139974.16,14422723144.56,901364231,675221121,False
2020-08-19,20.8,42.63138,3.762506,19048875830.4,14345099142.4,915811338,689668228,False
2020-08-20,20.87,42.774851,3.775168,19112982624.06,14393375918.36,915811338,689668228,False
2020-08-21,21.3,43.656173,3.85295,19506781499.4,14689933256.4,915811338,689668228,False
2020-08-24,21.2,43.451214,3.834861,19415200365.6,14620966433.6,915811338,689668228,False
2020-08-25,21.4,43.861131,3.871039,19598362633.2,14758900079.2,915811338,689668228,False
2020-08-26,20.54,54.645714,3.390918,18810764882.52,14165785403.12,915811338,689668228,False
2020-08-27,20.78,55.284223,3.430539,19030559603.64,14331305777.84,915811338,689668228,False
2020-08-28,20.9,55.603477,3.45035,19140456964.2,14414065965.2,915811338,689668228,False
2020-08-31,20.65,54.938364,3.409078,18911504129.7,14241648908.2,915811338,689668228,False
2020-09-01,20.47,54.459482,3.379362,18746658088.86,14117508627.16,915811338,689668228,False
2020-09-02,20.79,55.310827,3.43219,19039717717.02,14338202460.12,915811338,689668228,False
2020-09-03,20.41,54.299855,3.369456,18691709408.58,14076128533.48,915811338,689668228,False
2020-09-04,20.3,54.007205,3.351297,18590970161.4,14000265028.4,915811338,689668228,False
2020-09-07,19.57,52.065074,3.230782,17922427884.66,13496807221.96,915811338,689668228,False
2020-09-08,19.94,53.049442,3.291865,18261278079.72,13751984466.32,915811338,689668228,False
2020-09-09,19.14,50.921079,3.159794,17528629009.32,13200249883.92,915811338,689668228,False
2020-09-10,18.69,49.723875,3.085504,17116513907.22,12889899181.32,915811338,689668228,False
2020-09-11,18.89,50.255966,3.118522,17299676174.82,13027832826.92,915811338,689668228,False
2020-09-14,18.86,50.176152,3.113569,17272201834.68,13007142780.08,915811338,689668228,False
2020-09-15,18.93,50.362384,3.125125,17336308628.34,13055419556.04,915811338,689668228,False
2020-09-16,18.47,49.138575,3.049185,16915035412.86,12738172171.16,915811338,689668228,False
2020-09-17,18.72,49.803689,3.090457,17143988247.36,12910589228.16,915811338,689668228,False
2020-09-18,19.02,50.601825,3.139983,17418731648.76,13117489696.56,915811338,689668228,False
2020-09-21,18.91,50.309175,3.121824,17317992401.58,13041626191.48,915811338,689668228,False
2020-09-22,18.54,49.324807,3.060741,16979142206.52,12786448947.12,915811338,689668228,False
2020-09-23,18.8,50.016525,3.103664,17217253154.4,12965762686.4,915811338,689668228,False
2020-09-24,18.26,48.57988,3.014516,16722715031.88,12593341843.28,915811338,689668228,False
2020-09-25,18.37,48.87253,3.032676,16823454279.06,12669205348.36,915811338,689668228,False
2020-09-28,17.88,47.568908,2.951782,16374706723.44,12331267916.64,915811338,689668228,False
2020-09-29,17.93,47.701931,2.960037,16420497290.34,12365751328.04,915811338,689668228,False
2020-09-30,17.48,46.504727,2.885747,16008541885.52,12098963826.96,915820474,692160402,False
2020-10-09,18.06,48.04779,2.981498,16539717760.44,12500416860.12,915820474,692160402,False
2020-10-12,18.79,49.990419,3.102044,17208266706.46,13005693953.58,915820474,692160402,False
2020-10-13,18.56,49.378509,3.064073,16997627997.44,12846497061.12,915820474,692160402,False
2020-10-14,17.95,47.755616,2.963368,16438977508.3,12424279215.9,915820474,692160402,False
2020-10-15,16.55,44.030944,2.732242,15156828844.7,11455254653.1,915820474,692160402,False
2020-10-16,16.1,42.833728,2.657951,14744709631.4,11143782472.2,915820474,692160402,False
2020-10-19,15.99,42.541075,2.639791,14643969379.26,11067644827.98,915820474,692160402,False
2020-10-20,16.29,43.339219,2.689318,14918715521.46,11275292948.58,915820474,692160402,False
2020-10-21,16.0,42.56768,2.641442,14653127584.0,11074566432.0,915820474,692160402,False
2020-10-22,15.99,42.541075,2.639791,14643969379.26,11067644827.98,915820474,692160402,False
2020-10-23,15.77,41.95577,2.603472,14442488874.98,10915369539.54,915820474,692160402,False
2020-10-26,15.57,41.423674,2.570454,14259324780.18,10776937459.14,915820474,692160402,False
2020-10-27,15.48,41.18423,2.555595,14176900937.52,10714643022.96,915820474,692160402,False
2020-10-28,15.88,42.248422,2.621632,14543229127.12,10991507183.76,915820474,692160402,False
2020-10-29,16.03,42.647494,2.646395,14680602198.22,11095331244.06,915820474,692160402,False
2020-10-30,15.66,128.596287,2.534049,14341748622.84,10839231895.32,915820474,692160402,False
2020-11-02,15.4,126.461227,2.491976,14103635299.6,10659270190.8,915820474,692160402,False
2020-11-03,15.94,130.895582,2.579357,14598178355.56,11033036807.88,915820474,692160402,False
2020-11-04,16.16,132.702171,2.614957,14799658859.84,11185312096.32,915820474,692160402,False
2020-11-05,16.24,133.359112,2.627902,14872924497.76,11240684928.48,915820474,692160402,False
2020-11-06,16.23,133.276995,2.626284,14863766293.02,11233763324.46,915820474,692160402,False
2020-11-09,16.89,138.696762,2.733083,15468207805.86,11690589189.78,915820474,692160402,False
2020-11-10,16.93,139.025232,2.739556,15504840624.82,11718275605.86,915820474,692160402,False
2020-11-11,16.66,136.808055,2.695865,15257569096.84,11531392297.32,915820474,692160402,False
2020-11-12,16.42,134.837231,2.657029,15037772183.08,11365273800.84,915820474,692160402,False
2020-11-13,16.52,135.658407,2.673211,15129354230.48,11434489841.04,915820474,692160402,False
2020-11-16,17.05,140.010644,2.758974,15614739081.7,11801334854.1,915820474,692160402,False
2020-11-17,16.95,139.189468,2.742792,15523157034.3,11732118813.9,915820474,692160402,False
2020-11-18,16.8,137.957702,2.718519,15385783963.2,11628294753.6,915820474,692160402,False
2020-11-19,16.81,138.03982,2.720138,15394942167.94,11635216357.62,915820474,692160402,False
2020-11-20,16.74,137.464996,2.70881,15330834734.76,11586765129.48,915820474,692160402,False
2020-11-23,17.0,139.600056,2.750883,15568948058.0,11766726834.0,915820474,692160402,False
2020-11-24,16.98,139.435821,2.747646,15550631648.52,11752883625.96,915820474,692160402,False
2020-11-25,16.58,136.151113,2.68292,15184303458.92,11476019465.16,915820474,692160402,False
2020-11-26,16.48,135.329937,2.666738,15092721411.52,11406803424.96,915820474,692160402,False
2020-11-27,16.33,134.098171,2.642466,14955348340.42,11302979364.66,915820474,692160402,False
2020-11-30,16.47,135.247819,2.66512,15083563206.78,11399881820.94,915820474,692160402,False
2020-12-01,17.21,141.324527,2.784864,15761270357.54,11912080518.42,915820474,692160402,False
2020-12-02,17.04,139.928527,2.757355,15605580876.96,11794413250.08,915820474,692160402,False
2020-12-03,17.02,139.764291,2.754119,15587264467.48,11780570042.04,915820474,692160402,False
2020-12-04,17.05,140.010644,2.758974,15614739081.7,11801334854.1,915820474,692160402,False
2020-12-07,16.83,138.204055,2.723374,15413258577.42,11649059565.66,915820474,692160402,False
2020-12-08,16.86,138.450409,2.728228,15440733191.64,11669824377.72,915820474,692160402,False
2020-12-09,16.25,133.44123,2.62952,14882082702.5,11247606532.5,915820474,692160402,False
2020-12-10,15.93,130.813464,2.577739,14589020150.82,11026115203.86,915820474,692160402,False
2020-12-11,16.18,132.866406,2.618193,14817975269.32,11199155304.36,915820474,692160402,False
2020-12-14,16.05,131.798876,2.597157,14698918607.7,11109174452.1,915820474,692160402,False
2020-12-15,15.62,128.267816,2.527576,14305115803.88,10811545479.24,915820474,692160402,False
2020-12-16,15.52,127.446639,2.511394,14213567465.92,10742363148.48,915822646,692162574,False
2020-12-17,14.71,120.795394,2.380328,13471751122.66,10181711463.54,915822646,692162574,False
2020-12-18,14.27,117.182207,2.309129,13068789158.42,9932512889.96,915822646,696041548,False
2020-12-21,14.53,119.317272,2.351201,13306903046.38,10113483692.44,915822646,696041548,False
2020-12-22,14.48,118.906683,2.34311,13261111914.08,10078681615.04,915822646,696041548,False
2020-12-23,14.07,115.53985,2.276765,12885624629.22,9793304580.36,915822646,696041548,False
2020-12-24,13.21,108.477713,2.137603,12098017153.66,9194708849.08,915822646,696041548,False
2020-12-25,13.3,109.216773,2.152166,12180441191.8,9257352588.4,915822646,696041548,False
2020-12-28,11.97,98.295096,1.93695,10962397072.62,8331617329.56,915822646,696041548,False
2020-12-29,12.27,100.758632,1.985495,11237143866.42,8540429793.96,915822646,696041548,False
2020-12-30,13.2,108.395595,2.135985,12088858927.2,9187748433.6,915822646,696041548,False
2020-12-31,13.16,108.067123,2.129512,12052234456.92,9124182096.12,915823287,693326907,False
2021-01-04,13.6,111.68031,2.200711,12455196703.2,9429245935.2,915823287,693326907,False
2021-01-05,13.61,111.762506,2.202331,12464354936.07,9436179204.27,915823287,693326907,False
2021-01-06,13.57,111.434034,2.195858,12427722004.59,9408446127.99,915823287,693326907,False
2021-01-07,13.24,108.724142,2.142459,12125500319.88,9179648248.68,915823287,693326907,False
2021-01-08,14.15,116.196874,2.289712,12958899511.05,9810575734.05,915823287,693326907,False
2021-01-11,14.47,118.824648,2.341494,13251962962.89,10032440344.29,915823287,693326907,False
2021-01-12,13.92,114.308162,2.252495,12748260155.04,9651110545.44,915823287,693326907,False
2021-01-13,13.22,108.559906,2.139222,12107183854.14,9165781710.54,915823287,693326907,False
2021-01-14,12.85,105.521543,2.07935,11768329237.95,8909250754.95,915823287,693326907,False
2021-01-15,13.18,108.231435,2.13275,12070550922.66,9138048634.26,915823287,693326907,False
2021-01-18,12.8,105.110953,2.071259,11722538073.6,8874584409.6,915823287,693326907,False
2021-01-19,12.78,104.946717,2.068023,11704221607.86,8860717871.46,915823287,693326907,False
2021-01-20,12.84,105.439425,2.077732,11759171005.08,8902317485.88,915823287,693326907,False
2021-01-21,13.12,107.738727,2.123041,12015601525.44,9096449019.84,915823287,693326907,False
2021-01-22,12.43,102.07259,2.011387,11383683457.41,8618053454.01,915823287,693326907,False
2021-01-25,12.08,99.198462,1.954751,11063145306.96,8375389036.56,915823287,693326907,False
2021-01-26,12.08,99.198462,1.954751,11063145306.96,8375389036.56,915823287,693326907,False
2021-01-27,13.29,109.134732,2.15055,12171291484.23,9214314594.03,915823287,693326907,False
2021-01-28,13.52,111.023444,2.187768,12381930840.24,9373779782.64,915823287,693326907,False
2021-01-29,12.9,105.932133,2.087441,11814120402.3,8943917100.3,915823287,693326907,False
2021-02-01,11.61,95.338919,1.878697,10632708362.07,8049525390.27,915823287,693326907,False
2021-02-02,10.9,89.508546,1.763807,9982473828.3,7557263286.3,915823287,693326907,False
2021-02-03,10.33,84.827824,1.671571,9460454554.71,7162066949.31,915823287,693326907,False
2021-02-04,9.97,81.871578,1.613317,9130758171.39,6912469262.79,915823287,693326907,False
2021-02-05,10.21,83.842409,1.652153,9350555760.27,7078867720.47,915823287,693326907,False
2021-02-08,10.05,82.528522,1.626262,9204024034.35,6967935415.35,915823287,693326907,False
2021-02-09,10.16,83.431819,1.644062,9304764595.92,7044201375.12,915823287,693326907,False
2021-02-10,10.16,83.431819,1.644062,9304764595.92,7044201375.12,915823287,693326907,False
2021-02-18,10.44,85.731121,1.689371,9561195116.28,7238332909.08,915823287,693326907,False
2021-02-19,11.1,91.150905,1.79617,10165638485.7,7695928667.7,915823287,693326907,False
2021-02-22,11.03,90.576079,1.784843,10101530855.61,7647395784.21,915823287,693326907,False
2021-02-23,10.76,88.358895,1.741152,9854258568.12,7460197519.32,915823287,693326907,False
2021-02-24,10.96,90.001254,1.773516,10037423225.52,7598862900.72,915823287,693326907,False
2021-02-25,10.78,88.523131,1.744389,9872575033.86,7474064057.46,915823287,693326907,False
2021-02-26,10.73,88.112541,1.736298,9826783869.51,7439397712.11,915823287,693326907,False
2021-03-01,10.92,89.672782,1.767043,10000790294.04,7571129824.44,915823287,693326907,False
2021-03-02,10.86,89.180074,1.757334,9945840896.82,7529530210.02,915823287,693326907,False
2021-03-03,10.93,89.7549,1.768661,10009948526.91,7578063093.51,915823287,693326907,False
2021-03-04,10.88,89.34431,1.76057,9964157362.56,7543396748.16,915823287,693326907,False
2021-03-05,11.21,92.054202,1.81397,10266379047.27,7772194627.47,915823287,693326907,False
2021-03-08,11.05,90.740315,1.788079,10119847321.35,7661262322.35,915823287,693326907,False
2021-03-09,10.75,88.276777,1.739534,9845100335.25,7453264250.25,915823287,693326907,False
2021-03-10,10.28,84.417234,1.66348,9414663390.36,7127400603.96,915823287,693326907,False
2021-03-11,10.87,89.262192,1.758952,9954999129.69,7536463479.09,915823287,693326907,False
2021-03-12,10.54,86.552301,1.705553,9652777444.98,7307665599.78,915823287,693326907,False
2021-03-15,10.27,84.335116,1.661862,9405505157.49,7120467334.89,915823287,693326907,False
2021-03-16,10.47,85.977475,1.694225,9588669814.89,7259132716.29,915823287,693326907,False
2021-03-17,10.48,86.059593,1.695844,9597828047.76,7266065985.36,915823287,693326907,False
2021-03-18,10.35,84.99206,1.674807,9478771020.45,7175933487.45,915823287,693326907,False
2021-03-19,10.51,86.305947,1.700698,9625302746.37,7286865792.57,915823287,693326907,False
2021-03-22,10.58,86.880772,1.712025,9689410376.46,7335398676.06,915823287,693326907,False
2021-03-23,11.64,95.585273,1.883551,10660183060.68,8070325197.48,915823287,693326907,False
2021-03-24,12.8,105.110953,2.071259,11722538073.6,8874584409.6,915823287,693326907,False
2021-03-25,12.81,105.193071,2.072877,11731696306.47,8881517678.67,915823287,693326907,False
2021-03-26,12.62,103.63283,2.042132,11557689881.94,8749785566.34,915823287,693326907,False
2021-03-29,12.66,103.961302,2.048605,11594322813.42,8777518642.62,915823287,693326907,False
2021-03-30,12.19,100.101759,1.972551,11163885868.53,8451654996.33,915823287,693326907,False
2021-03-31,11.83,97.145514,1.914297,10834196429.42,8160292630.49,915823874,689796503,False
2021-04-01,11.92,97.884575,1.92886,10916620578.08,8222374315.76,915823874,689796503,False
2021-04-02,12.08,99.198526,1.954752,11063152397.92,8332741756.24,915823874,689796503,False
2021-04-06,13.29,109.134802,2.150551,12171299285.46,9167395524.87,915823874,689796503,False
2021-04-07,14.13,116.032713,2.286478,12940591339.62,9746824587.39,915823874,689796503,False
2021-04-08,13.88,113.979763,2.246023,12711635371.12,9574375461.64,915823874,689796503,False
2021-04-09,15.27,125.394163,2.470949,13984630555.98,10533192600.81,915823874,689796503,False
2021-04-12,14.49,118.98896,2.344732,13270287934.26,9995151328.47,915823874,689796503,False
2021-04-13,15.04,123.505449,2.433731,13773991064.96,10374539405.12,915823874,689796503,False
2021-04-14,14.9,122.355797,2.411077,13645775722.6,10277967894.7,915823874,689796503,False
2021-04-15,14.23,116.853892,2.302659,13032173727.02,9815804237.69,915823874,689796503,False
2021-04-16,14.51,119.153196,2.347968,13288604411.74,10008947258.53,915823874,689796503,False
2021-04-19,14.36,117.921426,2.323696,13151230830.64,9905477783.08,915823874,689796503,False
2021-04-20,14.36,117.921426,2.323696,13151230830.64,9905477783.08,915823874,689796503,False
2021-04-21,14.4,118.249898,2.330168,13187863785.6,9933069643.2,915823874,689796503,False
2021-04-22,14.24,116.93601,2.304277,13041331965.76,9822702202.72,915823874,689796503,False
2021-04-23,14.09,115.704241,2.280005,12903958384.66,9719232727.27,915823874,689796503,False
2021-04-26,13.9,114.143999,2.24926,12729951848.6,9588171391.7,915823874,689796503,False
2021-04-27,13.9,114.143999,2.24926,12729951848.6,9588171391.7,915823874,689796503,False
2021-04-28,13.41,110.120218,2.169969,12281198150.34,9250171105.23,915823874,689796503,False
2021-04-29,14.75,121.124028,2.386804,13508402141.5,10174498419.25,915823874,689796503,False
2021-04-30,15.43,-38.894836,2.761612,14131162375.82,10643560041.29,915823874,689796503,False
2021-05-06,14.88,-37.508435,2.663175,13627459245.12,10264171964.64,915823874,689796503,False
2021-05-07,15.78,-39.777091,2.824254,14451700731.72,10884988817.34,915823874,689796503,False
2021-05-10,15.59,-39.298152,2.790249,14277694195.66,10753927481.77,915823874,689796503,False
2021-05-11,15.45,-38.94525,2.765192,14149478853.3,10657355971.35,915823874,689796503,False
2021-05-12,15.68,-39.525018,2.806356,14360118344.32,10816009167.04,915823874,689796503,False
2021-05-13,15.76,-39.726676,2.820675,14433384254.24,10871192887.28,915823874,689796503,False
2021-05-14,15.39,-38.794007,2.754453,14094529420.86,10615968181.17,915823874,689796503,False
2021-05-17,15.3,-38.567141,2.738345,14012105272.2,10553886495.9,915823874,689796503,False
2021-05-18,15.73,-39.651054,2.815305,14405909538.02,10850498992.19,915823874,689796503,False
2021-05-19,15.85,-39.953542,2.836783,14515808402.9,10933274572.55,915823874,689796503,False
2021-05-20,17.41,-43.885878,3.115986,15944493646.34,12009357117.23,915823874,689796503,False
2021-05-21,16.91,-42.625514,3.026498,15486581709.34,11664458865.73,915823874,689796503,False
2021-05-24,16.85,-42.47427,3.015759,15431632276.9,11623071075.55,915823874,689796503,False
2021-05-25,16.62,-41.894502,2.974595,15220992785.88,11464417879.86,915823874,689796503,False
2021-05-26,17.1,-43.104452,3.060504,15660588245.4,11795520201.3,915823874,689796503,False
2021-05-27,18.81,-47.414897,3.366554,17226647069.94,12975072221.43,915823874,689796503,False
2021-05-28,19.36,-48.801298,3.464991,17730350200.64,13354460298.08,915823874,689796503,False
2021-05-31,18.2,-45.877253,3.257378,16667994506.8,12554296354.6,915823874,689796503,False
2021-06-01,16.38,-41.289528,2.93164,15001195056.12,11298866719.14,915823874,689796503,False
2021-06-02,15.07,-37.987374,2.697181,13801465781.18,10395233300.21,915823874,689796503,False
2021-06-03,16.58,-41.793673,2.967436,15184359830.92,11436826019.74,915823874,689796503,False
2021-06-04,17.36,-43.759841,3.107037,15898702452.64,11974867292.08,915823874,689796503,False
2021-06-07,17.4,-43.86067,3.114197,15935335407.6,12002459152.2,915823874,689796503,False
2021-06-08,16.88,-42.549892,3.021129,15459106993.12,11643764970.64,915823874,689796503,False
2021-06-09,17.82,-44.919376,3.189367,16319981434.68,12292173683.46,915823874,689796503,False
2021-06-10,17.59,-44.339609,3.148202,16109341943.66,12133520487.77,915823874,689796503,False
2021-06-11,16.98,-42.801965,3.039026,15550689380.52,11712744620.94,915823874,689796503,False
2021-06-15,16.0,-40.331651,2.863629,14653181984.0,11036744048.0,915823874,689796503,False
2021-06-16,16.12,-40.634138,2.885106,14763080848.88,11119519628.36,915823874,689796503,False
2021-06-17,16.19,-40.810589,2.897635,14827188520.06,11167805383.57,915823874,689796503,False
2021-06-18,17.81,-44.894169,3.187577,16310823195.94,12285275718.43,915823874,689796503,False
2021-06-21,17.82,-44.919376,3.189367,16319981434.68,12292173683.46,915823874,689796503,False
2021-06-22,17.5,-44.112743,3.132094,16026917795.0,12071438802.5,915823874,689796503,False
2021-06-23,17.8,-44.868962,3.185787,16301664957.2,12278377753.4,915823874,689796503,False
2021-06-24,18.29,-46.104118,3.273486,16750418655.46,12616378039.87,915823874,689796503,False
2021-06-25,17.97,-45.297485,3.216213,16457355015.78,12395643158.91,915823874,689796503,False
2021-06-28,17.88,-45.07062,3.200105,16374930867.12,12333561473.64,915823874,689796503,False
2021-06-29,17.78,-44.818547,3.182208,16283348479.72,12264581823.34,915823874,689796503,False
2021-06-30,17.17,-43.280903,3.073032,15725274064.82,13785329547.36,915857546,802873008,False
2021-07-01,16.69,-42.070953,2.987123,15285662442.74,13399950503.52,915857546,802873008,False
2021-07-02,16.77,-42.274166,3.001552,15358931046.42,13464180344.16,915857546,802873008,False
2021-07-05,16.98,-42.803538,3.039138,15551261131.08,13632783675.84,915857546,802873008,False
2021-07-06,16.82,-42.400207,3.010501,15404723923.72,13504323994.56,915857546,802873008,False
2021-07-07,16.58,-41.79521,2.967545,15184918112.68,13311634472.64,915857546,802873008,False
2021-07-08,15.95,-40.207093,2.854785,14607927858.7,12805824477.6,915857546,802873008,False
2021-07-09,16.3,-41.08938,2.917429,14928477999.8,13086830030.4,915857546,802873008,False
2021-07-12,15.62,-39.375222,2.795721,14305694868.52,12540876384.96,915857546,802873008,False
2021-07-13,15.67,-39.501263,2.80467,14351487745.82,12581020035.36,915857546,802873008,False
2021-07-14,15.09,-38.039187,2.700859,13820290369.14,12115353690.72,915857546,802873008,False
2021-07-15,15.17,-38.240852,2.715178,13893558972.82,12179583531.36,915857546,802873008,False
2021-07-16,15.75,-39.702929,2.818988,14424756349.5,12645249876.0,915857546,802873008,False
2021-07-19,15.13,-38.14002,2.708019,13856924670.98,12147468611.04,915857546,802873008,False
2021-07-20,15.39,-38.795433,2.754554,14095047632.94,12356215593.12,915857546,802873008,False
2021-07-21,15.46,-38.971891,2.767083,14159157661.16,12412416703.68,915857546,802873008,False
2021-07-22,15.67,-39.501263,2.80467,14351487745.82,12581020035.36,915857546,802873008,False
2021-07-23,15.13,-38.14002,2.708019,13856924670.98,12147468611.04,915857546,802873008,False
2021-07-26,13.73,-34.61087,2.457442,12574724106.58,11023446399.84,915857546,802873008,False
2021-07-27,13.45,-33.905041,2.407327,12318283993.7,10798641957.6,915857546,802873008,False
2021-07-28,12.91,-32.543797,2.310676,11823720918.86,10365090533.28,915857546,802873008,False
2021-07-29,13.18,-33.224419,2.359001,12071002456.28,10581866245.44,915857546,802873008,False
2021-07-30,13.62,-34.33358,2.437754,12473979776.52,10935130368.96,915857546,802873008,False
2021-08-02,13.42,-33.829416,2.401957,12290808267.32,10774555767.36,915857546,802873008,False
2021-08-03,12.88,-32.468173,2.305306,11796245192.48,10341004343.04,915857546,802873008,False
2021-08-04,12.6,-31.762343,2.255191,11539805079.6,10116199900.8,915857546,802873008,False
2021-08-05,12.19,-30.728806,2.181808,11164303485.74,9787021967.52,915857546,802873008,False
2021-08-06,12.11,-30.527141,2.167489,11091034882.06,9722792126.88,915857546,802873008,False
2021-08-09,12.21,-30.779223,2.185387,11182620636.66,9803079427.68,915857546,802873008,False
2021-08-10,12.31,-31.031305,2.203286,11274206391.26,9883366728.48,915857546,802873008,False
2021-08-11,12.34,-31.106929,2.208655,11301682117.64,9907452918.72,915857546,802873008,False
2021-08-12,12.26,-30.905264,2.194336,11228413513.96,9843223078.08,915857546,802873008,False
2021-08-13,12.15,-30.627973,2.174648,11127669183.9,9754907047.2,915857546,802873008,False
2021-08-16,12.05,-30.375891,2.15675,11036083429.3,9674619746.4,915857546,802873008,False
2021-08-17,11.66,-29.392771,2.086946,10678898986.36,9361499273.28,915857546,802873008,False
2021-08-18,11.76,-29.644853,2.104845,10770484740.96,9441786574.08,915857546,802873008,False
2021-08-19,11.54,-29.090273,2.065468,10568996080.84,9265154512.32,915857546,802873008,False
2021-08-20,11.43,-28.812982,2.04578,10468251750.78,9176838481.44,915857546,802873008,False
2021-08-23,11.7,-29.493604,2.094106,10715533288.2,9393614193.6,915857546,802873008,False
2021-08-24,11.77,-29.670062,2.106635,10779643316.42,9449815304.16,915857546,802873008,False
2021-08-25,12.95,-32.64463,2.317835,11860355220.7,10397205453.6,915857546,802873008,False
2021-08-26,12.26,-30.905264,2.194336,11228413513.96,9843223078.08,915857546,802873008,False
2021-08-27,12.55,-31.636302,2.246242,11494012202.3,10076056250.4,915857546,802873008,False
2021-08-30,12.54,-31.611094,2.244452,11484853626.84,10068027520.32,915857546,802873008,False
2021-08-31,12.17,-26.564834,2.173115,11145986334.82,9770964507.36,915857546,802873008,False
2021-09-01,12.81,-27.961835,2.287396,11732135164.26,10284803232.48,915857546,802873008,False
2021-09-02,12.8,-27.940007,2.28561,11722976588.8,10276774502.4,915857546,802873008,False
2021-09-03,13.28,-28.987757,2.37132,12162588210.88,10662153546.24,915857546,802873008,False
2021-09-06,13.27,-28.965929,2.369535,12153429635.42,10654124816.16,915857546,802873008,False
2021-09-07,13.37,-29.18421,2.387391,12245015390.02,10734412116.96,915857546,802873008,False
2021-09-08,14.16,-30.908632,2.528456,12968542851.36,11368681793.28,915857546,802873008,False
2021-09-09,13.2,-28.813132,2.357035,12089319607.2,10597923705.6,915857546,802873008,False
2021-09-10,13.26,-28.944101,2.367749,12144271059.96,10646096086.08,915857546,802873008,False
2021-09-13,13.29,-29.009585,2.373106,12171746786.34,10670182276.32,915857546,802873008,False
2021-09-14,12.84,-28.027319,2.292753,11759610890.64,10308889422.72,915857546,802873008,False
2021-09-15,12.78,-27.89635,2.282039,11704659437.88,10260717042.24,915857546,802873008,False
2021-09-16,12.48,-27.241506,2.22847,11429902174.08,10019855139.84,915857546,802873008,False
2021-09-17,12.21,-26.652147,2.180258,11182620636.66,9803079427.68,915857546,802873008,False
2021-09-22,12.14,-26.49935,2.167758,11118510608.44,9746878317.12,915857546,802873008,False
2021-09-23,12.12,-26.455694,2.164187,11100193457.52,9730820856.96,915857546,802873008,False
2021-09-24,12.04,-26.281069,2.149902,11026924853.84,9666591016.32,915857546,802873008,False
2021-09-27,11.68,-25.495256,2.085619,10697216137.28,9377556733.44,915857546,802873008,False
2021-09-28,11.83,-25.822678,2.112404,10834594769.18,9497987684.64,915857546,802873008,False
2021-09-29,11.5,-25.10235,2.053478,10532361779.0,9233039592.0,915857546,802873008,False
2021-09-30,11.72,-25.582569,2.092762,10733863518.64,10713409481.64,915858662,914113437,False
2021-10-08,12.01,-26.215584,2.144545,10999462530.62,10978502378.37,915858662,914113437,False
2021-10-11,12.24,-26.717664,2.185617,11210110022.88,11188748468.88,915858662,914113437,False
2021-10-12,11.92,-26.019163,2.128477,10917035251.04,10896232169.04,915858662,914113437,False
2021-10-13,11.8,-25.757225,2.107049,10807132211.6,10786538556.6,915858662,914113437,False
2021-10-14,11.68,-25.495287,2.085622,10697229172.16,10676844944.16,915858662,914113437,False
2021-10-15,12.62,-27.547134,2.253471,11558136314.44,11536111574.94,915858662,914113437,False
2021-10-18,11.8,-25.757225,2.107049,10807132211.6,10786538556.6,915858662,914113437,False
2021-10-19,12.98,-28.332947,2.317754,11887845432.76,11865192412.26,915858662,914113437,False
2021-10-20,13.31,-29.053277,2.37668,12190078791.22,12166849846.47,915858662,914113437,False
2021-10-21,12.98,-28.332947,2.317754,11887845432.76,11865192412.26,915858662,914113437,False
2021-10-22,12.7,-27.721759,2.267756,11631405007.4,11609240649.9,915858662,914113437,False
2021-10-25,12.74,-27.809072,2.274899,11668039353.88,11645805187.38,915858662,914113437,False
2021-10-26,12.45,-27.176055,2.223116,11402440341.9,11380712290.65,915858662,914113437,False
2021-10-27,13.0,-30.239196,2.273645,11906162606.0,11883474681.0,915858662,914113437,False
2021-10-28,12.98,-30.192675,2.270147,11887845432.76,11865192412.26,915858662,914113437,False
2021-10-29,13.29,-30.913763,2.324365,12171761617.98,12148567577.73,915858662,914113437,False
2021-11-01,13.12,-30.518328,2.294632,12016065645.44,11993168293.44,915858662,914113437,False
2021-11-02,12.74,-29.634413,2.228172,11668039353.88,11645805187.38,915858662,914113437,False
2021-11-03,13.07,-30.402023,2.285888,11970272712.34,11947462621.59,915858662,914113437,False
2021-11-04,13.51,-31.425503,2.362842,12373250523.62,12349672533.87,915858662,914113437,False
2021-11-05,13.66,-31.774417,2.389076,12510629322.92,12486789549.42,915858662,914113437,False
2021-11-08,13.82,-32.146592,2.41706,12657166708.84,12633047699.34,915858662,914113437,False
2021-11-09,13.63,-31.704634,2.383829,12483153563.06,12459366146.31,915858662,914113437,False
2021-11-10,13.73,-31.937244,2.401319,12574739429.26,12550777490.01,915858662,914113437,False
2021-11-11,15.1,-35.12399,2.640926,13829465796.2,13803112898.7,915858662,914113437,False
2021-11-12,15.34,-35.682252,2.682901,14049271875.08,14022500123.58,915858662,914113437,False
2021-11-15,15.95,-37.101168,2.789587,14607945658.9,14580109320.15,915858662,914113437,False
2021-11-16,15.6,-36.287036,2.728374,14287395127.2,14260169617.2,915858662,914113437,False
2021-11-17,15.26,-35.496164,2.668909,13976003182.12,13949371048.62,915858662,914113437,False
2021-11-18,14.99,-34.86812,2.621688,13728721343.38,13702560420.63,915858662,914113437,False
2021-11-19,15.5,-36.054427,2.710884,14195809261.0,14168758273.5,915858662,914113437,False
2021-11-22,15.72,-36.566167,2.749361,14397298166.64,14369863229.64,915858662,914113437,False
2021-11-23,16.14,-37.543125,2.822818,14781958804.68,14753790873.18,915858662,914113437,False
2021-11-24,16.46,-38.287475,2.878784,15075033576.52,15046307173.02,915858662,914113437,False
2021-11-25,15.81,-36.775515,2.765102,14479725446.22,14452133438.97,915858662,914113437,False
2021-11-26,16.87,-39.241173,2.950492,15450535627.94,15421093682.19,915858662,914113437,False
2021-11-29,16.0,-37.217473,2.798332,14653738592.0,14625814992.0,915858662,914113437,False
2021-11-30,15.34,-35.682252,2.682901,14049271875.08,14022500123.58,915858662,914113437,False
2021-12-01,15.62,-36.333558,2.731872,14305712300.44,14278451885.94,915858662,914113437,False
2021-12-02,15.35,-35.705513,2.68465,14058430461.7,14031641257.95,915858662,914113437,False
2021-12-03,15.37,-35.752035,2.688148,14076747634.94,14049923526.69,915858662,914113437,False
2021-12-06,14.47,-33.658552,2.530742,13252474839.14,13227221433.39,915858662,914113437,False
2021-12-07,14.44,-33.588769,2.525495,13224999079.28,13199798030.28,915858662,914113437,False
2021-12-08,14.79,-34.402901,2.586708,13545549610.98,13519737733.23,915858662,914113437,False
2021-12-09,14.62,-34.007466,2.556976,13389853638.44,13364338448.94,915858662,914113437,False
2021-12-10,14.71,-34.216814,2.572717,13472280918.02,13446608658.27,915858662,914113437,False
2021-12-13,14.95,-34.775076,2.614692,13692086996.9,13665995883.15,915858662,914113437,False
2021-12-14,14.82,-34.472684,2.591955,13573025370.84,13547161136.34,915858662,914113437,False
2021-12-15,14.7,-34.193553,2.570968,13463122331.4,13437467523.9,915858662,914113437,False
2021-12-16,14.93,-34.728554,2.611194,13673769823.66,13647713614.41,915858662,914113437,False
2021-12-17,14.88,-34.61225,2.602449,13627976890.56,13602007942.56,915858662,914113437,False
2021-12-20,14.35,-33.379421,2.509754,13142571799.7,13117527820.95,915858662,914113437,False
2021-12-21,14.37,-33.425943,2.513252,13160888972.94,13135810089.69,915858662,914113437,False
2021-12-22,15.07,-35.054207,2.635679,13801990036.34,13775689495.59,915858662,914113437,False
2021-12-23,14.98,-34.844859,2.619939,13719562756.76,13693419286.26,915858662,914113437,False
2021-12-24,14.54,-33.821378,2.542984,13316584945.48,13291209373.98,915858662,914113437,False
2021-12-27,14.5,-33.728335,2.535989,13279950599.0,13254644836.5,915858662,914113437,False
2021-12-28,14.66,-34.100509,2.563972,13426487984.92,13400902986.42,915858662,914113437,False
2021-12-29,14.39,-33.472464,2.51675,13179206146.18,13154092358.43,915858662,914113437,False
2021-12-30,14.8,-34.426162,2.588457,13554708197.6,13528878867.6,915858662,914113437,False
2021-12-31,15.24,-35.449643,2.665411,13957732521.36,13931897292.36,915861714,914166489,False
2022-01-04,15.38,-35.775296,2.689897,14085953161.32,14059880600.82,915861714,914166489,False
2022-01-05,15.48,-36.008025,2.707396,14177539332.72,14151297249.72,915861714,914166489,False
2022-01-06,15.03,-34.96128,2.628692,13765401561.42,13739922329.67,915861714,914166489,False
2022-01-07,15.02,-34.938019,2.626943,13756242944.28,13730780664.78,915861714,914166489,False
2022-01-10,14.85,-34.542582,2.597211,13600546452.9,13575372361.65,915861714,914166489,False
2022-01-11,14.24,-33.123661,2.490524,13041870807.36,13017730803.36,915861714,914166489,False
2022-01-12,14.2,-33.030617,2.483528,13005236338.8,12981164143.8,915861714,914166489,False
2022-01-13,13.82,-32.146699,2.417068,12657208887.48,12633780877.98,915861714,914166489,False
2022-01-14,13.9,-32.332787,2.431059,12730477824.6,12706914197.1,915861714,914166489,False
2022-01-17,14.08,-32.751485,2.462541,12895332933.12,12871464165.12,915861714,914166489,False
2022-01-18,13.68,-31.821045,2.392582,12528988247.52,12505797569.52,915861714,914166489,False
2022-01-19,14.01,-32.588658,2.450298,12831222613.14,12807472510.89,915861714,914166489,False
2022-01-20,13.34,-31.030171,2.333117,12217595264.76,12194980963.26,915861714,914166489,False
2022-01-21,13.12,-30.518429,2.29464,12016105687.68,11993864335.68,915861714,914166489,False
2022-01-24,13.16,-30.611473,2.301636,12052740156.24,12030430995.24,915861714,914166489,False
2022-01-25,12.43,-28.91342,2.173962,11384161105.02,11363089458.27,915861714,914166489,False
2022-01-26,12.42,-28.890159,2.172213,11375002487.88,11353947793.38,915861714,914166489,False
2022-01-27,11.95,-27.796892,2.090011,10944547482.3,10924289543.55,915861714,914166489,False
2022-01-28,12.1,-28.145807,2.116246,11081926739.4,11061414516.9,915861714,914166489,False
2022-02-07,12.44,-28.936681,2.175711,11393319722.16,11372231123.16,915861714,914166489,False
2022-02-08,12.61,-29.332118,2.205443,11549016213.54,11527639426.29,915861714,914166489,False
2022-02-09,12.74,-29.634511,2.228179,11668078236.36,11646481069.86,915861714,914166489,False
2022-02-10,12.7,-29.541467,2.221184,11631443767.8,11609914410.3,915861714,914166489,False
2022-02-11,12.45,-28.959942,2.17746,11402479795.95,11381374244.7,915861831,914166606,False
2022-02-14,12.64,-29.401905,2.21069,11576493543.84,11555065899.84,915861831,914166606,False
2022-02-15,12.55,-29.192556,2.194949,11494065979.05,11472790905.3,915861831,914166606,False
2022-02-16,12.62,-29.355383,2.207192,11558176307.22,11536782567.72,915861831,914166606,False
2022-02-17,12.38,-28.797119,2.165217,11338369467.78,11317382582.28,915861831,914166606,False
2022-02-18,12.48,-29.029729,2.182707,11429955650.88,11408799242.88,915861831,914166606,False
2022-02-21,12.59,-29.2856,2.201945,11530700452.29,11509357569.54,915861831,914166606,False
2022-02-22,12.01,-27.936462,2.100505,10999500590.31,10979140938.06,915861831,914166606,False
2022-02-23,12.27,-28.541248,2.145978,11237624666.37,11216824255.62,915861831,914166606,False
2022-02-24,11.7,-27.215371,2.046288,10715583422.7,10695749290.2,915861831,914166606,False
2022-02-25,11.81,-27.471242,2.065526,10816328224.11,10796307616.86,915861831,914166606,False
2022-02-28,11.88,-27.634069,2.077769,10880438552.28,10860299279.28,915861831,914166606,False
2022-03-01,12.1,-28.145811,2.116246,11081928155.1,11061415932.6,915861831,914166606,False
2022-03-02,12.21,-28.401682,2.135485,11182672956.51,11161974259.26,915861831,914166606,False
2022-03-03,12.15,-28.262116,2.124991,11127721246.65,11107124262.9,915861831,914166606,False
2022-03-04,12.17,-28.308638,2.128489,11146038483.27,11125407595.02,915861831,914166606,False
2022-03-07,11.98,-27.866679,2.095259,10972024735.38,10951715939.88,915861831,914166606,False
2022-03-08,11.61,-27.006022,2.030547,10633155857.91,10613474295.66,915861831,914166606,False
2022-03-09,11.31,-26.308192,1.978078,10358397308.61,10339224313.86,915861831,914166606,False
2022-03-10,11.45,-26.633846,2.002563,10486617964.95,10467207638.7,915861831,914166606,False
2022-03-11,11.9,-27.680591,2.081267,10898755788.9,10878582611.4,915861831,914166606,False
2022-03-14,11.33,-26.354714,1.981576,10376714545.23,10357507645.98,915861831,914166606,False
2022-03-15,10.49,-24.40079,1.834663,9607390607.19,9589607696.94,915861831,914166606,False
2022-03-16,10.74,-24.982315,1.878387,9836356064.94,9818149348.44,915861831,914166606,False
2022-03-17,11.21,-26.075582,1.960588,10266811125.51,10247807653.26,915861831,914166606,False
2022-03-18,11.18,-26.005799,1.955341,10239335270.58,10220382655.08,915861831,914166606,False
2022-03-21,11.18,-26.005799,1.955341,10239335270.58,10220382655.08,915861831,914166606,False
2022-03-22,11.21,-26.075582,1.960588,10266811125.51,10247807653.26,915861831,914166606,False
2022-03-23,11.23,-26.122104,1.964086,10285128362.13,10266090985.38,915861831,914166606,False
2022-03-24,10.93,-25.424274,1.911617,10010369812.83,9991841003.58,915861831,914166606,False
2022-03-25,11.06,-25.726667,1.934354,10129431850.86,10110682662.36,915861831,914166606,False
2022-03-28,11.0,-25.587101,1.92386,10074480141.0,10055832666.0,915861831,914166606,False
2022-03-29,10.78,-25.075359,1.885383,9872990538.18,9854716012.68,915861831,914166606,False
2022-03-30,11.01,-25.610362,1.925609,10083638759.31,10064974332.06,915861831,914166606,False
2022-03-31,11.03,-25.656884,1.929107,10101958985.06,10083260653.31,915862102,914166877,False
2022-04-01,11.27,-26.215148,1.971082,10321765889.54,10302660703.79,915862102,914166877,False
2022-04-06,11.46,-26.657115,2.004313,10495779688.92,10476352410.42,915862102,914166877,False
2022-04-07,11.15,-25.936024,1.950095,10211862437.3,10192960678.55,915862102,914166877,False
2022-04-08,10.86,-25.261454,1.899375,9946262427.72,9927852284.22,915862102,914166877,False
2022-04-11,10.35,-24.075143,1.810178,9479172755.7,9461627176.95,915862102,914166877,False
2022-04-12,11.39,-26.494288,1.99207,10431669341.78,10412360729.03,915862102,914166877,False
2022-04-13,11.12,-25.866241,1.944848,10184386574.24,10165535672.24,915862102,914166877,False
2022-04-14,10.71,-24.912539,1.873141,9808883112.42,9790727252.67,915862102,914166877,False
2022-04-15,10.58,-24.610146,1.850404,9689821039.16,9671885558.66,915862102,914166877,False
2022-04-18,10.35,-24.075143,1.810178,9479172755.7,9461627176.95,915862102,914166877,False
2022-04-19,10.29,-23.935577,1.799684,9424221029.58,9406777164.33,915862102,914166877,False
2022-04-20,10.25,-23.842533,1.792688,9387586545.5,9370210489.25,915862102,914166877,False
2022-04-21,9.84,-22.888832,1.720981,9012083083.68,8995402069.68,915862102,914166877,False
2022-04-22,9.58,-22.284045,1.675508,8773958937.16,8757718681.66,915862102,914166877,False
2022-04-25,8.62,-20.050989,1.507607,7894731319.24,7880118479.74,915862102,914166877,False
2022-04-26,8.58,-19.957945,1.500611,7858096835.16,7843551804.66,915862102,914166877,False
2022-04-27,8.74,-20.330121,1.528595,8004634771.48,7989818504.98,915862102,914166877,False
2022-04-28,8.51,-19.795118,1.488369,7793986488.02,7779560123.27,915862102,914166877,False
2022-04-29,9.11,-21.190778,1.593306,8343503749.22,8328060249.47,915862102,914166877,False
2022-05-05,9.01,136.743005,1.679116,8251917539.02,8236643561.77,915862102,914166877,False
2022-05-06,8.88,134.77002,1.654889,8132855465.76,8117801867.76,915862102,914166877,False
2022-05-09,8.95,135.832397,1.667934,8196965812.9,8181793549.15,915862102,914166877,False
2022-05-10,9.05,137.350077,1.68657,8288552023.1,8273210236.85,915862102,914166877,False
2022-05-11,9.04,137.198309,1.684707,8279393402.08,8264068568.08,915862102,914166877,False
2022-05-12,9.12,138.412453,1.699616,8352662370.24,8337201918.24,915862102,914166877,False
2022-05-13,9.07,137.653613,1.690298,8306869265.14,8291493574.39,915862102,914166877,False
2022-05-16,9.07,137.653613,1.690298,8306869265.14,8291493574.39,915862102,914166877,False
2022-05-17,9.0,136.591237,1.677252,8242758918.0,8227501893.0,915862102,914166877,False
2022-05-18,8.95,135.832397,1.667934,8196965812.9,8181793549.15,915862102,914166877,False
2022-05-19,9.1,138.108917,1.695889,8334345128.2,8318918580.7,915862102,914166877,False
2022-05-20,9.24,140.23367,1.721979,8462565822.48,8446901943.48,915862102,914166877,False
2022-05-23,9.29,140.99251,1.731297,8508358927.58,8492610287.33,915862102,914166877,False
2022-05-24,8.84,134.162948,1.647435,8096220981.68,8081235192.68,915862102,914166877,False
2022-05-25,9.0,136.591237,1.677252,8242758918.0,8227501893.0,915862102,914166877,False
2022-05-26,9.08,137.805381,1.692161,8316027886.16,8300635243.16,915862102,914166877,False
2022-05-27,9.07,137.653613,1.690298,8306869265.14,8291493574.39,915862102,914166877,False
2022-05-30,9.04,137.198309,1.684707,8279393402.08,8264068568.08,915862102,914166877,False
2022-05-31,9.21,139.778366,1.716388,8435089959.42,8419476937.17,915862102,914166877,False
2022-06-01,9.19,139.47483,1.712661,8416772717.38,8401193599.63,915862102,914166877,False
2022-06-02,9.29,140.99251,1.731297,8508358927.58,8492610287.33,915862102,914166877,False
2022-06-06,9.45,143.420799,1.761115,8654896863.9,8638876987.65,915862102,914166877,False
2022-06-07,9.33,141.599582,1.738752,8544993411.66,8529176962.41,915862102,914166877,False
2022-06-08,9.31,141.296046,1.735024,8526676169.62,8510893624.87,915862102,914166877,False
2022-06-09,9.14,138.715989,1.703343,8370979612.28,8355485255.78,915862102,914166877,False
2022-06-10,9.23,140.081902,1.720115,8453407201.46,8437760274.71,915862102,914166877,False
2022-06-13,9.1,138.108917,1.695889,8334345128.2,8318918580.7,915862102,914166877,False
2022-06-14,9.16,139.019526,1.70707,8389296854.32,8373768593.32,915862102,914166877,False
2022-06-15,9.2,139.626598,1.714525,8425931338.4,8410335268.4,915862102,914166877,False
2022-06-16,9.48,143.876103,1.766706,8682372726.96,8666301993.96,915862102,914166877,False
2022-06-17,9.21,139.778366,1.716388,8435089959.42,8419476937.17,915862102,914166877,False
2022-06-20,9.18,139.323062,1.710797,8407614096.36,8392051930.86,915862102,914166877,False
2022-06-21,10.1,153.285721,1.88225,9250207230.2,9233085457.7,915862102,914166877,False
2022-06-22,10.08,152.982185,1.878523,9231889988.16,9214802120.16,915862102,914166877,False
2022-06-23,9.94,150.857433,1.852432,9103669293.88,9086818757.38,915862102,914166877,False
2022-06-24,9.96,151.160969,1.856159,9121986535.92,9105102094.92,915862102,914166877,False
2022-06-27,9.8,148.73268,1.826341,8975448599.6,8958835394.6,915862102,914166877,False
2022-06-28,10.01,151.919809,1.865477,9167779641.02,9150810438.77,915862102,914166877,False
2022-06-29,9.75,147.97384,1.817023,8929655494.5,8913127050.75,915862102,914166877,False
2022-06-30,9.77,148.277376,1.820751,8948056719.46,8931494371.21,915870698,914175473,False
2022-07-01,9.89,150.098593,1.843114,9057961203.22,9041195427.97,915870698,914175473,False
2022-07-04,9.8,148.734076,1.826359,8975532840.4,8958919635.4,915870698,914175473,False
2022-07-05,9.65,146.457534,1.798404,8838152235.7,8821793314.45,915870698,914175473,False
2022-07-06,9.49,144.029223,1.768586,8691612924.02,8675525238.77,915870698,914175473,False
2022-07-07,9.46,143.573914,1.762995,8664136803.08,8648099974.58,915870698,914175473,False
2022-07-08,9.52,144.484531,1.774177,8719089044.96,8702950502.96,915870698,914175473,False
2022-07-11,9.21,139.779678,1.716404,8435169128.58,8419556106.33,915870698,914175473,False
2022-07-12,9.0,136.592519,1.677268,8242836282.0,8227579257.0,915870698,914175473,False
2022-07-13,9.32,141.449142,1.736904,8535914905.36,8520115408.36,915870698,914175473,False
2022-07-14,9.07,137.654905,1.690314,8306947230.86,8291571540.11,915870698,914175473,False
2022-07-15,8.86,134.467746,1.651177,8114614384.28,8099594690.78,915870698,914175473,False
2022-07-18,9.02,136.896058,1.680995,8261153695.96,8245862766.46,915870698,914175473,False
2022-07-19,9.19,139.476139,1.712677,8416851714.62,8401272596.87,915870698,914175473,False
2022-07-20,9.28,140.842064,1.72945,8499280077.44,8483548389.44,915870698,914175473,False
2022-07-21,9.52,144.484531,1.774177,8719089044.96,8702950502.96,915870698,914175473,False
2022-07-22,9.31,141.297372,1.735041,8526756198.38,8510973653.63,915870698,914175473,False
2022-07-25,9.11,138.261983,1.697768,8343582058.78,8328138559.03,915870698,914175473,False
2022-07-26,9.2,139.627908,1.714541,8426010421.6,8410414351.6,915870698,914175473,False
2022-07-27,9.19,139.476139,1.712677,8416851714.62,8401272596.87,915870698,914175473,False
2022-07-28,9.19,139.476139,1.712677,8416851714.62,8401272596.87,915870698,914175473,False
2022-07-29,9.05,137.351366,1.686586,8288629816.9,8273288030.65,915870698,914175473,False
2022-08-01,9.17,139.1726,1.70895,8398534300.66,8382989087.41,915870698,914175473,False
2022-08-02,8.79,133.40536,1.638132,8050503435.42,8035602407.67,915870698,914175473,False
2022-08-03,8.69,131.887665,1.619496,7958916365.62,7944184860.37,915870698,914175473,False
2022-08-04,8.79,133.40536,1.638132,8050503435.42,8035602407.67,915870698,914175473,False
2022-08-05,9.12,138.413752,1.699632,8352740765.76,8337280313.76,915870698,914175473,False
2022-08-08,9.07,137.654905,1.690314,8306947230.86,8291571540.11,915870698,914175473,False
2022-08-09,9.03,137.047827,1.682859,8270312402.94,8255004521.19,915870698,914175473,False
2022-08-10,8.91,135.226594,1.660495,8160407919.18,8145303464.43,915870698,914175473,False
2022-08-11,9.15,138.869061,1.705223,8380216886.7,8364705577.95,915870698,914175473,False
2022-08-12,9.24,140.234986,1.721995,8462645249.52,8446981370.52,915870698,914175473,False
2022-08-15,9.11,138.261983,1.697768,8343582058.78,8328138559.03,915870698,914175473,False
2022-08-16,9.03,137.047827,1.682859,8270312402.94,8255004521.19,915870698,914175473,False
2022-08-17,9.19,139.476139,1.712677,8416851714.62,8401272596.87,915870698,914175473,False
2022-08-18,9.05,137.351366,1.686586,8288629816.9,8273288030.65,915870698,914175473,False
2022-08-19,9.2,139.627908,1.714541,8426010421.6,8410414351.6,915870698,914175473,False
2022-08-22,9.21,139.779678,1.716404,8435169128.58,8419556106.33,915870698,914175473,False
2022-08-23,9.1,138.110214,1.695904,8334423351.8,8318996804.3,915870698,914175473,False
2022-08-24,8.9,135.074824,1.658632,8151249212.2,8136161709.7,915870698,914175473,False
2022-08-25,8.88,134.771285,1.654905,8132931798.24,8117878200.24,915870698,914175473,False
2022-08-26,8.83,134.012438,1.645586,8087138263.34,8072169426.59,915870698,914175473,False
2022-08-29,8.72,-331.647498,1.587042,7986392486.56,7971610124.56,915870698,914175473,False
2022-08-30,8.85,-336.591784,1.610702,8105455677.3,8090452936.05,915870698,914175473,False
2022-08-31,8.82,-335.450795,1.605242,8077979556.36,8063027671.86,915870698,914175473,False
2022-09-01,8.94,-340.014751,1.627082,8187884040.12,8172728728.62,915870698,914175473,False
2022-09-02,9.18,-349.142664,1.670762,8407693007.64,8392130842.14,915870698,914175473,False
2022-09-05,9.03,-343.437718,1.643462,8270312402.94,8255004521.19,915870698,914175473,False
2022-09-06,8.97,-341.15574,1.632542,8215360161.06,8200153992.81,915870698,914175473,False
2022-09-07,8.79,-334.309806,1.599782,8050503435.42,8035602407.67,915870698,914175473,False
2022-09-08,8.74,-332.408157,1.590682,8004709900.52,7989893634.02,915870698,914175473,False
2022-09-09,8.8,-334.690135,1.601602,8059662142.4,8044744162.4,915870698,914175473,False
2022-09-13,8.77,-333.549146,1.596142,8032186021.46,8017318898.21,915870698,914175473,False
2022-09-14,8.72,-331.647498,1.587042,7986392486.56,7971610124.56,915870698,914175473,False
2022-09-15,8.55,-325.181893,1.556102,7830694467.9,7816200294.15,915870698,914175473,False
2022-09-16,8.12,-308.827716,1.477842,7436870067.76,7423104840.76,915870698,914175473,False
2022-09-19,8.15,-309.968705,1.483302,7464346188.7,7450530104.95,915870698,914175473,False
2022-09-20,8.12,-308.827716,1.477842,7436870067.76,7423104840.76,915870698,914175473,False
2022-09-21,8.13,-309.208046,1.479662,7446028774.74,7432246595.49,915870698,914175473,False
2022-09-22,8.08,-307.306397,1.470562,7400235239.84,7386537821.84,915870698,914175473,False
2022-09-23,7.96,-302.742441,1.448722,7290330756.08,7276836765.08,915870698,914175473,False
2022-09-26,7.78,-295.896506,1.415962,7125474030.44,7112285179.94,915870698,914175473,False
2022-09-27,7.98,-303.5031,1.452362,7308648170.04,7295120274.54,915870698,914175473,False
2022-09-28,7.79,-296.276836,1.417782,7134632737.42,7121426934.67,915870698,914175473,False
2022-09-29,7.6,-289.050571,1.383202,6960617304.8,6947733594.8,915870698,914175473,False
2022-09-30,7.48,-284.486615,1.361362,6850713254.88,6838032971.88,915870756,914175531,False
2022-10-10,7.29,-277.260351,1.326782,6676697811.24,6664339620.99,915870756,914175531,False
2022-10-11,7.42,-282.204655,1.350442,6795761009.52,6783182440.02,915870756,914175531,False
2022-10-12,7.58,-288.28993,1.379562,6942300330.48,6929450524.98,915870756,914175531,False
2022-10-13,7.61,-289.43092,1.385022,6969776453.16,6956875790.91,915870756,914175531,False
2022-10-14,7.8,-296.657184,1.419602,7143791896.8,7130569141.8,915870756,914175531,False
2022-10-17,7.86,-298.939163,1.430522,7198744142.16,7185419673.66,915870756,914175531,False
2022-10-18,7.85,-298.558833,1.428702,7189585434.6,7176277918.35,915870756,914175531,False
2022-10-19,7.82,-297.417844,1.423242,7162109311.92,7148852652.42,915870756,914175531,False
2022-10-20,7.87,-299.319492,1.432342,7207902849.72,7194561428.97,915870756,914175531,False
2022-10-21,7.81,-297.037514,1.421422,7152950604.36,7139710897.11,915870756,914175531,False
2022-10-24,7.65,-290.952238,1.392302,7006411283.4,6993442812.15,915870756,914175531,False
2022-10-25,7.56,-287.529271,1.375922,6923982915.36,6911167014.36,915870756,914175531,False
2022-10-26,7.76,-295.135865,1.412322,7107157066.56,7094002120.56,915870756,914175531,False
2022-10-27,7.89,-300.080152,1.435982,7226220264.84,7212844939.59,915870756,914175531,False
2022-10-28,7.54,-61.471643,1.362223,6905665500.24,6892883503.74,915870756,914175531,False
2022-10-31,7.76,-63.265245,1.401969,7107157066.56,7094002120.56,915870756,914175531,False
2022-11-01,7.92,-64.569683,1.430876,7253696387.52,7240270205.52,915870756,914175531,False
2022-11-02,8.04,-65.548011,1.452556,7363600878.24,7349971269.24,915870756,914175531,False
2022-11-03,7.9,-64.406628,1.427262,7235378972.4,7221986694.9,915870756,914175531,False
2022-11-04,8.04,-65.548011,1.452556,7363600878.24,7349971269.24,915870756,914175531,False
2022-11-07,8.11,-66.118703,1.465202,7427711831.16,7413963556.41,915870756,914175531,False
2022-11-08,8.14,-66.363285,1.470622,7455187953.84,7441388822.34,915870756,914175531,False
2022-11-09,8.15,-66.444813,1.472429,7464346661.4,7450530577.65,915870756,914175531,False
2022-11-10,8.25,-67.260086,1.490495,7555933737.0,7541948130.75,915870756,914175531,False
2022-11-11,8.23,-67.097032,1.486882,7537616321.88,7523664620.13,915870756,914175531,False
2022-11-14,8.28,-67.504668,1.495915,7583409859.68,7569373396.68,915870756,914175531,False
2022-11-15,8.29,-67.586196,1.497722,7592568567.24,7578515151.99,915870756,914175531,False
2022-11-16,8.36,-68.156887,1.510369,7656679520.16,7642507439.16,915870756,914175531,False
2022-11-17,9.04,-73.700749,1.633222,8279471634.24,8264146800.24,915870756,914175531,False
2022-11-18,8.91,-72.640893,1.609735,8160408435.96,8145303981.21,915870756,914175531,False
2022-11-21,8.6,-70.113545,1.553729,7876488501.6,7861909566.6,915870756,914175531,False
2022-11-22,8.48,-69.135216,1.532049,7766584010.88,7752208502.88,915870756,914175531,False
2022-11-23,8.34,-67.993833,1.506755,7638362105.04,7624223928.54,915870756,914175531,False
2022-11-24,8.26,-67.341614,1.492302,7565092444.56,7551089886.06,915870756,914175531,False
2022-11-25,8.27,-67.423141,1.494109,7574251152.12,7560231641.37,915870756,914175531,False
2022-11-28,8.2,-66.852449,1.481462,7510140199.2,7496239354.2,915870756,914175531,False
2022-11-29,8.53,-69.542853,1.541082,7812377548.68,7797917279.43,915870756,914175531,False
2022-11-30,8.8,-71.744092,1.589862,8059662652.8,8044744672.8,915870756,914175531,False
2022-12-01,8.85,-72.151729,1.598895,8105456190.6,8090453449.35,915870756,914175531,False
2022-12-02,8.84,-72.070202,1.597088,8096297483.04,8081311694.04,915870756,914175531,False
2022-12-05,8.86,-72.233256,1.600702,8114614898.16,8099595204.66,915870756,914175531,False
2022-12-06,8.79,-71.662565,1.588055,8050503945.24,8035602917.49,915870756,914175531,False
2022-12-07,8.9,-72.559366,1.607928,8151249728.4,8136162225.9,915870756,914175531,False
2022-12-08,9.2,-75.005187,1.662128,8426010955.2,8410414885.2,915870756,914175531,False
2022-12-09,9.58,-78.103227,1.730781,8774041842.48,8757801586.98,915870756,914175531,False
2022-12-12,8.99,-73.293112,1.624188,8233678096.44,8218438023.69,915870756,914175531,False
2022-12-13,9.05,-73.782276,1.635028,8288630341.8,8273288555.55,915870756,914175531,False
2022-12-14,8.77,-71.49951,1.584442,8032186530.12,8017319406.87,915870756,914175531,False
2022-12-15,8.64,-70.439654,1.560955,7913123331.84,7898476587.84,915870756,914175531,False
2022-12-16,8.57,-69.868962,1.548309,7849012378.92,7834484300.67,915870756,914175531,False
2022-12-19,8.35,-68.07536,1.508562,7647520812.6,7633365683.85,915870756,914175531,False
2022-12-20,8.34,-67.993833,1.506755,7638362105.04,7624223928.54,915870756,914175531,False
2022-12-21,8.25,-67.260086,1.490495,7555933737.0,7541948130.75,915870756,914175531,False
2022-12-22,8.79,-71.662565,1.588055,8050503945.24,8035602917.49,915870756,914175531,False
2022-12-23,9.05,-73.782276,1.635028,8288630341.8,8273288555.55,915870756,914175531,False
2022-12-26,8.78,-71.581037,1.586248,8041345237.68,8026461162.18,915870756,914175531,False
2022-12-27,8.65,-70.521181,1.562762,7922282039.4,7907618343.15,915870756,914175531,False
2022-12-28,8.58,-69.95049,1.550115,7858171086.48,7843626055.98,915870756,914175531,False
2022-12-29,8.42,-68.646052,1.521209,7711631765.52,7697357971.02,915870756,914175531,False
2022-12-30,9.26,-75.494351,1.672968,8480966997.16,8465269213.66,915871166,914175941,False
2023-01-03,9.44,-76.961844,1.705488,8645823807.04,8629820883.04,915871166,914175941,False
2023-01-04,10.16,-82.831852,1.835569,9305251046.56,9288027560.56,915871166,914175941,False
2023-01-05,10.12,-82.505743,1.828342,9268616199.92,9251460522.92,915871166,914175941,False
2023-01-06,10.32,-84.136291,1.864475,9451790433.12,9434295711.12,915871166,914175941,False
2023-01-09,11.05,-90.087792,1.996361,10120376384.3,10101644148.05,915871166,914175941,False
2023-01-10,11.69,-95.305547,2.111988,10706533930.54,10686716750.29,915871166,914175941,False
2023-01-11,11.36,-92.615142,2.052368,10404296445.76,10385038689.76,915871166,914175941,False
2023-01-12,11.58,-94.408745,2.092115,10605788102.28,10586157396.78,915871166,914175941,False
2023-01-13,11.36,-92.615142,2.052368,10404296445.76,10385038689.76,915871166,914175941,False
2023-01-16,11.3,-92.125978,2.041528,10349344175.8,10330188133.3,915871166,914175941,False
2023-01-17,11.31,-92.207505,2.043335,10358502887.46,10339329892.71,915871166,914175941,False
2023-01-18,11.27,-91.881395,2.036108,10321868040.82,10302762855.07,915871166,914175941,False
2023-01-19,11.09,-90.413902,2.003588,10157011230.94,10138211185.69,915871166,914175941,False
2023-01-20,10.95,-89.272518,1.978295,10028789267.7,10010226553.95,915871166,914175941,False
2023-01-30,10.44,-85.11462,1.886155,9561694973.04,9543996824.04,915871166,914175941,False
2023-01-31,10.89,-88.783354,1.967455,9973836997.74,9955375997.49,915871166,914175941,False
2023-02-01,11.53,-94.001108,2.083081,10559994543.98,10540448599.73,915871166,914175941,False
2023-02-02,11.62,-94.734855,2.099341,10642422948.92,10622724434.42,915871166,914175941,False
2023-02-03,12.15,-99.055808,2.195094,11127834666.9,11107237683.15,915871166,914175941,False
2023-02-06,11.81,-96.283876,2.133668,10816438470.46,10796417863.21,915871166,914175941,False
2023-02-07,12.0,-97.832897,2.167994,10990453992.0,10970111292.0,915871166,914175941,False
2023-02-08,11.63,-94.816382,2.101148,10651581660.58,10631866193.83,915871166,914175941,False
2023-02-09,11.8,-96.202348,2.131861,10807279758.8,10787276103.8,915871166,914175941,False
2023-02-10,11.88,-96.854568,2.146314,10880549452.08,10860410179.08,915871166,914175941,False
2023-02-13,12.63,-102.969124,2.281814,11567452826.58,11546042134.83,915871166,914175941,False
2023-02-14,12.57,-102.479959,2.270974,11512500556.62,11491191578.37,915871166,914175941,False
2023-02-15,12.53,-102.15385,2.263747,11475865709.98,11454624540.73,915871166,914175941,False
2023-02-16,12.12,-98.811226,2.189674,11100358531.92,11079812404.92,915871166,914175941,False
2023-02-17,11.74,-95.713184,2.121021,10752327488.84,10732425547.34,915871166,914175941,False
2023-02-20,11.97,-97.588314,2.162574,10962977857.02,10942686013.77,915871166,914175941,False
2023-02-21,11.29,-92.04445,2.039721,10340185464.14,10321046373.89,915871166,914175941,False
2023-02-22,11.55,-94.164163,2.086695,10578311967.3,10558732118.55,915871166,914175941,False
2023-02-23,11.36,-92.615142,2.052368,10404296445.76,10385038689.76,915871166,914175941,False
2023-02-24,11.42,-93.104307,2.063208,10459248715.72,10439889246.22,915871166,914175941,False
2023-02-27,11.35,-92.533615,2.050561,10395137734.1,10375896930.35,915871166,914175941,False
2023-02-28,11.33,-92.37056,2.046948,10376820310.78,10357613411.53,915871166,914175941,False
2023-03-01,11.7,-95.387074,2.113795,10715692642.2,10695858509.7,915871166,914175941,False
2023-03-02,12.22,-99.6265,2.207741,11191945648.52,11171229999.02,915871166,914175941,False
2023-03-03,11.7,-95.387074,2.113795,10715692642.2,10695858509.7,915871166,914175941,False
2023-03-06,11.8,-96.202348,2.131861,10807279758.8,10787276103.8,915871166,914175941,False
2023-03-07,11.31,-92.207505,2.043335,10358502887.46,10339329892.71,915871166,914175941,False
2023-03-08,11.39,-92.859724,2.057788,10431772580.74,10412463967.99,915871166,914175941,False
2023-03-09,11.14,-90.821539,2.012621,10202804789.24,10183919982.74,915871166,914175941,False
2023-03-10,10.99,-89.598628,1.985521,10065424114.34,10046793591.59,915871166,914175941,False
2023-03-13,11.13,-90.740012,2.010815,10193646077.58,10174778223.33,915871166,914175941,False
2023-03-14,11.1,-90.495429,2.005395,10166169942.6,10147352945.1,915871166,914175941,False
2023-03-15,10.94,-89.190991,1.976488,10019630556.04,10001084794.54,915871166,914175941,False
2023-03-16,10.93,-89.109463,1.974682,10010471844.38,9991943035.13,915871166,914175941,False
2023-03-17,11.4,-92.941252,2.059595,10440931292.4,10421605727.4,915871166,914175941,False
2023-03-20,12.11,-98.729698,2.187868,11091199820.26,11070670645.51,915871166,914175941,False
2023-03-21,12.58,-102.561487,2.272781,11521659268.28,11500333337.78,915871166,914175941,False
2023-03-22,12.9,-105.170364,2.330594,11814738041.4,11792869638.9,915871166,914175941,False
2023-03-23,12.91,-105.251891,2.332401,11823896753.06,11802011398.31,915871166,914175941,False
2023-03-24,13.19,-107.534659,2.382987,12080340679.54,12057980661.79,915871166,914175941,False
2023-03-27,12.5,-101.909267,2.258327,11448389575.0,11427199262.5,915871166,914175941,False
2023-03-28,12.44,-101.420103,2.247487,11393437305.04,11372348706.04,915871166,914175941,False
2023-03-29,12.34,-100.604829,2.229421,11301850188.44,11280931111.94,915871166,914175941,False
2023-03-30,12.14,-98.97428,2.193288,11118675955.24,11098095923.74,915871166,914175941,False
2023-03-31,13.05,-106.393275,2.357694,11952121756.95,11925210699.45,915871399,913809249,False
2023-04-03,13.83,-112.752413,2.498613,12666501448.17,12637981913.67,915871399,913809249,False
2023-04-04,13.58,-110.714256,2.453448,12437533598.42,12409529601.42,915871399,913809249,False
2023-04-06,12.96,-105.659555,2.341435,11869693331.04,11842967867.04,915871399,913809249,False
2023-04-07,13.35,-108.839125,2.411894,12226883176.65,12199353474.15,915871399,913809249,False
2023-04-10,13.68,-111.529531,2.471514,12529120738.32,12500910526.32,915871399,913809249,False
2023-04-11,14.1,-114.953683,2.547394,12913786725.9,12884710410.9,915871399,913809249,False
2023-04-12,15.51,-126.449051,2.802133,14205165398.49,14173181451.99,915871399,913809249,False
2023-04-13,15.9,-129.628621,2.872593,14562355244.1,14529567059.1,915871399,913809249,False
2023-04-14,16.46,-134.194157,2.973766,15075243227.54,15041300238.54,915871399,913809249,False
2023-04-17,15.59,-127.10127,2.816587,14278435110.41,14246286191.91,915871399,913809249,False
2023-04-18,15.35,-125.144612,2.773227,14058625974.65,14026971972.15,915871399,913809249,False
2023-04-19,15.73,-128.242655,2.84188,14406657106.27,14374219486.77,915871399,913809249,False
2023-04-20,16.68,-135.987761,3.013513,15276734935.32,15242338273.32,915871399,913809249,False
2023-04-21,17.65,-143.895922,3.188759,16165130192.35,16128733244.85,915871399,913809249,False
2023-04-24,19.42,-158.326278,3.508538,17786222568.58,17746175615.58,915871399,913809249,False
2023-04-25,19.7,-160.609046,3.559125,18042666560.3,18002042205.3,915871399,913809249,False
2023-04-26,20.6,-167.946515,3.721725,18866950819.4,18824470529.4,915871399,913809249,False
2023-04-27,20.68,-168.598735,3.736178,18940220531.32,18897575269.32,915871399,913809249,False
2023-04-28,21.93,-178.789664,3.962011,20085059780.07,20039836830.57,915871399,913809249,False
2023-05-04,24.12,-32.877337,5.011739,22090818143.88,22041079085.88,915871399,913809249,False
2023-05-05,25.01,-34.090473,5.196667,22905943688.99,22854369317.49,915871399,913809249,False
2023-05-08,23.25,-31.691463,4.830968,21294010026.75,21246065039.25,915871399,913809249,False
2023-05-09,21.55,-29.374238,4.477736,19737028648.45,19692589315.95,915871399,913809249,False
2023-05-10,20.86,-28.433717,4.334365,19105077383.14,19062060934.14,915871399,913809249,False
2023-05-11,21.39,-29.156146,4.44449,19590489224.61,19546379836.11,915871399,913809249,False
2023-05-12,20.76,-28.29741,4.313587,19013490243.24,18970680009.24,915871399,913809249,False
2023-05-15,19.89,-27.111536,4.132815,18216682126.11,18175665962.61,915871399,913809249,False
2023-05-16,18.36,-25.026033,3.814906,16815398885.64,16777537811.64,915871399,913809249,False
2023-05-17,18.37,-25.039664,3.816984,16824557599.63,16786675904.13,915871399,913809249,False
2023-05-18,19.95,-27.19332,4.145282,18271634410.05,18230494517.55,915871399,913809249,False
2023-05-19,19.39,-26.429999,4.028923,17758746426.61,17718761338.11,915871399,913809249,False
2023-05-22,18.15,-24.739788,3.771272,16623065891.85,16585637869.35,915871399,913809249,False
2023-05-23,17.65,-24.058251,3.66738,16165130192.35,16128733244.85,915871399,913809249,False
2023-05-24,17.97,-24.494434,3.733871,16458209040.03,16421152204.53,915871399,913809249,False
2023-05-25,17.98,-24.508065,3.735948,16467367754.02,16430290297.02,915871399,913809249,False
2023-05-26,19.17,-26.130123,3.983211,17557254718.83,17517723303.33,915871399,913809249,False
2023-05-29,17.42,-23.744744,3.61959,15954479770.58,15918557117.58,915871399,913809249,False
2023-05-30,18.74,-25.544001,3.893864,17163430017.26,17124785326.26,915871399,913809249,False
2023-05-31,18.51,-25.230494,3.846074,16952779595.49,16914609198.99,915871399,913809249,False
2023-06-01,19.21,-26.184646,3.991522,17593889574.79,17554275673.29,915871399,913809249,False
2023-06-02,21.13,-28.801747,4.390467,19352362660.87,19308789431.37,915871399,913809249,False
2023-06-05,21.03,-28.66544,4.369688,19260775520.97,19217408506.47,915871399,913809249,False
2023-06-06,20.54,-27.997534,4.267874,18811998535.46,18769641974.46,915871399,913809249,False
2023-06-07,19.87,-27.084274,4.128659,18198364698.13,18157389777.63,915871399,913809249,False
2023-06-08,18.54,-25.271386,3.852307,16980255737.46,16942023476.46,915871399,913809249,False
2023-06-09,19.32,-26.334584,4.014378,17694635428.68,17654794690.68,915871399,913809249,False
2023-06-12,20.01,-27.275105,4.157749,18326586693.99,18285323072.49,915871399,913809249,False
2023-06-13,21.52,-29.333346,4.471502,19709552506.48,19665175038.48,915871399,913809249,False
2023-06-14,21.59,-29.428761,4.486047,19773663504.41,19729141685.91,915871399,913809249,False
2023-06-15,21.08,-28.733593,4.380077,19306569090.92,19263098968.92,915871399,913809249,False
2023-06-16,21.98,-29.96036,4.567083,20130853350.02,20085527293.02,915871399,913809249,False
2023-06-19,21.92,-29.878575,4.554616,20075901066.08,20030698738.08,915871399,913809249,False
2023-06-20,21.97,-29.946729,4.565005,20121694636.03,20076389200.53,915871399,913809249,False
2023-06-21,19.97,-27.220582,4.149438,18289951838.03,18248770702.53,915871399,913809249,False
2023-06-26,18.37,-25.039664,3.816984,16824557599.63,16786675904.13,915871399,913809249,False
2023-06-27,18.17,-24.767049,3.775427,16641383319.83,16603914054.33,915871399,913809249,False
2023-06-28,17.34,-23.635698,3.602967,15881210058.66,15845452377.66,915871399,913809249,False
2023-06-29,17.41,-23.731113,3.617512,15945321056.59,15909419025.09,915871399,913809249,False
2023-06-30,16.8,-22.899938,3.49081,15386841321.6,15352113621.6,915883412,913816287,False
2023-07-03,15.71,-21.413888,3.26428,14388528402.52,14356053868.77,915883412,913816287,False
2023-07-04,15.52,-21.155181,3.224843,14214510554.24,14182428774.24,915883412,913816287,False
2023-07-05,15.08,-20.555421,3.133417,13811521852.96,13780349607.96,915883412,913816287,False
2023-07-06,14.91,-20.323695,3.098094,13655821672.92,13625000839.17,915883412,913816287,False
2023-07-07,14.63,-19.94203,3.039913,13399374317.56,13369132278.81,915883412,913816287,False
2023-07-10,14.44,-19.683042,3.000434,13225356469.28,13195507184.28,915883412,913816287,False
2023-07-11,14.11,-19.233222,2.931864,12923114943.32,12893947809.57,915883412,913816287,False
2023-07-12,13.42,-18.292689,2.788492,12291155389.04,12263414571.54,915883412,913816287,False
2023-07-13,13.72,-18.701616,2.850828,12565920412.64,12537559457.64,915883412,913816287,False
2023-07-14,13.81,-18.824295,2.869529,12648349919.72,12619802923.47,915883412,913816287,False
2023-07-17,13.87,-18.90608,2.881996,12703302924.44,12674631900.69,915883412,913816287,False
2023-07-18,13.85,-18.878818,2.87784,12684985256.2,12656355574.95,915883412,913816287,False
2023-07-19,13.89,-18.933342,2.886152,12721620592.68,12692908226.43,915883412,913816287,False
2023-07-20,13.55,-18.469891,2.815504,12410220232.6,12382210688.85,915883412,913816287,False
2023-07-21,13.65,-18.6062,2.836283,12501808573.8,12473592317.55,915883412,913816287,False
2023-07-24,13.68,-18.647093,2.842516,12529285076.16,12501006806.16,915883412,913816287,False
2023-07-25,13.76,-18.75614,2.859139,12602555749.12,12574112109.12,915883412,913816287,False
2023-07-26,13.31,-18.142749,2.765635,12190408213.72,12162894779.97,915883412,913816287,False
2023-07-27,13.09,-17.842869,2.719922,11988913863.08,11961855196.83,915883412,913816287,False
2023-07-28,13.02,-17.747452,2.705377,11924802024.24,11897888056.74,915883412,913816287,False
2023-07-31,13.38,-18.238165,2.780181,12254520052.56,12226861920.06,915883412,913816287,False
2023-08-01,13.49,-18.388105,2.803037,12355267227.88,12327381711.63,915883412,913816287,False
2023-08-02,13.32,-18.15638,2.767713,12199567047.84,12172032942.84,915883412,913816287,False
2023-08-03,13.15,-17.924654,2.73239,12043866867.8,12016684174.05,915883412,913816287,False
2023-08-04,13.62,-18.565307,2.830049,12474332071.44,12446177828.94,915883412,913816287,False
2023-08-07,13.73,-18.715247,2.852906,12575079246.76,12546697620.51,915883412,913816287,False
2023-08-08,13.77,-18.769771,2.861217,12611714583.24,12583250271.99,915883412,913816287,False
2023-08-09,13.32,-18.15638,2.767713,12199567047.84,12172032942.84,915883412,913816287,False
2023-08-10,13.28,-18.101856,2.759402,12162931711.36,12135480291.36,915883412,913816287,False
2023-08-11,12.96,-17.665667,2.69291,11869849019.52,11843059079.52,915883412,913816287,False
2023-08-14,13.52,-18.428998,2.809271,12382743730.24,12354796200.24,915883412,913816287,False
2023-08-15,13.05,-17.788345,2.711611,11952278526.6,11925302545.35,915883412,913816287,False
2023-08-16,12.81,-17.461203,2.661742,11732466507.72,11705986636.47,915883412,913816287,False
2023-08-17,12.96,-17.665667,2.69291,11869849019.52,11843059079.52,915883412,913816287,False
2023-08-18,12.47,-16.997752,2.591095,11421066147.64,11395289098.89,915883412,913816287,False
2023-08-21,12.51,-17.052276,2.599406,11457701484.12,11431841750.37,915883412,913816287,False
2023-08-22,13.04,-17.774714,2.709533,11943119692.48,11916164382.48,915883412,913816287,False
2023-08-23,12.56,-17.12043,2.609796,11503495654.72,11477532564.72,915883412,913816287,False
2023-08-24,12.69,-17.297632,2.636808,11622560498.28,11596328682.03,915883412,913816287,False
2023-08-25,12.17,-16.588824,2.528759,11146301124.04,11121144212.79,915883412,913816287,False
2023-08-28,12.47,-16.997752,2.591095,11421066147.64,11395289098.89,915883412,913816287,False
2023-08-29,12.98,-17.692929,2.697066,11888166687.76,11861335405.26,915883412,913816287,False
2023-08-30,13.28,-18.101856,2.759402,12162942640.8,12135491220.8,915884235,913817110,False
2023-08-31,12.98,-15.68749,2.703667,11888177370.3,11861346087.8,915884235,913817110,False
2023-09-01,12.78,-15.445772,2.662008,11705000523.3,11678582665.8,915884235,913817110,False
2023-09-04,12.85,-15.530374,2.676589,11769112419.75,11742549863.5,915884235,913817110,False
2023-09-05,12.67,-15.312827,2.639096,11604253257.45,11578062783.7,915884235,913817110,False
2023-09-06,12.44,-15.034852,2.591188,11393599883.4,11367884848.4,915884235,913817110,False
2023-09-07,12.1,-14.623932,2.520368,11082199243.5,11057187031.0,915884235,913817110,False
2023-09-08,11.78,-14.237183,2.453713,10789116288.3,10764765555.8,915884235,913817110,False
2023-09-11,12.18,-14.720619,2.537031,11155469982.3,11130292399.8,915884235,913817110,False
2023-09-12,12.07,-14.587674,2.514119,11054722716.45,11029772517.7,915884235,913817110,False
2023-09-13,11.75,-14.200925,2.447465,10761639761.25,10737351042.5,915884235,913817110,False
2023-09-14,11.62,-14.043809,2.420386,10642574810.7,10618554818.2,915884235,913817110,False
2023-09-15,11.5,-13.898778,2.395391,10532668702.5,10508896765.0,915884235,913817110,False
2023-09-18,11.37,-13.741661,2.368312,10413603751.95,10390100540.7,915884235,913817110,False
2023-09-19,11.17,-13.499943,2.326654,10230426904.95,10207337118.7,915884235,913817110,False
2023-09-20,11.16,-13.487858,2.324571,10221268062.6,10198198947.6,915884235,913817110,False
2023-09-21,11.1,-13.415342,2.312073,10166315008.5,10143369921.0,915884235,913817110,False
2023-09-22,11.53,-13.935036,2.40164,10560145229.55,10536311278.3,915884235,913817110,False
2023-09-25,11.44,-13.826263,2.382893,10477715648.4,10454067738.4,915884235,913817110,False
2023-09-26,11.52,-13.92295,2.399557,10550986387.2,10527173107.2,915884235,913817110,False
2023-09-27,11.64,-14.06798,2.424552,10660892495.4,10636831160.4,915884235,913817110,False
2023-09-28,11.74,-14.188839,2.445382,10752480918.9,10732520570.9,915884235,914184035,False
2023-10-09,11.44,-13.826263,2.382893,10477715648.4,10458265360.4,915884235,914184035,False
2023-10-10,11.53,-13.935036,2.40164,10560145229.55,10540541923.55,915884235,914184035,False
2023-10-11,11.64,-14.06798,2.424552,10660892495.4,10641102167.4,915884235,914184035,False
2023-10-12,11.53,-13.935036,2.40164,10560145229.55,10540541923.55,915884235,914184035,False
2023-10-13,11.32,-13.681232,2.357898,10367809540.2,10348563276.2,915884235,914184035,False
2023-10-16,11.11,-13.427428,2.314156,10175473850.85,10156584628.85,915884235,914184035,False
2023-10-17,11.15,-13.475772,2.322488,10212109220.25,10193151990.25,915884235,914184035,False
2023-10-18,10.91,-13.18571,2.272497,9992297003.85,9973747821.85,915884235,914184035,False
2023-10-19,10.82,-13.076937,2.25375,9909867422.7,9891471258.7,915884235,914184035,False
2023-10-20,10.56,-12.762704,2.199594,9671737521.6,9653783409.6,915884235,914184035,False
2023-10-23,10.18,-12.30344,2.120442,9323701512.3,9306393476.3,915884235,914184035,False
2023-10-24,10.53,-12.726446,2.193345,9644260994.55,9626357888.55,915884235,914184035,False
2023-10-25,10.64,-12.859391,2.216257,9745008260.4,9726918132.4,915884235,914184035,False
2023-10-26,10.63,-12.847305,2.214174,9735849418.05,9717776292.05,915884235,914184035,False
2023-10-27,10.77,-13.016508,2.243336,9864073210.95,9845762056.95,915884235,914184035,False
2023-10-30,10.9,-13.173624,2.270414,9983138161.5,9964605981.5,915884235,914184035,False
2023-10-31,11.05,-14.490647,2.285565,10120520796.75,10101733586.75,915884235,914184035,False
2023-11-01,11.13,-14.595556,2.302112,10193791535.55,10174868309.55,915884235,914184035,False
2023-11-02,11.22,-14.71358,2.320727,10276221116.7,10257144872.7,915884235,914184035,False
2023-11-03,11.33,-14.857831,2.34348,10376968382.55,10357705116.55,915884235,914184035,False
2023-11-06,11.91,-15.618426,2.463446,10908181238.85,10887931856.85,915884235,914184035,False
2023-11-07,12.02,-15.762676,2.486198,11008928504.7,10988492100.7,915884235,914184035,False
2023-11-08,12.3,-16.12986,2.544113,11265376090.5,11244463630.5,915884235,914184035,False
2023-11-09,12.18,-15.972496,2.519292,11155469982.3,11134761546.3,915884235,914184035,False
2023-11-10,11.93,-15.644653,2.467583,10926498923.55,10906215537.55,915884235,914184035,False
2023-11-13,12.2,-15.998723,2.523429,11173787667.0,11153045227.0,915884235,914184035,False
2023-11-14,12.14,-15.920041,2.511019,11118834612.9,11098194184.9,915884235,914184035,False
2023-11-15,12.06,-15.815131,2.494472,11045563874.1,11025059462.1,915884235,914184035,False
2023-11-16,12.0,-15.736449,2.482061,10990610820.0,10970208420.0,915884235,914184035,False
2023-11-17,12.06,-15.815131,2.494472,11045563874.1,11025059462.1,915884235,914184035,False
2023-11-20,12.29,-16.116747,2.542045,11256217248.15,11235321790.15,915884235,914184035,False
2023-11-21,12.39,-16.247884,2.562728,11347805671.65,11326740193.65,915884235,914184035,False
2023-11-22,12.29,-16.116747,2.542045,11256217248.15,11235321790.15,915884235,914184035,False
2023-11-23,12.25,-16.064292,2.533771,11219581878.75,11198754428.75,915884235,914184035,False
2023-11-24,11.95,-15.67088,2.471719,10944816608.25,10924499218.25,915884235,914184035,False
2023-11-27,11.78,-15.447947,2.436557,10789116288.3,10769087932.3,915884235,914184035,False
2023-11-28,11.75,-15.408606,2.430352,10761639761.25,10741662411.25,915884235,914184035,False
2023-11-29,11.6,-15.211901,2.399326,10624257126.0,10604534806.0,915884235,914184035,False
2023-11-30,11.49,-15.06765,2.376574,10523509860.15,10503974562.15,915884235,914184035,False
2023-12-01,12.64,-16.575726,2.614438,11576776730.4,11555286202.4,915884235,914184035,False
2023-12-04,13.35,-17.506799,2.761293,12227054537.25,12204356867.25,915884235,914184035,False
2023-12-05,12.89,-16.903569,2.666148,11805747789.15,11783832211.15,915884235,914184035,False
2023-12-06,13.15,-17.244525,2.719926,12043877690.25,12021520060.25,915884235,914184035,False
2023-12-07,13.15,-17.244525,2.719926,12043877690.25,12021520060.25,915884235,914184035,False
2023-12-08,13.01,-17.060933,2.690968,11915653897.35,11893534295.35,915884235,914184035,False
2023-12-11,13.4,-17.572368,2.771635,12272848749.0,12250066069.0,915884235,914184035,False
2023-12-12,13.42,-17.598595,2.775772,12291166433.7,12268349749.7,915884235,914184035,False
2023-12-13,13.22,-17.336321,2.734404,12107989586.7,12085512942.7,915884235,914184035,False
2023-12-14,13.1,-17.178957,2.709584,11998083478.5,11975810858.5,915884235,914184035,False
2023-12-15,13.19,-17.29698,2.728199,12080513059.65,12058087421.65,915884235,914184035,False
2023-12-18,12.76,-16.733091,2.639259,11686682838.6,11664988286.6,915884235,914184035,False
2023-12-19,13.2,-17.310094,2.730268,12089671902.0,12067229262.0,915884235,914184035,False
2023-12-20,13.0,-17.04782,2.6889,11906495055.0,11884392455.0,915884235,914184035,False
2023-12-21,13.81,-18.11003,2.856439,12648361285.35,12624881523.35,915884235,914184035,False
2023-12-22,12.43,-16.300338,2.571002,11384441041.05,11363307555.05,915884235,914184035,False
2023-12-25,11.67,-15.303697,2.413805,10688369022.45,10668527688.45,915884235,914184035,False
2023-12-26,11.15,-14.621784,2.306249,10212109220.25,10193151990.25,915884235,914184035,False
2023-12-27,11.08,-14.529988,2.29177,10147997323.8,10129159107.8,915884235,914184035,False
2023-12-28,11.1,-14.556215,2.295907,10166315008.5,10147442788.5,915884235,914184035,False
2023-12-29,11.46,-15.028309,2.370369,10496053571.46,10476626292.96,915886001,914190776,False
2024-01-02,12.61,-16.536385,2.608233,11549322472.61,11527945685.36,915886001,914190776,False
2024-01-03,12.39,-16.247915,2.562733,11347827552.39,11326823714.64,915886001,914190776,False
2024-01-04,12.29,-16.116778,2.542049,11256238952.29,11235404637.04,915886001,914190776,False
2024-01-05,11.83,-15.513546,2.446904,10834931391.83,10814876880.08,915886001,914190776,False
2024-01-08,11.55,-15.146361,2.388989,10578483311.55,10558903462.8,915886001,914190776,False
2024-01-09,11.36,-14.8972,2.349689,10404464971.36,10385207215.36,915886001,914190776,False
2024-01-10,10.9,-14.293969,2.254543,9983157410.9,9964679458.4,915886001,914190776,False
2024-01-11,11.99,-15.723366,2.479998,10981473151.99,10961147404.24,915886001,914190776,False
2024-01-12,11.9,-15.605342,2.461382,10899043411.9,10878870234.4,915886001,914190776,False
2024-01-15,11.61,-15.225044,2.401399,10633436471.61,10613754909.36,915886001,914190776,False
2024-01-16,11.56,-15.159475,2.391057,10587642171.56,10568045370.56,915886001,914190776,False
2024-01-17,11.24,-14.739836,2.324869,10294558651.24,10275504322.24,915886001,914190776,False
2024-01-18,11.38,-14.923428,2.353826,10422782691.38,10403491030.88,915886001,914190776,False
2024-01-19,12.52,-16.418393,2.589622,11466892732.52,11445668515.52,915886001,914190776,False
2024-01-22,11.27,-14.779177,2.331074,10322035231.27,10302930045.52,915886001,914190776,False
2024-01-23,11.8,-15.474205,2.440698,10807454811.8,10787451156.8,915886001,914190776,False
2024-01-24,11.6,-15.21193,2.399331,10624277611.6,10604613001.6,915886001,914190776,False
2024-01-25,12.15,-15.933185,2.513092,11128014912.15,11107417928.4,915886001,914190776,False
2024-01-26,12.15,-15.933185,2.513092,11128014912.15,11107417928.4,915886001,914190776,False
2024-01-29,11.08,-14.530016,2.291774,10148016891.08,10129233798.08,915886001,914190776,False
2024-01-30,10.41,-13.651396,2.153192,9534373270.41,9516725978.16,915886001,914190776,False
2024-01-31,9.68,-12.694093,2.0022,8865776489.68,8849366711.68,915886001,914190776,False
2024-02-01,9.8,-12.851458,2.027021,8975682809.8,8959069604.8,915886001,914190776,False
2024-02-02,9.48,-12.431819,1.960832,8682599289.48,8666528556.48,915886001,914190776,False
2024-02-05,8.53,-11.186014,1.764335,7812507588.53,7798047319.28,915886001,914190776,False
2024-02-06,8.75,-11.474516,1.80984,8014002508.75,7999169290.0,915886001,914190776,False
2024-02-07,8.98,-11.776132,1.857413,8224656288.98,8209433168.48,915886001,914190776,False
2024-02-08,9.45,-12.392477,1.954627,8655122709.45,8639102833.2,915886001,914190776,False
2024-02-19,9.8,-12.851458,2.027021,8975682809.8,8959069604.8,915886001,914190776,False
2024-02-20,9.75,-12.785889,2.016679,8929888509.75,8913360066.0,915886001,914190776,False
2024-02-21,9.9,-12.982595,2.047705,9067271409.9,9050488682.4,915886001,914190776,False
2024-02-22,9.97,-13.074392,2.062183,9131383429.97,9114482036.72,915886001,914190776,False
2024-02-23,10.35,-13.572713,2.140782,9479420110.35,9461874531.6,915886001,914190776,False
2024-02-26,10.21,-13.389121,2.111825,9351196070.21,9333887822.96,915886001,914190776,False
2024-02-27,10.75,-14.097263,2.223518,9845774510.75,9827550842.0,915886001,914190776,False
2024-02-28,10.12,-13.271098,2.093209,9268766330.12,9251610653.12,915886001,914190776,False
2024-02-29,10.5,-13.769419,2.171808,9616803010.5,9599003148.0,915886001,914190776,False
2024-03-01,10.68,-14.005467,2.209039,9781662490.68,9763557487.68,915886001,914190776,False
2024-03-04,10.64,-13.953012,2.200765,9745027050.64,9726989856.64,915886001,914190776,False
2024-03-05,10.49,-13.756306,2.16974,9607644150.49,9589861240.24,915886001,914190776,False
2024-03-06,10.45,-13.703851,2.161466,9571008710.45,9553293609.2,915886001,914190776,False
2024-03-07,10.11,-13.257984,2.091141,9259607470.11,9242468745.36,915886001,914190776,False
2024-03-08,10.21,-13.389121,2.111825,9351196070.21,9333887822.96,915886001,914190776,False
2024-03-11,10.81,-14.175945,2.235928,9900727670.81,9882402288.56,915886001,914190776,False
2024-03-12,11.15,-14.621812,2.306253,10212128911.15,10193227152.4,915886001,914190776,False
2024-03-13,11.4,-14.949655,2.357963,10441100411.4,10421774846.4,915886001,914190776,False
2024-03-14,11.33,-14.857859,2.343484,10376988391.33,10357781492.08,915886001,914190776,False
2024-03-15,11.24,-14.739836,2.324869,10294558651.24,10275504322.24,915886001,914190776,False
2024-03-18,11.64,-15.264385,2.407604,10660913051.64,10641180632.64,915886001,914190776,False
2024-03-19,11.43,-14.988997,2.364168,10468576991.43,10449200569.68,915886001,914190776,False
2024-03-20,11.69,-15.329954,2.417946,10706707351.69,10686890171.44,915886001,914190776,False
2024-03-21,11.62,-15.238157,2.403467,10642595331.62,10622896817.12,915886001,914190776,False
2024-03-22,11.57,-15.172589,2.393125,10596801031.57,10577187278.32,915886001,914190776,False
2024-03-25,10.9,-14.293969,2.254543,9983157410.9,9964679458.4,915886001,914190776,False
2024-03-26,10.58,-13.874329,2.188355,9690073890.58,9672138410.08,915886001,914190776,False
2024-03-27,9.82,-12.877686,2.031157,8994000529.82,8977353420.32,915886001,914190776,False
2024-03-28,10.22,-13.402235,2.113893,9360354930.22,9343029730.72,915886001,914190776,False
2024-03-29,10.02,-13.13996,2.072525,9177228310.98,9163036984.98,915891049,914474749,False
2024-04-01,10.59,-13.887443,2.190423,9699286208.91,9684287591.91,915891049,914474749,False
2024-04-02,10.27,-13.467878,2.124247,9406201073.23,9391655672.23,915891049,914474749,False
2024-04-03,9.97,-13.074464,2.062195,9131433758.53,9117313247.53,915891049,914474749,False
2024-04-08,9.81,-12.864643,2.0291,8984891190.69,8970997287.69,915891049,914474749,False
2024-04-09,9.95,-13.048236,2.058058,9113115937.55,9099023752.55,915891049,914474749,False
2024-04-10,9.59,-12.576139,1.983596,8783395159.91,8769812842.91,915891049,914474749,False
2024-04-11,9.61,-12.602367,1.987732,8801712980.89,8788102337.89,915891049,914474749,False
2024-04-12,9.42,-12.353204,1.948433,8627693681.58,8614352135.58,915891049,914474749,False
2024-04-15,9.04,-11.85488,1.869833,8279655082.96,8266851730.96,915891049,914474749,False
2024-04-16,8.5,-11.146734,1.75814,7785073916.5,7773035366.5,915891049,914474749,False
2024-04-17,9.02,-11.828652,1.865697,8261337261.98,8248562235.98,915891049,914474749,False
2024-04-18,8.96,-11.749969,1.853286,8206383799.04,8193693751.04,915891049,914474749,False
2024-04-19,8.72,-11.435238,1.803645,7986569947.28,7974219811.28,915891049,914474749,False
2024-04-22,8.69,-11.395897,1.79744,7959093215.81,7946785568.81,915891049,914474749,False
2024-04-23,8.93,-11.710628,1.847081,8178907067.57,8166259508.57,915891049,914474749,False
2024-04-24,9.16,-12.012245,1.894654,8389562008.84,8376588700.84,915891049,914474749,False
2024-04-25,9.2,-12.064701,1.902928,8426197650.8,8413167690.8,915891049,914474749,False
2024-04-26,9.44,-12.379432,1.95257,8646011502.56,8632641630.56,915891049,914474749,False
2024-04-29,9.8,136.613559,1.98891,8975732280.2,8961852540.2,915891049,914474749,False
2024-04-30,9.69,135.080141,1.966585,8874984264.81,8861260317.81,915891049,914474749,False
2024-05-06,9.86,137.449968,2.001087,9030685743.14,9016721025.14,915891049,914474749,False
2024-05-07,9.85,137.310567,1.999057,9021526832.65,9007576277.65,915891049,914474749,False
2024-05-08,9.57,133.407322,1.942231,8765077338.93,8751523347.93,915891049,914474749,False
2024-05-09,9.72,135.498346,1.972674,8902460996.28,8888694560.28,915891049,914474749,False
2024-05-10,9.57,133.407322,1.942231,8765077338.93,8751523347.93,915891049,914474749,False
2024-05-13,9.33,130.061684,1.893523,8545263487.17,8532049408.17,915891049,914474749,False
2024-05-14,9.53,132.849716,1.934113,8728441696.97,8714944357.97,915891049,914474749,False
2024-05-15,9.38,130.758692,1.903671,8591058039.62,8577773145.62,915891049,914474749,False
2024-05-16,9.25,128.946471,1.877287,8471992203.25,8458891428.25,915891049,914474749,False
2024-05-17,9.28,129.364676,1.883376,8499468934.72,8486325670.72,915891049,914474749,False
2024-05-20,9.29,129.504078,1.885405,8508627845.21,8495470418.21,915891049,914474749,False
2024-05-21,9.2,128.249463,1.86714,8426197650.8,8413167690.8,915891049,914474749,False
2024-05-22,9.25,128.946471,1.877287,8471992203.25,8458891428.25,915891049,914474749,False
2024-05-23,9.01,125.600833,1.828579,8252178351.49,8239417488.49,915891049,914474749,False
2024-05-24,8.88,123.788612,1.802196,8133112515.12,8120535771.12,915891049,914474749,False
2024-05-27,8.93,124.48562,1.812343,8178907067.57,8166259508.57,915891049,914474749,False
2024-05-28,8.72,121.558187,1.769724,7986569947.28,7974219811.28,915891049,914474749,False
2024-05-29,8.76,122.115793,1.777842,8023205589.24,8010798801.24,915891049,914474749,False
2024-05-30,8.68,121.000581,1.761606,7949934305.32,7937640821.32,915891049,914474749,False
2024-05-31,8.88,123.788612,1.802196,8133112515.12,8120535771.12,915891049,914474749,False
2024-06-03,8.67,120.861179,1.759576,7940775394.83,7928496073.83,915891049,914474749,False
2024-06-04,8.61,120.02477,1.747399,7885821931.89,7873627588.89,915891049,914474749,False
2024-06-05,8.46,117.933746,1.716957,7748438274.54,7736456376.54,915891049,914474749,False
2024-06-06,8.15,113.612296,1.654042,7464512049.35,7452969204.35,915891049,914474749,False
2024-06-07,8.22,114.588107,1.668249,7528624422.78,7516982436.78,915891049,914474749,False
2024-06-11,8.35,116.400328,1.694632,7647690259.15,7635864154.15,915891049,914474749,False
2024-06-12,8.54,119.048958,1.733193,7821709558.46,7809614356.46,915891049,914474749,False
2024-06-13,8.54,119.048958,1.733193,7821709558.46,7809614356.46,915891049,914474749,False
2024-06-14,8.59,119.745966,1.74334,7867504110.91,7855338093.91,915891049,914474749,False
2024-06-17,8.48,118.212549,1.721016,7766756095.52,7754745871.52,915891049,914474749,False
2024-06-18,8.5,118.491352,1.725075,7785073916.5,7773035366.5,915891049,914474749,False
2024-06-19,8.31,115.842722,1.686514,7611054617.19,7599285164.19,915891049,914474749,False
2024-06-20,7.85,109.430249,1.593157,7189744734.65,7178626779.65,915891049,914474749,False
2024-06-21,7.85,109.430249,1.593157,7189744734.65,7178626779.65,915891049,914474749,False
2024-06-24,7.47,104.132988,1.516036,6841706136.03,6831126375.03,915891049,914474749,False
2024-06-25,7.39,103.017775,1.4998,6768434852.11,6757968395.11,915891049,914474749,False
2024-06-26,7.81,108.872642,1.585039,7153109092.69,7142047789.69,915891049,914474749,False
2024-06-27,7.69,107.199823,1.560685,7043202166.81,7032310819.81,915891049,914474749,False
2024-06-28,7.59,105.805807,1.54039,6951760641.87,6941010924.87,915910493,914494193,False
2024-07-01,7.65,106.642217,1.552567,7006715271.45,6995880576.45,915910493,914494193,False
2024-07-02,7.79,108.596144,1.581014,7134942740.47,7123909763.47,915910493,914494193,False
2024-07-03,7.77,108.317335,1.576955,7116624530.61,7105619879.61,915910493,914494193,False
2024-07-04,7.53,104.971626,1.528246,6896806012.29,6886141273.29,915910493,914494193,False
2024-07-05,7.56,105.38984,1.534335,6924283327.08,6913576099.08,915910493,914494193,False
2024-07-08,7.33,102.183535,1.487655,6713623913.69,6703242434.69,915910493,914494193,False
2024-07-09,7.36,102.601749,1.493744,6741101228.48,6730677260.48,915910493,914494193,False
2024-07-10,7.3,101.765322,1.481566,6686146598.9,6675807608.9,915910493,914494193,False
2024-07-11,7.47,104.135199,1.516069,6841851382.71,6831271621.71,915910493,914494193,False
2024-07-12,7.4,103.159367,1.501862,6777737648.2,6767257028.2,915910493,914494193,False
2024-07-15,7.36,102.601749,1.493744,6741101228.48,6730677260.48,915910493,914494193,False
2024-07-16,7.41,103.298772,1.503891,6786896753.13,6776401970.13,915910493,914494193,False
2024-07-17,7.41,103.298772,1.503891,6786896753.13,6776401970.13,915910493,914494193,False
2024-07-18,7.37,102.741153,1.495773,6750260333.41,6739822202.41,915910493,914494193,False
2024-07-19,7.38,102.880558,1.497803,6759419438.34,6748967144.34,915910493,914494193,False
2024-07-22,7.52,104.832222,1.526216,6887647343.52,6876996767.52,915910551,914494251,False
2024-07-23,7.27,101.347108,1.475478,6658669705.77,6648373204.77,915910551,914494251,False
2024-07-24,7.07,98.559017,1.434887,6475487595.57,6465474354.57,915910551,914494251,False
2024-07-25,7.2,100.371282,1.461271,6594555967.2,6584358607.2,915910551,914494251,False
2024-07-26,7.29,101.625923,1.479537,6676987916.79,6666663089.79,915910551,914494251,False
2024-07-29,7.34,102.322946,1.489685,6722783444.34,6712387802.34,915910551,914494251,False
2024-07-30,7.37,102.74116,1.495773,6750260760.87,6739822629.87,915910551,914494251,False
2024-07-31,7.67,106.923297,1.55666,7025033926.17,7014170905.17,915910551,914494251,False
2024-08-01,7.68,107.062701,1.558689,7034193031.68,7023315847.68,915910551,914494251,False
2024-08-02,7.52,104.832228,1.526216,6887647343.52,6876996767.52,915910551,914494251,False
2024-08-05,7.41,103.298778,1.503892,6786897182.91,6776402399.91,915910551,914494251,False
2024-08-06,7.63,106.365678,1.548541,6988397504.13,6977591135.13,915910551,914494251,False
2024-08-07,7.66,106.783892,1.55463,7015874820.66,7005025962.66,915910551,914494251,False
2024-08-08,7.6,105.947465,1.542453,6960920187.6,6950156307.6,915910551,914494251,False
2024-08-09,7.43,103.577587,1.507951,6805215393.93,6794692284.93,915910551,914494251,False
2024-08-12,7.3,101.765328,1.481567,6686147022.3,6675808032.3,915910551,914494251,False
2024-08-13,7.3,101.765328,1.481567,6686147022.3,6675808032.3,915910551,914494251,False
2024-08-14,7.41,103.298778,1.503892,6786897182.91,6776402399.91,915910551,914494251,False
2024-08-15,7.61,106.086869,1.544482,6970079293.11,6959301250.11,915910551,914494251,False
2024-08-16,7.47,104.135205,1.516069,6841851815.97,6831272054.97,915910551,914494251,False
2024-08-19,7.53,104.971633,1.528246,6896806449.03,6886141710.03,915910551,914494251,False
2024-08-20,7.45,103.856396,1.51201,6823533604.95,6812982169.95,915910551,914494251,False
2024-08-21,7.34,102.322946,1.489685,6722783444.34,6712387802.34,915910551,914494251,False
2024-08-22,7.08,98.698428,1.436917,6484646701.08,6474619297.08,915910551,914494251,False
2024-08-23,7.03,98.001405,1.426769,6438851173.53,6428894584.53,915910551,914494251,False
2024-08-26,7.09,98.837832,1.438946,6493805806.59,6483764239.59,915910551,914494251,False
2024-08-27,7.03,98.001405,1.426769,6438851173.53,6428894584.53,915910551,914494251,False
2024-08-28,7.08,98.698428,1.436917,6484646701.08,6474619297.08,915910551,914494251,False
2024-08-29,7.23,44.73984,1.483983,6622033283.73,6611793434.73,915910551,914494251,False
2024-08-30,7.51,46.472503,1.541454,6878488238.01,6867851825.01,915910551,914494251,False
2024-09-02,7.35,45.48241,1.508613,6731942549.85,6721532744.85,915910551,914494251,False
2024-09-03,7.38,45.668052,1.514771,6759419866.38,6748967572.38,915910551,914494251,False
2024-09-04,7.28,45.049244,1.494246,6667828811.28,6657518147.28,915910551,914494251,False
2024-09-05,7.53,46.596265,1.545559,6896806449.03,6886141710.03,915910551,914494251,False
2024-09-06,7.39,45.729933,1.516824,6768578971.89,6758112514.89,915910551,914494251,False
2024-09-09,7.33,45.358648,1.504508,6713624338.83,6703242859.83,915910551,914494251,False
2024-09-10,7.43,45.977456,1.525034,6805215393.93,6794692284.93,915910551,914494251,False
2024-09-11,7.38,45.668052,1.514771,6759419866.38,6748967572.38,915910551,914494251,False
2024-09-12,7.33,45.358648,1.504508,6713624338.83,6703242859.83,915910551,914494251,False
2024-09-13,7.21,44.616078,1.479878,6603715072.71,6593503549.71,915910551,914494251,False
2024-09-18,7.09,43.873508,1.455248,6493805806.59,6483764239.59,915910551,914494251,False
2024-09-19,7.41,45.853695,1.520929,6786897182.91,6776402399.91,915910551,914494251,False
2024-09-20,7.37,45.606171,1.512719,6750260760.87,6739822629.87,915910551,914494251,False
2024-09-23,7.39,45.729933,1.516824,6768578971.89,6758112514.89,915910551,914494251,False
2024-09-24,7.62,47.153192,1.564032,6979238398.62,6968446192.62,915910551,914494251,False
2024-09-25,7.72,47.772,1.584557,7070829453.72,7059895617.72,915910551,914494251,False
2024-09-26,7.99,49.442783,1.639976,7318125302.49,7306809065.49,915910551,914494251,False
2024-09-27,8.44,52.22742,1.73234,7730285050.44,7718331478.44,915910551,914494251,False
2024-09-30,9.27,57.363529,1.9027,8490541755.69,8477327370.69,915916047,914490547,False
2024-10-08,9.94,61.509914,2.040232,9104205507.18,9090036037.18,915916047,914490547,False
2024-10-09,8.95,55.383675,1.83703,8197448620.65,8184690395.65,915916047,914490547,False
2024-10-10,8.7,53.836645,1.785716,7968469608.9,7956067758.9,915916047,914490547,False
2024-10-11,8.24,50.99011,1.691299,7547148227.28,7535402107.28,915916047,914490547,False
2024-10-14,8.54,52.846546,1.752876,7821923041.38,7809749271.38,915916047,914490547,False
2024-10-15,8.89,55.012388,1.824715,8142493657.83,8129820962.83,915916047,914490547,False
2024-10-16,8.95,55.383675,1.83703,8197448620.65,8184690395.65,915916047,914490547,False
2024-10-17,9.0,55.693081,1.847293,8243244423.0,8230414923.0,915916047,914490547,False
2024-10-18,9.38,58.044566,1.92529,8591292520.86,8577921330.86,915916047,914490547,False
2024-10-21,9.88,61.138627,2.027917,9049250544.36,9035166604.36,915916047,914490547,False
2024-10-22,9.73,60.210408,1.997129,8911863137.31,8897993022.31,915916047,914490547,False
2024-10-23,9.64,59.653478,1.978656,8829430693.08,8815688873.08,915916047,914490547,False
2024-10-24,9.47,58.601497,1.943763,8673724965.09,8660225480.09,915916047,914490547,False
2024-10-25,9.83,60.82922,2.017654,9003454742.01,8989442077.01,915916047,914490547,False
2024-10-28,9.95,61.571795,2.042285,9113364667.65,9099180942.65,915916047,914490547,False
2024-10-29,10.03,62.066845,2.058705,9186637951.41,9172340186.41,915916047,914490547,False
2024-10-30,9.9,105.31506,2.040254,9067568865.3,9053456415.3,915916047,914490547,False
2024-10-31,9.92,105.527817,2.044376,9085887186.24,9071746226.24,915916047,914490547,False
2024-11-01,9.36,99.570602,1.928968,8572974199.92,8559631519.92,915916047,914490547,False
2024-11-04,9.5,101.059906,1.95782,8701202446.5,8687660196.5,915916047,914490547,False
2024-11-05,9.84,104.676787,2.027889,9012613902.48,8998586982.48,915916047,914490547,False
2024-11-06,10.82,115.101914,2.229854,9910211628.54,9894787718.54,915916047,914490547,False
2024-11-07,10.52,111.910548,2.168028,9635436814.44,9620440554.44,915916047,914490547,False
2024-11-08,10.52,111.910548,2.168028,9635436814.44,9620440554.44,915916047,914490547,False
2024-11-11,10.75,114.357262,2.215427,9846097505.25,9830773380.25,915916047,914490547,False
2024-11-12,10.42,110.84676,2.147419,9543845209.74,9528991499.74,915916047,914490547,False
2024-11-13,10.44,111.059518,2.151541,9562163530.68,9547281310.68,915916047,914490547,False
2024-11-14,10.1,107.442637,2.081471,9250752074.7,9236354524.7,915916047,914490547,False
2024-11-15,9.94,105.740575,2.048498,9104205507.18,9090036037.18,915916047,914490547,False
2024-11-18,9.14,97.230267,1.883629,8371472669.58,8358443599.58,915916047,914490547,False
2024-11-19,9.35,99.464223,1.926907,8563815039.45,8550486614.45,915916047,914490547,False
2024-11-20,9.64,102.54921,1.986672,8829430693.08,8815688873.08,915916047,914490547,False
2024-11-21,9.6,102.123694,1.978428,8792794051.2,8779109251.2,915916047,914490547,False
2024-11-22,9.3,98.932329,1.916602,8518019237.1,8504762087.1,915916047,914490547,False
2024-11-25,9.32,99.145087,1.920724,8536337558.04,8523051898.04,915916047,914490547,False
2024-11-26,9.19,97.762162,1.893933,8417268471.93,8404168126.93,915916047,914490547,False
2024-11-27,9.69,103.081104,1.996976,8875226495.43,8861413400.43,915916047,914490547,False
2024-11-28,9.77,103.932135,2.013463,8948499779.19,8934572644.19,915916047,914490547,False
2024-11-29,9.76,103.825756,2.011402,8939340618.72,8925427738.72,915916047,914490547,False
2024-12-02,10.08,107.229879,2.07735,9232433753.76,9218064713.76,915916047,914490547,False
2024-12-03,9.91,105.421439,2.042315,9076728025.77,9062601320.77,915916047,914490547,False
2024-12-04,9.59,102.017315,1.976367,8783634890.73,8769964345.73,915916047,914490547,False
2024-12-05,9.9,105.31506,2.040254,9067568865.3,9053456415.3,915916047,914490547,False
2024-12-06,10.16,108.08091,2.093837,9305707037.52,9291223957.52,915916047,914490547,False
2024-12-09,10.08,107.229879,2.07735,9232433753.76,9218064713.76,915916047,914490547,False
2024-12-10,10.13,107.761773,2.087654,9278229556.11,9263789241.11,915916047,914490547,False
2024-12-11,10.36,110.208487,2.135054,9488890246.92,9474122066.92,915916047,914490547,False
2024-12-12,10.96,116.591218,2.258706,10038439875.12,10022816395.12,915916047,914490547,False
2024-12-13,11.1,118.080522,2.287558,10166668121.7,10150845071.7,915916047,914490547,False
2024-12-16,10.49,111.591412,2.161845,9607959333.03,9593005838.03,915916047,914490547,False
2024-12-17,10.05,106.910742,2.071167,9204956272.35,9190629997.35,915916047,914490547,False
2024-12-18,10.17,108.187289,2.095897,9314866197.99,9300368862.99,915916047,914490547,False
2024-12-19,10.19,108.400046,2.100019,9333184518.93,9318658673.93,915916047,914490547,False
2024-12-20,10.32,109.782971,2.12681,9452253605.04,9437542445.04,915916047,914490547,False
2024-12-23,9.75,103.719377,2.009341,8930181458.25,8916282833.25,915916047,914490547,False
2024-12-24,9.74,103.612998,2.00728,8921022297.78,8907137927.78,915916047,914490547,False
2024-12-25,9.82,104.464029,2.023767,8994295581.54,8980297171.54,915916047,914490547,False
2024-12-26,9.86,104.889544,2.032011,9030932223.42,9016876793.42,915916047,914490547,False
2024-12-27,9.85,104.783166,2.02995,9021773062.95,9007731887.95,915916047,914490547,False
2024-12-30,9.8,104.251271,2.019646,8975977260.6,8962007360.6,915916047,914490547,False
2024-12-31,9.35,99.464223,1.926907,8563871373.2,8558366794.45,915922072,915333347,False
2025-01-02,9.14,97.230907,1.883641,8371527738.08,8366146791.58,915922072,915333347,False
2025-01-03,8.78,93.401243,1.809449,8041795792.16,8036626786.66,915922072,915333347,False
2025-01-06,9.03,96.060732,1.860971,8270776310.16,8265460123.41,915922072,915333347,False
2025-01-07,8.91,94.784177,1.836241,8160865661.52,8155620121.77,915922072,915333347,False
2025-01-08,8.83,93.933141,1.819754,8087591895.76,8082393454.01,915922072,915333347,False
2025-01-09,8.82,93.826761,1.817693,8078432675.04,8073240120.54,915922072,915333347,False
2025-01-10,8.43,89.677959,1.737319,7721223066.96,7716260115.21,915922072,915333347,False
2025-01-13,8.51,90.528995,1.753806,7794496832.72,7789486782.97,915922072,915333347,False
2025-01-14,8.82,93.826761,1.817693,8078432675.04,8073240120.54,915922072,915333347,False
2025-01-15,8.92,94.890557,1.838302,8170024882.24,8164773455.24,915922072,915333347,False
2025-01-16,8.75,93.082104,1.803267,8014318130.0,8009166786.25,915922072,915333347,False
2025-01-17,8.8,93.614002,1.813571,8060114233.6,8054933453.6,915922072,915333347,False
2025-01-20,8.7,92.550207,1.792962,7968522026.4,7963400118.9,915922072,915333347,False
2025-01-21,8.78,93.401243,1.809449,8041795792.16,8036626786.66,915922072,915333347,False
2025-01-22,8.54,90.848134,1.759988,7821974494.88,7816946783.38,915922072,915333347,False
2025-01-23,8.63,91.80555,1.778536,7904407481.36,7899326784.61,915922072,915333347,False
2025-01-24,8.88,94.465039,1.830058,8133387999.36,8128160121.36,915922072,915333347,False
2025-01-27,8.78,93.401243,1.809449,8041795792.16,8036626786.66,915922072,915333347,False
2025-02-05,9.16,97.443666,1.887763,8389846179.52,8384453458.52,915922072,915333347,False
2025-02-06,9.46,100.635052,1.949589,8664622801.12,8659053462.62,915922072,915333347,False
2025-02-07,9.57,101.805227,1.972259,8765374229.04,8759740130.79,915922072,915333347,False
2025-02-10,10.12,107.656103,2.085607,9269131368.64,9263173471.64,915922072,915333347,False
2025-02-11,10.09,107.336964,2.079424,9241653706.48,9235713471.23,915922072,915333347,False
2025-02-12,10.15,107.975241,2.091789,9296609030.8,9290633472.05,915922072,915333347,False
2025-02-13,10.03,106.698687,2.067059,9186698382.16,9180793470.41,915922072,915333347,False
2025-02-14,10.35,110.102832,2.133007,9479793445.2,9473700141.45,915922072,915333347,False
2025-02-17,10.32,109.783694,2.126824,9452315783.04,9446240141.04,915922072,915333347,False
2025-02-18,9.88,105.102993,2.036146,9049310071.36,9043493468.36,915922072,915333347,False
2025-02-19,9.97,106.060409,2.054694,9131743057.84,9125873469.59,915922072,915333347,False
2025-02-20,9.88,105.102993,2.036146,9049310071.36,9043493468.36,915922072,915333347,False
2025-02-21,10.38,110.421971,2.13919,9507271107.36,9501160141.86,915922072,915333347,False
2025-02-24,10.28,109.358175,2.118581,9415678900.16,9409626807.16,915922072,915333347,False
2025-02-25,10.09,107.336964,2.079424,9241653706.48,9235713471.23,915922072,915333347,False
2025-02-26,10.04,106.805066,2.06912,9195857602.88,9189946803.88,915922072,915333347,False
2025-02-27,10.02,106.592307,2.064998,9177539161.44,9171640136.94,915922072,915333347,False
2025-02-28,9.52,101.27333,1.961954,8719578125.44,8713973463.44,915922072,915333347,False
2025-03-03,9.74,103.61368,2.007294,8921080981.28,8915346799.78,915922072,915333347,False
2025-03-04,10.05,106.911446,2.071181,9205016823.6,9199100137.35,915922072,915333347,False
2025-03-05,10.22,108.719898,2.106216,9360723575.84,9354706806.34,915922072,915333347,False
2025-03-06,10.57,112.443182,2.178346,9681296301.04,9675073477.79,915922072,915333347,False
2025-03-07,10.25,109.039037,2.112398,9388201238.0,9382166806.75,915922072,915333347,False
2025-03-10,10.18,108.29438,2.097972,9324086692.96,9318093472.46,915922072,915333347,False
2025-03-11,10.13,107.762482,2.087668,9278290589.36,9272326805.11,915922072,915333347,False
2025-03-12,10.22,108.719898,2.106216,9360723575.84,9354706806.34,915922072,915333347,False
2025-03-13,10.09,107.336964,2.079424,9241653706.48,9235713471.23,915922072,915333347,False
2025-03-14,10.43,110.953869,2.149494,9553067210.96,9546926809.21,915922072,915333347,False
2025-03-17,10.33,109.890073,2.128885,9461475003.76,9455393474.51,915922072,915333347,False
2025-03-18,10.23,108.826278,2.108276,9369882796.56,9363860139.81,915922072,915333347,False
2025-03-19,9.98,106.166789,2.056755,9140902278.56,9135026803.06,915922072,915333347,False
2025-03-20,9.95,105.84765,2.050572,9113424616.4,9107566802.65,915922072,915333347,False
2025-03-21,9.74,103.61368,2.007294,8921080981.28,8915346799.78,915922072,915333347,False
2025-03-24,9.78,104.039198,2.015537,8957717864.16,8951960133.66,915922072,915333347,False
2025-03-25,9.58,101.911607,1.97432,8774533449.76,8768893464.26,915922072,915333347,False
2025-03-26,9.46,100.635052,1.949589,8664622801.12,8659053462.62,915922072,915333347,False
2025-03-27,9.48,100.847812,1.953711,8682941242.56,8677360129.56,915922072,915333347,False
2025-03-28,9.51,101.16695,1.959893,8710418904.72,8704820129.97,915922072,915333347,False
2025-03-31,9.27,98.613841,1.910432,8490600972.45,8485484627.7,915922435,915370510,False
2025-04-01,9.31,99.039359,1.918676,8527237869.85,8522099448.1,915922435,915370510,False
2025-04-02,9.45,100.528713,1.947529,8655467010.75,8650251319.5,915922435,915370510,False
2025-04-03,9.44,100.422333,1.945468,8646307786.4,8641097614.4,915922435,915370510,False
2025-04-07,8.5,90.422652,1.751746,7785340697.5,7780649335.0,915922435,915370510,False
2025-04-08,8.16,86.805746,1.681676,7473927069.6,7469423361.6,915922435,915370510,False
2025-04-09,8.22,87.444023,1.694041,7528882415.7,7524345592.2,915922435,915370510,False
2025-04-10,8.44,89.784374,1.73938,7730385351.4,7725727104.4,915922435,915370510,False
2025-04-11,8.51,90.529031,1.753806,7794499921.85,7789803040.1,915922435,915370510,False
2025-04-14,8.76,93.188521,1.805328,8023480530.6,8018645667.6,915922435,915370510,False
2025-04-15,8.97,95.422492,1.848607,8215824241.95,8210873474.7,915922435,915370510,False
2025-04-16,8.74,92.975762,1.801207,8005162081.9,8000338257.4,915922435,915370510,False
2025-04-17,8.85,94.145937,1.823876,8105913549.75,8101029013.5,915922435,915370510,False
2025-04-18,9.13,97.124566,1.881581,8362371831.55,8357332756.3,915922435,915370510,False
2025-04-21,9.13,97.124566,1.881581,8362371831.55,8357332756.3,915922435,915370510,False
2025-04-22,9.15,97.337325,1.885703,8380690280.25,8375640166.5,915922435,915370510,False
2025-04-23,9.3,98.933019,1.916616,8518078645.5,8512945743.0,915922435,915370510,False
2025-04-24,9.02,95.95439,1.858911,8261620363.7,8256642000.2,915922435,915370510,False
2025-04-25,8.98,95.528872,1.850668,8224983466.3,8220027179.8,915922435,915370510,False
2025-04-28,9.27,-22.434093,2.067123,8490600972.45,8485484627.7,915922435,915370510,False
2025-04-29,9.36,-22.6519,2.087193,8573033991.6,8567867973.6,915922435,915370510,False
2025-04-30,9.42,-22.797104,2.100572,8627989337.7,8622790204.2,915922435,915370510,False
2025-05-06,9.54,-23.087513,2.127331,8737900029.9,8732634665.4,915922435,915370510,False
2025-05-07,9.35,-22.627699,2.084963,8563874767.25,8558714268.5,915922435,915370510,False
2025-05-08,9.53,-23.063313,2.125101,8728740805.55,8723480960.3,915922435,915370510,False
2025-05-09,9.33,-22.579298,2.080503,8545556318.55,8540406858.3,915922435,915370510,False
2025-05-12,9.34,-22.603498,2.082733,8554715542.9,8549560563.4,915922435,915370510,False
2025-05-13,9.38,-22.700301,2.091652,8591352440.3,8586175383.8,915922435,915370510,False
2025-05-14,9.92,-24.007142,2.212067,9085950555.2,9080475459.2,915922435,915370510,False
2025-05-15,9.94,-24.055543,2.216527,9104269003.9,9098782869.4,915922435,915370510,False
2025-05-16,10.1,-24.442755,2.252206,9250816593.5,9245242151.0,915922435,915370510,False
2025-05-19,10.19,-24.660562,2.272275,9333249612.65,9327625496.9,915922435,915370510,False
2025-05-20,10.5,-25.410785,2.341402,9617185567.5,9611390355.0,915922435,915370510,False
2025-05-21,11.11,-26.887031,2.477426,10175898252.85,10169766366.1,915922435,915370510,False
2025-05-22,11.72,-28.363276,2.613451,10734610938.2,10728142377.2,915922435,915370510,False
2025-05-23,11.74,-28.411678,2.61791,10752929386.9,10746449787.4,915922435,915370510,False
2025-05-26,12.91,-31.243165,2.878809,11824558635.85,11817433284.1,915922435,915370510,False
2025-05-27,13.0,-31.460972,2.898879,11906991655.0,11899816630.0,915922435,915370510,False
2025-05-28,13.62,-32.961418,3.037133,12474863564.7,12467346346.2,915922435,915370510,False
2025-05-29,13.82,-33.445433,3.081731,12658048051.7,12650420448.2,915922435,915370510,False
2025-05-30,13.6,-32.913017,3.032673,12456545116.0,12449038936.0,915922435,915370510,False
2025-06-03,12.97,-31.38837,2.892189,11879513981.95,11872355514.7,915922435,915370510,False
2025-06-04,13.55,-32.792013,3.021523,12410748994.25,12403270410.5,915922435,915370510,False
2025-06-05,13.58,-32.864615,3.028213,12438226667.3,12430731525.8,915922435,915370510,False
2025-06-06,13.84,-33.493835,3.086191,12676366500.4,12668727858.4,915922435,915370510,False
2025-06-09,13.84,-33.493835,3.086191,12676366500.4,12668727858.4,915922435,915370510,False
2025-06-10,13.59,-32.888816,3.030443,12447385891.65,12439885230.9,915922435,915370510,False
2025-06-11,13.59,-32.888816,3.030443,12447385891.65,12439885230.9,915922435,915370510,False
2025-06-12,13.41,-32.453203,2.990305,12282519853.35,12275118539.1,915922435,915370510,False
2025-06-13,13.15,-31.823983,2.932327,12044380020.25,12037122206.5,915922435,915370510,False
2025-06-16,13.21,-31.969188,2.945707,12099335366.35,12092044437.1,915922435,915370510,False
2025-06-17,12.83,-31.049559,2.86097,11751284841.05,11744203643.3,915922435,915370510,False
2025-06-18,12.53,-30.323537,2.794073,11476508110.55,11469592490.3,915922435,915370510,False
2025-06-19,12.37,-29.936325,2.758394,11329960520.95,11323133208.7,915922435,915370510,False
2025-06-20,11.9,-28.79889,2.653589,10899476976.5,10892909069.0,915922435,915370510,False
2025-06-23,11.98,-28.992496,2.671428,10972750771.3,10966138709.8,915922435,915370510,False
2025-06-24,12.15,-29.403908,2.709337,11128457585.25,11121751696.5,915922435,915370510,False
2025-06-25,12.12,-29.331306,2.702647,11100979912.2,11094290581.2,915922435,915370510,False
2025-06-26,11.83,-28.629484,2.63798,10835362406.05,10828833133.3,915922435,915370510,False
2025-06-27,11.85,-28.677886,2.642439,10853680854.75,10847140543.5,915922435,915370510,False
2025-06-30,12.13,-29.355507,2.704877,11328343753.62,11321648903.37,933911274,933359349,False
2025-07-01,12.13,-29.932053,2.758001,11328343753.62,11321648903.37,933911274,933359349,False
2025-07-02,12.01,-29.63594,2.730716,11216274400.74,11209645781.49,933911274,933359349,False
2025-07-03,11.89,-29.339828,2.703432,11104205047.86,11097642659.61,933911274,933359349,False
2025-07-04,12.14,-29.956729,2.760275,11337682866.36,11330982496.86,933911274,933359349,False
2025-07-07,11.94,-29.463208,2.7148,11150900611.56,11144310627.06,933911274,933359349,False
2025-07-08,12.14,-29.956729,2.760275,11337682866.36,11330982496.86,933911274,933359349,False
2025-07-09,12.24,-30.20349,2.783012,11431073993.76,11424318431.76,933911274,933359349,False
2025-07-10,12.22,-30.154137,2.778464,11412395768.28,11405651244.78,933911274,933359349,False
2025-07-11,12.12,-29.907377,2.755727,11319004640.88,11312315309.88,933911274,933359349,False
2025-07-14,12.62,-31.14118,2.869412,11785960277.88,11778994984.38,933911274,933359349,False
2025-07-15,12.64,-31.190532,2.87396,11804638503.36,11797662171.36,933911274,933359349,False
2025-07-16,12.97,-32.004841,2.948992,12112829223.78,12105670756.53,933911274,933359349,False
2025-07-17,13.74,-33.904898,3.124067,12831940904.76,12824357455.26,933911274,933359349,False
2025-07-18,13.56,-33.460729,3.08314,12663836875.44,12656352772.44,933911274,933359349,False
2025-07-21,13.39,-33.041236,3.044487,12505071958.86,12497681683.11,933911274,933359349,False
2025-07-22,13.24,-32.671095,3.010382,12364985267.76,12357677780.76,933911274,933359349,False
2025-07-23,13.3,-32.819151,3.024024,12421019944.2,12413679341.7,933911274,933359349,False
2025-07-24,13.46,-33.213968,3.060403,12570445748.04,12563016837.54,933911274,933359349,False
2025-07-25,13.72,-33.855546,3.11952,12813262679.28,12805690268.28,933911274,933359349,False
2025-07-28,15.09,-37.236165,3.431017,14092721124.66,14084392576.41,933911274,933359349,False
2025-07-29,15.38,-37.95177,3.496954,14363555394.12,14355066787.62,933911274,933359349,False
2025-07-30,15.11,-37.285517,3.435564,14111399350.14,14103059763.39,933911274,933359349,False
2025-07-31,14.79,-36.495883,3.362806,13812547742.46,13804384771.71,933911274,933359349,False
2025-08-01,14.43,-35.607545,3.280952,13476339683.82,13468375406.07,933911274,933359349,False
2025-08-04,14.25,-35.163376,3.240026,13308235654.5,13300370723.25,933911274,933359349,False
2025-08-05,14.33,-35.360785,3.258215,13382948556.42,13375039471.17,933911274,933359349,False
2025-08-06,15.2,-37.507601,3.456027,14195451364.8,14187062104.8,933911274,933359349,False
2025-08-07,14.73,-36.347827,3.349163,13756513066.02,13748383210.77,933911274,933359349,False
2025-08-08,14.44,-35.632221,3.283226,13485678796.56,13477708999.56,933911274,933359349,False
2025-08-11,15.88,-39.185573,3.610639,14830511031.12,14821746462.12,933911274,933359349,False
2025-08-12,15.77,-38.914136,3.585628,14727780790.98,14719076933.73,933911274,933359349,False
2025-08-13,16.03,-39.555714,3.644745,14970597722.22,14961750364.47,933911274,933359349,False
2025-08-14,16.08,-39.679094,3.656113,15017293285.92,15008418331.92,933911274,933359349,False
2025-08-15,17.31,-42.714249,3.935779,16166004152.94,16156450331.19,933911274,933359349,False
2025-08-18,17.29,-42.664897,3.931231,16147325927.46,16137783144.21,933911274,933359349,False
2025-08-19,16.84,-41.554474,3.828915,15727065854.16,15717771437.16,933911274,933359349,False
2025-08-20,16.8,-41.45577,3.81982,16422429340.8,16413157000.8,977525556,976973631,False
2025-08-21,16.54,-42.720243,3.936331,16168272696.24,16159143856.74,977525556,976973631,False
2025-08-22,16.61,-42.901042,3.95299,16236699485.16,16227532010.91,977525556,976973631,False
2025-08-25,16.48,-42.565272,3.922052,16109621162.88,16100525438.88,977525556,976973631,False
2025-08-26,16.23,-46.602866,3.645558,15865239773.88,15856282031.13,977525556,976973631,False
2025-08-27,15.91,-45.684017,3.573681,15645180706.97,15636399580.22,983355167,982803242,False
2025-08-28,16.25,-46.660294,3.650051,15979521463.75,15970552682.5,983355167,982803242,False
2025-08-29,16.99,-48.785132,3.816269,16707204287.33,16697827081.58,983355167,982803242,False
2025-09-01,16.22,-46.574152,3.643312,15950020808.74,15941068585.24,983355167,982803242,False
2025-09-02,14.89,-42.755186,3.34457,14642158436.63,14633940273.38,983355167,982803242,False
2025-09-03,14.76,-42.381904,3.315369,14514322264.92,14506175851.92,983355167,982803242,False
2025-09-04,14.48,-41.577911,3.252476,14238982818.16,14230990944.16,983355167,982803242,False
2025-09-05,14.51,-41.664053,3.259215,14268483473.17,14260475041.42,983355167,982803242,False
2025-09-08,14.92,-43.096818,3.371294,14671659091.64,14663424370.64,983355167,982803242,False
2025-09-09,14.56,-42.056949,3.289949,14317651231.52,14309615203.52,983355167,982803242,False
2025-09-10,14.47,-41.796981,3.269613,14229149266.49,14221162911.74,983355167,982803242,False
2025-09-11,13.02,-37.608618,2.941974,12803284274.34,12796098210.84,983355167,982803242,False
2025-09-12,12.25,-35.384452,2.767986,12046100795.75,12039339714.5,983355167,982803242,False
2025-09-15,12.56,-36.279895,2.838033,12350940897.52,12344008719.52,983355167,982803242,False
2025-09-16,12.55,-36.25101,2.835774,12341107345.85,12334180687.1,983355167,982803242,False
2025-09-17,12.61,-36.424322,2.849331,12400108655.87,12393148881.62,983355167,982803242,False
2025-09-18,12.3,-35.528878,2.779284,12095268554.1,12088479876.6,983355167,982803242,False
2025-09-19,12.13,-35.037829,2.740871,11928098175.71,11921403325.46,983355167,982803242,False
2025-09-22,11.87,-34.286812,2.682122,11672425832.29,11665874482.54,983355167,982803242,False
2025-09-23,11.34,-32.755893,2.562364,11151247593.78,11144988764.28,983355167,982803242,False
2025-09-24,11.67,-33.709107,2.636931,11475754798.89,11469313834.14,983355167,982803242,False
2025-09-25,11.81,-34.1135,2.668565,11613424522.27,11606906288.02,983355167,982803242,False
2025-09-26,11.37,-32.842549,2.569143,11180748248.79,11174472861.54,983355167,982803242,False
2025-09-29,11.49,-33.189172,2.596258,11298750868.83,11292409250.58,983355167,982803242,False
2025-09-30,11.59,-33.478024,2.618854,11397086385.53,11390689574.78,983355167,982803242,False
2025-10-09,11.5,-33.218057,2.598518,11308584420.5,11302237283.0,983355167,982803242,False
2025-10-10,11.42,-32.986975,2.580441,11229916007.14,11223613023.64,983355167,982803242,False
2025-10-13,11.21,-32.380384,2.53299,11023411422.07,11017224342.82,983355167,982803242,False
2025-10-14,11.03,-31.860449,2.492317,10846407492.01,10840319759.26,983355167,982803242,False
2025-10-15,11.28,-32.582581,2.548807,11092246283.76,11086020569.76,983355167,982803242,False
2025-10-16,11.18,-32.293729,2.526211,10993910767.06,10987740245.56,983355167,982803242,False
2025-10-17,11.06,-31.947105,2.499096,10875908147.02,10869803856.52,983355167,982803242,False
2025-10-20,11.66,-33.680221,2.634671,11465921247.22,11459485801.72,983355167,982803242,False
2025-10-21,12.41,-35.846616,2.804139,12203437622.47,12196588233.22,983355167,982803242,False
2025-10-22,12.98,-37.493077,2.932936,12763950067.66,12756786081.16,983355167,982803242,False
2025-10-23,12.82,-37.030912,2.896782,12606613240.94,12599537562.44,983355167,982803242,False
2025-10-24,13.48,-38.93734,3.045915,13255627651.16,13248187702.16,983355167,982803242,False
2025-10-27,12.69,-36.655404,2.867408,12478777069.23,12471773140.98,983355167,982803242,False
2025-10-28,13.03,-37.637503,2.944233,12813117826.01,12805926243.26,983355167,982803242,False
2025-10-29,12.95,-37.406421,2.926157,12734449412.65,12727301983.9,983355167,982803242,False
2025-10-30,12.8,-36.973142,2.892263,12586946137.6,12579881497.6,983355167,982803242,False
2025-10-31,12.89,-40.263978,2.556658,12675448102.63,12668333789.38,983355167,982803242,False
2025-11-03,13.22,-41.294785,2.622112,12999955307.74,12992658859.24,983355167,982803242,False
2025-11-04,12.87,-40.201504,2.552692,12655780999.29,12648677724.54,983355167,982803242,False
2025-11-05,12.58,-39.295643,2.495172,12370608000.86,12363664784.36,983355167,982803242,False
2025-11-06,12.6,-39.358116,2.499139,12390275104.2,12383320849.2,983355167,982803242,False
2025-11-07,12.64,-39.483063,2.507072,12429609310.88,12422632978.88,983355167,982803242,False
2025-11-10,12.55,-39.201933,2.489221,12341107345.85,12334180687.1,983355167,982803242,False
2025-11-11,12.78,-39.920375,2.534841,12567279034.26,12560225432.76,983355167,982803242,False
2025-11-12,12.47,-38.95204,2.473354,12262438932.49,12255556427.74,983355167,982803242,False
2025-11-13,12.42,-38.795857,2.463437,12213271174.14,12206416265.64,983355167,982803242,False
2025-11-14,12.31,-38.452255,2.441619,12105102105.77,12098307909.02,983355167,982803242,False
2025-11-17,12.28,-38.358545,2.435668,12075601450.76,12068823811.76,983355167,982803242,False
2025-11-18,12.14,-37.921233,2.4079,11937931727.38,11931231357.88,983355167,982803242,False
2025-11-19,11.83,-36.952898,2.346413,11633091625.61,11626562352.86,983355167,982803242,False
2025-11-20,11.53,-36.0158,2.28691,11338085075.51,11331721380.26,983355167,982803242,False
2025-11-21,11.38,-35.547251,2.257158,11190581800.46,11184300893.96,983355167,982803242,False
2025-11-24,11.71,-36.578059,2.322612,11515089005.57,11508625963.82,983355167,982803242,False
2025-11-25,11.97,-37.39021,2.374182,11770761348.99,11764154806.74,983355167,982803242,False
2025-11-26,11.76,-36.734242,2.332529,11564256763.92,11557766125.92,983355167,982803242,False
2025-11-27,11.82,-36.921661,2.34443,11623258073.94,11616734320.44,983355167,982803242,False
2025-11-28,11.83,-36.952898,2.346413,11633091625.61,11626562352.86,983355167,982803242,False
2025-12-01,11.87,-37.077844,2.354347,11672425832.29,11665874482.54,983355167,982803242,False
2025-12-02,11.62,-36.296929,2.304761,11426587040.54,11420173672.04,983355167,982803242,False
2025-12-03,11.39,-35.578488,2.259142,11200415352.13,11194128926.38,983355167,982803242,False
2025-12-04,11.26,-35.172412,2.233357,11072579180.42,11066364504.92,983355167,982803242,False
2025-12-05,11.52,-35.984563,2.284927,11328251523.84,11321893347.84,983355167,982803242,False
2025-12-08,11.57,-36.140746,2.294844,11377419282.19,11371033509.94,983355167,982803242,False
2025-12-09,11.77,-36.765478,2.334513,11574090315.59,11567594158.34,983355167,982803242,False
2025-12-10,11.73,-36.640532,2.326579,11534756108.91,11528282028.66,983355167,982803242,False
2025-12-11,11.51,-35.953327,2.282943,11318417972.17,11312065315.42,983355167,982803242,False
2025-12-12,11.54,-36.047037,2.288894,11347918627.18,11341549412.68,983355167,982803242,False
2025-12-15,11.49,-35.890854,2.278976,11298750868.83,11292409250.58,983355167,982803242,False
2025-12-16,11.28,-35.234885,2.237324,11092246283.76,11086020569.76,983355167,982803242,False
2025-12-17,11.36,-35.484778,2.253192,11170914697.12,11164644829.12,983355167,982803242,False
2025-12-18,11.53,-36.0158,2.28691,11338085075.51,11331721380.26,983355167,982803242,False
2025-12-19,11.67,-36.453112,2.314678,11475754798.89,11469313834.14,983355167,982803242,False
2025-12-22,11.78,-36.796715,2.336496,11583923867.26,11577422190.76,983355167,982803242,False
2025-12-23,11.81,-36.890425,2.342447,11613424522.27,11606906288.02,983355167,982803242,False
2025-12-24,12.57,-39.264406,2.493188,12360774449.19,12353836751.94,983355167,982803242,False
2025-12-25,12.68,-39.608009,2.515006,12468943517.56,12461945108.56,983355167,982803242,False
2025-12-26,12.72,-39.732955,2.52294,12508277724.24,12501257238.24,983355167,982803242,False
2025-12-29,12.37,-38.639674,2.453519,12164103415.79,12157276103.54,983355167,982803242,False
2025-12-30,12.24,-38.233599,2.427735,12036267244.08,12029511682.08,983355167,982803242,False
2025-12-31,12.24,-38.233599,2.427735,12036267244.08,12029511682.08,983355167,982803242,False
2026-01-05,12.55,-39.201933,2.489221,12341107345.85,12334180687.1,983355167,982803242,False
2026-01-06,12.6,-39.358116,2.499139,12390275104.2,12383320849.2,983355167,982803242,False
2026-01-07,12.54,-39.170697,2.487238,12331273794.18,12324352654.68,983355167,982803242,False
2026-01-08,12.86,-40.170268,2.550708,12645947447.62,12638849692.12,983355167,982803242,False
2026-01-09,13.15,-41.076129,2.608228,12931120446.05,12923862632.3,983355167,982803242,False
2026-01-12,13.63,-42.575486,2.703433,13403130926.21,13395608188.46,983355167,982803242,False
2026-01-13,13.48,-42.106937,2.673682,13255627651.16,13248187702.16,983355167,982803242,False
2026-01-14,13.51,-42.200647,2.679632,13285128306.17,13277671799.42,983355167,982803242,False
2026-01-15,13.09,-40.88871,2.596327,12872119136.03,12864894437.78,983355167,982803242,False
2026-01-16,12.52,-39.108223,2.483271,12311606690.84,12304696589.84,983355167,982803242,False
2026-01-19,12.43,-38.827094,2.46542,12223104725.81,12216244298.06,983355167,982803242,False
2026-01-20,12.31,-38.452255,2.441619,12105102105.77,12098307909.02,983355167,982803242,False
2026-01-21,12.0,-37.48392,2.380132,11800262004.0,11793638904.0,983355167,982803242,False
2026-01-22,12.14,-37.921233,2.4079,11937931727.38,11931231357.88,983355167,982803242,False
2026-01-23,12.85,-40.139031,2.548725,12636113895.95,12629021659.7,983355167,982803242,False
2026-01-26,12.48,-38.983277,2.475337,12272272484.16,12265384460.16,983355167,982803242,False
2026-01-27,12.18,-38.046179,2.415834,11977265934.06,11970543487.56,983355167,982803242,False
2026-01-28,12.13,-37.889996,2.405917,11928098175.71,11921403325.46,983355167,982803242,False
2026-01-29,12.1,-37.796286,2.399966,11855712700.7,11891919228.2,979810967,982803242,False
2026-01-30,12.09,-37.76505,2.397983,11845914591.03,11882091195.78,979810967,982803242,False
2026-02-02,11.52,-35.854868,2.276691,11287422339.84,11281064163.84,979810967,979259042,False
2026-02-03,11.88,-36.975333,2.347838,11640154287.96,11633597418.96,979810967,979259042,False
2026-02-04,11.52,-35.854868,2.276691,11287422339.84,11281064163.84,979810967,979259042,False
2026-02-05,11.41,-35.512504,2.254952,11179643133.47,11173345669.22,979810967,979259042,False
2026-02-06,11.32,-35.232388,2.237165,11091460146.44,11085212355.44,979810967,979259042,False
2026-02-09,11.56,-35.979364,2.284597,11326614778.52,11320234525.52,979810967,979259042,False
2026-02-10,11.88,-36.975333,2.347838,11640154287.96,11633597418.96,979810967,979259042,False
2026-02-11,11.72,-36.477348,2.316217,11483384533.24,11476915972.24,979810967,979259042,False
2026-02-12,11.52,-35.854868,2.276691,11287422339.84,11281064163.84,979810967,979259042,False
2026-02-13,11.4,-35.48138,2.252976,11169845023.8,11163553078.8,979810967,979259042,False
2026-02-24,11.26,-35.045644,2.225308,11032671488.42,11026456812.92,979810967,979259042,False
2026-02-25,11.21,-34.890024,2.215426,10983680940.07,10977493860.82,979810967,979259042,False
2026-02-26,11.14,-34.672155,2.201592,10915094172.38,10908945727.88,979810967,979259042,False
2026-02-27,11.19,-34.827776,2.211474,10964084720.73,10957908679.98,979810967,979259042,False
2026-03-02,10.63,-33.084831,2.100801,10415390579.21,10409523616.46,979810967,979259042,False
2026-03-03,10.34,-32.182234,2.043489,10131245398.78,10125538494.28,979810967,979259042,False
2026-03-04,10.11,-31.466382,1.998034,9905888876.37,9900308914.62,979810967,979259042,False
2026-03-05,10.35,-32.213358,2.045465,10141043508.45,10135331084.7,979810967,979259042,False
2026-03-06,10.79,-33.582815,2.132422,10572160333.93,10566205063.18,979810967,979259042,False
2026-03-09,10.62,-33.053707,2.098825,10405592469.54,10399731026.04,979810967,979259042,False
2026-03-10,10.6,-32.991458,2.094872,10385996250.2,10380145845.2,979810967,979259042,False
2026-03-11,10.55,-32.835838,2.084991,10337005701.85,10331182893.1,979810967,979259042,False
2026-03-12,10.56,-32.866962,2.086967,10346803811.52,10340975483.52,979810967,979259042,False
2026-03-13,10.4,-32.368978,2.055346,10190034056.8,10184294036.8,979810967,979259042,False
2026-03-16,10.39,-32.337854,2.05337,10180235947.13,10174501446.38,979810967,979259042,False
2026-03-17,10.32,-32.119986,2.039536,10111649179.44,10105953313.44,979810967,979259042,False
2026-03-18,10.29,-32.026614,2.033607,10082254850.43,10076575542.18,979810967,979259042,False
2026-03-19,10.0,-31.124017,1.976295,9798109670.0,9792590420.0,979810967,979259042,False
2026-03-20,9.57,-29.785685,1.891314,9376790954.19,9371509031.94,979810967,979259042,False
2026-03-23,8.98,-27.949368,1.774713,8798702483.66,8793746197.16,979810967,979259042,False
2026-03-24,9.27,-28.851964,1.832025,9082847664.09,9077731319.34,979810967,979259042,False
2026-03-25,9.46,-29.443321,1.869575,9269011747.82,9263790537.32,979810967,979259042,False
2026-03-26,9.28,-28.883088,1.834001,9092645773.76,9087523909.76,979810967,979259042,False
2026-03-27,9.45,-29.412196,1.867598,9259213638.15,9253997946.9,979810967,979259042,False
2026-03-30,9.56,-29.754561,1.889338,9366992844.52,9361716441.52,979810967,979259042,False
2026-03-31,9.54,-29.692313,1.885385,9347396625.18,9342131260.68,979810967,979259042,False
2026-04-01,9.77,-30.408165,1.93084,9572753147.59,9567360840.34,979810967,979259042,False
2026-04-02,9.59,-29.847933,1.895267,9396387173.53,9391094212.78,979810967,979259042,False
2026-04-03,9.36,-29.13208,1.849812,9171030651.12,9165864633.12,979810967,979259042,False
2026-04-07,9.4,-29.256576,1.857717,9210223089.8,9205034994.8,979810967,979259042,False
2026-04-08,10.01,-31.155141,1.978271,9807907779.67,9802383010.42,979810967,979259042,False
2026-04-09,9.7,-30.190297,1.917006,9504166379.9,9498812707.4,979810967,979259042,False
2026-04-10,9.81,-30.532661,1.938745,9611945586.27,9606531202.02,979810967,979259042,False
2026-04-13,9.61,-29.910181,1.899219,9415983392.87,9410679393.62,979810967,979259042,False
2026-04-14,9.61,-29.910181,1.899219,9415983392.87,9410679393.62,979810967,979259042,False
2026-04-15,9.56,-29.754561,1.889338,9366992844.52,9361716441.52,979810967,979259042,False
2026-04-16,9.72,-30.252545,1.920958,9523762599.24,9518397888.24,979810967,979259042,False
2026-04-17,9.65,-30.034677,1.907124,9455175831.55,9449849755.3,979810967,979259042,False
2026-04-20,9.67,-30.096925,1.911077,9474772050.89,9469434936.14,979810967,979259042,False
2026-04-21,9.72,-30.252545,1.920958,9523762599.24,9518397888.24,979810967,979259042,False
2026-04-22,9.65,-30.034677,1.907124,9455175831.55,9449849755.3,979810967,979259042,False
2026-04-23,9.47,-29.474445,1.871551,9278809857.49,9273583127.74,979810967,979259042,False
2026-04-24,9.15,-28.478476,1.80831,8965270348.05,8960220234.3,979810967,979259042,False
2026-04-27,9.34,,1.8459,9151434432.0,9146279452.0,979810967,979259042,False
2026-04-28,9.25,,1.8281,9063251445.0,9058146139.0,979810967,979259042,False
2026-04-29,10.18,,2.198,9974475644.0,9968857048.0,979810967,979259042,False
2026-04-30,10.24,,2.2109,10033264302.0,10027612590.0,979810967,979259042,False
2026-05-06,10.48,,2.2628,10268418934.0,10262634760.0,979810967,979259042,False
2026-05-07,10.67,,2.3038,10454583018.0,10448693978.0,979810967,979259042,False
2026-05-08,10.76,,2.3232,10542766005.0,10536827292.0,979810967,979259042,False
2026-05-11,10.79,,2.3297,10572160334.0,10566205063.0,979810967,979259042,False
2026-05-12,10.94,,2.3621,10719131979.0,10713093919.0,979810967,979259042,False
2026-05-13,11.05,,2.3858,10826911185.0,10820812414.0,979810967,979259042,False
2026-05-14,11.31,,2.442,11081662037.0,11075419765.0,979810967,979259042,False
2026-05-15,11.96,,2.5823,11718539165.0,11711938142.0,979810967,979259042,False
2026-05-18,11.76,,2.5391,11522576972.0,11516086334.0,979810967,979259042,False
2026-05-19,11.8,,2.5478,11561769411.0,11555256696.0,979810967,979259042,False
2026-05-20,11.71,,2.5283,11473586424.0,11467123382.0,979810967,979259042,False
2026-05-21,12.21,,2.6363,11963491907.0,11956752903.0,979810967,979259042,False
2026-05-22,12.44,,2.6859,12188848429.0,12181982482.0,979810967,979259042,False
2026-05-25,11.94,,2.578,11698942946.0,11692352961.0,979810967,979259042,False
2026-05-26,11.64,,2.5132,11404999656.0,11398575249.0,979810967,979259042,False
2026-05-27,11.62,,2.5089,11385403437.0,11378990068.0,979810967,979259042,False
2026-05-28,11.76,,2.5391,11522576972.0,11516086334.0,979810967,979259042,False
2026-05-29,11.25,,2.429,11022873379.0,11016664223.0,979810967,979259042,False
2026-06-01,11.23,,2.4247,11003277159.0,10997079042.0,979810967,979259042,False
2026-06-02,10.84,,2.3405,10621150882.0,10615168015.0,979810967,979259042,False
2026-06-03,10.99,,2.3729,10768122527.0,10762056872.0,979810967,979259042,False
2026-06-04,10.85,,2.3426,10630948992.0,10624960606.0,979810967,979259042,False
2026-06-05,10.69,,2.3081,10474179237.0,10468279159.0,979810967,979259042,False
2026-06-08,10.75,,2.3211,10532967895.0,10527034702.0,979810967,979259042,False
2026-06-09,11.21,,2.4204,10983680940.0,10977493861.0,979810967,979259042,False
2026-06-10,11.03,,2.3815,10807314966.0,10801227233.0,979810967,979259042,False
2026-06-11,9.93,,2.144,9729522902.0,9724042287.0,979810967,979259042,False
2026-06-12,10.08,,2.1764,9876494547.0,9870931143.0,979810967,979259042,False
2026-06-15,11.09,,2.3945,10866102881.0,10859982310.0,979810967,979259042,False
2026-06-16,11.82,,2.5521,11581364838.0,11574841380.0,979810967,979259042,False
2026-06-17,11.62,,2.5089,11385402658.0,11378989580.0,979810967,979259042,False
2026-06-18,11.62,,2.5089,11385402658.0,11378989580.0,979810967,979259042,False
2026-06-22,12.33,,2.6622,12081068397.0,12074263470.0,979810967,979259042,False
2026-06-23,12.72,,2.7464,12463194648.0,12456174480.0,979810967,979259042,False
2026-06-24,12.83,-46.85,2.77,12571000000.0,12564000000.0,979810967,979259042,False
2026-06-25,12.47,-45.54,2.69,12218000000.0,12211000000.0,979810967,979259042,False
2026-06-26,12.19,-44.52,2.63,11944000000.0,11937000000.0,979810967,979259042,False
2026-06-29,12.15,-44.37,2.62,11905000000.0,11898000000.0,979810967,979259042,False
2026-06-30,12.61,-46.05,2.72,12355000000.0,12348000000.0,979810967,979259042,False
2026-07-01,12.39,-45.25,2.68,12140000000.0,12133000000.0,979810967,979259042,False
2026-07-02,12.03,-43.93,2.6,11787000000.0,11780000000.0,979810967,979259042,False
2026-07-03,12.33,-45.03,2.66,12081000000.0,12074000000.0,979810967,979259042,False
2026-07-06,12.39,-45.25,2.68,12140000000.0,12133000000.0,979810967,979259042,False
2026-07-07,12.58,-45.94,2.72,12326000000.0,12319000000.0,979810967,979259042,False
2026-07-08,11.94,-43.6,2.58,11699000000.0,11692000000.0,979810967,979259042,False
2026-07-09,12.51,-45.68,2.7,12257000000.0,12251000000.0,979810967,979259042,False
2026-07-10,12.74,-46.52,2.75,12483000000.0,12476000000.0,979810967,979259042,False
2026-07-13,11.88,-43.38,2.57,11640000000.0,11634000000.0,979810967,979259042,False
2026-07-14,12.6,-46.01,2.72,12346000000.0,12339000000.0,979810967,979259042,False
2026-07-15,12.54,-45.79,2.71,12287000000.0,12280000000.0,979810967,979259042,False
2026-07-16,12.43,-45.39,2.68,12179000000.0,12172000000.0,979810967,979259042,False
2026-07-17,11.19,-40.86,2.42,10964000000.0,10958000000.0,979810967,979259042,False
2026-07-20,10.79,-39.4,2.33,10572000000.0,10566000000.0,979810967,979259042,False
2026-07-21,11.4,-41.63,2.46,11170000000.0,11164000000.0,979810967,979259042,False
2026-07-22,11.09,-40.5,2.39,10866000000.0,10860000000.0,979810967,979259042,False
2026-07-23,10.9,-39.8,2.35,10680000000.0,10674000000.0,979810967,979259042,False
2026-07-24,10.31,-37.65,2.23,10102000000.0,10096000000.0,979810967,979259042,False
2026-07-27,11.34,-41.41,2.45,11111000000.0,11105000000.0,979810967,979259042,False
2026-07-28,11.18,-40.83,2.41,10954000000.0,10948000000.0,979810967,979259042,False
2026-07-29,11.4,-41.63,2.46,11170000000.0,11164000000.0,979810967,979259042,False
2026-07-30,11.05,-40.35,2.39,10827000000.0,10821000000.0,979810967,979259042,False
2026-07-31,11.32,-41.34,2.44,11091000000.0,11085000000.0,979810967,979259042,False
2026-08-03,11.52,-42.07,2.49,11287000000.0,11281000000.0,979810967,979259042,False
2026-08-04,12.2,-44.55,2.63,11954000000.0,11947000000.0,979810967,979259042,False
2026-08-05,12.22,-44.62,2.64,11973000000.0,11967000000.0,979810967,979259042,False
2026-08-06,11.78,-43.02,2.54,11542000000.0,11536000000.0,979810967,979259042,False
2026-08-07,11.8,-43.09,2.55,11562000000.0,11555000000.0,979810967,979259042,False
2026-08-10,11.99,-43.78,2.59,11748000000.0,11741000000.0,979810967,979259042,False
2026-08-11,11.79,-43.05,2.55,11552000000.0,11545000000.0,979810967,979259042,False
2026-08-12,12.16,-44.41,2.63,11915000000.0,11908000000.0,979810967,979259042,False
2026-08-13,13.38,-48.86,2.89,13110000000.0,13102000000.0,979810967,979259042,False
2026-08-14,13.16,-48.06,2.84,12894000000.0,12887000000.0,979810967,979259042,False
2026-08-17,13.56,-49.52,2.93,13286000000.0,13279000000.0,979810967,979259042,False
2026-08-18,13.16,-48.06,2.84,12894000000.0,12887000000.0,979810967,979259042,False
2026-08-19,12.05,-44.0,2.6,11807000000.0,11800000000.0,979810967,979259042,False
2026-08-20,12.3,-44.92,2.66,12052000000.0,12045000000.0,979810967,979259042,False
2026-08-21,12.3,-44.92,2.66,12052000000.0,12045000000.0,979810967,979259042,False
2026-08-24,11.97,-43.71,2.58,11728000000.0,11722000000.0,979810967,979259042,False
2026-08-25,12.13,-44.3,2.62,11885000000.0,11878000000.0,979810967,979259042,False
2026-08-26,11.96,-43.68,2.58,11719000000.0,11712000000.0,979810967,979259042,False
2026-08-27,12.07,-44.08,2.61,11826000000.0,11820000000.0,979810967,979259042,False
2026-08-28,11.87,-80.3,2.49,11630000000.0,11624000000.0,979810967,979259042,False
