date,close,pe_ttm,pb,total_mv,float_mv,total_share,float_share,is_st
2020-01-02,35.48,31.395262,5.052562,15808450807.285,15197557708.85,583280278,560740315,False
2020-01-03,35.92,31.784606,5.115221,16004496984.151,15386027984.833,583280278,560740315,False
2020-01-06,35.37,31.297926,5.036898,15759439263.068,15150440139.854,583280278,560740315,False
2020-01-07,35.76,31.643027,5.092436,15933207465.291,15317493339.021,583280278,560740315,False
2020-01-08,34.95,30.92628,4.977087,15572304276.06,14970536694.597,583280278,560740315,False
2020-01-09,36.16,31.996975,5.149399,16111431262.442,15488829953.552,583280278,560740315,False
2020-01-10,37.22,32.93494,5.300349,16583724324.891,15942871982.057,583280278,560740315,False
2020-01-13,38.34,33.925997,5.459843,17082750956.914,16422614502.742,583280278,560740315,False
2020-01-14,37.92,33.55435,5.400033,16895615969.905,16242711057.486,583280278,560740315,False
2020-01-15,38.95,34.465769,5.546711,17354542247.569,16683902839.901,583280278,560740315,False
2020-01-16,38.8,34.333038,5.52535,17287708323.637,16619651609.452,583280278,560740315,False
2020-01-17,38.68,34.226853,5.508261,17234241184.492,16568250625.093,583280278,560740315,False
2020-01-20,39.79,35.209061,5.666332,17728812221.586,17043709730.415,583280278,560740315,False
2020-01-21,39.78,35.200212,5.664908,17724356626.657,17039426315.052,583280278,560740315,False
2020-01-22,35.8,31.678421,5.098132,15951029845.006,15334627000.474,583280278,560740315,False
2020-01-23,34.41,30.448449,4.900188,15331702149.906,14739232264.981,583280278,560740315,False
2020-02-03,32.18,28.475184,4.582623,14338104480.79,13784030638.974,583280278,560740315,False
2020-02-04,34.67,30.678516,4.937214,15447547618.054,14850601064.426,583280278,560740315,False
2020-02-05,35.4,31.324473,5.04117,15772806047.855,15163290385.944,583280278,560740315,False
2020-02-06,38.03,33.651686,5.415698,16944627514.122,16289828626.481,583280278,560740315,False
2020-02-07,39.65,35.085179,5.646395,17666433892.583,16983741915.33,583280278,560740315,False
2020-02-10,39.98,35.377187,5.693389,17813468525.233,17125094622.317,583280278,560740315,False
2020-02-11,39.0,34.510012,5.553831,17376820222.213,16705319916.718,583280278,560740315,False
2020-02-12,40.0,35.394884,5.696237,17822379715.09,17133661453.044,583280278,560740315,False
2020-02-13,38.75,34.288794,5.51823,17265430348.994,16598234532.636,583280278,560740315,False
2020-02-14,38.9,34.421525,5.539591,17332264272.925,16662485763.085,583280278,560740315,False
2020-02-17,42.79,37.863678,6.09355,19065490700.218,18328734339.394,583280278,560740315,False
2020-02-18,42.64,37.730947,6.072189,18998656776.286,18264483108.945,583280278,560740315,False
2020-02-19,41.51,36.731041,5.91127,18495174549.335,17780457172.896,583280278,560740315,False
2020-02-20,42.03,37.191175,5.985321,18726865485.631,18003194771.786,583280278,560740315,False
2020-02-21,42.75,37.828283,6.087854,19047668320.503,18311600677.941,583280278,560740315,False
2020-02-24,44.69,39.544935,6.364121,19912053736.684,19142583258.413,583280278,560740315,False
2020-02-25,45.0,39.819245,6.408267,20050177179.476,19275369134.674,583280278,560740315,False
2020-02-26,42.48,37.589367,6.049404,18927367257.426,18195948463.133,583280278,560740315,False
2020-02-27,45.08,39.890035,6.419659,20085821938.907,19309636457.58,583280278,560740315,False
2020-02-28,41.6,39.70411,5.924087,18535274903.694,17819007911.166,583280278,560740315,False
2020-03-02,45.76,43.674521,6.516495,20388802394.063,19600908702.282,583280278,560740315,False
2020-03-03,46.09,43.989481,6.563489,20535837026.713,19742261409.27,583280278,560740315,False
2020-03-04,44.95,42.901436,6.401147,20027899204.833,19253952057.858,583280278,560740315,False
2020-03-05,42.99,41.030761,6.122031,19154602598.793,18414402646.659,583280278,560740315,False
2020-03-06,43.25,41.278912,6.159057,19270448066.941,18525771446.104,583280278,560740315,False
2020-03-09,42.09,40.171778,5.993866,18753599055.204,18028895263.965,583280278,560740315,False
2020-03-10,45.45,43.378649,6.47235,20250678951.271,19468122826.021,583280278,560740315,False
2020-03-11,45.28,43.216396,6.448141,20174933837.482,19395304764.846,583280278,560740315,False
2020-03-12,44.58,42.548298,6.348456,19863042192.468,19095465689.417,583280278,560740315,False
2020-03-13,46.05,43.951304,6.557793,20518014646.998,19725127747.817,583280278,560740315,False
2020-03-16,42.94,40.98304,6.114911,19132324624.149,18392985569.843,583280278,560740315,False
2020-03-17,43.77,41.775213,6.233108,19502139003.237,18748509044.993,583280278,560740315,False
2020-03-18,39.39,37.594829,5.60937,17550588424.435,16872373115.885,583280278,560740315,False
2020-03-19,39.82,38.005232,5.670604,17742179006.372,17056559976.505,583280278,560740315,False
2020-03-20,40.91,39.045556,5.825827,18227838853.608,17523452251.101,583280278,560740315,False
2020-03-23,40.01,38.186573,5.697661,17826835310.019,17137944868.407,583280278,560740315,False
2020-03-24,40.99,39.12191,5.837219,18263483613.039,17557719574.007,583280278,560740315,False
2020-03-25,41.52,39.627756,5.912694,18499630144.264,17784740588.259,583280278,560740315,False
2020-03-26,40.14,38.310648,5.716174,17884758044.093,17193629268.129,583280278,560740315,False
2020-03-27,39.09,37.29743,5.394344,17416920576.572,16743870654.987,583280278,560740315,False
2020-03-30,37.5,35.780343,5.174927,16708480982.897,16062807612.229,583280278,560740315,False
2020-03-31,36.7,35.017029,5.064529,16352033388.595,15720134383.168,583280278,560740315,False
2020-04-01,36.29,34.625831,5.00795,16169353996.516,15544514353.274,583280278,560740315,False
2020-04-02,37.61,35.885299,5.190107,16757492527.114,16109925181.224,583280278,560740315,False
2020-04-03,36.93,35.236482,5.096268,16454512071.957,15818652936.523,583280278,560740315,False
2020-04-07,37.44,35.723095,5.166647,16681747413.324,16037107120.049,583280278,560740315,False
2020-04-08,37.4,35.684929,5.161127,16663925033.609,16019973458.596,583280278,560740315,False
2020-04-09,38.63,36.858524,5.330865,17211963209.848,16546833548.277,583280278,560740315,False
2020-04-10,37.78,36.047503,5.213567,16833237640.903,16182743242.4,583280278,560740315,False
2020-04-13,34.53,32.94654,4.765073,15385169289.052,14790633249.34,583280278,560740315,False
2020-04-14,36.27,34.606748,5.00519,16160442806.658,15535947522.547,583280278,560740315,False
2020-04-15,35.56,33.929307,4.907211,15844095566.715,15231825031.756,583280278,560740315,False
2020-04-16,35.68,34.043804,4.923771,15897562705.86,15283226016.115,583280278,560740315,False
2020-04-17,36.46,34.788035,5.031409,16245099110.305,15617332414.449,583280278,560740315,False
2020-04-20,38.88,37.09706,5.365365,17323353083.068,16653918932.359,583280278,560740315,False
2020-04-21,39.05,37.259264,5.388824,17399098196.857,16726736993.534,583280278,560740315,False
2020-04-22,38.19,36.438701,5.270146,17015917032.982,16358363272.294,583280278,560740315,False
2020-04-23,37.62,35.89484,5.191487,16761948122.042,16114208596.588,583280278,560740315,False
2020-04-24,37.46,35.742177,5.169407,16690658603.182,16045673950.776,583280278,560740315,False
2020-04-27,37.8,36.066586,5.216327,16842148830.76,16191310073.126,583280278,560740315,False
2020-04-28,37.07,35.370062,5.115588,16516890400.96,15878620751.608,583280278,560740315,False
2020-04-29,36.18,37.431838,5.061173,16120342452.299,15497396784.278,583280278,560740315,False
2020-04-30,37.47,38.766472,5.241629,16695114198.111,16049957366.139,583280278,560740315,False
2020-05-06,38.45,39.78038,5.37872,17131762501.13,16469732071.738,583280278,560740315,False
2020-05-07,38.25,39.57346,5.350742,17042650602.555,16384063764.473,583280278,560740315,False
2020-05-08,39.25,40.608061,5.490631,17488210095.432,16812405300.799,583280278,560740315,False
2020-05-11,38.08,39.397578,5.326961,16966905488.766,16311245703.298,583280278,560740315,False
2020-05-12,37.85,39.15962,5.294787,16864426805.404,16212727149.943,583280278,560740315,False
2020-05-13,38.2,39.52173,5.343748,17020372627.911,16362646687.657,583280278,560740315,False
2020-05-14,37.28,38.569898,5.21505,16610457894.464,15968572474.237,583280278,560740315,False
2020-05-15,37.18,38.466438,5.201061,16565901945.176,15925738320.604,583280278,560740315,False
2020-05-18,36.0,37.24561,5.035993,16040141743.581,15420295307.739,583280278,560740315,False
2020-05-19,36.3,37.55599,5.077959,16173809591.444,15548797768.637,583280278,560740315,False
2020-05-20,36.0,37.24561,5.035993,16040141743.581,15420295307.739,583280278,560740315,False
2020-05-21,34.54,35.735093,4.831755,15389624883.98,14794916664.703,583280278,560740315,False
2020-05-22,32.93,34.069387,4.606535,14672274100.448,14105286791.218,583280278,560740315,False
2020-05-25,32.0,33.107209,4.476438,14257903772.072,13706929162.435,583280278,560740315,False
2020-05-26,32.77,33.903851,4.584152,14600984581.588,14036752145.406,583280278,560740315,False
2020-05-27,32.36,33.479665,4.526798,14418305189.508,13861132115.512,583280278,560740315,False
2020-05-28,32.36,33.479665,4.526798,14418305189.508,13861132115.512,583280278,560740315,False
2020-05-29,32.35,33.469319,4.525399,14413849594.579,13856848700.149,583280278,560740315,False
2020-06-01,34.32,35.507481,4.80098,15291601795.547,14700681526.712,583280278,560740315,False
2020-06-02,34.55,35.745439,4.833154,15394080478.909,14799200080.067,583280278,560740315,False
2020-06-03,33.99,35.166063,4.754817,15144567162.898,14559328819.724,583280278,560740315,False
2020-06-04,33.29,34.441843,4.656894,14832675517.884,14259489744.296,583280278,560740315,False
2020-06-05,33.19,34.338383,4.642906,14788119568.596,14216655590.663,583280278,560740315,False
2020-06-08,33.72,34.886721,4.717047,15024266099.821,14443676604.916,583280278,560740315,False
2020-06-09,34.16,35.341945,4.778598,15220312276.687,14632146880.899,583280278,560740315,False
2020-06-10,35.02,36.231701,4.898902,15603493440.561,15000520602.14,583280278,560740315,False
2020-06-11,34.41,35.600595,4.81357,15331702149.906,14739232264.981,583280278,560740315,False
2020-06-12,33.56,34.721185,4.694664,14952976580.961,14375141959.104,583280278,560740315,False
2020-06-15,33.56,34.721185,4.694664,14952976580.961,14375141959.104,583280278,560740315,False
2020-06-16,34.61,35.807515,4.841548,15420814048.482,14824900572.246,583280278,560740315,False
2020-06-17,34.11,35.290215,4.771603,15198034302.043,14610729804.083,583280278,560740315,False
2020-06-18,34.94,36.148933,4.887711,15567848681.131,14966253279.234,583280278,560740315,False
2020-06-19,34.66,35.859245,4.848542,15443092023.126,14846317649.062,583280278,560740315,False
2020-06-22,34.88,36.086857,4.879317,15541115111.559,14940552787.054,583280278,560740315,False
2020-06-23,34.37,35.559211,4.807974,15313879770.191,14722098603.528,583280278,560740315,False
2020-06-24,34.55,35.745439,4.833154,15394080478.909,14799200080.067,583280278,560740315,False
2020-06-29,34.78,35.983397,4.865329,15496559162.271,14897718633.422,583280278,560740315,False
2020-06-30,35.33,36.552428,4.942267,15741616883.353,15133306478.401,583280278,560740315,False
2020-07-01,34.65,35.848899,4.847143,15438636428.197,14842034233.699,583280278,560740315,False
2020-07-02,34.81,36.014435,4.869525,15509925947.057,14910568879.511,583280278,560740315,False
2020-07-03,35.45,36.67658,4.959054,15795084022.499,15184707462.76,583280278,560740315,False
2020-07-06,38.06,39.376886,5.324163,16957994298.908,16302678872.571,583280278,560740315,False
2020-07-07,39.17,40.525293,5.47944,17452565336.002,16778137977.893,583280278,560740315,False
2020-07-08,39.44,40.804635,5.51721,17572866399.079,16893790192.701,583280278,560740315,False
2020-07-09,40.72,42.128923,5.696267,18143182549.962,17442067359.199,583280278,560740315,False
2020-07-10,39.45,40.814981,5.518609,17577321994.008,16898073608.064,583280278,560740315,False
2020-07-13,40.26,41.653007,5.631919,17938225183.238,17245030252.489,583280278,560740315,False
2020-07-14,38.67,40.007992,5.409496,17229785589.563,16563967209.73,583280278,560740315,False
2020-07-15,35.75,36.98696,5.001021,15928751870.362,15313209923.658,583280278,560740315,False
2020-07-16,33.86,35.031565,4.736631,15086644428.824,14503644420.002,583280278,560740315,False
2020-07-17,33.9,35.072949,4.742227,15104466808.539,14520778081.455,583280278,560740315,False
2020-07-20,34.35,35.538519,4.805176,15304968580.334,14713531772.801,583280278,560740315,False
2020-07-21,34.0,35.176409,4.756215,15149022757.827,14563612235.087,583280278,560740315,False
2020-07-22,33.96,35.135025,4.75062,15131200378.112,14546478573.634,583280278,560740315,False
2020-07-23,32.6,33.727969,4.560371,14525239467.798,13963934084.231,583280278,560740315,False
2020-07-24,31.21,32.289874,4.365926,13905911772.699,13368539348.737,583280278,560740315,False
2020-07-27,30.4,31.451848,4.252616,13545008583.469,13021582704.313,583280278,560740315,False
2020-07-28,30.65,31.710498,4.287588,13656398456.688,13128668088.395,583280278,560740315,False
2020-07-29,32.01,33.117555,4.477837,14262359367.001,13711212577.798,583280278,560740315,False
2020-07-30,32.32,33.438281,4.521202,14400482809.793,13843998454.059,583280278,560740315,False
2020-07-31,32.88,34.017657,4.59954,14649996125.804,14083869714.402,583280278,560740315,False
2020-08-03,33.26,34.410805,4.652698,14819308733.097,14246639498.206,583280278,560740315,False
2020-08-04,32.85,33.986619,4.595343,14636629341.018,14071019468.312,583280278,560740315,False
2020-08-05,32.89,34.028003,4.600939,14654451720.733,14088153129.765,583280278,560740315,False
2020-08-06,32.76,33.893505,4.582753,14596528986.659,14032468730.043,583280278,560740315,False
2020-08-07,32.13,33.241707,4.494624,14315826506.146,13762613562.157,583280278,560740315,False
2020-08-10,32.33,33.448627,4.522601,14404938404.722,13848281869.423,583280278,560740315,False
2020-08-11,31.54,32.631293,4.412089,14052946405.349,13509892055.725,583280278,560740315,False
2020-08-12,31.38,32.465756,4.389707,13981656886.488,13441357409.913,583280278,560740315,False
2020-08-13,31.58,32.672677,4.417685,14070768785.064,13527025717.178,583280278,560740315,False
2020-08-14,31.84,32.941673,4.454056,14186614253.212,13638394516.623,583280278,560740315,False
2020-08-17,32.1,33.210669,4.490427,14302459721.36,13749763316.068,583280278,560740315,False
2020-08-18,31.58,32.672677,4.417685,14070768785.064,13527025717.178,583280278,560740315,False
2020-08-19,31.26,32.341604,4.37292,13928189747.343,13389956425.554,583280278,560740315,False
2020-08-20,30.52,31.576,4.269403,13598475722.614,13072983688.672,583280278,560740315,False
2020-08-21,30.18,31.224236,4.221841,13446985495.036,12927347566.322,583280278,560740315,False
2020-08-24,30.66,31.720844,4.288987,13660854051.617,13660854051.617,583280278,583280278,False
2020-08-25,30.22,31.26562,4.227436,13464807874.751,13464807874.751,583280278,583280278,False
2020-08-26,28.47,29.45507,3.982631,12685078762.215,12685078762.215,583280278,583280278,False
2020-08-27,29.36,30.375864,4.107132,13081626710.876,13081626710.876,583280278,583280278,False
2020-08-28,29.85,33.328968,4.118179,13299950862.386,13299950862.386,583280278,583280278,False
2020-08-31,29.46,32.893514,4.064373,13126182660.164,13126182660.164,583280278,583280278,False
2020-09-01,29.54,32.982838,4.07541,13161827419.594,13161827419.594,583280278,583280278,False
2020-09-02,29.61,33.060996,4.085068,13193016584.095,13193016584.095,583280278,583280278,False
2020-09-03,28.81,32.167758,3.974698,12836568989.794,12836568989.794,583280278,583280278,False
2020-09-04,28.6,31.933283,3.945726,12743001496.289,12743001496.289,583280278,583280278,False
2020-09-07,28.48,31.799297,3.92917,12689534357.144,12689534357.144,583280278,583280278,False
2020-09-08,28.28,31.575987,3.901578,12600422458.569,12600422458.569,583280278,583280278,False
2020-09-09,26.96,30.102143,3.719467,12012283927.971,12012283927.971,583280278,583280278,False
2020-09-10,26.27,29.331725,3.624273,11704847877.885,11704847877.885,583280278,583280278,False
2020-09-11,26.9,30.03515,3.711189,11985550358.398,11985550358.398,583280278,583280278,False
2020-09-14,27.27,30.448273,3.762236,12150407370.763,12150407370.763,583280278,583280278,False
2020-09-15,27.42,30.615755,3.78293,12217241294.694,12217241294.694,583280278,583280278,False
2020-09-16,27.18,30.347784,3.749819,12110307016.404,12110307016.404,583280278,583280278,False
2020-09-17,27.66,30.883727,3.816041,12324175572.985,12324175572.985,583280278,583280278,False
2020-09-18,27.92,31.17403,3.851911,12440021041.133,12440021041.133,583280278,583280278,False
2020-09-21,27.49,30.693914,3.792587,12248430459.196,12248430459.196,583280278,583280278,False
2020-09-22,26.85,29.979323,3.704291,11963272383.754,11963272383.754,583280278,583280278,False
2020-09-23,26.81,29.934661,3.698773,11945450004.039,11945450004.039,583280278,583280278,False
2020-09-24,26.19,29.242401,3.613236,11669203118.455,11669203118.455,583280278,583280278,False
2020-09-25,25.64,28.628299,3.537357,11424145397.373,11424145397.373,583280278,583280278,False
2020-09-28,25.34,28.293335,3.495968,11290477549.51,11290477549.51,583280278,583280278,False
2020-09-29,25.8,28.806947,3.559431,11495434916.233,11495434916.233,583280278,583280278,False
2020-09-30,25.42,28.382659,3.507005,11326122308.94,11326122308.94,583280278,583280278,False
2020-10-09,26.43,29.510373,3.646347,11776137396.746,11776137396.746,583280278,583280278,False
2020-10-12,27.02,30.169136,3.727745,12039017497.543,12039017497.543,583280278,583280278,False
2020-10-13,27.39,30.582259,3.778791,12203874509.908,12203874509.908,583280278,583280278,False
2020-10-14,27.49,30.693914,3.792587,12248430459.196,12248430459.196,583280278,583280278,False
2020-10-15,27.87,31.118202,3.845013,12417743066.489,12417743066.489,583280278,583280278,False
2020-10-16,26.72,29.834172,3.686356,11905349649.68,11905349649.68,583280278,583280278,False
2020-10-19,27.07,30.224964,3.734643,12061295472.187,12061295472.187,583280278,583280278,False
2020-10-20,28.48,31.799297,3.92917,12689534357.144,12689534357.144,583280278,583280278,False
2020-10-21,28.27,31.564822,3.900198,12595966863.64,12595966863.64,583280278,583280278,False
2020-10-22,28.06,31.330346,3.871226,12502399370.136,12502399370.136,583280278,583280278,False
2020-10-23,26.2,33.138455,3.7401,11673658713.384,11673658713.384,583280278,583280278,False
2020-10-26,26.25,33.201696,3.747237,11695936688.028,11695936688.028,583280278,583280278,False
2020-10-27,25.19,31.86098,3.59592,11223643625.578,11223643625.578,583280278,583280278,False
2020-10-28,24.73,31.27916,3.530254,11018686258.854,11018686258.854,583280278,583280278,False
2020-10-29,24.74,31.291808,3.531682,11023141853.783,11023141853.783,583280278,583280278,False
2020-10-30,23.98,30.33054,3.423191,10684516639.197,10684516639.197,583280278,583280278,False
2020-11-02,24.35,30.798526,3.476009,10849373651.561,10849373651.561,583280278,583280278,False
2020-11-03,24.66,31.190622,3.520262,10987497094.353,10987497094.353,583280278,583280278,False
2020-11-04,24.36,30.811174,3.477436,10853829246.49,10853829246.49,583280278,583280278,False
2020-11-05,25.88,32.733711,3.694419,11531079675.663,11531079675.663,583280278,583280278,False
2020-11-06,25.82,32.657821,3.685854,11504346106.091,11504346106.091,583280278,583280278,False
2020-11-09,26.59,33.631737,3.795773,11847426915.606,11847426915.606,583280278,583280278,False
2020-11-10,26.0,32.88549,3.711549,11584546814.809,11584546814.809,583280278,583280278,False
2020-11-11,25.48,32.22778,3.637318,11352855878.512,11352855878.512,583280278,583280278,False
2020-11-12,26.28,33.239641,3.75152,11709303472.814,11709303472.814,583280278,583280278,False
2020-11-13,26.1,33.011972,3.725825,11629102764.096,11629102764.096,583280278,583280278,False
2020-11-16,26.6,33.644386,3.797201,11851882510.535,11851882510.535,583280278,583280278,False
2020-11-17,25.91,32.771655,3.698702,11544446460.45,11544446460.45,583280278,583280278,False
2020-11-18,25.42,32.15189,3.628753,11326122308.94,11326122308.94,583280278,583280278,False
2020-11-19,25.58,32.354263,3.651594,11397411827.8,11397411827.8,583280278,583280278,False
2020-11-20,26.08,32.986676,3.72297,11620191574.239,11620191574.239,583280278,583280278,False
2020-11-23,25.55,32.316318,3.647311,11384045043.014,11384045043.014,583280278,583280278,False
2020-11-24,25.51,32.265725,3.641601,11366222663.299,11366222663.299,583280278,583280278,False
2020-11-25,24.58,31.089436,3.508842,10951852334.923,10951852334.923,583280278,583280278,False
2020-11-26,24.48,30.962953,3.494566,10907296385.635,10907296385.635,583280278,583280278,False
2020-11-27,24.19,30.596154,3.453168,10778084132.701,10778084132.701,583280278,583280278,False
2020-11-30,24.0,30.355837,3.426046,10693427829.054,10693427829.054,583280278,583280278,False
2020-12-01,24.63,31.152677,3.515979,10974130309.567,10974130309.567,583280278,583280278,False
2020-12-02,24.59,31.102084,3.510269,10956307929.852,10956307929.852,583280278,583280278,False
2020-12-03,24.71,31.253864,3.527399,11009775068.997,11009775068.997,583280278,583280278,False
2020-12-04,24.46,30.937657,3.491711,10898385195.778,10898385195.778,583280278,583280278,False
2020-12-07,24.1,30.482319,3.440321,10737983778.342,10737983778.342,583280278,583280278,False
2020-12-08,25.68,32.480745,3.665869,11441967777.088,11441967777.088,583280278,583280278,False
2020-12-09,24.86,31.443588,3.548812,11076608992.929,11076608992.929,583280278,583280278,False
2020-12-10,25.58,32.354263,3.651594,11397411827.8,11397411827.8,583280278,583280278,False
2020-12-11,25.85,32.695766,3.690137,11517712890.877,11517712890.877,583280278,583280278,False
2020-12-14,25.71,32.51869,3.670151,11455334561.874,11455334561.874,583280278,583280278,False
2020-12-15,25.21,31.886277,3.598775,11232554815.436,11232554815.436,583280278,583280278,False
2020-12-16,24.53,31.026195,3.501704,10929574360.279,10929574360.279,583280278,583280278,False
2020-12-17,24.91,31.506829,3.55595,11098886967.572,11098886967.572,583280278,583280278,False
2020-12-18,24.43,30.899712,3.487429,10885018410.991,10885018410.991,583280278,583280278,False
2020-12-21,25.2,31.873629,3.597348,11228099220.507,11228099220.507,583280278,583280278,False
2020-12-22,24.29,30.722636,3.467444,10822640081.989,10822640081.989,583280278,583280278,False
2020-12-23,24.39,30.849119,3.481719,10867196031.276,10867196031.276,583280278,583280278,False
2020-12-24,22.75,28.774804,3.247606,10136478462.958,10136478462.958,583280278,583280278,False
2020-12-25,22.56,28.534487,3.220483,10051822159.311,10051822159.311,583280278,583280278,False
2020-12-28,21.27,26.90286,3.036333,9477050413.499,9477050413.499,583280278,583280278,False
2020-12-29,22.98,29.065714,3.280439,10238957146.319,10238957146.319,583280278,583280278,False
2020-12-30,22.9,28.964528,3.269018,10203312386.889,10203312386.889,583280278,583280278,False
2020-12-31,23.06,29.1669,3.291859,10274601905.749,10274601905.749,583280278,583280278,False
2021-01-04,23.57,29.811961,3.364662,10501837247.117,10501837247.117,583280278,583280278,False
2021-01-05,23.68,29.951092,3.380365,10550848791.333,10550848791.333,583280278,583280278,False
2021-01-06,23.3,29.470458,3.326119,10381536184.04,10381536184.04,583280278,583280278,False
2021-01-07,22.72,28.736859,3.243323,10123111678.171,10123111678.171,583280278,583280278,False
2021-01-08,23.81,30.11552,3.398923,10608771525.407,10608771525.407,583280278,583280278,False
2021-01-11,23.86,30.178761,3.40606,10631049500.051,10631049500.051,583280278,583280278,False
2021-01-12,23.75,30.03963,3.390358,10582037955.835,10582037955.835,583280278,583280278,False
2021-01-13,23.45,29.660182,3.347532,10448370107.972,10448370107.972,583280278,583280278,False
2021-01-14,23.98,30.33054,3.423191,10684516639.197,10684516639.197,583280278,583280278,False
2021-01-15,22.9,28.964528,3.269018,10203312386.889,10203312386.889,583280278,583280278,False
2021-01-18,24.85,31.430939,3.547385,11072153398.0,11072153398.0,583280278,583280278,False
2021-01-19,24.2,30.608802,3.454596,10782539727.63,10782539727.63,583280278,583280278,False
2021-01-20,24.15,30.545561,3.447458,10760261752.986,10760261752.986,583280278,583280278,False
2021-01-21,23.91,30.242002,3.413198,10653327474.695,10653327474.695,583280278,583280278,False
2021-01-22,22.98,29.065714,3.280439,10238957146.319,10238957146.319,583280278,583280278,False
2021-01-25,22.37,28.294169,3.19336,9967165855.664,9967165855.664,583280278,583280278,False
2021-01-26,21.98,27.800887,3.137687,9793397653.442,9793397653.442,583280278,583280278,False
2021-01-27,22.48,28.4333,3.209063,10016177399.881,10016177399.881,583280278,583280278,False
2021-01-28,21.87,27.661756,3.121984,9744386109.226,9744386109.226,583280278,583280278,False
2021-01-29,21.28,26.915509,3.03776,9481506008.428,9481506008.428,583280278,583280278,False
2021-02-01,21.39,27.054639,3.053463,9530517552.644,9530517552.644,583280278,583280278,False
2021-02-02,21.42,27.092584,3.057746,9543884337.431,9543884337.431,583280278,583280278,False
2021-02-03,20.47,25.890999,2.922131,9120602819.197,9120602819.197,583280278,583280278,False
2021-02-04,20.75,26.245151,2.962102,9245359477.203,9245359477.203,583280278,583280278,False
2021-02-05,19.6,24.7906,2.797937,8732966060.394,8732966060.394,583280278,583280278,False
2021-02-08,19.5,24.664117,2.783662,8688410111.106,8688410111.106,583280278,583280278,False
2021-02-09,19.94,25.220641,2.846473,8884456287.972,8884456287.972,583280278,583280278,False
2021-02-10,20.24,25.600089,2.889298,9018124135.836,9018124135.836,583280278,583280278,False
2021-02-18,21.17,26.776378,3.022058,9432494464.211,9432494464.211,583280278,583280278,False
2021-02-19,21.52,27.219067,3.072021,9588440286.719,9588440286.719,583280278,583280278,False
2021-02-22,21.2,26.814322,3.02634,9445861248.998,9445861248.998,583280278,583280278,False
2021-02-23,20.95,26.498116,2.990652,9334471375.778,9334471375.778,583280278,583280278,False
2021-02-24,21.2,26.814322,3.02634,9445861248.998,9445861248.998,583280278,583280278,False
2021-02-25,20.85,26.371633,2.976377,9289915426.491,9289915426.491,583280278,583280278,False
2021-02-26,20.88,26.409578,2.98066,9303282211.277,9303282211.277,583280278,583280278,False
2021-03-01,21.37,27.029343,3.050608,9521606362.787,9521606362.787,583280278,583280278,False
2021-03-02,21.17,26.776378,3.022058,9432494464.211,9432494464.211,583280278,583280278,False
2021-03-03,21.2,26.814322,3.02634,9445861248.998,9445861248.998,583280278,583280278,False
2021-03-04,20.9,26.434874,2.983515,9312193401.135,9312193401.135,583280278,583280278,False
2021-03-05,21.3,26.940805,3.040615,9490417198.286,9490417198.286,583280278,583280278,False
2021-03-08,21.16,26.763729,3.02063,9428038869.283,9428038869.283,583280278,583280278,False
2021-03-09,20.51,25.941592,2.927841,9138425198.912,9138425198.912,583280278,583280278,False
2021-03-10,19.8,25.043565,2.826488,8822077958.97,8822077958.97,583280278,583280278,False
2021-03-11,20.9,26.434874,2.983515,9312193401.135,9312193401.135,583280278,583280278,False
2021-03-12,20.33,25.713923,2.902146,9058224490.195,9058224490.195,583280278,583280278,False
2021-03-15,20.21,25.562144,2.885016,9004757351.049,9004757351.049,583280278,583280278,False
2021-03-16,20.21,25.562144,2.885016,9004757351.049,9004757351.049,583280278,583280278,False
2021-03-17,20.36,25.751868,2.906429,9071591274.981,9071591274.981,583280278,583280278,False
2021-03-18,19.95,25.233289,2.8479,8888911882.901,8888911882.901,583280278,583280278,False
2021-03-19,19.83,25.08151,2.83077,8835444743.756,8835444743.756,583280278,583280278,False
2021-03-22,19.98,25.271234,2.852183,8902278667.688,8902278667.688,583280278,583280278,False
2021-03-23,20.1,25.423013,2.869313,8955745806.833,8955745806.833,583280278,583280278,False
2021-03-24,20.14,25.473606,2.875023,8973568186.548,8973568186.548,583280278,583280278,False
2021-03-25,20.21,25.562144,2.885016,9004757351.049,9004757351.049,583280278,583280278,False
2021-03-26,20.27,25.638034,2.893581,9031490920.622,9031490920.622,583280278,583280278,False
2021-03-29,20.02,25.321827,2.857893,8920101047.403,8920101047.403,583280278,583280278,False
2021-03-30,20.05,25.359772,2.862176,8933467832.189,8933467832.189,583280278,583280278,False
2021-03-31,19.9,25.170048,2.840763,8866633908.257,8866633908.257,583280278,583280278,False
2021-04-01,19.97,25.258586,2.850755,8897823072.759,8897823072.759,583280278,583280278,False
2021-04-02,20.1,25.423013,2.869313,8955745806.833,8955745806.833,583280278,583280278,False
2021-04-06,20.24,25.600089,2.889298,9018124135.836,9018124135.836,583280278,583280278,False
2021-04-07,20.18,25.524199,2.880733,8991390566.263,8991390566.263,583280278,583280278,False
2021-04-08,20.08,25.397717,2.866458,8946834616.975,8946834616.975,583280278,583280278,False
2021-04-09,19.86,25.119455,2.835053,8848811528.542,8848811528.542,583280278,583280278,False
2021-04-12,19.63,24.828545,2.80222,8746332845.18,8746332845.18,583280278,583280278,False
2021-04-13,19.65,24.853841,2.805075,8755244035.038,8755244035.038,583280278,583280278,False
2021-04-14,19.62,24.815897,2.800792,8741877250.252,8741877250.252,583280278,583280278,False
2021-04-15,19.94,27.813007,2.846473,8884456287.972,8884456287.972,583280278,583280278,False
2021-04-16,20.25,28.245405,2.890726,9022579730.764,9022579730.764,583280278,583280278,False
2021-04-19,20.53,28.635959,2.930696,9147336388.77,9147336388.77,583280278,583280278,False
2021-04-20,20.58,28.705701,2.937834,9169614363.414,9169614363.414,583280278,583280278,False
2021-04-21,20.4,28.454631,2.912139,9089413654.696,9089413654.696,583280278,583280278,False
2021-04-22,20.5,28.594114,2.926414,9133969603.984,9133969603.984,583280278,583280278,False
2021-04-23,20.26,28.259354,2.892153,9027035325.693,9027035325.693,583280278,583280278,False
2021-04-26,20.12,28.064077,2.872168,8964656996.69,8964656996.69,583280278,583280278,False
2021-04-27,19.95,27.826955,2.8479,8888911882.901,8888911882.901,583280278,583280278,False
2021-04-28,19.84,27.673523,2.832198,8839900338.685,8839900338.685,583280278,583280278,False
2021-04-29,19.88,27.729317,2.837908,8857722718.4,8857722718.4,583280278,583280278,False
2021-04-30,18.78,20.87534,2.58753,8367607276.235,8367607276.235,583280278,583280278,False
2021-05-06,18.9,21.008729,2.604063,8421074415.38,8421074415.38,583280278,583280278,False
2021-05-07,18.62,20.697488,2.565485,8296317757.374,8296317757.374,583280278,583280278,False
2021-05-10,18.34,20.386248,2.526906,8171561099.369,8171561099.369,583280278,583280278,False
2021-05-11,18.79,20.886456,2.588908,8372062871.164,8372062871.164,583280278,583280278,False
2021-05-12,18.83,20.930919,2.594419,8389885250.879,8389885250.879,583280278,583280278,False
2021-05-13,18.76,20.853109,2.584774,8358696086.377,8358696086.377,583280278,583280278,False
2021-05-14,19.05,21.175465,2.624731,8487908339.312,8487908339.312,583280278,583280278,False
2021-05-17,18.91,21.019844,2.605441,8425530010.309,8425530010.309,583280278,583280278,False
2021-05-18,18.94,21.053192,2.609575,8438896795.095,8438896795.095,583280278,583280278,False
2021-05-19,18.68,20.764183,2.573752,8323051326.947,8323051326.947,583280278,583280278,False
2021-05-20,18.88,20.986497,2.601308,8412163225.523,8412163225.523,583280278,583280278,False
2021-05-21,19.24,21.386664,2.650909,8572564642.958,8572564642.958,583280278,583280278,False
2021-05-24,19.61,21.797946,2.701888,8737421655.323,8737421655.323,583280278,583280278,False
2021-05-25,19.71,21.909103,2.715666,8781977604.611,8781977604.611,583280278,583280278,False
2021-05-26,19.42,21.586747,2.67571,8652765351.676,8652765351.676,583280278,583280278,False
2021-05-27,19.82,22.031376,2.730822,8830989148.827,8830989148.827,583280278,583280278,False
2021-05-28,19.9,22.120302,2.741845,8866633908.257,8866633908.257,583280278,583280278,False
2021-05-31,20.01,22.242575,2.757,8915645452.474,8915645452.474,583280278,583280278,False
2021-06-01,20.62,22.920634,2.841047,9187436743.129,9187436743.129,583280278,583280278,False
2021-06-02,20.27,22.531584,2.792824,9031490920.622,9031490920.622,583280278,583280278,False
2021-06-03,20.41,22.687204,2.812113,9093869249.625,9093869249.625,583280278,583280278,False
2021-06-04,20.68,22.987329,2.849314,9214170312.702,9214170312.702,583280278,583280278,False
2021-06-07,21.04,23.387495,2.898915,9374571730.137,9374571730.137,583280278,583280278,False
2021-06-08,20.97,23.309685,2.88927,9343382565.636,9343382565.636,583280278,583280278,False
2021-06-09,21.14,23.498652,2.912693,9419127679.425,9419127679.425,583280278,583280278,False
2021-06-10,21.53,23.932166,2.966428,9592895881.647,9592895881.647,583280278,583280278,False
2021-06-11,21.35,23.732082,2.941627,9512695172.929,9512695172.929,583280278,583280278,False
2021-06-15,20.94,23.276338,2.885137,9330015780.85,9330015780.85,583280278,583280278,False
2021-06-16,20.98,23.3208,2.890648,9347838160.565,9347838160.565,583280278,583280278,False
2021-06-17,21.32,23.698735,2.937494,9499328388.143,9499328388.143,583280278,583280278,False
2021-06-18,22.04,24.499068,3.036696,9820131223.015,9820131223.015,583280278,583280278,False
2021-06-21,21.76,24.187827,2.998117,9695374565.009,9695374565.009,583280278,583280278,False
2021-06-22,21.66,24.07667,2.984339,9650818615.721,9650818615.721,583280278,583280278,False
2021-06-23,22.12,24.587994,3.047719,9855775982.445,9855775982.445,583280278,583280278,False
2021-06-24,21.6,24.009976,2.976072,9624085046.149,9624085046.149,583280278,583280278,False
2021-06-25,21.37,23.754314,2.944383,9521606362.787,9521606362.787,583280278,583280278,False
2021-06-28,21.25,23.620925,2.927849,9468139223.642,9468139223.642,583280278,583280278,False
2021-06-29,20.81,23.131833,2.867225,9272093046.776,9272093046.776,583280278,583280278,False
2021-06-30,21.35,23.732082,2.941627,9512695172.929,9512695172.929,583280278,583280278,False
2021-07-01,21.45,23.84324,2.955405,9557251122.217,9557251122.217,583280278,583280278,False
2021-07-02,21.4,23.787661,2.948516,9534973147.573,9534973147.573,583280278,583280278,False
2021-07-05,21.38,23.76543,2.945761,9526061957.716,9526061957.716,583280278,583280278,False
2021-07-06,21.88,24.321216,3.014651,9748841704.154,9748841704.154,583280278,583280278,False
2021-07-07,21.79,24.221175,3.002251,9708741349.795,9708741349.795,583280278,583280278,False
2021-07-08,22.85,25.399442,3.148299,10181034412.245,10181034412.245,583280278,583280278,False
2021-07-09,22.57,25.088201,3.10972,10056277754.24,10056277754.24,583280278,583280278,False
2021-07-12,23.7,26.344279,3.265413,10559759981.191,10559759981.191,583280278,583280278,False
2021-07-13,24.13,26.822255,3.324659,10751350563.128,10751350563.128,583280278,583280278,False
2021-07-14,23.77,26.422089,3.275058,10590949145.692,10590949145.692,583280278,583280278,False
2021-07-15,24.62,27.366926,3.392172,10969674714.638,10969674714.638,583280278,583280278,False
2021-07-16,24.68,27.43362,3.400438,10996408284.211,10996408284.211,583280278,583280278,False
2021-07-19,27.15,30.179206,3.740758,12096940231.617,12096940231.617,583280278,583280278,False
2021-07-20,26.35,29.289947,3.630533,11740492637.316,11740492637.316,583280278,583280278,False
2021-07-21,27.5,30.568256,3.788981,12252886054.124,12252886054.124,583280278,583280278,False
2021-07-22,26.85,29.845734,3.699423,11963272383.754,11963272383.754,583280278,583280278,False
2021-07-23,26.58,29.545609,3.662223,11842971320.677,11842971320.677,583280278,583280278,False
2021-07-26,24.7,27.455852,3.403194,11005319474.068,11005319474.068,583280278,583280278,False
2021-07-27,25.19,28.000523,3.470707,11223643625.578,11223643625.578,583280278,583280278,False
2021-07-28,25.3,28.122796,3.485863,11272655169.795,11272655169.795,583280278,583280278,False
2021-07-29,26.59,29.556725,3.6636,11847426915.606,11847426915.606,583280278,583280278,False
2021-07-30,27.8,30.901728,3.830316,12386553901.988,12386553901.988,583280278,583280278,False
2021-08-02,30.58,33.991901,4.213347,13625209292.186,13625209292.186,583280278,583280278,False
2021-08-03,31.04,34.503224,4.276726,13830166658.91,13830166658.91,583280278,583280278,False
2021-08-04,30.75,34.180868,4.23677,13700954405.976,13700954405.976,583280278,583280278,False
2021-08-05,30.99,34.447646,4.269837,13807888684.266,13807888684.266,583280278,583280278,False
2021-08-06,30.7,34.12529,4.229881,13678676431.332,13678676431.332,583280278,583280278,False
2021-08-09,31.6,35.125705,4.353884,14079679974.921,14079679974.921,583280278,583280278,False
2021-08-10,30.8,34.236447,4.243659,13723232380.619,13723232380.619,583280278,583280278,False
2021-08-11,30.34,33.725123,4.18028,13518275013.896,13518275013.896,583280278,583280278,False
2021-08-12,30.03,33.380536,4.137567,13380151571.104,13380151571.104,583280278,583280278,False
2021-08-13,28.55,31.735408,3.933651,12720723521.646,12720723521.646,583280278,583280278,False
2021-08-16,29.89,33.224915,4.118278,13317773242.101,13317773242.101,583280278,583280278,False
2021-08-17,28.78,31.991069,3.965341,12823202205.007,12823202205.007,583280278,583280278,False
2021-08-18,27.79,30.890612,3.828938,12382098307.059,12382098307.059,583280278,583280278,False
2021-08-19,28.09,31.224084,3.870272,12515766154.922,12515766154.922,583280278,583280278,False
2021-08-20,28.45,31.62425,3.919873,12676167572.358,12676167572.358,583280278,583280278,False
2021-08-23,27.25,30.290363,3.754536,12141496180.905,12141496180.905,583280278,583280278,False
2021-08-24,27.54,30.612719,3.794492,12270708433.84,12270708433.84,583280278,583280278,False
2021-08-25,27.02,25.589163,3.588303,12039017497.543,12039017497.543,583280278,583280278,False
2021-08-26,26.6,25.191404,3.532526,11851882510.535,11851882510.535,583280278,583280278,False
2021-08-27,26.78,25.361873,3.55643,11932083219.253,11932083219.253,583280278,583280278,False
2021-08-30,27.07,25.636516,3.594943,12061295472.187,12061295472.187,583280278,583280278,False
2021-08-31,25.72,24.358005,3.41566,11459790156.803,11459790156.803,583280278,583280278,False
2021-09-01,25.7,24.339064,3.413004,11450878966.945,11450878966.945,583280278,583280278,False
2021-09-02,25.82,24.452709,3.428941,11504346106.091,11504346106.091,583280278,583280278,False
2021-09-03,25.78,24.414827,3.423628,11486523726.376,11486523726.376,583280278,583280278,False
2021-09-06,25.84,24.47165,3.431597,11513257295.948,11513257295.948,583280278,583280278,False
2021-09-07,26.15,24.765234,3.472765,11651380738.74,11651380738.74,583280278,583280278,False
2021-09-08,27.56,26.100568,3.660016,12279619623.697,12279619623.697,583280278,583280278,False
2021-09-09,27.2,25.759632,3.612207,12119218206.261,12119218206.261,583280278,583280278,False
2021-09-10,26.35,24.954643,3.499325,11740492637.316,11740492637.316,583280278,583280278,False
2021-09-13,26.11,24.727352,3.467453,11633558359.025,11633558359.025,583280278,583280278,False
2021-09-14,25.07,23.742425,3.329339,11170176486.433,11170176486.433,583280278,583280278,False
2021-09-15,24.98,23.657191,3.317387,11130076132.074,11130076132.074,583280278,583280278,False
2021-09-16,24.2,22.918496,3.213802,10782539727.63,10782539727.63,583280278,583280278,False
2021-09-17,24.29,23.00373,3.225754,10822640081.989,10822640081.989,583280278,583280278,False
2021-09-22,24.2,22.918496,3.213802,10782539727.63,10782539727.63,583280278,583280278,False
2021-09-23,24.91,23.590898,3.308091,11098886967.572,11098886967.572,583280278,583280278,False
2021-09-24,25.1,23.770836,3.333323,11183543271.219,11183543271.219,583280278,583280278,False
2021-09-27,24.74,23.4299,3.285515,11023141853.783,11023141853.783,583280278,583280278,False
2021-09-28,25.2,23.865541,3.346603,11228099220.507,11228099220.507,583280278,583280278,False
2021-09-29,24.08,22.80485,3.197866,10729072588.484,10729072588.484,583280278,583280278,False
2021-09-30,24.74,23.4299,3.285515,11023141853.783,11023141853.783,583280278,583280278,False
2021-10-08,24.57,23.268902,3.262938,10947396739.994,10947396739.994,583280278,583280278,False
2021-10-11,25.41,24.06442,3.374492,11321666714.011,11321666714.011,583280278,583280278,False
2021-10-12,25.44,24.092832,3.378476,11335033498.797,11335033498.797,583280278,583280278,False
2021-10-13,24.3,23.0132,3.227082,10827095676.917,10827095676.917,583280278,583280278,False
2021-10-14,23.68,22.426032,3.144745,10550848791.333,10550848791.333,583280278,583280278,False
2021-10-15,23.82,22.558618,3.163337,10613227120.336,10613227120.336,583280278,583280278,False
2021-10-18,23.88,22.615441,3.171305,10639960689.909,10639960689.909,583280278,583280278,False
2021-10-19,23.78,22.520737,3.158025,10595404740.621,10595404740.621,583280278,583280278,False
2021-10-20,22.89,21.677866,3.039831,10198856791.96,10198856791.96,583280278,583280278,False
2021-10-21,22.8,21.592632,3.027879,10158756437.601,10158756437.601,583280278,583280278,False
2021-10-22,22.35,21.166462,2.968119,9958254665.807,9958254665.807,583280278,583280278,False
2021-10-25,22.68,21.478987,3.011943,10105289298.456,10105289298.456,583280278,583280278,False
2021-10-26,22.87,21.658925,3.037175,10189945602.103,10189945602.103,583280278,583280278,False
2021-10-27,22.45,21.261166,2.981399,10002810615.094,10002810615.094,583280278,583280278,False
2021-10-28,21.89,21.859805,2.761299,9753297299.083,9753297299.083,583280278,583280278,False
2021-10-29,21.91,21.879778,2.763822,9762208488.941,9762208488.941,583280278,583280278,False
2021-11-01,22.62,22.588798,2.853384,10078555728.883,10078555728.883,583280278,583280278,False
2021-11-02,22.64,22.608771,2.855907,10087466918.741,10087466918.741,583280278,583280278,False
2021-11-03,22.79,22.758564,2.874829,10154300842.673,10154300842.673,583280278,583280278,False
2021-11-04,23.51,23.47757,2.965653,10475103677.544,10475103677.544,583280278,583280278,False
2021-11-05,23.77,23.737212,2.99845,10590949145.692,10590949145.692,583280278,583280278,False
2021-11-08,23.69,23.657322,2.988359,10555304386.262,10555304386.262,583280278,583280278,False
2021-11-09,24.02,23.986867,3.029986,10702339018.912,10702339018.912,583280278,583280278,False
2021-11-10,24.31,24.276467,3.066568,10831551271.846,10831551271.846,583280278,583280278,False
2021-11-11,24.35,24.316412,3.071614,10849373651.561,10849373651.561,583280278,583280278,False
2021-11-12,24.62,24.586039,3.105673,10969674714.638,10969674714.638,583280278,583280278,False
2021-11-15,24.59,24.556081,3.101889,10956307929.852,10956307929.852,583280278,583280278,False
2021-11-16,24.98,24.945543,3.151085,11130076132.074,11130076132.074,583280278,583280278,False
2021-11-17,24.97,24.935557,3.149824,11125620537.145,11125620537.145,583280278,583280278,False
2021-11-18,24.73,24.695888,3.119549,11018686258.854,11018686258.854,583280278,583280278,False
2021-11-19,25.09,25.055391,3.164961,11179087676.29,11179087676.29,583280278,583280278,False
2021-11-22,25.2,25.165239,3.178837,11228099220.507,11228099220.507,583280278,583280278,False
2021-11-23,25.4,25.364963,3.204066,11317211119.082,11317211119.082,583280278,583280278,False
2021-11-24,25.89,25.854288,3.265876,11535535270.592,11535535270.592,583280278,583280278,False
2021-11-25,24.97,24.935557,3.149824,11125620537.145,11125620537.145,583280278,583280278,False
2021-11-26,25.14,25.105322,3.171268,11201365650.934,11201365650.934,583280278,583280278,False
2021-11-29,24.8,24.765791,3.128379,11049875423.356,11049875423.356,583280278,583280278,False
2021-11-30,25.2,25.165239,3.178837,11228099220.507,11228099220.507,583280278,583280278,False
2021-12-01,25.49,25.454839,3.215419,11357311473.441,11357311473.441,583280278,583280278,False
2021-12-02,24.78,24.745819,3.125856,11040964233.498,11040964233.498,583280278,583280278,False
2021-12-03,25.25,25.21517,3.185144,11250377195.151,11250377195.151,583280278,583280278,False
2021-12-06,23.39,23.357736,2.950515,10421636538.399,10421636538.399,583280278,583280278,False
2021-12-07,23.38,23.34775,2.949254,10417180943.47,10417180943.47,583280278,583280278,False
2021-12-08,23.62,23.587419,2.979529,10524115221.761,10524115221.761,583280278,583280278,False
2021-12-09,23.63,23.597405,2.98079,10528570816.69,10528570816.69,583280278,583280278,False
2021-12-10,23.68,23.647336,2.987097,10550848791.333,10550848791.333,583280278,583280278,False
2021-12-13,23.79,23.757184,3.000973,10599860335.55,10599860335.55,583280278,583280278,False
2021-12-14,23.96,23.92695,3.022418,10675605449.339,10675605449.339,583280278,583280278,False
2021-12-15,23.79,23.757184,3.000973,10599860335.55,10599860335.55,583280278,583280278,False
2021-12-16,23.73,23.697267,2.993405,10573126765.977,10573126765.977,583280278,583280278,False
2021-12-17,23.21,23.177984,2.92781,10341435829.681,10341435829.681,583280278,583280278,False
2021-12-20,22.62,22.588798,2.853384,10078555728.883,10078555728.883,583280278,583280278,False
2021-12-21,22.89,22.858426,2.887443,10198856791.96,10198856791.96,583280278,583280278,False
2021-12-22,23.07,23.038177,2.910149,10279057500.678,10279057500.678,583280278,583280278,False
2021-12-23,22.96,22.928329,2.896273,10230045956.462,10230045956.462,583280278,583280278,False
2021-12-24,22.57,22.538867,2.847077,10056277754.24,10056277754.24,583280278,583280278,False
2021-12-27,22.83,22.798508,2.879875,10172123222.388,10172123222.388,583280278,583280278,False
2021-12-28,23.3,23.26786,2.939163,10381536184.04,10381536184.04,583280278,583280278,False
2021-12-29,23.32,23.287833,2.941685,10390447373.898,10390447373.898,583280278,583280278,False
2021-12-30,23.59,23.55746,2.975744,10510748436.974,10510748436.974,583280278,583280278,False
2021-12-31,23.57,23.537488,2.973221,10501837247.117,10501837247.117,583280278,583280278,False
2022-01-04,24.06,24.026812,3.035032,10720161398.627,10720161398.627,583280278,583280278,False
2022-01-05,24.08,24.046784,3.037555,10729072588.484,10729072588.484,583280278,583280278,False
2022-01-06,24.05,24.016826,3.033771,10715705803.698,10715705803.698,583280278,583280278,False
2022-01-07,23.89,23.857046,3.013588,10644416284.838,10644416284.838,583280278,583280278,False
2022-01-10,24.91,24.875639,3.142255,11098886967.572,11098886967.572,583280278,583280278,False
2022-01-11,24.36,24.326398,3.072875,10853829246.49,10853829246.49,583280278,583280278,False
2022-01-12,24.27,24.236522,3.061522,10813728892.131,10813728892.131,583280278,583280278,False
2022-01-13,24.35,24.316412,3.071614,10849373651.561,10849373651.561,583280278,583280278,False
2022-01-14,24.04,24.006839,3.032509,10711250208.769,10711250208.769,583280278,583280278,False
2022-01-17,25.64,25.604632,3.23434,11424145397.373,11424145397.373,583280278,583280278,False
2022-01-18,25.88,25.844301,3.264615,11531079675.663,11531079675.663,583280278,583280278,False
2022-01-19,26.13,26.093956,3.296151,11642469548.883,11642469548.883,583280278,583280278,False
2022-01-20,26.06,26.024053,3.287321,11611280384.381,11611280384.381,583280278,583280278,False
2022-01-21,25.61,25.574674,3.230556,11410778612.586,11410778612.586,583280278,583280278,False
2022-01-24,25.63,25.594646,3.233079,11419689802.444,11419689802.444,583280278,583280278,False
2022-01-25,23.8,23.76717,3.002235,10604315930.479,10604315930.479,583280278,583280278,False
2022-01-26,23.65,23.617377,2.983313,10537482006.547,10537482006.547,583280278,583280278,False
2022-01-27,21.71,21.680053,2.738593,9673096590.365,9673096590.365,583280278,583280278,False
2022-01-28,21.92,21.889764,2.765083,9766664083.869,9766664083.869,583280278,583280278,False
2022-02-07,22.88,22.84844,2.886182,10194401197.032,10194401197.032,583280278,583280278,False
2022-02-08,23.23,23.197957,2.930332,10350347019.539,10350347019.539,583280278,583280278,False
2022-02-09,25.55,25.514757,3.222987,11384045043.014,11384045043.014,583280278,583280278,False
2022-02-10,25.86,25.824329,3.262092,11522168485.806,11522168485.806,583280278,583280278,False
2022-02-11,25.74,25.704494,3.246955,11468701346.661,11468701346.661,583280278,583280278,False
2022-02-14,25.39,25.354977,3.202804,11312755524.153,11312755524.153,583280278,583280278,False
2022-02-15,25.3,25.265101,3.191451,11272655169.795,11272655169.795,583280278,583280278,False
2022-02-16,25.59,25.554701,3.228033,11401867422.729,11401867422.729,583280278,583280278,False
2022-02-17,25.38,25.344991,3.201543,11308299929.225,11308299929.225,583280278,583280278,False
2022-02-18,26.27,26.233763,3.313811,11704847877.885,11704847877.885,583280278,583280278,False
2022-02-21,27.42,27.382177,3.458877,12217241294.694,12217241294.694,583280278,583280278,False
2022-02-22,26.78,26.74306,3.378145,11932083219.253,11932083219.253,583280278,583280278,False
2022-02-23,26.77,26.733074,3.376883,11927627624.324,11927627624.324,583280278,583280278,False
2022-02-24,25.68,25.644577,3.239386,11441967777.088,11441967777.088,583280278,583280278,False
2022-02-25,25.7,25.66455,3.241909,11450878966.945,11450878966.945,583280278,583280278,False
2022-02-28,25.83,25.79437,3.258308,11508801701.019,11508801701.019,583280278,583280278,False
2022-03-01,25.92,25.884246,3.269661,11548902055.378,11548902055.378,583280278,583280278,False
2022-03-02,25.6,25.564688,3.229294,11406323017.658,11406323017.658,583280278,583280278,False
2022-03-03,25.15,25.115308,3.172529,11205821245.863,11205821245.863,583280278,583280278,False
2022-03-04,24.16,24.126674,3.047647,10764717347.914,10764717347.914,583280278,583280278,False
2022-03-07,23.25,23.217929,2.932855,10359258209.396,10359258209.396,583280278,583280278,False
2022-03-08,23.08,23.048164,2.911411,10283513095.607,10283513095.607,583280278,583280278,False
2022-03-09,23.41,23.377708,2.953038,10430547728.257,10430547728.257,583280278,583280278,False
2022-03-10,23.51,23.47757,2.965653,10475103677.544,10475103677.544,583280278,583280278,False
2022-03-11,23.59,23.55746,2.975744,10510748436.974,10510748436.974,583280278,583280278,False
2022-03-14,22.52,22.488936,2.84077,10033999779.596,10033999779.596,583280278,583280278,False
2022-03-15,21.58,21.550233,2.722194,9615173856.291,9615173856.291,583280278,583280278,False
2022-03-16,22.46,22.429019,2.833201,10007266210.023,10007266210.023,583280278,583280278,False
2022-03-17,22.47,22.439005,2.834463,10011721804.952,10011721804.952,583280278,583280278,False
2022-03-18,22.51,22.47895,2.839508,10029544184.667,10029544184.667,583280278,583280278,False
2022-03-21,22.21,22.179364,2.801665,9895876336.804,9895876336.804,583280278,583280278,False
2022-03-22,22.34,22.309184,2.818064,9953799070.878,9953799070.878,583280278,583280278,False
2022-03-23,23.03,22.998233,2.905104,10261235120.963,10261235120.963,583280278,583280278,False
2022-03-24,22.31,22.279226,2.81428,9940432286.092,9940432286.092,583280278,583280278,False
2022-03-25,21.02,22.275443,2.612656,9365660540.28,9365660540.28,583280278,583280278,False
2022-03-28,20.41,21.62901,2.536836,9093869249.625,9093869249.625,583280278,583280278,False
2022-03-29,19.82,21.003772,2.463503,8830989148.827,8830989148.827,583280278,583280278,False
2022-03-30,20.13,21.332287,2.502034,8969112591.619,8969112591.619,583280278,583280278,False
2022-03-31,20.36,21.576024,2.530622,9071591274.981,9071591274.981,583280278,583280278,False
2022-04-01,20.05,21.247509,2.492091,8933467832.189,8933467832.189,583280278,583280278,False
2022-04-06,20.31,21.523038,2.524407,9049313300.337,9049313300.337,583280278,583280278,False
2022-04-07,20.54,21.766775,2.552995,9151791983.699,9151791983.699,583280278,583280278,False
2022-04-08,20.48,21.703191,2.545537,9125058414.126,9125058414.126,583280278,583280278,False
2022-04-11,19.35,20.505701,2.405085,8621576187.175,8621576187.175,583280278,583280278,False
2022-04-12,19.74,20.918994,2.45356,8795344389.397,8795344389.397,583280278,583280278,False
2022-04-13,19.12,20.261964,2.376497,8519097503.813,8519097503.813,583280278,583280278,False
2022-04-14,20.24,21.448857,2.515707,9018124135.836,9018124135.836,583280278,583280278,False
2022-04-15,20.44,21.660802,2.540565,9107236034.411,9107236034.411,583280278,583280278,False
2022-04-18,20.89,22.137679,2.596497,9307737806.206,9307737806.206,583280278,583280278,False
2022-04-19,20.9,22.148276,2.59774,9312193401.135,9312193401.135,583280278,583280278,False
2022-04-20,20.86,22.105887,2.592769,9294371021.42,9294371021.42,583280278,583280278,False
2022-04-21,20.56,21.787969,2.555481,9160703173.556,9160703173.556,583280278,583280278,False
2022-04-22,21.17,22.434402,2.6313,9432494464.211,9432494464.211,583280278,583280278,False
2022-04-25,19.88,21.067356,2.470961,8857722718.4,8857722718.4,583280278,583280278,False
2022-04-26,19.99,21.183926,2.484633,8906734262.616,8906734262.616,583280278,583280278,False
2022-04-27,21.11,22.370819,2.623842,9405760894.639,9405760894.639,583280278,583280278,False
2022-04-28,21.51,22.794709,2.67356,9583984691.79,9583984691.79,583280278,583280278,False
2022-04-29,21.75,20.109952,2.633923,9690918970.08,9690918970.08,583280278,583280278,False
2022-05-05,21.6,19.971263,2.615758,9624085046.149,9624085046.149,583280278,583280278,False
2022-05-06,20.78,19.213095,2.516456,9258726261.989,9258726261.989,583280278,583280278,False
2022-05-09,21.57,19.943525,2.612125,9610718261.362,9610718261.362,583280278,583280278,False
2022-05-10,22.3,20.61848,2.700528,9935976691.163,9935976691.163,583280278,583280278,False
2022-05-11,21.83,20.18392,2.643611,9726563729.51,9726563729.51,583280278,583280278,False
2022-05-12,22.02,20.359593,2.66662,9811220033.157,9811220033.157,583280278,583280278,False
2022-05-13,21.87,20.220904,2.648455,9744386109.226,9744386109.226,583280278,583280278,False
2022-05-16,21.72,20.082214,2.63029,9677552185.294,9677552185.294,583280278,583280278,False
2022-05-17,21.9,20.248642,2.652088,9757752894.012,9757752894.012,583280278,583280278,False
2022-05-18,21.53,19.906541,2.607281,9592895881.647,9592895881.647,583280278,583280278,False
2022-05-19,21.43,19.814082,2.595171,9548339932.36,9548339932.36,583280278,583280278,False
2022-05-20,21.69,20.054476,2.626657,9664185400.508,9664185400.508,583280278,583280278,False
2022-05-23,21.86,20.211658,2.647244,9739930514.297,9739930514.297,583280278,583280278,False
2022-05-24,20.54,18.991192,2.487392,9151791983.699,9151791983.699,583280278,583280278,False
2022-05-25,20.78,19.213095,2.516456,9258726261.989,9258726261.989,583280278,583280278,False
2022-05-26,21.4,19.786344,2.591538,9534973147.573,9534973147.573,583280278,583280278,False
2022-05-27,21.45,19.832574,2.597593,9557251122.217,9557251122.217,583280278,583280278,False
2022-05-30,21.45,19.832574,2.597593,9557251122.217,9557251122.217,583280278,583280278,False
2022-05-31,21.74,20.100706,2.632712,9686463375.152,9686463375.152,583280278,583280278,False
2022-06-01,21.7,20.063722,2.627868,9668640995.436,9668640995.436,583280278,583280278,False
2022-06-02,21.91,20.257887,2.653299,9762208488.941,9762208488.941,583280278,583280278,False
2022-06-06,22.29,20.609234,2.699317,9931521096.234,9931521096.234,583280278,583280278,False
2022-06-07,22.06,20.396577,2.671464,9829042412.872,9829042412.872,583280278,583280278,False
2022-06-08,21.98,20.322609,2.661776,9793397653.442,9793397653.442,583280278,583280278,False
2022-06-09,21.57,19.943525,2.612125,9610718261.362,9610718261.362,583280278,583280278,False
2022-06-10,21.83,20.18392,2.643611,9726563729.51,9726563729.51,583280278,583280278,False
2022-06-13,21.9,20.248642,2.652088,9757752894.012,9757752894.012,583280278,583280278,False
2022-06-14,21.42,19.804836,2.59396,9543884337.431,9543884337.431,583280278,583280278,False
2022-06-15,21.75,20.109952,2.633923,9690918970.08,9690918970.08,583280278,583280278,False
2022-06-16,22.06,20.396577,2.671464,9829042412.872,9829042412.872,583280278,583280278,False
2022-06-17,21.95,20.294871,2.658143,9780030868.656,9780030868.656,583280278,583280278,False
2022-06-20,22.05,20.387331,2.670253,9824586817.943,9824586817.943,583280278,583280278,False
2022-06-21,22.11,20.442807,2.677519,9851320387.516,9851320387.516,583280278,583280278,False
2022-06-22,21.28,19.675392,2.577006,9481506008.428,9481506008.428,583280278,583280278,False
2022-06-23,21.71,20.072968,2.629079,9673096590.365,9673096590.365,583280278,583280278,False
2022-06-24,22.59,20.886612,2.735647,10065188944.097,10065188944.097,583280278,583280278,False
2022-06-27,22.4,20.710939,2.712638,9980532640.45,9980532640.45,583280278,583280278,False
2022-06-28,22.67,20.96058,2.745335,10100833703.527,10100833703.527,583280278,583280278,False
2022-06-29,22.6,20.895858,2.736858,10069644539.026,10069644539.026,583280278,583280278,False
2022-06-30,22.64,20.932842,2.741702,10087466918.741,10087466918.741,583280278,583280278,False
2022-07-01,22.51,20.812645,2.725959,10029544184.667,10029544184.667,583280278,583280278,False
2022-07-04,22.2,20.52602,2.688418,9891420741.875,9891420741.875,583280278,583280278,False
2022-07-05,22.08,20.415069,2.673886,9837953602.73,9837953602.73,583280278,583280278,False
2022-07-06,21.97,20.313363,2.660565,9788942058.513,9788942058.513,583280278,583280278,False
2022-07-07,22.07,20.405823,2.672675,9833498007.801,9833498007.801,583280278,583280278,False
2022-07-08,22.32,20.636972,2.70295,9944887881.02,9944887881.02,583280278,583280278,False
2022-07-11,21.92,20.267133,2.65451,9766664083.869,9766664083.869,583280278,583280278,False
2022-07-12,21.3,19.693884,2.579428,9490417198.286,9490417198.286,583280278,583280278,False
2022-07-13,21.42,19.804836,2.59396,9543884337.431,9543884337.431,583280278,583280278,False
2022-07-14,21.37,19.758606,2.587905,9521606362.787,9521606362.787,583280278,583280278,False
2022-07-15,20.65,19.092897,2.500713,9200803527.915,9200803527.915,583280278,583280278,False
2022-07-18,21.21,19.610671,2.568529,9450316843.927,9450316843.927,583280278,583280278,False
2022-07-19,22.73,21.016056,2.752601,10127567273.1,10127567273.1,583280278,583280278,False
2022-07-20,23.02,21.284188,2.78772,10256779526.034,10256779526.034,583280278,583280278,False
2022-07-21,22.71,20.997564,2.750179,10118656083.242,10118656083.242,583280278,583280278,False
2022-07-22,22.38,20.692447,2.710216,9971621450.593,9971621450.593,583280278,583280278,False
2022-07-25,22.16,20.489036,2.683574,9873598362.16,9873598362.16,583280278,583280278,False
2022-07-26,22.82,21.099269,2.7635,10167667627.459,10167667627.459,583280278,583280278,False
2022-07-27,22.72,21.00681,2.75139,10123111678.171,10123111678.171,583280278,583280278,False
2022-07-28,22.76,21.043794,2.756234,10140934057.886,10140934057.886,583280278,583280278,False
2022-07-29,22.52,20.821891,2.72717,10033999779.596,10033999779.596,583280278,583280278,False
2022-08-01,22.76,21.043794,2.756234,10140934057.886,10140934057.886,583280278,583280278,False
2022-08-02,21.68,20.04523,2.625446,9659729805.579,9659729805.579,583280278,583280278,False
2022-08-03,21.77,20.128444,2.636345,9699830159.938,9699830159.938,583280278,583280278,False
2022-08-04,21.93,20.276379,2.655721,9771119678.798,9771119678.798,583280278,583280278,False
2022-08-05,22.82,21.099269,2.7635,10167667627.459,10167667627.459,583280278,583280278,False
2022-08-08,22.86,21.136253,2.768344,10185490007.174,10185490007.174,583280278,583280278,False
2022-08-09,22.63,20.923596,2.740491,10083011323.812,10083011323.812,583280278,583280278,False
2022-08-10,22.32,20.636972,2.70295,9944887881.02,9944887881.02,583280278,583280278,False
2022-08-11,22.85,21.127007,2.767133,10181034412.245,10181034412.245,583280278,583280278,False
2022-08-12,22.53,20.831137,2.728381,10038455374.525,10038455374.525,583280278,583280278,False
2022-08-15,22.27,20.590742,2.696895,9922609906.376,9922609906.376,583280278,583280278,False
2022-08-16,21.93,20.276379,2.655721,9771119678.798,9771119678.798,583280278,583280278,False
2022-08-17,22.07,20.405823,2.672675,9833498007.801,9833498007.801,583280278,583280278,False
2022-08-18,21.91,20.257887,2.653299,9762208488.941,9762208488.941,583280278,583280278,False
2022-08-19,21.63,19.999001,2.619391,9637451830.935,9637451830.935,583280278,583280278,False
2022-08-22,21.78,20.13769,2.637556,9704285754.867,9704285754.867,583280278,583280278,False
2022-08-23,21.45,19.832574,2.597593,9557251122.217,9557251122.217,583280278,583280278,False
2022-08-24,20.8,19.231586,2.518878,9267637451.847,9267637451.847,583280278,583280278,False
2022-08-25,20.72,19.157619,2.50919,9231992692.417,9231992692.417,583280278,583280278,False
2022-08-26,20.65,19.62968,2.424397,9200803527.915,9200803527.915,583280278,583280278,False
2022-08-29,20.1,19.106856,2.359825,8955745806.833,8955745806.833,583280278,583280278,False
2022-08-30,20.17,19.173397,2.368043,8986934971.334,8986934971.334,583280278,583280278,False
2022-08-31,19.94,18.954761,2.34104,8884456287.972,8884456287.972,583280278,583280278,False
2022-09-01,19.84,18.859702,2.3293,8839900338.685,8839900338.685,583280278,583280278,False
2022-09-02,20.15,19.154385,2.365695,8978023781.477,8978023781.477,583280278,583280278,False
2022-09-05,20.21,19.211421,2.372739,9004757351.049,9004757351.049,583280278,583280278,False
2022-09-06,20.34,19.334997,2.388002,9062680085.123,9062680085.123,583280278,583280278,False
2022-09-07,20.27,19.268456,2.379783,9031490920.622,9031490920.622,583280278,583280278,False
2022-09-08,19.92,18.93575,2.338692,8875545098.115,8875545098.115,583280278,583280278,False
2022-09-09,20.25,19.249444,2.377435,9022579730.764,9022579730.764,583280278,583280278,False
2022-09-13,20.43,19.42055,2.398568,9102780439.482,9102780439.482,583280278,583280278,False
2022-09-14,20.41,19.401539,2.39622,9093869249.625,9093869249.625,583280278,583280278,False
2022-09-15,20.08,19.087844,2.357477,8946834616.975,8946834616.975,583280278,583280278,False
2022-09-16,19.79,18.812173,2.323429,8817622364.041,8817622364.041,583280278,583280278,False
2022-09-19,19.14,18.194289,2.247117,8528008693.671,8528008693.671,583280278,583280278,False
2022-09-20,19.14,18.194289,2.247117,8528008693.671,8528008693.671,583280278,583280278,False
2022-09-21,19.19,18.241819,2.252987,8550286668.315,8550286668.315,583280278,583280278,False
2022-09-22,19.17,18.222807,2.250639,8541375478.457,8541375478.457,583280278,583280278,False
2022-09-23,18.8,18.133163,2.207199,8376518466.092,8376518466.092,583280278,583280278,False
2022-09-26,18.45,17.795577,2.166108,8220572643.585,8220572643.585,583280278,583280278,False
2022-09-27,18.82,18.152453,2.209547,8385429655.95,8385429655.95,583280278,583280278,False
2022-09-28,18.27,17.621962,2.144975,8140371934.867,8140371934.867,583280278,583280278,False
2022-09-29,18.2,17.554445,2.136757,8109182770.366,8109182770.366,583280278,583280278,False
2022-09-30,18.13,17.486928,2.128538,8077993605.865,8077993605.865,583280278,583280278,False
2022-10-10,17.6,16.975727,2.066314,7841847074.64,7841847074.64,583280278,583280278,False
2022-10-11,17.85,17.216859,2.095665,7953236947.859,7953236947.859,583280278,583280278,False
2022-10-12,18.6,17.940257,2.183718,8287406567.517,8287406567.517,583280278,583280278,False
2022-10-13,19.0,18.326069,2.23068,8465630364.668,8465630364.668,583280278,583280278,False
2022-10-14,19.1,18.422522,2.24242,8510186313.956,8510186313.956,583280278,583280278,False
2022-10-17,19.31,18.625073,2.267075,8603753807.46,8603753807.46,583280278,583280278,False
2022-10-18,19.28,18.596137,2.263553,8590387022.673,8590387022.673,583280278,583280278,False
2022-10-19,19.01,18.335714,2.231854,8470085959.597,8470085959.597,583280278,583280278,False
2022-10-20,19.14,18.461103,2.247117,8528008693.671,8528008693.671,583280278,583280278,False
2022-10-21,19.15,18.470748,2.248291,8532464288.599,8532464288.599,583280278,583280278,False
2022-10-24,18.88,18.210325,2.216592,8412163225.523,8412163225.523,583280278,583280278,False
2022-10-25,18.68,18.017419,2.193111,8323051326.947,8323051326.947,583280278,583280278,False
2022-10-26,19.29,18.605782,2.264727,8594842617.602,8594842617.602,583280278,583280278,False
2022-10-27,21.22,20.467325,2.491317,9454772438.855,9454772438.855,583280278,583280278,False
2022-10-28,20.09,19.01487,2.248325,8951290211.904,8951290211.904,583280278,583280278,False
2022-10-31,21.19,20.056003,2.371428,9441405654.069,9441405654.069,583280278,583280278,False
2022-11-01,21.02,19.895101,2.352403,9365660540.28,9365660540.28,583280278,583280278,False
2022-11-02,20.91,19.790987,2.340093,9316648996.063,9316648996.063,583280278,583280278,False
2022-11-03,20.53,19.431323,2.297566,9147336388.77,9147336388.77,583280278,583280278,False
2022-11-04,20.94,19.819382,2.34345,9330015780.85,9330015780.85,583280278,583280278,False
2022-11-07,20.81,19.696339,2.328902,9272093046.776,9272093046.776,583280278,583280278,False
2022-11-08,20.97,19.847776,2.346808,9343382565.636,9343382565.636,583280278,583280278,False
2022-11-09,21.49,20.339948,2.405002,9575073501.932,9575073501.932,583280278,583280278,False
2022-11-10,20.77,19.65848,2.324425,9254270667.061,9254270667.061,583280278,583280278,False
2022-11-11,20.65,19.544901,2.310996,9200803527.915,9200803527.915,583280278,583280278,False
2022-11-14,20.59,19.488112,2.304281,9174069958.343,9174069958.343,583280278,583280278,False
2022-11-15,20.89,19.772058,2.337855,9307737806.206,9307737806.206,583280278,583280278,False
2022-11-16,20.91,19.790987,2.340093,9316648996.063,9316648996.063,583280278,583280278,False
2022-11-17,21.64,20.481921,2.421789,9641907425.864,9641907425.864,583280278,583280278,False
2022-11-18,22.24,21.049812,2.488937,9909243121.59,9909243121.59,583280278,583280278,False
2022-11-21,21.82,20.652288,2.441933,9722108134.582,9722108134.582,583280278,583280278,False
2022-11-22,21.53,20.377808,2.409479,9592895881.647,9592895881.647,583280278,583280278,False
2022-11-23,20.93,19.809917,2.342331,9325560185.921,9325560185.921,583280278,583280278,False
2022-11-24,20.8,19.686874,2.327783,9267637451.847,9267637451.847,583280278,583280278,False
2022-11-25,20.32,19.232562,2.274064,9053768895.266,9053768895.266,583280278,583280278,False
2022-11-28,20.04,18.967546,2.242729,8929012237.26,8929012237.26,583280278,583280278,False
2022-11-29,20.34,19.251491,2.276303,9062680085.123,9062680085.123,583280278,583280278,False
2022-11-30,20.14,19.062194,2.25392,8973568186.548,8973568186.548,583280278,583280278,False
2022-12-01,20.82,19.705804,2.330021,9276548641.704,9276548641.704,583280278,583280278,False
2022-12-02,20.86,19.743663,2.334497,9294371021.42,9294371021.42,583280278,583280278,False
2022-12-05,21.24,20.103327,2.377024,9463683628.713,9463683628.713,583280278,583280278,False
2022-12-06,21.22,20.084397,2.374786,9454772438.855,9454772438.855,583280278,583280278,False
2022-12-07,20.88,19.762593,2.336736,9303282211.277,9303282211.277,583280278,583280278,False
2022-12-08,20.5,19.402929,2.294209,9133969603.984,9133969603.984,583280278,583280278,False
2022-12-09,20.48,19.383999,2.291971,9125058414.126,9125058414.126,583280278,583280278,False
2022-12-12,20.63,19.525972,2.308757,9191892338.058,9191892338.058,583280278,583280278,False
2022-12-13,20.19,19.109519,2.259516,8995846161.192,8995846161.192,583280278,583280278,False
2022-12-14,20.37,19.279886,2.27966,9076046869.91,9076046869.91,583280278,583280278,False
2022-12-15,20.36,19.270421,2.278541,9071591274.981,9071591274.981,583280278,583280278,False
2022-12-16,20.02,18.948616,2.240491,8920101047.403,8920101047.403,583280278,583280278,False
2022-12-19,19.53,18.484839,2.185654,8701776895.893,8701776895.893,583280278,583280278,False
2022-12-20,19.48,18.437515,2.180058,8679498921.249,8679498921.249,583280278,583280278,False
2022-12-21,19.21,18.181964,2.149841,8559197858.172,8559197858.172,583280278,583280278,False
2022-12-22,19.08,18.058921,2.135293,8501275124.098,8501275124.098,583280278,583280278,False
2022-12-23,19.2,18.172499,2.148722,8554742263.243,8554742263.243,583280278,583280278,False
2022-12-26,19.34,18.305007,2.16439,8617120592.246,8617120592.246,583280278,583280278,False
2022-12-27,19.37,18.333401,2.167747,8630487377.032,8630487377.032,583280278,583280278,False
2022-12-28,19.07,18.049456,2.134174,8496819529.169,8496819529.169,583280278,583280278,False
2022-12-29,18.97,17.954808,2.122982,8452263579.882,8452263579.882,583280278,583280278,False
2022-12-30,19.16,18.13464,2.144246,8536919883.528,8536919883.528,583280278,583280278,False
2023-01-03,19.82,18.759319,2.218108,8830989148.827,8830989148.827,583280278,583280278,False
2023-01-04,19.97,18.901292,2.234895,8897823072.759,8897823072.759,583280278,583280278,False
2023-01-05,20.03,18.958081,2.24161,8924556642.331,8924556642.331,583280278,583280278,False
2023-01-06,19.84,18.778249,2.220346,8839900338.685,8839900338.685,583280278,583280278,False
2023-01-09,19.9,18.835038,2.227061,8866633908.257,8866633908.257,583280278,583280278,False
2023-01-10,19.77,18.711995,2.212513,8808711174.183,8808711174.183,583280278,583280278,False
2023-01-11,19.68,18.626812,2.20244,8768610819.824,8768610819.824,583280278,583280278,False
2023-01-12,19.83,18.768784,2.219227,8835444743.756,8835444743.756,583280278,583280278,False
2023-01-13,19.73,18.674136,2.208036,8790888794.468,8790888794.468,583280278,583280278,False
2023-01-16,20.15,19.071659,2.255039,8978023781.477,8978023781.477,583280278,583280278,False
2023-01-17,20.13,19.05273,2.252801,8969112591.619,8969112591.619,583280278,583280278,False
2023-01-18,20.23,19.147378,2.263992,9013668540.907,9013668540.907,583280278,583280278,False
2023-01-19,20.42,19.32721,2.285256,9098324844.554,9098324844.554,583280278,583280278,False
2023-01-20,20.69,19.582761,2.315472,9218625907.63,9218625907.63,583280278,583280278,False
2023-01-30,20.74,19.630085,2.321068,9240903882.274,9240903882.274,583280278,583280278,False
2023-01-31,20.78,19.667944,2.325544,9258726261.989,9258726261.989,583280278,583280278,False
2023-02-01,21.08,19.95189,2.359118,9392394109.853,9392394109.853,583280278,583280278,False
2023-02-02,21.0,19.876171,2.350165,9356749350.422,9356749350.422,583280278,583280278,False
2023-02-03,21.16,20.027608,2.368071,9428038869.283,9428038869.283,583280278,583280278,False
2023-02-06,21.4,20.254765,2.39493,9534973147.573,9534973147.573,583280278,583280278,False
2023-02-07,21.83,20.661753,2.443053,9726563729.51,9726563729.51,583280278,583280278,False
2023-02-08,21.39,20.2453,2.393811,9530517552.644,9530517552.644,583280278,583280278,False
2023-02-09,22.45,21.248573,2.512438,10002810615.094,10002810615.094,583280278,583280278,False
2023-02-10,22.31,21.116065,2.496771,9940432286.092,9940432286.092,583280278,583280278,False
2023-02-13,22.82,21.598772,2.553846,10167667627.459,10167667627.459,583280278,583280278,False
2023-02-14,22.8,21.579843,2.551608,10158756437.601,10158756437.601,583280278,583280278,False
2023-02-15,23.69,22.422214,2.65121,10555304386.262,10555304386.262,583280278,583280278,False
2023-02-16,22.7,21.485194,2.540417,10114200488.314,10114200488.314,583280278,583280278,False
2023-02-17,22.08,20.898374,2.471031,9837953602.73,9837953602.73,583280278,583280278,False
2023-02-20,22.72,21.504124,2.542655,10123111678.171,10123111678.171,583280278,583280278,False
2023-02-21,22.68,21.466265,2.538178,10105289298.456,10105289298.456,583280278,583280278,False
2023-02-22,22.58,21.725174,2.568792,10227171413.408,10060733349.168,592929678,583280278,False
2023-02-23,22.17,21.330696,2.522149,10041469895.273,9878053957.089,592929678,583280278,False
2023-02-24,22.77,21.907981,2.590407,10313228214.495,10145389652.815,592929678,583280278,False
2023-02-27,22.58,21.725174,2.568792,10227171413.408,10060733349.168,592929678,583280278,False
2023-02-28,22.99,22.119652,2.615435,10412872931.543,10243412741.248,592929678,583280278,False
2023-03-01,23.63,22.735423,2.688244,10702748472.047,10528570816.69,592929678,583280278,False
2023-03-02,23.71,22.812395,2.697345,10738982914.61,10564215576.12,592929678,583280278,False
2023-03-03,23.36,22.475645,2.657528,10580457228.397,10408269753.613,592929678,583280278,False
2023-03-06,23.27,22.389052,2.647289,10539693480.514,10368169399.254,592929678,583280278,False
2023-03-07,22.07,21.234481,2.510772,9996176842.069,9833498007.801,592929678,583280278,False
2023-03-08,22.86,21.994574,2.600646,10353991962.379,10185490007.174,592929678,583280278,False
2023-03-09,23.38,22.494888,2.659803,10589515839.038,10417180943.47,592929678,583280278,False
2023-03-10,23.0,22.129274,2.616573,10417402236.864,10247868336.177,592929678,583280278,False
2023-03-13,23.71,22.812395,2.697345,10738982914.61,10564215576.12,592929678,583280278,False
2023-03-14,23.49,22.600723,2.672317,10639338197.562,10466192487.687,592929678,583280278,False
2023-03-15,23.07,22.196624,2.624536,10449107374.106,10279057500.678,592929678,583280278,False
2023-03-16,23.13,22.254352,2.631362,10476283206.029,10305791070.251,592929678,583280278,False
2023-03-17,24.28,23.360816,2.762191,10997153317.872,10818184487.06,592929678,583280278,False
2023-03-20,23.96,23.05293,2.725786,10852215547.62,10675605449.339,592929678,583280278,False
2023-03-21,24.08,23.168387,2.739438,10906567211.464,10729072588.484,592929678,583280278,False
2023-03-22,24.9,23.957344,2.832724,11277970247.735,11094431372.644,592929678,583280278,False
2023-03-23,25.16,24.207501,2.862303,11395732186.065,11210276840.792,592929678,583280278,False
2023-03-24,24.96,24.015073,2.83955,11305146079.657,11121164942.216,592929678,583280278,False
2023-03-27,25.18,24.226744,2.864578,11404790796.706,11219188030.649,592929678,583280278,False
2023-03-28,24.62,23.687944,2.80087,11151149698.765,10969674714.638,592929678,583280278,False
2023-03-29,25.1,24.149773,2.855477,11368556354.143,11183543271.219,592929678,583280278,False
2023-03-30,24.35,23.428166,2.770154,11028858455.114,10849373651.561,592929678,583280278,False
2023-03-31,23.68,24.373486,2.312673,10725394998.649,10550848791.333,592929678,583280278,False
2023-04-03,24.36,25.0734,2.379084,11033387760.435,10853829246.49,592929678,583280278,False
2023-04-04,24.62,25.341015,2.404477,11151149698.765,10969674714.638,592929678,583280278,False
2023-04-06,24.82,25.546872,2.424009,11241735805.172,11058786613.213,592929678,583280278,False
2023-04-07,25.14,25.876243,2.455262,11386673575.424,11201365650.934,592929678,583280278,False
2023-04-10,24.6,25.320429,2.402523,11142091088.124,10960763524.78,592929678,583280278,False
2023-04-11,24.75,25.474822,2.417173,11210030667.93,11027597448.712,592929678,583280278,False
2023-04-12,25.78,26.534986,2.517766,11676549115.928,11486523726.376,592929678,583280278,False
2023-04-13,24.09,24.795493,2.352715,10911096516.785,10733528183.413,592929678,583280278,False
2023-04-14,24.2,24.908715,2.363458,10960918875.309,10782539727.63,592929678,583280278,False
2023-04-17,23.46,24.147043,2.291187,10625750281.601,10452825702.9,592929678,583280278,False
2023-04-18,23.79,24.486708,2.323416,10775217357.173,10599860335.55,592929678,583280278,False
2023-04-19,24.98,25.711558,2.439636,11314204690.298,11130076132.074,592929678,583280278,False
2023-04-20,25.36,26.102686,2.476748,11486318292.472,11299388739.367,592929678,583280278,False
2023-04-21,23.71,24.404365,2.315603,10738982914.61,10564215576.12,592929678,583280278,False
2023-04-24,24.65,25.371893,2.407407,11164737614.726,10983041499.424,592929678,583280278,False
2023-04-25,22.41,23.066293,2.18864,10150173222.962,9984988235.379,592929678,583280278,False
2023-04-26,21.14,23.250198,2.034377,9574951447.274,9419127679.425,592929678,583280278,False
2023-04-27,20.6,22.656295,1.982411,9330368959.974,9178525553.271,592929678,583280278,False
2023-04-28,21.21,23.327186,2.041113,9606656584.517,9450316843.927,592929678,583280278,False
2023-05-04,21.07,23.173211,2.027641,9543246310.031,9387938514.924,592929678,583280278,False
2023-05-05,20.58,22.634299,1.980486,9321310349.333,9169614363.414,592929678,583280278,False
2023-05-08,21.1,23.206206,2.030528,9556834225.992,9401305299.71,592929678,583280278,False
2023-05-09,20.81,22.887258,2.00262,9425484371.702,9272093046.776,592929678,583280278,False
2023-05-10,20.53,22.579308,1.975675,9298663822.731,9147336388.77,592929678,583280278,False
2023-05-11,20.15,22.161376,1.939106,9126550220.557,8978023781.477,592929678,583280278,False
2023-05-12,20.03,22.029398,1.927558,9072198556.712,8924556642.331,592929678,583280278,False
2023-05-15,20.13,22.13938,1.937181,9117491609.916,8969112591.619,592929678,583280278,False
2023-05-16,19.8,21.776439,1.905424,8968024534.344,8822077958.97,592929678,583280278,False
2023-05-17,20.04,22.040396,1.92852,9076727862.033,8929012237.26,592929678,583280278,False
2023-05-18,20.7,22.766277,1.992034,9375662013.177,9223081502.559,592929678,583280278,False
2023-05-19,20.43,22.469326,1.966051,9253370769.527,9102780439.482,592929678,583280278,False
2023-05-22,20.5,22.546313,1.972788,9285075906.77,9133969603.984,592929678,583280278,False
2023-05-23,20.25,22.271358,1.948729,9171843273.761,9022579730.764,592929678,583280278,False
2023-05-24,20.3,22.326349,1.953541,9194489800.362,9044857705.408,592929678,583280278,False
2023-05-25,20.55,22.601304,1.977599,9307722433.372,9156247578.628,592929678,583280278,False
2023-05-26,20.72,22.788274,1.993959,9384720623.818,9231992692.417,592929678,583280278,False
2023-05-29,20.08,22.084389,1.93237,9094845083.314,8946834616.975,592929678,583280278,False
2023-05-30,20.97,23.063229,2.018017,9497953256.828,9343382565.636,592929678,583280278,False
2023-05-31,21.15,23.261197,2.035339,9579480752.594,9423583274.354,592929678,583280278,False
2023-06-01,21.18,23.294191,2.038226,9593068668.555,9436950059.14,592929678,583280278,False
2023-06-02,21.25,23.371179,2.044963,9624773805.798,9468139223.642,592929678,583280278,False
2023-06-05,21.49,23.635135,2.068059,9733477133.487,9575073501.932,592929678,583280278,False
2023-06-06,20.92,23.008238,2.013206,9475306730.226,9321104590.992,592929678,583280278,False
2023-06-07,21.51,23.657132,2.069983,9742535744.128,9583984691.79,592929678,583280278,False
2023-06-08,21.11,23.217204,2.03149,9561363531.313,9405760894.639,592929678,583280278,False
2023-06-09,21.83,24.009074,2.100778,9887473514.38,9726563729.51,592929678,583280278,False
2023-06-12,21.7,23.866098,2.088268,9828592545.215,9668640995.436,592929678,583280278,False
2023-06-13,22.18,24.394011,2.13446,10045999200.593,9882509552.017,592929678,583280278,False
2023-06-14,22.8,25.0759,2.194125,10326816130.456,10158756437.601,592929678,583280278,False
2023-06-15,22.49,24.734956,2.164292,10186407665.525,10020632994.809,592929678,583280278,False
2023-06-16,23.01,25.306862,2.214334,10421931542.184,10252323931.106,592929678,583280278,False
2023-06-19,23.25,25.570819,2.23743,10530634869.873,10359258209.396,592929678,583280278,False
2023-06-20,23.02,25.31786,2.215296,10426460847.505,10256779526.034,592929678,583280278,False
2023-06-21,23.2,25.515828,2.232618,10507988343.271,10336980234.752,592929678,583280278,False
2023-06-26,22.29,24.514992,2.145046,10095821559.117,9931521096.234,592929678,583280278,False
2023-06-27,22.49,24.734956,2.164292,10186407665.525,10020632994.809,592929678,583280278,False
2023-06-28,21.55,23.701125,2.073833,9760652965.409,9601807071.505,592929678,583280278,False
2023-06-29,22.24,24.460001,2.140234,10073175032.515,9909243121.59,592929678,583280278,False
2023-06-30,22.59,24.844938,2.173916,10231700718.728,10065188944.097,592929678,583280278,False
2023-07-03,22.25,24.470999,2.141196,10077704337.836,9913698716.519,592929678,583280278,False
2023-07-04,22.19,24.40501,2.135422,10050528505.913,9886965146.946,592929678,583280278,False
2023-07-05,21.68,23.844101,2.086343,9819533934.574,9659729805.579,592929678,583280278,False
2023-07-06,22.65,24.910927,2.17969,10258876550.651,10091922513.67,592929678,583280278,False
2023-07-07,22.03,24.229038,2.120025,9978059620.787,9815675628.086,592929678,583280278,False
2023-07-10,21.51,23.657132,2.069983,9742535744.128,9583984691.79,592929678,583280278,False
2023-07-11,21.47,23.613139,2.066134,9724418522.846,9566162312.075,592929678,583280278,False
2023-07-12,20.6,22.656295,1.982411,9330368959.974,9178525553.271,592929678,583280278,False
2023-07-13,21.01,23.107222,2.021867,9516070478.109,9361204945.351,592929678,583280278,False
2023-07-14,23.11,25.416844,2.223957,10467224595.388,10296879880.393,592929678,583280278,False
2023-07-17,22.62,24.877932,2.176803,10245288634.69,10078555728.883,592929678,583280278,False
2023-07-18,22.26,24.481997,2.142159,10082233643.156,9918154311.448,592929678,583280278,False
2023-07-19,22.13,24.33902,2.129648,10023352673.991,9860231577.374,592929678,583280278,False
2023-07-20,21.07,23.173211,2.027641,9543246310.031,9387938514.924,592929678,583280278,False
2023-07-21,20.87,22.953247,2.008394,9452660203.624,9298826616.348,592929678,583280278,False
2023-07-24,21.15,23.261197,2.035339,9579480752.594,9423583274.354,592929678,583280278,False
2023-07-25,21.38,23.514155,2.057473,9683654774.963,9526061957.716,592929678,583280278,False
2023-07-26,21.04,23.140216,2.024754,9529658394.07,9374571730.137,592929678,583280278,False
2023-07-27,20.86,22.942249,2.007432,9448130898.303,9294371021.42,592929678,583280278,False
2023-07-28,20.94,23.030234,2.01513,9484365340.866,9330015780.85,592929678,583280278,False
2023-07-31,21.11,23.217204,2.03149,9561363531.313,9405760894.639,592929678,583280278,False
2023-08-01,21.18,23.294191,2.038226,9593068668.555,9436950059.14,592929678,583280278,False
2023-08-02,21.09,23.195207,2.029565,9552304920.672,9396849704.781,592929678,583280278,False
2023-08-03,20.95,23.041233,2.016093,9488894646.187,9334471375.778,592929678,583280278,False
2023-08-04,21.52,23.66813,2.070946,9747065049.448,9588440286.719,592929678,583280278,False
2023-08-07,21.39,23.525153,2.058435,9688184080.283,9530517552.644,592929678,583280278,False
2023-08-08,21.11,23.217204,2.03149,9561363531.313,9405760894.639,592929678,583280278,False
2023-08-09,20.76,22.832267,1.997808,9402837845.1,9249815072.132,592929678,583280278,False
2023-08-10,20.8,22.876259,2.001658,9420955066.381,9267637451.847,592929678,583280278,False
2023-08-11,20.25,22.271358,1.948729,9171843273.761,9022579730.764,592929678,583280278,False
2023-08-14,20.35,22.38134,1.958353,9217136326.964,9067135680.052,592929678,583280278,False
2023-08-15,20.25,22.271358,1.948729,9171843273.761,9022579730.764,592929678,583280278,False
2023-08-16,19.99,21.985405,1.923709,9054081335.431,8906734262.616,592929678,583280278,False
2023-08-17,20.2,22.216367,1.943918,9149196747.159,9000301756.121,592929678,583280278,False
2023-08-18,19.95,21.941412,1.919859,9035964114.149,8888911882.901,592929678,583280278,False
2023-08-21,19.79,21.765441,1.904462,8963495229.023,8817622364.041,592929678,583280278,False
2023-08-22,20.02,22.0184,1.926596,9067669251.392,8920101047.403,592929678,583280278,False
2023-08-23,19.58,21.534479,1.884253,8868379817.295,8724054870.537,592929678,583280278,False
2023-08-24,19.27,21.193535,1.85442,8727971352.364,8585931427.745,592929678,583280278,False
2023-08-25,17.9,22.937608,1.701469,8107456523.472,7975514922.503,592929678,583280278,False
2023-08-28,18.21,23.334852,1.730936,8247864988.404,8113638365.295,592929678,583280278,False
2023-08-29,18.76,24.039639,1.783216,8496976781.025,8358696086.377,592929678,583280278,False
2023-08-30,18.96,24.295925,1.802227,8587562887.432,8447807984.953,592929678,583280278,False
2023-08-31,18.89,24.206225,1.795573,8555857750.189,8416618820.451,592929678,583280278,False
2023-09-01,18.82,24.116524,1.788919,8524152612.947,8385429655.95,592929678,583280278,False
2023-09-04,19.18,24.577839,1.823138,8687207604.48,8545831073.386,592929678,583280278,False
2023-09-05,19.15,24.539397,1.820287,8673619688.519,8532464288.599,592929678,583280278,False
2023-09-06,19.41,24.872569,1.845001,8791381626.849,8648309756.748,592929678,583280278,False
2023-09-07,19.02,24.372811,1.80793,8614738719.354,8474541554.525,592929678,583280278,False
2023-09-08,19.15,24.539397,1.820287,8673619688.519,8532464288.599,592929678,583280278,False
2023-09-11,19.6,25.11604,1.863061,8877438427.936,8732966060.394,592929678,583280278,False
2023-09-12,19.77,25.333884,1.87922,8954436618.382,8808711174.183,592929678,583280278,False
2023-09-13,19.44,24.911011,1.847852,8804969542.81,8661676541.534,592929678,583280278,False
2023-09-14,19.33,24.770054,1.837397,8755147184.286,8612664997.317,592929678,583280278,False
2023-09-15,19.11,24.488139,1.816485,8655502467.238,8514641908.884,592929678,583280278,False
2023-09-18,19.06,24.424068,1.811732,8632855940.636,8492363934.24,592929678,583280278,False
2023-09-19,18.85,24.154967,1.791771,8537740528.908,8398796440.736,592929678,583280278,False
2023-09-20,18.73,24.001196,1.780364,8483388865.063,8345329301.591,592929678,583280278,False
2023-09-21,18.89,24.206225,1.795573,8555857750.189,8416618820.451,592929678,583280278,False
2023-09-22,19.63,25.154483,1.865913,8891026343.897,8746332845.18,592929678,583280278,False
2023-09-25,19.27,24.693168,1.831693,8727971352.364,8585931427.745,592929678,583280278,False
2023-09-26,19.38,24.834126,1.842149,8777793710.888,8634942971.961,592929678,583280278,False
2023-09-27,19.29,24.718797,1.833594,8737029963.004,8594842617.602,592929678,583280278,False
2023-09-28,19.39,24.84694,1.8431,8782323016.208,8639398566.89,592929678,583280278,False
2023-10-09,19.33,24.770054,1.837397,8755147184.286,8612664997.317,592929678,583280278,False
2023-10-10,19.45,24.923826,1.848803,8809498848.13,8666132136.463,592929678,583280278,False
2023-10-11,19.66,25.192926,1.868764,8904614259.858,8759699629.967,592929678,583280278,False
2023-10-12,19.56,25.064783,1.859259,8859321206.655,8715143680.679,592929678,583280278,False
2023-10-13,19.64,25.167298,1.866863,8895555649.218,8750788440.109,592929678,583280278,False
2023-10-16,19.2,24.603468,1.82504,8696266215.121,8554742263.243,592929678,583280278,False
2023-10-17,19.35,24.795683,1.839298,8764205794.927,8621576187.175,592929678,583280278,False
2023-10-18,18.77,24.052453,1.784166,8501506086.345,8363151681.306,592929678,583280278,False
2023-10-19,18.6,23.83461,1.768007,8424507895.899,8287406567.517,592929678,583280278,False
2023-10-20,18.02,23.09138,1.712876,8161808187.317,8028982061.648,592929678,583280278,False
2023-10-23,17.55,22.489108,1.6682,7948930837.259,7819569099.996,592929678,583280278,False
2023-10-24,17.64,22.604436,1.676755,7989694585.142,7859669454.355,592929678,583280278,False
2023-10-25,17.83,22.847908,1.694815,8075751386.23,7944325758.001,592929678,583280278,False
2023-10-26,18.05,23.129823,1.715727,8175396103.278,8042348846.434,592929678,583280278,False
2023-10-27,18.06,32.687792,1.684816,8179925408.598,8046804441.363,592929678,583280278,False
2023-10-30,18.25,33.031684,1.702542,8265982209.685,8131460745.01,592929678,583280278,False
2023-10-31,18.05,32.669693,1.683884,8175396103.278,8042348846.434,592929678,583280278,False
2023-11-01,18.01,32.597295,1.680152,8157278881.996,8024526466.719,592929678,583280278,False
2023-11-02,17.8,32.217204,1.660561,8062163470.268,7930958973.215,592929678,583280278,False
2023-11-03,18.2,32.941186,1.697877,8243335683.084,8109182770.366,592929678,583280278,False
2023-11-06,18.73,33.900463,1.747321,8483388865.063,8345329301.591,592929678,583280278,False
2023-11-07,18.94,34.280553,1.766912,8578504276.791,8438896795.095,592929678,583280278,False
2023-11-08,19.0,34.38915,1.772509,8605680108.714,8465630364.668,592929678,583280278,False
2023-11-09,18.91,34.226254,1.764113,8564916360.83,8425530010.309,592929678,583280278,False
2023-11-10,18.78,33.99096,1.751985,8506035391.665,8367607276.235,592929678,583280278,False
2023-11-13,19.1,34.570146,1.781838,8650973161.917,8510186313.956,592929678,583280278,False
2023-11-14,19.28,34.895938,1.79863,8732500657.684,8590387022.673,592929678,583280278,False
2023-11-15,19.22,34.787341,1.793033,8705324825.762,8563653453.101,592929678,583280278,False
2023-11-16,18.97,34.334852,1.76971,8592092192.752,8452263579.882,592929678,583280278,False
2023-11-17,19.17,34.696843,1.788368,8682678299.16,8541375478.457,592929678,583280278,False
2023-11-20,19.33,34.986436,1.803295,8755147184.286,8612664997.317,592929678,583280278,False
2023-11-21,19.07,34.515847,1.779039,8637385245.956,8496819529.169,592929678,583280278,False
2023-11-22,18.93,34.262454,1.765979,8573974971.471,8434441200.166,592929678,583280278,False
2023-11-23,19.08,34.533947,1.779972,8641914551.277,8501275124.098,592929678,583280278,False
2023-11-24,18.64,33.737567,1.738925,8442625117.18,8305228947.232,592929678,583280278,False
2023-11-27,18.68,33.809965,1.742656,8460742338.462,8323051326.947,592929678,583280278,False
2023-11-28,18.69,33.828064,1.743589,8465271643.782,8327506921.876,592929678,583280278,False
2023-11-29,18.62,33.701367,1.737059,8433566506.539,8296317757.374,592929678,583280278,False
2023-11-30,18.47,33.429874,1.723065,8365626926.734,8229483833.443,592929678,583280278,False
2023-12-01,18.93,34.262454,1.765979,8573974971.471,8434441200.166,592929678,583280278,False
2023-12-04,18.86,34.135757,1.759448,8542269834.228,8403252035.665,592929678,583280278,False
2023-12-05,18.22,32.977385,1.699743,8252394293.724,8118093960.224,592929678,583280278,False
2023-12-06,18.18,32.904987,1.696011,8234277072.443,8100271580.508,592929678,583280278,False
2023-12-07,18.37,33.248879,1.713736,8320333873.53,8184927884.155,592929678,583280278,False
2023-12-08,18.82,34.063358,1.755717,8524152612.947,8385429655.95,592929678,583280278,False
2023-12-11,18.83,34.081458,1.75665,8528681918.267,8389885250.879,592929678,583280278,False
2023-12-12,18.87,34.153856,1.760381,8546799139.549,8407707630.594,592929678,583280278,False
2023-12-13,18.69,33.828064,1.743589,8465271643.782,8327506921.876,592929678,583280278,False
2023-12-14,18.67,33.791865,1.741723,8456213033.141,8318595732.018,592929678,583280278,False
2023-12-15,18.41,33.321277,1.717468,8338451094.811,8202750263.87,592929678,583280278,False
2023-12-18,18.0,32.579195,1.679219,8152749576.676,8020070871.791,592929678,583280278,False
2023-12-19,18.08,32.723992,1.686682,8188984019.239,8055715631.221,592929678,583280278,False
2023-12-20,17.78,32.181005,1.658695,8053104859.628,7922047783.358,592929678,583280278,False
2023-12-21,17.81,32.235304,1.661494,8066692775.589,7935414568.144,592929678,583280278,False
2023-12-22,17.55,31.764715,1.637239,7948930837.259,7819569099.996,592929678,583280278,False
2023-12-25,17.43,31.547521,1.626044,7894579173.415,7766101960.851,592929678,583280278,False
2023-12-26,17.15,31.040733,1.599923,7767758624.444,7641345302.845,592929678,583280278,False
2023-12-27,17.22,31.16743,1.606453,7799463761.687,7672534467.346,592929678,583280278,False
2023-12-28,17.73,32.090507,1.654031,8030458333.026,7899769808.714,592929678,583280278,False
2023-12-29,18.07,32.705892,1.685749,8184454713.919,8051260036.292,592929678,583280278,False
2024-01-02,17.95,32.488697,1.674555,8130103050.074,7997792897.147,592929678,583280278,False
2024-01-03,17.8,32.217204,1.660561,8062163470.268,7930958973.215,592929678,583280278,False
2024-01-04,17.72,32.072408,1.653098,8025929027.705,7895314213.785,592929678,583280278,False
2024-01-05,17.38,31.457023,1.621379,7871932646.813,7743823986.207,592929678,583280278,False
2024-01-08,16.62,30.081457,1.550479,7527705442.464,7405198771.62,592929678,583280278,False
2024-01-09,16.64,30.117656,1.552345,7536764053.105,7414109961.478,592929678,583280278,False
2024-01-10,16.74,30.298651,1.561674,7582057106.309,7458665910.765,592929678,583280278,False
2024-01-11,17.0,30.76924,1.585929,7699819044.638,7574511378.913,592929678,583280278,False
2024-01-12,16.79,30.389149,1.566338,7604703632.911,7480943885.409,592929678,583280278,False
2024-01-15,16.67,30.171955,1.555143,7550351969.066,7427476746.264,592929678,583280278,False
2024-01-16,16.57,29.990959,1.545814,7505058915.862,7382920796.976,592929678,583280278,False
2024-01-17,16.15,29.230778,1.506633,7314828092.407,7195785809.968,592929678,583280278,False
2024-01-18,16.08,29.104081,1.500102,7283122955.164,7164596645.466,592929678,583280278,False
2024-01-19,16.02,28.995484,1.494505,7255947123.242,7137863075.894,592929678,583280278,False
2024-01-22,14.84,26.859736,1.384423,6721489095.437,6612102874.298,592929678,583280278,False
2024-01-23,15.21,27.52942,1.41894,6889073392.291,6776959886.663,592929678,583280278,False
2024-01-24,15.36,27.800913,1.432934,6957012972.097,6843793810.595,592929678,583280278,False
2024-01-25,16.1,29.14028,1.501968,7292181565.805,7173507835.324,592929678,583280278,False
2024-01-26,15.96,28.886886,1.488908,7228771291.319,7111129506.321,592929678,583280278,False
2024-01-29,15.52,28.090506,1.44786,7029481857.223,6915083329.455,592929678,583280278,False
2024-01-30,15.21,27.52942,1.41894,6889073392.291,6776959886.663,592929678,583280278,False
2024-01-31,14.43,26.117655,1.346174,6535787577.302,6429423482.219,592929678,583280278,False
2024-02-01,14.49,26.226252,1.351771,6562963409.224,6456157051.791,592929678,583280278,False
2024-02-02,13.63,24.669691,1.271542,6173443151.672,6072975887.917,592929678,583280278,False
2024-02-05,12.43,22.497744,1.159594,5629926513.227,5538304496.464,592929678,583280278,False
2024-02-06,13.5,24.434396,1.259414,6114562182.507,6015053153.843,592929678,583280278,False
2024-02-07,14.3,25.882361,1.334046,6476906608.137,6371500748.145,592929678,583280278,False
2024-02-08,15.04,27.221728,1.403081,6812075201.845,6701214772.874,592929678,583280278,False
2024-02-19,15.36,27.800913,1.432934,6957012972.097,6843793810.595,592929678,583280278,False
2024-02-20,15.15,27.420823,1.413343,6861897560.369,6750226317.09,592929678,583280278,False
2024-02-21,15.16,27.438922,1.414276,6866426865.689,6754681912.019,592929678,583280278,False
2024-02-22,15.66,28.3439,1.460921,7092892131.708,6977461658.458,592929678,583280278,False
2024-02-23,15.96,28.886886,1.488908,7228771291.319,7111129506.321,592929678,583280278,False
2024-02-26,16.23,29.375574,1.514096,7351062534.97,7231430569.398,592929678,583280278,False
2024-02-27,17.1,30.950235,1.595258,7745112097.842,7619067328.201,592929678,583280278,False
2024-02-28,15.97,28.904986,1.48984,7233300596.64,7115585101.25,592929678,583280278,False
2024-02-29,16.66,30.153855,1.554211,7545822663.746,7423021151.335,592929678,583280278,False
2024-03-01,17.22,31.16743,1.606453,7799463761.687,7672534467.346,592929678,583280278,False
2024-03-04,17.27,31.257928,1.611117,7822110288.289,7694812441.99,592929678,583280278,False
2024-03-05,17.01,30.787339,1.586862,7704348349.959,7578966973.842,592929678,583280278,False
2024-03-06,16.94,30.660643,1.580332,7672643212.716,7547777809.341,592929678,583280278,False
2024-03-07,16.6,30.045258,1.548613,7518646831.823,7396287581.762,592929678,583280278,False
2024-03-08,16.97,30.714941,1.58313,7686231128.677,7561144594.127,592929678,583280278,False
2024-03-11,16.98,30.733041,1.584063,7690760433.998,7565600189.056,592929678,583280278,False
2024-03-12,16.82,30.443448,1.569137,7618291548.872,7494310670.195,592929678,583280278,False
2024-03-13,16.96,30.686373,1.581658,7679082220.786,7556688999.198,592727478,583280278,False
2024-03-14,16.71,30.234039,1.558343,7565888202.202,7445299125.979,592727478,583280278,False
2024-03-15,16.9,30.577813,1.576062,7651915656.326,7529955429.626,592727478,583280278,False
2024-03-18,17.14,31.012054,1.598444,7760581914.167,7636889707.916,592727478,583280278,False
2024-03-19,17.05,30.849214,1.590051,7719832067.477,7596789353.557,592727478,583280278,False
2024-03-20,17.21,31.138708,1.604973,7792276239.371,7668078872.418,592727478,583280278,False
2024-03-21,17.05,30.849214,1.590051,7719832067.477,7596789353.557,592727478,583280278,False
2024-03-22,16.95,30.66828,1.580725,7674554460.043,7552233404.269,592727478,583280278,False
2024-03-25,16.67,30.161665,1.554613,7547777159.228,7427476746.264,592727478,583280278,False
2024-03-26,16.31,29.510304,1.52104,7384777772.466,7267075328.828,592727478,583280278,False
2024-03-27,15.42,27.899993,1.43804,6981807066.305,6870527380.167,592727478,583280278,False
2024-03-28,16.09,29.112249,1.500523,7285167036.112,7169052240.395,592727478,583280278,False
2024-03-29,16.7,23.298877,1.53879,7561360441.458,7440843531.05,592727478,583280278,False
2024-04-01,17.45,24.345234,1.607898,7900942497.212,7775013150.708,592727478,583280278,False
2024-04-02,17.19,23.982497,1.58394,7783220717.884,7659167682.56,592727478,583280278,False
2024-04-03,16.92,23.605808,1.559062,7660971177.813,7538866619.483,592727478,583280278,False
2024-04-08,16.42,22.908237,1.51299,7434583140.643,7316086873.045,592727478,583280278,False
2024-04-09,16.62,23.187266,1.531419,7525138355.511,7405198771.62,592727478,583280278,False
2024-04-10,16.25,22.671063,1.497326,7357611208.006,7240341759.255,592727478,583280278,False
2024-04-11,16.3,22.74082,1.501933,7380250011.723,7262619733.899,592727478,583280278,False
2024-04-12,16.23,22.64316,1.495483,7348555686.519,7231430569.398,592727478,583280278,False
2024-04-15,16.19,22.587355,1.491797,7330444643.545,7213608189.683,592727478,583280278,False
2024-04-16,15.44,21.540998,1.42269,6990862587.791,6879438570.025,592727478,583280278,False
2024-04-17,16.2,22.601306,1.492719,7334972404.289,7218063784.612,592727478,583280278,False
2024-04-18,16.09,22.44784,1.482583,7285167036.112,7169052240.395,592727478,583280278,False
2024-04-19,16.09,22.44784,1.482583,7285167036.112,7169052240.395,592727478,583280278,False
2024-04-22,16.22,22.629209,1.494562,7344027925.776,7226974974.469,592727478,583280278,False
2024-04-23,16.1,22.461792,1.483504,7289694796.855,7173507835.324,592727478,583280278,False
2024-04-24,16.53,23.061703,1.523126,7484388508.821,7365098417.261,592727478,583280278,False
2024-04-25,16.39,22.866383,1.510226,7420999858.413,7302720088.258,592727478,583280278,False
2024-04-26,15.19,25.325187,1.398436,6877668569.207,6768048696.805,592727478,583280278,False
2024-04-29,15.58,25.975406,1.43434,7054251238.199,6941816899.028,592727478,583280278,False
2024-04-30,15.3,25.508582,1.408563,6927473937.384,6817060241.022,592727478,583280278,False
2024-05-06,15.43,25.725322,1.420531,6986334827.048,6874982975.096,592727478,583280278,False
2024-05-07,15.33,25.558599,1.411325,6941057219.614,6830427025.808,592727478,583280278,False
2024-05-08,14.99,24.991742,1.380023,6787113354.339,6678936798.23,592727478,583280278,False
2024-05-09,15.13,25.225154,1.392912,6850502004.746,6741315127.233,592727478,583280278,False
2024-05-10,14.95,24.925053,1.376341,6769002311.365,6661114418.515,592727478,583280278,False
2024-05-13,14.7,24.508246,1.353325,6655808292.781,6549724545.296,592727478,583280278,False
2024-05-14,14.73,24.558262,1.356087,6669391575.011,6563091330.082,592727478,583280278,False
2024-05-15,14.58,24.308178,1.342278,6601475163.86,6496257406.15,592727478,583280278,False
2024-05-16,14.71,24.524918,1.354246,6660336053.524,6554180140.224,592727478,583280278,False
2024-05-17,14.92,24.875036,1.373579,6755419029.135,6647747633.729,592727478,583280278,False
2024-05-20,14.91,24.858363,1.372658,6750891268.392,6643292038.8,592727478,583280278,False
2024-05-21,14.78,24.641624,1.36069,6692030378.728,6585369304.726,592727478,583280278,False
2024-05-22,14.82,24.708313,1.364373,6710141421.701,6603191684.441,592727478,583280278,False
2024-05-23,14.45,24.091439,1.330309,6542614274.196,6438334672.076,592727478,583280278,False
2024-05-24,14.33,23.891371,1.319262,6488281145.275,6384867532.931,592727478,583280278,False
2024-05-27,14.38,23.974733,1.323865,6510919948.992,6407145507.575,592727478,583280278,False
2024-05-28,14.12,23.541254,1.299929,6393198169.664,6291300039.427,592727478,583280278,False
2024-05-29,14.15,23.59127,1.30269,6406781451.894,6304666824.213,592727478,583280278,False
2024-05-30,14.17,23.624615,1.304532,6415836973.381,6313578014.071,592727478,583280278,False
2024-05-31,14.3,23.841355,1.3165,6474697863.045,6371500748.145,592727478,583280278,False
2024-06-03,13.97,23.291169,1.286119,6325281758.513,6224466115.495,592727478,583280278,False
2024-06-04,13.85,23.091102,1.275072,6270948629.593,6170998976.35,592727478,583280278,False
2024-06-05,13.83,23.057758,1.27323,6261893108.106,6162087786.492,592727478,583280278,False
2024-06-06,13.4,22.34085,1.233643,6067199396.14,5970497204.555,592727478,583280278,False
2024-06-07,13.46,22.440883,1.239167,6094365960.6,5997230774.128,592727478,583280278,False
2024-06-11,13.66,22.774329,1.25758,6184921175.468,6086342672.703,592727478,583280278,False
2024-06-12,13.75,22.924379,1.265865,6225671022.159,6126443027.062,592727478,583280278,False
2024-06-13,13.76,22.941052,1.266786,6230198782.902,6130898621.991,592727478,583280278,False
2024-06-14,13.92,23.207808,1.281516,6302642954.796,6202188140.851,592727478,583280278,False
2024-06-17,13.94,23.241153,1.283357,6311698476.283,6211099330.709,592727478,583280278,False
2024-06-18,14.2,23.674632,1.307294,6429420255.611,6326944798.857,592727478,583280278,False
2024-06-19,14.09,23.491237,1.297167,6379614887.434,6277933254.641,592727478,583280278,False
2024-06-20,13.67,22.791001,1.2585,6189448936.212,6090798267.632,592727478,583280278,False
2024-06-21,13.64,22.740984,1.255738,6175865653.981,6077431482.846,592727478,583280278,False
2024-06-24,12.95,21.590597,1.192215,5863450162.688,5769995432.76,592727478,583280278,False
2024-06-25,12.84,21.407202,1.182088,5813644794.51,5720983888.544,592727478,583280278,False
2024-06-26,13.48,22.474228,1.241008,6103421482.087,6006141963.985,592727478,583280278,False
2024-06-27,13.11,21.857354,1.206945,5935894334.582,5841284951.621,592727478,583280278,False
2024-06-28,13.21,22.024077,1.216151,5981171942.016,5885840900.909,592727478,583280278,False
2024-07-01,13.07,21.790665,1.203262,5917783291.608,5823462571.906,592727478,583280278,False
2024-07-02,12.95,21.590597,1.192215,5863450162.688,5769995432.76,592727478,583280278,False
2024-07-03,12.69,21.157118,1.168279,5745728383.36,5654149964.612,592727478,583280278,False
2024-07-04,12.38,20.640278,1.139739,5605367800.315,5516026521.82,592727478,583280278,False
2024-07-05,12.55,20.923706,1.15539,5682339732.952,5591771635.61,592727478,583280278,False
2024-07-08,12.1,20.173454,1.113961,5478590499.5,5391269863.815,592727478,583280278,False
2024-07-09,12.59,20.990395,1.159072,5700450775.926,5609594015.325,592727478,583280278,False
2024-07-10,12.65,21.090429,1.164596,5727617340.386,5636327584.897,592727478,583280278,False
2024-07-11,12.99,21.657286,1.195897,5881561205.661,5787817812.476,592727478,583280278,False
2024-07-12,12.9,21.507236,1.187612,5840811358.971,5747717458.117,592727478,583280278,False
2024-07-15,12.68,21.140446,1.167358,5741200622.616,5649694369.684,592727478,583280278,False
2024-07-16,12.84,21.407202,1.182088,5813644794.51,5720983888.544,592727478,583280278,False
2024-07-17,12.71,21.190463,1.17012,5754783904.846,5663061154.47,592727478,583280278,False
2024-07-18,12.53,20.890362,1.153549,5673284211.465,5582860445.752,592727478,583280278,False
2024-07-19,12.73,21.223807,1.171961,5763839426.333,5671972344.327,592727478,583280278,False
2024-07-22,12.78,21.307169,1.176564,5786478230.05,5694250318.971,592727478,583280278,False
2024-07-23,12.41,20.690294,1.142501,5618951082.545,5529393306.607,592727478,583280278,False
2024-07-24,12.29,20.490227,1.131453,5564617953.624,5475926167.461,592727478,583280278,False
2024-07-25,12.26,20.44021,1.128692,5551034671.394,5462559382.675,592727478,583280278,False
2024-07-26,12.49,20.823673,1.149866,5655173168.492,5565038066.037,592727478,583280278,False
2024-07-29,12.55,20.923706,1.15539,5682339732.952,5591771635.61,592727478,583280278,False
2024-07-30,12.64,21.073757,1.163675,5723089579.643,5631871989.968,592727478,583280278,False
2024-07-31,13.28,22.140782,1.222596,6012866267.219,5917030065.41,592727478,583280278,False
2024-08-01,13.28,22.140782,1.222596,6012866267.219,5917030065.41,592727478,583280278,False
2024-08-02,13.04,21.740648,1.200501,5904200009.378,5810095787.119,592727478,583280278,False
2024-08-05,12.53,20.890362,1.153549,5673284211.465,5582860445.752,592727478,583280278,False
2024-08-06,12.74,21.24048,1.172882,5768367187.077,5676427939.256,592727478,583280278,False
2024-08-07,12.83,21.39053,1.181167,5809117033.767,5716528293.615,592727478,583280278,False
2024-08-08,12.79,21.323841,1.177485,5791005990.793,5698705913.9,592727478,583280278,False
2024-08-09,12.68,21.140446,1.167358,5741200622.616,5649694369.684,592727478,583280278,False
2024-08-12,12.6,21.007068,1.159993,5704978536.669,5614049610.253,592727478,583280278,False
2024-08-13,12.71,21.190463,1.17012,5754783904.846,5663061154.47,592727478,583280278,False
2024-08-14,12.74,21.24048,1.172882,5768367187.077,5676427939.256,592727478,583280278,False
2024-08-15,12.93,21.557253,1.190374,5854394641.201,5761084242.903,592727478,583280278,False
2024-08-16,13.1,21.840681,1.206024,5931366573.839,5836829356.692,592727478,583280278,False
2024-08-19,13.28,22.140782,1.222596,6012866267.219,5917030065.41,592727478,583280278,False
2024-08-20,13.15,21.924043,1.210628,5954005377.555,5859107331.336,592727478,583280278,False
2024-08-21,13.06,21.773992,1.202342,5913255530.865,5819006976.977,592727478,583280278,False
2024-08-22,12.9,21.507236,1.187612,5840811358.971,5747717458.117,592727478,583280278,False
2024-08-23,13.52,22.783273,1.249648,6121532525.061,6023964343.7,592727478,583280278,False
2024-08-26,13.67,22.876,1.254734,6146446843.29,6090798267.632,588609418,583280278,False
2024-08-27,13.53,22.641718,1.241883,6083498594.712,6028419938.629,588609418,583280278,False
2024-08-28,13.77,23.043345,1.263912,6191409877.988,6135354216.92,588609418,583280278,False
2024-08-29,13.64,22.825797,1.25198,6132957932.88,6077431482.846,588609418,583280278,False
2024-08-30,13.78,23.060079,1.26483,6195906181.458,6139809811.849,588609418,583280278,False
2024-09-02,13.62,22.792328,1.250144,6123965325.941,6068520292.988,588609418,583280278,False
2024-09-03,13.72,22.959672,1.259323,6168928360.639,6113076242.276,588609418,583280278,False
2024-09-04,13.75,23.009876,1.262077,6182417271.049,6126443027.062,588609418,583280278,False
2024-09-05,13.91,23.277627,1.276763,6254358126.566,6197732545.923,588609418,583280278,False
2024-09-06,13.54,22.658452,1.242801,6087994898.182,6032875533.558,588609418,583280278,False
2024-09-09,13.53,22.641718,1.241883,6083498594.712,6028419938.629,588609418,583280278,False
2024-09-10,13.8,23.093548,1.266666,6204898788.398,6148721001.706,588609418,583280278,False
2024-09-11,13.84,23.160486,1.270337,6222884002.277,6166543381.421,588609418,583280278,False
2024-09-12,13.77,23.043345,1.263912,6191409877.988,6135354216.92,588609418,583280278,False
2024-09-13,13.64,22.825797,1.25198,6132957932.88,6077431482.846,588609418,583280278,False
2024-09-18,13.59,22.742125,1.247391,6110476415.531,6055153508.202,588609418,583280278,False
2024-09-19,13.9,23.260893,1.275845,6249861823.096,6193276950.994,588609418,583280278,False
2024-09-20,13.97,23.378034,1.28227,6281335947.385,6224466115.495,588609418,583280278,False
2024-09-23,14.13,23.645785,1.296956,6353276802.903,6295755634.356,588609418,583280278,False
2024-09-24,14.3,23.930271,1.31256,6429713961.891,6371500748.145,588609418,583280278,False
2024-09-25,14.25,23.846599,1.30797,6407232444.541,6349222773.501,588609418,583280278,False
2024-09-26,14.66,24.532711,1.345603,6591580886.805,6531902165.581,588609418,583280278,False
2024-09-27,15.29,25.586982,1.403429,6874848005.406,6812604646.093,588609418,583280278,False
2024-09-30,16.65,27.862868,1.52826,7486345277.306,7418565556.406,588609418,583280278,False
2024-10-08,18.05,30.205692,1.656762,8115827763.086,8042348846.434,588609418,583280278,False
2024-10-09,16.57,27.728992,1.520917,7450374849.547,7382920796.976,588609418,583280278,False
2024-10-10,16.45,27.528179,1.509903,7396419207.909,7329453657.831,588609418,583280278,False
2024-10-11,15.64,26.172688,1.435555,7032218626.851,6968550468.6,588609418,583280278,False
2024-10-14,15.83,26.490643,1.452994,7117648392.778,7053206772.247,588609418,583280278,False
2024-10-15,15.57,26.055547,1.42913,7000744502.562,6937361304.099,588609418,583280278,False
2024-10-16,15.48,25.904937,1.420869,6960277771.333,6897260949.74,588609418,583280278,False
2024-10-17,15.55,26.022078,1.427294,6991751895.622,6928450114.241,588609418,583280278,False
2024-10-18,16.03,26.825332,1.471352,7207574462.175,7142318670.822,588609418,583280278,False
2024-10-21,16.24,27.176755,1.490627,7301996835.042,7235886164.327,588609418,583280278,False
2024-10-22,16.13,26.992676,1.480531,7252537496.874,7186874620.11,588609418,583280278,False
2024-10-23,16.2,27.109817,1.486956,7284011621.163,7218063784.612,588609418,583280278,False
2024-10-24,16.34,27.3441,1.499806,7346959869.741,7280442113.614,588609418,583280278,False
2024-10-25,16.84,25.757606,1.511086,7571775043.233,7503221860.053,588609418,583280278,False
2024-10-28,17.19,26.292948,1.542492,7729145664.678,7659167682.56,588609418,583280278,False
2024-10-29,16.99,25.987039,1.524546,7639219595.281,7570055783.985,588609418,583280278,False
2024-10-30,17.31,26.476494,1.55326,7783101306.317,7712634821.705,588609418,583280278,False
2024-10-31,17.51,26.782404,1.571206,7873027375.714,7801746720.281,588609418,583280278,False
2024-11-01,16.82,25.727015,1.509291,7562782436.294,7494310670.195,588609418,583280278,False
2024-11-04,17.5,26.767109,1.570309,7868531072.244,7797291125.352,588609418,583280278,False
2024-11-05,17.9,27.378928,1.606202,8048383211.038,7975514922.503,588609418,583280278,False
2024-11-06,17.66,27.011837,1.584666,7940471927.761,7868580644.212,588609418,583280278,False
2024-11-07,17.72,27.103609,1.59005,7967449748.581,7895314213.785,588609418,583280278,False
2024-11-08,17.9,27.378928,1.606202,8048383211.038,7975514922.503,588609418,583280278,False
2024-11-11,18.67,28.556681,1.675295,8394598578.217,8318595732.018,588609418,583280278,False
2024-11-12,19.47,29.78032,1.747081,8754302855.805,8675043326.32,588609418,583280278,False
2024-11-13,18.87,28.862591,1.693242,8484524647.614,8407707630.594,588609418,583280278,False
2024-11-14,18.38,28.113112,1.649273,8264205777.591,8189383479.084,588609418,583280278,False
2024-11-15,17.98,27.501292,1.61338,8084353638.797,8011159681.933,588609418,583280278,False
2024-11-18,17.63,26.96595,1.581974,7926983017.352,7855213859.426,588609418,583280278,False
2024-11-19,17.92,27.409519,1.607996,8057375817.978,7984426112.36,588609418,583280278,False
2024-11-20,18.19,27.822498,1.632224,8178776011.664,8104727175.437,588609418,583280278,False
2024-11-21,18.0,27.531883,1.615175,8093346245.736,8020070871.791,588609418,583280278,False
2024-11-22,17.36,26.552972,1.557747,7805582823.666,7734912796.349,588609418,583280278,False
2024-11-25,17.15,26.231766,1.538903,7711160450.799,7641345302.845,588609418,583280278,False
2024-11-26,17.14,26.216471,1.538006,7706664147.329,7636889707.916,588609418,583280278,False
2024-11-27,17.36,26.552972,1.557747,7805582823.666,7734912796.349,588609418,583280278,False
2024-11-28,16.91,25.864675,1.517367,7603249167.522,7534411024.554,588609418,583280278,False
2024-11-29,17.1,26.155289,1.534416,7688678933.45,7619067328.201,588609418,583280278,False
2024-12-02,17.51,26.782404,1.571206,7873027375.714,7801746720.281,588609418,583280278,False
2024-12-03,17.42,26.644745,1.56313,7832560644.485,7761646365.922,588609418,583280278,False
2024-12-04,17.06,26.094107,1.530827,7670693719.57,7601244948.486,588609418,583280278,False
2024-12-05,17.24,26.369426,1.546979,7751627182.028,7681445657.204,588609418,583280278,False
2024-12-06,17.43,26.66004,1.564028,7837056947.955,7766101960.851,588609418,583280278,False
2024-12-09,17.31,26.476494,1.55326,7783101306.317,7712634821.705,588609418,583280278,False
2024-12-10,17.52,26.7977,1.572104,7877523679.183,7806202315.209,588609418,583280278,False
2024-12-11,18.0,27.531883,1.615175,8093346245.736,8020070871.791,588609418,583280278,False
2024-12-12,18.19,27.822498,1.632224,8178776011.664,8104727175.437,588609418,583280278,False
2024-12-13,17.82,27.256564,1.599023,8012412783.279,7939870163.073,588609418,583280278,False
2024-12-16,17.71,27.088314,1.589153,7962953445.111,7890858618.856,588609418,583280278,False
2024-12-17,17.51,26.782404,1.571206,7873027375.714,7801746720.281,588609418,583280278,False
2024-12-18,17.81,27.241269,1.598126,8007916479.809,7935414568.144,588609418,583280278,False
2024-12-19,19.59,29.963866,1.757849,8808258497.443,8728510465.465,588609418,583280278,False
2024-12-20,19.08,29.183796,1.712086,8578947020.481,8501275124.098,588609418,583280278,False
2024-12-23,18.96,29.00025,1.701318,8524991378.842,8447807984.953,588609418,583280278,False
2024-12-24,19.15,29.290865,1.718367,8610421144.77,8532464288.599,588609418,583280278,False
2024-12-25,18.98,29.030841,1.703112,8533983985.782,8456719174.81,588609418,583280278,False
2024-12-26,19.79,30.269776,1.775795,8898184566.84,8817622364.041,588609418,583280278,False
2024-12-27,19.97,30.545095,1.791947,8979118029.298,8897823072.759,588609418,583280278,False
2024-12-30,19.78,30.254481,1.774898,8893688263.37,8813166769.112,588609418,583280278,False
2024-12-31,18.99,29.046137,1.70401,8538480289.252,8461174769.739,588609418,583280278,False
2025-01-02,18.03,27.57777,1.617867,8106835156.146,8033437656.577,588609418,583280278,False
2025-01-03,17.16,26.247062,1.5398,7715656754.269,7645800897.774,588609418,583280278,False
2025-01-06,16.88,25.818788,1.514675,7589760257.113,7521044239.768,588609418,583280278,False
2025-01-07,18.57,28.403726,1.666322,8349635543.518,8274039782.731,588609418,583280278,False
2025-01-08,18.74,28.66375,1.681577,8426072702.506,8349784896.52,588609418,583280278,False
2025-01-09,18.98,29.030841,1.703112,8533983985.782,8456719174.81,588609418,583280278,False
2025-01-10,17.95,27.455406,1.610688,8070864728.387,7997792897.147,588609418,583280278,False
2025-01-13,17.48,26.736518,1.568514,7859538465.304,7788379935.494,588609418,583280278,False
2025-01-14,19.23,29.413229,1.725545,8646391572.528,8568109048.03,588609418,583280278,False
2025-01-15,19.88,30.407435,1.783871,8938651298.069,8857722718.4,588609418,583280278,False
2025-01-16,19.91,30.453322,1.786563,8952140208.478,8871089503.186,588609418,583280278,False
2025-01-17,19.89,30.422731,1.784768,8943147601.539,8862178313.329,588609418,583280278,False
2025-01-20,20.05,30.667459,1.799126,9015088457.056,8933467832.189,588609418,583280278,False
2025-01-21,20.42,31.233392,1.832326,9181451685.441,9098324844.554,588609418,583280278,False
2025-01-22,20.3,31.049846,1.821559,9127496043.803,9044857705.408,588609418,583280278,False
2025-01-23,19.99,30.575686,1.793742,8988110636.237,8906734262.616,588609418,583280278,False
2025-01-24,20.51,31.371051,1.840402,9221918416.67,9138425198.912,588609418,583280278,False
2025-01-27,19.57,29.933275,1.756054,8799265890.503,8719599275.608,588609418,583280278,False
2025-02-05,19.62,30.009753,1.760541,8821747407.853,8741877250.252,588609418,583280278,False
2025-02-06,20.27,31.00396,1.818867,9114007133.393,9031490920.622,588609418,583280278,False
2025-02-07,20.66,31.600484,1.853862,9289362968.717,9205259122.844,588609418,583280278,False
2025-02-10,20.79,31.799325,1.865527,9347814913.826,9263181856.918,588609418,583280278,False
2025-02-11,20.96,32.059348,1.880782,9424252072.813,9338926970.707,588609418,583280278,False
2025-02-12,21.25,32.502918,1.906804,9554644873.439,9468139223.642,588609418,583280278,False
2025-02-13,20.71,31.676961,1.858349,9311844486.067,9227537097.488,588609418,583280278,False
2025-02-14,21.61,33.053555,1.939107,9716511798.354,9628540641.077,588609418,583280278,False
2025-02-17,22.65,34.644286,2.032429,10184127359.218,10091922513.67,588609418,583280278,False
2025-02-18,21.06,32.212303,1.889755,9469215107.512,9383482919.995,588609418,583280278,False
2025-02-19,21.5,32.885305,1.929237,9667052460.185,9579529096.861,588609418,583280278,False
2025-02-20,22.0,33.650079,1.974103,9891867633.678,9802308843.3,588609418,583280278,False
2025-02-21,23.56,36.036176,2.114085,10593290974.975,10497381652.188,588609418,583280278,False
2025-02-24,23.48,35.913812,2.106906,10557320547.216,10461736892.758,588609418,583280278,False
2025-02-25,22.94,35.087856,2.058451,10314520159.844,10221134766.604,588609418,583280278,False
2025-02-26,23.3,35.638493,2.090754,10476387084.759,10381536184.04,588609418,583280278,False
2025-02-27,22.63,34.613695,2.030634,10175134752.279,10083011323.812,588609418,583280278,False
2025-02-28,21.11,32.288781,1.894241,9491696624.861,9405760894.639,588609418,583280278,False
2025-03-03,20.9,31.967575,1.875398,9397274251.994,9312193401.135,588609418,583280278,False
2025-03-04,21.32,32.609986,1.913085,9586118997.728,9499328388.143,588609418,583280278,False
2025-03-05,21.79,33.328874,1.955259,9797445260.811,9708741349.795,588609418,583280278,False
2025-03-06,22.2,33.955989,1.992049,9981793703.075,9891420741.875,588609418,583280278,False
2025-03-07,21.98,33.619488,1.972308,9882875026.738,9793397653.442,588609418,583280278,False
2025-03-10,21.69,33.175919,1.946286,9752482226.112,9664185400.508,588609418,583280278,False
2025-03-11,21.43,32.778237,1.922956,9635578335.896,9548339932.36,588609418,583280278,False
2025-03-12,22.33,34.154831,2.003714,10040245648.183,9949343475.949,588609418,583280278,False
2025-03-13,21.67,33.145328,1.944491,9743489619.173,9655274210.65,588609418,583280278,False
2025-03-14,22.06,33.741852,1.979487,9918845454.497,9829042412.872,588609418,583280278,False
2025-03-17,21.94,33.558307,1.968719,9864889812.859,9775575273.727,588609418,583280278,False
2025-03-18,22.29,34.093649,2.000125,10022260434.304,9931521096.234,588609418,583280278,False
2025-03-19,21.32,32.609986,1.913085,9586118997.728,9499328388.143,588609418,583280278,False
2025-03-20,21.24,32.487622,1.905907,9550148569.969,9463683628.713,588609418,583280278,False
2025-03-21,20.74,31.722848,1.861041,9325333396.476,9240903882.274,588609418,583280278,False
2025-03-24,20.71,31.676961,1.858349,9311844486.067,9227537097.488,588609418,583280278,False
2025-03-25,20.05,30.667459,1.799126,9015088457.056,8933467832.189,588609418,583280278,False
2025-03-26,20.03,30.636868,1.797331,9006095850.117,8924556642.331,588609418,583280278,False
2025-03-27,19.86,30.376844,1.782076,8929658691.129,8848811528.542,588609418,583280278,False
2025-03-28,19.91,30.453322,1.786563,8952140208.478,8871089503.186,588609418,583280278,False
2025-03-31,19.99,30.575686,1.793742,8988110636.237,8906734262.616,588609418,583280278,False
2025-04-01,19.93,30.483913,1.788358,8961132815.418,8880000693.044,588609418,583280278,False
2025-04-02,20.1,30.743936,1.803612,9037569974.406,8955745806.833,588609418,583280278,False
2025-04-03,19.92,28.977984,1.755636,8956636511.948,8875545098.115,588609418,583280278,False
2025-04-07,17.93,26.083095,1.580249,8061872121.447,7988881707.289,588609418,583280278,False
2025-04-08,17.11,24.890226,1.507979,7693175236.919,7623522923.13,588609418,583280278,False
2025-04-09,17.43,25.355736,1.536182,7837056947.955,7766101960.851,588609418,583280278,False
2025-04-10,18.29,26.606793,1.611977,8223739046.362,8149283124.725,588609418,583280278,False
2025-04-11,18.38,26.737718,1.619909,8264205777.591,8189383479.084,588609418,583280278,False
2025-04-14,18.55,26.98502,1.634892,8340642936.578,8265128592.873,588609418,583280278,False
2025-04-15,18.47,26.868643,1.627842,8304672508.82,8229483833.443,588609418,583280278,False
2025-04-16,18.52,26.941379,1.632248,8327154026.169,8251761808.087,588609418,583280278,False
2025-04-17,18.52,26.941379,1.632248,8327154026.169,8251761808.087,588609418,583280278,False
2025-04-18,18.74,27.261416,1.651638,8426072702.506,8349784896.52,588609418,583280278,False
2025-04-21,18.98,27.610549,1.67279,8533983985.782,8456719174.81,588609418,583280278,False
2025-04-22,18.86,27.435983,1.662214,8480028344.144,8403252035.665,588609418,583280278,False
2025-04-23,19.16,27.872398,1.688654,8614917448.239,8536919883.528,588609418,583280278,False
2025-04-24,18.85,27.421435,1.661333,8475532040.674,8398796440.736,588609418,583280278,False
2025-04-25,19.25,28.003323,1.696586,8655384179.468,8577020237.887,588609418,583280278,False
2025-04-28,19.29,28.061511,1.700112,8673369393.348,8594842617.602,588609418,583280278,False
2025-04-29,19.22,25.995679,1.681579,8641895269.059,8563653453.101,588609418,583280278,False
2025-04-30,19.33,26.144457,1.691203,8691354607.227,8612664997.317,588609418,583280278,False
2025-05-06,19.85,26.847774,1.736698,8925162387.659,8844355933.613,588609418,583280278,False
2025-05-07,19.76,26.726046,1.728824,8884695656.431,8804255579.255,588609418,583280278,False
2025-05-08,20.12,27.212958,1.760321,9046562581.345,8964656996.69,588609418,583280278,False
2025-05-09,19.89,26.901875,1.740198,8943147601.539,8862178313.329,588609418,583280278,False
2025-05-12,20.17,27.280585,1.764695,9069044098.695,8986934971.334,588609418,583280278,False
2025-05-13,19.98,27.023603,1.748072,8983614332.767,8902278667.688,588609418,583280278,False
2025-05-14,19.99,27.037129,1.748947,8988110636.237,8906734262.616,588609418,583280278,False
2025-05-15,19.53,26.414964,1.708701,8781280676.624,8701776895.893,588609418,583280278,False
2025-05-16,19.54,26.428489,1.709576,8785776980.094,8706232490.822,588609418,583280278,False
2025-05-19,19.89,26.901875,1.740198,8943147601.539,8862178313.329,588609418,583280278,False
2025-05-20,19.94,26.969502,1.744572,8965629118.888,8884456287.972,588609418,583280278,False
2025-05-21,20.0,27.050654,1.749822,8992606939.707,8911189857.545,588609418,583280278,False
2025-05-22,19.53,26.414964,1.708701,8781280676.624,8701776895.893,588609418,583280278,False
2025-05-23,19.23,26.009204,1.682454,8646391572.528,8568109048.03,588609418,583280278,False
2025-05-26,19.38,26.212084,1.695577,8713836124.576,8634942971.961,588609418,583280278,False
2025-05-27,18.88,25.535817,1.651832,8489020951.084,8412163225.523,588609418,583280278,False
2025-05-28,19.07,25.792799,1.668455,8574450717.011,8496819529.169,588609418,583280278,False
2025-05-29,19.45,26.306761,1.701702,8745310248.865,8666132136.463,588609418,583280278,False
2025-05-30,19.15,25.901001,1.675454,8610421144.77,8532464288.599,588609418,583280278,False
2025-06-03,19.11,25.8469,1.671955,8592435930.89,8514641908.884,588609418,583280278,False
2025-06-04,19.27,26.063305,1.685953,8664376786.408,8585931427.745,588609418,583280278,False
2025-06-05,19.68,26.617844,1.721825,8848725228.672,8768610819.824,588609418,583280278,False
2025-06-06,19.81,26.793673,1.733199,8907177173.78,8826533553.898,588609418,583280278,False
2025-06-09,19.85,26.847774,1.736698,8925162387.659,8844355933.613,588609418,583280278,False
2025-06-10,19.66,26.590793,1.720075,8839732621.732,8759699629.967,588609418,583280278,False
2025-06-11,19.73,26.68547,1.726199,8871206746.021,8790888794.468,588609418,583280278,False
2025-06-12,19.67,26.604318,1.72095,8844228925.202,8764155224.896,588609418,583280278,False
2025-06-13,19.93,26.955977,1.743697,8961132815.418,8880000693.044,588609418,583280278,False
2025-06-16,20.07,27.145331,1.755946,9024081063.996,8942379022.046,588609418,583280278,False
2025-06-17,20.27,27.415838,1.773444,9114007133.393,9031490920.622,588609418,583280278,False
2025-06-18,20.4,27.591667,1.784818,9172459078.501,9089413654.696,588609418,583280278,False
2025-06-19,20.09,27.172382,1.757696,9033073670.936,8951290211.904,588609418,583280278,False
2025-06-20,19.95,26.983027,1.745447,8970125422.358,8888911882.901,588609418,583280278,False
2025-06-23,20.25,27.388787,1.771695,9105014526.453,9022579730.764,588609418,583280278,False
2025-06-24,21.38,28.917149,1.87056,9613096818.547,9526061957.716,588609418,583280278,False
2025-06-25,22.56,30.513138,1.973799,10143660627.99,10051822159.311,588609418,583280278,False
2025-06-26,22.71,30.716018,1.986923,10211105180.037,10118656083.242,588609418,583280278,False
2025-06-27,22.54,30.486087,1.972049,10134668021.05,10042910969.453,588609418,583280278,False
2025-06-30,22.45,30.364359,1.964175,10094201289.821,10002810615.094,588609418,583280278,False
2025-07-01,22.48,30.404935,1.9668,10107690200.231,10016177399.881,588609418,583280278,False
2025-07-02,21.59,29.201181,1.888933,9707519191.414,9619629451.22,588609418,583280278,False
2025-07-03,22.16,29.972125,1.938803,9963808489.196,9873598362.16,588609418,583280278,False
2025-07-04,22.1,29.890973,1.933553,9936830668.376,9846864792.587,588609418,583280278,False
2025-07-07,22.02,29.78277,1.926554,9900860240.618,9811220033.157,588609418,583280278,False
2025-07-08,23.0,31.108252,2.012295,10341497980.663,10247868336.177,588609418,583280278,False
2025-07-09,22.64,30.62134,1.980798,10179631055.748,10087466918.741,588609418,583280278,False
2025-07-10,22.78,30.810695,1.993047,10242579304.326,10149845247.744,588609418,583280278,False
2025-07-11,24.06,32.541937,2.105036,10818106148.468,10720161398.627,588609418,583280278,False
2025-07-14,24.52,33.164102,2.145282,11024936108.081,10925118765.35,588609418,583280278,False
2025-07-15,25.25,34.151451,2.20915,11353166261.38,11250377195.151,588609418,583280278,False
2025-07-16,25.06,33.89447,2.192527,11267736495.453,11165720891.504,588609418,583280278,False
2025-07-17,25.7,34.76009,2.248521,11555499917.524,11450878966.945,588609418,583280278,False
2025-07-18,25.7,34.76009,2.248521,11555499917.524,11450878966.945,588609418,583280278,False
2025-07-21,25.85,34.96297,2.261645,11622944469.571,11517712890.877,588609418,583280278,False
2025-07-22,25.36,34.300229,2.218774,11402625599.549,11299388739.367,588609418,583280278,False
2025-07-23,25.85,34.96297,2.261645,11622944469.571,11517712890.877,588609418,583280278,False
2025-07-24,25.87,34.990021,2.263395,11631937076.511,11526624080.735,588609418,583280278,False
2025-07-25,25.86,34.976496,2.26252,11627440773.041,11522168485.806,588609418,583280278,False
2025-07-28,26.39,35.693338,2.30889,11865744856.944,11758315017.031,588609418,583280278,False
2025-07-29,26.78,36.220826,2.343011,12041100692.268,11932083219.253,588609418,583280278,False
2025-07-30,26.32,35.598661,2.302766,11834270732.655,11727125852.529,588609418,583280278,False
2025-07-31,26.58,35.950319,2.325513,11951174622.871,11842971320.677,588609418,583280278,False
2025-08-01,26.88,36.356079,2.351761,12086063726.966,11976639168.541,588609418,583280278,False
2025-08-04,27.52,37.2217,2.407755,12373827149.037,12261797243.982,588609418,583280278,False
2025-08-05,27.29,36.910617,2.387632,12270412169.23,12159318560.62,588609418,583280278,False
2025-08-06,27.96,37.816814,2.446251,12571664501.711,12457843420.848,588609418,583280278,False
2025-08-07,28.16,38.087321,2.463749,12661590571.108,12546955319.423,588609418,583280278,False
2025-08-08,28.5,38.547182,2.493496,12814464889.083,12698445547.002,588609418,583280278,False
2025-08-11,28.49,38.533657,2.492621,12809968585.613,12693989952.073,588609418,583280278,False
2025-08-12,30.41,41.130519,2.660604,13673258851.825,13549464178.397,588609418,583280278,False
2025-08-13,30.3,40.981741,2.65098,13623799513.656,13500452634.181,588609418,583280278,False
2025-08-14,29.12,39.385752,2.547741,13093235704.214,12974692432.586,588609418,583280278,False
2025-08-15,28.98,39.196398,2.535492,13030287455.636,12912314103.583,588609418,583280278,False
2025-08-18,31.2,42.19902,2.729722,14028466825.943,13901456177.77,588609418,583280278,False
2025-08-19,31.0,41.928514,2.712224,13938540756.546,13812344279.195,588609418,583280278,False
2025-08-20,31.89,43.132268,2.790091,14338711765.363,14208892227.856,588609418,583280278,False
2025-08-21,31.5,42.60478,2.755969,14163355930.039,14035124025.634,588609418,583280278,False
2025-08-22,34.04,40.774862,2.963064,15305417011.382,15166845137.542,588609418,583280278,False
2025-08-25,33.93,40.441866,2.938866,15180422452.052,15117833593.325,585695098,583280278,False
2025-08-26,33.16,39.524087,2.872172,14835921264.664,14774752783.81,585695098,583280278,False
2025-08-27,32.41,38.630147,2.80721,14500368160.065,14440583164.152,585695098,583280278,False
2025-08-28,33.91,40.418028,2.937134,15171474369.263,15108922403.468,585695098,583280278,False
2025-08-29,33.07,39.416815,2.864377,14795654892.112,14734652429.451,585695098,583280278,False
2025-09-01,35.74,42.599243,3.09564,15990223944.484,15924296275.433,585695098,583280278,False
2025-09-02,32.17,38.344086,2.786423,14392991166.593,14333648885.861,585695098,583280278,False
2025-09-03,30.97,36.913781,2.682484,13856106199.235,13798977494.409,585695098,583280278,False
2025-09-04,29.47,35.1259,2.552561,13184999990.037,13130638255.093,585695098,583280278,False
2025-09-05,30.42,36.258225,2.634845,13610033922.529,13553919773.326,585695098,583280278,False
2025-09-08,29.65,35.340446,2.568151,13265532735.141,13210838963.811,585695098,583280278,False
2025-09-09,28.93,34.482263,2.505788,12943401754.726,12890036128.939,585695098,583280278,False
2025-09-10,29.01,34.577617,2.512717,12979194085.884,12925680888.369,585695098,583280278,False
2025-09-11,30.99,36.93762,2.684216,13865054282.024,13807888684.266,585695098,583280278,False
2025-09-12,31.5,37.545499,2.72839,14093230393.152,14035124025.634,585695098,583280278,False
2025-09-15,31.46,37.497822,2.724925,14075334227.573,14017301645.918,585695098,583280278,False
2025-09-16,31.4,37.426307,2.719729,14048489979.205,13990568076.346,585695098,583280278,False
2025-09-17,31.66,37.736206,2.742249,14164815055.466,14106413544.494,585695098,583280278,False
2025-09-18,31.36,37.37863,2.716264,14030593813.627,13972745696.631,585695098,583280278,False
2025-09-19,31.24,37.2356,2.70587,13976905316.891,13919278557.485,585695098,583280278,False
2025-09-22,31.99,38.12954,2.770832,14312458421.49,14253448177.143,585695098,583280278,False
2025-09-23,30.37,36.198629,2.630515,13587663715.556,13531641798.682,585695098,583280278,False
2025-09-24,31.01,36.961458,2.685948,13874002364.814,13816799874.124,585695098,583280278,False
2025-09-25,32.2,38.379844,2.789021,14406413290.777,14347015670.648,585695098,583280278,False
2025-09-26,30.68,36.568124,2.657365,13726358998.79,13669765241.474,585695098,583280278,False
2025-09-29,30.55,36.413175,2.646105,13668196460.66,13611842507.4,585695098,583280278,False
2025-09-30,30.35,36.17479,2.628782,13578715632.767,13522730608.825,585695098,583280278,False
2025-10-09,30.55,36.413175,2.646105,13668196460.66,13611842507.4,585695098,583280278,False
2025-10-10,29.18,34.780243,2.527442,13055252789.593,13001426002.158,585695098,583280278,False
2025-10-13,29.49,35.149739,2.554293,13193948072.827,13139549444.95,585695098,583280278,False
2025-10-14,28.0,33.373777,2.425236,12527315905.024,12475665800.563,585695098,583280278,False
2025-10-15,28.78,34.303475,2.492796,12876291133.807,12823202205.007,585695098,583280278,False
2025-10-16,28.79,34.315394,2.493662,12880765175.201,12827657799.936,585695098,583280278,False
2025-10-17,26.92,32.086503,2.331691,12044119434.401,11994461548.256,585695098,583280278,False
2025-10-20,26.94,32.110341,2.333423,12053067517.191,12003372738.113,585695098,583280278,False
2025-10-21,27.49,32.765898,2.381062,12299139793.897,12248430459.196,585695098,583280278,False
2025-10-22,26.19,31.546935,2.221717,11717514412.592,11669203118.455,585695098,583280278,False
2025-10-23,25.98,31.293982,2.203903,11623559543.304,11575635624.951,585695098,583280278,False
2025-10-24,26.86,32.353978,2.278554,12017275186.033,11967727978.683,585695098,583280278,False
2025-10-27,27.29,32.871931,2.315031,12209658966.003,12159318560.62,585695098,583280278,False
2025-10-28,27.53,33.161021,2.335391,12317035959.475,12266252838.911,585695098,583280278,False
2025-10-29,27.66,33.317611,2.346419,12375198497.606,12324175572.985,585695098,583280278,False
2025-10-30,27.04,32.570795,2.293824,12097807931.137,12047928687.401,585695098,583280278,False
2025-10-31,26.79,32.26966,2.272616,11985956896.271,11936538814.182,585695098,583280278,False
2025-11-03,26.82,32.305796,2.275161,11999379020.455,11949905598.968,585695098,583280278,False
2025-11-04,26.08,31.414436,2.212386,11668299957.251,11620191574.239,585695098,583280278,False
2025-11-05,25.85,31.137391,2.192875,11565397005.174,11517712890.877,585695098,583280278,False
2025-11-06,26.3,31.679435,2.231049,11766728867.933,11718214662.672,585695098,583280278,False
2025-11-07,25.93,31.233755,2.199661,11601189336.331,11553357650.307,585695098,583280278,False
2025-11-10,25.78,31.053073,2.186937,11534078715.411,11486523726.376,585695098,583280278,False
2025-11-11,25.47,30.679666,2.160639,11395383432.177,11348400283.584,585695098,583280278,False
2025-11-12,25.28,30.450803,2.144521,11310376645.679,11263743979.937,585695098,583280278,False
2025-11-13,25.75,31.016937,2.184392,11520656591.227,11473156941.589,585695098,583280278,False
2025-11-14,25.17,30.318303,2.13519,11261162190.337,11214732435.72,585695098,583280278,False
2025-11-17,25.12,30.258076,2.130949,11238791983.364,11192454461.077,585695098,583280278,False
2025-11-18,25.2,30.354439,2.137735,11274584314.521,11228099220.507,585695098,583280278,False
2025-11-19,25.25,30.414667,2.141977,11296954521.495,11250377195.151,585695098,583280278,False
2025-11-20,25.22,30.37853,2.139432,11283532397.311,11237010410.364,585695098,583280278,False
2025-11-21,24.32,29.294443,2.063084,10880868671.792,10836006866.775,585695098,583280278,False
2025-11-24,25.0,30.113531,2.120769,11185103486.628,11138987321.931,585695098,583280278,False
2025-11-25,26.5,31.920343,2.248015,11856209695.826,11807326561.247,585695098,583280278,False
2025-11-26,26.47,31.884207,2.24547,11842787571.642,11793959776.461,585695098,583280278,False
2025-11-27,26.51,31.932388,2.248863,11860683737.221,11811782156.176,585695098,583280278,False
2025-11-28,27.0,32.522614,2.29043,12079911765.559,12030106307.686,585695098,583280278,False
2025-12-01,27.18,32.739431,2.3057,12160444510.662,12110307016.404,585695098,583280278,False
2025-12-02,27.11,32.655113,2.299762,12129126220.9,12079117851.902,585695098,583280278,False
2025-12-03,26.85,32.341933,2.277706,12012801144.639,11963272383.754,585695098,583280278,False
2025-12-04,27.0,32.522614,2.29043,12079911765.559,12030106307.686,585695098,583280278,False
2025-12-05,27.49,33.112839,2.331997,12299139793.897,12248430459.196,585695098,583280278,False
2025-12-08,29.06,35.003969,2.465182,13001564292.857,12947958863.013,585695098,583280278,False
2025-12-09,30.37,36.581918,2.57631,13587663715.556,13531641798.682,585695098,583280278,False
2025-12-10,30.28,36.473509,2.568675,13547397343.004,13491541444.323,585695098,583280278,False
2025-12-11,29.09,35.040105,2.467727,13014986417.041,12961325647.799,585695098,583280278,False
2025-12-12,29.48,35.509876,2.500811,13189474031.432,13135093850.021,585695098,583280278,False
2025-12-15,28.29,34.076472,2.399862,12657063105.469,12604878053.498,585695098,583280278,False
2025-12-16,28.33,34.124654,2.403255,12674959271.047,12622700433.213,585695098,583280278,False
2025-12-17,29.03,34.967832,2.462637,12988142168.673,12934592078.227,585695098,583280278,False
2025-12-18,28.31,34.100563,2.401559,12666011188.258,12613789243.355,585695098,583280278,False
2025-12-19,28.13,33.883745,2.386289,12585478443.154,12533588534.637,585695098,583280278,False
2025-12-22,29.23,35.208741,2.479603,13077622996.566,13023703976.802,585695098,583280278,False
2025-12-23,29.27,35.256922,2.482996,13095519162.144,13041526356.517,585695098,583280278,False
2025-12-24,29.36,35.365331,2.490631,13135785534.696,13081626710.876,585695098,583280278,False
2025-12-25,29.14,35.100332,2.471968,13037356624.014,12983603622.443,585695098,583280278,False
2025-12-26,29.73,35.811011,2.522018,13301325066.298,13246483723.241,585695098,583280278,False
2025-12-29,30.69,36.967371,2.603456,13730833040.185,13674220836.403,585695098,583280278,False
2025-12-30,30.63,36.895098,2.598366,13703988791.817,13647487266.83,585695098,583280278,False
2025-12-31,30.3,36.4976,2.570372,13556345425.794,13500452634.181,585695098,583280278,False
2026-01-05,31.51,37.955095,2.673017,14097704434.546,14039579620.562,585695098,583280278,False
2026-01-06,29.89,36.003738,2.535591,13372909728.613,13317773242.101,585695098,583280278,False
2026-01-07,29.77,35.859193,2.525412,13319221231.877,13264306102.956,585695098,583280278,False
2026-01-08,30.49,36.726463,2.58649,13641352212.292,13585108937.827,585695098,583280278,False
2026-01-09,31.33,37.738277,2.657748,14017171689.443,13959378911.844,585695098,583280278,False
2026-01-12,31.7,38.183958,2.689135,14182711221.045,14124235924.209,585695098,583280278,False
2026-01-13,30.43,36.65419,2.5814,13614507963.924,13558375368.255,585695098,583280278,False
2026-01-14,31.72,38.208048,2.690832,14191659303.834,14133147114.066,585695098,583280278,False
2026-01-15,30.68,36.955326,2.602608,13726358998.79,13669765241.474,585695098,583280278,False
2026-01-16,30.59,36.846917,2.594973,13686092626.238,13629664887.115,585695098,583280278,False
2026-01-19,29.07,35.016014,2.46603,13006038334.251,12952414457.942,585695098,583280278,False
2026-01-20,27.97,33.691019,2.372716,12513893780.84,12462299015.777,585695098,583280278,False
2026-01-21,28.31,34.100563,2.401559,12666011188.258,12613789243.355,585695098,583280278,False
2026-01-22,28.2,33.968063,2.392227,12616796732.917,12564777699.139,585695098,583280278,False
2026-01-23,28.98,34.907605,2.458395,12965771961.7,12912314103.583,585695098,583280278,False
2026-01-26,30.0,36.136237,2.544923,13422124183.954,13366784786.318,585695098,583280278,False
2026-01-27,30.01,36.148283,2.545771,13426598225.349,13371240381.246,585695098,583280278,False
2026-01-28,29.52,35.558058,2.504204,13207370197.011,13152916229.737,585695098,583280278,False
2026-01-29,28.88,34.787151,2.449912,12921031547.753,12867758154.295,585695098,583280278,False
2026-01-30,28.7,34.570334,2.434643,12840498802.649,12787557445.577,585695098,583280278,False
2026-02-02,28.07,33.811473,2.381199,12558634194.786,12506854965.065,585695098,583280278,False
2026-02-03,28.72,34.594425,2.436339,12849446885.439,12796468635.435,585695098,583280278,False
2026-02-04,28.32,34.112608,2.402407,12670485229.653,12618244838.284,585695098,583280278,False
2026-02-05,27.22,32.787613,2.309093,12178340676.241,12128129396.119,585695098,583280278,False
2026-02-06,27.23,32.799658,2.309941,12182814717.636,12132584991.048,585695098,583280278,False
2026-02-09,28.45,34.269199,2.413435,12728647767.783,12676167572.358,585695098,583280278,False
2026-02-10,28.96,34.883515,2.456699,12956823878.91,12903402913.725,585695098,583280278,False
2026-02-11,28.84,34.73897,2.446519,12903135382.174,12849935774.58,585695098,583280278,False
2026-02-12,29.9,36.015783,2.53644,13377383770.007,13322228837.03,585695098,583280278,False
2026-02-13,29.58,35.63033,2.509294,13234214445.379,13179649799.309,585695098,583280278,False
2026-02-24,29.62,35.678512,2.512687,13252110610.957,13197472179.024,585695098,583280278,False
2026-02-25,29.25,35.232832,2.4813,13086571079.355,13032615166.66,585695098,583280278,False
2026-02-26,30.86,37.172143,2.617877,13806891743.894,13749965950.192,585695098,583280278,False
2026-02-27,31.1,37.461233,2.638236,13914268737.366,13856900228.483,585695098,583280278,False
2026-03-02,30.4,36.618054,2.578855,13601085839.74,13545008583.469,585695098,583280278,False
2026-03-03,28.55,34.389653,2.421918,12773388181.73,12720723521.646,585695098,583280278,False
2026-03-04,28.67,34.534198,2.432098,12827076678.465,12774190660.791,585695098,583280278,False
2026-03-05,29.75,35.835102,2.523715,13310273149.088,13255394913.098,585695098,583280278,False
2026-03-06,29.77,35.859193,2.525412,13319221231.877,13264306102.956,585695098,583280278,False
2026-03-09,29.17,35.136468,2.474513,13050778748.198,12996970407.23,585695098,583280278,False
2026-03-10,30.72,37.003507,2.606001,13744255164.369,13687587621.189,585695098,583280278,False
2026-03-11,32.07,38.629638,2.720522,14348250752.647,14289092936.574,585695098,583280278,False
2026-03-12,32.22,38.810319,2.733247,14415361373.567,14355926860.505,585695098,583280278,False
2026-03-13,30.54,36.78669,2.590731,13663722419.265,13607386912.471,585695098,583280278,False
2026-03-16,29.92,36.039874,2.538136,13386331852.797,13331140026.887,585695098,583280278,False
2026-03-17,27.87,33.570565,2.364233,12469153366.893,12417743066.489,585695098,583280278,False
2026-03-18,29.34,35.34124,2.488934,13126837451.907,13072715521.019,585695098,583280278,False
2026-03-19,28.53,34.365562,2.420221,12764440098.94,12711812331.788,585695098,583280278,False
2026-03-20,27.85,33.546474,2.362537,12460205284.104,12408831876.632,585695098,583280278,False
2026-03-23,25.83,31.1133,2.191178,11556448922.384,11508801701.019,585695098,583280278,False
2026-03-24,26.48,31.896252,2.246318,11847261613.037,11798415371.39,585695098,583280278,False
2026-03-25,27.61,33.257384,2.342177,12352828290.632,12301897598.341,585695098,583280278,False
2026-03-26,26.86,32.353978,2.278554,12017275186.033,11967727978.683,585695098,583280278,False
2026-03-27,27.01,32.534659,2.291279,12084385806.953,12034561902.615,585695098,583280278,False
2026-03-30,26.06,37.331017,2.188753,11659351874.461,11611280384.381,585695098,583280278,False
2026-03-31,25.48,36.500165,2.140039,11399857473.572,11352855878.512,585695098,583280278,False
2026-04-01,25.99,37.230742,2.182873,11628033584.699,11580091219.88,585695098,583280278,False
2026-04-02,25.67,36.772341,2.155997,11484864260.07,11437512182.159,585695098,583280278,False
2026-04-03,25.91,37.116141,2.176154,11592241253.542,11544446460.45,585695098,583280278,False
2026-04-07,26.26,37.617517,2.205551,11748832702.354,11700392282.957,585695098,583280278,False
2026-04-08,27.6,39.537071,2.318096,12348354249.238,12297442003.412,585695098,583280278,False
2026-04-09,27.94,40.024122,2.346652,12500471656.656,12448932230.99,585695098,583280278,False
2026-04-10,27.85,39.895196,2.339093,12460205284.104,12408831876.632,585695098,583280278,False
2026-04-13,28.44,40.740373,2.388646,12724173726.388,12671711977.429,585695098,583280278,False
2026-04-14,28.39,40.668748,2.384447,12701803519.415,12649434002.785,585695098,583280278,False
2026-04-15,28.13,40.296297,2.36261,12585478443.154,12533588534.637,585695098,583280278,False
2026-04-16,29.09,41.6715,2.443239,13014986417.041,12961325647.799,585695098,583280278,False
2026-04-17,29.4,42.115575,2.469276,13153681700.275,13099449090.591,585695098,583280278,False
2026-04-20,29.12,41.714475,2.445759,13028408541.225,12974692432.586,585695098,583280278,False
2026-04-21,26.91,39.015645,2.245335,12039645393.007,11990005953.327,585695098,583280278,False
2026-04-22,28.11,40.755473,2.345461,12576530360.365,12524677344.78,585695098,583280278,False
2026-04-23,27.02,39.175129,2.254513,12088859848.348,12039017497.543,585695098,583280278,False
2026-04-24,27.41,39.740573,2.287054,12263347462.739,12212785699.766,585695098,583280278,False
2026-04-27,27.28,39.5521,2.2762,12205184924.273,12154862965.814,585695098,583280278,False
2026-04-28,26.25,38.0587,2.1903,11744358661.342,11695936688.41,585695098,583280278,False
2026-04-29,26.57,38.5227,2.217,11887527985.696,11838515725.397,585695098,583280278,False
2026-04-30,26.5,38.4212,2.2111,11856209695.826,11807326561.247,585695098,583280278,False
2026-05-06,26.91,39.0156,2.2453,12039645392.869,11990005953.342,585695098,583280278,False
2026-05-07,27.32,39.6101,2.2795,12223081089.912,12172685345.437,585695098,583280278,False
2026-05-08,28.92,41.9299,2.413,12938927713.209,12885580534.194,585695098,583280278,False
2026-05-11,31.81,46.1199,2.6542,14231925676.096,14173247468.288,585695098,583280278,False
2026-05-12,32.1,46.5404,2.6784,14361672876.984,14302459721.513,585695098,583280278,False
2026-05-13,31.88,46.2214,2.66,14263243965.965,14204436633.202,585695098,583280278,False
2026-05-14,31.25,45.308,2.6075,13981379358.667,13923734152.796,585695098,583280278,False
2026-05-15,31.26,45.3225,2.6083,13985853399.313,13928189747.129,585695098,583280278,False
2026-05-18,31.41,45.54,2.6208,14052964020.462,13995023671.29,585695098,583280278,False
2026-05-19,32.25,46.7579,2.6909,14428783498.132,14369293645.673,585695098,583280278,False
2026-05-20,33.22,48.1642,2.7718,14862765513.368,14801486353.26,585695098,583280278,False
2026-05-21,30.7,44.5106,2.5616,13735307081.885,13678676431.637,585695098,583280278,False
2026-05-22,31.68,45.9315,2.6433,14173763138.53,14115324734.321,585695098,583280278,False
2026-05-25,23.9,44.9968,2.6444,18177249491.0,18102221033.0,760554372,757415106,False
2026-05-26,23.22,43.7166,2.5692,17660072518.0,17587178761.0,760554372,757415106,False
2026-05-27,23.55,44.3379,2.6057,17911055461.0,17837125746.0,760554372,757415106,False
2026-05-28,24.72,46.5406,2.7352,18800904076.0,18723301420.0,760554372,757415106,False
2026-05-29,22.69,42.7187,2.5106,17256978701.0,17185748755.0,760554372,757415106,False
2026-06-01,21.78,41.0055,2.4099,16564874222.0,16496501009.0,760554372,757415106,False
2026-06-02,22.68,42.6999,2.5095,17249373157.0,17178174604.0,760554372,757415106,False
2026-06-03,22.35,42.0786,2.4729,16998390214.0,16928227619.0,760554372,757415106,False
2026-06-04,21.38,40.2524,2.3656,16260652473.0,16193534966.0,760554372,757415106,False
2026-06-05,21.32,40.1394,2.359,16215019211.0,16148090060.0,760554372,757415106,False
2026-06-08,19.19,36.1292,2.1233,14595038399.0,14534795884.0,760554372,757415106,False
2026-06-09,19.25,36.2422,2.1299,14640671661.0,14580240791.0,760554372,757415106,False
2026-06-10,18.79,35.3761,2.079,14290816650.0,14231829842.0,760554372,757415106,False
2026-06-11,17.87,33.6441,1.9772,13591106628.0,13535007944.0,760554372,757415106,False
2026-06-12,17.55,33.0416,1.9418,13347729229.0,13292635110.0,760554372,757415106,False
2026-06-15,18.87,35.5268,2.0446,14351661528.0,14292422937.0,760554372,757415106,False
2026-06-16,18.86,35.5079,2.0435,14344055984.0,14284848786.0,760554372,757415106,False
2026-06-17,19.83,37.3342,2.1486,15081793752.0,15019541433.0,760554372,757415106,False
2026-06-18,19.94,37.5413,2.1605,15165454736.0,15102857094.0,760554372,757415106,False
2026-06-22,20.02,37.6919,2.1692,15226299088.0,15163450302.0,760554372,757415106,False
2026-06-23,19.09,35.941,2.0684,14518983496.0,14459054259.0,760554372,757415106,False
2026-06-24,18.89,35.56,2.09,14367000000.0,14308000000.0,760554372,757415106,False
2026-06-25,18.7,35.21,2.07,14222000000.0,14164000000.0,760554372,757415106,False
2026-06-26,17.7,33.32,1.96,13462000000.0,13406000000.0,760554372,757415106,False
2026-06-29,17.43,32.82,1.93,13256000000.0,13202000000.0,760554372,757415106,False
2026-06-30,19.17,36.09,2.12,14580000000.0,14520000000.0,760554372,757415106,False
2026-07-01,21.09,39.71,2.33,16040000000.0,15974000000.0,760554372,757415106,False
2026-07-02,21.27,40.05,2.35,16177000000.0,16110000000.0,760554372,757415106,False
2026-07-03,23.4,44.06,2.59,17797000000.0,17724000000.0,760554372,757415106,False
2026-07-06,25.74,48.46,2.85,19577000000.0,19496000000.0,760554372,757415106,False
2026-07-07,26.45,49.8,2.93,20117000000.0,20034000000.0,760554372,757415106,False
2026-07-08,29.1,54.79,3.22,22132000000.0,22041000000.0,760554372,757415106,False
2026-07-09,28.96,54.52,3.2,22026000000.0,21935000000.0,760554372,757415106,False
2026-07-10,27.47,51.72,3.04,20892000000.0,20806000000.0,760554372,757415106,False
2026-07-13,28.99,54.58,3.21,22048000000.0,21957000000.0,760554372,757415106,False
2026-07-14,28.62,53.88,3.17,21767000000.0,21677000000.0,760554372,757415106,False
2026-07-15,27.52,51.81,3.04,20930000000.0,20844000000.0,760554372,757415106,False
2026-07-16,28.51,53.68,3.15,21683000000.0,21594000000.0,760554372,757415106,False
2026-07-17,29.95,56.39,3.31,22779000000.0,22685000000.0,760554372,757415106,False
2026-07-20,28.74,54.11,3.18,21858000000.0,21768000000.0,760554372,757415106,False
2026-07-21,31.61,59.51,3.5,24041000000.0,23942000000.0,760554372,757415106,False
2026-07-22,34.59,65.12,3.83,26308000000.0,26199000000.0,760554372,757415106,False
2026-07-23,33.93,63.88,3.75,25806000000.0,25699000000.0,760554372,757415106,False
2026-07-24,32.92,61.98,3.64,25037000000.0,24934000000.0,760554372,757415106,False
2026-07-27,31.3,58.93,3.46,23805000000.0,23707000000.0,760554372,757415106,False
2026-07-28,28.33,53.34,3.13,21547000000.0,21458000000.0,760554372,757415106,False
2026-07-29,26.32,49.55,2.91,20018000000.0,19935000000.0,760554372,757415106,False
2026-07-30,24.43,45.99,2.7,18580000000.0,18504000000.0,760554372,757415106,False
2026-07-31,26.06,49.06,2.88,19820000000.0,19738000000.0,760554372,757415106,False
2026-08-03,24.96,46.99,2.76,18983000000.0,18905000000.0,760554372,757415106,False
2026-08-04,26.09,49.12,2.89,19843000000.0,19761000000.0,760554372,757415106,False
2026-08-05,28.7,54.03,3.18,21828000000.0,21738000000.0,760554372,757415106,False
2026-08-06,29.02,54.64,3.21,22071000000.0,21980000000.0,760554372,757415106,False
2026-08-07,29.6,55.73,3.28,22512000000.0,22419000000.0,760554372,757415106,False
2026-08-10,30.03,56.54,3.32,22839000000.0,22745000000.0,760554372,757415106,False
2026-08-11,29.95,56.39,3.31,22779000000.0,22685000000.0,760554372,757415106,False
2026-08-12,29.44,55.43,3.26,22391000000.0,22298000000.0,760554372,757415106,False
2026-08-13,32.38,60.96,3.58,24627000000.0,24525000000.0,760554372,757415106,False
2026-08-14,32.67,61.51,3.61,24847000000.0,24745000000.0,760554372,757415106,False
2026-08-17,33.91,45.27,3.57,25790000000.0,25684000000.0,760554372,757415106,False
2026-08-18,32.76,43.74,3.44,24916000000.0,24813000000.0,760554372,757415106,False
2026-08-19,29.48,39.36,3.1,22421000000.0,22329000000.0,760554372,757415106,False
2026-08-20,30.15,40.25,3.17,22931000000.0,22836000000.0,760554372,757415106,False
2026-08-21,33.17,44.29,3.49,25228000000.0,25123000000.0,760554372,757415106,False
2026-08-24,32.08,42.83,3.37,24399000000.0,24298000000.0,760554372,757415106,False
2026-08-25,30.84,41.18,3.24,23455000000.0,23359000000.0,760554372,757415106,False
2026-08-26,30.32,40.48,3.19,23060000000.0,22965000000.0,760554372,757415106,False
2026-08-27,33.35,44.53,3.51,25364000000.0,25260000000.0,760554372,757415106,False
2026-08-28,36.69,48.99,3.86,27905000000.0,27790000000.0,760554372,757415106,False
