date,close,pe_ttm,pb,total_mv,float_mv,total_share,float_share,is_st
2020-01-02,8.21,45.362834,4.538664,12205849135.502,10357234928.938,1487907504,1262559237,False
2020-01-03,8.36,46.191631,4.621587,12428854905.335,10546465774.168,1487907504,1262559237,False
2020-01-06,8.34,46.081125,4.610531,12399120802.691,10521234994.804,1487907504,1262559237,False
2020-01-07,8.6,47.517707,4.754264,12785664137.067,10849235126.536,1487907504,1262559237,False
2020-01-08,8.29,45.804859,4.58289,12324785546.08,10458158046.394,1487907504,1262559237,False
2020-01-09,8.47,46.799416,4.682397,12592392469.879,10685235060.67,1487907504,1262559237,False
2020-01-10,8.61,47.57296,4.759792,12800531188.389,10861850516.218,1487907504,1262559237,False
2020-01-13,8.7,48.070238,4.809546,12934334650.289,10975389023.356,1487907504,1262559237,False
2020-01-14,8.51,47.020429,4.70451,12651860675.168,10735696619.398,1487907504,1262559237,False
2020-01-15,8.74,48.291251,4.831659,12993802855.577,11025850582.085,1487907504,1262559237,False
2020-01-16,9.05,50.004098,5.003034,13454681446.565,11416927662.227,1487907504,1262559237,False
2020-01-17,9.32,51.495933,5.152296,13856091832.263,11757543183.642,1487907504,1262559237,False
2020-01-20,9.45,52.214224,5.224162,14049363499.452,11921543249.508,1487907504,1262559237,False
2020-01-21,10.4,57.463273,5.749343,15461733375.058,13120005269.3,1487907504,1262559237,False
2020-01-22,10.82,59.783906,5.981528,16086149530.589,13649851635.944,1487907504,1262559237,False
2020-01-23,10.47,57.850045,5.78804,15565802734.313,13208312997.074,1487907504,1262559237,False
2020-02-03,9.42,52.048465,5.207578,14004762345.485,11883697080.462,1487907504,1262559237,False
2020-02-04,9.49,52.435237,5.246275,14108831704.74,11972004808.236,1487907504,1262559237,False
2020-02-05,9.59,52.987768,5.301557,14257502217.962,12098158705.056,1487907504,1262559237,False
2020-02-06,9.75,53.871819,5.390009,14495375039.117,12300004939.968,1487907504,1262559237,False
2020-02-07,10.73,59.286627,5.931774,15952346068.69,13536313128.806,1487907504,1262559237,False
2020-02-10,10.7,59.120868,5.915189,15907744914.723,13498466959.76,1487907504,1262559237,False
2020-02-11,10.8,59.673399,5.970471,16056415427.945,13624620856.58,1487907504,1262559237,False
2020-02-12,11.88,65.640739,6.567518,17662056970.739,14987082942.238,1487907504,1262559237,False
2020-02-13,12.05,66.580043,6.661498,17914796843.216,15201544566.833,1487907504,1262559237,False
2020-02-14,12.39,68.45865,6.849457,18420276588.17,15630467816.021,1487907504,1262559237,False
2020-02-17,12.8,70.724029,7.076114,19029825692.379,16147698792.984,1487907504,1262559237,False
2020-02-18,13.7,75.696812,7.573653,20367860311.374,17283083864.366,1487907504,1262559237,False
2020-02-19,13.75,75.973078,7.601294,20442195567.985,17346160812.776,1487907504,1262559237,False
2020-02-20,14.0,77.354406,7.7395,20813871851.039,17661545554.826,1487907504,1262559237,False
2020-02-21,14.86,82.106177,8.214926,22092438264.746,18746469067.48,1487907504,1262559237,False
2020-02-24,16.33,90.22839,9.027574,24277894809.105,20600931350.737,1487907504,1262559237,False
2020-02-25,17.96,88.208405,9.928673,26701224174.619,22657239868.906,1487907504,1262559237,False
2020-02-26,16.16,79.367919,8.933594,24025154936.628,20386469726.143,1487907504,1262559237,False
2020-02-27,14.58,71.607937,8.060136,21676160827.725,18393238156.384,1487907504,1262559237,False
2020-02-28,13.17,64.682889,7.280658,19579906591.299,16614468211.219,1487907504,1262559237,False
2020-03-02,13.74,67.482377,7.595766,20427328516.663,17333545423.094,1487907504,1262559237,False
2020-03-03,14.06,69.054019,7.772669,20903074158.972,17737237892.919,1487907504,1262559237,False
2020-03-04,14.9,73.179579,8.237039,22151906470.035,18796930626.208,1487907504,1262559237,False
2020-03-05,16.39,80.497537,9.060743,24367097117.038,20676623688.829,1487907504,1262559237,False
2020-03-06,16.51,81.086902,9.127082,24545501732.904,20828008365.013,1487907504,1262559237,False
2020-03-09,14.86,72.983124,8.214926,22092438264.746,18746469067.48,1487907504,1262559237,False
2020-03-10,16.3,80.055512,9.010989,24233293655.139,20563085181.691,1487907504,1262559237,False
2020-03-11,15.17,74.505652,8.386301,22553316855.733,19137546147.623,1487907504,1262559237,False
2020-03-12,14.18,69.643384,7.839008,21081478774.839,17888622569.103,1487907504,1262559237,False
2020-03-13,14.34,70.429205,7.927459,21319351595.993,18090468804.015,1487907504,1262559237,False
2020-03-16,13.3,65.321369,7.352525,19773178258.487,16778468277.085,1487907504,1262559237,False
2020-03-17,12.97,63.700613,7.170094,19282565564.856,16362160417.579,1487907504,1262559237,False
2020-03-18,12.59,61.834288,6.960022,18717617614.613,15882775609.662,1487907504,1262559237,False
2020-03-19,13.19,64.781117,7.291714,19609640693.944,16639698990.583,1487907504,1262559237,False
2020-03-20,12.9,63.356817,7.131396,19178496205.601,16273852689.804,1487907504,1262559237,False
2020-03-23,11.7,57.463159,6.468011,17394450046.94,14760005927.962,1487907504,1262559237,False
2020-03-24,11.98,58.838346,6.622801,17810727483.961,15113236839.059,1487907504,1262559237,False
2020-03-25,12.19,59.869736,6.738893,18122935561.726,15378160022.381,1487907504,1262559237,False
2020-03-26,12.22,60.017077,6.755478,18167536715.693,15416006191.427,1487907504,1262559237,False
2020-03-27,11.88,58.347208,6.567518,17662056970.739,14987082942.238,1487907504,1262559237,False
2020-03-30,11.02,54.12342,6.092092,16383490557.032,13902159429.585,1487907504,1262559237,False
2020-03-31,10.89,55.506625,5.722779,16190218889.844,13738159363.719,1487907504,1262559237,False
2020-04-01,11.36,57.902228,5.969768,16888970301.986,14331082678.773,1487907504,1262559237,False
2020-04-02,12.19,62.13276,6.405939,18122935561.726,15378160022.381,1487907504,1262559237,False
2020-04-03,11.72,59.737158,6.158951,17424184149.584,14785236707.326,1487907504,1262559237,False
2020-04-07,12.15,61.928879,6.384919,18063467356.438,15327698463.653,1487907504,1262559237,False
2020-04-08,12.17,62.03082,6.395429,18093201459.082,15352929243.017,1487907504,1262559237,False
2020-04-09,12.22,62.285671,6.421705,18167536715.693,15416006191.427,1487907504,1262559237,False
2020-04-10,11.37,57.953198,5.975023,16903837353.308,14343698068.455,1487907504,1262559237,False
2020-04-13,10.96,55.863417,5.759565,16294288249.099,13826467091.493,1487907504,1262559237,False
2020-04-14,11.57,58.972603,6.080125,17201178379.752,14596005862.096,1487907504,1262559237,False
2020-04-15,11.51,58.666782,6.048594,17111976071.819,14520313524.004,1487907504,1262559237,False
2020-04-16,11.66,59.431336,6.12742,17334981841.651,14709544369.234,1487907504,1262559237,False
2020-04-17,11.88,60.552682,6.243032,17662056970.739,14987082942.238,1487907504,1262559237,False
2020-04-20,12.08,61.572087,6.348133,17959397997.183,15239390735.879,1487907504,1262559237,False
2020-04-21,11.68,59.533276,6.13793,17364715944.296,14734775148.598,1487907504,1262559237,False
2020-04-22,11.74,59.839098,6.169461,17453918252.229,14810467486.69,1487907504,1262559237,False
2020-04-23,11.33,57.749317,5.954003,16844369148.02,14293236509.727,1487907504,1262559237,False
2020-04-24,11.03,56.220209,5.79635,16398357608.355,13914774819.267,1487907504,1262559237,False
2020-04-27,10.9,55.557595,5.728034,16205085941.166,13750774753.401,1487907504,1262559237,False
2020-04-28,11.17,56.515164,5.788086,16606496326.865,14091390274.815,1487907504,1262559237,False
2020-04-29,11.15,56.413973,5.777722,16576762224.221,14066159495.451,1487907504,1262559237,False
2020-04-30,11.94,60.411016,6.187085,17751259278.672,15062775280.331,1487907504,1262559237,False
2020-05-06,12.6,63.750319,6.529085,18732484665.936,15895390999.344,1487907504,1262559237,False
2020-05-07,12.57,63.598532,6.513539,18687883511.969,15857544830.298,1487907504,1262559237,False
2020-05-08,12.57,63.598532,6.513539,18687883511.969,15857544830.298,1487907504,1262559237,False
2020-05-11,12.28,62.131263,6.363267,18256739023.626,15491698529.519,1487907504,1262559237,False
2020-05-12,12.61,63.800914,6.534267,18747351717.258,15908006389.026,1487907504,1262559237,False
2020-05-13,12.41,62.789005,6.43063,18450010690.814,15655698595.385,1487907504,1262559237,False
2020-05-14,12.38,62.637218,6.415085,18405409536.848,15617852426.339,1487907504,1262559237,False
2020-05-15,13.03,65.925925,6.751903,19371767872.789,16437852755.671,1487907504,1262559237,False
2020-05-18,12.73,64.40806,6.596448,18925756333.124,16059391065.21,1487907504,1262559237,False
2020-05-19,13.58,68.708677,7.036903,20189455695.508,17131699188.182,1487907504,1262559237,False
2020-05-20,13.21,66.836644,6.845176,19639374796.588,16664929769.947,1487907504,1262559237,False
2020-05-21,12.6,63.750319,6.529085,18732484665.936,15895390999.344,1487907504,1262559237,False
2020-05-22,12.47,63.092577,6.461721,18539212998.747,15731390933.478,1487907504,1262559237,False
2020-05-25,12.61,63.800914,6.534267,18747351717.258,15908006389.026,1487907504,1262559237,False
2020-05-26,12.75,64.509251,6.606812,18955490435.768,16084621844.574,1487907504,1262559237,False
2020-05-27,12.21,61.777095,6.326994,18152669664.371,15403390801.745,1487907504,1262559237,False
2020-05-28,11.98,60.613398,6.207812,17810727483.961,15113236839.059,1487907504,1262559237,False
2020-05-29,11.73,59.348511,6.078267,17439051200.907,14797852097.008,1487907504,1262559237,False
2020-06-01,12.3,62.232454,6.37363,18286473126.27,15516929308.883,1487907504,1262559237,False
2020-06-02,12.39,62.687814,6.420267,18420276588.17,15630467816.021,1487907504,1262559237,False
2020-06-03,12.79,64.711633,6.627539,19014958641.057,16135083403.302,1487907504,1262559237,False
2020-06-04,12.62,63.85151,6.539449,18762218768.58,15920621778.708,1487907504,1262559237,False
2020-06-05,12.82,64.86342,6.643085,19059559795.023,16172929572.348,1487907504,1262559237,False
2020-06-08,12.51,63.294959,6.482449,18598681204.036,15781852492.206,1487907504,1262559237,False
2020-06-09,12.57,63.598532,6.513539,18687883511.969,15857544830.298,1487907504,1262559237,False
2020-06-10,12.12,61.321735,6.280358,18018866202.471,15289852294.607,1487907504,1262559237,False
2020-06-11,12.13,61.372331,6.28554,18033733253.793,15302467684.289,1487907504,1262559237,False
2020-06-12,12.11,61.27114,6.275176,18003999151.149,15277236904.925,1487907504,1262559237,False
2020-06-15,11.67,59.044938,6.047176,17349848892.974,14722159758.916,1487907504,1262559237,False
2020-06-16,12.05,60.967567,6.244085,17914796843.216,15201544566.833,1487907504,1262559237,False
2020-06-17,11.94,60.411016,6.187085,17751259278.672,15062775280.331,1487907504,1262559237,False
2020-06-18,12.06,61.018162,6.249267,17929663894.538,15214159956.515,1487907504,1262559237,False
2020-06-19,12.1,61.220544,6.269994,17989132099.827,15264621515.243,1487907504,1262559237,False
2020-06-22,12.46,63.041982,6.45654,18524345947.425,15718775543.796,1487907504,1262559237,False
2020-06-23,12.18,61.625308,6.311449,18108068510.404,15365544632.699,1487907504,1262559237,False
2020-06-24,12.28,62.131263,6.363267,18256739023.626,15491698529.519,1487907504,1262559237,False
2020-06-29,12.54,63.446746,6.497994,18643282358.002,15819698661.252,1487907504,1262559237,False
2020-06-30,12.83,64.914015,6.648267,19074426846.345,16170875597.999,1487907504,1261414948,False
2020-07-01,12.67,64.104487,6.565358,18836554025.191,15969212301.375,1487907504,1261414948,False
2020-07-02,12.94,65.470566,6.705267,19237964410.889,16309519114.427,1487907504,1261414948,False
2020-07-03,12.87,65.116397,6.668994,19133895051.634,16221291422.155,1487907504,1261414948,False
2020-07-06,13.76,69.619396,7.130175,20457062619.307,17343043509.623,1487907504,1261414948,False
2020-07-07,14.11,71.390238,7.311539,20977409415.583,17784181970.987,1487907504,1261414948,False
2020-07-08,14.55,73.61644,7.539539,21631559673.759,18338756036.701,1487907504,1261414948,False
2020-07-09,15.83,80.092663,8.202811,23534542242.997,19952062409.69,1487907504,1261414948,False
2020-07-10,15.98,80.851595,8.280538,23757548012.829,20141121750.274,1487907504,1261414948,False
2020-07-13,16.55,83.735538,8.575901,24604969938.193,20859547244.495,1487907504,1261414948,False
2020-07-14,15.61,78.979562,8.088811,23207467113.909,19674775376.832,1487907504,1261414948,False
2020-07-15,14.07,71.187856,7.290811,20917941210.295,17733766146.831,1487907504,1261414948,False
2020-07-16,13.24,66.98843,6.860721,19683975950.554,16687637795.596,1487907504,1261414948,False
2020-07-17,13.48,68.202722,6.985084,20040785182.287,16990132740.532,1487907504,1261414948,False
2020-07-20,13.9,70.327733,7.202721,20665201337.818,17519498894.168,1487907504,1261414948,False
2020-07-21,13.95,70.58071,7.22863,20739536594.429,17582518674.363,1487907504,1261414948,False
2020-07-22,14.04,71.03607,7.275266,20873340056.328,17695954278.714,1487907504,1261414948,False
2020-07-23,13.59,68.759273,7.042084,20204322746.83,17128776256.96,1487907504,1261414948,False
2020-07-24,12.74,64.458656,6.60163,18940623384.446,16057439993.648,1487907504,1261414948,False
2020-07-27,12.4,62.738409,6.425449,18435143639.492,15628905488.323,1487907504,1261414948,False
2020-07-28,12.45,62.991387,6.451358,18509478896.103,15691925268.518,1487907504,1261414948,False
2020-07-29,12.96,65.571757,6.71563,19267698513.534,16334727026.505,1487907504,1261414948,False
2020-07-30,12.63,63.902105,6.54463,18777085819.902,15918796477.219,1487907504,1261414948,False
2020-07-31,12.89,65.217588,6.679357,19163629154.278,16246499334.232,1487907504,1261414948,False
2020-08-03,13.37,67.646172,6.928085,19877247617.743,16851489224.103,1487907504,1261414948,False
2020-08-04,13.12,66.381284,6.798539,19505571334.688,16536390323.129,1487907504,1261414948,False
2020-08-05,13.35,67.544981,6.917721,19847513515.098,16826281312.025,1487907504,1261414948,False
2020-08-06,13.53,68.4557,7.010994,20115120438.897,17053152520.727,1487907504,1261414948,False
2020-08-07,13.1,66.280093,6.788176,19475837232.044,16511182411.051,1487907504,1261414948,False
2020-08-10,13.09,66.229498,6.782994,19460970180.722,16498578455.012,1487907504,1261414948,False
2020-08-11,12.69,64.205678,6.575721,18866288127.835,15994420213.453,1487907504,1261414948,False
2020-08-12,12.51,63.294959,6.482449,18598681204.036,15767549004.752,1487907504,1261414948,False
2020-08-13,12.45,62.991387,6.451358,18509478896.103,15691925268.518,1487907504,1261414948,False
2020-08-14,12.66,64.053892,6.560176,18821686973.869,15956608345.336,1487907504,1261414948,False
2020-08-17,13.07,66.128307,6.77263,19431236078.078,16473370542.934,1487907504,1261414948,False
2020-08-18,13.08,66.178902,6.777812,19446103129.4,16485974498.973,1487907504,1261414948,False
2020-08-19,12.6,63.750319,6.529085,18732484665.936,15880984609.102,1487907504,1261414948,False
2020-08-20,12.49,63.193768,6.472085,18568947101.392,15742341092.674,1487907504,1261414948,False
2020-08-21,12.58,63.649128,6.518721,18702750563.291,15855776697.024,1487907504,1261414948,False
2020-08-24,13.07,36.74415,6.285407,19431236078.078,16473370542.934,1487907504,1261414948,False
2020-08-25,12.99,36.519243,6.246935,19312299667.5,16372538894.622,1487907504,1261414948,False
2020-08-26,12.61,35.450936,6.064191,18747351717.258,15893588565.141,1487907504,1261414948,False
2020-08-27,12.68,35.64773,6.097855,18851421076.513,15981816257.414,1487907504,1261414948,False
2020-08-28,12.55,35.282256,6.035337,18658149409.325,15817964828.907,1487907504,1261414948,False
2020-08-31,12.55,35.282256,6.035337,18658149409.325,15817964828.907,1487907504,1261414948,False
2020-09-01,12.4,34.860556,5.963202,18435143639.492,15628905488.323,1487907504,1261414948,False
2020-09-02,12.22,34.354515,5.876639,18167536715.693,15402034279.621,1487907504,1261414948,False
2020-09-03,11.93,33.539228,5.737177,17736392227.35,15036519554.491,1487907504,1261414948,False
2020-09-04,12.12,34.073382,5.828549,18018866202.471,15275994719.232,1487907504,1261414948,False
2020-09-07,11.97,33.651682,5.756413,17795860432.639,15086935378.647,1487907504,1261414948,False
2020-09-08,11.8,33.173755,5.67466,17543120560.162,14872668125.985,1487907504,1261414948,False
2020-09-09,11.23,31.571294,5.400545,16695698634.798,14154242631.763,1487907504,1261414948,False
2020-09-10,10.99,30.896573,5.285128,16338889403.066,13851747686.828,1487907504,1261414948,False
2020-09-11,11.2,31.486954,5.386118,16651097480.832,14116430763.646,1487907504,1261414948,False
2020-09-14,11.28,31.71186,5.42459,16770033891.409,14217262411.958,1487907504,1261414948,False
2020-09-15,11.3,31.768087,5.434208,16799767994.053,14242470324.036,1487907504,1261414948,False
2020-09-16,11.08,31.149593,5.328409,16472692864.966,13965183291.179,1487907504,1261414948,False
2020-09-17,11.42,32.105447,5.491916,16978172609.919,14393717796.504,1487907504,1261414948,False
2020-09-18,11.47,32.246014,5.515962,17052507866.53,14456737576.699,1487907504,1261414948,False
2020-09-21,11.53,32.414694,5.544816,17141710174.463,14532361312.933,1487907504,1261414948,False
2020-09-22,11.24,31.599407,5.405354,16710565686.12,14166846587.802,1487907504,1261414948,False
2020-09-23,11.31,31.7962,5.439017,16814635045.375,14255074280.075,1487907504,1261414948,False
2020-09-24,11.02,30.980913,5.299555,16383490557.032,13889559554.945,1487907504,1261414948,False
2020-09-25,11.01,30.9528,5.294746,16368623505.71,13876955598.906,1487907504,1261414948,False
2020-09-28,10.76,30.249966,5.17452,15996947222.656,13561856697.932,1487907504,1261414948,False
2020-09-29,10.94,30.756006,5.261083,16264554146.455,13788727906.633,1487907504,1261414948,False
2020-09-30,11.03,31.009027,5.304364,16398357608.355,13902163510.984,1487907504,1261414948,False
2020-10-09,11.42,32.105447,5.491916,16978172609.919,14393717796.504,1487907504,1261414948,False
2020-10-12,11.84,33.286208,5.693896,17602588765.451,14923083950.141,1487907504,1261414948,False
2020-10-13,11.75,33.033188,5.650615,17468785303.551,14809648345.79,1487907504,1261414948,False
2020-10-14,11.52,32.386581,5.540007,17126843123.141,14519757356.894,1487907504,1261414948,False
2020-10-15,11.38,31.992994,5.47268,16918704404.631,14343301972.348,1487907504,1261414948,False
2020-10-16,11.17,31.402613,5.371691,16606496326.865,14078618895.53,1487907504,1261414948,False
2020-10-19,11.19,31.45884,5.381309,16636230429.509,14103826807.608,1487907504,1261414948,False
2020-10-20,11.28,31.71186,5.42459,16770033891.409,14217262411.958,1487907504,1261414948,False
2020-10-21,11.05,31.065253,5.313982,16428091710.999,13927371423.062,1487907504,1261414948,False
2020-10-22,11.13,31.29016,5.352454,16547028121.576,14028203071.374,1487907504,1261414948,False
2020-10-23,10.96,30.812233,5.270701,16294288249.099,13813935818.711,1487907504,1261414948,False
2020-10-26,10.93,30.727893,5.256274,16249687095.133,13776123950.594,1487907504,1261414948,False
2020-10-27,10.86,30.5311,5.222611,16145617735.878,13687896258.322,1487907504,1261414948,False
2020-10-28,10.79,30.334306,5.188947,16041548376.623,13599668566.049,1487907504,1261414948,False
2020-10-29,10.59,30.393446,4.987616,15744207350.179,13347589445.269,1487907504,1261414948,False
2020-10-30,10.59,30.393446,4.987616,15744207350.179,13347589445.269,1487907504,1261414948,False
2020-11-02,10.3,29.561142,4.851033,15313062861.836,12982074720.139,1487907504,1261414948,False
2020-11-03,10.82,31.053549,5.09594,16086149530.589,13637480434.166,1487907504,1261414948,False
2020-11-04,10.79,30.967449,5.08181,16041548376.623,13599668566.049,1487907504,1261414948,False
2020-11-05,10.99,31.541451,5.176005,16338889403.066,13851747686.828,1487907504,1261414948,False
2020-11-06,10.96,31.455351,5.161876,16294288249.099,13813935818.711,1487907504,1261414948,False
2020-11-09,11.53,33.091259,5.430331,17141710174.463,14532361312.933,1487907504,1261414948,False
2020-11-10,11.35,32.574656,5.345556,16874103250.664,14305490104.231,1487907504,1261414948,False
2020-11-11,10.98,31.512751,5.171295,16324022351.744,13839143730.789,1487907504,1261414948,False
2020-11-12,11.0,31.570152,5.180715,16353756454.388,13864351642.867,1487907504,1261414948,False
2020-11-13,10.96,31.455351,5.161876,16294288249.099,13813935818.711,1487907504,1261414948,False
2020-11-16,11.01,31.598852,5.185425,16368623505.71,13876955598.906,1487907504,1261414948,False
2020-11-17,10.81,31.024849,5.09123,16071282479.267,13624876478.127,1487907504,1261414948,False
2020-11-18,10.7,30.709147,5.039423,15907744914.723,13486232961.698,1487907504,1261414948,False
2020-11-19,10.71,30.737848,5.044132,15922611966.045,13498836917.737,1487907504,1261414948,False
2020-11-20,10.63,30.508246,5.006455,15803675555.468,13398005269.425,1487907504,1261414948,False
2020-11-23,10.61,30.450846,4.997035,15773941452.823,13372797357.347,1487907504,1261414948,False
2020-11-24,10.8,30.996149,5.08652,16056415427.945,13612272522.088,1487907504,1261414948,False
2020-11-25,10.79,30.967449,5.08181,16041548376.623,13599668566.049,1487907504,1261414948,False
2020-11-26,10.62,30.479546,5.001745,15788808504.146,13385401313.386,1487907504,1261414948,False
2020-11-27,10.62,30.479546,5.001745,15788808504.146,13385401313.386,1487907504,1261414948,False
2020-11-30,10.65,30.565647,5.015874,15833409658.112,13423213181.503,1487907504,1261414948,False
2020-12-01,10.77,30.910048,5.072391,16011814273.978,13574460653.971,1487907504,1261414948,False
2020-12-02,11.2,32.144154,5.27491,16651097480.832,14116430763.646,1487907504,1261414948,False
2020-12-03,11.17,32.058054,5.260781,16606496326.865,14078618895.53,1487907504,1261414948,False
2020-12-04,11.36,32.603357,5.350266,16888970301.986,14318094060.27,1487907504,1261414948,False
2020-12-07,11.09,31.828453,5.223103,16487559916.288,13977787247.218,1487907504,1261414948,False
2020-12-08,10.98,31.512751,5.171295,16324022351.744,13839143730.789,1487907504,1261414948,False
2020-12-09,10.68,30.651747,5.030003,15878010812.079,13461025049.62,1487907504,1261414948,False
2020-12-10,10.57,30.336046,4.978196,15714473247.535,13322381533.191,1487907504,1261414948,False
2020-12-11,10.37,29.762043,4.884001,15417132221.091,13070302412.412,1487907504,1261414948,False
2020-12-14,10.4,29.848143,4.89813,15461733375.058,13108114280.529,1487907504,1261414948,False
2020-12-15,10.37,29.762043,4.884001,15417132221.091,13070302412.412,1487907504,1261414948,False
2020-12-16,10.16,29.15934,4.785097,15104924143.326,12805619335.594,1487907504,1261414948,False
2020-12-17,10.25,29.417641,4.827484,15238727605.225,12919054939.944,1487907504,1261414948,False
2020-12-18,10.33,29.647242,4.865162,15357664015.803,13019886588.256,1487907504,1261414948,False
2020-12-21,10.45,29.991644,4.921679,15536068631.669,13171134060.724,1487907504,1261414948,False
2020-12-22,10.1,28.987139,4.756838,15015721835.393,12729995599.36,1487907504,1261414948,False
2020-12-23,10.05,28.843638,4.73329,14941386578.782,12666975819.165,1487907504,1261414948,False
2020-12-24,9.67,27.753033,4.554319,14376438628.539,12188025489.684,1487907504,1261414948,False
2020-12-25,9.62,27.609533,4.530771,14302103371.929,12125005709.489,1487907504,1261414948,False
2020-12-28,9.1,26.117125,4.285864,13529016703.176,11469599995.463,1487907504,1261414948,False
2020-12-29,9.24,26.518927,4.351801,13737155421.686,11646055380.008,1487907504,1261414948,False
2020-12-30,9.29,26.662428,4.375349,13811490678.297,11709075160.203,1487907504,1261414948,False
2020-12-31,9.46,27.15033,4.455415,14064230550.774,11841778406.641,1487907504,1252785987,False
2021-01-04,9.52,27.322531,4.483673,14153432858.707,11916884823.597,1487907504,1252785987,False
2021-01-05,9.79,28.097435,4.610836,14554843244.405,12254863699.896,1487907504,1252785987,False
2021-01-06,9.4,26.97813,4.427156,13975028242.841,11766671989.686,1487907504,1252785987,False
2021-01-07,9.09,26.088425,4.281154,13514149651.853,11378622168.749,1487907504,1252785987,False
2021-01-08,9.22,26.461527,4.342381,13707421319.042,11541352738.82,1487907504,1252785987,False
2021-01-11,9.41,27.00683,4.431866,13989895294.163,11779189725.845,1487907504,1252785987,False
2021-01-12,9.59,27.523432,4.516641,14257502217.962,12004508976.711,1487907504,1252785987,False
2021-01-13,10.35,29.704643,4.874582,15387398118.447,12955856924.814,1487907504,1252785987,False
2021-01-14,10.35,29.704643,4.874582,15387398118.447,12955856924.814,1487907504,1252785987,False
2021-01-15,9.95,28.556637,4.686192,14792716065.56,12455147478.444,1487907504,1252785987,False
2021-01-18,10.19,29.24544,4.799226,15149525297.292,12755573146.266,1487907504,1252785987,False
2021-01-19,10.04,28.814938,4.72858,14926519527.46,12567807103.877,1487907504,1252785987,False
2021-01-20,10.04,28.814938,4.72858,14926519527.46,12567807103.877,1487907504,1252785987,False
2021-01-21,9.96,28.585337,4.690902,14807583116.882,12467665214.603,1487907504,1252785987,False
2021-01-22,9.67,27.753033,4.554319,14376438628.539,12104650865.985,1487907504,1252785987,False
2021-01-25,9.29,26.662428,4.375349,13811490678.297,11628976891.934,1487907504,1252785987,False
2021-01-26,9.26,26.576328,4.36122,13766889524.33,11591423683.456,1487907504,1252785987,False
2021-01-27,9.16,26.289326,4.314123,13618219011.109,11466246321.864,1487907504,1252785987,False
2021-01-28,9.14,26.231926,4.304703,13588484908.464,11441210849.546,1487907504,1252785987,False
2021-01-29,9.13,26.203226,4.299993,13573617857.142,11428693113.386,1487907504,1252785987,False
2021-02-01,9.23,26.490227,4.347091,13722288370.364,11553870474.979,1487907504,1252785987,False
2021-02-02,9.32,26.748528,4.389478,13856091832.263,11666530100.412,1487907504,1252785987,False
2021-02-03,9.04,25.944925,4.257606,13439814395.243,11316033487.953,1487907504,1252785987,False
2021-02-04,8.35,23.964615,3.932634,12413987854.013,10452309692.966,1487907504,1252785987,False
2021-02-05,7.93,22.759209,3.734825,11789571698.482,9926564774.278,1487907504,1252785987,False
2021-02-08,8.1,23.247112,3.81489,12042311570.959,10139366288.985,1487907504,1252785987,False
2021-02-09,8.29,23.792414,3.904375,12324785546.08,10377203276.01,1487907504,1252785987,False
2021-02-10,8.31,23.849814,3.913795,12354519648.724,10402238748.329,1487907504,1252785987,False
2021-02-18,8.64,24.796919,4.069216,12845132342.356,10815324041.584,1487907504,1252785987,False
2021-02-19,9.01,25.858824,4.243477,13395213241.276,11278480279.475,1487907504,1252785987,False
2021-02-22,8.91,25.571823,4.196379,13246542728.054,11153302917.883,1487907504,1252785987,False
2021-02-23,8.87,25.457022,4.17754,13187074522.766,11103231973.246,1487907504,1252785987,False
2021-02-24,8.95,25.686623,4.215218,13306010933.343,11203373862.52,1487907504,1252785987,False
2021-02-25,8.7,24.96912,4.097475,12934334650.289,10890430458.539,1487907504,1252785987,False
2021-02-26,8.68,24.91172,4.088055,12904600547.644,10865394986.221,1487907504,1252785987,False
2021-03-01,9.13,26.203226,4.299993,13573617857.142,11428693113.386,1487907504,1252785987,False
2021-03-02,9.07,26.031025,4.271735,13484415549.209,11353586696.431,1487907504,1252785987,False
2021-03-03,9.32,26.748528,4.389478,13856091832.263,11666530100.412,1487907504,1252785987,False
2021-03-04,9.35,26.834629,4.403608,13900692986.23,11704083308.89,1487907504,1252785987,False
2021-03-05,9.39,26.949429,4.422447,13960161191.519,11754154253.527,1487907504,1252785987,False
2021-03-08,9.33,26.777229,4.394188,13870958883.586,11679047836.571,1487907504,1252785987,False
2021-03-09,8.93,25.629223,4.205799,13276276830.699,11178338390.202,1487907504,1252785987,False
2021-03-10,8.82,25.313522,4.153991,13112739266.155,11040643292.45,1487907504,1252785987,False
2021-03-11,8.97,25.744024,4.224638,13335745035.987,11228409334.838,1487907504,1252785987,False
2021-03-12,8.83,25.342222,4.158701,13127606317.477,11053161028.609,1487907504,1252785987,False
2021-03-15,8.74,25.08392,4.116314,12993802855.577,10940501403.176,1487907504,1252785987,False
2021-03-16,8.62,24.739519,4.059797,12815398239.711,10790288569.265,1487907504,1252785987,False
2021-03-17,9.04,25.944962,4.257612,13439833725.21,11491897707.483,1487909644,1272255727,False
2021-03-18,9.13,26.203263,4.3,13573637379.553,11606308193.509,1487909644,1272255727,False
2021-03-19,9.14,26.231964,4.304709,13588504452.258,11619020469.734,1487909644,1272255727,False
2021-03-22,9.07,26.031062,4.271741,13484434943.324,11530034536.158,1487909644,1272255727,False
2021-03-23,9.43,27.064269,4.441292,14019649560.7,11987676480.262,1487909644,1272255727,False
2021-03-24,9.49,27.23647,4.469551,14108851996.929,12063950137.612,1487909644,1272255727,False
2021-03-25,9.38,26.920768,4.417743,13945314197.175,11924115099.136,1487909644,1272255727,False
2021-03-26,9.42,27.035569,4.436582,14004782487.995,11974964204.037,1487909644,1272255727,False
2021-03-29,9.27,26.605066,4.365936,13781776397.422,11784280060.66,1487909644,1272255727,False
2021-03-30,9.12,26.174563,4.29529,13558770306.849,11593595917.284,1487909644,1272255727,False
2021-03-31,9.13,26.203263,4.3,13573637379.553,11606308193.509,1487909644,1272255727,False
2021-04-01,9.4,26.978168,4.427163,13975048342.585,11949539651.586,1487909644,1272255727,False
2021-04-02,9.66,27.724373,4.549616,14361592232.912,12280058833.439,1487909644,1272255727,False
2021-04-06,9.58,27.494772,4.511938,14242655651.273,12178360623.638,1487909644,1272255727,False
2021-04-07,9.57,27.466071,4.507228,14227788578.568,12165648347.413,1487909644,1272255727,False
2021-04-08,9.45,27.121669,4.450712,14049383706.11,12013101032.712,1487909644,1272255727,False
2021-04-09,9.51,27.29387,4.47897,14138586142.339,12089374690.062,1487909644,1272255727,False
2021-04-12,9.29,26.662466,4.375356,13811510542.831,11809704613.11,1487909644,1272255727,False
2021-04-13,9.37,26.892068,4.413034,13930447124.47,11911402822.911,1487909644,1272255727,False
2021-04-14,9.61,27.580872,4.526067,14287256869.388,12216497452.313,1487909644,1272255727,False
2021-04-15,9.52,27.159136,4.352037,14153453215.044,12102086966.287,1487909644,1272255727,False
2021-04-16,9.54,27.216193,4.36118,14183187360.453,12127511518.738,1487909644,1272255727,False
2021-04-19,9.86,28.129105,4.507467,14658933687.009,12534304357.941,1487909644,1272255727,False
2021-04-20,9.71,27.701177,4.438895,14435927596.436,12343620214.564,1487909644,1272255727,False
2021-04-21,9.62,27.444421,4.397752,14302123942.092,12229209728.538,1487909644,1272255727,False
2021-04-22,9.58,27.330307,4.379466,14242655651.273,12178360623.638,1487909644,1272255727,False
2021-04-23,9.43,26.902379,4.310894,14019649560.7,11987676480.262,1487909644,1272255727,False
2021-04-26,9.46,26.987965,4.324608,14064250778.814,12025813308.937,1487909644,1272255727,False
2021-04-27,9.22,26.303281,4.214893,13707441033.897,11720718679.535,1487909644,1272255727,False
2021-04-28,9.43,24.034986,4.372429,14019649560.7,11987676480.262,1487909644,1272255727,False
2021-04-29,9.34,23.805596,4.330698,13885845906.356,11873265994.236,1487909644,1272255727,False
2021-04-30,9.14,23.29584,4.237964,13588504452.258,11619020469.734,1487909644,1272255727,False
2021-05-06,8.99,22.913523,4.168413,13365498361.685,11428336326.358,1487909644,1272255727,False
2021-05-07,8.88,22.633158,4.117409,13201960561.931,11288501287.882,1487909644,1272255727,False
2021-05-10,8.69,22.14889,4.029311,12919486180.539,11046968039.605,1487909644,1272255727,False
2021-05-11,8.82,22.480231,4.089589,13112758125.702,11212227630.531,1487909644,1272255727,False
2021-05-12,8.91,22.709621,4.131319,13246561780.046,11326638116.557,1487909644,1272255727,False
2021-05-13,8.86,22.582182,4.108136,13172226416.522,11263076735.431,1487909644,1272255727,False
2021-05-14,8.92,22.735109,4.135956,13261428852.751,11339350392.782,1487909644,1272255727,False
2021-05-17,8.88,22.633158,4.117409,13201960561.931,11288501287.882,1487909644,1272255727,False
2021-05-18,8.76,22.327304,4.061768,13023555689.473,11135953973.181,1487909644,1272255727,False
2021-05-19,8.74,22.276329,4.052495,12993821544.063,11110529420.73,1487909644,1272255727,False
2021-05-20,8.66,22.072426,4.015401,12874884962.424,11008831210.93,1487909644,1272255727,False
2021-05-21,8.61,21.944987,3.992218,12800549598.9,10945269829.804,1487909644,1272255727,False
2021-05-24,8.85,22.556694,4.103499,13157359343.817,11250364459.206,1487909644,1272255727,False
2021-05-25,8.93,22.760602,4.140594,13276298861.052,11352065604.603,1487909973,1272256056,False
2021-05-26,9.0,22.939016,4.173051,13380368392.997,11441051561.19,1487909973,1272256056,False
2021-05-27,9.27,23.627187,4.298242,13781779444.787,11784283108.026,1487909973,1272256056,False
2021-05-28,9.72,24.774137,4.506895,14450797864.437,12356335686.085,1487909973,1272256056,False
2021-05-31,10.39,26.48182,4.817555,15446891955.916,13208058413.418,1487909973,1272256056,False
2021-06-01,9.97,25.411332,4.622813,14822474764.242,12674142673.896,1487909973,1272256056,False
2021-06-02,10.18,25.946576,4.720184,15134683360.079,12941100543.657,1487909973,1272256056,False
2021-06-03,9.98,25.43682,4.627449,14837341840.235,12686854953.408,1487909973,1272256056,False
2021-06-04,10.2,25.997552,4.729457,15164417512.064,12966525102.682,1487909973,1272256056,False
2021-06-07,10.36,26.405356,4.803645,15402290727.939,13169921574.881,1487909973,1272256056,False
2021-06-08,10.05,25.615235,4.659907,14941411372.18,12775840909.995,1487909973,1272256056,False
2021-06-09,10.0,25.487796,4.636723,14867075992.219,12712279512.433,1487909973,1272256056,False
2021-06-10,10.13,25.819137,4.697,15060347980.118,12877539146.095,1487909973,1272256056,False
2021-06-11,9.82,25.029015,4.553262,14599468624.359,12483458481.209,1487909973,1272256056,False
2021-06-15,9.92,25.283893,4.599629,14748139384.281,12610581276.334,1487909973,1272256056,False
2021-06-16,9.71,24.74865,4.502258,14435930788.445,12343623406.573,1487909973,1272256056,False
2021-06-17,10.59,26.991576,4.91029,15744233475.76,13462304003.667,1487909973,1272256056,False
2021-06-18,10.38,26.456332,4.812918,15432024879.923,13195346133.906,1487909973,1272256056,False
2021-06-21,10.78,27.475844,4.998387,16026707919.612,13703837314.403,1487909973,1272256056,False
2021-06-22,10.81,27.552307,5.012297,16071309147.589,13741974152.94,1487909973,1272256056,False
2021-06-23,11.26,28.699258,5.22095,16740327567.239,14314026731.0,1487909973,1272256056,False
2021-06-24,10.99,28.011088,5.095758,16338916515.449,13970795184.164,1487909973,1272256056,False
2021-06-25,10.96,27.934624,5.081848,16294315287.472,13932658345.627,1487909973,1272256056,False
2021-06-28,11.04,28.138527,5.118942,16413251895.41,14034356581.726,1487909973,1272256056,False
2021-06-29,10.82,27.577795,5.016934,16086176223.581,13754686432.453,1487909973,1272256056,False
2021-06-30,11.0,28.036575,5.100395,16353826171.005,13983797343.237,1487913847,1272282430,False
2021-07-01,10.46,26.660234,4.850012,15551001977.156,13297320019.114,1487913847,1272282430,False
2021-07-02,10.25,26.125059,4.752653,15238792568.436,13030356615.289,1487913847,1272282430,False
2021-07-05,10.45,26.634816,4.845388,15536134862.455,13284607476.075,1487913847,1272282430,False
2021-07-06,11.18,28.49543,5.18387,16621434235.621,14212623117.944,1487913847,1272282430,False
2021-07-07,11.91,30.356044,5.522351,17706733608.788,15140638759.814,1487913847,1272282430,False
2021-07-08,12.18,31.044216,5.647543,18108145705.713,15483877421.875,1487913847,1272282430,False
2021-07-09,12.42,31.655925,5.758825,18464956458.535,15788978454.818,1487913847,1272282430,False
2021-07-12,12.78,32.573488,5.925747,19000172587.767,16246630004.233,1487913847,1272282430,False
2021-07-13,12.6,32.114706,5.842286,18732564523.151,16017804229.526,1487913847,1272282430,False
2021-07-14,12.26,31.248119,5.684637,18227082623.32,15585577766.189,1487913847,1272282430,False
2021-07-15,12.19,31.069704,5.65218,18123012820.414,15496589964.914,1487913847,1272282430,False
2021-07-16,12.06,30.738362,5.591902,17929740329.302,15331326905.403,1487913847,1272282430,False
2021-07-19,12.15,30.967753,5.633633,18063544361.61,15445739792.757,1487913847,1272282430,False
2021-07-20,12.42,31.655925,5.758825,18464956458.535,15788978454.818,1487913847,1272282430,False
2021-07-21,12.4,31.604949,5.749551,18435222229.133,15763553368.74,1487913847,1272282430,False
2021-07-22,12.62,32.165682,5.85156,18762298752.553,16043229315.604,1487913847,1272282430,False
2021-07-23,12.42,31.655925,5.758825,18464956458.535,15788978454.818,1487913847,1272282430,False
2021-07-26,13.66,34.81642,6.33378,20308478681.448,17365333791.692,1487913847,1272282430,False
2021-07-27,13.94,35.53008,6.463609,20724757893.073,17721284996.793,1487913847,1272282430,False
2021-07-28,13.44,34.255687,6.231772,19981402158.028,17085657844.827,1487913847,1272282430,False
2021-07-29,14.67,37.390694,6.80209,21810057266.24,18649300638.662,1487913847,1272282430,False
2021-07-30,14.68,37.416182,6.806727,21824924380.941,18662013181.701,1487913847,1272282430,False
2021-08-02,14.9,37.976915,6.908735,22152000904.361,18941689128.566,1487913847,1272282430,False
2021-08-03,14.19,36.167276,6.579527,21096435760.596,18039098572.775,1487913847,1272282430,False
2021-08-04,14.3,36.447643,6.630531,21259974022.306,18178936546.208,1487913847,1272282430,False
2021-08-05,13.81,35.198738,6.403331,20531485401.962,17556021937.282,1487913847,1272282430,False
2021-08-06,13.97,35.606543,6.477519,20769359237.176,17759422625.911,1487913847,1272282430,False
2021-08-09,14.54,37.059352,6.741813,21616784775.128,18484037579.151,1487913847,1272282430,False
2021-08-10,15.62,39.812041,7.24258,23222433162.827,19856992227.396,1487913847,1272282430,False
2021-08-11,15.45,39.378747,7.163756,22969692212.911,19640878995.728,1487913847,1272282430,False
2021-08-12,15.71,40.041431,7.284311,23356237195.135,19971405114.75,1487913847,1272282430,False
2021-08-13,15.05,38.359233,6.978286,22375007624.875,19132377274.156,1487913847,1272282430,False
2021-08-16,14.79,37.696548,6.857731,21988462642.651,18801851155.134,1487913847,1272282430,False
2021-08-17,13.84,35.275201,6.417241,20576086746.064,17594159566.4,1487913847,1272282430,False
2021-08-18,13.39,34.128247,6.208588,19907066584.523,17022095129.631,1487913847,1272282430,False
2021-08-19,13.65,34.790932,6.329143,20293611566.747,17352621248.653,1487913847,1272282430,False
2021-08-20,13.82,35.224225,6.407968,20546352516.662,17568734480.321,1487913847,1272282430,False
2021-08-23,15.2,38.74155,7.047837,22598014345.389,19323065419.745,1487913847,1272282430,False
2021-08-24,16.36,41.698142,7.585698,24322599650.695,20797720412.305,1487913847,1272282430,False
2021-08-25,15.39,53.211051,6.97242,22880489524.706,19564603737.492,1487913847,1272282430,False
2021-08-26,15.0,51.862623,6.795731,22300672051.37,19068814558.959,1487913847,1272282430,False
2021-08-27,15.0,51.862623,6.795731,22300672051.37,19068814558.959,1487913847,1272282430,False
2021-08-30,14.44,49.926418,6.542024,21468113628.119,18356912148.758,1487913847,1272282430,False
2021-08-31,13.97,48.301389,6.329091,20769359237.176,17759422625.911,1487913847,1272282430,False
2021-09-01,12.88,44.532705,5.835268,19148843734.777,16373755434.626,1487913847,1272282430,False
2021-09-02,13.11,45.327932,5.939469,19490787372.898,16666143924.53,1487913847,1272282430,False
2021-09-03,13.06,45.155057,5.916816,19416451799.393,16602581209.334,1487913847,1272282430,False
2021-09-06,13.88,47.990214,6.288316,20635555204.868,17645009738.557,1487913847,1272282430,False
2021-09-07,14.01,48.43969,6.347213,20828827695.98,17810272798.068,1487913847,1272282430,False
2021-09-08,13.43,46.434335,6.084444,19966535043.327,17072945301.788,1487913847,1272282430,False
2021-09-09,13.1,45.293357,5.934938,19475920258.197,16653431381.491,1487913847,1272282430,False
2021-09-10,13.28,45.915709,6.016487,19743528322.813,16882257156.198,1487913847,1272282430,False
2021-09-13,12.95,44.774731,5.866981,19252913537.683,16462743235.901,1487913847,1272282430,False
2021-09-14,12.48,43.149702,5.654048,18554159146.74,15865253713.054,1487913847,1272282430,False
2021-09-15,12.58,43.495453,5.699353,18702830293.749,15992379143.447,1487913847,1272282430,False
2021-09-16,11.81,40.833172,5.350506,17558062461.779,15013513329.42,1487913847,1272282430,False
2021-09-17,11.72,40.521996,5.309731,17424258429.471,14899100442.067,1487913847,1272282430,False
2021-09-22,12.6,43.564603,5.708414,18732564523.151,16017804229.526,1487913847,1272282430,False
2021-09-23,12.37,42.769376,5.604213,18390620885.03,15725415739.622,1487913847,1272282430,False
2021-09-24,12.18,42.11245,5.518134,18108145705.713,15483877421.875,1487913847,1272282430,False
2021-09-27,11.95,41.317223,5.413932,17766202067.592,15191488931.971,1487913847,1272282430,False
2021-09-28,11.95,41.317223,5.413932,17766202067.592,15191488931.971,1487913847,1272282430,False
2021-09-29,11.72,40.521996,5.309731,17424258429.471,14899100442.067,1487913847,1272282430,False
2021-09-30,12.09,41.801274,5.477359,17974386503.138,15374003209.86,1487917558,1272658141,False
2021-10-08,12.12,41.904999,5.490951,18018987958.481,15412152101.2,1487917558,1272658141,False
2021-10-11,12.11,41.870529,5.486434,18004120806.7,15399435804.087,1487917558,1272658141,False
2021-10-12,11.64,40.245496,5.2735,17305364672.997,14801769839.766,1487917558,1272658141,False
2021-10-13,11.58,40.038045,5.246317,17216161762.311,14725472057.087,1487917558,1272658141,False
2021-10-14,11.84,40.936999,5.36411,17602707708.615,15056095782.03,1487917558,1272658141,False
2021-10-15,12.1,41.835953,5.481903,17989253654.919,15386719506.974,1487917558,1272658141,False
2021-10-18,12.18,42.112555,5.518147,18108190869.167,15488449883.879,1487917558,1272658141,False
2021-10-19,12.49,43.184385,5.658593,18569072574.375,15882655094.388,1487917558,1272658141,False
2021-10-20,12.87,44.498241,5.830752,19134024342.051,16365874384.69,1487917558,1272658141,False
2021-10-21,12.58,33.788057,5.222191,18702876940.404,15997101768.407,1487917558,1272658141,False
2021-10-22,12.79,34.352086,5.309366,19015087127.803,16264144007.784,1487917558,1272658141,False
2021-10-25,12.61,33.868632,5.234645,18747478395.747,16035250659.747,1487917558,1272658141,False
2021-10-26,12.72,34.164076,5.280308,18911017065.337,16175129927.992,1487917558,1272658141,False
2021-10-27,13.02,34.969833,5.404843,19357031618.764,16556618841.388,1487917558,1272658141,False
2021-10-28,12.33,33.116593,5.118411,18331198145.881,15679194340.577,1487917558,1272658141,False
2021-10-29,12.65,33.976066,5.251249,18806947002.87,16086115848.2,1487917558,1272658141,False
2021-11-01,13.21,35.480145,5.483716,19639507502.602,16798228486.539,1487917558,1272658141,False
2021-11-02,13.22,35.507004,5.487867,19654374654.383,16810944783.652,1487917558,1272658141,False
2021-11-03,13.38,35.936741,5.554286,19892249082.878,17014405537.463,1487917558,1272658141,False
2021-11-04,13.47,36.178468,5.591647,20026053448.906,17128852211.482,1487917558,1272658141,False
2021-11-05,13.78,37.011083,5.720333,20486935154.115,17523057421.991,1487917558,1272658141,False
2021-11-08,13.76,36.957366,5.712031,20457200850.553,17497624827.765,1487917558,1272658141,False
2021-11-09,14.24,38.246576,5.911288,21170824136.037,18108007089.199,1487917558,1272658141,False
2021-11-10,14.44,38.783747,5.994311,21468167171.656,18362333031.463,1487917558,1272658141,False
2021-11-11,14.65,39.347777,6.081486,21780377359.055,18629375270.84,1487917558,1272658141,False
2021-11-12,15.05,40.422119,6.247534,22375063430.292,19138027155.368,1487917558,1272658141,False
2021-11-15,14.94,40.126675,6.201871,22211524760.702,18998147887.123,1487917558,1272658141,False
2021-11-16,13.92,37.387102,5.77845,20695075279.048,17701085581.576,1487917558,1272658141,False
2021-11-17,13.9,37.333385,5.770147,20665340975.486,17675652987.35,1487917558,1272658141,False
2021-11-18,13.66,36.68878,5.670519,20308529332.744,17370461856.633,1487917558,1272658141,False
2021-11-19,14.37,38.595737,5.965253,21364097109.189,18273318951.67,1487917558,1272658141,False
2021-11-22,14.32,38.461444,5.944497,21289761350.285,18209737466.104,1487917558,1272658141,False
2021-11-23,14.07,37.789981,5.840718,20918082555.762,17891830038.274,1487917558,1272658141,False
2021-11-24,13.95,37.467678,5.790903,20739676734.39,17739234472.916,1487917558,1272658141,False
2021-11-25,14.05,37.736264,5.832415,20888348252.2,17866397444.048,1487917558,1272658141,False
2021-11-26,14.29,38.380869,5.932044,21245159894.942,18171588574.765,1487917558,1272658141,False
2021-11-29,14.97,40.20725,6.214324,22256126216.045,19036296778.462,1487917558,1272658141,False
2021-11-30,14.63,39.294059,6.073184,21750643055.493,18603942676.614,1487917558,1272658141,False
2021-12-01,15.41,41.389026,6.396976,22910280894.406,19595813851.443,1487917558,1272658141,False
2021-12-02,14.78,39.696938,6.135452,21973650332.207,18794687133.312,1487917558,1272658141,False
2021-12-03,15.07,40.475836,6.255836,22404797733.854,19163459749.594,1487917558,1272658141,False
2021-12-06,14.49,38.91804,6.015067,21542502930.56,18425914517.029,1487917558,1272658141,False
2021-12-07,13.86,37.225951,5.753543,20605872368.362,17624787798.897,1487917558,1272658141,False
2021-12-08,14.38,38.622596,5.969404,21378964260.97,18286035248.784,1487917558,1272658141,False
2021-12-09,14.12,37.924273,5.861474,20992418314.666,17955411523.84,1487917558,1272658141,False
2021-12-10,13.82,37.118517,5.736938,20546403761.238,17573922610.444,1487917558,1272658141,False
2021-12-13,13.78,37.011083,5.720333,20486935154.115,17523057421.991,1487917558,1272658141,False
2021-12-14,13.74,36.903648,5.703729,20427466546.991,17472192233.539,1487917558,1272658141,False
2021-12-15,13.72,36.849931,5.695426,20397732243.429,17446759639.312,1487917558,1272658141,False
2021-12-16,13.86,37.225951,5.753543,20605872368.362,17624787798.897,1487917558,1272658141,False
2021-12-17,13.57,36.447053,5.633158,20174724966.715,17256015182.614,1487917558,1272658141,False
2021-12-20,13.05,35.050408,5.417297,19401633074.107,16594767732.728,1487917558,1272658141,False
2021-12-21,13.18,35.39957,5.471262,19594906047.259,16760079595.199,1487917558,1272658141,False
2021-12-22,13.52,36.31276,5.612402,20100389207.811,17192433697.048,1487917558,1272658141,False
2021-12-23,13.75,36.930507,5.70788,20442333698.772,17484908530.652,1487917558,1272658141,False
2021-12-24,13.63,36.608204,5.658065,20263927877.401,17332312965.293,1487917558,1272658141,False
2021-12-27,13.42,36.044175,5.570891,19951717690.001,17065270725.916,1487917558,1272658141,False
2021-12-28,13.85,37.199093,5.749392,20591005216.581,17612071501.784,1487917558,1272658141,False
2021-12-29,13.67,36.715639,5.67467,20323396484.525,17383178153.746,1487917558,1272658141,False
2021-12-30,14.12,37.924273,5.861474,20992418314.666,17955411523.84,1487917558,1272658141,False
2021-12-31,14.0,37.601971,5.811659,20814197759.461,17897174406.15,1487930802,1279403481,False
2022-01-04,13.87,37.25281,5.757694,20620923065.981,17730986358.093,1487930802,1279403481,False
2022-01-05,13.48,36.205648,5.595847,20041098985.538,17232422213.922,1487930802,1279403481,False
2022-01-06,13.27,35.641614,5.508672,19728886019.146,16963964597.83,1487930802,1279403481,False
2022-01-07,13.05,35.05072,5.417345,19401805768.641,16682723285.733,1487930802,1279403481,False
2022-01-10,12.69,34.083804,5.267901,18866583540.54,16222510229.575,1487930802,1279403481,False
2022-01-11,12.6,33.842075,5.23054,18732777983.515,16107456965.535,1487930802,1279403481,False
2022-01-12,13.2,35.453602,5.479613,19624815030.349,16874478725.799,1487930802,1279403481,False
2022-01-13,13.0,34.916427,5.396589,19327469348.071,16618804805.711,1487930802,1279403481,False
2022-01-14,12.99,34.889568,5.392438,19312602063.957,16606021109.707,1487930802,1279403481,False
2022-01-17,13.15,35.319308,5.458857,19550478609.78,16810560245.777,1487930802,1279403481,False
2022-01-18,13.24,35.561037,5.496218,19684284166.805,16925613509.816,1487930802,1279403481,False
2022-01-19,12.83,34.459827,5.326018,19074725518.135,16401481973.636,1487930802,1279403481,False
2022-01-20,12.76,34.271816,5.29696,18970654529.338,16311996101.606,1487930802,1279403481,False
2022-01-21,12.09,32.472277,5.018828,17974546493.706,15455488469.311,1487930802,1279403481,False
2022-01-24,12.2,32.767723,5.064491,18138086618.959,15596109125.36,1487930802,1279403481,False
2022-01-25,11.89,31.935101,4.935803,17677200811.428,15199814549.223,1487930802,1279403481,False
2022-01-26,12.37,33.224323,5.135062,18390830448.895,15813431957.434,1487930802,1279403481,False
2022-01-27,11.95,32.096254,4.960711,17766404516.112,15276516725.25,1487930802,1279403481,False
2022-01-28,11.95,32.096254,4.960711,17766404516.112,15276516725.25,1487930802,1279403481,False
2022-02-07,12.5,33.573487,5.189028,18584105142.376,15979620005.491,1487930802,1279403481,False
2022-02-08,12.6,33.842075,5.23054,18732777983.515,16107456965.535,1487930802,1279403481,False
2022-02-09,12.8,34.379251,5.313564,19030123665.793,16363130885.623,1487930802,1279403481,False
2022-02-10,12.67,34.030086,5.259599,18836848972.312,16196942837.566,1487930802,1279403481,False
2022-02-11,12.16,32.660288,5.047886,18078617482.503,15544974341.342,1487930802,1279403481,False
2022-02-14,11.8,31.693372,4.898442,17543395254.403,15084761285.184,1487930802,1279403481,False
2022-02-15,12.11,32.525994,5.02713,18004281061.934,15481055861.32,1487930802,1279403481,False
2022-02-16,12.05,32.364841,5.002223,17915077357.251,15404353685.294,1487930802,1279403481,False
2022-02-17,11.96,32.123112,4.964862,17781271800.225,15289300421.254,1487930802,1279403481,False
2022-02-18,12.02,32.284265,4.989769,17870475504.909,15366002597.28,1487930802,1279403481,False
2022-02-21,12.03,32.311124,4.99392,17885342789.023,15378786293.285,1487930802,1279403481,False
2022-02-22,11.74,31.532219,4.873535,17454191549.72,15008059109.157,1487930802,1279403481,False
2022-02-23,12.47,33.492911,5.176574,18539503290.034,15941268917.478,1487930802,1279403481,False
2022-02-24,12.19,32.740865,5.06034,18123219334.845,15583325429.355,1487930802,1279403481,False
2022-02-25,12.32,33.090029,5.114306,18316494028.326,15749513477.412,1487930802,1279403481,False
2022-02-28,12.55,33.707781,5.209784,18658441562.946,16043538485.513,1487930802,1279403481,False
2022-03-01,12.31,33.06317,5.110155,18301626744.212,15736729781.408,1487930802,1279403481,False
2022-03-02,12.1,32.499135,5.022979,17989413777.82,15468272165.316,1487930802,1279403481,False
2022-03-03,11.94,32.069395,4.956559,17751537231.998,15263733029.245,1487930802,1279403481,False
2022-03-04,11.84,31.800807,4.915047,17602864390.859,15135896069.201,1487930802,1279403481,False
2022-03-07,11.3,30.350432,4.690881,16800031048.708,14445576484.964,1487930802,1279403481,False
2022-03-08,10.86,29.168646,4.508227,16145870547.696,13883093860.771,1487930802,1279403481,False
2022-03-09,10.63,28.550893,4.412749,15803923013.077,13589068852.67,1487930802,1279403481,False
2022-03-10,10.9,29.276081,4.524832,16205339684.152,13934228644.788,1487930802,1279403481,False
2022-03-11,10.98,29.490951,4.558042,16324277957.063,14036498212.824,1487930802,1279403481,False
2022-03-14,10.75,28.873199,4.462564,15982330422.443,13742473204.723,1487930802,1279403481,False
2022-03-15,10.14,27.234813,4.209339,15075426091.495,12962667748.455,1487930802,1279403481,False
2022-03-16,10.48,28.148012,4.350481,15580913751.368,13397313412.604,1487930802,1279403481,False
2022-03-17,10.74,28.84634,4.458413,15967463138.33,13729689508.718,1487930802,1279403481,False
2022-03-18,10.72,28.792622,4.45011,15937728570.102,13704122116.709,1487930802,1279403481,False
2022-03-21,10.95,29.410375,4.545588,16279676104.721,13998147124.81,1487930802,1279403481,False
2022-03-22,10.75,28.873199,4.462564,15982330422.443,13742473204.723,1487930802,1279403481,False
2022-03-23,10.84,29.114928,4.499925,16116135979.469,13857526468.762,1487930802,1279403481,False
2022-03-24,10.62,28.524035,4.408598,15789055728.963,13576285156.665,1487930802,1279403481,False
2022-03-25,10.44,28.040576,4.333876,15521444614.913,13346178628.586,1487930802,1279403481,False
2022-03-28,10.32,27.718271,4.284061,15343037205.546,13192774276.534,1487930802,1279403481,False
2022-03-29,10.12,27.181095,4.201037,15045691523.268,12937100356.446,1487930802,1279403481,False
2022-03-30,10.25,27.530259,4.255003,15238966216.748,13103288404.503,1487930802,1279403481,False
2022-03-31,10.02,26.912507,4.159525,14897018962.462,13002486033.563,1487930830,1298702773,False
2022-04-01,9.99,26.831931,4.147071,14852417109.281,12963556434.66,1487930830,1298702773,False
2022-04-06,9.85,26.455908,4.088954,14644275127.769,12781884973.113,1487930830,1298702773,False
2022-04-07,9.73,26.133603,4.039139,14465867715.045,12626166577.502,1487930830,1298702773,False
2022-04-08,9.39,25.220404,3.897998,13960380045.66,12184964456.603,1487930830,1298702773,False
2022-04-11,9.22,22.073922,3.827427,13707636210.968,11964363396.153,1487930830,1298702773,False
2022-04-12,9.28,22.217571,3.852334,13796839917.33,12042222593.959,1487930830,1298702773,False
2022-04-13,9.02,21.595095,3.744402,13410290523.095,11704832736.8,1487930830,1298702773,False
2022-04-14,9.15,21.906333,3.798368,13603565220.212,11873527665.379,1487930830,1298702773,False
2022-04-15,9.06,21.690861,3.761007,13469759660.669,11756738868.671,1487930830,1298702773,False
2022-04-18,9.22,22.073922,3.827427,13707636210.968,11964363396.153,1487930830,1298702773,False
2022-04-19,9.2,22.02604,3.819124,13677901642.181,11938410330.218,1487930830,1298702773,False
2022-04-20,9.09,21.762685,3.773461,13514361513.85,11795668467.574,1487930830,1298702773,False
2022-04-21,8.77,20.996562,3.640622,13038608413.253,11380419412.61,1487930830,1298702773,False
2022-04-22,8.76,20.97262,3.636471,13023741128.859,11367442879.642,1487930830,1298702773,False
2022-04-25,7.98,19.105195,3.312675,11864092946.152,10355273308.167,1487930830,1298702773,False
2022-04-26,7.48,17.908128,2.985505,11120728726.469,9706446659.786,1487930830,1298702773,False
2022-04-27,7.92,18.961547,3.161123,11774889239.79,10277414110.361,1487930830,1298702773,False
2022-04-28,8.01,19.177019,3.197045,11908694799.333,10394202907.07,1487930830,1298702773,False
2022-04-29,8.45,20.230439,3.372663,12562855312.655,10965170357.646,1487930830,1298702773,False
2022-05-05,8.64,17.826478,3.267668,12845333716.135,11211724484.03,1487930830,1298702773,False
2022-05-06,8.52,17.578888,3.222284,12666926303.411,11056006088.419,1487930830,1298702773,False
2022-05-09,8.63,17.805845,3.263886,12830466431.741,11198747951.063,1487930830,1298702773,False
2022-05-10,8.83,18.218495,3.339527,13127812119.615,11458278610.415,1487930830,1298702773,False
2022-05-11,8.99,18.548615,3.400039,13365688669.913,11665903137.897,1487930830,1298702773,False
2022-05-12,8.97,18.50735,3.392475,13335954101.126,11639950071.962,1487930830,1298702773,False
2022-05-13,8.94,18.445453,3.381129,13291352247.945,11601020473.059,1487930830,1298702773,False
2022-05-16,8.94,18.445453,3.381129,13291352247.945,11601020473.059,1487930830,1298702773,False
2022-05-17,9.14,18.858103,3.456769,13588697935.819,11860551132.412,1487930830,1298702773,False
2022-05-18,9.45,19.49771,3.574012,14049583752.023,12262823654.408,1487930830,1298702773,False
2022-05-19,9.53,19.66277,3.604268,14168522027.172,12366635918.149,1487930830,1298702773,False
2022-05-20,9.49,19.58024,3.58914,14109052889.597,12314729786.279,1487930830,1298702773,False
2022-05-23,9.47,19.538975,3.581576,14079318320.81,12288776720.344,1487930830,1298702773,False
2022-05-24,9.0,18.569248,3.403821,13380555954.307,11678879670.865,1487930830,1298702773,False
2022-05-25,9.0,18.569248,3.403821,13380555954.307,11678879670.865,1487930830,1298702773,False
2022-05-26,9.06,18.693043,3.426513,13469759660.669,11756738868.671,1487930830,1298702773,False
2022-05-27,9.04,18.651778,3.418949,13440025091.882,11730785802.736,1487930830,1298702773,False
2022-05-30,9.03,18.631145,3.415167,13425157807.488,11717809269.768,1487930830,1298702773,False
2022-05-31,9.23,19.043795,3.490808,13722503495.362,11977339929.12,1487930830,1298702773,False
2022-06-01,9.29,19.16759,3.5135,13811707201.724,12055199126.926,1487930830,1298702773,False
2022-06-02,9.55,19.704035,3.611832,14198256595.959,12392588984.085,1487930830,1298702773,False
2022-06-06,9.68,19.972258,3.660999,14391531293.077,12561283912.664,1487930830,1298702773,False
2022-06-07,9.58,19.765933,3.623179,14242858449.14,12431518582.987,1487930830,1298702773,False
2022-06-08,9.47,19.538975,3.581576,14079318320.81,12288776720.344,1487930830,1298702773,False
2022-06-09,9.14,18.858103,3.456769,13588697935.819,11860551132.412,1487930830,1298702773,False
2022-06-10,9.36,19.312018,3.539974,13915778192.479,12146034857.7,1487930830,1298702773,False
2022-06-13,9.78,20.178582,3.698819,14540204137.014,12691049242.34,1487930830,1298702773,False
2022-06-14,10.35,21.354635,3.914394,15387639347.453,13430711621.495,1487930830,1298702773,False
2022-06-15,10.2,21.045148,3.857664,15164630652.287,13236064197.719,1487930886,1298702829,False
2022-06-16,10.18,21.003883,3.8501,15134896082.38,13210111130.664,1487930886,1298702829,False
2022-06-17,10.22,21.086413,3.865228,15194365222.193,13262017264.773,1487930886,1298702829,False
2022-06-20,10.22,21.086413,3.865228,15194365222.193,13262017264.773,1487930886,1298702829,False
2022-06-21,10.46,21.581593,3.955997,15551180061.07,13573454069.425,1487930886,1298702829,False
2022-06-22,10.29,21.230841,3.891702,15298436216.866,13352852999.463,1487930886,1298702829,False
2022-06-23,10.41,21.478431,3.937087,15476843636.304,13508571401.789,1487930886,1298702829,False
2022-06-24,10.93,22.551321,4.133752,16249942453.872,14183351145.203,1487930886,1298702829,False
2022-06-27,10.91,22.510056,4.126188,16220207883.965,14157398078.148,1487930886,1298702829,False
2022-06-28,11.48,23.686108,4.341763,17067643126.299,14897060489.197,1487930886,1298702829,False
2022-06-29,11.11,22.922705,4.201828,16517553583.03,14416928748.692,1487930886,1298702829,False
2022-06-30,11.27,23.252825,4.262341,16755431820.154,14624554963.0,1487931035,1298702978,False
2022-07-01,11.12,22.943338,4.20561,16532422523.524,14429906937.76,1487931035,1298702978,False
2022-07-04,11.08,22.86081,4.190483,16472953377.756,14378000797.696,1487931035,1298702978,False
2022-07-05,10.85,22.386263,4.103496,16131005789.59,14079540492.329,1487931035,1298702978,False
2022-07-06,11.59,23.913068,4.383366,17231184986.299,15039804083.511,1487931035,1298702978,False
2022-07-07,11.56,23.85117,4.37202,17186583126.973,15000874478.463,1487931035,1298702978,False
2022-07-08,11.54,23.809905,4.364456,17156848554.089,14974921408.431,1487931035,1298702978,False
2022-07-11,11.67,24.078128,4.413622,17350123277.835,15143616363.638,1487931035,1298702978,False
2022-07-12,11.14,22.984605,4.213175,16562157096.408,14455860007.792,1487931035,1298702978,False
2022-07-13,10.98,22.654485,4.152662,16324280513.336,14248235447.536,1487931035,1298702978,False
2022-07-14,11.36,23.43852,4.296379,16889237398.132,14741343778.143,1487931035,1298702978,False
2022-07-15,10.8,22.2831,4.084586,16056669357.379,14014657817.249,1487931035,1298702978,False
2022-07-18,10.8,22.2831,4.084586,16056669357.379,14014657817.249,1487931035,1298702978,False
2022-07-19,10.92,22.53069,4.12997,16235076794.684,14170376237.441,1487931035,1298702978,False
2022-07-20,12.01,24.779633,4.542211,17855611016.864,15584818554.181,1487931035,1298702978,False
2022-07-21,12.17,25.109753,4.602723,18093487599.936,15792443114.437,1487931035,1298702978,False
2022-07-22,11.83,24.408248,4.474134,17587999860.907,15351240923.894,1487931035,1298702978,False
2022-07-25,12.04,24.84153,4.553557,17900212876.19,15623748159.229,1487931035,1298702978,False
2022-07-26,12.27,25.316078,4.640543,18242160464.356,15922208464.597,1487931035,1298702978,False
2022-07-27,12.27,25.316078,4.640543,18242160464.356,15922208464.597,1487931035,1298702978,False
2022-07-28,12.9,26.615925,4.878811,19178799510.203,16739730170.603,1487931035,1298702978,False
2022-07-29,12.83,26.471498,4.852337,19074728505.109,16648894425.491,1487931035,1298702978,False
2022-08-01,13.56,27.97767,5.128425,20160040415.376,17596181481.657,1487931035,1298702978,False
2022-08-02,13.9,28.679175,5.257013,20665528154.405,18037383672.2,1487931035,1298702978,False
2022-08-03,13.92,28.72044,5.264577,20695262727.289,18063336742.232,1487931035,1298702978,False
2022-08-04,13.34,27.523755,5.04522,19832960113.652,17310697711.306,1487931035,1298702978,False
2022-08-05,14.5,29.917125,5.483935,21557565340.926,18815975773.158,1487931035,1298702978,False
2022-08-08,14.51,29.937758,5.487717,21572432627.368,18828952308.174,1487931035,1298702978,False
2022-08-09,14.72,30.37104,5.567139,21884645642.651,19101459543.51,1487931035,1298702978,False
2022-08-10,15.39,31.753418,5.820535,22880753834.266,19970887389.58,1487931035,1298702978,False
2022-08-11,15.27,31.505828,5.775151,22702346396.962,19815168969.388,1487931035,1298702978,False
2022-08-12,14.45,29.813963,5.465025,21483228908.716,18751093098.078,1487931035,1298702978,False
2022-08-15,14.92,30.78369,5.64278,22181991371.491,19360990243.829,1487931035,1298702978,False
2022-08-16,14.2,29.29815,5.370474,21111546747.666,18426679722.679,1487931035,1298702978,False
2022-08-17,14.28,29.46321,5.40073,21230485039.202,18530492002.807,1487931035,1298702978,False
2022-08-18,14.91,30.763058,5.638998,22167124085.049,19348013708.813,1487931035,1298702978,False
2022-08-19,14.05,28.988663,5.313744,20888537451.035,18232031697.44,1487931035,1298702978,False
2022-08-22,14.45,29.813963,5.465025,21483228908.716,18751093098.078,1487931035,1298702978,False
2022-08-23,14.29,29.483843,5.404512,21245352325.644,18543468537.823,1487931035,1298702978,False
2022-08-24,12.91,26.636558,4.882593,19193666796.645,16752706705.619,1487931035,1298702978,False
2022-08-25,12.77,26.347703,4.829645,18985524786.457,16571035215.395,1487931035,1298702978,False
2022-08-26,12.35,26.408457,4.633457,18361098755.892,16026020744.724,1487931035,1298702978,False
2022-08-29,12.59,26.921658,4.7235,18717913630.501,16337457585.108,1487931035,1298702978,False
2022-08-30,12.21,26.10909,4.580932,18152956745.704,15844349254.501,1487931035,1298702978,False
2022-08-31,11.59,24.783321,4.348322,17231184986.299,15039804083.511,1487931035,1298702978,False
2022-09-01,11.68,24.975772,4.382088,17365016694.664,15156619029.041,1487933274,1298705217,False
2022-09-02,12.1,25.873873,4.539663,17989443664.849,15701634439.332,1487933274,1298705217,False
2022-09-05,12.07,25.809762,4.528414,17944841738.407,15662704767.169,1487933274,1298705217,False
2022-09-06,12.31,29.889689,5.244252,20781506409.439,15974142144.478,1689546177,1298705217,False
2022-09-07,12.54,30.448147,5.342235,21169788007.665,16272602964.399,1689546177,1298705217,False
2022-09-08,11.8,28.651367,5.026984,19920534169.893,15312337717.696,1689546177,1298705217,False
2022-09-09,11.64,28.262874,4.958821,19650426057.768,15104713625.262,1689546248,1298705288,False
2022-09-13,11.65,28.287155,4.963082,19667307867.096,15117690183.359,1689546248,1298705288,False
2022-09-14,11.31,27.461608,4.818236,19093326349.945,14676487208.051,1689546248,1298705288,False
2022-09-15,10.62,25.786231,4.524286,17928481506.314,13781104699.337,1689546248,1298705288,False
2022-09-16,10.29,24.984964,4.383701,17371381798.491,13352878282.126,1689546248,1298705288,False
2022-09-19,10.15,24.645033,4.324058,17135036467.899,13171206468.764,1689546248,1298705288,False
2022-09-20,10.18,24.717875,4.336839,17185681895.883,13210136143.056,1689546248,1298705288,False
2022-09-21,10.07,24.450786,4.289977,16999981993.275,13067394003.985,1689546248,1298705288,False
2022-09-22,9.97,24.207978,4.247376,16831163899.995,12937628423.012,1689546248,1298705288,False
2022-09-23,9.71,23.576677,4.136612,16392236857.468,12600237912.482,1689546248,1298705288,False
2022-09-26,9.61,23.333868,4.09401,16223418764.188,12470472331.509,1689546248,1298705288,False
2022-09-27,9.79,23.770923,4.170693,16527291332.092,12704050377.261,1689546248,1298705288,False
2022-09-28,9.42,22.872533,4.013067,15902664386.956,12223917727.661,1689546248,1298705288,False
2022-09-29,9.37,22.751129,3.991766,15818255340.317,12159034937.174,1689546248,1298705288,False
2022-09-30,9.09,22.071266,3.872482,15345564679.133,11795691310.45,1689546248,1298705288,False
2022-10-10,8.94,21.707053,3.808579,15092337539.213,11601042938.99,1689546248,1298705288,False
2022-10-11,8.91,21.634211,3.795799,15041692111.23,11562113264.698,1689546248,1298705288,False
2022-10-12,9.39,22.79969,4.000287,15852018958.973,12184988053.369,1689546248,1298705288,False
2022-10-13,9.65,23.430992,4.111051,16290946001.5,12522378563.899,1689546248,1298705288,False
2022-10-14,10.16,24.669313,4.328319,17151918277.227,13184183026.861,1689546248,1298705288,False
2022-10-17,10.58,25.689108,4.507245,17860954269.002,13729198466.948,1689546248,1298705288,False
2022-10-18,10.53,25.567704,4.485944,17776545222.362,13664315676.461,1689546248,1298705288,False
2022-10-19,10.42,25.300615,4.439083,17590845319.754,13521573537.391,1689546248,1298705288,False
2022-10-20,11.02,26.757464,4.694692,18603753879.433,14300167023.229,1689546248,1298705288,False
2022-10-21,10.69,25.956197,4.554107,18046654171.61,13871940606.018,1689546248,1298705288,False
2022-10-24,11.07,26.878868,4.715993,18688162926.073,14365049813.716,1689546248,1298705288,False
2022-10-25,10.8,26.223286,4.600969,18232354074.218,14014682745.089,1689546248,1298705288,False
2022-10-26,11.37,27.607293,4.843797,19194617205.912,14754346556.635,1689546248,1298705288,False
2022-10-27,11.98,31.135542,3.15145,20224407574.919,15545916600.57,1689546248,1298705288,False
2022-10-28,11.66,30.303875,3.067271,19684189676.424,15130666741.457,1689546248,1298705288,False
2022-10-31,11.79,30.64174,3.101468,19903653197.688,15299361996.722,1689546248,1298705288,False
2022-11-01,12.0,31.187521,3.156711,20258171193.575,15571869716.765,1689546248,1298705288,False
2022-11-02,11.83,30.745698,3.111991,19971180434.999,15351268229.111,1689546248,1298705288,False
2022-11-03,11.96,31.083563,3.146189,20190643956.263,15519963484.376,1689546248,1298705288,False
2022-11-04,12.29,31.94122,3.232998,20747743664.086,15948189901.587,1689546248,1298705288,False
2022-11-07,12.02,31.239501,3.161972,20291934812.231,15597822832.96,1689546248,1298705288,False
2022-11-08,11.86,30.823667,3.119883,20021825862.983,15390197903.403,1689546248,1298705288,False
2022-11-09,11.69,30.381844,3.075163,19734835104.408,15169596415.749,1689546248,1298705288,False
2022-11-10,11.36,29.524187,2.988353,19177735396.584,14741369998.538,1689546248,1298705288,False
2022-11-11,11.58,30.095958,3.046226,19549135201.8,15026854276.678,1689546248,1298705288,False
2022-11-14,11.43,29.706114,3.006767,19295908061.88,14832205905.219,1689546248,1298705288,False
2022-11-15,12.22,31.759293,3.214584,20629570998.791,15857353994.906,1689546248,1298705288,False
2022-11-16,12.25,31.837262,3.222476,20680216426.775,15896283669.198,1689546248,1298705288,False
2022-11-17,12.28,31.91523,3.230367,20730861854.759,15935213343.49,1689546248,1298705288,False
2022-11-18,12.02,31.239501,3.161972,20291934812.231,15597822832.96,1689546248,1298705288,False
2022-11-21,12.43,32.305074,3.269826,20984088994.678,16129861714.949,1689546248,1298705288,False
2022-11-22,12.23,31.785282,3.217215,20646452808.119,15870330553.003,1689546248,1298705288,False
2022-11-23,11.74,30.511792,3.088316,19819244151.048,15234479206.235,1689546248,1298705288,False
2022-11-24,11.71,30.433823,3.080424,19768598723.064,15195549531.943,1689546248,1298705288,False
2022-11-25,11.95,31.057573,3.143558,20173762146.935,15506986926.279,1689546248,1298705288,False
2022-11-28,12.43,32.305074,3.269826,20984088994.678,16129861714.949,1689546248,1298705288,False
2022-11-29,12.09,31.421428,3.180386,20410107477.527,15688658739.641,1689546248,1298705288,False
2022-11-30,11.98,31.135542,3.15145,20224407574.919,15545916600.57,1689546248,1298705288,False
2022-12-01,11.83,30.745698,3.111991,19971180434.999,15351268229.111,1689546248,1298705288,False
2022-12-02,11.94,31.031584,3.140927,20156880337.607,15494010368.181,1689546248,1298705288,False
2022-12-05,11.69,30.381844,3.075163,19734835104.408,15169596415.749,1689546248,1298705288,False
2022-12-06,11.69,30.381844,3.075163,19734835104.408,15169596415.749,1689546248,1298705288,False
2022-12-07,11.37,29.550177,2.990984,19194617205.912,14754346556.635,1689546248,1298705288,False
2022-12-08,11.19,29.082364,2.943633,18890744638.009,14520768510.883,1689546248,1298705288,False
2022-12-09,11.18,29.056374,2.941002,18873862828.681,14507791952.786,1689546248,1298705288,False
2022-12-12,11.6,30.147937,3.051487,19582898820.456,15052807392.873,1689546248,1298705288,False
2022-12-13,11.47,29.810073,3.01729,19363435299.192,14884112137.608,1689546248,1298705288,False
2022-12-14,11.62,30.199917,3.056748,19616662439.112,15078760509.068,1689546248,1298705288,False
2022-12-15,11.7,30.407833,3.077793,19751716913.736,15182572973.846,1689546248,1298705288,False
2022-12-16,11.53,29.96601,3.033073,19464726155.16,14961971486.192,1689546248,1298705288,False
2022-12-19,10.92,28.380645,2.872607,18434935786.153,14170401442.256,1689546248,1298705288,False
2022-12-20,10.73,27.886842,2.822626,18114181408.922,13923846838.407,1689546248,1298705288,False
2022-12-21,10.58,27.496998,2.783167,17860954269.002,13729198466.948,1689546248,1298705288,False
2022-12-22,10.32,26.821268,2.714771,17422027226.475,13391807956.418,1689546248,1298705288,False
2022-12-23,9.96,25.885643,2.62007,16814282090.667,12924651864.915,1689546248,1298705288,False
2022-12-26,10.14,26.353456,2.667421,17118154658.571,13158229910.666,1689546248,1298705288,False
2022-12-27,9.98,25.937622,2.625331,16848045709.323,12950604981.11,1689546248,1298705288,False
2022-12-28,9.82,25.521788,2.583242,16577936760.076,12742980051.553,1689546248,1298705288,False
2022-12-29,9.82,25.521788,2.583242,16577936760.076,12742980051.553,1689546248,1298705288,False
2022-12-30,9.68,25.157934,2.546413,16341591429.484,12561308238.19,1689546248,1298705288,False
2023-01-03,10.27,26.69132,2.701618,17337618939.201,13326925925.297,1689546322,1298705362,False
2023-01-04,10.31,26.79528,2.712141,17405146179.47,13378832160.644,1689546322,1298705362,False
2023-01-05,10.37,26.951218,2.727924,17506437039.874,13456691513.664,1689546322,1298705362,False
2023-01-06,10.43,27.107155,2.743708,17607727900.279,13534550866.685,1689546322,1298705362,False
2023-01-09,10.46,27.185124,2.7516,17658373330.481,13573480543.195,1689546322,1298705362,False
2023-01-10,10.56,27.44502,2.777906,17827191431.155,13703246131.562,1689546322,1298705362,False
2023-01-11,10.37,26.951218,2.727924,17506437039.874,13456691513.664,1689546322,1298705362,False
2023-01-12,10.24,26.613353,2.693727,17286973508.998,13287996248.787,1689546322,1298705362,False
2023-01-13,10.13,26.327467,2.66479,17101273598.257,13145254101.583,1689546322,1298705362,False
2023-01-16,10.6,27.548979,2.788428,17894718671.424,13755152366.909,1689546322,1298705362,False
2023-01-17,10.9,28.328667,2.867346,18401172973.446,14144449132.01,1689546322,1298705362,False
2023-01-18,10.74,27.912833,2.825256,18131064012.367,13936824190.622,1689546322,1298705362,False
2023-01-19,10.98,28.536583,2.888391,18536227453.985,14248261602.703,1689546322,1298705362,False
2023-01-20,10.91,28.354656,2.869976,18418054783.513,14157425690.847,1689546322,1298705362,False
2023-01-30,11.22,29.160334,2.951525,18941390895.602,14559699014.784,1689546322,1298705362,False
2023-01-31,10.77,27.990802,2.833148,18181709442.57,13975753867.133,1689546322,1298705362,False
2023-02-01,11.46,29.784084,3.014659,19346554337.219,14871136426.865,1689546322,1298705362,False
2023-02-02,11.63,30.225908,3.059379,19633545108.364,15091737927.089,1689546322,1298705362,False
2023-02-03,11.53,29.966012,3.033073,19464727007.691,14961972338.722,1689546322,1298705362,False
2023-02-06,11.45,29.758095,3.012028,19329672527.152,14858159868.029,1689546322,1298705362,False
2023-02-07,11.5,29.888043,3.025181,19414081577.488,14923042662.212,1689546322,1298705362,False
2023-02-08,11.31,29.39424,2.9752,19093327186.208,14676488044.315,1689546322,1298705362,False
2023-02-09,11.8,30.667731,3.104099,19920535879.51,15312339427.313,1689546322,1298705362,False
2023-02-10,11.71,30.433824,3.080424,19768599588.903,15195550397.783,1689546322,1298705362,False
2023-02-13,11.94,31.031585,3.140928,20156881220.453,15494011251.027,1689546322,1298705362,False
2023-02-14,12.14,31.551377,3.193539,20494517421.801,15753542427.761,1689546322,1298705362,False
2023-02-15,12.14,31.551377,3.193539,20494517421.801,15753542427.761,1689546322,1298705362,False
2023-02-16,11.68,30.355856,3.072532,19717954158.701,15156620721.273,1689546322,1298705362,False
2023-02-17,11.44,29.732105,3.009398,19312790717.084,14845183309.192,1689546322,1298705362,False
2023-02-20,12.2,31.707315,3.209323,20595808282.205,15831401780.782,1689546322,1298705362,False
2023-02-21,12.19,31.681325,3.206692,20578926472.138,15818425221.945,1689546322,1298705362,False
2023-02-22,11.99,31.161533,3.15408,20241290270.79,15558894045.211,1689546322,1298705362,False
2023-02-23,11.72,30.459814,3.083054,19785481398.971,15208526956.62,1689546322,1298705362,False
2023-02-24,11.69,30.381845,3.075163,19734835968.769,15169597280.11,1689546322,1298705362,False
2023-02-27,11.2,29.108355,2.946264,18907627275.467,14533745897.111,1689546322,1298705362,False
2023-02-28,11.5,29.888043,3.025181,19414081577.488,14923042662.212,1689546322,1298705362,False
2023-03-01,11.36,29.52419,2.988353,19177737155.962,14741371757.915,1689546403,1298705443,False
2023-03-02,11.07,28.770491,2.912066,18688164640.536,14365051528.179,1689546403,1298705443,False
2023-03-03,11.53,29.966013,3.033073,19464727940.866,14961973271.898,1689546403,1298705443,False
2023-03-06,11.34,29.472211,2.983092,19143973534.208,16999861417.071,1689546403,1500318346,False
2023-03-07,10.89,28.302678,2.864715,18384292044.755,16325263741.79,1689546403,1500318346,False
2023-03-08,11.14,28.952418,2.93048,18806337316.674,16700040228.057,1689546403,1500318346,False
2023-03-09,11.28,29.316273,2.967309,19042682668.948,16909915060.367,1689546403,1500318346,False
2023-03-10,11.13,28.926429,2.92785,18789455505.797,16685049168.607,1689546403,1500318346,False
2023-03-13,11.2,29.108356,2.946264,18907628181.934,16789986584.762,1689546403,1500318346,False
2023-03-14,11.29,29.342262,2.969939,19059564479.824,16924906119.818,1689546403,1500318346,False
2023-03-15,11.71,30.433826,3.080424,19768600536.647,17554530616.746,1689546403,1500318346,False
2023-03-16,11.65,30.277888,3.06464,19667309671.387,17464584260.042,1689546403,1500318346,False
2023-03-17,11.87,30.84966,3.122514,20038709510.675,17794387567.957,1689546403,1500318346,False
2023-03-20,12.34,32.071171,3.246151,20832154621.881,18498967362.139,1689546403,1500318346,False
2023-03-21,12.27,31.889244,3.227737,20713981945.744,18394029945.984,1689546403,1500318346,False
2023-03-22,12.94,33.630547,3.403987,21845063274.484,19398430929.18,1689546403,1500318346,False
2023-03-23,13.01,33.812474,3.422401,21963235950.621,19503368345.335,1689546403,1500318346,False
2023-03-24,13.11,34.07237,3.448707,22132054059.389,19653278939.841,1689546403,1500318346,False
2023-03-27,13.23,34.384246,3.480274,22334635789.909,19833171653.25,1689546403,1500318346,False
2023-03-28,12.63,32.824869,3.322439,21321727137.306,18933708086.209,1689546403,1500318346,False
2023-03-29,12.84,33.370651,3.377681,21676245165.717,19248520334.673,1689546403,1500318346,False
2023-03-30,12.58,32.694921,3.309286,21237318082.922,18858752788.955,1689546403,1500318346,False
2023-03-31,12.29,39.503838,3.19253,20747745567.497,18424012064.886,1689546403,1500318346,False
2023-04-03,12.68,40.757418,3.293839,21406136191.689,19008663383.462,1689546403,1500318346,False
2023-04-04,12.76,41.014563,3.31462,21541190678.703,19128591859.068,1689546403,1500318346,False
2023-04-06,13.74,44.164584,3.569191,23195608144.622,20597715685.234,1689546403,1500318346,False
2023-04-07,13.52,43.457437,3.512043,22824208305.334,20267912377.319,1689546403,1500318346,False
2023-04-10,13.53,43.48958,3.51464,22841090116.211,20282903436.77,1689546403,1500318346,False
2023-04-11,13.43,43.168149,3.488664,22672272007.444,20132992842.263,1689546403,1500318346,False
2023-04-12,13.52,43.457437,3.512043,22824208305.334,20267912377.319,1689546403,1500318346,False
2023-04-13,13.09,42.075284,3.400343,22098290437.635,19623296820.94,1689546403,1500318346,False
2023-04-14,13.86,44.550301,3.600363,23398189875.143,20777608398.642,1689546403,1500318346,False
2023-04-17,13.42,43.136006,3.486066,22655390196.567,20118001782.812,1689546403,1500318346,False
2023-04-18,13.7,44.036012,3.558801,23128080901.116,20537751447.431,1689546403,1500318346,False
2023-04-19,14.91,47.925324,3.873118,25170780017.2,22351669640.964,1689546403,1500318346,False
2023-04-20,15.92,51.171774,4.135482,26875842915.749,23865766645.482,1689546403,1500318346,False
2023-04-21,15.57,50.046767,4.044564,26284979535.063,23341079564.709,1689546403,1500318346,False
2023-04-24,15.45,49.66105,4.013392,26082397804.543,23161186851.3,1689546403,1500318346,False
2023-04-25,14.92,47.957467,3.875716,25187661828.076,22366660700.414,1689546403,1500318346,False
2023-04-26,13.44,43.200292,3.491261,22689153818.321,20147983901.714,1689546403,1500318346,False
2023-04-27,13.42,43.136006,3.486066,22655390196.567,20118001782.812,1689546403,1500318346,False
2023-04-28,14.76,75.101519,3.809044,24917552854.049,22126803749.204,1689546403,1500318346,False
2023-05-04,14.62,74.389174,3.772914,24681207501.774,21916928916.894,1689546403,1500318346,False
2023-05-05,14.23,72.404784,3.672269,24022816877.582,21332277598.318,1689546403,1500318346,False
2023-05-08,14.24,72.455666,3.67485,24039698688.459,21347268657.768,1689546403,1500318346,False
2023-05-09,13.65,69.453641,3.522591,23043671846.732,20462796150.178,1689546403,1500318346,False
2023-05-10,13.53,68.843059,3.491623,22841090116.211,20282903436.77,1689546403,1500318346,False
2023-05-11,13.64,69.402759,3.52001,23026790035.855,20447805090.727,1689546403,1500318346,False
2023-05-12,13.2,67.16396,3.406462,22283990357.279,19788198474.897,1689546403,1500318346,False
2023-05-15,13.22,67.265724,3.411623,22317753979.033,19818180593.799,1689546403,1500318346,False
2023-05-16,13.16,66.960433,3.396139,22216463113.772,19728234237.095,1689546403,1500318346,False
2023-05-17,13.44,68.385123,3.468397,22689153818.321,20147983901.714,1689546403,1500318346,False
2023-05-18,13.81,70.267749,3.563882,23313780820.76,20702653101.389,1689546403,1500318346,False
2023-05-19,14.0,71.234503,3.612914,23634535227.417,20987483230.952,1689546403,1500318346,False
2023-05-22,13.84,70.420395,3.571624,23364426253.39,20747626279.741,1689546403,1500318346,False
2023-05-23,13.66,69.504522,3.525172,23060553657.609,20477787209.629,1689546403,1500318346,False
2023-05-24,13.72,69.809813,3.540656,23161844522.869,20567733566.333,1689546403,1500318346,False
2023-05-25,13.66,69.504522,3.525172,23060553657.609,20477787209.629,1689546403,1500318346,False
2023-05-26,14.42,73.371538,3.721301,24343571284.24,21617107727.88,1689546403,1500318346,False
2023-05-29,14.33,72.913602,3.698076,24191634986.349,21482188192.824,1689546403,1500318346,False
2023-05-30,14.92,75.915628,3.850334,25187661828.076,22366660700.414,1689546403,1500318346,False
2023-05-31,14.99,76.2718,3.868399,25305834504.213,22471598116.569,1689546403,1500318346,False
2023-06-01,14.81,75.355928,3.821947,25001961908.432,22201759046.457,1689546403,1500318346,False
2023-06-02,15.4,78.357953,3.974205,25997988750.159,23086231554.047,1689546403,1500318346,False
2023-06-05,15.32,77.950899,3.95356,25862934263.145,22966303078.442,1689546403,1500318346,False
2023-06-06,14.65,74.541819,3.780656,24731852934.405,21961902095.246,1689546403,1500318346,False
2023-06-07,14.85,75.559455,3.832269,25069491436.991,22261725569.312,1689546557,1500318500,False
2023-06-08,14.88,75.712101,3.840011,25120136874.238,22306698752.28,1689546557,1500318500,False
2023-06-09,15.2,77.340325,3.922593,25660354871.533,22786412703.942,1689546557,1500318500,False
2023-06-12,15.29,77.798261,3.945819,25812291183.272,22921332252.847,1689546557,1500318500,False
2023-06-13,15.27,77.696497,3.940657,25778527558.441,22891350130.868,1689546557,1500318500,False
2023-06-14,16.79,85.43053,4.332917,28344563045.595,25169991401.262,1689546557,1500318500,False
2023-06-15,15.49,78.815897,3.997432,26149927431.582,23221153472.636,1689546557,1500318500,False
2023-06-16,15.79,80.342351,4.074851,26656381804.046,23670885302.319,1689546557,1500318500,False
2023-06-19,15.68,79.782651,4.046464,26470681867.476,23505983631.435,1689546557,1500318500,False
2023-06-20,15.28,77.747379,3.943238,25795409370.857,22906341191.857,1689546557,1500318500,False
2023-06-21,14.73,74.948881,3.801302,24866909688.005,22081832837.438,1689546557,1500318500,False
2023-06-26,14.49,73.727718,3.739366,24461746190.034,21722047373.692,1689546557,1500318500,False
2023-06-27,14.64,74.490944,3.778076,24714973376.266,21946913288.533,1689546557,1500318500,False
2023-06-28,14.59,74.236535,3.765173,24630564314.189,21871957983.586,1689546557,1500318500,False
2023-06-29,14.71,74.847117,3.796141,24833146063.174,22051850715.46,1689546557,1500318500,False
2023-06-30,15.5,78.867001,4.000024,26166882979.864,23236218269.491,1689551318,1500323261,False
2023-07-03,15.13,76.984152,3.904528,25542254160.344,22681547252.736,1689551318,1500323261,False
2023-07-04,15.19,77.289443,3.920012,25643545320.266,22771493904.101,1689551318,1500323261,False
2023-07-05,14.76,75.101738,3.809055,24917625340.825,22126876235.98,1689551318,1500323261,False
2023-07-06,15.15,77.086133,3.9097,25576017880.318,22711529469.857,1689551318,1500323261,False
2023-07-07,14.78,75.203501,3.814216,24951389060.799,22156858453.102,1689551318,1500323261,False
2023-07-10,13.98,71.132947,3.607763,23600840261.838,20957569768.225,1689551318,1500323261,False
2023-07-11,14.21,72.303231,3.667118,23989123041.539,21302365265.127,1689551318,1500323261,False
2023-07-12,13.82,70.318836,3.566473,23330730502.046,20717712031.249,1689551318,1500323261,False
2023-07-13,14.12,71.845294,3.643892,23837186301.656,21167445288.078,1689551318,1500323261,False
2023-07-14,14.59,74.236745,3.765183,24630633721.046,21872027390.444,1689551318,1500323261,False
2023-07-17,14.22,72.354113,3.669699,24006004901.526,21317356373.688,1689551318,1500323261,False
2023-07-18,14.33,72.913814,3.698086,24191705361.384,21482258567.859,1689551318,1500323261,False
2023-07-19,14.47,73.626161,3.734216,24428051401.202,21692134087.712,1689551318,1500323261,False
2023-07-20,13.8,70.217072,3.561311,23296966782.072,20687729814.128,1689551318,1500323261,False
2023-07-21,13.66,69.504725,3.525182,23060620742.254,20477854294.274,1689551318,1500323261,False
2023-07-24,13.83,70.369717,3.569053,23347612362.033,20732703139.81,1689551318,1500323261,False
2023-07-25,14.12,71.845294,3.643892,23837186301.656,21167445288.078,1689551318,1500323261,False
2023-07-26,13.87,70.573245,3.579376,23415139801.981,20792667574.054,1689551318,1500323261,False
2023-07-27,13.61,69.250315,3.512279,22976211442.319,20402898751.469,1689551318,1500323261,False
2023-07-28,13.52,68.792377,3.489053,22824274702.436,20267978774.421,1689551318,1500323261,False
2023-07-31,13.54,68.894141,3.494214,22858038422.41,20297960991.543,1689551318,1500323261,False
2023-08-01,13.43,68.33444,3.465827,22672337962.553,20133058797.372,1689551318,1500323261,False
2023-08-02,13.8,70.217072,3.561311,23296966782.072,20687729814.128,1689551318,1500323261,False
2023-08-03,13.5,68.690614,3.483891,22790510982.462,20237996557.299,1689551318,1500323261,False
2023-08-04,13.27,67.520329,3.424536,22402228202.761,19893201060.397,1689551318,1500323261,False
2023-08-07,13.38,68.08003,3.452924,22587928662.618,20058103254.567,1689551318,1500323261,False
2023-08-08,13.4,68.181794,3.458085,22621692382.592,20088085471.689,1689551318,1500323261,False
2023-08-09,13.15,66.909746,3.393568,22199645882.917,19713307757.665,1689551318,1500323261,False
2023-08-10,13.12,66.7571,3.385826,22149000302.956,19668334431.982,1689551318,1500323261,False
2023-08-11,12.66,64.416531,3.267116,21372434743.553,18978743438.178,1689551318,1500323261,False
2023-08-14,12.9,65.637697,3.329052,21777599383.241,19338530043.641,1689551318,1500323261,False
2023-08-15,12.64,64.314767,3.261955,21338671023.579,18948761221.056,1689551318,1500323261,False
2023-08-16,12.31,62.635663,3.176793,20781569644.008,18454054638.544,1689551318,1500323261,False
2023-08-17,12.21,62.126844,3.150986,20612751044.138,18304143552.935,1689551318,1500323261,False
2023-08-18,11.83,60.19333,3.052921,19971240364.631,17734481427.618,1689551318,1500323261,False
2023-08-21,11.75,59.786275,3.032276,19836185484.735,17614552559.13,1689551318,1500323261,False
2023-08-22,11.96,109.666256,3.085744,20190704544.463,17929365838.911,1689551318,1500323261,False
2023-08-23,11.37,104.256299,2.933521,19194674805.229,17044890433.814,1689551318,1500323261,False
2023-08-24,11.45,104.989852,2.954162,19329729685.125,17164819302.301,1689551318,1500323261,False
2023-08-25,10.98,100.680225,2.832899,18536282265.736,16460237199.936,1689551318,1500323261,False
2023-08-28,10.88,99.763283,2.807099,18367463665.866,16310326114.327,1689551318,1500323261,False
2023-08-29,11.53,105.723406,2.974802,19464784565.021,17284748170.789,1689551318,1500323261,False
2023-08-30,12.14,111.316752,3.132185,20494578024.229,18199205793.008,1689551318,1500323261,False
2023-08-31,12.35,113.24233,3.186366,20849097083.956,18514019072.788,1689551318,1500323261,False
2023-09-01,12.15,111.408446,3.134765,20511459884.216,18214196901.569,1689551318,1500323261,False
2023-09-04,12.51,114.709437,3.227647,21119206843.748,18753876809.763,1689551318,1500323261,False
2023-09-05,12.65,115.993156,3.263768,21355552883.566,18963752329.617,1689551318,1500323261,False
2023-09-06,12.95,118.743982,3.34117,21862008683.176,19413485586.446,1689551318,1500323261,False
2023-09-07,12.41,113.792495,3.201847,20950388243.878,18603965724.154,1689551318,1500323261,False
2023-09-08,12.49,114.526049,3.222487,21085443123.774,18723894592.642,1689551318,1500323261,False
2023-09-11,12.71,116.543321,3.279248,21456844043.488,19053698980.983,1689551318,1500323261,False
2023-09-12,12.76,117.001792,3.292149,21541253343.423,19128654523.788,1689551318,1500323261,False
2023-09-13,12.35,113.24233,3.186366,20849097083.956,18514019072.788,1689551318,1500323261,False
2023-09-14,12.16,111.50014,3.137345,20528341744.203,18229188010.13,1689551318,1500323261,False
2023-09-15,12.12,111.133363,3.127025,20460814304.255,18169223575.886,1689551318,1500323261,False
2023-09-18,11.87,108.841009,3.062524,20038767804.579,17794445861.862,1689551318,1500323261,False
2023-09-19,11.7,107.282207,3.018663,19751776184.8,17539597016.326,1689551318,1500323261,False
2023-09-20,11.55,105.906794,2.979962,19498548284.995,17314730387.911,1689551318,1500323261,False
2023-09-21,11.64,106.732042,3.003183,19650485024.878,17449650364.96,1689551318,1500323261,False
2023-09-22,12.13,111.225058,3.129605,20477696164.242,18184214684.447,1689551318,1500323261,False
2023-09-25,11.87,108.841009,3.062524,20038767804.579,17794445861.862,1689551318,1500323261,False
2023-09-26,11.65,106.823736,3.005763,19667366884.865,17464641473.521,1689551318,1500323261,False
2023-09-27,11.62,106.548654,2.998023,19616721304.904,17419668147.838,1689551318,1500323261,False
2023-09-28,12.21,111.958611,3.150246,20612751044.138,18304143552.935,1689551318,1500323261,False
2023-10-09,12.44,114.067578,3.209587,21001035004.684,18648940230.682,1689551413,1500323356,False
2023-10-10,12.28,112.600477,3.168306,20730925229.704,18409082478.519,1689551413,1500323356,False
2023-10-11,12.65,115.993162,3.263768,21355554084.345,18963753530.396,1689551413,1500323356,False
2023-10-12,12.68,116.268245,3.271508,21406199667.154,19008726858.926,1689551413,1500323356,False
2023-10-13,13.06,119.752624,3.36955,22047710382.731,19578389020.314,1689551413,1500323356,False
2023-10-16,12.58,115.351303,3.245708,21237381057.791,18858815763.824,1689551413,1500323356,False
2023-10-17,12.58,115.351303,3.245708,21237381057.791,18858815763.824,1689551413,1500323356,False
2023-10-18,12.77,117.093493,3.294729,21558136415.58,19143646844.518,1689551413,1500323356,False
2023-10-19,12.52,114.801138,3.230228,21136089892.174,18768869106.763,1689551413,1500323356,False
2023-10-20,12.21,111.958617,3.150246,20612752203.15,18304144711.947,1689551413,1500323356,False
2023-10-23,11.87,108.841015,3.062524,20038768931.318,17794446988.601,1689551413,1500323356,False
2023-10-24,12.06,110.583204,3.111545,20359524289.107,18079278069.294,1689551413,1500323356,False
2023-10-25,12.23,112.142006,3.155406,20646515925.023,18334126930.968,1689551413,1500323356,False
2023-10-26,12.57,115.259609,3.243128,21220499196.855,18843824654.314,1689551413,1500323356,False
2023-10-27,13.49,115.304463,3.426954,22773630402.989,20223006729.252,1689551413,1500323356,False
2023-10-30,14.84,126.843457,3.769903,25052681629.382,22246806513.128,1689551413,1500323356,False
2023-10-31,14.75,126.07419,3.74704,24900744880.956,22111886527.537,1689551413,1500323356,False
2023-11-01,15.05,128.638411,3.823251,25407200709.043,22561619812.842,1689551413,1500323356,False
2023-11-02,14.64,125.133976,3.719096,24715044410.657,21946984322.924,1689551413,1500323356,False
2023-11-03,15.35,131.202632,3.899462,25913656537.13,23011353098.148,1689551413,1500323356,False
2023-11-06,16.02,136.929392,4.069666,27044741219.858,24015757435.331,1689551413,1500323356,False
2023-11-07,15.86,135.561808,4.029021,26774631444.878,23775899683.168,1689551413,1500323356,False
2023-11-08,15.9,135.903704,4.039182,26842158888.623,23835864121.209,1689551413,1500323356,False
2023-11-09,15.35,131.202632,3.899462,25913656537.13,23011353098.148,1689551413,1500323356,False
2023-11-10,15.3,130.775262,3.88676,25829247232.449,22936397550.597,1689551413,1500323356,False
2023-11-13,15.37,131.37358,3.904543,25947420259.003,23041335317.169,1689551413,1500323356,False
2023-11-14,15.38,131.459054,3.907083,25964302119.939,23056326426.679,1689551413,1500323356,False
2023-11-15,15.18,129.749574,3.856276,25626664901.214,22756504236.475,1689551413,1500323356,False
2023-11-16,14.83,126.757983,3.767363,25035799768.446,22231815403.618,1689551413,1500323356,False
2023-11-17,15.53,132.741165,3.945189,26217530033.982,23281193069.332,1689551413,1500323356,False
2023-11-20,17.08,145.989639,4.338945,28834218479.1,25604815043.412,1689551413,1500323356,False
2023-11-21,16.22,138.638872,4.120474,27382378438.583,24315579625.535,1689551413,1500323356,False
2023-11-22,15.72,134.365171,3.993455,26538285391.771,23566024150.025,1689551413,1500323356,False
2023-11-23,15.92,136.074652,4.044263,26875922610.496,23865846340.229,1689551413,1500323356,False
2023-11-24,15.48,132.313794,3.932487,26133120729.301,23206237521.781,1689551413,1500323356,False
2023-11-27,15.49,132.399269,3.935027,26150002590.237,23221228631.291,1689551413,1500323356,False
2023-11-28,15.45,132.057372,3.924866,26082475146.492,23161264193.25,1689551413,1500323356,False
2023-11-29,15.9,135.903704,4.039182,26842158888.623,23835864121.209,1689551413,1500323356,False
2023-11-30,15.68,134.023275,3.983294,26470757948.026,23506059711.985,1689551413,1500323356,False
2023-12-01,15.54,132.826639,3.947729,26234411894.919,23296184178.842,1689551413,1500323356,False
2023-12-04,15.53,132.741165,3.945189,26217530033.982,23281193069.332,1689551413,1500323356,False
2023-12-05,15.05,128.638411,3.823251,25407200709.043,22561619812.842,1689551413,1500323356,False
2023-12-06,15.19,129.835048,3.858816,25643546762.15,22771495345.985,1689551413,1500323356,False
2023-12-07,15.51,132.570217,3.940108,26183766312.11,23251210850.311,1689551413,1500323356,False
2023-12-08,16.02,136.929392,4.069666,27044741219.858,24015757435.331,1689551413,1500323356,False
2023-12-11,16.22,138.638873,4.120474,27382378438.583,24315579625.535,1689551413,1500323356,False
2023-12-12,15.9,135.903704,4.039182,26842158888.623,23835864121.209,1689551413,1500323356,False
2023-12-13,15.64,133.681379,3.973133,26403230504.281,23446095273.944,1689551413,1500323356,False
2023-12-14,15.24,130.262418,3.871518,25727956066.831,22846450893.536,1689551413,1500323356,False
2023-12-15,15.07,128.809359,3.828332,25440964430.915,22591602031.863,1689551413,1500323356,False
2023-12-18,14.8,126.501561,3.759742,24985154185.637,22186842075.088,1689551413,1500323356,False
2023-12-19,14.94,127.698197,3.795307,25221500238.744,22396717608.23,1689551413,1500323356,False
2023-12-20,14.57,124.535658,3.701313,24596871384.103,21842046556.353,1689551413,1500323356,False
2023-12-21,14.6,124.79208,3.708934,24647516966.912,21887019884.884,1689551413,1500323356,False
2023-12-22,14.33,122.484281,3.640345,24191706721.633,21482259928.108,1689551413,1500323356,False
2023-12-25,14.67,125.390398,3.726717,24765689993.466,21991957651.455,1689551413,1500323356,False
2023-12-26,13.95,119.236268,3.543811,23550196006.056,20912597766.721,1689551413,1500323356,False
2023-12-27,14.43,123.339022,3.665748,24360525330.996,21632171023.21,1689551413,1500323356,False
2023-12-28,14.3,122.227859,3.632723,24141061138.825,21437286599.578,1689551413,1500323356,False
2023-12-29,14.73,125.903242,3.741959,24866981159.083,22081904308.516,1689551413,1500323356,False
2024-01-02,14.72,125.817768,3.739419,24850735703.135,22067549603.994,1689594682,1500366625,False
2024-01-03,14.05,120.094084,3.569306,23719622053.604,21063116300.008,1689594682,1500366625,False
2024-01-04,13.98,119.495751,3.551523,23601446000.667,20958175507.054,1689594682,1500366625,False
2024-01-05,13.54,115.734797,3.439744,22858625096.498,20298547665.63,1689594682,1500366625,False
2024-01-08,13.04,111.460986,3.312722,22014510432.668,19548970573.103,1689594682,1500366625,False
2024-01-09,13.06,111.631939,3.317803,22048275019.221,19578953656.804,1689594682,1500366625,False
2024-01-10,12.86,109.922414,3.266994,21710629153.69,19279122819.794,1689594682,1500366625,False
2024-01-11,13.08,111.802891,3.322884,22082039605.775,19608936740.505,1689594682,1500366625,False
2024-01-12,12.9,110.264319,3.277156,21778158326.796,19339088987.196,1689594682,1500366625,False
2024-01-15,12.85,109.836938,3.264454,21693746860.413,19264131277.943,1689594682,1500366625,False
2024-01-16,12.73,108.811223,3.233969,21491159341.094,19084232775.737,1689594682,1500366625,False
2024-01-17,12.27,104.879318,3.117109,20714573850.371,18394621850.612,1689594682,1500366625,False
2024-01-18,12.27,104.879318,3.117109,20714573850.371,18394621850.612,1689594682,1500366625,False
2024-01-19,12.22,104.451936,3.104407,20630162383.988,18319664141.359,1689594682,1500366625,False
2024-01-22,11.46,97.955744,2.911334,19347108094.968,17180306960.718,1689594682,1500366625,False
2024-01-23,11.65,99.579792,2.959602,19667871667.223,17465146255.878,1689594682,1500366625,False
2024-01-24,11.6,99.152411,2.9469,19583460200.84,17390188546.626,1689594682,1500366625,False
2024-01-25,12.24,104.622889,3.109488,20663926970.541,18349647225.06,1689594682,1500366625,False
2024-01-26,11.75,100.434554,2.985007,19836694599.989,17615061674.384,1689594682,1500366625,False
2024-01-29,11.32,96.759077,2.875768,19110755989.096,16970425374.811,1689594682,1500366625,False
2024-01-30,10.88,92.998123,2.763989,18367935084.926,16310797533.387,1689594682,1500366625,False
2024-01-31,10.33,88.296932,2.624265,17439408954.713,15486262731.607,1689594682,1500366625,False
2024-02-01,10.33,88.296932,2.624265,17439408954.713,15486262731.607,1689594682,1500366625,False
2024-02-02,9.69,82.826454,2.461678,16358942185.012,14526804053.173,1689594682,1500366625,False
2024-02-05,8.72,74.535261,2.215256,14721359737.183,13072624493.67,1689594682,1500366625,False
2024-02-06,9.53,81.458834,2.421031,16088825492.587,14286939383.564,1689594682,1500366625,False
2024-02-07,10.12,86.501931,2.570916,17084880795.905,15171440352.746,1689594682,1500366625,False
2024-02-08,11.13,95.135029,2.8275,18789992416.84,16685586079.65,1689594682,1500366625,False
2024-02-19,11.54,98.639554,2.931658,19482166441.18,17300239295.522,1689594682,1500366625,False
2024-02-20,11.27,96.331696,2.863066,19026344522.713,16895467665.558,1689594682,1500366625,False
2024-02-21,11.26,96.24622,2.860525,19009462229.436,16880476123.707,1689594682,1500366625,False
2024-02-22,12.02,102.742412,3.053598,20292516518.457,18019833304.348,1689594682,1500366625,False
2024-02-23,12.02,102.742412,3.053598,20292516518.457,18019833304.348,1689594682,1500366625,False
2024-02-26,12.5,106.84527,3.175539,21102866595.733,18739427313.174,1689594682,1500366625,False
2024-02-27,13.3,113.683368,3.378773,22453473792.464,19939382379.116,1689596468,1500414161,False
2024-02-28,12.41,106.076097,3.152678,20950948102.593,18605092881.566,1689596468,1500414161,False
2024-02-29,13.05,111.54658,3.315266,22031416014.41,19564581958.456,1689596468,1500414161,False
2024-03-01,13.47,115.136585,3.421964,22740473081.541,20194246665.165,1689596468,1500414161,False
2024-03-04,13.9,118.812066,3.531203,23466412459.793,20838903388.7,1689596468,1500414161,False
2024-03-05,13.76,117.615398,3.495637,23230060104.083,20629015153.13,1689596468,1500414161,False
2024-03-06,13.49,115.307538,3.427045,22774237703.785,20224230698.818,1689596468,1500414161,False
2024-03-07,13.46,115.051109,3.419424,22723590770.419,20179254648.338,1689596468,1500414161,False
2024-03-08,14.35,122.6585,3.645523,24226116460.29,21513544145.888,1689596468,1500414161,False
2024-03-11,14.27,121.97469,3.625199,24091057971.313,21393608011.277,1689596468,1500414161,False
2024-03-12,14.0,119.666829,3.556607,23635235571.015,20988823556.964,1689596468,1500414161,False
2024-03-13,14.1,120.521593,3.582012,23804058682.236,21138743725.228,1689596468,1500414161,False
2024-03-14,13.73,117.358969,3.488016,23179413170.717,20584039102.651,1689596468,1500414161,False
2024-03-15,13.91,118.897543,3.533743,23483294770.916,20853895405.526,1689596468,1500414161,False
2024-03-18,14.06,120.179687,3.57185,23736529437.748,21078775657.923,1689596468,1500414161,False
2024-03-19,13.88,118.641114,3.526122,23432647837.549,20808919355.047,1689596468,1500414161,False
2024-03-20,13.87,118.555637,3.523582,23415765526.427,20793927338.221,1689596468,1500414161,False
2024-03-21,13.84,118.299209,3.51596,23365118593.06,20748951287.742,1689596468,1500414161,False
2024-03-22,13.58,116.076825,3.449909,22926178503.885,20359158850.255,1689596468,1500414161,False
2024-03-25,13.01,111.204675,3.305104,21963886769.922,19504613891.15,1689596468,1500414161,False
2024-03-26,12.72,108.725862,3.231432,21474299747.379,19069845403.185,1689596468,1500414161,False
2024-03-27,11.53,98.554182,2.92912,19465304723.843,17285795400.843,1689596468,1500414161,False
2024-03-28,12.07,103.169902,3.066304,20376949524.439,18095364309.468,1689596468,1500414161,False
2024-03-29,12.28,104.964905,3.119653,20731478058.005,18410196662.823,1689596468,1500414161,False
2024-04-01,12.4,105.99062,3.150138,20934065791.47,18590100864.74,1689596468,1500414161,False
2024-04-02,12.07,103.169902,3.066304,20376949524.439,18095364309.468,1689596468,1500414161,False
2024-04-03,11.9,101.716805,3.023116,20089950235.363,17840500023.419,1689596468,1500414161,False
2024-04-08,11.52,98.468705,2.92658,19448422412.721,17270803384.016,1689596468,1500414161,False
2024-04-09,11.72,100.178232,2.977388,19786068635.164,17570643720.544,1689596468,1500414161,False
2024-04-10,11.31,96.673703,2.873231,19093893879.156,16955971030.662,1689596468,1500414161,False
2024-04-11,11.16,95.391558,2.835124,18840659212.323,16731090778.266,1689596468,1500414161,False
2024-04-12,11.22,95.904416,2.850367,18941953079.056,16821042879.224,1689596468,1500414161,False
2024-04-15,10.96,93.682032,2.784315,18503012989.88,16431250441.738,1689596468,1500414161,False
2024-04-16,10.57,90.348456,2.685239,17844602856.116,15846561785.508,1689596468,1500414161,False
2024-04-17,11.08,94.707748,2.814801,18705600723.346,16611154643.654,1689596468,1500414161,False
2024-04-18,11.01,94.109414,2.797018,18587424545.491,16506210525.87,1689596468,1500414161,False
2024-04-19,10.67,91.203219,2.710643,18013425967.338,15996481953.772,1689596468,1500414161,False
2024-04-22,10.63,90.861314,2.700481,17945896722.849,15936513886.466,1689596468,1500414161,False
2024-04-23,10.72,91.630601,2.723345,18097837522.949,16071442037.904,1689596468,1500414161,False
2024-04-24,11.38,97.272037,2.891014,19212070057.011,17060915148.447,1689596468,1500414161,False
2024-04-25,11.45,84.653093,3.708577,19330246234.866,17165859266.231,1689596468,1500414161,False
2024-04-26,11.92,88.127936,3.860807,20123714857.607,17870484057.072,1689596468,1500414161,False
2024-04-29,12.09,89.384794,3.915869,20410714146.684,18125348343.121,1689596468,1500414161,False
2024-04-30,11.88,87.832204,3.847851,20056185613.118,17810515989.767,1689596468,1500414161,False
2024-05-06,11.94,88.275801,3.867285,20157479479.851,17900468090.725,1689596468,1500414161,False
2024-05-07,11.92,88.127936,3.860807,20123714857.607,17870484057.072,1689596468,1500414161,False
2024-05-08,11.77,87.018943,3.812223,19870480190.775,17645603804.676,1689596468,1500414161,False
2024-05-09,11.99,88.645466,3.883479,20241891035.462,17975428174.857,1689596468,1500414161,False
2024-05-10,11.57,85.540287,3.747444,19532833968.332,17345763468.148,1689596468,1500414161,False
2024-05-13,11.27,83.322302,3.650276,19026364634.667,16896002963.356,1689596468,1500414161,False
2024-05-14,11.38,84.135563,3.685904,19212070057.011,17060915148.447,1689596468,1500414161,False
2024-05-15,11.39,84.209496,3.689143,19228952368.133,17075907165.273,1689596468,1500414161,False
2024-05-16,11.45,84.653093,3.708577,19330246234.866,17165859266.231,1689596468,1500414161,False
2024-05-17,11.59,85.688152,3.753922,19566598590.576,17375747501.801,1689596468,1500414161,False
2024-05-20,11.57,85.540287,3.747444,19532833968.332,17345763468.148,1689596468,1500414161,False
2024-05-21,11.6,85.762085,3.757161,19583480901.698,17390739518.627,1689596468,1500414161,False
2024-05-22,11.63,85.983884,3.766878,19634128694.989,17435716429.031,1689596542,1500414235,False
2024-05-23,11.44,84.57916,3.705338,19313364769.62,17150868095.281,1689596542,1500414235,False
2024-05-24,11.51,85.096693,3.728011,19431540952.65,17255812218.241,1689596542,1500414235,False
2024-05-27,11.62,85.909955,3.763639,19617246383.128,17420724411.465,1689596542,1500414235,False
2024-05-28,11.48,84.874895,3.718294,19380894017.066,17210836165.544,1689596542,1500414235,False
2024-05-29,11.5,85.022761,3.724772,19414658640.789,17240820200.676,1689596542,1500414235,False
2024-05-30,11.6,85.762089,3.757161,19583481759.404,17390740376.334,1689596542,1500414235,False
2024-05-31,11.89,87.906141,3.85109,20073068803.39,17825508885.742,1689596542,1500414235,False
2024-06-03,11.91,88.054007,3.857568,20106833427.113,17855492920.874,1689596542,1500414235,False
2024-06-04,11.67,86.279619,3.779834,19701657942.435,17495684499.294,1689596542,1500414235,False
2024-06-05,11.49,84.948828,3.721533,19397776328.927,17225828183.11,1689596542,1500414235,False
2024-06-06,11.54,85.318492,3.737727,19482187888.235,17300788270.939,1689596542,1500414235,False
2024-06-07,11.3,83.544104,3.659993,19077012403.558,16940979849.36,1689596542,1500414235,False
2024-06-11,11.68,86.353552,3.783073,19718540254.297,17510676516.86,1689596542,1500414235,False
2024-06-12,11.52,85.170626,3.73125,19448423264.512,17270804235.807,1689596542,1500414235,False
2024-06-13,11.19,82.730843,3.624365,18891306973.081,16776067656.136,1689596542,1500414235,False
2024-06-14,11.47,84.800962,3.715055,19364011705.204,17195844147.978,1689596542,1500414235,False
2024-06-17,11.39,84.209499,3.689144,19228953210.312,17075908007.452,1689596542,1500414235,False
2024-06-18,11.4,84.283432,3.692382,19245835522.173,17090900025.018,1689596542,1500414235,False
2024-06-19,10.93,80.808589,3.540153,18452366864.68,16386275199.425,1689596542,1500414235,False
2024-06-20,10.52,77.777343,3.407356,17760192078.356,15771602479.227,1689596542,1500414235,False
2024-06-21,10.68,78.960268,3.459179,18030309068.141,16011474760.28,1689596542,1500414235,False
2024-06-24,10.18,75.263626,3.297233,17186193475.064,15261873881.989,1689596542,1500414235,False
2024-06-25,9.79,72.380246,3.170914,16527783312.463,14677185196.923,1689596542,1500414235,False
2024-06-26,10.13,74.893962,3.281038,17101781915.756,15186913794.16,1689596542,1500414235,False
2024-06-27,9.93,73.415305,3.216259,16764135678.525,14887073442.844,1689596542,1500414235,False
2024-06-28,10.32,76.298686,3.342578,17422545841.125,15471762127.911,1689596542,1500414235,False
2024-07-01,10.1,74.672164,3.271321,17051134980.171,15141917557.787,1689596542,1500412235,False
2024-07-02,9.95,73.563171,3.222737,16797900302.248,14917037594.057,1689596542,1500412235,False
2024-07-03,9.9,73.193507,3.206543,16713488742.94,14842077606.147,1689596542,1500412235,False
2024-07-04,9.67,71.493052,3.132047,16325195570.124,14497261661.762,1689596542,1500412235,False
2024-07-05,9.6,70.975522,3.109375,16207019387.093,14392317678.688,1689596542,1500412235,False
2024-07-08,9.35,69.127201,3.028401,15784961590.554,14017517739.139,1689596542,1500412235,False
2024-07-09,9.72,71.862716,3.148242,16409607129.432,14572221649.672,1689596542,1500412235,False
2024-07-10,10.02,74.080701,3.24541,16916076485.279,15021981577.131,1689596542,1500412235,False
2024-07-11,10.34,76.446552,3.349056,17456310464.848,15501725499.754,1689596542,1500412235,False
2024-07-12,10.09,74.598231,3.268082,17034252668.31,15126925560.205,1689596542,1500412235,False
2024-07-15,9.7,71.71485,3.141764,16375842505.709,14542237654.508,1689596542,1500412235,False
2024-07-16,10.03,74.154634,3.248649,16932958797.14,15036973574.713,1689596542,1500412235,False
2024-07-17,9.66,71.419119,3.128808,16308313258.263,14482269664.18,1689596542,1500412235,False
2024-07-18,9.28,68.609671,3.005729,15666785407.524,13912573756.065,1689596542,1500412235,False
2024-07-19,9.4,69.496865,3.044596,15869373149.862,14092477727.049,1689596542,1500412235,False
2024-07-22,9.66,71.419119,3.128808,16308313258.263,14482269664.18,1689596542,1500412235,False
2024-07-23,9.24,68.31394,2.992773,15599256160.077,13852605765.737,1689596542,1500412235,False
2024-07-24,9.04,66.835283,2.927994,15261609922.846,13552765814.098,1689596542,1500412235,False
2024-07-25,8.91,65.874156,2.885888,15042139868.646,13357869845.532,1689596542,1500412235,False
2024-07-26,9.12,67.426746,2.953906,15396668417.739,13672701794.754,1689596542,1500412235,False
2024-07-29,9.02,66.687417,2.921517,15227845299.123,13522781818.934,1689596542,1500412235,False
2024-07-30,9.07,67.057082,2.937711,15312256858.431,13597741806.844,1689596542,1500412235,False
2024-07-31,9.55,70.605858,3.09318,16122607827.786,14317357690.778,1689596542,1500412235,False
2024-08-01,9.6,70.975522,3.109375,16207019387.093,14392317678.688,1689596542,1500412235,False
2024-08-02,9.26,68.461805,2.999251,15633020783.8,13882589760.901,1689596542,1500412235,False
2024-08-05,8.84,65.356626,2.863216,14923963685.615,13252925862.459,1689596542,1500412235,False
2024-08-06,8.93,66.022022,2.892366,15075904492.369,13387853840.696,1689596542,1500412235,False
2024-08-07,8.88,65.652358,2.876172,14991492933.061,13312893852.787,1689596542,1500412235,False
2024-08-08,8.8,65.060895,2.85026,14856434438.169,13192957872.131,1689596542,1500412235,False
2024-08-09,8.77,64.839096,2.840543,14805787502.584,13147981879.385,1689596542,1500412235,False
2024-08-12,8.69,64.247634,2.814632,14670729007.692,13028045898.729,1689596542,1500412235,False
2024-08-13,8.82,65.208761,2.856738,14890199061.892,13222941867.295,1689596542,1500412235,False
2024-08-14,8.73,64.543365,2.827588,14738258255.138,13088013889.057,1689596542,1500412235,False
2024-08-15,8.88,65.652358,2.876172,14991492933.061,13312893852.787,1689596542,1500412235,False
2024-08-16,9.58,70.827656,3.102897,16173254763.37,14362333683.524,1689596542,1500412235,False
2024-08-19,9.61,71.049455,3.112614,16223901698.955,14407309676.27,1689596542,1500412235,False
2024-08-20,9.24,68.31394,2.992773,15599256160.077,13852605765.737,1689596542,1500412235,False
2024-08-21,9.21,68.092141,2.983056,15548609224.493,13807629772.991,1689596542,1500412235,False
2024-08-22,8.89,65.726291,2.879411,15008375244.923,13327885850.369,1689596542,1500412235,False
2024-08-23,9.16,67.722477,2.966862,15464197665.185,13732669785.082,1689596542,1500412235,False
2024-08-26,9.1,67.27888,2.947428,15362903794.016,13642717799.59,1689596542,1500412235,False
2024-08-27,8.85,65.430559,2.866455,14940845997.477,13267917860.041,1689596542,1500412235,False
2024-08-28,8.7,69.123585,2.844715,14687611319.553,13043037896.311,1689596542,1500412235,False
2024-08-29,9.0,71.507157,2.942809,15194080675.4,13492797823.77,1689596542,1500412235,False
2024-08-30,9.29,73.811277,3.037632,15683667719.385,13927565753.647,1689596542,1500412235,False
2024-09-02,8.96,71.189348,2.929729,15126551427.954,13432829833.442,1689596542,1500412235,False
2024-09-03,9.05,71.904419,2.959158,15278492234.708,13567757811.68,1689596542,1500412235,False
2024-09-04,8.94,71.030443,2.92319,15092786804.231,13402845838.278,1689596542,1500412235,False
2024-09-05,9.16,72.778396,2.995125,15464197665.185,13732669785.082,1689596542,1500412235,False
2024-09-06,8.91,70.792086,2.913381,15042139868.646,13357869845.532,1689596542,1500412235,False
2024-09-09,8.64,68.646871,2.825096,14586317448.384,12953085910.819,1689596542,1500412235,False
2024-09-10,8.72,69.28249,2.851255,14721375943.276,13073021891.475,1689596542,1500412235,False
2024-09-11,8.56,68.011252,2.798938,14451258953.492,12833149930.164,1689596542,1500412235,False
2024-09-12,8.39,66.660561,2.743352,14164259651.845,12578285971.27,1689596542,1500412235,False
2024-09-13,8.27,65.707132,2.704114,13961671909.506,12398382000.287,1689596542,1500412235,False
2024-09-18,8.18,64.992061,2.674686,13809731102.752,12263454022.049,1689596542,1500412235,False
2024-09-19,8.34,66.263299,2.727003,14079848092.537,12503325983.36,1689596542,1500412235,False
2024-09-20,8.14,64.674251,2.661607,13742201855.306,12203486031.721,1689596542,1500412235,False
2024-09-23,8.18,64.992061,2.674686,13809731102.752,12263454022.049,1689596542,1500412235,False
2024-09-24,8.55,67.931799,2.795668,14434376641.63,12818157932.582,1689596542,1500412235,False
2024-09-25,8.65,68.726323,2.828366,14603199760.246,12968077908.401,1689596542,1500412235,False
2024-09-26,9.15,72.698943,2.991855,15447315353.323,13717677787.5,1689596542,1500412235,False
2024-09-27,9.69,76.989373,3.168424,16358960193.847,14527245656.926,1689596542,1500412235,False
2024-09-30,10.65,84.616803,3.482324,17979672465.35,15966487757.588,1689597513,1500413206,False
2024-10-08,11.72,93.118209,3.832191,19786080872.667,17570632536.989,1689597513,1500413206,False
2024-10-09,10.8,85.808638,3.531372,18232907288.806,16191367866.85,1689597513,1500413206,False
2024-10-10,10.53,83.663422,3.443088,17777084606.586,15786583670.179,1689597513,1500413206,False
2024-10-11,9.89,78.578466,3.233822,16696616026.508,14827095203.995,1689597513,1500413206,False
2024-10-14,10.28,81.677111,3.361343,17355026567.493,15411783488.076,1689597513,1500413206,False
2024-10-15,9.98,79.293538,3.26325,16848556920.582,14962023269.552,1689597513,1500413206,False
2024-10-16,9.76,77.545584,3.191314,16477145846.18,14632199109.301,1689597513,1500413206,False
2024-10-17,10.05,79.849705,3.286138,16966733171.527,15066967320.541,1689597513,1500413206,False
2024-10-18,10.59,84.140137,3.462707,17878378535.968,15876535713.883,1689597513,1500413206,False
2024-10-21,10.79,85.729186,3.528103,18216024967.242,16176375859.566,1689597513,1500413206,False
2024-10-22,10.68,84.855209,3.492135,18030319430.041,16011463779.44,1689597513,1500413206,False
2024-10-23,10.43,82.868898,3.41039,17608261390.948,15636663597.337,1689597513,1500413206,False
2024-10-24,10.32,81.994921,3.374423,17422555853.748,15471751517.212,1689597513,1500413206,False
2024-10-25,10.65,84.616851,3.482326,17979672465.35,15966487757.588,1689597513,1500413206,False
2024-10-28,10.44,-1626.088625,3.481472,17625143712.512,15651655604.622,1689597513,1500413206,False
2024-10-29,10.84,-1688.390871,3.614862,18300436575.06,16251335895.986,1689597513,1500413206,False
2024-10-30,11.19,-1742.905337,3.731578,18891317829.79,16776056150.931,1689597513,1500413206,False
2024-10-31,11.22,-1747.578005,3.741582,18941964794.481,16821032172.783,1689597513,1500413206,False
2024-11-01,10.29,-1602.725283,3.431451,17371908889.056,15426775495.36,1689597513,1500413206,False
2024-11-04,10.48,-1632.31885,3.494811,17692672998.767,15711623633.758,1689597513,1500413206,False
2024-11-05,11.53,-1795.862246,3.844959,19465316762.956,17285784398.591,1689597513,1500413206,False
2024-11-06,12.01,-1870.624941,4.005027,20275668198.014,18005400748.228,1689597513,1500413206,False
2024-11-07,12.49,-1945.387637,4.165094,21086019633.072,18725017097.866,1689597513,1500413206,False
2024-11-08,12.45,-1939.157412,4.151755,21018490346.818,18665049068.73,1689597513,1500413206,False
2024-11-11,12.99,-2023.265444,4.331831,21930135711.258,19474617462.072,1689597513,1500413206,False
2024-11-12,14.29,-2225.747744,4.765348,24124837514.54,21423578409.008,1689597513,1500413206,False
2024-11-13,14.1,-2196.154177,4.701988,23804073404.83,21138730270.61,1689597513,1500413206,False
2024-11-14,12.75,-1985.884097,4.251798,21524959993.729,19114809287.253,1689597513,1500413206,False
2024-11-15,12.26,-1909.563845,4.088395,20697726237.107,18380200930.331,1689597513,1500413206,False
2024-11-18,11.71,-1823.898257,3.904984,19769198551.103,17555640529.705,1689597513,1500413206,False
2024-11-19,12.23,-1904.891177,4.078391,20647079272.416,18335224908.479,1689597513,1500413206,False
2024-11-20,12.4,-1931.369631,4.135082,20934078738.999,18590089032.309,1689597513,1500413206,False
2024-11-21,12.32,-1918.909182,4.108404,20799020166.489,18470152974.036,1689597513,1500413206,False
2024-11-22,12.1,-1884.642947,4.035039,20427609092.088,18140328813.786,1689597513,1500413206,False
2024-11-25,11.63,-1811.437807,3.878306,19634139978.593,17435704471.432,1689597513,1500413206,False
2024-11-26,11.5,-1791.189577,3.834955,19414669798.265,17240808376.738,1689597513,1500413206,False
2024-11-27,11.81,-1839.473818,3.938332,19938021766.74,17705560602.546,1689597513,1500413206,False
2024-11-28,11.7,-1822.3407,3.901649,19752316229.539,17540648522.421,1689597513,1500413206,False
2024-11-29,11.86,-1847.261599,3.955005,20022433374.559,17780520638.967,1689597513,1500413206,False
2024-12-02,12.01,-1870.624941,4.005027,20275668198.014,18005400748.228,1689597513,1500413206,False
2024-12-03,11.93,-1858.164492,3.978349,20140609625.505,17885464689.955,1689597513,1500413206,False
2024-12-04,11.6,-1806.765139,3.868302,19583493013.902,17390728449.579,1689597513,1500413206,False
2024-12-05,11.76,-1831.686037,3.921658,19853610158.922,17630600566.125,1689597513,1500413206,False
2024-12-06,11.75,-1830.128481,3.918323,19836727837.358,17615608558.841,1689597513,1500413206,False
2024-12-09,11.51,-1792.747133,3.838289,19431552119.829,17255800384.022,1689597513,1500413206,False
2024-12-10,11.49,-1789.632021,3.83162,19397787476.702,17225816369.454,1689597513,1500413206,False
2024-12-11,11.86,-1847.261599,3.955005,20022433374.559,17780520638.967,1689597513,1500413206,False
2024-12-12,11.77,-1833.243593,3.924993,19870492480.485,17645592573.41,1689597513,1500413206,False
2024-12-13,11.45,-1783.401797,3.818281,19330258190.447,17165848340.318,1689597513,1500413206,False
2024-12-16,11.92,-1856.606936,3.975014,20123727303.941,17870472682.671,1689597513,1500413206,False
2024-12-17,11.52,-1794.30469,3.841624,19448434441.393,17270792391.307,1689597513,1500413206,False
2024-12-18,11.66,-1816.110476,3.888311,19684786943.285,17480680493.284,1689597513,1500413206,False
2024-12-19,11.87,-1848.819155,3.95834,20039315696.123,17795512646.251,1689597513,1500413206,False
2024-12-20,12.05,-1876.855166,4.018366,20343197484.269,18065368777.365,1689597513,1500413206,False
2024-12-23,11.42,-1778.729128,3.808277,19279611225.756,17120872318.465,1689597513,1500413206,False
2024-12-24,11.29,-1758.480898,3.764925,19060141045.427,16925976223.772,1689597513,1500413206,False
2024-12-25,11.31,-1761.59601,3.771595,19093905688.555,16955960238.34,1689597513,1500413206,False
2024-12-26,11.86,-1847.261599,3.955005,20022433374.559,17780520638.967,1689597513,1500413206,False
2024-12-27,12.04,-1875.29761,4.015031,20326315162.706,18050376770.081,1689597513,1500413206,False
2024-12-30,11.95,-1861.279604,3.985018,20174374268.632,17915448704.524,1689597513,1500413206,False
2024-12-31,11.11,-1730.444887,3.7049,18756276641.481,16656226285.035,1689599079,1500422772,False
2025-01-02,10.61,-1652.568611,3.538166,17912159780.928,15906621141.694,1689599079,1500422772,False
2025-01-03,10.04,-1563.787828,3.348085,16949866559.898,15052071278.285,1689599079,1500422772,False
2025-01-06,9.9,-1541.982022,3.301399,16713513838.944,14842181838.15,1689599079,1500422772,False
2025-01-07,10.38,-1616.744787,3.461467,17523866025.074,15561802775.757,1689599079,1500422772,False
2025-01-08,10.31,-1605.841883,3.438123,17405689664.597,15456858055.689,1689599079,1500422772,False
2025-01-09,10.73,-1671.259302,3.578183,18114747827.461,16086526376.096,1689599079,1500422772,False
2025-01-10,10.18,-1585.593635,3.394772,17186219280.853,15261960718.421,1689599079,1500422772,False
2025-01-13,10.25,-1596.496538,3.418115,17304395641.331,15366905438.488,1689599079,1500422772,False
2025-01-14,10.79,-1680.604648,3.598191,18216041850.727,16176478993.296,1689599079,1500422772,False
2025-01-15,10.59,-1649.453496,3.531496,17878395106.506,15876636935.96,1689599079,1500422772,False
2025-01-16,10.77,-1677.489533,3.591522,18182277176.305,16146494787.563,1689599079,1500422772,False
2025-01-17,10.92,-1700.852897,3.641543,18435512234.471,16371376330.565,1689599079,1500422772,False
2025-01-20,10.99,-1711.7558,3.664886,18553688594.949,16476321050.633,1689599079,1500422772,False
2025-01-21,11.05,-1721.101146,3.684895,18654982618.215,16566273667.834,1689599079,1500422772,False
2025-01-22,11.26,-1753.809855,3.754924,19009511699.647,16881107828.037,1689599079,1500422772,False
2025-01-23,10.99,-1711.7558,3.664886,18553688594.949,16476321050.633,1689599079,1500422772,False
2025-01-24,11.1,-1728.888934,3.701568,18739394304.27,16641234182.168,1689599079,1500422772,False
2025-01-27,10.73,-1671.259302,3.578183,18114747827.461,16086526376.096,1689599079,1500422772,False
2025-02-05,11.19,-1742.906952,3.731581,18891335339.17,16776163107.969,1689599079,1500422772,False
2025-02-06,11.44,-1781.845892,3.81495,19313393769.446,17150965679.64,1689599079,1500422772,False
2025-02-07,11.6,-1806.766813,3.868306,19583511164.823,17390839325.509,1689599079,1500422772,False
2025-02-10,11.97,-1864.396445,3.991691,20208157641.632,17945547131.581,1689599079,1500422772,False
2025-02-11,11.7,-1822.342389,3.901653,19752334536.933,17540760354.177,1689599079,1500422772,False
2025-02-12,11.77,-1833.245293,3.924996,19870510897.411,17645705074.245,1689599079,1500422772,False
2025-02-13,11.46,-1784.961007,3.821619,19347158443.868,17180949885.373,1689599079,1500422772,False
2025-02-14,12.61,-1964.080131,4.205115,21288627223.139,18905041715.057,1689599079,1500422772,False
2025-02-17,12.81,-1995.231283,4.27181,21626273967.36,19204883772.394,1689599079,1500422772,False
2025-02-18,12.83,-1998.346398,4.278479,21660038641.782,19234867978.127,1689599079,1500422772,False
2025-02-19,13.3,-2071.551605,4.435213,22453508490.702,19939496812.868,1689599079,1500422772,False
2025-02-20,13.13,-2045.073126,4.378522,22166508758.114,19684631064.132,1689599079,1500422772,False
2025-02-21,14.21,-2213.289346,4.738674,23989801176.908,21303778173.748,1689599079,1500422772,False
2025-02-24,13.84,-2155.659715,4.615289,23365154700.099,20749070367.676,1689599079,1500422772,False
2025-02-25,13.34,-2077.781835,4.448551,22521037839.546,19999465224.335,1689599079,1500422772,False
2025-02-26,13.27,-2066.878932,4.425208,22402861479.069,19894520504.267,1689599079,1500422772,False
2025-02-27,12.9,-2009.249301,4.301823,21778215002.26,19339812698.195,1689599079,1500422772,False
2025-02-28,12.35,-1923.583633,4.118412,20849686455.652,18515247040.52,1689599079,1500422772,False
2025-03-03,12.24,-1906.4505,4.081729,20663980746.33,18350333908.985,1689599079,1500422772,False
2025-03-04,12.43,-1936.044094,4.14509,20984745153.34,18635183863.455,1689599079,1500422772,False
2025-03-05,13.67,-2129.181236,4.558598,23078154967.511,20494204618.94,1689599079,1500422772,False
2025-03-06,13.68,-2130.738794,4.561933,23095037304.722,20509196721.807,1689599079,1500422772,False
2025-03-07,13.39,-2085.569623,4.465225,22605449525.602,20074425738.669,1689599079,1500422772,False
2025-03-10,13.39,-2085.569623,4.465225,22605449525.602,20074425738.669,1689599079,1500422772,False
2025-03-11,13.67,-2129.181236,4.558598,23078154967.511,20494204618.94,1689599079,1500422772,False
2025-03-12,13.96,-2174.350407,4.655306,23567742746.632,20928975602.078,1689599079,1500422772,False
2025-03-13,14.08,-2193.041098,4.695323,23770330793.164,21108880836.479,1689599079,1500422772,False
2025-03-14,13.85,-2157.217273,4.618624,23382037037.31,20764062470.543,1689599079,1500422772,False
2025-03-17,14.05,-2188.368425,4.685318,23719683781.531,21063904527.879,1689599079,1500422772,False
2025-03-18,14.3,-2227.307365,4.768687,24141742211.807,21438707099.549,1689599079,1500422772,False
2025-03-19,13.55,-2110.490545,4.518581,22875566920.978,20314299384.538,1689599079,1500422772,False
2025-03-20,13.17,-2051.303356,4.391861,22234038106.958,19744599475.599,1689599079,1500422772,False
2025-03-21,13.04,-2031.055108,4.348509,22014567723.215,19549702138.33,1689599079,1500422772,False
2025-03-24,12.86,-2003.019071,4.288484,21710685653.416,19279844286.728,1689599079,1500422772,False
2025-03-25,12.44,-1937.601652,4.148424,21001627490.551,18650175966.321,1689599079,1500422772,False
2025-03-26,12.57,-1957.8499,4.191776,21221097874.295,18845073303.59,1689599079,1500422772,False
2025-03-27,12.74,-1984.32838,4.248467,21508097606.883,19099939052.326,1689599079,1500422772,False
2025-03-28,12.32,-1918.91096,4.108407,20799039444.019,18470270731.92,1689599079,1500422772,False
2025-03-31,12.23,-1904.892942,4.078395,20647101219.746,18335344616.745,1689599309,1500423002,False
2025-04-01,12.31,-1917.353403,4.105073,20782159935.82,18455281458.065,1689599309,1500423002,False
2025-04-02,12.27,-1911.123173,4.091734,20714630577.783,18395313037.405,1689599309,1500423002,False
2025-04-03,11.93,-1858.166214,3.978352,20140631034.47,17885581461.796,1689599309,1500423002,False
2025-04-07,10.74,-1672.81686,3.581517,18131632632.876,16101520947.166,1689599309,1500423002,False
2025-04-08,10.13,-1577.805847,3.378098,17101809922.815,15187002532.104,1689599309,1500423002,False
2025-04-09,10.53,-1640.10815,3.511488,17777103503.183,15786686738.702,1689599309,1500423002,False
2025-04-10,10.54,-1641.665708,3.514823,17793985842.692,15801678843.867,1689599309,1500423002,False
2025-04-11,10.85,-1689.950224,3.6182,18317338367.477,16266434103.981,1689599309,1500423002,False
2025-04-14,11.29,-1758.482767,3.764929,19060161305.882,16926086731.239,1689599309,1500423002,False
2025-04-15,10.96,-1707.08336,3.654882,18503044102.078,16431347260.795,1689599309,1500423002,False
2025-04-16,10.98,-1710.198475,3.661552,18536808781.097,16461331471.125,1689599309,1500423002,False
2025-04-17,10.96,-1707.08336,3.654882,18503044102.078,16431347260.795,1689599309,1500423002,False
2025-04-18,10.9,-1697.738013,3.634874,18401750065.023,16341394629.806,1689599309,1500423002,False
2025-04-21,10.95,-1705.525802,3.651548,18486161762.569,16416355155.63,1689599309,1500423002,False
2025-04-22,11.16,-1738.234516,3.721577,18840690892.262,16731189364.094,1689599309,1500423002,False
2025-04-23,11.14,-1735.1194,3.714908,18806926213.244,16701205153.765,1689599309,1500423002,False
2025-04-24,10.72,-1669.701972,3.574848,18097871949.186,16071540732.165,1689599682,1500423375,False
2025-04-25,11.37,-89.879031,3.847424,19195224259.538,17046027810.141,1689599682,1500423375,False
2025-04-28,11.4,-90.116179,3.857575,19245871289.247,17091004136.817,1689599682,1500423375,False
2025-04-29,11.38,-89.95808,3.850807,19212106602.774,17061019919.033,1689599682,1500423375,False
2025-04-30,12.52,-98.969698,4.236565,21136693731.699,18770120332.715,1689599682,1500423375,False
2025-05-06,12.92,-102.131669,4.371918,21811987461.146,19369804688.393,1689599682,1500423375,False
2025-05-07,13.06,-103.238359,4.419292,22048340266.453,19579694212.88,1689599682,1500423375,False
2025-05-08,12.91,-102.05262,4.368535,21795105117.91,19354812579.501,1689599682,1500423375,False
2025-05-09,12.69,-100.313536,4.29409,21423693566.714,19024986183.878,1689599682,1500423375,False
2025-05-12,12.75,-100.787832,4.314393,21524987626.131,19114938837.23,1689599682,1500423375,False
2025-05-13,12.61,-99.681142,4.267019,21288634820.825,18905049312.743,1689599682,1500423375,False
2025-05-14,12.72,-100.550684,4.304242,21474340596.423,19069962510.554,1689599682,1500423375,False
2025-05-15,12.11,-95.728678,4.097828,20444517659.016,18155443868.145,1689599682,1500423375,False
2025-05-16,12.27,-96.993466,4.151969,20714635150.795,18395317610.417,1689599682,1500423375,False
2025-05-19,12.33,-97.467762,4.172272,20815942996.332,18485284049.889,1689600801,1500424494,False
2025-05-20,12.23,-96.677269,4.138434,20647119452.161,18335362849.16,1689600801,1500424494,False
2025-05-21,12.21,-96.519235,4.131669,20613354743.326,18305378609.014,1689600801,1500424494,False
2025-05-22,12.01,-94.938248,4.063992,20275707654.984,18005536207.556,1689600801,1500424494,False
2025-05-23,11.8,-93.278212,3.992931,19921178212.224,17690701686.025,1689600801,1500424494,False
2025-05-26,11.9,-94.068705,4.02677,20090001756.395,17840622886.754,1689600801,1500424494,False
2025-05-27,11.7,-92.487719,3.959093,19752354668.052,17540780485.296,1689600801,1500424494,False
2025-05-28,11.58,-91.539127,3.918487,19549766415.047,17360875044.421,1689600801,1500424494,False
2025-05-29,11.85,-93.673459,4.00985,20005589984.309,17765662286.389,1689600801,1500424494,False
2025-05-30,11.5,-90.906732,3.891416,19414707579.71,17240938083.838,1689600801,1500424494,False
2025-06-03,11.39,-90.037189,3.854194,19229001681.121,17076024763.036,1689600801,1500424494,False
2025-06-04,11.51,-90.985781,3.8948,19431589934.127,17255930203.911,1689600801,1500424494,False
2025-06-05,11.93,-94.305853,4.036921,20140648819.647,17885599246.973,1689600801,1500424494,False
2025-06-06,12.03,-95.096347,4.07076,20309472363.818,18035520447.702,1689600801,1500424494,False
2025-06-09,12.02,-95.017297,4.067376,20292590009.401,18020528327.629,1689600801,1500424494,False
2025-06-10,11.76,-92.962015,3.979396,19853648794.555,17630733205.733,1689600801,1500424494,False
2025-06-11,11.73,-92.724867,3.969244,19803001731.304,17585756845.515,1689600801,1500424494,False
2025-06-12,11.7,-92.487719,3.959093,19752354668.052,17540780485.296,1689600801,1500424494,False
2025-06-13,11.26,-89.009548,3.810204,19009531073.698,16881127202.088,1689600801,1500424494,False
2025-06-16,11.67,-92.250571,3.948941,19701707604.801,17495804125.077,1689600801,1500424494,False
2025-06-17,11.57,-91.460077,3.915103,19532884060.63,17345882924.348,1689600801,1500424494,False
2025-06-18,11.87,-93.831557,4.016618,20039354693.144,17795646526.535,1689600801,1500424494,False
2025-06-19,11.91,-94.147755,4.030153,20106884110.812,17855615006.827,1689600801,1500424494,False
2025-06-20,11.94,-94.384903,4.040305,20157531174.064,17900591367.045,1689600801,1500424494,False
2025-06-23,12.2,-96.440185,4.128285,20596472388.909,18290386488.941,1689600801,1500424494,False
2025-06-24,12.29,-97.151629,4.158739,20748413578.664,18425315569.597,1689600801,1500424494,False
2025-06-25,12.8,-101.183145,4.331315,21609413653.938,19189913693.315,1689600801,1500424494,False
2025-06-26,12.68,-100.234553,4.290709,21406825400.932,19010008252.44,1689600801,1500424494,False
2025-06-27,12.94,-102.289836,4.378689,21845766615.778,19399803374.336,1689600801,1500424494,False
2025-06-30,13.24,-104.661316,4.480204,22352618119.862,19849947848.093,1689629591,1500453284,False
2025-07-01,13.3,-105.135612,4.500507,22453913972.369,19939902294.535,1689629591,1500453284,False
2025-07-02,12.85,-101.580123,4.348308,21694195078.567,19265243946.223,1689629591,1500453284,False
2025-07-03,13.21,-104.425947,4.470129,22301970193.609,19804970624.872,1689629591,1500453284,False
2025-07-04,13.14,-103.872592,4.446442,22183791699.017,19700023770.691,1689629591,1500453284,False
2025-07-07,13.03,-103.003035,4.409219,21998082636.088,19535107285.548,1689629591,1500453284,False
2025-07-08,13.84,-109.40614,4.683314,23365576644.931,20749492312.508,1689629591,1500453284,False
2025-07-09,13.25,-104.74215,4.483664,22370035894.159,19865475388.046,1689670011,1500493704,False
2025-07-10,12.79,-101.105819,4.328005,21593415780.097,19175806053.819,1689670011,1500493704,False
2025-07-11,13.24,-104.665603,4.480388,22353152848.201,19850482576.432,1689670011,1500493704,False
2025-07-14,13.91,-109.962125,4.707114,23484316927.377,20855000954.544,1689670011,1500493704,False
2025-07-15,13.91,-109.962125,4.707114,23484316927.377,20855000954.544,1689670011,1500493704,False
2025-07-16,14.17,-112.017492,4.795098,23923276122.281,21244814056.499,1689670011,1500493704,False
2025-07-17,14.71,-116.286331,4.977833,24834960604.006,22054425883.634,1689670011,1500493704,False
2025-07-18,14.39,-113.756648,4.869545,24294703133.354,21574655911.998,1689670011,1500493704,False
2025-07-21,14.93,-118.025487,5.05228,25206387615.078,22384267739.134,1689670011,1500493704,False
2025-07-22,14.65,-115.812015,4.957529,24880095936.975,22110902622.669,1699673563,1510497256,False
2025-07-23,15.72,-124.27064,5.319614,26697277005.41,23725828616.27,1699673563,1510497256,False
2025-07-24,15.7,-124.847333,5.344301,26663311004.13,23695643083.679,1699673563,1510497256,False
2025-07-25,16.26,-129.300487,5.534925,27614359039.947,24540837996.218,1699673563,1510497256,False
2025-07-28,17.89,-142.262343,6.08978,30382588144.197,27000958902.358,1699673563,1510497256,False
2025-07-29,18.27,-145.284126,6.219132,31027942168.501,27574484021.581,1699673563,1510497256,False
2025-07-30,18.59,-147.828785,6.32806,31571398188.967,28057452543.032,1699673563,1510497256,False
2025-07-31,18.96,-150.771047,6.454009,32199769212.631,28615884895.959,1699673563,1510497256,False
2025-08-01,18.24,-145.045564,6.20892,30976993166.582,27529205722.695,1699673563,1510497256,False
2025-08-04,17.7,-140.751452,6.025103,30059911132.045,26714196342.747,1699673563,1510497256,False
2025-08-05,16.99,-135.10549,5.783418,28854118086.635,25642609935.778,1699673563,1510497256,False
2025-08-06,16.89,-134.310284,5.749378,28684288080.24,25491682272.825,1699673563,1510497256,False
2025-08-07,16.52,-131.368022,5.62343,28055917056.576,24933249919.897,1699673563,1510497256,False
2025-08-08,16.53,-131.447543,5.626834,28072900057.215,24948342686.192,1699673563,1510497256,False
2025-08-11,16.61,-132.083707,5.654066,28208764062.332,25069084816.555,1699673563,1510497256,False
2025-08-12,16.03,-127.471513,5.456633,27223750025.236,24193704371.426,1699673563,1510497256,False
2025-08-13,16.81,-133.674119,5.722146,28548424075.123,25370940142.462,1699673563,1510497256,False
2025-08-14,16.06,-127.710075,5.466845,27274699027.155,24238982670.312,1699673563,1510497256,False
2025-08-15,16.34,-129.936651,5.562158,27750223045.063,24661580126.581,1699673563,1510497256,False
2025-08-18,16.57,-131.765625,5.64045,28140832059.773,25008713751.374,1699673563,1510497256,False
2025-08-19,16.52,-131.368022,5.62343,28055917056.576,24933249919.897,1699673563,1510497256,False
2025-08-20,16.4,-130.413775,5.582582,27852121048.901,24752136724.353,1699673563,1510497256,False
2025-08-21,16.94,-134.707887,5.766398,28769203083.438,25567146104.301,1699673563,1510497256,False
2025-08-22,17.36,-138.047752,5.909367,29482489110.3,26201042288.705,1699673563,1510497256,False
2025-08-25,17.39,-138.286314,5.919579,29533438112.218,26246320587.591,1699673563,1510497256,False
2025-08-26,17.77,-141.308096,6.048931,30178792136.522,26819845706.814,1699673563,1510497256,False
2025-08-27,18.3,-164.608254,6.201123,31078891170.42,27619762320.467,1699673563,1510497256,False
2025-08-28,19.09,-171.714294,6.468822,32420548220.946,28812090857.799,1699673563,1510497256,False
2025-08-29,21.0,-188.894718,7.116043,35664301343.104,31694809220.208,1699673563,1510497256,False
2025-09-01,21.78,-195.910808,7.380353,36988975392.991,32872044991.244,1699673563,1510497256,False
2025-09-02,19.6,-176.301737,6.64164,33286681253.564,29581821938.861,1699673563,1510497256,False
2025-09-03,19.09,-171.714294,6.468822,32420548220.946,28812090857.799,1699673563,1510497256,False
2025-09-04,18.2,-163.708756,6.167237,30909061164.024,27468834657.514,1699673563,1510497256,False
2025-09-05,19.01,-170.994695,6.441713,32284684215.829,28691348727.436,1699673563,1510497256,False
2025-09-08,18.87,-169.735397,6.394273,32046922206.875,28480049999.301,1699673563,1510497256,False
2025-09-09,18.64,-167.66655,6.316335,31656313192.165,28132916374.509,1699673563,1510497256,False
2025-09-10,19.12,-171.984143,6.478988,32471497222.865,28857369156.685,1699673563,1510497256,False
2025-09-11,21.03,-189.164568,7.126209,35715250345.023,31740087519.094,1699673563,1510497256,False
2025-09-12,22.47,-202.117349,7.614166,38160802437.122,33913445865.623,1699673563,1510497256,False
2025-09-15,22.17,-199.418853,7.512508,37651312417.935,33460662876.763,1699673563,1510497256,False
2025-09-16,22.28,-200.408301,7.549783,37838125424.97,33626683306.011,1699673563,1510497256,False
2025-09-17,22.38,-201.3078,7.583669,38007955431.366,33777610968.965,1699673563,1510497256,False
2025-09-18,23.24,-209.043488,7.875087,39468493486.369,35075588870.364,1699673563,1510497256,False
2025-09-19,23.64,-212.641483,8.010631,40147813511.952,35679299522.177,1699673563,1510497256,False
2025-09-22,23.98,-215.699778,8.125843,40725235533.697,36192453576.219,1699673563,1510497256,False
2025-09-23,23.26,-209.223388,7.881865,39502459487.648,35105774402.954,1699673563,1510497256,False
2025-09-24,22.95,-206.434942,7.776818,38975986467.821,34637898647.799,1699673563,1510497256,False
2025-09-25,22.58,-203.106797,7.65144,38347615444.157,34079466294.871,1699673563,1510497256,False
2025-09-26,22.25,-200.138451,7.539617,37787176423.051,33581405007.125,1699673563,1510497256,False
2025-09-29,22.38,-201.3078,7.583669,38007955431.366,33777610968.965,1699673563,1510497256,False
2025-09-30,22.12,-198.969103,7.495565,37566397414.737,33385199045.286,1699673563,1510497256,False
2025-10-09,22.5,-202.387198,7.624332,38211751439.041,33958724164.509,1699673563,1510497256,False
2025-10-10,21.01,-188.984668,7.119431,35681284343.744,31709901986.503,1699673563,1510497256,False
2025-10-13,20.22,-181.878629,6.851733,34339627293.218,30517573449.172,1699673563,1510497256,False
2025-10-14,18.76,-168.745948,6.356998,31860109199.84,28314029570.053,1699673563,1510497256,False
2025-10-15,20.64,-185.656523,6.994054,35052913320.08,31151469633.576,1699673563,1510497256,False
2025-10-16,20.81,-187.185671,7.05166,35341624330.953,31408046660.597,1699673563,1510497256,False
2025-10-17,19.53,-175.672088,6.61792,33167800249.087,29476172574.794,1699673563,1510497256,False
2025-10-20,19.48,-175.222339,6.600977,33082885245.889,29400708743.317,1699673563,1510497256,False
2025-10-21,19.89,-178.910283,6.739909,33779188272.112,30019512161.426,1699673563,1510497256,False
2025-10-22,19.67,-176.931386,6.66536,33405562258.041,29687471302.928,1699673563,1510497256,False
2025-10-23,19.04,-171.264545,6.451879,32335633217.748,28736627026.322,1699673563,1510497256,False
2025-10-24,20.3,-182.598228,6.878841,34475491298.334,30638315579.535,1699673563,1510497256,False
2025-10-27,21.04,-189.254518,7.129597,35732233345.663,31755180285.389,1699673563,1510497256,False
2025-10-28,21.43,-192.762562,7.261752,36394570370.606,32343798170.908,1699673563,1510497256,False
2025-10-29,21.8,-196.090708,7.38713,37022941394.27,32902230523.835,1699673563,1510497256,False
2025-10-30,21.22,-190.873615,7.190592,36037927357.175,32026850078.706,1699673563,1510497256,False
2025-10-31,21.37,-1031.98491,6.73584,36292672366.769,32253241573.136,1699673563,1510497256,False
2025-11-03,21.33,-1030.053259,6.723232,36224740364.21,32192870507.954,1699673563,1510497256,False
2025-11-04,21.31,-1029.087433,6.716928,36190774362.931,32162684975.364,1699673563,1510497256,False
2025-11-05,21.66,-1045.989385,6.827249,36785179385.316,32690931795.7,1699673563,1510497256,False
2025-11-06,21.98,-1061.442599,6.928113,37328635405.783,33173900317.151,1699673563,1510497256,False
2025-11-07,22.58,-1090.417374,7.117233,38347615444.157,34079466294.871,1699673563,1510497256,False
2025-11-10,21.77,-1051.301427,6.861921,36971992392.352,32856952224.949,1699673563,1510497256,False
2025-11-11,23.08,-1114.56302,7.274834,39196765476.136,34834104609.638,1699673563,1510497256,False
2025-11-12,21.23,-1025.224129,6.691712,36054910357.815,32041942845.001,1699673563,1510497256,False
2025-11-13,21.04,-1016.048784,6.631824,35732233345.663,31755180285.389,1699673563,1510497256,False
2025-11-14,20.2,-975.484099,6.367056,34305661291.939,30487387916.581,1699673563,1510497256,False
2025-11-17,21.01,-1014.600045,6.622368,35681284343.744,31709901986.503,1699673563,1510497256,False
2025-11-18,21.16,-1021.843739,6.669648,35936029353.338,31936293480.934,1699673563,1510497256,False
2025-11-19,20.58,-993.83479,6.486832,34951015316.242,31060913035.804,1699673563,1510497256,False
2025-11-20,19.86,-959.065059,6.259887,33728239270.193,29974233862.54,1699673563,1510497256,False
2025-11-21,18.66,-901.115509,5.881646,31690279193.444,28163101907.099,1699673563,1510497256,False
2025-11-24,19.23,-928.641545,6.061311,32658310229.9,29023389585.933,1699673563,1510497256,False
2025-11-25,20.1,-970.65497,6.335535,34135831285.543,30336460253.628,1699673563,1510497256,False
2025-11-26,19.94,-962.928363,6.285103,33864103275.31,30094975992.902,1699673563,1510497256,False
2025-11-27,20.19,-975.001186,6.363904,34288678291.299,30472295150.286,1699673563,1510497256,False
2025-11-28,21.52,-1039.228604,6.783121,36547417376.362,32479633067.566,1699673563,1510497256,False
2025-12-01,21.75,-1050.335601,6.855617,36938026391.073,32826766692.358,1699673563,1510497256,False
2025-12-02,21.47,-1036.81404,6.76736,36462502373.164,32404169236.089,1699673563,1510497256,False
2025-12-03,21.33,-1030.053259,6.723232,36224740364.21,32192870507.954,1699673563,1510497256,False
2025-12-04,21.54,-1040.19443,6.789425,36581383377.641,32509818600.156,1699673563,1510497256,False
2025-12-05,21.32,-1029.570346,6.72008,36207757363.571,32177777741.659,1699673563,1510497256,False
2025-12-08,21.75,-1050.335601,6.855617,36938026391.073,32826766692.358,1699673563,1510497256,False
2025-12-09,21.9,-1057.579295,6.902897,37192771400.666,33053158186.789,1699673563,1510497256,False
2025-12-10,21.85,-1055.164731,6.887137,37107856397.468,32977694355.312,1699673563,1510497256,False
2025-12-11,20.67,-998.181006,6.5152,35103862321.999,31196747932.462,1699673563,1510497256,False
2025-12-12,20.17,-974.03536,6.357599,34254712290.02,30442109617.695,1699673563,1510497256,False
2025-12-15,19.51,-942.163107,6.149567,33133834247.808,29445987042.203,1699673563,1510497256,False
2025-12-16,19.16,-925.261155,6.039247,32539429225.423,28917740221.866,1699673563,1510497256,False
2025-12-17,19.62,-947.475149,6.184239,33320647254.843,29612007471.452,1699673563,1510497256,False
2025-12-18,19.3,-932.021936,6.083375,32777191234.377,29129038950.001,1699673563,1510497256,False
2025-12-19,19.2,-927.192807,6.051855,32607361227.981,28978111287.047,1699673563,1510497256,False
2025-12-22,20.06,-968.723318,6.322927,34067899282.985,30276089188.446,1699673563,1510497256,False
2025-12-23,20.14,-972.586621,6.348143,34203763288.101,30396831318.809,1699673563,1510497256,False
2025-12-24,21.21,-1024.258304,6.685408,36020944356.536,32011757312.41,1699673563,1510497256,False
2025-12-25,20.93,-1010.736742,6.597152,35545420338.627,31589159856.141,1699673563,1510497256,False
2025-12-26,21.55,-1040.677343,6.792577,36598366378.281,32524911366.452,1699673563,1510497256,False
2025-12-29,21.92,-1058.545121,6.909201,37226737401.945,33083343719.379,1699673563,1510497256,False
2025-12-30,21.7,-1047.921037,6.839857,36853111387.875,32751302860.882,1699673563,1510497256,False
2025-12-31,21.17,-1022.326652,6.6728,35953012353.977,31951386247.229,1699673563,1510497256,False
2026-01-05,22.27,-1075.447073,7.019521,37821142424.33,33611590539.716,1699673563,1510497256,False
2026-01-06,21.85,-1055.164731,6.887137,37107856397.468,32977694355.312,1699673563,1510497256,False
2026-01-07,22.31,-1077.378725,7.032129,37889074426.889,33671961604.897,1699673563,1510497256,False
2026-01-08,22.26,-1074.96416,7.016369,37804159423.691,33596497773.421,1699673563,1510497256,False
2026-01-09,22.49,-1086.071157,7.088865,38194768438.401,33943631398.213,1699673563,1510497256,False
2026-01-12,22.98,-1109.733891,7.243314,39026935469.74,34683176946.685,1699673563,1510497256,False
2026-01-13,22.1,-1067.237554,6.965937,37532431413.458,33355013512.695,1699673563,1510497256,False
2026-01-14,22.4,-1081.724941,7.060497,38041921432.645,33807796501.555,1699673563,1510497256,False
2026-01-15,22.75,-1098.626893,7.170817,38636326455.03,34336043321.892,1699673563,1510497256,False
2026-01-16,23.36,-1128.084582,7.36309,39672289494.044,35256702065.908,1699673563,1510497256,False
2026-01-19,24.22,-1169.615093,7.634163,41132827549.047,36554679967.307,1699673563,1510497256,False
2026-01-20,23.5,-1134.845362,7.407218,39910051502.998,35468000794.042,1699673563,1510497256,False
2026-01-21,25.45,-1229.013382,8.02186,43221736627.71499,38411090221.633,1699673563,1510497256,False
2026-01-22,25.87,-1249.295724,8.154244,43935022654.577,39044986406.037,1699673563,1510497256,False
2026-01-23,25.11,-1212.594343,7.914691,42644314605.969,37897936167.592,1699673563,1510497256,False
2026-01-26,24.49,-1182.653741,7.719267,41591368566.316,36962184657.281,1699673563,1510497256,False
2026-01-27,24.82,-1198.589868,7.823283,42151807587.422,37460245945.027,1699673563,1510497256,False
2026-01-28,24.42,-1179.273351,7.697203,41472487561.839,36856535293.213,1699673563,1510497256,False
2026-01-29,23.58,-1138.708666,7.432434,40045915508.114,35588742924.405,1699673563,1510497256,False
2026-01-30,23.59,-1139.191579,7.435586,40062898508.754,35603835690.7,1699673563,1510497256,False
2026-02-02,22.03,-1063.857163,6.943873,37413550408.981,33249364148.628,1699673563,1510497256,False
2026-02-03,23.17,-1118.909236,7.303202,39349612481.892,34969939506.296,1699673563,1510497256,False
2026-02-04,22.84,-1102.97311,7.199186,38789173460.786,34471878218.55,1699673563,1510497256,False
2026-02-05,21.82,-1053.715992,6.877681,37056907395.55,32932416056.426,1699673563,1510497256,False
2026-02-06,22.19,-1071.58377,6.994305,37685278419.214,33490848409.353,1699673563,1510497256,False
2026-02-09,22.37,-1080.276202,7.051041,37990972430.726,33762518202.669,1699673563,1510497256,False
2026-02-10,22.29,-1076.412899,7.025825,37855108425.609,33641776072.307,1699673563,1510497256,False
2026-02-11,21.96,-1060.476773,6.921809,37294669404.504,33143714784.561,1699673563,1510497256,False
2026-02-12,22.76,-1099.109806,7.173969,38653309455.669,34351136088.187,1699673563,1510497256,False
2026-02-13,22.88,-1104.904761,7.211794,38857105463.344,34532249283.732,1699673563,1510497256,False
2026-02-24,24.95,-1204.867736,7.864259,42372586595.736,37656451906.866,1699673563,1510497256,False
2026-02-25,26.3,-1270.06098,8.28978,44665291682.078,39693975356.737,1699673563,1510497256,False
2026-02-26,26.84,-1296.138278,8.459989,45582373716.615,40508984736.685,1699673563,1510497256,False
2026-02-27,25.97,-1254.124854,8.185764,44104852660.973,39195914068.991,1699673563,1510497256,False
2026-03-02,26.37,-1273.44137,8.311844,44784172686.555,39799624720.804,1699673563,1510497256,False
2026-03-03,24.56,-1186.034132,7.741331,41710249570.793,37067834021.348,1699673563,1510497256,False
2026-03-04,24.76,-1195.69239,7.804371,42049909583.584,37369689347.255,1699673563,1510497256,False
2026-03-05,25.53,-1232.876685,8.047076,43357600632.831,38531832351.996,1699673563,1510497256,False
2026-03-06,25.09,-1211.628517,7.908387,42610348604.69,37867750635.001,1699673563,1510497256,False
2026-03-09,23.75,-1146.918185,7.486018,40334626518.987,35845319951.426,1699673563,1510497256,False
2026-03-10,24.59,-1187.482871,7.750787,41761198572.711,37113112320.234,1699673563,1510497256,False
2026-03-11,24.42,-1179.273351,7.697203,41472487561.839,36856535293.213,1699673563,1510497256,False
2026-03-12,23.66,-1142.571969,7.45765,40181779513.231,35709485054.768,1699673563,1510497256,False
2026-03-13,23.94,-1156.093531,7.545906,40657303531.139,36132082511.037,1699673563,1510497256,False
2026-03-16,23.92,-1155.127705,7.539602,40623337529.86,36101896978.447,1699673563,1510497256,False
2026-03-17,22.59,-1090.900287,7.120385,38364598444.797,34094559061.167,1699673563,1510497256,False
2026-03-18,23.2,-1120.357975,7.312658,39400561483.811,35015217805.182,1699673563,1510497256,False
2026-03-19,22.41,-1082.207854,7.063649,38058904433.284,33822889267.851,1699673563,1510497256,False
2026-03-20,21.67,-1046.472298,6.830401,36802162385.956,32706024561.996,1699673563,1510497256,False
2026-03-23,20.44,-987.074009,6.442704,34713253307.288,30849614307.669,1699673563,1510497256,False
2026-03-24,20.89,-1008.80509,6.584544,35477488336.069,31528788790.959,1699673563,1510497256,False
2026-03-25,21.1,-1018.946262,6.650736,35834131349.5,31845736883.162,1699673563,1510497256,False
2026-03-26,20.64,-996.732267,6.505744,35052913320.08,31151469633.576,1699673563,1510497256,False
2026-03-27,20.7,-999.629745,6.524656,35154811323.917,31242026231.348,1699673563,1510497256,False
2026-03-30,20.56,-992.868964,6.480528,34917049314.963,31030727503.213,1699673563,1510497256,False
2026-03-31,20.05,-968.240405,6.319775,34050916282.345,30260996422.151,1699673563,1510497256,False
2026-04-01,20.62,-995.766441,6.49944,35018947318.801,31121284100.985,1699673563,1510497256,False
2026-04-02,19.75,-953.753017,6.225215,33541426263.158,29808213433.291,1699673563,1510497256,False
2026-04-03,19.65,-948.923888,6.193695,33371596256.762,29657285770.338,1699673563,1510497256,False
2026-04-07,20.27,-978.864489,6.38912,34424542296.416,30593037280.649,1699673563,1510497256,False
2026-04-08,21.75,-1050.335601,6.855617,36938026391.073,32826766692.358,1699673563,1510497256,False
2026-04-09,22.08,-1066.271728,6.959633,37498465412.178,33324827980.105,1699673563,1510497256,False
2026-04-10,22.94,-1107.802239,7.230706,38959003467.182,34622805881.504,1699673563,1510497256,False
2026-04-13,25.23,-1218.389298,7.952515,42848110613.644,38079049363.136,1699673563,1510497256,False
2026-04-14,25.42,-1227.564643,8.012404,43170787625.796,38365811922.747,1699673563,1510497256,False
2026-04-15,24.7,-1192.794913,7.785459,41948011579.747,37279132749.483,1699673563,1510497256,False
2026-04-16,24.93,-1203.90191,7.857955,42338620594.457,37626266374.276,1699673563,1510497256,False
2026-04-17,26.15,-1262.817286,8.2425,44410546672.485,39467583862.307,1699673563,1510497256,False
2026-04-20,26.55,-1282.133803,8.36858,45089866698.068,40071294514.12,1699673563,1510497256,False
2026-04-21,28.21,-1362.297348,8.891814,47909044804.237,42576693719.146,1699673563,1510497256,False
2026-04-22,28.63,-1382.57969,9.024198,48622330831.099,43210589903.55,1699673563,1510497256,False
2026-04-23,28.4,-1371.472693,8.951702,48231721816.389,42863456278.758,1699673563,1510497256,False
2026-04-24,28.52,-1377.267648,8.989526,48435517824.064,43044569474.302,1699673563,1510497256,False
2026-04-27,29.23,344.2492,9.3084,49641310868.984,44333252010.042,1699673563,1517930431,False
2026-04-28,27.88,328.3499,8.8785,47348605782.691,42285701882.84,1699673563,1517930431,False
2026-04-29,27.46,323.4035,8.7447,46635319756.289,41648686287.777,1699673563,1517930431,False
2026-04-30,27.71,326.3478,8.8243,47059894772.528,42027862237.481,1699673563,1517930431,False
2026-05-06,29.47,347.0758,9.3848,50048902885.213,44697260922.077,1699673563,1517930431,False
2026-05-07,32.42,381.8187,10.3243,55058888073.038,49171537125.186,1699673563,1517930431,False
2026-05-08,32.01,376.99,10.1937,54362585047.645,48549688567.791,1699673563,1517930431,False
2026-05-11,33.17,390.6516,10.5631,56332613121.755,50309064973.298,1699673563,1517930431,False
2026-05-12,33.45,393.9493,10.6523,56808137139.024,50733742037.006,1699673563,1517930431,False
2026-05-13,34.19,402.6644,10.8879,58064879186.732,51856102847.45,1699673563,1517930431,False
2026-05-14,32.71,385.2341,10.4166,55551395092.315,49611381226.562,1699673563,1517930431,False
2026-05-15,31.49,370.8658,10.0281,53479469014.147,47761002593.046,1699673563,1517930431,False
2026-05-18,33.61,395.8336,10.7032,57079865149.177,50976414644.697,1699673563,1517930431,False
2026-05-19,32.83,386.6474,10.4548,55755191099.43,49793385682.58,1699673563,1517930431,False
2026-05-20,33.54,395.0092,10.6809,56960984145.11,50870245379.02,1699673563,1517930431,False
2026-05-21,33.29,392.0649,10.6013,56536409128.871,50491069429.316,1699673563,1517930431,False
2026-05-22,35.42,417.1505,11.2796,60153788264.91,53721648518.635,1699673563,1517930431,False
2026-05-25,38.12,448.9491,12.1394,64739198438.494,57816748773.038,1699673563,1517930431,False
2026-05-26,38.11,448.8313,12.1363,64722215437.485,57801581734.371,1699673563,1517930431,False
2026-05-27,37.02,435.9941,11.7891,62871068367.442,56148374595.54,1699673563,1517930431,False
2026-05-28,36.34,427.9855,11.684,61766137279.0,55161591863.0,1699673563,1517930431,False
2026-05-29,38.68,455.5443,12.4364,65743373417.0,58713549071.0,1699673563,1517930431,False
2026-06-01,38.62,454.8377,12.4171,65641393003.0,58622473245.0,1699673563,1517930431,False
2026-06-02,42.22,497.2358,13.5746,71760217830.0,64087022797.0,1699673563,1517930431,False
2026-06-03,39.82,468.9704,12.8029,67681001279.0,60443989762.0,1699673563,1517930431,False
2026-06-04,40.87,481.3365,13.1405,69465658520.0,62037816715.0,1699673563,1517930431,False
2026-06-05,37.9,446.3581,12.1856,64417628038.0,57529563335.0,1699673563,1517930431,False
2026-06-08,37.0,435.7585,11.8962,62887921831.0,56163425947.0,1699673563,1517930431,False
2026-06-09,38.15,449.3024,12.266,64842546428.0,57909045943.0,1699673563,1517930431,False
2026-06-10,37.28,439.0562,11.9862,63363830429.0,56588446468.0,1699673563,1517930431,False
2026-06-11,36.75,432.8142,11.8158,62463003440.0,55783943339.0,1699673563,1517930431,False
2026-06-12,37.8,445.1803,12.1534,64247660681.0,57377770292.0,1699673563,1517930431,False
2026-06-15,40.09,472.1503,12.7668,68139913141.0,60853830979.0,1699673563,1517930431,False
2026-06-16,44.1,519.3771,14.0438,74955604128.0,66940732007.0,1699673563,1517930431,False
2026-06-17,47.8,562.9529,15.2221,81244396311.0,72557074602.0,1699673563,1517930431,False
2026-06-18,52.06,613.124,16.5787,88485005690.0,79023458238.0,1699673563,1517930431,False
2026-06-22,53.3,627.7278,16.9736,90592600908.0,80905691972.0,1699673563,1517930431,False
2026-06-23,48.5,571.197,15.445,82434167806.0,73619625904.0,1699673563,1517930431,False
2026-06-24,50.23,591.57,16.15,85375000000.0,76246000000.0,1699673563,1517930431,False
2026-06-25,53.53,630.44,17.21,90984000000.0,81255000000.0,1699673563,1517930431,False
2026-06-26,51.81,610.18,16.66,88060000000.0,78644000000.0,1699673563,1517930431,False
2026-06-29,49.0,577.09,15.75,83284000000.0,74379000000.0,1699673563,1517930431,False
2026-06-30,50.95,600.05,16.38,86598000000.0,77339000000.0,1699673563,1517930431,False
2026-07-01,47.48,559.18,15.27,80701000000.0,72071000000.0,1699673563,1517930431,False
2026-07-02,45.41,534.81,14.6,77182000000.0,68929000000.0,1699673563,1517930431,False
2026-07-03,46.37,546.11,14.91,78814000000.0,70386000000.0,1699673563,1517930431,False
2026-07-06,45.29,533.39,14.56,76978000000.0,68747000000.0,1699673563,1517930431,False
2026-07-07,42.23,497.35,13.58,71777000000.0,64102000000.0,1699673563,1517930431,False
2026-07-08,40.41,475.92,12.99,68684000000.0,61340000000.0,1699673563,1517930431,False
2026-07-09,44.45,523.5,14.29,75550000000.0,67472000000.0,1699673563,1517930431,False
2026-07-10,41.13,484.4,13.22,69908000000.0,62432000000.0,1699673563,1517930431,False
2026-07-13,38.5,453.42,12.38,65437000000.0,58440000000.0,1699673563,1517930431,False
2026-07-14,40.85,481.1,13.13,69432000000.0,62007000000.0,1699673563,1517930431,False
2026-07-15,38.71,455.9,12.45,65794000000.0,58759000000.0,1699673563,1517930431,False
2026-07-16,37.84,445.65,12.17,64316000000.0,57438000000.0,1699673563,1517930431,False
2026-07-17,34.06,401.13,10.95,57891000000.0,51701000000.0,1699673563,1517930431,False
2026-07-20,30.65,360.97,9.85,52095000000.0,46525000000.0,1699673563,1517930431,False
2026-07-21,32.68,384.88,10.51,55545000000.0,49606000000.0,1699673563,1517930431,False
2026-07-22,35.01,412.32,11.26,59506000000.0,53143000000.0,1699673563,1517930431,False
2026-07-23,34.69,408.55,11.15,58962000000.0,52657000000.0,1699673563,1517930431,False
2026-07-24,33.8,398.07,10.87,57449000000.0,51306000000.0,1699673563,1517930431,False
2026-07-27,35.7,420.45,11.48,60678000000.0,54190000000.0,1699673563,1517930431,False
2026-07-28,32.13,378.4,10.33,54611000000.0,48771000000.0,1699673563,1517930431,False
2026-07-29,30.77,362.39,9.89,52299000000.0,46707000000.0,1699673563,1517930431,False
2026-07-30,27.69,326.11,8.9,47064000000.0,42031000000.0,1699673563,1517930431,False
2026-07-31,27.51,323.99,8.85,46758000000.0,41758000000.0,1699673563,1517930431,False
2026-08-03,26.3,309.74,8.46,44701000000.0,39922000000.0,1699673563,1517930431,False
2026-08-04,28.73,338.36,9.24,48832000000.0,43610000000.0,1699673563,1517930431,False
2026-08-05,30.51,359.32,9.81,51857000000.0,46312000000.0,1699673563,1517930431,False
2026-08-06,31.53,371.34,10.14,53591000000.0,47860000000.0,1699673563,1517930431,False
2026-08-07,33.8,398.07,10.87,57449000000.0,51306000000.0,1699673563,1517930431,False
2026-08-10,33.44,393.83,10.75,56837000000.0,50760000000.0,1699673563,1517930431,False
2026-08-11,33.23,391.36,10.68,56480000000.0,50441000000.0,1699673563,1517930431,False
2026-08-12,35.25,415.15,11.33,59913000000.0,53507000000.0,1699673563,1517930431,False
2026-08-13,34.59,407.38,11.12,58792000000.0,52505000000.0,1699673563,1517930431,False
2026-08-14,34.82,410.08,11.2,59183000000.0,52854000000.0,1699673563,1517930431,False
2026-08-17,38.3,451.07,12.31,65097000000.0,58137000000.0,1699673563,1517930431,False
2026-08-18,37.56,442.35,12.08,63840000000.0,57013000000.0,1699673563,1517930431,False
2026-08-19,33.8,398.07,10.87,57449000000.0,51306000000.0,1699673563,1517930431,False
2026-08-20,33.81,398.19,10.87,57466000000.0,51321000000.0,1699673563,1517930431,False
2026-08-21,35.35,277.37,10.66,60083000000.0,53659000000.0,1699673563,1517928556,False
2026-08-24,33.24,260.81,10.02,56497000000.0,50456000000.0,1699673563,1517928556,False
2026-08-25,33.31,261.36,10.04,56616000000.0,50562000000.0,1699673563,1517928556,False
2026-08-26,33.3,261.28,10.04,56599000000.0,50547000000.0,1699673563,1517928556,False
2026-08-27,35.7,280.11,10.76,60678000000.0,54190000000.0,1699673563,1517928556,False
2026-08-28,35.78,280.74,10.79,60814000000.0,54311000000.0,1699673563,1517928556,False
