date,close,pe_ttm,pb,total_mv,float_mv,total_share,float_share,is_st
2020-01-02,3.03,22.815417,2.044326,10024563002.428,10024563002.428,3326796000,3326796000,False
2020-01-03,3.04,22.890715,2.051073,10057647368.773,10057647368.773,3326796000,3326796000,False
2020-01-06,3.04,22.890715,2.051073,10057647368.773,10057647368.773,3326796000,3326796000,False
2020-01-07,3.08,23.191909,2.07806,10189984834.151,10189984834.151,3326796000,3326796000,False
2020-01-08,3.07,23.11661,2.071314,10156900467.807,10156900467.807,3326796000,3326796000,False
2020-01-09,3.16,23.794296,2.132036,10454659764.909,10454659764.909,3326796000,3326796000,False
2020-01-10,3.14,23.643699,2.118542,10388491032.219,10388491032.219,3326796000,3326796000,False
2020-01-13,3.12,23.493102,2.105048,10322322299.53,10322322299.53,3326796000,3326796000,False
2020-01-14,3.1,23.342505,2.091554,10256153566.841,10256153566.841,3326796000,3326796000,False
2020-01-15,3.05,22.966013,2.05782,10090731735.117,10090731735.117,3326796000,3326796000,False
2020-01-16,3.05,22.966013,2.05782,10090731735.117,10090731735.117,3326796000,3326796000,False
2020-01-17,3.03,22.815417,2.044326,10024563002.428,10024563002.428,3326796000,3326796000,False
2020-01-20,3.05,22.966013,2.05782,10090731735.117,10090731735.117,3326796000,3326796000,False
2020-01-21,3.01,22.66482,2.030832,9958394269.739,9958394269.739,3326796000,3326796000,False
2020-01-22,3.0,22.589521,2.024085,9925309903.394,9925309903.394,3326796000,3326796000,False
2020-01-23,2.93,22.062433,1.976856,9693719338.982,9693719338.982,3326796000,3326796000,False
2020-02-03,2.64,19.878779,1.781195,8734272714.987,8734272714.987,3326796000,3326796000,False
2020-02-04,2.55,19.201093,1.720472,8436513417.885,8436513417.885,3326796000,3326796000,False
2020-02-05,2.59,19.502287,1.74746,8568850883.264,8568850883.264,3326796000,3326796000,False
2020-02-06,2.62,19.728182,1.767701,8668103982.298,8668103982.298,3326796000,3326796000,False
2020-02-07,2.63,19.80348,1.774448,8701188348.642,8701188348.642,3326796000,3326796000,False
2020-02-10,2.74,20.631763,1.848664,9065116378.433,9065116378.433,3326796000,3326796000,False
2020-02-11,3.01,22.66482,2.030832,9958394269.739,9958394269.739,3326796000,3326796000,False
2020-02-12,3.0,22.589521,2.024085,9925309903.394,9925309903.394,3326796000,3326796000,False
2020-02-13,2.87,21.610642,1.936375,9495213140.914,9495213140.914,3326796000,3326796000,False
2020-02-14,2.78,20.932956,1.875652,9197453843.812,9197453843.812,3326796000,3326796000,False
2020-02-17,2.87,21.610642,1.936375,9495213140.914,9495213140.914,3326796000,3326796000,False
2020-02-18,2.91,21.911836,1.963362,9627550606.292,9627550606.292,3326796000,3326796000,False
2020-02-19,2.88,21.685941,1.943121,9528297507.258,9528297507.258,3326796000,3326796000,False
2020-02-20,3.01,22.66482,2.030832,9958394269.739,9958394269.739,3326796000,3326796000,False
2020-02-21,3.0,22.589521,2.024085,9925309903.394,9925309903.394,3326796000,3326796000,False
2020-02-24,3.03,22.815417,2.044326,10024563002.428,10024563002.428,3326796000,3326796000,False
2020-02-25,3.0,22.589521,2.024085,9925309903.394,9925309903.394,3326796000,3326796000,False
2020-02-26,3.04,22.890715,2.051073,10057647368.773,10057647368.773,3326796000,3326796000,False
2020-02-27,3.12,23.272259,2.105048,10322322299.53,10322322299.53,3326796000,3326796000,False
2020-02-28,2.94,21.929629,1.983603,9726803705.326,9726803705.326,3326796000,3326796000,False
2020-03-02,3.12,23.272259,2.105048,10322322299.53,10322322299.53,3326796000,3326796000,False
2020-03-03,3.08,22.973897,2.07806,10189984834.151,10189984834.151,3326796000,3326796000,False
2020-03-04,3.11,23.197669,2.098301,10289237933.185,10289237933.185,3326796000,3326796000,False
2020-03-05,3.42,25.509977,2.307457,11314853289.869,11314853289.869,3326796000,3326796000,False
2020-03-06,3.51,26.181292,2.368179,11612612586.971,11612612586.971,3326796000,3326796000,False
2020-03-09,3.86,28.791962,2.604323,12770565409.034,12770565409.034,3326796000,3326796000,False
2020-03-10,3.98,29.687049,2.685286,13167577805.17,13167577805.17,3326796000,3326796000,False
2020-03-11,3.76,28.046056,2.536853,12439721745.587,12439721745.587,3326796000,3326796000,False
2020-03-12,3.52,26.255882,2.374926,11645696953.316,11645696953.316,3326796000,3326796000,False
2020-03-13,3.87,28.866553,2.611069,12803649775.379,12803649775.379,3326796000,3326796000,False
2020-03-16,3.87,28.866553,2.611069,12803649775.379,12803649775.379,3326796000,3326796000,False
2020-03-17,4.26,31.775585,2.874201,14093940062.82,14093940062.82,3326796000,3326796000,False
2020-03-18,4.36,32.521491,2.94167,14424783726.266,14424783726.266,3326796000,3326796000,False
2020-03-19,4.45,33.192806,3.002393,14722543023.368,14722543023.368,3326796000,3326796000,False
2020-03-20,4.09,30.507545,2.759502,13531505834.961,13531505834.961,3326796000,3326796000,False
2020-03-23,3.9,29.090324,2.63131,12902902874.413,12902902874.413,3326796000,3326796000,False
2020-03-24,3.8,28.344419,2.563841,12572059210.966,12572059210.966,3326796000,3326796000,False
2020-03-25,3.85,28.717371,2.597576,12737481042.689,12737481042.689,3326796000,3326796000,False
2020-03-26,3.72,27.747694,2.509865,12307384280.209,12307384280.209,3326796000,3326796000,False
2020-03-27,3.74,27.896875,2.523359,12373553012.898,12373553012.898,3326796000,3326796000,False
2020-03-30,3.94,29.388687,2.658298,13035240339.791,13035240339.791,3326796000,3326796000,False
2020-03-31,3.81,28.419009,2.570588,12605143577.311,12605143577.311,3326796000,3326796000,False
2020-04-01,3.65,27.22556,2.462637,12075793715.796,12075793715.796,3326796000,3326796000,False
2020-04-02,3.8,28.344419,2.563841,12572059210.966,12572059210.966,3326796000,3326796000,False
2020-04-03,3.67,27.374741,2.47613,12141962448.486,12141962448.486,3326796000,3326796000,False
2020-04-07,3.79,28.269828,2.557094,12538974844.621,12538974844.621,3326796000,3326796000,False
2020-04-08,3.75,27.971466,2.530106,12406637379.243,12406637379.243,3326796000,3326796000,False
2020-04-09,3.84,28.642781,2.590829,12704396676.345,12704396676.345,3326796000,3326796000,False
2020-04-10,3.68,27.449332,2.482877,12175046814.83,12175046814.83,3326796000,3326796000,False
2020-04-13,3.48,25.95752,2.347938,11513359487.937,11513359487.937,3326796000,3326796000,False
2020-04-14,3.58,26.703426,2.415408,11844203151.384,11844203151.384,3326796000,3326796000,False
2020-04-15,3.57,26.628835,2.408661,11811118785.039,11811118785.039,3326796000,3326796000,False
2020-04-16,3.93,29.314096,2.651551,13002155973.446,13002155973.446,3326796000,3326796000,False
2020-04-17,4.0,29.83623,2.69878,13233746537.859,13233746537.859,3326796000,3326796000,False
2020-04-20,4.27,31.850176,2.880947,14127024429.164,14127024429.164,3326796000,3326796000,False
2020-04-21,4.26,31.775585,2.874201,14093940062.82,14093940062.82,3326796000,3326796000,False
2020-04-22,4.17,31.10427,2.813478,13796180765.718,13796180765.718,3326796000,3326796000,False
2020-04-23,4.0,29.83623,2.69878,13233746537.859,13233746537.859,3326796000,3326796000,False
2020-04-24,4.4,32.819853,2.968658,14557121191.645,14557121191.645,3326796000,3326796000,False
2020-04-27,4.84,36.101838,3.265524,16012833310.809,16012833310.809,3326796000,3326796000,False
2020-04-28,4.54,33.864121,3.063115,15020302320.47,15020302320.47,3326796000,3326796000,False
2020-04-29,4.99,35.920175,3.337947,16509098805.979,16509098805.979,3326796000,3326796000,False
2020-04-30,5.49,39.519391,3.67241,18163317123.211,18163317123.211,3326796000,3326796000,False
2020-05-06,6.04,43.478529,4.04032,19982957272.167,19982957272.167,3326796000,3326796000,False
2020-05-07,5.72,41.17503,3.826264,18924257549.138,18924257549.138,3326796000,3326796000,False
2020-05-08,5.37,38.655579,3.592139,17766304727.076,17766304727.076,3326796000,3326796000,False
2020-05-11,5.53,39.807328,3.699167,18295654588.59,18295654588.59,3326796000,3326796000,False
2020-05-12,5.41,38.943517,3.618896,17898642192.454,17898642192.454,3326796000,3326796000,False
2020-05-13,5.64,40.599156,3.772749,18659582618.381,18659582618.381,3326796000,3326796000,False
2020-05-14,5.71,41.103046,3.819574,18891173182.794,18891173182.794,3326796000,3326796000,False
2020-05-15,5.61,40.383203,3.752682,18560329519.347,18560329519.347,3326796000,3326796000,False
2020-05-18,5.77,41.534952,3.85971,19089679380.862,19089679380.862,3326796000,3326796000,False
2020-05-19,6.35,45.710043,4.247688,21008572628.851,21008572628.851,3326796000,3326796000,False
2020-05-20,6.33,45.566074,4.234309,20942403896.162,20942403896.162,3326796000,3326796000,False
2020-05-21,6.24,44.918215,4.174106,20644644599.06,20644644599.06,3326796000,3326796000,False
2020-05-22,5.92,42.614717,3.960049,19585944876.031,19585944876.031,3326796000,3326796000,False
2020-05-25,5.52,39.735344,3.692478,18262570222.245,18262570222.245,3326796000,3326796000,False
2020-05-26,5.72,41.17503,3.826264,18924257549.138,18924257549.138,3326796000,3326796000,False
2020-05-27,5.72,41.17503,3.826264,18924257549.138,18924257549.138,3326796000,3326796000,False
2020-05-28,5.26,37.863752,3.518557,17402376697.285,17402376697.285,3326796000,3326796000,False
2020-05-29,5.09,36.640018,3.40484,16839942469.426,16839942469.426,3326796000,3326796000,False
2020-06-01,5.37,38.655579,3.592139,17766304727.076,17766304727.076,3326796000,3326796000,False
2020-06-02,5.25,37.791767,3.511868,17369292330.94,17369292330.94,3326796000,3326796000,False
2020-06-03,5.28,38.00772,3.531936,17468545429.974,17468545429.974,3326796000,3326796000,False
2020-06-04,5.1,36.712003,3.411529,16873026835.77,16873026835.77,3326796000,3326796000,False
2020-06-05,5.07,36.49605,3.391461,16773773736.736,16773773736.736,3326796000,3326796000,False
2020-06-08,5.04,36.280097,3.371393,16674520637.702,16674520637.702,3326796000,3326796000,False
2020-06-09,5.22,37.575814,3.4918,17270039231.906,17270039231.906,3326796000,3326796000,False
2020-06-10,5.07,36.49605,3.391461,16773773736.736,16773773736.736,3326796000,3326796000,False
2020-06-11,5.02,36.136128,3.358015,16608351905.013,16608351905.013,3326796000,3326796000,False
2020-06-12,4.94,35.560254,3.3045,16343676974.256,16343676974.256,3326796000,3326796000,False
2020-06-15,4.96,35.704222,3.317879,16409845706.945,16409845706.945,3326796000,3326796000,False
2020-06-16,5.11,36.783987,3.418218,16906111202.115,16906111202.115,3326796000,3326796000,False
2020-06-17,5.04,36.280097,3.371393,16674520637.702,16674520637.702,3326796000,3326796000,False
2020-06-18,5.12,36.855971,3.424907,16939195568.46,16939195568.46,3326796000,3326796000,False
2020-06-19,5.07,36.49605,3.391461,16773773736.736,16773773736.736,3326796000,3326796000,False
2020-06-22,5.02,36.136128,3.358015,16608351905.013,16608351905.013,3326796000,3326796000,False
2020-06-23,4.96,35.704222,3.317879,16409845706.945,16409845706.945,3326796000,3326796000,False
2020-06-24,4.87,35.056363,3.257676,16112086409.843,16112086409.843,3326796000,3326796000,False
2020-06-29,4.64,33.400724,3.103822,15351145983.916,15351145983.916,3326796000,3326796000,False
2020-06-30,4.66,33.544693,3.117201,15417314716.606,15417314716.606,3326796000,3326796000,False
2020-07-01,4.7,33.83263,3.143958,15549652181.984,15549652181.984,3326796000,3326796000,False
2020-07-02,4.9,35.272316,3.277743,16211339508.877,16211339508.877,3326796000,3326796000,False
2020-07-03,4.92,35.416285,3.291122,16277508241.567,16277508241.567,3326796000,3326796000,False
2020-07-06,5.2,37.431846,3.478422,17203870499.217,17203870499.217,3326796000,3326796000,False
2020-07-07,5.22,37.575814,3.4918,17270039231.906,17270039231.906,3326796000,3326796000,False
2020-07-08,5.45,39.231454,3.645653,18030979657.833,18030979657.833,3326796000,3326796000,False
2020-07-09,5.49,39.519391,3.67241,18163317123.211,18163317123.211,3326796000,3326796000,False
2020-07-10,5.25,37.791767,3.511868,17369292330.94,17369292330.94,3326796000,3326796000,False
2020-07-13,5.78,41.606936,3.866399,19122763747.206,19122763747.206,3326796000,3326796000,False
2020-07-14,6.09,43.83845,4.073767,20148379103.89,20148379103.89,3326796000,3326796000,False
2020-07-15,5.72,41.17503,3.826264,18924257549.138,18924257549.138,3326796000,3326796000,False
2020-07-16,5.3,38.151689,3.545314,17534714162.663,17534714162.663,3326796000,3326796000,False
2020-07-17,5.3,38.151689,3.545314,17534714162.663,17534714162.663,3326796000,3326796000,False
2020-07-20,5.54,39.879313,3.705857,18328738954.935,18328738954.935,3326796000,3326796000,False
2020-07-21,5.6,40.311219,3.745992,18527245153.003,18527245153.003,3326796000,3326796000,False
2020-07-22,5.62,40.455187,3.759371,18593413885.692,18593413885.692,3326796000,3326796000,False
2020-07-23,5.55,39.951297,3.712546,18361823321.279,18361823321.279,3326796000,3326796000,False
2020-07-24,5.14,36.99994,3.438286,17005364301.149,17005364301.149,3326796000,3326796000,False
2020-07-27,5.06,36.424065,3.384772,16740689370.392,16740689370.392,3326796000,3326796000,False
2020-07-28,5.03,36.208112,3.364704,16641436271.358,16641436271.358,3326796000,3326796000,False
2020-07-29,5.21,37.50383,3.485111,17236954865.561,17236954865.561,3326796000,3326796000,False
2020-07-30,5.11,36.783987,3.418218,16906111202.115,16906111202.115,3326796000,3326796000,False
2020-07-31,5.14,36.99994,3.438286,17005364301.149,17005364301.149,3326796000,3326796000,False
2020-08-03,5.27,37.935736,3.525246,17435461063.629,17435461063.629,3326796000,3326796000,False
2020-08-04,5.16,37.143909,3.451664,17071533033.838,17071533033.838,3326796000,3326796000,False
2020-08-05,5.18,37.287877,3.465043,17137701766.527,17137701766.527,3326796000,3326796000,False
2020-08-06,5.11,36.783987,3.418218,16906111202.115,16906111202.115,3326796000,3326796000,False
2020-08-07,5.04,36.280097,3.371393,16674520637.702,16674520637.702,3326796000,3326796000,False
2020-08-10,5.12,36.855971,3.424907,16939195568.46,16939195568.46,3326796000,3326796000,False
2020-08-11,5.0,35.992159,3.344636,16542183172.324,16542183172.324,3326796000,3326796000,False
2020-08-12,4.92,35.416285,3.291122,16277508241.567,16277508241.567,3326796000,3326796000,False
2020-08-13,4.91,35.344301,3.284433,16244423875.222,16244423875.222,3326796000,3326796000,False
2020-08-14,4.93,35.488269,3.297811,16310592607.911,16310592607.911,3326796000,3326796000,False
2020-08-17,5.0,35.992159,3.344636,16542183172.324,16542183172.324,3326796000,3326796000,False
2020-08-18,5.04,36.280097,3.371393,16674520637.702,16674520637.702,3326796000,3326796000,False
2020-08-19,4.94,35.560254,3.3045,16343676974.256,16343676974.256,3326796000,3326796000,False
2020-08-20,4.88,35.128348,3.264365,16145170776.188,16145170776.188,3326796000,3326796000,False
2020-08-21,4.9,35.272316,3.277743,16211339508.877,16211339508.877,3326796000,3326796000,False
2020-08-24,4.87,35.056363,3.257676,16112086409.843,16112086409.843,3326796000,3326796000,False
2020-08-25,4.81,34.624457,3.21754,15913580211.775,15913580211.775,3326796000,3326796000,False
2020-08-26,4.7,33.83263,3.143958,15549652181.984,15549652181.984,3326796000,3326796000,False
2020-08-27,4.93,35.488269,3.297811,16310592607.911,16310592607.911,3326796000,3326796000,False
2020-08-28,4.95,27.890758,3.07497,16376761340.601,16376761340.601,3326796000,3326796000,False
2020-08-31,4.87,27.439998,3.025274,16112086409.843,16112086409.843,3326796000,3326796000,False
2020-09-01,4.84,27.270963,3.006638,16012833310.809,16012833310.809,3326796000,3326796000,False
2020-09-02,4.79,26.989238,2.975577,15847411479.086,15847411479.086,3326796000,3326796000,False
2020-09-03,4.73,26.651168,2.938305,15648905281.018,15648905281.018,3326796000,3326796000,False
2020-09-04,4.74,26.707513,2.944517,15681989647.363,15681989647.363,3326796000,3326796000,False
2020-09-07,4.7,26.482133,2.919669,15549652181.984,15549652181.984,3326796000,3326796000,False
2020-09-08,4.71,26.538478,2.925881,15582736548.329,15582736548.329,3326796000,3326796000,False
2020-09-09,4.88,27.496343,3.031486,16145170776.188,16145170776.188,3326796000,3326796000,False
2020-09-10,4.7,26.482133,2.919669,15549652181.984,15549652181.984,3326796000,3326796000,False
2020-09-11,4.73,26.651168,2.938305,15648905281.018,15648905281.018,3326796000,3326796000,False
2020-09-14,4.69,26.425789,2.913457,15516567815.64,15516567815.64,3326796000,3326796000,False
2020-09-15,4.73,26.651168,2.938305,15648905281.018,15648905281.018,3326796000,3326796000,False
2020-09-16,4.67,26.313099,2.901033,15450399082.95,15450399082.95,3326796000,3326796000,False
2020-09-17,4.65,26.200409,2.888608,15384230350.261,15384230350.261,3326796000,3326796000,False
2020-09-18,4.72,26.594823,2.932093,15615820914.674,15615820914.674,3326796000,3326796000,False
2020-09-21,4.73,26.651168,2.938305,15648905281.018,15648905281.018,3326796000,3326796000,False
2020-09-22,4.63,26.087719,2.876184,15318061617.572,15318061617.572,3326796000,3326796000,False
2020-09-23,4.62,26.031374,2.869972,15284977251.227,15284977251.227,3326796000,3326796000,False
2020-09-24,4.43,24.960819,2.751943,14656374290.679,14656374290.679,3326796000,3326796000,False
2020-09-25,4.29,24.17199,2.664974,14193193161.854,14193193161.854,3326796000,3326796000,False
2020-09-28,4.1,23.101436,2.546945,13564590201.305,13564590201.305,3326796000,3326796000,False
2020-09-29,4.13,23.27047,2.565581,13663843300.339,13663843300.339,3326796000,3326796000,False
2020-09-30,4.14,23.326815,2.571793,13696927666.684,13696927666.684,3326796000,3326796000,False
2020-10-09,4.27,24.0593,2.65255,14127024429.164,14127024429.164,3326796000,3326796000,False
2020-10-12,4.66,26.256754,2.89482,15417314716.606,15417314716.606,3326796000,3326796000,False
2020-10-13,4.56,25.693304,2.8327,15086471053.159,15086471053.159,3326796000,3326796000,False
2020-10-14,4.56,25.693304,2.8327,15086471053.159,15086471053.159,3326796000,3326796000,False
2020-10-15,4.52,25.467924,2.807852,14954133587.781,14954133587.781,3326796000,3326796000,False
2020-10-16,4.42,24.904474,2.745731,14623289924.334,14623289924.334,3326796000,3326796000,False
2020-10-19,4.4,24.791785,2.733307,14557121191.645,14557121191.645,3326796000,3326796000,False
2020-10-20,4.44,25.017164,2.758155,14689458657.023,14689458657.023,3326796000,3326796000,False
2020-10-21,4.34,24.453715,2.696035,14358614993.577,14358614993.577,3326796000,3326796000,False
2020-10-22,4.29,24.17199,2.664974,14193193161.854,14193193161.854,3326796000,3326796000,False
2020-10-23,4.25,23.94661,2.640126,14060855696.475,14060855696.475,3326796000,3326796000,False
2020-10-26,4.23,23.83392,2.627702,13994686963.786,13994686963.786,3326796000,3326796000,False
2020-10-27,4.21,23.72123,2.615278,13928518231.097,13928518231.097,3326796000,3326796000,False
2020-10-28,4.24,23.890265,2.633914,14027771330.131,14027771330.131,3326796000,3326796000,False
2020-10-29,4.19,23.60854,2.602854,13862349498.407,13862349498.407,3326796000,3326796000,False
2020-10-30,4.12,23.976947,2.493608,13630758933.995,13630758933.995,3326796000,3326796000,False
2020-11-02,4.04,23.511375,2.445188,13366084003.238,13366084003.238,3326796000,3326796000,False
2020-11-03,4.12,23.976947,2.493608,13630758933.995,13630758933.995,3326796000,3326796000,False
2020-11-04,4.11,23.918751,2.487556,13597674567.65,13597674567.65,3326796000,3326796000,False
2020-11-05,4.24,24.675305,2.566237,14027771330.131,14027771330.131,3326796000,3326796000,False
2020-11-06,4.19,24.384322,2.535975,13862349498.407,13862349498.407,3326796000,3326796000,False
2020-11-09,4.25,24.733501,2.57229,14060855696.475,14060855696.475,3326796000,3326796000,False
2020-11-10,4.17,24.267929,2.52387,13796180765.718,13796180765.718,3326796000,3326796000,False
2020-11-11,4.1,23.860554,2.481503,13564590201.305,13564590201.305,3326796000,3326796000,False
2020-11-12,4.1,23.860554,2.481503,13564590201.305,13564590201.305,3326796000,3326796000,False
2020-11-13,4.11,23.918751,2.487556,13597674567.65,13597674567.65,3326796000,3326796000,False
2020-11-16,4.17,24.267929,2.52387,13796180765.718,13796180765.718,3326796000,3326796000,False
2020-11-17,4.12,23.976947,2.493608,13630758933.995,13630758933.995,3326796000,3326796000,False
2020-11-18,4.12,23.976947,2.493608,13630758933.995,13630758933.995,3326796000,3326796000,False
2020-11-19,4.11,23.918751,2.487556,13597674567.65,13597674567.65,3326796000,3326796000,False
2020-11-20,4.13,24.035144,2.49966,13663843300.339,13663843300.339,3326796000,3326796000,False
2020-11-23,4.18,24.326126,2.529923,13829265132.063,13829265132.063,3326796000,3326796000,False
2020-11-24,4.25,24.733501,2.57229,14060855696.475,14060855696.475,3326796000,3326796000,False
2020-11-25,4.15,24.151537,2.511765,13730012033.029,13730012033.029,3326796000,3326796000,False
2020-11-26,4.16,24.209733,2.517818,13763096399.373,13763096399.373,3326796000,3326796000,False
2020-11-27,4.13,24.035144,2.49966,13663843300.339,13663843300.339,3326796000,3326796000,False
2020-11-30,4.11,23.918751,2.487556,13597674567.65,13597674567.65,3326796000,3326796000,False
2020-12-01,4.13,24.035144,2.49966,13663843300.339,13663843300.339,3326796000,3326796000,False
2020-12-02,4.14,24.09334,2.505713,13696927666.684,13696927666.684,3326796000,3326796000,False
2020-12-03,4.16,24.209733,2.517818,13763096399.373,13763096399.373,3326796000,3326796000,False
2020-12-04,4.13,24.035144,2.49966,13663843300.339,13663843300.339,3326796000,3326796000,False
2020-12-07,4.13,24.035144,2.49966,13663843300.339,13663843300.339,3326796000,3326796000,False
2020-12-08,4.11,23.918751,2.487556,13597674567.65,13597674567.65,3326796000,3326796000,False
2020-12-09,4.06,23.627768,2.457293,13432252735.927,13432252735.927,3326796000,3326796000,False
2020-12-10,4.07,23.685965,2.463346,13465337102.272,13465337102.272,3326796000,3326796000,False
2020-12-11,4.03,23.453179,2.439136,13332999636.893,13332999636.893,3326796000,3326796000,False
2020-12-14,4.01,23.336786,2.427031,13266830904.204,13266830904.204,3326796000,3326796000,False
2020-12-15,4.0,23.278589,2.420979,13233746537.859,13233746537.859,3326796000,3326796000,False
2020-12-16,3.92,22.813018,2.372559,12969071607.102,12969071607.102,3326796000,3326796000,False
2020-12-17,3.9,22.696625,2.360454,12902902874.413,12902902874.413,3326796000,3326796000,False
2020-12-18,3.88,22.580232,2.348349,12836734141.723,12836734141.723,3326796000,3326796000,False
2020-12-21,3.96,23.045804,2.396769,13101409072.48,13101409072.48,3326796000,3326796000,False
2020-12-22,4.23,24.617108,2.560185,13994686963.786,13994686963.786,3326796000,3326796000,False
2020-12-23,4.11,23.918751,2.487556,13597674567.65,13597674567.65,3326796000,3326796000,False
2020-12-24,4.34,25.25727,2.626762,14358614993.577,14358614993.577,3326796000,3326796000,False
2020-12-25,4.32,25.140877,2.614657,14292446260.888,14292446260.888,3326796000,3326796000,False
2020-12-28,4.26,24.791698,2.578342,14093940062.82,14093940062.82,3326796000,3326796000,False
2020-12-29,4.22,24.558912,2.554132,13961602597.441,13961602597.441,3326796000,3326796000,False
2020-12-30,4.15,24.151537,2.511765,13730012033.029,13730012033.029,3326796000,3326796000,False
2020-12-31,4.15,24.151537,2.511765,13730012033.029,13730012033.029,3326796000,3326796000,False
2021-01-04,4.22,24.558912,2.554132,13961602597.441,13961602597.441,3326796000,3326796000,False
2021-01-05,4.15,24.151537,2.511765,13730012033.029,13730012033.029,3326796000,3326796000,False
2021-01-06,4.02,23.394982,2.433083,13299915270.548,13299915270.548,3326796000,3326796000,False
2021-01-07,3.92,22.813018,2.372559,12969071607.102,12969071607.102,3326796000,3326796000,False
2021-01-08,4.0,23.278589,2.420979,13233746537.859,13233746537.859,3326796000,3326796000,False
2021-01-11,3.88,22.580232,2.348349,12836734141.723,12836734141.723,3326796000,3326796000,False
2021-01-12,3.89,22.638428,2.354402,12869818508.068,12869818508.068,3326796000,3326796000,False
2021-01-13,3.96,23.045804,2.396769,13101409072.48,13101409072.48,3326796000,3326796000,False
2021-01-14,3.91,22.754821,2.366507,12935987240.757,12935987240.757,3326796000,3326796000,False
2021-01-15,3.89,22.638428,2.354402,12869818508.068,12869818508.068,3326796000,3326796000,False
2021-01-18,3.9,22.696625,2.360454,12902902874.413,12902902874.413,3326796000,3326796000,False
2021-01-19,3.93,22.871214,2.378611,13002155973.446,13002155973.446,3326796000,3326796000,False
2021-01-20,3.93,22.871214,2.378611,13002155973.446,13002155973.446,3326796000,3326796000,False
2021-01-21,3.91,22.754821,2.366507,12935987240.757,12935987240.757,3326796000,3326796000,False
2021-01-22,3.94,22.929411,2.384664,13035240339.791,13035240339.791,3326796000,3326796000,False
2021-01-25,3.8,22.11466,2.29993,12572059210.966,12572059210.966,3326796000,3326796000,False
2021-01-26,3.74,21.765481,2.263615,12373553012.898,12373553012.898,3326796000,3326796000,False
2021-01-27,3.78,21.998267,2.287825,12505890478.277,12505890478.277,3326796000,3326796000,False
2021-01-28,3.72,21.649088,2.25151,12307384280.209,12307384280.209,3326796000,3326796000,False
2021-01-29,3.62,21.067123,2.190986,11976540616.762,11976540616.762,3326796000,3326796000,False
2021-02-01,3.56,20.717945,2.154671,11778034418.695,11778034418.695,3326796000,3326796000,False
2021-02-02,3.56,20.717945,2.154671,11778034418.695,11778034418.695,3326796000,3326796000,False
2021-02-03,3.41,19.844997,2.063884,11281768923.525,11281768923.525,3326796000,3326796000,False
2021-02-04,3.33,19.379426,2.015465,11017093992.768,11017093992.768,3326796000,3326796000,False
2021-02-05,3.37,19.612212,2.039674,11149431458.146,11149431458.146,3326796000,3326796000,False
2021-02-08,3.45,20.077783,2.088094,11414106388.903,11414106388.903,3326796000,3326796000,False
2021-02-09,3.49,20.310569,2.112304,11546443854.282,11546443854.282,3326796000,3326796000,False
2021-02-10,3.5,20.368766,2.118356,11579528220.627,11579528220.627,3326796000,3326796000,False
2021-02-18,3.52,20.485159,2.130461,11645696953.316,11645696953.316,3326796000,3326796000,False
2021-02-19,3.62,21.067123,2.190986,11976540616.762,11976540616.762,3326796000,3326796000,False
2021-02-22,3.75,21.823678,2.269667,12406637379.243,12406637379.243,3326796000,3326796000,False
2021-02-23,3.69,21.474499,2.233353,12208131181.175,12208131181.175,3326796000,3326796000,False
2021-02-24,3.65,21.241713,2.209143,12075793715.796,12075793715.796,3326796000,3326796000,False
2021-02-25,3.6,20.95073,2.178881,11910371884.073,11910371884.073,3326796000,3326796000,False
2021-02-26,3.66,19.887107,2.215195,12108878082.141,12108878082.141,3326796000,3326796000,False
2021-03-01,3.69,20.050116,2.233353,12208131181.175,12208131181.175,3326796000,3326796000,False
2021-03-02,3.78,20.539143,2.287825,12505890478.277,12505890478.277,3326796000,3326796000,False
2021-03-03,3.78,20.539143,2.287825,12505890478.277,12505890478.277,3326796000,3326796000,False
2021-03-04,3.74,20.321798,2.263615,12373553012.898,12373553012.898,3326796000,3326796000,False
2021-03-05,3.75,20.376134,2.269667,12406637379.243,12406637379.243,3326796000,3326796000,False
2021-03-08,3.69,20.050116,2.233353,12208131181.175,12208131181.175,3326796000,3326796000,False
2021-03-09,3.62,19.669762,2.190986,11976540616.762,11976540616.762,3326796000,3326796000,False
2021-03-10,3.53,19.180734,2.136514,11678781319.661,11678781319.661,3326796000,3326796000,False
2021-03-11,3.58,19.452416,2.166776,11844203151.384,11844203151.384,3326796000,3326796000,False
2021-03-12,3.67,19.941443,2.221248,12141962448.486,12141962448.486,3326796000,3326796000,False
2021-03-15,3.76,20.430471,2.27572,12439721745.587,12439721745.587,3326796000,3326796000,False
2021-03-16,4.14,22.495252,2.505713,13696927666.684,13696927666.684,3326796000,3326796000,False
2021-03-17,4.09,22.22357,2.475451,13531505834.961,13531505834.961,3326796000,3326796000,False
2021-03-18,4.1,22.277907,2.481503,13564590201.305,13564590201.305,3326796000,3326796000,False
2021-03-19,4.02,21.843216,2.433083,13299915270.548,13299915270.548,3326796000,3326796000,False
2021-03-22,4.07,22.114898,2.463346,13465337102.272,13465337102.272,3326796000,3326796000,False
2021-03-23,3.92,21.299852,2.372559,12969071607.102,12969071607.102,3326796000,3326796000,False
2021-03-24,3.93,21.354189,2.378611,13002155973.446,13002155973.446,3326796000,3326796000,False
2021-03-25,3.89,21.136843,2.354402,12869818508.068,12869818508.068,3326796000,3326796000,False
2021-03-26,3.91,21.245516,2.366507,12935987240.757,12935987240.757,3326796000,3326796000,False
2021-03-29,3.98,21.625871,2.408874,13167577805.17,13167577805.17,3326796000,3326796000,False
2021-03-30,3.85,20.919498,2.330192,12737481042.689,12737481042.689,3326796000,3326796000,False
2021-03-31,3.83,20.810825,2.318087,12671312310.0,12671312310.0,3326796000,3326796000,False
2021-04-01,3.84,20.865162,2.324139,12704396676.345,12704396676.345,3326796000,3326796000,False
2021-04-02,3.77,20.484807,2.281772,12472806111.932,12472806111.932,3326796000,3326796000,False
2021-04-06,3.89,21.136843,2.354402,12869818508.068,12869818508.068,3326796000,3326796000,False
2021-04-07,3.89,21.136843,2.354402,12869818508.068,12869818508.068,3326796000,3326796000,False
2021-04-08,3.85,20.919498,2.330192,12737481042.689,12737481042.689,3326796000,3326796000,False
2021-04-09,3.86,20.973834,2.336244,12770565409.034,12770565409.034,3326796000,3326796000,False
2021-04-12,3.84,20.865162,2.324139,12704396676.345,12704396676.345,3326796000,3326796000,False
2021-04-13,3.74,20.321798,2.263615,12373553012.898,12373553012.898,3326796000,3326796000,False
2021-04-14,3.76,20.430471,2.27572,12439721745.587,12439721745.587,3326796000,3326796000,False
2021-04-15,3.69,20.050116,2.233353,12208131181.175,12208131181.175,3326796000,3326796000,False
2021-04-16,3.73,20.267462,2.257563,12340468646.554,12340468646.554,3326796000,3326796000,False
2021-04-19,3.78,20.539143,2.287825,12505890478.277,12505890478.277,3326796000,3326796000,False
2021-04-20,3.75,20.376134,2.269667,12406637379.243,12406637379.243,3326796000,3326796000,False
2021-04-21,3.72,20.213125,2.25151,12307384280.209,12307384280.209,3326796000,3326796000,False
2021-04-22,3.82,20.756489,2.312035,12638227943.655,12638227943.655,3326796000,3326796000,False
2021-04-23,3.8,20.647816,2.29993,12572059210.966,12572059210.966,3326796000,3326796000,False
2021-04-26,3.76,20.430471,2.27572,12439721745.587,12439721745.587,3326796000,3326796000,False
2021-04-27,3.73,20.267462,2.257563,12340468646.554,12340468646.554,3326796000,3326796000,False
2021-04-28,3.71,20.158789,2.245458,12274299913.864,12274299913.864,3326796000,3326796000,False
2021-04-29,3.74,20.321798,2.263615,12373553012.898,12373553012.898,3326796000,3326796000,False
2021-04-30,3.69,20.004059,2.109293,12208131181.175,12208131181.175,3326796000,3326796000,False
2021-05-06,3.66,19.841425,2.092144,12108878082.141,12108878082.141,3326796000,3326796000,False
2021-05-07,3.62,19.624578,2.069279,11976540616.762,11976540616.762,3326796000,3326796000,False
2021-05-10,3.57,19.353521,2.040698,11811118785.039,11811118785.039,3326796000,3326796000,False
2021-05-11,3.64,19.733002,2.080711,12042709349.452,12042709349.452,3326796000,3326796000,False
2021-05-12,3.68,19.949848,2.103576,12175046814.83,12175046814.83,3326796000,3326796000,False
2021-05-13,3.65,19.787213,2.086428,12075793715.796,12075793715.796,3326796000,3326796000,False
2021-05-14,3.67,19.895636,2.09786,12141962448.486,12141962448.486,3326796000,3326796000,False
2021-05-17,3.67,19.895636,2.09786,12141962448.486,12141962448.486,3326796000,3326796000,False
2021-05-18,3.68,19.949848,2.103576,12175046814.83,12175046814.83,3326796000,3326796000,False
2021-05-19,3.64,19.733002,2.080711,12042709349.452,12042709349.452,3326796000,3326796000,False
2021-05-20,3.63,19.67879,2.074995,12009624983.107,12009624983.107,3326796000,3326796000,False
2021-05-21,3.63,19.67879,2.074995,12009624983.107,12009624983.107,3326796000,3326796000,False
2021-05-24,3.61,19.570367,2.063563,11943456250.418,11943456250.418,3326796000,3326796000,False
2021-05-25,3.62,19.624578,2.069279,11976540616.762,11976540616.762,3326796000,3326796000,False
2021-05-26,3.67,19.895636,2.09786,12141962448.486,12141962448.486,3326796000,3326796000,False
2021-05-27,3.67,19.895636,2.09786,12141962448.486,12141962448.486,3326796000,3326796000,False
2021-05-28,3.66,19.841425,2.092144,12108878082.141,12108878082.141,3326796000,3326796000,False
2021-05-31,3.7,20.058271,2.115009,12241215547.52,12241215547.52,3326796000,3326796000,False
2021-06-01,3.69,20.004059,2.109293,12208131181.175,12208131181.175,3326796000,3326796000,False
2021-06-02,3.67,19.895636,2.09786,12141962448.486,12141962448.486,3326796000,3326796000,False
2021-06-03,3.66,19.841425,2.092144,12108878082.141,12108878082.141,3326796000,3326796000,False
2021-06-04,3.66,19.841425,2.092144,12108878082.141,12108878082.141,3326796000,3326796000,False
2021-06-07,3.62,19.624578,2.069279,11976540616.762,11976540616.762,3326796000,3326796000,False
2021-06-08,3.61,19.570367,2.063563,11943456250.418,11943456250.418,3326796000,3326796000,False
2021-06-09,3.62,19.624578,2.069279,11976540616.762,11976540616.762,3326796000,3326796000,False
2021-06-10,3.62,19.624578,2.069279,11976540616.762,11976540616.762,3326796000,3326796000,False
2021-06-11,3.6,19.516155,2.057846,11910371884.073,11910371884.073,3326796000,3326796000,False
2021-06-15,3.58,19.407732,2.046414,11844203151.384,11844203151.384,3326796000,3326796000,False
2021-06-16,3.53,19.136675,2.017833,11678781319.661,11678781319.661,3326796000,3326796000,False
2021-06-17,3.55,19.245098,2.029265,11744950052.35,11744950052.35,3326796000,3326796000,False
2021-06-18,3.57,19.353521,2.040698,11811118785.039,11811118785.039,3326796000,3326796000,False
2021-06-21,3.58,19.407732,2.046414,11844203151.384,11844203151.384,3326796000,3326796000,False
2021-06-22,3.59,19.461944,2.05213,11877287517.728,11877287517.728,3326796000,3326796000,False
2021-06-23,3.57,19.353521,2.040698,11811118785.039,11811118785.039,3326796000,3326796000,False
2021-06-24,3.62,19.624578,2.069279,11976540616.762,11976540616.762,3326796000,3326796000,False
2021-06-25,3.63,19.67879,2.074995,12009624983.107,12009624983.107,3326796000,3326796000,False
2021-06-28,3.6,19.516155,2.057846,11910371884.073,11910371884.073,3326796000,3326796000,False
2021-06-29,3.59,19.461944,2.05213,11877287517.728,11877287517.728,3326796000,3326796000,False
2021-06-30,3.58,19.407732,2.046414,11844203151.384,11844203151.384,3326796000,3326796000,False
2021-07-01,3.53,19.136675,2.017833,11678781319.661,11678781319.661,3326796000,3326796000,False
2021-07-02,3.5,18.97404,2.000684,11579528220.627,11579528220.627,3326796000,3326796000,False
2021-07-05,3.53,19.136675,2.017833,11678781319.661,11678781319.661,3326796000,3326796000,False
2021-07-06,3.53,19.136675,2.017833,11678781319.661,11678781319.661,3326796000,3326796000,False
2021-07-07,3.51,19.028251,2.0064,11612612586.971,11612612586.971,3326796000,3326796000,False
2021-07-08,3.47,18.811405,1.983535,11480275121.593,11480275121.593,3326796000,3326796000,False
2021-07-09,3.54,19.190886,2.023549,11711865686.005,11711865686.005,3326796000,3326796000,False
2021-07-12,3.53,19.136675,2.017833,11678781319.661,11678781319.661,3326796000,3326796000,False
2021-07-13,3.55,19.245098,2.029265,11744950052.35,11744950052.35,3326796000,3326796000,False
2021-07-14,3.51,19.028251,2.0064,11612612586.971,11612612586.971,3326796000,3326796000,False
2021-07-15,3.48,18.865617,1.989252,11513359487.937,11513359487.937,3326796000,3326796000,False
2021-07-16,3.45,18.702982,1.972103,11414106388.903,11414106388.903,3326796000,3326796000,False
2021-07-19,3.44,18.648771,1.966387,11381022022.559,11381022022.559,3326796000,3326796000,False
2021-07-20,3.51,19.028251,2.0064,11612612586.971,11612612586.971,3326796000,3326796000,False
2021-07-21,3.49,18.919828,1.994968,11546443854.282,11546443854.282,3326796000,3326796000,False
2021-07-22,3.5,18.97404,2.000684,11579528220.627,11579528220.627,3326796000,3326796000,False
2021-07-23,3.57,19.353521,2.040698,11811118785.039,11811118785.039,3326796000,3326796000,False
2021-07-26,3.72,20.166694,2.126441,12307384280.209,12307384280.209,3326796000,3326796000,False
2021-07-27,3.56,19.299309,2.034981,11778034418.695,11778034418.695,3326796000,3326796000,False
2021-07-28,3.51,19.028251,2.0064,11612612586.971,11612612586.971,3326796000,3326796000,False
2021-07-29,3.53,19.136675,2.017833,11678781319.661,11678781319.661,3326796000,3326796000,False
2021-07-30,3.64,19.733002,2.080711,12042709349.452,12042709349.452,3326796000,3326796000,False
2021-08-02,3.65,19.787213,2.086428,12075793715.796,12075793715.796,3326796000,3326796000,False
2021-08-03,3.73,20.220905,2.132158,12340468646.554,12340468646.554,3326796000,3326796000,False
2021-08-04,3.74,20.275117,2.137874,12373553012.898,12373553012.898,3326796000,3326796000,False
2021-08-05,3.77,20.437752,2.155023,12472806111.932,12472806111.932,3326796000,3326796000,False
2021-08-06,3.73,20.220905,2.132158,12340468646.554,12340468646.554,3326796000,3326796000,False
2021-08-09,3.74,20.275117,2.137874,12373553012.898,12373553012.898,3326796000,3326796000,False
2021-08-10,3.86,20.925655,2.206469,12770565409.034,12770565409.034,3326796000,3326796000,False
2021-08-11,4.25,23.039906,2.429402,14060855696.475,14060855696.475,3326796000,3326796000,False
2021-08-12,4.34,23.527809,2.480848,14358614993.577,14358614993.577,3326796000,3326796000,False
2021-08-13,4.43,24.015713,2.532294,14656374290.679,14656374290.679,3326796000,3326796000,False
2021-08-16,4.29,23.256752,2.452267,14193193161.854,14193193161.854,3326796000,3326796000,False
2021-08-17,4.1,22.226732,2.343658,13564590201.305,13564590201.305,3326796000,3326796000,False
2021-08-18,4.51,24.449406,2.578024,14921049221.436,14921049221.436,3326796000,3326796000,False
2021-08-19,4.36,23.636233,2.492281,14424783726.266,14424783726.266,3326796000,3326796000,False
2021-08-20,4.22,22.877271,2.412253,13961602597.441,13961602597.441,3326796000,3326796000,False
2021-08-23,4.24,22.985694,2.423686,14027771330.131,14027771330.131,3326796000,3326796000,False
2021-08-24,4.22,22.877271,2.412253,13961602597.441,13961602597.441,3326796000,3326796000,False
2021-08-25,4.16,22.552002,2.377956,13763096399.373,13763096399.373,3326796000,3326796000,False
2021-08-26,4.19,22.714636,2.395105,13862349498.407,13862349498.407,3326796000,3326796000,False
2021-08-27,4.33,23.473598,2.475132,14325530627.232,14325530627.232,3326796000,3326796000,False
2021-08-30,4.49,20.811503,2.475459,14854880488.747,14854880488.747,3326796000,3326796000,False
2021-08-31,4.45,20.6261,2.453406,14722543023.368,14722543023.368,3326796000,3326796000,False
2021-09-01,4.34,20.116241,2.39276,14358614993.577,14358614993.577,3326796000,3326796000,False
2021-09-02,4.51,20.904205,2.486486,14921049221.436,14921049221.436,3326796000,3326796000,False
2021-09-03,4.68,21.692168,2.580212,15483483449.295,15483483449.295,3326796000,3326796000,False
2021-09-06,4.63,21.460414,2.552645,15318061617.572,15318061617.572,3326796000,3326796000,False
2021-09-07,4.66,21.599466,2.569185,15417314716.606,15417314716.606,3326796000,3326796000,False
2021-09-08,4.55,21.089608,2.508539,15053386686.815,15053386686.815,3326796000,3326796000,False
2021-09-09,4.55,21.089608,2.508539,15053386686.815,15053386686.815,3326796000,3326796000,False
2021-09-10,4.87,22.572833,2.684964,16112086409.843,16112086409.843,3326796000,3326796000,False
2021-09-13,4.87,22.572833,2.684964,16112086409.843,16112086409.843,3326796000,3326796000,False
2021-09-14,4.68,21.692168,2.580212,15483483449.295,15483483449.295,3326796000,3326796000,False
2021-09-15,4.79,22.202027,2.640858,15847411479.086,15847411479.086,3326796000,3326796000,False
2021-09-16,4.69,21.738519,2.585725,15516567815.64,15516567815.64,3326796000,3326796000,False
2021-09-17,4.66,21.599466,2.569185,15417314716.606,15417314716.606,3326796000,3326796000,False
2021-09-22,4.92,22.804587,2.71253,16277508241.567,16277508241.567,3326796000,3326796000,False
2021-09-23,4.87,22.572833,2.684964,16112086409.843,16112086409.843,3326796000,3326796000,False
2021-09-24,4.71,21.83122,2.596751,15582736548.329,15582736548.329,3326796000,3326796000,False
2021-09-27,4.34,20.116241,2.39276,14358614993.577,14358614993.577,3326796000,3326796000,False
2021-09-28,4.46,20.672451,2.45892,14755627389.713,14755627389.713,3326796000,3326796000,False
2021-09-29,4.38,20.301644,2.414813,14490952458.956,14490952458.956,3326796000,3326796000,False
2021-09-30,4.55,21.089608,2.508539,15053386686.815,15053386686.815,3326796000,3326796000,False
2021-10-08,4.54,21.043257,2.503026,15020302320.47,15020302320.47,3326796000,3326796000,False
2021-10-11,4.35,20.162592,2.398274,14391699359.922,14391699359.922,3326796000,3326796000,False
2021-10-12,4.19,19.420979,2.310061,13862349498.407,13862349498.407,3326796000,3326796000,False
2021-10-13,4.21,19.513681,2.321088,13928518231.097,13928518231.097,3326796000,3326796000,False
2021-10-14,4.22,19.560032,2.326601,13961602597.441,13961602597.441,3326796000,3326796000,False
2021-10-15,4.15,19.235576,2.288008,13730012033.029,13730012033.029,3326796000,3326796000,False
2021-10-18,4.23,19.606383,2.332114,13994686963.786,13994686963.786,3326796000,3326796000,False
2021-10-19,4.28,19.838136,2.359681,14160108795.509,14160108795.509,3326796000,3326796000,False
2021-10-20,4.3,19.930838,2.370707,14226277528.198,14226277528.198,3326796000,3326796000,False
2021-10-21,4.29,19.884487,2.365194,14193193161.854,14193193161.854,3326796000,3326796000,False
2021-10-22,4.19,19.420979,2.310061,13862349498.407,13862349498.407,3326796000,3326796000,False
2021-10-25,4.32,20.02354,2.381734,14292446260.888,14292446260.888,3326796000,3326796000,False
2021-10-26,4.31,19.977189,2.376221,14259361894.543,14259361894.543,3326796000,3326796000,False
2021-10-27,4.4,20.394346,2.42584,14557121191.645,14557121191.645,3326796000,3326796000,False
2021-10-28,4.41,20.440697,2.431353,14590205557.99,14590205557.99,3326796000,3326796000,False
2021-10-29,4.32,18.337109,2.287148,14292446260.888,14292446260.888,3326796000,3326796000,False
2021-11-01,4.55,19.31339,2.408917,15053386686.815,15053386686.815,3326796000,3326796000,False
2021-11-02,4.42,18.761579,2.340091,14623289924.334,14623289924.334,3326796000,3326796000,False
2021-11-03,4.29,18.209768,2.271265,14193193161.854,14193193161.854,3326796000,3326796000,False
2021-11-04,4.65,19.73786,2.46186,15384230350.261,15384230350.261,3326796000,3326796000,False
2021-11-05,4.49,19.058708,2.377151,14854880488.747,14854880488.747,3326796000,3326796000,False
2021-11-08,4.77,20.247225,2.525392,15781242746.397,15781242746.397,3326796000,3326796000,False
2021-11-09,4.88,20.714142,2.58363,16145170776.188,16145170776.188,3326796000,3326796000,False
2021-11-10,4.98,21.138612,2.636573,16476014439.634,16476014439.634,3326796000,3326796000,False
2021-11-11,4.92,20.88393,2.604807,16277508241.567,16277508241.567,3326796000,3326796000,False
2021-11-12,5.22,22.15734,2.763637,17270039231.906,17270039231.906,3326796000,3326796000,False
2021-11-15,5.22,22.15734,2.763637,17270039231.906,17270039231.906,3326796000,3326796000,False
2021-11-16,5.34,22.666704,2.827169,17667051628.042,17667051628.042,3326796000,3326796000,False
2021-11-17,5.87,24.916396,3.107768,19420523044.308,19420523044.308,3326796000,3326796000,False
2021-11-18,5.72,24.279691,3.028353,18924257549.138,18924257549.138,3326796000,3326796000,False
2021-11-19,5.64,23.940115,2.985998,18659582618.381,18659582618.381,3326796000,3326796000,False
2021-11-22,5.56,23.600539,2.943644,18394907687.624,18394907687.624,3326796000,3326796000,False
2021-11-23,5.33,22.624257,2.821874,17633967261.697,17633967261.697,3326796000,3326796000,False
2021-11-24,5.15,21.860211,2.726577,17038448667.493,17038448667.493,3326796000,3326796000,False
2021-11-25,5.18,21.987552,2.74246,17137701766.527,17137701766.527,3326796000,3326796000,False
2021-11-26,5.19,22.029999,2.747754,17170786132.872,17170786132.872,3326796000,3326796000,False
2021-11-29,5.3,22.496916,2.805991,17534714162.663,17534714162.663,3326796000,3326796000,False
2021-11-30,5.22,22.15734,2.763637,17270039231.906,17270039231.906,3326796000,3326796000,False
2021-12-01,5.2,22.072446,2.753048,17203870499.217,17203870499.217,3326796000,3326796000,False
2021-12-02,4.99,21.181059,2.641867,16509098805.979,16509098805.979,3326796000,3326796000,False
2021-12-03,5.07,21.520635,2.684222,16773773736.736,16773773736.736,3326796000,3326796000,False
2021-12-06,5.58,23.685433,2.954233,18461076420.313,18461076420.313,3326796000,3326796000,False
2021-12-07,5.66,24.025009,2.996587,18725751351.07,18725751351.07,3326796000,3326796000,False
2021-12-08,5.76,24.449479,3.04953,19056595014.517,19056595014.517,3326796000,3326796000,False
2021-12-09,5.59,23.72788,2.959527,18494160786.658,18494160786.658,3326796000,3326796000,False
2021-12-10,5.52,23.43075,2.922467,18262570222.245,18262570222.245,3326796000,3326796000,False
2021-12-13,5.54,23.515645,2.933055,18328738954.935,18328738954.935,3326796000,3326796000,False
2021-12-14,5.51,23.388303,2.917172,18229485855.901,18229485855.901,3326796000,3326796000,False
2021-12-15,5.57,23.642986,2.948938,18427992053.969,18427992053.969,3326796000,3326796000,False
2021-12-16,5.6,23.770327,2.964821,18527245153.003,18527245153.003,3326796000,3326796000,False
2021-12-17,5.65,23.982562,2.991293,18692666984.726,18692666984.726,3326796000,3326796000,False
2021-12-20,5.64,23.940115,2.985998,18659582618.381,18659582618.381,3326796000,3326796000,False
2021-12-21,5.47,23.218515,2.895995,18097148390.522,18097148390.522,3326796000,3326796000,False
2021-12-22,5.5,23.345856,2.911878,18196401489.556,18196401489.556,3326796000,3326796000,False
2021-12-23,5.49,23.303409,2.906584,18163317123.211,18163317123.211,3326796000,3326796000,False
2021-12-24,5.12,21.73287,2.710694,16939195568.46,16939195568.46,3326796000,3326796000,False
2021-12-27,5.22,22.15734,2.763637,17270039231.906,17270039231.906,3326796000,3326796000,False
2021-12-28,5.19,22.029999,2.747754,17170786132.872,17170786132.872,3326796000,3326796000,False
2021-12-29,5.13,21.775317,2.715988,16972279934.804,16972279934.804,3326796000,3326796000,False
2021-12-30,5.14,21.817764,2.721282,17005364301.149,17005364301.149,3326796000,3326796000,False
2021-12-31,5.17,21.945105,2.737165,17104617400.183,17104617400.183,3326796000,3326796000,False
2022-01-04,5.19,22.029999,2.747754,17170786132.872,17170786132.872,3326796000,3326796000,False
2022-01-05,5.09,21.605529,2.694811,16839942469.426,16839942469.426,3326796000,3326796000,False
2022-01-06,5.11,21.690423,2.705399,16906111202.115,16906111202.115,3326796000,3326796000,False
2022-01-07,5.01,21.265953,2.652456,16575267538.668,16575267538.668,3326796000,3326796000,False
2022-01-10,5.01,21.265953,2.652456,16575267538.668,16575267538.668,3326796000,3326796000,False
2022-01-11,4.93,20.926377,2.610101,16310592607.911,16310592607.911,3326796000,3326796000,False
2022-01-12,5.17,21.945105,2.737165,17104617400.183,17104617400.183,3326796000,3326796000,False
2022-01-13,5.1,21.647976,2.700105,16873026835.77,16873026835.77,3326796000,3326796000,False
2022-01-14,5.02,21.3084,2.65775,16608351905.013,16608351905.013,3326796000,3326796000,False
2022-01-17,4.97,21.096165,2.631279,16442930073.29,16442930073.29,3326796000,3326796000,False
2022-01-18,5.01,21.265953,2.652456,16575267538.668,16575267538.668,3326796000,3326796000,False
2022-01-19,4.92,20.88393,2.604807,16277508241.567,16277508241.567,3326796000,3326796000,False
2022-01-20,4.7,19.950096,2.488332,15549652181.984,15549652181.984,3326796000,3326796000,False
2022-01-21,4.7,19.950096,2.488332,15549652181.984,15549652181.984,3326796000,3326796000,False
2022-01-24,4.7,19.950096,2.488332,15549652181.984,15549652181.984,3326796000,3326796000,False
2022-01-25,4.41,18.719132,2.334797,14590205557.99,14590205557.99,3326796000,3326796000,False
2022-01-26,4.55,19.31339,2.408917,15053386686.815,15053386686.815,3326796000,3326796000,False
2022-01-27,4.42,18.761579,2.340091,14623289924.334,14623289924.334,3326796000,3326796000,False
2022-01-28,4.5,19.101155,2.382446,14887964855.091,14887964855.091,3326796000,3326796000,False
2022-02-07,4.69,19.907649,2.483038,15516567815.64,15516567815.64,3326796000,3326796000,False
2022-02-08,4.72,20.03499,2.498921,15615820914.674,15615820914.674,3326796000,3326796000,False
2022-02-09,4.73,20.077437,2.504215,15648905281.018,15648905281.018,3326796000,3326796000,False
2022-02-10,4.72,20.03499,2.498921,15615820914.674,15615820914.674,3326796000,3326796000,False
2022-02-11,4.62,19.610519,2.445977,15284977251.227,15284977251.227,3326796000,3326796000,False
2022-02-14,4.56,19.355837,2.414212,15086471053.159,15086471053.159,3326796000,3326796000,False
2022-02-15,4.67,19.822754,2.472449,15450399082.95,15450399082.95,3326796000,3326796000,False
2022-02-16,4.67,19.822754,2.472449,15450399082.95,15450399082.95,3326796000,3326796000,False
2022-02-17,4.69,19.907649,2.483038,15516567815.64,15516567815.64,3326796000,3326796000,False
2022-02-18,4.7,19.950096,2.488332,15549652181.984,15549652181.984,3326796000,3326796000,False
2022-02-21,4.75,20.162331,2.514804,15715074013.708,15715074013.708,3326796000,3326796000,False
2022-02-22,4.75,20.162331,2.514804,15715074013.708,15715074013.708,3326796000,3326796000,False
2022-02-23,4.84,20.544354,2.562453,16012833310.809,16012833310.809,3326796000,3326796000,False
2022-02-24,4.76,20.204778,2.520098,15748158380.052,15748158380.052,3326796000,3326796000,False
2022-02-25,4.73,21.110593,2.504215,15648905281.018,15648905281.018,3326796000,3326796000,False
2022-02-28,4.69,20.932068,2.483038,15516567815.64,15516567815.64,3326796000,3326796000,False
2022-03-01,4.72,21.065962,2.498921,15615820914.674,15615820914.674,3326796000,3326796000,False
2022-03-02,4.68,20.887437,2.477743,15483483449.295,15483483449.295,3326796000,3326796000,False
2022-03-03,4.68,20.887437,2.477743,15483483449.295,15483483449.295,3326796000,3326796000,False
2022-03-04,4.55,20.30723,2.408917,15053386686.815,15053386686.815,3326796000,3326796000,False
2022-03-07,4.44,19.816286,2.35068,14689458657.023,14689458657.023,3326796000,3326796000,False
2022-03-08,4.26,19.012923,2.255382,14093940062.82,14093940062.82,3326796000,3326796000,False
2022-03-09,4.22,18.834398,2.234205,13961602597.441,13961602597.441,3326796000,3326796000,False
2022-03-10,4.26,19.012923,2.255382,14093940062.82,14093940062.82,3326796000,3326796000,False
2022-03-11,4.27,19.057554,2.260676,14127024429.164,14127024429.164,3326796000,3326796000,False
2022-03-14,4.13,18.432716,2.186556,13663843300.339,13663843300.339,3326796000,3326796000,False
2022-03-15,3.88,17.316935,2.054198,12836734141.723,12836734141.723,3326796000,3326796000,False
2022-03-16,4.01,17.897141,2.123024,13266830904.204,13266830904.204,3326796000,3326796000,False
2022-03-17,4.03,17.986404,2.133612,13332999636.893,13332999636.893,3326796000,3326796000,False
2022-03-18,4.06,18.120298,2.149495,13432252735.927,13432252735.927,3326796000,3326796000,False
2022-03-21,4.04,18.031035,2.138907,13366084003.238,13366084003.238,3326796000,3326796000,False
2022-03-22,4.03,17.986404,2.133612,13332999636.893,13332999636.893,3326796000,3326796000,False
2022-03-23,4.43,19.771655,2.345385,14656374290.679,14656374290.679,3326796000,3326796000,False
2022-03-24,4.24,18.92366,2.244793,14027771330.131,14027771330.131,3326796000,3326796000,False
2022-03-25,4.26,19.012923,2.255382,14093940062.82,14093940062.82,3326796000,3326796000,False
2022-03-28,4.36,19.459236,2.308325,14424783726.266,14424783726.266,3326796000,3326796000,False
2022-03-29,4.24,18.92366,2.244793,14027771330.131,14027771330.131,3326796000,3326796000,False
2022-03-30,4.33,19.325342,2.292442,14325530627.232,14325530627.232,3326796000,3326796000,False
2022-03-31,4.38,19.548498,2.318914,14490952458.956,14490952458.956,3326796000,3326796000,False
2022-04-01,4.31,19.236079,2.281853,14259361894.543,14259361894.543,3326796000,3326796000,False
2022-04-06,4.27,19.057554,2.260676,14127024429.164,14127024429.164,3326796000,3326796000,False
2022-04-07,4.12,18.388085,2.181261,13630758933.995,13630758933.995,3326796000,3326796000,False
2022-04-08,4.13,18.432716,2.186556,13663843300.339,13663843300.339,3326796000,3326796000,False
2022-04-11,4.02,17.941772,2.128318,13299915270.548,13299915270.548,3326796000,3326796000,False
2022-04-12,4.06,18.120298,2.149495,13432252735.927,13432252735.927,3326796000,3326796000,False
2022-04-13,4.0,17.85251,2.117729,13233746537.859,13233746537.859,3326796000,3326796000,False
2022-04-14,4.04,18.031035,2.138907,13366084003.238,13366084003.238,3326796000,3326796000,False
2022-04-15,3.97,17.718616,2.101846,13134493438.825,13134493438.825,3326796000,3326796000,False
2022-04-18,3.98,17.763247,2.107141,13167577805.17,13167577805.17,3326796000,3326796000,False
2022-04-19,4.01,17.897141,2.123024,13266830904.204,13266830904.204,3326796000,3326796000,False
2022-04-20,3.93,17.540091,2.080669,13002155973.446,13002155973.446,3326796000,3326796000,False
2022-04-21,3.74,16.692097,1.980077,12373553012.898,12373553012.898,3326796000,3326796000,False
2022-04-22,3.74,16.692097,1.980077,12373553012.898,12373553012.898,3326796000,3326796000,False
2022-04-25,3.42,15.263896,1.810659,11314853289.869,11314853289.869,3326796000,3326796000,False
2022-04-26,3.35,14.951477,1.773598,11083262725.457,11083262725.457,3326796000,3326796000,False
2022-04-27,3.49,15.576315,1.847719,11546443854.282,11546443854.282,3326796000,3326796000,False
2022-04-28,3.45,15.39779,1.826542,11414106388.903,11414106388.903,3326796000,3326796000,False
2022-04-29,3.56,14.863504,1.814049,11778034418.695,11778034418.695,3326796000,3326796000,False
2022-05-05,3.62,15.114012,1.844623,11976540616.762,11976540616.762,3326796000,3326796000,False
2022-05-06,3.56,14.863504,1.814049,11778034418.695,11778034418.695,3326796000,3326796000,False
2022-05-09,3.6,15.030509,1.834431,11910371884.073,11910371884.073,3326796000,3326796000,False
2022-05-10,3.65,15.239266,1.85991,12075793715.796,12075793715.796,3326796000,3326796000,False
2022-05-11,3.63,15.155764,1.849718,12009624983.107,12009624983.107,3326796000,3326796000,False
2022-05-12,3.64,15.197515,1.854814,12042709349.452,12042709349.452,3326796000,3326796000,False
2022-05-13,3.64,15.197515,1.854814,12042709349.452,12042709349.452,3326796000,3326796000,False
2022-05-16,3.64,15.197515,1.854814,12042709349.452,12042709349.452,3326796000,3326796000,False
2022-05-17,3.63,15.155764,1.849718,12009624983.107,12009624983.107,3326796000,3326796000,False
2022-05-18,3.64,15.197515,1.854814,12042709349.452,12042709349.452,3326796000,3326796000,False
2022-05-19,3.72,15.531526,1.895579,12307384280.209,12307384280.209,3326796000,3326796000,False
2022-05-20,3.76,15.698532,1.915962,12439721745.587,12439721745.587,3326796000,3326796000,False
2022-05-23,3.79,15.823786,1.931249,12538974844.621,12538974844.621,3326796000,3326796000,False
2022-05-24,3.66,15.281018,1.865005,12108878082.141,12108878082.141,3326796000,3326796000,False
2022-05-25,3.8,15.865538,1.936344,12572059210.966,12572059210.966,3326796000,3326796000,False
2022-05-26,3.77,15.740283,1.921057,12472806111.932,12472806111.932,3326796000,3326796000,False
2022-05-27,3.72,15.531526,1.895579,12307384280.209,12307384280.209,3326796000,3326796000,False
2022-05-30,3.77,15.740283,1.921057,12472806111.932,12472806111.932,3326796000,3326796000,False
2022-05-31,3.86,16.116046,1.966918,12770565409.034,12770565409.034,3326796000,3326796000,False
2022-06-01,3.88,16.199549,1.977109,12836734141.723,12836734141.723,3326796000,3326796000,False
2022-06-02,3.9,16.283052,1.987301,12902902874.413,12902902874.413,3326796000,3326796000,False
2022-06-06,3.94,16.450057,2.007683,13035240339.791,13035240339.791,3326796000,3326796000,False
2022-06-07,3.91,16.324803,1.992396,12935987240.757,12935987240.757,3326796000,3326796000,False
2022-06-08,3.88,16.199549,1.977109,12836734141.723,12836734141.723,3326796000,3326796000,False
2022-06-09,3.78,15.782035,1.926153,12505890478.277,12505890478.277,3326796000,3326796000,False
2022-06-10,3.85,16.074295,1.961822,12737481042.689,12737481042.689,3326796000,3326796000,False
2022-06-13,3.87,16.157798,1.972014,12803649775.379,12803649775.379,3326796000,3326796000,False
2022-06-14,3.87,16.157798,1.972014,12803649775.379,12803649775.379,3326796000,3326796000,False
2022-06-15,3.81,15.907289,1.94144,12605143577.311,12605143577.311,3326796000,3326796000,False
2022-06-16,3.84,16.032543,1.956727,12704396676.345,12704396676.345,3326796000,3326796000,False
2022-06-17,3.97,16.575312,2.02297,13134493438.825,13134493438.825,3326796000,3326796000,False
2022-06-20,4.03,16.82582,2.053544,13332999636.893,13332999636.893,3326796000,3326796000,False
2022-06-21,3.98,16.617063,2.028066,13167577805.17,13167577805.17,3326796000,3326796000,False
2022-06-22,3.96,16.53356,2.017875,13101409072.48,13101409072.48,3326796000,3326796000,False
2022-06-23,4.05,16.909323,2.063735,13399168369.582,13399168369.582,3326796000,3326796000,False
2022-06-24,4.11,17.159831,2.094309,13597674567.65,13597674567.65,3326796000,3326796000,False
2022-06-27,4.16,17.368589,2.119787,13763096399.373,13763096399.373,3326796000,3326796000,False
2022-06-28,4.38,18.28712,2.231891,14490952458.956,14490952458.956,3326796000,3326796000,False
2022-06-29,4.18,17.452091,2.129979,13829265132.063,13829265132.063,3326796000,3326796000,False
2022-06-30,4.25,17.744351,2.165648,14060855696.475,14060855696.475,3326796000,3326796000,False
2022-07-01,4.21,17.577346,2.145266,13928518231.097,13928518231.097,3326796000,3326796000,False
2022-07-04,4.26,17.786103,2.170744,14093940062.82,14093940062.82,3326796000,3326796000,False
2022-07-05,4.28,17.869606,2.180935,14160108795.509,14160108795.509,3326796000,3326796000,False
2022-07-06,4.29,17.911357,2.186031,14193193161.854,14193193161.854,3326796000,3326796000,False
2022-07-07,4.39,18.328871,2.236987,14524036825.3,14524036825.3,3326796000,3326796000,False
2022-07-08,4.33,18.078363,2.206413,14325530627.232,14325530627.232,3326796000,3326796000,False
2022-07-11,4.29,17.911357,2.186031,14193193161.854,14193193161.854,3326796000,3326796000,False
2022-07-12,4.36,18.203617,2.2217,14424783726.266,14424783726.266,3326796000,3326796000,False
2022-07-13,4.74,19.790171,2.415335,15681989647.363,15681989647.363,3326796000,3326796000,False
2022-07-14,4.79,19.998928,2.440813,15847411479.086,15847411479.086,3326796000,3326796000,False
2022-07-15,4.8,20.040679,2.445908,15880495845.431,15880495845.431,3326796000,3326796000,False
2022-07-18,4.85,20.249436,2.471387,16045917677.154,16045917677.154,3326796000,3326796000,False
2022-07-19,4.84,20.207685,2.466291,16012833310.809,16012833310.809,3326796000,3326796000,False
2022-07-20,5.03,21.000962,2.563108,16641436271.358,16641436271.358,3326796000,3326796000,False
2022-07-21,4.89,20.416442,2.491769,16178255142.533,16178255142.533,3326796000,3326796000,False
2022-07-22,4.83,20.165933,2.461195,15979748944.465,15979748944.465,3326796000,3326796000,False
2022-07-25,4.6,19.205651,2.343996,15218808518.538,15218808518.538,3326796000,3326796000,False
2022-07-26,4.71,19.664916,2.400048,15582736548.329,15582736548.329,3326796000,3326796000,False
2022-07-27,4.61,19.247402,2.349091,15251892884.883,15251892884.883,3326796000,3326796000,False
2022-07-28,4.48,18.704634,2.282848,14821796122.402,14821796122.402,3326796000,3326796000,False
2022-07-29,4.52,18.871639,2.30323,14954133587.781,14954133587.781,3326796000,3326796000,False
2022-08-01,4.54,18.955142,2.313422,15020302320.47,15020302320.47,3326796000,3326796000,False
2022-08-02,4.25,17.744351,2.165648,14060855696.475,14060855696.475,3326796000,3326796000,False
2022-08-03,4.18,17.452091,2.129979,13829265132.063,13829265132.063,3326796000,3326796000,False
2022-08-04,4.35,18.161865,2.216605,14391699359.922,14391699359.922,3326796000,3326796000,False
2022-08-05,4.28,17.869606,2.180935,14160108795.509,14160108795.509,3326796000,3326796000,False
2022-08-08,4.33,18.078363,2.206413,14325530627.232,14325530627.232,3326796000,3326796000,False
2022-08-09,4.35,18.161865,2.216605,14391699359.922,14391699359.922,3326796000,3326796000,False
2022-08-10,4.36,18.203617,2.2217,14424783726.266,14424783726.266,3326796000,3326796000,False
2022-08-11,4.42,18.454125,2.252274,14623289924.334,14623289924.334,3326796000,3326796000,False
2022-08-12,4.34,18.120114,2.211509,14358614993.577,14358614993.577,3326796000,3326796000,False
2022-08-15,4.4,18.370622,2.242083,14557121191.645,14557121191.645,3326796000,3326796000,False
2022-08-16,4.46,18.621131,2.272657,14755627389.713,14755627389.713,3326796000,3326796000,False
2022-08-17,4.56,19.038645,2.323613,15086471053.159,15086471053.159,3326796000,3326796000,False
2022-08-18,4.62,19.289154,2.354187,15284977251.227,15284977251.227,3326796000,3326796000,False
2022-08-19,4.53,18.913391,2.308326,14987217954.125,14987217954.125,3326796000,3326796000,False
2022-08-22,4.51,18.829888,2.298135,14921049221.436,14921049221.436,3326796000,3326796000,False
2022-08-23,4.64,19.372656,2.364378,15351145983.916,15351145983.916,3326796000,3326796000,False
2022-08-24,4.46,18.621131,2.272657,14755627389.713,14755627389.713,3326796000,3326796000,False
2022-08-25,4.42,18.454125,2.252274,14623289924.334,14623289924.334,3326796000,3326796000,False
2022-08-26,4.5,18.788137,2.293039,14887964855.091,14887964855.091,3326796000,3326796000,False
2022-08-29,4.61,19.247402,2.349091,15251892884.883,15251892884.883,3326796000,3326796000,False
2022-08-30,4.51,18.829888,2.298135,14921049221.436,14921049221.436,3326796000,3326796000,False
2022-08-31,4.28,17.995983,2.148905,14160108795.509,14160108795.509,3326796000,3326796000,False
2022-09-01,4.25,17.869843,2.133842,14060855696.475,14060855696.475,3326796000,3326796000,False
2022-09-02,4.24,17.827796,2.128822,14027771330.131,14027771330.131,3326796000,3326796000,False
2022-09-05,4.66,19.593757,2.339695,15417314716.606,15417314716.606,3326796000,3326796000,False
2022-09-06,4.69,19.719897,2.354758,15516567815.64,15516567815.64,3326796000,3326796000,False
2022-09-07,4.58,19.257383,2.299529,15152639785.849,15152639785.849,3326796000,3326796000,False
2022-09-08,4.72,19.846037,2.36982,15615820914.674,15615820914.674,3326796000,3326796000,False
2022-09-09,4.55,19.131243,2.284467,15053386686.815,15053386686.815,3326796000,3326796000,False
2022-09-13,4.4,18.500543,2.209155,14557121191.645,14557121191.645,3326796000,3326796000,False
2022-09-14,4.32,18.164169,2.168988,14292446260.888,14292446260.888,3326796000,3326796000,False
2022-09-15,4.21,17.701656,2.113759,13928518231.097,13928518231.097,3326796000,3326796000,False
2022-09-16,4.01,16.860722,2.013343,13266830904.204,13266830904.204,3326796000,3326796000,False
2022-09-19,4.03,16.944815,2.023385,13332999636.893,13332999636.893,3326796000,3326796000,False
2022-09-20,4.18,17.575516,2.098697,13829265132.063,13829265132.063,3326796000,3326796000,False
2022-09-21,4.21,17.701656,2.113759,13928518231.097,13928518231.097,3326796000,3326796000,False
2022-09-22,4.23,17.785749,2.123801,13994686963.786,13994686963.786,3326796000,3326796000,False
2022-09-23,4.12,17.323236,2.068572,13630758933.995,13630758933.995,3326796000,3326796000,False
2022-09-26,4.03,16.944815,2.023385,13332999636.893,13332999636.893,3326796000,3326796000,False
2022-09-27,4.13,17.365282,2.073593,13663843300.339,13663843300.339,3326796000,3326796000,False
2022-09-28,3.96,16.650489,1.988239,13101409072.48,13101409072.48,3326796000,3326796000,False
2022-09-29,3.92,16.482302,1.968156,12969071607.102,12969071607.102,3326796000,3326796000,False
2022-09-30,3.88,16.314115,1.948073,12836734141.723,12836734141.723,3326796000,3326796000,False
2022-10-10,3.75,15.767508,1.882802,12406637379.243,12406637379.243,3326796000,3326796000,False
2022-10-11,3.82,16.061835,1.917948,12638227943.655,12638227943.655,3326796000,3326796000,False
2022-10-12,4.08,17.155049,2.048489,13498421468.616,13498421468.616,3326796000,3326796000,False
2022-10-13,4.31,18.122123,2.163967,14259361894.543,14259361894.543,3326796000,3326796000,False
2022-10-14,4.25,17.869843,2.133842,14060855696.475,14060855696.475,3326796000,3326796000,False
2022-10-17,4.25,17.869843,2.133842,14060855696.475,14060855696.475,3326796000,3326796000,False
2022-10-18,4.33,18.206216,2.174009,14325530627.232,14325530627.232,3326796000,3326796000,False
2022-10-19,4.28,17.995983,2.148905,14160108795.509,14160108795.509,3326796000,3326796000,False
2022-10-20,4.23,17.785749,2.123801,13994686963.786,13994686963.786,3326796000,3326796000,False
2022-10-21,4.36,18.332356,2.189071,14424783726.266,14424783726.266,3326796000,3326796000,False
2022-10-24,4.34,18.248263,2.17903,14358614993.577,14358614993.577,3326796000,3326796000,False
2022-10-25,4.41,18.54259,2.214175,14590205557.99,14590205557.99,3326796000,3326796000,False
2022-10-26,4.36,18.332356,2.189071,14424783726.266,14424783726.266,3326796000,3326796000,False
2022-10-27,4.8,20.18241,2.409987,15880495845.431,15880495845.431,3326796000,3326796000,False
2022-10-28,4.53,19.04715,2.274425,14987217954.125,14987217954.125,3326796000,3326796000,False
2022-10-31,4.95,22.138648,2.401998,16376761340.601,16376761340.601,3326796000,3326796000,False
2022-11-01,4.9,21.915025,2.377735,16211339508.877,16211339508.877,3326796000,3326796000,False
2022-11-02,4.88,21.825576,2.36803,16145170776.188,16145170776.188,3326796000,3326796000,False
2022-11-03,5.05,22.585893,2.450523,16707605004.047,16707605004.047,3326796000,3326796000,False
2022-11-04,5.02,22.45172,2.435965,16608351905.013,16608351905.013,3326796000,3326796000,False
2022-11-07,4.84,21.646678,2.34862,16012833310.809,16012833310.809,3326796000,3326796000,False
2022-11-08,4.85,21.691403,2.353473,16045917677.154,16045917677.154,3326796000,3326796000,False
2022-11-09,4.71,21.065259,2.285537,15582736548.329,15582736548.329,3326796000,3326796000,False
2022-11-10,4.71,21.065259,2.285537,15582736548.329,15582736548.329,3326796000,3326796000,False
2022-11-11,4.72,21.109984,2.29039,15615820914.674,15615820914.674,3326796000,3326796000,False
2022-11-14,4.59,20.528565,2.227307,15185724152.193,15185724152.193,3326796000,3326796000,False
2022-11-15,4.62,20.662738,2.241865,15284977251.227,15284977251.227,3326796000,3326796000,False
2022-11-16,4.52,20.215493,2.193339,14954133587.781,14954133587.781,3326796000,3326796000,False
2022-11-17,4.5,20.126044,2.183634,14887964855.091,14887964855.091,3326796000,3326796000,False
2022-11-18,4.48,20.036595,2.173929,14821796122.402,14821796122.402,3326796000,3326796000,False
2022-11-21,4.52,20.215493,2.193339,14954133587.781,14954133587.781,3326796000,3326796000,False
2022-11-22,4.36,19.4999,2.115699,14424783726.266,14424783726.266,3326796000,3326796000,False
2022-11-23,4.4,19.678798,2.135109,14557121191.645,14557121191.645,3326796000,3326796000,False
2022-11-24,4.44,19.857696,2.154519,14689458657.023,14689458657.023,3326796000,3326796000,False
2022-11-25,4.29,19.186828,2.081731,14193193161.854,14193193161.854,3326796000,3326796000,False
2022-11-28,4.31,19.276277,2.091437,14259361894.543,14259361894.543,3326796000,3326796000,False
2022-11-29,4.34,19.410451,2.105994,14358614993.577,14358614993.577,3326796000,3326796000,False
2022-11-30,4.32,19.321002,2.096289,14292446260.888,14292446260.888,3326796000,3326796000,False
2022-12-01,4.35,19.455176,2.110847,14391699359.922,14391699359.922,3326796000,3326796000,False
2022-12-02,4.38,19.589349,2.125404,14490952458.956,14490952458.956,3326796000,3326796000,False
2022-12-05,4.41,19.723523,2.139962,14590205557.99,14590205557.99,3326796000,3326796000,False
2022-12-06,4.34,19.410451,2.105994,14358614993.577,14358614993.577,3326796000,3326796000,False
2022-12-07,4.35,19.455176,2.110847,14391699359.922,14391699359.922,3326796000,3326796000,False
2022-12-08,4.32,19.321002,2.096289,14292446260.888,14292446260.888,3326796000,3326796000,False
2022-12-09,4.3,19.231553,2.086584,14226277528.198,14226277528.198,3326796000,3326796000,False
2022-12-12,4.18,18.694858,2.028354,13829265132.063,13829265132.063,3326796000,3326796000,False
2022-12-13,4.19,18.739583,2.033206,13862349498.407,13862349498.407,3326796000,3326796000,False
2022-12-14,4.2,18.784307,2.038059,13895433864.752,13895433864.752,3326796000,3326796000,False
2022-12-15,4.23,18.918481,2.052616,13994686963.786,13994686963.786,3326796000,3326796000,False
2022-12-16,4.13,18.471236,2.004091,13663843300.339,13663843300.339,3326796000,3326796000,False
2022-12-19,4.12,18.426511,1.999239,13630758933.995,13630758933.995,3326796000,3326796000,False
2022-12-20,4.2,18.784307,2.038059,13895433864.752,13895433864.752,3326796000,3326796000,False
2022-12-21,4.22,18.873756,2.047764,13961602597.441,13961602597.441,3326796000,3326796000,False
2022-12-22,4.12,18.426511,1.999239,13630758933.995,13630758933.995,3326796000,3326796000,False
2022-12-23,4.09,18.292337,1.984681,13531505834.961,13531505834.961,3326796000,3326796000,False
2022-12-26,4.19,18.739583,2.033206,13862349498.407,13862349498.407,3326796000,3326796000,False
2022-12-27,4.21,18.829032,2.042911,13928518231.097,13928518231.097,3326796000,3326796000,False
2022-12-28,4.21,18.829032,2.042911,13928518231.097,13928518231.097,3326796000,3326796000,False
2022-12-29,4.15,18.560685,2.013796,13730012033.029,13730012033.029,3326796000,3326796000,False
2022-12-30,4.18,18.694858,2.028354,13829265132.063,13829265132.063,3326796000,3326796000,False
2023-01-03,4.33,19.365726,2.101142,14325530627.232,14325530627.232,3326796000,3326796000,False
2023-01-04,4.33,19.365726,2.101142,14325530627.232,14325530627.232,3326796000,3326796000,False
2023-01-05,4.34,19.410451,2.105994,14358614993.577,14358614993.577,3326796000,3326796000,False
2023-01-06,4.33,19.365726,2.101142,14325530627.232,14325530627.232,3326796000,3326796000,False
2023-01-09,4.27,19.097379,2.072026,14127024429.164,14127024429.164,3326796000,3326796000,False
2023-01-10,4.21,18.829032,2.042911,13928518231.097,13928518231.097,3326796000,3326796000,False
2023-01-11,4.16,18.605409,2.018649,13763096399.373,13763096399.373,3326796000,3326796000,False
2023-01-12,4.13,18.471236,2.004091,13663843300.339,13663843300.339,3326796000,3326796000,False
2023-01-13,4.11,18.381787,1.994386,13597674567.65,13597674567.65,3326796000,3326796000,False
2023-01-16,4.13,18.471236,2.004091,13663843300.339,13663843300.339,3326796000,3326796000,False
2023-01-17,4.12,18.426511,1.999239,13630758933.995,13630758933.995,3326796000,3326796000,False
2023-01-18,4.17,18.650134,2.023501,13796180765.718,13796180765.718,3326796000,3326796000,False
2023-01-19,4.18,18.694858,2.028354,13829265132.063,13829265132.063,3326796000,3326796000,False
2023-01-20,4.23,18.918481,2.052616,13994686963.786,13994686963.786,3326796000,3326796000,False
2023-01-30,4.26,19.052655,2.067174,14093940062.82,14093940062.82,3326796000,3326796000,False
2023-01-31,4.28,19.142104,2.076879,14160108795.509,14160108795.509,3326796000,3326796000,False
2023-02-01,4.33,19.365726,2.101142,14325530627.232,14325530627.232,3326796000,3326796000,False
2023-02-02,4.29,19.186828,2.081731,14193193161.854,14193193161.854,3326796000,3326796000,False
2023-02-03,4.25,19.00793,2.062321,14060855696.475,14060855696.475,3326796000,3326796000,False
2023-02-06,4.29,19.186828,2.081731,14193193161.854,14193193161.854,3326796000,3326796000,False
2023-02-07,4.31,19.276277,2.091437,14259361894.543,14259361894.543,3326796000,3326796000,False
2023-02-08,4.29,19.186828,2.081731,14193193161.854,14193193161.854,3326796000,3326796000,False
2023-02-09,4.37,19.544625,2.120552,14457868092.611,14457868092.611,3326796000,3326796000,False
2023-02-10,4.33,19.365726,2.101142,14325530627.232,14325530627.232,3326796000,3326796000,False
2023-02-13,4.37,19.544625,2.120552,14457868092.611,14457868092.611,3326796000,3326796000,False
2023-02-14,4.42,19.768247,2.144814,14623289924.334,14623289924.334,3326796000,3326796000,False
2023-02-15,4.45,19.902421,2.159372,14722543023.368,14722543023.368,3326796000,3326796000,False
2023-02-16,4.29,19.186828,2.081731,14193193161.854,14193193161.854,3326796000,3326796000,False
2023-02-17,4.29,19.186828,2.081731,14193193161.854,14193193161.854,3326796000,3326796000,False
2023-02-20,4.3,19.231553,2.086584,14226277528.198,14226277528.198,3326796000,3326796000,False
2023-02-21,4.33,19.365726,2.101142,14325530627.232,14325530627.232,3326796000,3326796000,False
2023-02-22,4.32,19.321002,2.096289,14292446260.888,14292446260.888,3326796000,3326796000,False
2023-02-23,4.35,17.324014,2.110847,14391699359.922,14391699359.922,3326796000,3326796000,False
2023-02-24,4.29,17.085062,2.081731,14193193161.854,14193193161.854,3326796000,3326796000,False
2023-02-27,4.3,17.124887,2.086584,14226277528.198,14226277528.198,3326796000,3326796000,False
2023-02-28,4.31,17.164712,2.091437,14259361894.543,14259361894.543,3326796000,3326796000,False
2023-03-01,4.32,17.204538,2.096289,14292446260.888,14292446260.888,3326796000,3326796000,False
2023-03-02,4.29,17.085062,2.081731,14193193161.854,14193193161.854,3326796000,3326796000,False
2023-03-03,4.3,17.124887,2.086584,14226277528.198,14226277528.198,3326796000,3326796000,False
2023-03-06,4.36,17.363839,2.115699,14424783726.266,14424783726.266,3326796000,3326796000,False
2023-03-07,4.26,16.965586,2.067174,14093940062.82,14093940062.82,3326796000,3326796000,False
2023-03-08,4.29,17.085062,2.081731,14193193161.854,14193193161.854,3326796000,3326796000,False
2023-03-09,4.4,17.52314,2.135109,14557121191.645,14557121191.645,3326796000,3326796000,False
2023-03-10,4.27,17.005411,2.072026,14127024429.164,14127024429.164,3326796000,3326796000,False
2023-03-13,4.16,16.567333,2.018649,13763096399.373,13763096399.373,3326796000,3326796000,False
2023-03-14,4.13,16.447857,2.004091,13663843300.339,13663843300.339,3326796000,3326796000,False
2023-03-15,4.18,16.646983,2.028354,13829265132.063,13829265132.063,3326796000,3326796000,False
2023-03-16,4.1,16.328381,1.989534,13564590201.305,13564590201.305,3326796000,3326796000,False
2023-03-17,4.12,16.408031,1.999239,13630758933.995,13630758933.995,3326796000,3326796000,False
2023-03-20,4.15,16.527507,2.013796,13730012033.029,13730012033.029,3326796000,3326796000,False
2023-03-21,4.17,16.607158,2.023501,13796180765.718,13796180765.718,3326796000,3326796000,False
2023-03-22,4.16,16.567333,2.018649,13763096399.373,13763096399.373,3326796000,3326796000,False
2023-03-23,4.15,16.527507,2.013796,13730012033.029,13730012033.029,3326796000,3326796000,False
2023-03-24,4.12,16.408031,1.999239,13630758933.995,13630758933.995,3326796000,3326796000,False
2023-03-27,4.15,16.527507,2.013796,13730012033.029,13730012033.029,3326796000,3326796000,False
2023-03-28,4.13,16.447857,2.004091,13663843300.339,13663843300.339,3326796000,3326796000,False
2023-03-29,4.1,16.328381,1.989534,13564590201.305,13564590201.305,3326796000,3326796000,False
2023-03-30,4.12,16.408031,1.999239,13630758933.995,13630758933.995,3326796000,3326796000,False
2023-03-31,4.12,16.408031,1.999239,13630758933.995,13630758933.995,3326796000,3326796000,False
2023-04-03,4.11,16.368206,1.994386,13597674567.65,13597674567.65,3326796000,3326796000,False
2023-04-04,4.04,16.089429,1.960418,13366084003.238,13366084003.238,3326796000,3326796000,False
2023-04-06,4.0,15.930127,1.941008,13233746537.859,13233746537.859,3326796000,3326796000,False
2023-04-07,4.03,16.049603,1.955566,13332999636.893,13332999636.893,3326796000,3326796000,False
2023-04-10,4.09,16.288555,1.984681,13531505834.961,13531505834.961,3326796000,3326796000,False
2023-04-11,4.08,16.24873,1.979829,13498421468.616,13498421468.616,3326796000,3326796000,False
2023-04-12,4.08,16.24873,1.979829,13498421468.616,13498421468.616,3326796000,3326796000,False
2023-04-13,4.08,16.24873,1.979829,13498421468.616,13498421468.616,3326796000,3326796000,False
2023-04-14,4.05,16.129254,1.965271,13399168369.582,13399168369.582,3326796000,3326796000,False
2023-04-17,4.09,16.288555,1.984681,13531505834.961,13531505834.961,3326796000,3326796000,False
2023-04-18,4.07,16.208905,1.974976,13465337102.272,13465337102.272,3326796000,3326796000,False
2023-04-19,4.02,16.009778,1.950713,13299915270.548,13299915270.548,3326796000,3326796000,False
2023-04-20,3.99,15.890302,1.936156,13200662171.514,13200662171.514,3326796000,3326796000,False
2023-04-21,3.96,15.770826,1.921598,13101409072.48,13101409072.48,3326796000,3326796000,False
2023-04-24,3.99,15.890302,1.936156,13200662171.514,13200662171.514,3326796000,3326796000,False
2023-04-25,3.93,15.65135,1.907041,13002155973.446,13002155973.446,3326796000,3326796000,False
2023-04-26,3.97,15.810651,1.926451,13134493438.825,13134493438.825,3326796000,3326796000,False
2023-04-27,3.97,15.810651,1.926451,13134493438.825,13134493438.825,3326796000,3326796000,False
2023-04-28,4.07,16.208905,1.974976,13465337102.272,13465337102.272,3326796000,3326796000,False
2023-05-04,4.11,16.558608,1.89157,13597674567.65,13597674567.65,3326796000,3326796000,False
2023-05-05,4.07,16.397454,1.873161,13465337102.272,13465337102.272,3326796000,3326796000,False
2023-05-08,4.12,16.598897,1.896173,13630758933.995,13630758933.995,3326796000,3326796000,False
2023-05-09,4.06,16.357165,1.868559,13432252735.927,13432252735.927,3326796000,3326796000,False
2023-05-10,4.11,16.558608,1.89157,13597674567.65,13597674567.65,3326796000,3326796000,False
2023-05-11,4.12,16.598897,1.896173,13630758933.995,13630758933.995,3326796000,3326796000,False
2023-05-12,4.1,16.518319,1.886968,13564590201.305,13564590201.305,3326796000,3326796000,False
2023-05-15,4.17,16.80034,1.919184,13796180765.718,13796180765.718,3326796000,3326796000,False
2023-05-16,4.2,16.921205,1.932992,13895433864.752,13895433864.752,3326796000,3326796000,False
2023-05-17,4.24,17.08236,1.951401,14027771330.131,14027771330.131,3326796000,3326796000,False
2023-05-18,4.22,17.001782,1.942196,13961602597.441,13961602597.441,3326796000,3326796000,False
2023-05-19,4.18,16.840628,1.923787,13829265132.063,13829265132.063,3326796000,3326796000,False
2023-05-22,4.22,17.001782,1.942196,13961602597.441,13961602597.441,3326796000,3326796000,False
2023-05-23,4.16,16.760051,1.914582,13763096399.373,13763096399.373,3326796000,3326796000,False
2023-05-24,4.14,16.679474,1.905377,13696927666.684,13696927666.684,3326796000,3326796000,False
2023-05-25,4.17,16.80034,1.919184,13796180765.718,13796180765.718,3326796000,3326796000,False
2023-05-26,4.14,16.679474,1.905377,13696927666.684,13696927666.684,3326796000,3326796000,False
2023-05-29,4.07,16.397454,1.873161,13465337102.272,13465337102.272,3326796000,3326796000,False
2023-05-30,4.08,16.437742,1.877763,13498421468.616,13498421468.616,3326796000,3326796000,False
2023-05-31,4.05,16.316877,1.863956,13399168369.582,13399168369.582,3326796000,3326796000,False
2023-06-01,4.04,16.276588,1.859354,13366084003.238,13366084003.238,3326796000,3326796000,False
2023-06-02,4.07,16.397454,1.873161,13465337102.272,13465337102.272,3326796000,3326796000,False
2023-06-05,4.05,16.316877,1.863956,13399168369.582,13399168369.582,3326796000,3326796000,False
2023-06-06,3.96,15.954279,1.822535,13101409072.48,13101409072.48,3326796000,3326796000,False
2023-06-07,3.93,15.833414,1.808728,13002155973.446,13002155973.446,3326796000,3326796000,False
2023-06-08,3.93,15.833414,1.808728,13002155973.446,13002155973.446,3326796000,3326796000,False
2023-06-09,3.94,15.873702,1.81333,13035240339.791,13035240339.791,3326796000,3326796000,False
2023-06-12,3.97,15.994568,1.827137,13134493438.825,13134493438.825,3326796000,3326796000,False
2023-06-13,3.99,16.075145,1.836342,13200662171.514,13200662171.514,3326796000,3326796000,False
2023-06-14,3.95,15.913991,1.817933,13068324706.136,13068324706.136,3326796000,3326796000,False
2023-06-15,4.02,16.196011,1.850149,13299915270.548,13299915270.548,3326796000,3326796000,False
2023-06-16,3.98,16.034856,1.83174,13167577805.17,13167577805.17,3326796000,3326796000,False
2023-06-19,3.98,16.034856,1.83174,13167577805.17,13167577805.17,3326796000,3326796000,False
2023-06-20,3.97,15.994568,1.827137,13134493438.825,13134493438.825,3326796000,3326796000,False
2023-06-21,3.93,15.833414,1.808728,13002155973.446,13002155973.446,3326796000,3326796000,False
2023-06-26,3.91,15.752836,1.799523,12935987240.757,12935987240.757,3326796000,3326796000,False
2023-06-27,3.97,15.994568,1.827137,13134493438.825,13134493438.825,3326796000,3326796000,False
2023-06-28,3.99,16.075145,1.836342,13200662171.514,13200662171.514,3326796000,3326796000,False
2023-06-29,4.0,16.115434,1.840944,13233746537.859,13233746537.859,3326796000,3326796000,False
2023-06-30,4.01,16.155722,1.845547,13266830904.204,13266830904.204,3326796000,3326796000,False
2023-07-03,4.03,16.236299,1.854751,13332999636.893,13332999636.893,3326796000,3326796000,False
2023-07-04,3.95,15.913991,1.817933,13068324706.136,13068324706.136,3326796000,3326796000,False
2023-07-05,3.94,15.873702,1.81333,13035240339.791,13035240339.791,3326796000,3326796000,False
2023-07-06,3.91,15.752836,1.799523,12935987240.757,12935987240.757,3326796000,3326796000,False
2023-07-07,3.91,15.752836,1.799523,12935987240.757,12935987240.757,3326796000,3326796000,False
2023-07-10,3.93,15.833414,1.808728,13002155973.446,13002155973.446,3326796000,3326796000,False
2023-07-11,3.95,15.913991,1.817933,13068324706.136,13068324706.136,3326796000,3326796000,False
2023-07-12,3.95,15.913991,1.817933,13068324706.136,13068324706.136,3326796000,3326796000,False
2023-07-13,3.98,16.034856,1.83174,13167577805.17,13167577805.17,3326796000,3326796000,False
2023-07-14,3.94,15.873702,1.81333,13035240339.791,13035240339.791,3326796000,3326796000,False
2023-07-17,4.0,16.115434,1.840944,13233746537.859,13233746537.859,3326796000,3326796000,False
2023-07-18,3.99,16.075145,1.836342,13200662171.514,13200662171.514,3326796000,3326796000,False
2023-07-19,3.97,15.994568,1.827137,13134493438.825,13134493438.825,3326796000,3326796000,False
2023-07-20,3.95,15.913991,1.817933,13068324706.136,13068324706.136,3326796000,3326796000,False
2023-07-21,3.93,15.833414,1.808728,13002155973.446,13002155973.446,3326796000,3326796000,False
2023-07-24,3.92,15.793125,1.804125,12969071607.102,12969071607.102,3326796000,3326796000,False
2023-07-25,3.98,16.034856,1.83174,13167577805.17,13167577805.17,3326796000,3326796000,False
2023-07-26,3.95,15.913991,1.817933,13068324706.136,13068324706.136,3326796000,3326796000,False
2023-07-27,3.96,15.954279,1.822535,13101409072.48,13101409072.48,3326796000,3326796000,False
2023-07-28,4.0,16.115434,1.840944,13233746537.859,13233746537.859,3326796000,3326796000,False
2023-07-31,4.03,16.236299,1.854751,13332999636.893,13332999636.893,3326796000,3326796000,False
2023-08-01,4.15,16.719762,1.90998,13730012033.029,13730012033.029,3326796000,3326796000,False
2023-08-02,4.1,16.518319,1.886968,13564590201.305,13564590201.305,3326796000,3326796000,False
2023-08-03,4.01,16.155722,1.845547,13266830904.204,13266830904.204,3326796000,3326796000,False
2023-08-04,4.01,16.155722,1.845547,13266830904.204,13266830904.204,3326796000,3326796000,False
2023-08-07,4.04,16.276588,1.859354,13366084003.238,13366084003.238,3326796000,3326796000,False
2023-08-08,4.0,16.115434,1.840944,13233746537.859,13233746537.859,3326796000,3326796000,False
2023-08-09,3.99,16.075145,1.836342,13200662171.514,13200662171.514,3326796000,3326796000,False
2023-08-10,3.99,16.075145,1.836342,13200662171.514,13200662171.514,3326796000,3326796000,False
2023-08-11,3.92,15.793125,1.804125,12969071607.102,12969071607.102,3326796000,3326796000,False
2023-08-14,3.94,15.873702,1.81333,13035240339.791,13035240339.791,3326796000,3326796000,False
2023-08-15,3.93,15.833414,1.808728,13002155973.446,13002155973.446,3326796000,3326796000,False
2023-08-16,3.91,15.752836,1.799523,12935987240.757,12935987240.757,3326796000,3326796000,False
2023-08-17,3.93,15.833414,1.808728,13002155973.446,13002155973.446,3326796000,3326796000,False
2023-08-18,3.9,15.712548,1.794921,12902902874.413,12902902874.413,3326796000,3326796000,False
2023-08-21,3.87,15.591682,1.781114,12803649775.379,12803649775.379,3326796000,3326796000,False
2023-08-22,3.85,15.511105,1.771909,12737481042.689,12737481042.689,3326796000,3326796000,False
2023-08-23,3.8,15.309662,1.748897,12572059210.966,12572059210.966,3326796000,3326796000,False
2023-08-24,3.78,15.229085,1.739692,12505890478.277,12505890478.277,3326796000,3326796000,False
2023-08-25,3.75,15.108219,1.725885,12406637379.243,12406637379.243,3326796000,3326796000,False
2023-08-28,3.76,15.148508,1.730488,12439721745.587,12439721745.587,3326796000,3326796000,False
2023-08-29,3.83,15.430528,1.762704,12671312310.0,12671312310.0,3326796000,3326796000,False
2023-08-30,3.81,15.349951,1.753499,12605143577.311,12605143577.311,3326796000,3326796000,False
2023-08-31,3.8,17.80135,1.731368,12572059210.966,12572059210.966,3326796000,3326796000,False
2023-09-01,3.8,17.80135,1.731368,12572059210.966,12572059210.966,3326796000,3326796000,False
2023-09-04,3.84,17.988733,1.749593,12704396676.345,12704396676.345,3326796000,3326796000,False
2023-09-05,3.83,17.941887,1.745036,12671312310.0,12671312310.0,3326796000,3326796000,False
2023-09-06,3.83,17.941887,1.745036,12671312310.0,12671312310.0,3326796000,3326796000,False
2023-09-07,3.77,17.660813,1.717699,12472806111.932,12472806111.932,3326796000,3326796000,False
2023-09-08,3.77,17.660813,1.717699,12472806111.932,12472806111.932,3326796000,3326796000,False
2023-09-11,3.8,17.80135,1.731368,12572059210.966,12572059210.966,3326796000,3326796000,False
2023-09-12,3.8,17.80135,1.731368,12572059210.966,12572059210.966,3326796000,3326796000,False
2023-09-13,3.76,17.613968,1.713143,12439721745.587,12439721745.587,3326796000,3326796000,False
2023-09-14,3.74,17.520276,1.70403,12373553012.898,12373553012.898,3326796000,3326796000,False
2023-09-15,3.74,17.520276,1.70403,12373553012.898,12373553012.898,3326796000,3326796000,False
2023-09-18,3.75,17.567122,1.708586,12406637379.243,12406637379.243,3326796000,3326796000,False
2023-09-19,3.74,17.520276,1.70403,12373553012.898,12373553012.898,3326796000,3326796000,False
2023-09-20,3.72,17.426585,1.694918,12307384280.209,12307384280.209,3326796000,3326796000,False
2023-09-21,3.69,17.286048,1.681249,12208131181.175,12208131181.175,3326796000,3326796000,False
2023-09-22,3.74,17.520276,1.70403,12373553012.898,12373553012.898,3326796000,3326796000,False
2023-09-25,3.73,17.473431,1.699474,12340468646.554,12340468646.554,3326796000,3326796000,False
2023-09-26,3.7,17.332894,1.685805,12241215547.52,12241215547.52,3326796000,3326796000,False
2023-09-27,3.72,17.426585,1.694918,12307384280.209,12307384280.209,3326796000,3326796000,False
2023-09-28,3.73,17.473431,1.699474,12340468646.554,12340468646.554,3326796000,3326796000,False
2023-10-09,3.74,17.520276,1.70403,12373553012.898,12373553012.898,3326796000,3326796000,False
2023-10-10,3.73,17.473431,1.699474,12340468646.554,12340468646.554,3326796000,3326796000,False
2023-10-11,3.72,17.426585,1.694918,12307384280.209,12307384280.209,3326796000,3326796000,False
2023-10-12,3.76,17.613968,1.713143,12439721745.587,12439721745.587,3326796000,3326796000,False
2023-10-13,3.74,17.520276,1.70403,12373553012.898,12373553012.898,3326796000,3326796000,False
2023-10-16,3.69,17.286048,1.681249,12208131181.175,12208131181.175,3326796000,3326796000,False
2023-10-17,3.71,17.379739,1.690362,12274299913.864,12274299913.864,3326796000,3326796000,False
2023-10-18,3.63,17.004974,1.653912,12009624983.107,12009624983.107,3326796000,3326796000,False
2023-10-19,3.59,16.817591,1.635687,11877287517.728,11877287517.728,3326796000,3326796000,False
2023-10-20,3.61,16.911283,1.644799,11943456250.418,11943456250.418,3326796000,3326796000,False
2023-10-23,3.52,16.489672,1.603793,11645696953.316,11645696953.316,3326796000,3326796000,False
2023-10-24,3.55,16.630209,1.617462,11744950052.35,11744950052.35,3326796000,3326796000,False
2023-10-25,3.59,16.817591,1.635687,11877287517.728,11877287517.728,3326796000,3326796000,False
2023-10-26,3.64,17.05182,1.658468,12042709349.452,12042709349.452,3326796000,3326796000,False
2023-10-27,3.76,15.161623,1.644461,12439721745.587,12439721745.587,3326796000,3326796000,False
2023-10-30,3.88,15.645505,1.696944,12836734141.723,12836734141.723,3326796000,3326796000,False
2023-10-31,3.85,15.524534,1.683823,12737481042.689,12737481042.689,3326796000,3326796000,False
2023-11-01,3.89,15.685828,1.701317,12869818508.068,12869818508.068,3326796000,3326796000,False
2023-11-02,3.86,15.564858,1.688197,12770565409.034,12770565409.034,3326796000,3326796000,False
2023-11-03,3.87,15.605181,1.69257,12803649775.379,12803649775.379,3326796000,3326796000,False
2023-11-06,3.88,15.645505,1.696944,12836734141.723,12836734141.723,3326796000,3326796000,False
2023-11-07,3.87,15.605181,1.69257,12803649775.379,12803649775.379,3326796000,3326796000,False
2023-11-08,3.84,15.484211,1.67945,12704396676.345,12704396676.345,3326796000,3326796000,False
2023-11-09,3.84,15.484211,1.67945,12704396676.345,12704396676.345,3326796000,3326796000,False
2023-11-10,3.86,15.564858,1.688197,12770565409.034,12770565409.034,3326796000,3326796000,False
2023-11-13,3.88,15.645505,1.696944,12836734141.723,12836734141.723,3326796000,3326796000,False
2023-11-14,3.87,15.605181,1.69257,12803649775.379,12803649775.379,3326796000,3326796000,False
2023-11-15,3.89,15.685828,1.701317,12869818508.068,12869818508.068,3326796000,3326796000,False
2023-11-16,3.85,15.524534,1.683823,12737481042.689,12737481042.689,3326796000,3326796000,False
2023-11-17,3.88,15.645505,1.696944,12836734141.723,12836734141.723,3326796000,3326796000,False
2023-11-20,3.91,15.766475,1.710065,12935987240.757,12935987240.757,3326796000,3326796000,False
2023-11-21,3.89,15.685828,1.701317,12869818508.068,12869818508.068,3326796000,3326796000,False
2023-11-22,3.85,15.524534,1.683823,12737481042.689,12737481042.689,3326796000,3326796000,False
2023-11-23,3.89,15.685828,1.701317,12869818508.068,12869818508.068,3326796000,3326796000,False
2023-11-24,3.86,15.564858,1.688197,12770565409.034,12770565409.034,3326796000,3326796000,False
2023-11-27,3.89,15.685828,1.701317,12869818508.068,12869818508.068,3326796000,3326796000,False
2023-11-28,3.91,15.766475,1.710065,12935987240.757,12935987240.757,3326796000,3326796000,False
2023-11-29,3.91,15.766475,1.710065,12935987240.757,12935987240.757,3326796000,3326796000,False
2023-11-30,3.89,15.685828,1.701317,12869818508.068,12869818508.068,3326796000,3326796000,False
2023-12-01,3.91,15.766475,1.710065,12935987240.757,12935987240.757,3326796000,3326796000,False
2023-12-04,3.92,15.806799,1.714438,12969071607.102,12969071607.102,3326796000,3326796000,False
2023-12-05,3.88,15.645505,1.696944,12836734141.723,12836734141.723,3326796000,3326796000,False
2023-12-06,3.9,15.726152,1.705691,12902902874.413,12902902874.413,3326796000,3326796000,False
2023-12-07,3.88,15.645505,1.696944,12836734141.723,12836734141.723,3326796000,3326796000,False
2023-12-08,3.83,15.443887,1.675076,12671312310.0,12671312310.0,3326796000,3326796000,False
2023-12-11,3.92,15.806799,1.714438,12969071607.102,12969071607.102,3326796000,3326796000,False
2023-12-12,3.93,15.847122,1.718812,13002155973.446,13002155973.446,3326796000,3326796000,False
2023-12-13,3.91,15.766475,1.710065,12935987240.757,12935987240.757,3326796000,3326796000,False
2023-12-14,3.92,15.806799,1.714438,12969071607.102,12969071607.102,3326796000,3326796000,False
2023-12-15,3.89,15.685828,1.701317,12869818508.068,12869818508.068,3326796000,3326796000,False
2023-12-18,3.85,15.524534,1.683823,12737481042.689,12737481042.689,3326796000,3326796000,False
2023-12-19,3.87,15.605181,1.69257,12803649775.379,12803649775.379,3326796000,3326796000,False
2023-12-20,3.85,15.524534,1.683823,12737481042.689,12737481042.689,3326796000,3326796000,False
2023-12-21,3.89,15.685828,1.701317,12869818508.068,12869818508.068,3326796000,3326796000,False
2023-12-22,3.88,15.645505,1.696944,12836734141.723,12836734141.723,3326796000,3326796000,False
2023-12-25,3.88,15.645505,1.696944,12836734141.723,12836734141.723,3326796000,3326796000,False
2023-12-26,3.88,15.645505,1.696944,12836734141.723,12836734141.723,3326796000,3326796000,False
2023-12-27,3.89,15.685828,1.701317,12869818508.068,12869818508.068,3326796000,3326796000,False
2023-12-28,3.98,16.048739,1.74068,13167577805.17,13167577805.17,3326796000,3326796000,False
2023-12-29,4.0,16.129386,1.749427,13233746537.859,13233746537.859,3326796000,3326796000,False
2024-01-02,4.06,16.371327,1.775668,13432252735.927,13432252735.927,3326796000,3326796000,False
2024-01-03,4.07,16.411651,1.780042,13465337102.272,13465337102.272,3326796000,3326796000,False
2024-01-04,4.08,16.451974,1.784415,13498421468.616,13498421468.616,3326796000,3326796000,False
2024-01-05,4.0,16.129386,1.749427,13233746537.859,13233746537.859,3326796000,3326796000,False
2024-01-08,3.95,15.927769,1.727559,13068324706.136,13068324706.136,3326796000,3326796000,False
2024-01-09,3.94,15.887446,1.723185,13035240339.791,13035240339.791,3326796000,3326796000,False
2024-01-10,3.95,15.927769,1.727559,13068324706.136,13068324706.136,3326796000,3326796000,False
2024-01-11,4.0,16.129386,1.749427,13233746537.859,13233746537.859,3326796000,3326796000,False
2024-01-12,4.02,16.210033,1.758174,13299915270.548,13299915270.548,3326796000,3326796000,False
2024-01-15,4.02,16.210033,1.758174,13299915270.548,13299915270.548,3326796000,3326796000,False
2024-01-16,4.02,16.210033,1.758174,13299915270.548,13299915270.548,3326796000,3326796000,False
2024-01-17,3.96,15.968093,1.731932,13101409072.48,13101409072.48,3326796000,3326796000,False
2024-01-18,3.88,15.645505,1.696944,12836734141.723,12836734141.723,3326796000,3326796000,False
2024-01-19,3.8,15.322917,1.661955,12572059210.966,12572059210.966,3326796000,3326796000,False
2024-01-22,3.57,14.395477,1.561363,11811118785.039,11811118785.039,3326796000,3326796000,False
2024-01-23,3.57,14.395477,1.561363,11811118785.039,11811118785.039,3326796000,3326796000,False
2024-01-24,3.61,14.556771,1.578858,11943456250.418,11943456250.418,3326796000,3326796000,False
2024-01-25,3.78,15.24227,1.653208,12505890478.277,12505890478.277,3326796000,3326796000,False
2024-01-26,3.77,15.201947,1.648835,12472806111.932,12472806111.932,3326796000,3326796000,False
2024-01-29,3.67,14.798712,1.605099,12141962448.486,12141962448.486,3326796000,3326796000,False
2024-01-30,3.57,14.395477,1.561363,11811118785.039,11811118785.039,3326796000,3326796000,False
2024-01-31,3.47,13.992243,1.517628,11480275121.593,11480275121.593,3326796000,3326796000,False
2024-02-01,3.41,13.750302,1.491386,11281768923.525,11281768923.525,3326796000,3326796000,False
2024-02-02,3.23,13.02448,1.412662,10686250329.321,10686250329.321,3326796000,3326796000,False
2024-02-05,3.06,12.338981,1.338311,10123816101.462,10123816101.462,3326796000,3326796000,False
2024-02-06,3.29,13.26642,1.438903,10884756527.389,10884756527.389,3326796000,3326796000,False
2024-02-07,3.49,14.07289,1.526375,11546443854.282,11546443854.282,3326796000,3326796000,False
2024-02-08,3.57,14.395477,1.561363,11811118785.039,11811118785.039,3326796000,3326796000,False
2024-02-19,3.82,15.403564,1.670702,12638227943.655,12638227943.655,3326796000,3326796000,False
2024-02-20,3.67,14.798712,1.605099,12141962448.486,12141962448.486,3326796000,3326796000,False
2024-02-21,3.68,14.839035,1.609473,12175046814.83,12175046814.83,3326796000,3326796000,False
2024-02-22,3.67,14.798712,1.605099,12141962448.486,12141962448.486,3326796000,3326796000,False
2024-02-23,3.66,14.758389,1.600725,12108878082.141,12108878082.141,3326796000,3326796000,False
2024-02-26,3.68,14.839035,1.609473,12175046814.83,12175046814.83,3326796000,3326796000,False
2024-02-27,3.71,15.339009,1.622593,12274299913.864,12274299913.864,3326796000,3326796000,False
2024-02-28,3.62,14.966904,1.583231,11976540616.762,11976540616.762,3326796000,3326796000,False
2024-02-29,3.71,15.339009,1.622593,12274299913.864,12274299913.864,3326796000,3326796000,False
2024-03-01,3.75,15.504389,1.640088,12406637379.243,12406637379.243,3326796000,3326796000,False
2024-03-04,3.74,15.463044,1.635714,12373553012.898,12373553012.898,3326796000,3326796000,False
2024-03-05,3.7,15.297664,1.61822,12241215547.52,12241215547.52,3326796000,3326796000,False
2024-03-06,3.77,15.587079,1.648835,12472806111.932,12472806111.932,3326796000,3326796000,False
2024-03-07,3.73,15.421699,1.63134,12340468646.554,12340468646.554,3326796000,3326796000,False
2024-03-08,3.75,15.504389,1.640088,12406637379.243,12406637379.243,3326796000,3326796000,False
2024-03-11,3.81,15.752459,1.666329,12605143577.311,12605143577.311,3326796000,3326796000,False
2024-03-12,3.8,15.711114,1.661955,12572059210.966,12572059210.966,3326796000,3326796000,False
2024-03-13,3.78,15.628424,1.653208,12505890478.277,12505890478.277,3326796000,3326796000,False
2024-03-14,3.76,15.545734,1.644461,12439721745.587,12439721745.587,3326796000,3326796000,False
2024-03-15,3.81,15.752459,1.666329,12605143577.311,12605143577.311,3326796000,3326796000,False
2024-03-18,3.82,15.793804,1.670702,12638227943.655,12638227943.655,3326796000,3326796000,False
2024-03-19,3.77,15.587079,1.648835,12472806111.932,12472806111.932,3326796000,3326796000,False
2024-03-20,3.79,15.669769,1.657582,12538974844.621,12538974844.621,3326796000,3326796000,False
2024-03-21,3.79,15.669769,1.657582,12538974844.621,12538974844.621,3326796000,3326796000,False
2024-03-22,3.73,15.421699,1.63134,12340468646.554,12340468646.554,3326796000,3326796000,False
2024-03-25,3.68,15.214974,1.609473,12175046814.83,12175046814.83,3326796000,3326796000,False
2024-03-26,3.7,15.297664,1.61822,12241215547.52,12241215547.52,3326796000,3326796000,False
2024-03-27,3.61,14.925559,1.578858,11943456250.418,11943456250.418,3326796000,3326796000,False
2024-03-28,3.61,14.925559,1.578858,11943456250.418,11943456250.418,3326796000,3326796000,False
2024-03-29,3.68,15.214974,1.609473,12175046814.83,12175046814.83,3326796000,3326796000,False
2024-04-01,3.74,15.463044,1.635714,12373553012.898,12373553012.898,3326796000,3326796000,False
2024-04-02,3.78,15.628424,1.653208,12505890478.277,12505890478.277,3326796000,3326796000,False
2024-04-03,3.77,15.587079,1.648835,12472806111.932,12472806111.932,3326796000,3326796000,False
2024-04-08,3.74,15.463044,1.635714,12373553012.898,12373553012.898,3326796000,3326796000,False
2024-04-09,3.8,15.711114,1.661955,12572059210.966,12572059210.966,3326796000,3326796000,False
2024-04-10,3.76,15.545734,1.644461,12439721745.587,12439721745.587,3326796000,3326796000,False
2024-04-11,3.8,15.711114,1.661955,12572059210.966,12572059210.966,3326796000,3326796000,False
2024-04-12,3.8,15.711114,1.661955,12572059210.966,12572059210.966,3326796000,3326796000,False
2024-04-15,3.78,15.628424,1.653208,12505890478.277,12505890478.277,3326796000,3326796000,False
2024-04-16,3.65,15.090939,1.596352,12075793715.796,12075793715.796,3326796000,3326796000,False
2024-04-17,3.73,15.421699,1.63134,12340468646.554,12340468646.554,3326796000,3326796000,False
2024-04-18,3.75,15.504389,1.640088,12406637379.243,12406637379.243,3326796000,3326796000,False
2024-04-19,3.73,15.421699,1.63134,12340468646.554,12340468646.554,3326796000,3326796000,False
2024-04-22,3.69,15.256319,1.613846,12208131181.175,12208131181.175,3326796000,3326796000,False
2024-04-23,3.63,15.008249,1.587605,12009624983.107,12009624983.107,3326796000,3326796000,False
2024-04-24,3.66,15.132284,1.600725,12108878082.141,12108878082.141,3326796000,3326796000,False
2024-04-25,3.67,15.173629,1.605099,12141962448.486,12141962448.486,3326796000,3326796000,False
2024-04-26,3.69,15.618209,1.553884,12208131181.175,12208131181.175,3326796000,3326796000,False
2024-04-29,3.76,15.914489,1.583362,12439721745.587,12439721745.587,3326796000,3326796000,False
2024-04-30,3.74,15.829838,1.57494,12373553012.898,12373553012.898,3326796000,3326796000,False
2024-05-06,3.81,16.126118,1.604417,12605143577.311,12605143577.311,3326796000,3326796000,False
2024-05-07,3.8,16.083792,1.600206,12572059210.966,12572059210.966,3326796000,3326796000,False
2024-05-08,3.76,15.914489,1.583362,12439721745.587,12439721745.587,3326796000,3326796000,False
2024-05-09,3.83,16.21077,1.612839,12671312310.0,12671312310.0,3326796000,3326796000,False
2024-05-10,3.86,16.337747,1.625472,12770565409.034,12770565409.034,3326796000,3326796000,False
2024-05-13,3.92,16.591701,1.650739,12969071607.102,12969071607.102,3326796000,3326796000,False
2024-05-14,3.92,16.591701,1.650739,12969071607.102,12969071607.102,3326796000,3326796000,False
2024-05-15,3.85,16.295421,1.621261,12737481042.689,12737481042.689,3326796000,3326796000,False
2024-05-16,3.8,16.083792,1.600206,12572059210.966,12572059210.966,3326796000,3326796000,False
2024-05-17,3.83,16.21077,1.612839,12671312310.0,12671312310.0,3326796000,3326796000,False
2024-05-20,3.84,16.253095,1.61705,12704396676.345,12704396676.345,3326796000,3326796000,False
2024-05-21,3.8,16.083792,1.600206,12572059210.966,12572059210.966,3326796000,3326796000,False
2024-05-22,3.83,16.21077,1.612839,12671312310.0,12671312310.0,3326796000,3326796000,False
2024-05-23,3.73,15.787512,1.570728,12340468646.554,12340468646.554,3326796000,3326796000,False
2024-05-24,3.78,15.999141,1.591784,12505890478.277,12505890478.277,3326796000,3326796000,False
2024-05-27,3.86,16.337747,1.625472,12770565409.034,12770565409.034,3326796000,3326796000,False
2024-05-28,3.87,16.380073,1.629683,12803649775.379,12803649775.379,3326796000,3326796000,False
2024-05-29,3.85,16.295421,1.621261,12737481042.689,12737481042.689,3326796000,3326796000,False
2024-05-30,3.86,16.337747,1.625472,12770565409.034,12770565409.034,3326796000,3326796000,False
2024-05-31,3.82,16.168444,1.608628,12638227943.655,12638227943.655,3326796000,3326796000,False
2024-06-03,3.71,15.70286,1.562306,12274299913.864,12274299913.864,3326796000,3326796000,False
2024-06-04,3.8,16.083792,1.600206,12572059210.966,12572059210.966,3326796000,3326796000,False
2024-06-05,3.69,15.618209,1.553884,12208131181.175,12208131181.175,3326796000,3326796000,False
2024-06-06,3.6,15.237277,1.515985,11910371884.073,11910371884.073,3326796000,3326796000,False
2024-06-07,3.57,15.1103,1.503351,11811118785.039,11811118785.039,3326796000,3326796000,False
2024-06-11,3.58,15.152625,1.507562,11844203151.384,11844203151.384,3326796000,3326796000,False
2024-06-12,3.5,14.814019,1.473874,11579528220.627,11579528220.627,3326796000,3326796000,False
2024-06-13,3.47,14.687042,1.461241,11480275121.593,11480275121.593,3326796000,3326796000,False
2024-06-14,3.5,14.814019,1.473874,11579528220.627,11579528220.627,3326796000,3326796000,False
2024-06-17,3.51,14.856345,1.478085,11612612586.971,11612612586.971,3326796000,3326796000,False
2024-06-18,3.54,14.983322,1.490718,11711865686.005,11711865686.005,3326796000,3326796000,False
2024-06-19,3.46,14.644716,1.45703,11447190755.248,11447190755.248,3326796000,3326796000,False
2024-06-20,3.36,14.221458,1.414919,11116347091.802,11116347091.802,3326796000,3326796000,False
2024-06-21,3.31,14.00983,1.393864,10950925260.078,10950925260.078,3326796000,3326796000,False
2024-06-24,3.2,13.544246,1.347542,10586997230.287,10586997230.287,3326796000,3326796000,False
2024-06-25,3.23,13.671223,1.360175,10686250329.321,10686250329.321,3326796000,3326796000,False
2024-06-26,3.34,14.136807,1.406497,11050178359.112,11050178359.112,3326796000,3326796000,False
2024-06-27,3.22,13.628898,1.355964,10653165962.977,10653165962.977,3326796000,3326796000,False
2024-06-28,3.29,13.925178,1.385441,10884756527.389,10884756527.389,3326796000,3326796000,False
2024-07-01,3.33,14.094481,1.402286,11017093992.768,11017093992.768,3326796000,3326796000,False
2024-07-02,3.3,13.967504,1.389653,10917840893.734,10917840893.734,3326796000,3326796000,False
2024-07-03,3.26,13.798201,1.372808,10785503428.355,10785503428.355,3326796000,3326796000,False
2024-07-04,3.21,13.586572,1.351753,10620081596.632,10620081596.632,3326796000,3326796000,False
2024-07-05,3.24,13.713549,1.364386,10719334695.666,10719334695.666,3326796000,3326796000,False
2024-07-08,3.18,13.459595,1.33912,10520828497.598,10520828497.598,3326796000,3326796000,False
2024-07-09,3.23,13.671223,1.360175,10686250329.321,10686250329.321,3326796000,3326796000,False
2024-07-10,3.16,13.374943,1.330698,10454659764.909,10454659764.909,3326796000,3326796000,False
2024-07-11,3.25,13.755875,1.368597,10752419062.01,10752419062.01,3326796000,3326796000,False
2024-07-12,3.23,13.671223,1.360175,10686250329.321,10686250329.321,3326796000,3326796000,False
2024-07-15,3.17,13.417269,1.334909,10487744131.253,10487744131.253,3326796000,3326796000,False
2024-07-16,3.13,13.247966,1.318064,10355406665.875,10355406665.875,3326796000,3326796000,False
2024-07-17,3.11,13.163314,1.309642,10289237933.185,10289237933.185,3326796000,3326796000,False
2024-07-18,3.15,13.332617,1.326487,10421575398.564,10421575398.564,3326796000,3326796000,False
2024-07-19,3.14,13.290291,1.322275,10388491032.219,10388491032.219,3326796000,3326796000,False
2024-07-22,3.14,13.290291,1.322275,10388491032.219,10388491032.219,3326796000,3326796000,False
2024-07-23,3.09,13.078663,1.30122,10223069200.496,10223069200.496,3326796000,3326796000,False
2024-07-24,3.05,12.90936,1.284376,10090731735.117,10090731735.117,3326796000,3326796000,False
2024-07-25,3.12,13.20564,1.313853,10322322299.53,10322322299.53,3326796000,3326796000,False
2024-07-26,3.2,13.544246,1.347542,10586997230.287,10586997230.287,3326796000,3326796000,False
2024-07-29,3.18,13.459595,1.33912,10520828497.598,10520828497.598,3326796000,3326796000,False
2024-07-30,3.19,13.50192,1.343331,10553912863.943,10553912863.943,3326796000,3326796000,False
2024-07-31,3.23,13.671223,1.360175,10686250329.321,10686250329.321,3326796000,3326796000,False
2024-08-01,3.22,13.628898,1.355964,10653165962.977,10653165962.977,3326796000,3326796000,False
2024-08-02,3.18,13.459595,1.33912,10520828497.598,10520828497.598,3326796000,3326796000,False
2024-08-05,3.1,13.120988,1.305431,10256153566.841,10256153566.841,3326796000,3326796000,False
2024-08-06,3.16,13.374943,1.330698,10454659764.909,10454659764.909,3326796000,3326796000,False
2024-08-07,3.19,13.50192,1.343331,10553912863.943,10553912863.943,3326796000,3326796000,False
2024-08-08,3.2,13.544246,1.347542,10586997230.287,10586997230.287,3326796000,3326796000,False
2024-08-09,3.17,13.417269,1.334909,10487744131.253,10487744131.253,3326796000,3326796000,False
2024-08-12,3.16,13.374943,1.330698,10454659764.909,10454659764.909,3326796000,3326796000,False
2024-08-13,3.2,13.544246,1.347542,10586997230.287,10586997230.287,3326796000,3326796000,False
2024-08-14,3.16,13.374943,1.330698,10454659764.909,10454659764.909,3326796000,3326796000,False
2024-08-15,3.17,13.417269,1.334909,10487744131.253,10487744131.253,3326796000,3326796000,False
2024-08-16,3.13,13.247966,1.318064,10355406665.875,10355406665.875,3326796000,3326796000,False
2024-08-19,3.12,13.20564,1.313853,10322322299.53,10322322299.53,3326796000,3326796000,False
2024-08-20,3.08,13.036337,1.297009,10189984834.151,10189984834.151,3326796000,3326796000,False
2024-08-21,3.05,12.90936,1.284376,10090731735.117,10090731735.117,3326796000,3326796000,False
2024-08-22,3.05,12.90936,1.284376,10090731735.117,10090731735.117,3326796000,3326796000,False
2024-08-23,3.02,12.782382,1.271743,9991478636.084,9991478636.084,3326796000,3326796000,False
2024-08-26,3.04,12.867034,1.280165,10057647368.773,10057647368.773,3326796000,3326796000,False
2024-08-27,2.97,12.570753,1.250687,9826056804.36,9826056804.36,3326796000,3326796000,False
2024-08-28,3.0,12.697731,1.263321,9925309903.394,9925309903.394,3326796000,3326796000,False
2024-08-29,3.1,13.120988,1.305431,10256153566.841,10256153566.841,3326796000,3326796000,False
2024-08-30,3.16,13.374943,1.330698,10454659764.909,10454659764.909,3326796000,3326796000,False
2024-09-02,2.97,13.756268,1.240537,9826056804.36,9826056804.36,3326796000,3326796000,False
2024-09-03,2.95,13.663633,1.232183,9759888071.671,9759888071.671,3326796000,3326796000,False
2024-09-04,2.93,13.570998,1.223829,9693719338.982,9693719338.982,3326796000,3326796000,False
2024-09-05,2.93,13.570998,1.223829,9693719338.982,9693719338.982,3326796000,3326796000,False
2024-09-06,2.83,13.107824,1.18206,9362875675.535,9362875675.535,3326796000,3326796000,False
2024-09-09,2.79,12.922555,1.165353,9230538210.157,9230538210.157,3326796000,3326796000,False
2024-09-10,2.85,13.200459,1.190414,9429044408.225,9429044408.225,3326796000,3326796000,False
2024-09-11,2.87,13.293094,1.198768,9495213140.914,9495213140.914,3326796000,3326796000,False
2024-09-12,2.91,13.478364,1.215476,9627550606.292,9627550606.292,3326796000,3326796000,False
2024-09-13,2.86,13.246777,1.194591,9462128774.569,9462128774.569,3326796000,3326796000,False
2024-09-18,2.84,13.154142,1.186237,9395960041.88,9395960041.88,3326796000,3326796000,False
2024-09-19,2.9,13.432046,1.211299,9594466239.948,9594466239.948,3326796000,3326796000,False
2024-09-20,2.87,13.293094,1.198768,9495213140.914,9495213140.914,3326796000,3326796000,False
2024-09-23,2.87,13.293094,1.198768,9495213140.914,9495213140.914,3326796000,3326796000,False
2024-09-24,2.96,13.709951,1.23636,9792972438.016,9792972438.016,3326796000,3326796000,False
2024-09-25,3.01,13.941538,1.257245,9958394269.739,9958394269.739,3326796000,3326796000,False
2024-09-26,3.1,14.358394,1.294837,10256153566.841,10256153566.841,3326796000,3326796000,False
2024-09-27,3.21,14.867886,1.340782,10620081596.632,10620081596.632,3326796000,3326796000,False
2024-09-30,3.49,16.164773,1.457735,11546443854.282,11546443854.282,3326796000,3326796000,False
2024-10-08,3.73,17.276391,1.557981,12340468646.554,12340468646.554,3326796000,3326796000,False
2024-10-09,3.43,15.886869,1.432674,11347937656.214,11347937656.214,3326796000,3326796000,False
2024-10-10,3.44,15.933186,1.436851,11381022022.559,11381022022.559,3326796000,3326796000,False
2024-10-11,3.29,15.238425,1.374197,10884756527.389,10884756527.389,3326796000,3326796000,False
2024-10-14,3.32,15.377377,1.386728,10984009626.423,10984009626.423,3326796000,3326796000,False
2024-10-15,3.25,15.053155,1.35749,10752419062.01,10752419062.01,3326796000,3326796000,False
2024-10-16,3.23,14.96052,1.349136,10686250329.321,10686250329.321,3326796000,3326796000,False
2024-10-17,3.17,14.682616,1.324075,10487744131.253,10487744131.253,3326796000,3326796000,False
2024-10-18,3.26,15.099473,1.361667,10785503428.355,10785503428.355,3326796000,3326796000,False
2024-10-21,3.22,14.914203,1.344959,10653165962.977,10653165962.977,3326796000,3326796000,False
2024-10-22,3.3,15.284742,1.378374,10917840893.734,10917840893.734,3326796000,3326796000,False
2024-10-23,3.39,15.701599,1.415966,11215600190.836,11215600190.836,3326796000,3326796000,False
2024-10-24,3.37,15.608964,1.407613,11149431458.146,11149431458.146,3326796000,3326796000,False
2024-10-25,3.47,16.072138,1.449382,11480275121.593,11480275121.593,3326796000,3326796000,False
2024-10-28,3.5,16.21109,1.461912,11579528220.627,11579528220.627,3326796000,3326796000,False
2024-10-29,3.45,15.979503,1.441028,11414106388.903,11414106388.903,3326796000,3326796000,False
2024-10-30,3.43,15.886869,1.432674,11347937656.214,11347937656.214,3326796000,3326796000,False
2024-10-31,3.45,18.052934,1.4103,11414106388.903,11414106388.903,3326796000,3326796000,False
2024-11-01,3.36,17.581988,1.373509,11116347091.802,11116347091.802,3326796000,3326796000,False
2024-11-04,3.42,17.895952,1.398036,11314853289.869,11314853289.869,3326796000,3326796000,False
2024-11-05,3.49,18.262244,1.426651,11546443854.282,11546443854.282,3326796000,3326796000,False
2024-11-06,3.48,18.209917,1.422563,11513359487.937,11513359487.937,3326796000,3326796000,False
2024-11-07,3.57,18.680863,1.459354,11811118785.039,11811118785.039,3326796000,3326796000,False
2024-11-08,3.54,18.523881,1.44709,11711865686.005,11711865686.005,3326796000,3326796000,False
2024-11-11,3.55,18.576208,1.451178,11744950052.35,11744950052.35,3326796000,3326796000,False
2024-11-12,3.49,18.262244,1.426651,11546443854.282,11546443854.282,3326796000,3326796000,False
2024-11-13,3.49,18.262244,1.426651,11546443854.282,11546443854.282,3326796000,3326796000,False
2024-11-14,3.38,17.686643,1.381685,11182515824.491,11182515824.491,3326796000,3326796000,False
2024-11-15,3.33,17.425006,1.361246,11017093992.768,11017093992.768,3326796000,3326796000,False
2024-11-18,3.36,17.581988,1.373509,11116347091.802,11116347091.802,3326796000,3326796000,False
2024-11-19,3.43,17.94828,1.402124,11347937656.214,11347937656.214,3326796000,3326796000,False
2024-11-20,3.45,18.052934,1.4103,11414106388.903,11414106388.903,3326796000,3326796000,False
2024-11-21,3.46,18.105262,1.414388,11447190755.248,11447190755.248,3326796000,3326796000,False
2024-11-22,3.34,17.477334,1.365334,11050178359.112,11050178359.112,3326796000,3326796000,False
2024-11-25,3.39,17.73897,1.385773,11215600190.836,11215600190.836,3326796000,3326796000,False
2024-11-26,3.35,17.529661,1.369421,11083262725.457,11083262725.457,3326796000,3326796000,False
2024-11-27,3.4,17.791298,1.389861,11248684557.18,11248684557.18,3326796000,3326796000,False
2024-11-28,3.4,17.791298,1.389861,11248684557.18,11248684557.18,3326796000,3326796000,False
2024-11-29,3.45,18.052934,1.4103,11414106388.903,11414106388.903,3326796000,3326796000,False
2024-12-02,3.55,18.576208,1.451178,11744950052.35,11744950052.35,3326796000,3326796000,False
2024-12-03,3.58,18.73319,1.463441,11844203151.384,11844203151.384,3326796000,3326796000,False
2024-12-04,3.52,18.419226,1.438914,11645696953.316,11645696953.316,3326796000,3326796000,False
2024-12-05,3.54,18.523881,1.44709,11711865686.005,11711865686.005,3326796000,3326796000,False
2024-12-06,3.61,18.890172,1.475705,11943456250.418,11943456250.418,3326796000,3326796000,False
2024-12-09,3.63,18.994827,1.483881,12009624983.107,12009624983.107,3326796000,3326796000,False
2024-12-10,3.58,18.73319,1.463441,11844203151.384,11844203151.384,3326796000,3326796000,False
2024-12-11,3.63,18.994827,1.483881,12009624983.107,12009624983.107,3326796000,3326796000,False
2024-12-12,3.68,19.256463,1.50432,12175046814.83,12175046814.83,3326796000,3326796000,False
2024-12-13,3.56,18.628535,1.455266,11778034418.695,11778034418.695,3326796000,3326796000,False
2024-12-16,3.57,18.680863,1.459354,11811118785.039,11811118785.039,3326796000,3326796000,False
2024-12-17,3.5,18.314571,1.430739,11579528220.627,11579528220.627,3326796000,3326796000,False
2024-12-18,3.51,18.366899,1.434827,11612612586.971,11612612586.971,3326796000,3326796000,False
2024-12-19,3.53,18.471553,1.443002,11678781319.661,11678781319.661,3326796000,3326796000,False
2024-12-20,3.51,18.366899,1.434827,11612612586.971,11612612586.971,3326796000,3326796000,False
2024-12-23,3.42,17.895952,1.398036,11314853289.869,11314853289.869,3326796000,3326796000,False
2024-12-24,3.49,18.262244,1.426651,11546443854.282,11546443854.282,3326796000,3326796000,False
2024-12-25,3.45,18.052934,1.4103,11414106388.903,11414106388.903,3326796000,3326796000,False
2024-12-26,3.44,18.000607,1.406212,11381022022.559,11381022022.559,3326796000,3326796000,False
2024-12-27,3.52,18.419226,1.438914,11645696953.316,11645696953.316,3326796000,3326796000,False
2024-12-30,3.53,18.471553,1.443002,11678781319.661,11678781319.661,3326796000,3326796000,False
2024-12-31,3.39,17.73897,1.385773,11215600190.836,11215600190.836,3326796000,3326796000,False
2025-01-02,3.3,17.268024,1.348982,10917840893.734,10917840893.734,3326796000,3326796000,False
2025-01-03,3.22,16.849406,1.31628,10653165962.977,10653165962.977,3326796000,3326796000,False
2025-01-06,3.27,17.111042,1.336719,10818587794.7,10818587794.7,3326796000,3326796000,False
2025-01-07,3.29,17.215697,1.344895,10884756527.389,10884756527.389,3326796000,3326796000,False
2025-01-08,3.24,16.95406,1.324455,10719334695.666,10719334695.666,3326796000,3326796000,False
2025-01-09,3.21,16.797078,1.312192,10620081596.632,10620081596.632,3326796000,3326796000,False
2025-01-10,3.13,16.378459,1.279489,10355406665.875,10355406665.875,3326796000,3326796000,False
2025-01-13,3.14,16.430787,1.283577,10388491032.219,10388491032.219,3326796000,3326796000,False
2025-01-14,3.25,17.006388,1.328543,10752419062.01,10752419062.01,3326796000,3326796000,False
2025-01-15,3.21,16.797078,1.312192,10620081596.632,10620081596.632,3326796000,3326796000,False
2025-01-16,3.24,16.95406,1.324455,10719334695.666,10719334695.666,3326796000,3326796000,False
2025-01-17,3.27,17.111042,1.336719,10818587794.7,10818587794.7,3326796000,3326796000,False
2025-01-20,3.3,17.268024,1.348982,10917840893.734,10917840893.734,3326796000,3326796000,False
2025-01-21,3.27,17.111042,1.336719,10818587794.7,10818587794.7,3326796000,3326796000,False
2025-01-22,3.27,17.111042,1.336719,10818587794.7,10818587794.7,3326796000,3326796000,False
2025-01-23,3.26,17.058715,1.332631,10785503428.355,10785503428.355,3326796000,3326796000,False
2025-01-24,3.31,17.320352,1.35307,10950925260.078,10950925260.078,3326796000,3326796000,False
2025-01-27,3.28,17.16337,1.340807,10851672161.044,10851672161.044,3326796000,3326796000,False
2025-02-05,3.25,17.006388,1.328543,10752419062.01,10752419062.01,3326796000,3326796000,False
2025-02-06,3.29,17.215697,1.344895,10884756527.389,10884756527.389,3326796000,3326796000,False
2025-02-07,3.33,17.425006,1.361246,11017093992.768,11017093992.768,3326796000,3326796000,False
2025-02-10,3.32,17.372679,1.357158,10984009626.423,10984009626.423,3326796000,3326796000,False
2025-02-11,3.31,17.320352,1.35307,10950925260.078,10950925260.078,3326796000,3326796000,False
2025-02-12,3.32,17.372679,1.357158,10984009626.423,10984009626.423,3326796000,3326796000,False
2025-02-13,3.28,17.16337,1.340807,10851672161.044,10851672161.044,3326796000,3326796000,False
2025-02-14,3.27,17.111042,1.336719,10818587794.7,10818587794.7,3326796000,3326796000,False
2025-02-17,3.26,17.058715,1.332631,10785503428.355,10785503428.355,3326796000,3326796000,False
2025-02-18,3.22,16.849406,1.31628,10653165962.977,10653165962.977,3326796000,3326796000,False
2025-02-19,3.26,17.058715,1.332631,10785503428.355,10785503428.355,3326796000,3326796000,False
2025-02-20,3.22,16.849406,1.31628,10653165962.977,10653165962.977,3326796000,3326796000,False
2025-02-21,3.26,17.058715,1.332631,10785503428.355,10785503428.355,3326796000,3326796000,False
2025-02-24,3.59,18.785517,1.467529,11877287517.728,11877287517.728,3326796000,3326796000,False
2025-02-25,3.55,18.576208,1.451178,11744950052.35,11744950052.35,3326796000,3326796000,False
2025-02-26,3.61,17.124436,1.475705,11943456250.418,11943456250.418,3326796000,3326796000,False
2025-02-27,3.5,16.602639,1.430739,11579528220.627,11579528220.627,3326796000,3326796000,False
2025-02-28,3.42,16.22315,1.398036,11314853289.869,11314853289.869,3326796000,3326796000,False
2025-03-03,3.44,16.318022,1.406212,11381022022.559,11381022022.559,3326796000,3326796000,False
2025-03-04,3.48,16.507766,1.422563,11513359487.937,11513359487.937,3326796000,3326796000,False
2025-03-05,3.48,16.507766,1.422563,11513359487.937,11513359487.937,3326796000,3326796000,False
2025-03-06,3.51,16.650075,1.434827,11612612586.971,11612612586.971,3326796000,3326796000,False
2025-03-07,3.45,16.365458,1.4103,11414106388.903,11414106388.903,3326796000,3326796000,False
2025-03-10,3.46,16.412894,1.414388,11447190755.248,11447190755.248,3326796000,3326796000,False
2025-03-11,3.49,16.555202,1.426651,11546443854.282,11546443854.282,3326796000,3326796000,False
2025-03-12,3.54,16.792383,1.44709,11711865686.005,11711865686.005,3326796000,3326796000,False
2025-03-13,3.52,16.697511,1.438914,11645696953.316,11645696953.316,3326796000,3326796000,False
2025-03-14,3.56,16.887255,1.455266,11778034418.695,11778034418.695,3326796000,3326796000,False
2025-03-17,3.59,17.029564,1.467529,11877287517.728,11877287517.728,3326796000,3326796000,False
2025-03-18,3.59,17.029564,1.467529,11877287517.728,11877287517.728,3326796000,3326796000,False
2025-03-19,3.59,17.029564,1.467529,11877287517.728,11877287517.728,3326796000,3326796000,False
2025-03-20,3.63,17.219308,1.483881,12009624983.107,12009624983.107,3326796000,3326796000,False
2025-03-21,3.88,18.405211,1.586076,12836734141.723,12836734141.723,3326796000,3326796000,False
2025-03-24,4.02,19.069316,1.643306,13299915270.548,13299915270.548,3326796000,3326796000,False
2025-03-25,3.92,18.594955,1.602427,12969071607.102,12969071607.102,3326796000,3326796000,False
2025-03-26,4.05,19.211625,1.655569,13399168369.582,13399168369.582,3326796000,3326796000,False
2025-03-27,3.8,18.025722,1.553374,12572059210.966,12572059210.966,3326796000,3326796000,False
2025-03-28,3.69,17.503925,1.508408,12208131181.175,12208131181.175,3326796000,3326796000,False
2025-03-31,3.6,17.077,1.471617,11910371884.073,11910371884.073,3326796000,3326796000,False
2025-04-01,3.68,17.456489,1.50432,12175046814.83,12175046814.83,3326796000,3326796000,False
2025-04-02,3.64,17.266744,1.487968,12042709349.452,12042709349.452,3326796000,3326796000,False
2025-04-03,3.61,17.124436,1.475705,11943456250.418,11943456250.418,3326796000,3326796000,False
2025-04-07,3.25,15.416736,1.328543,10752419062.01,10752419062.01,3326796000,3326796000,False
2025-04-08,3.22,15.274428,1.31628,10653165962.977,10653165962.977,3326796000,3326796000,False
2025-04-09,3.24,15.3693,1.324455,10719334695.666,10719334695.666,3326796000,3326796000,False
2025-04-10,3.27,15.511608,1.336719,10818587794.7,10818587794.7,3326796000,3326796000,False
2025-04-11,3.25,15.416736,1.328543,10752419062.01,10752419062.01,3326796000,3326796000,False
2025-04-14,3.31,15.701353,1.35307,10950925260.078,10950925260.078,3326796000,3326796000,False
2025-04-15,3.29,15.60648,1.344895,10884756527.389,10884756527.389,3326796000,3326796000,False
2025-04-16,3.23,15.321864,1.320368,10686250329.321,10686250329.321,3326796000,3326796000,False
2025-04-17,3.25,15.416736,1.328543,10752419062.01,10752419062.01,3326796000,3326796000,False
2025-04-18,3.27,15.511608,1.336719,10818587794.7,10818587794.7,3326796000,3326796000,False
2025-04-21,3.29,15.60648,1.344895,10884756527.389,10884756527.389,3326796000,3326796000,False
2025-04-22,3.3,15.653916,1.348982,10917840893.734,10917840893.734,3326796000,3326796000,False
2025-04-23,3.31,15.701353,1.35307,10950925260.078,10950925260.078,3326796000,3326796000,False
2025-04-24,3.31,15.701353,1.35307,10950925260.078,10950925260.078,3326796000,3326796000,False
2025-04-25,3.33,15.796225,1.361246,11017093992.768,11017093992.768,3326796000,3326796000,False
2025-04-28,3.22,17.943871,1.281037,10653165962.977,10653165962.977,3326796000,3326796000,False
2025-04-29,3.19,17.776692,1.269102,10553912863.943,10553912863.943,3326796000,3326796000,False
2025-04-30,3.19,17.776692,1.269102,10553912863.943,10553912863.943,3326796000,3326796000,False
2025-05-06,3.29,18.333955,1.308886,10884756527.389,10884756527.389,3326796000,3326796000,False
2025-05-07,3.31,18.445408,1.316843,10950925260.078,10950925260.078,3326796000,3326796000,False
2025-05-08,3.39,18.891218,1.34867,11215600190.836,11215600190.836,3326796000,3326796000,False
2025-05-09,3.35,18.668313,1.332756,11083262725.457,11083262725.457,3326796000,3326796000,False
2025-05-12,3.36,18.724039,1.336735,11116347091.802,11116347091.802,3326796000,3326796000,False
2025-05-13,3.36,18.724039,1.336735,11116347091.802,11116347091.802,3326796000,3326796000,False
2025-05-14,3.36,18.724039,1.336735,11116347091.802,11116347091.802,3326796000,3326796000,False
2025-05-15,3.32,18.501134,1.320821,10984009626.423,10984009626.423,3326796000,3326796000,False
2025-05-16,3.33,18.55686,1.3248,11017093992.768,11017093992.768,3326796000,3326796000,False
2025-05-19,3.36,18.724039,1.336735,11116347091.802,11116347091.802,3326796000,3326796000,False
2025-05-20,3.36,18.724039,1.336735,11116347091.802,11116347091.802,3326796000,3326796000,False
2025-05-21,3.34,18.612587,1.328778,11050178359.112,11050178359.112,3326796000,3326796000,False
2025-05-22,3.29,18.333955,1.308886,10884756527.389,10884756527.389,3326796000,3326796000,False
2025-05-23,3.31,18.445408,1.316843,10950925260.078,10950925260.078,3326796000,3326796000,False
2025-05-26,3.38,18.835492,1.344691,11182515824.491,11182515824.491,3326796000,3326796000,False
2025-05-27,3.43,19.114124,1.364583,11347937656.214,11347937656.214,3326796000,3326796000,False
2025-05-28,3.41,19.002671,1.356627,11281768923.525,11281768923.525,3326796000,3326796000,False
2025-05-29,3.46,19.281302,1.376518,11447190755.248,11447190755.248,3326796000,3326796000,False
2025-05-30,3.37,18.779766,1.340713,11149431458.146,11149431458.146,3326796000,3326796000,False
2025-06-03,3.38,18.835492,1.344691,11182515824.491,11182515824.491,3326796000,3326796000,False
2025-06-04,3.43,19.114124,1.364583,11347937656.214,11347937656.214,3326796000,3326796000,False
2025-06-05,3.42,19.058397,1.360605,11314853289.869,11314853289.869,3326796000,3326796000,False
2025-06-06,3.41,19.002671,1.356627,11281768923.525,11281768923.525,3326796000,3326796000,False
2025-06-09,3.42,19.058397,1.360605,11314853289.869,11314853289.869,3326796000,3326796000,False
2025-06-10,3.4,18.946945,1.352648,11248684557.18,11248684557.18,3326796000,3326796000,False
2025-06-11,3.41,19.002671,1.356627,11281768923.525,11281768923.525,3326796000,3326796000,False
2025-06-12,3.38,18.835492,1.344691,11182515824.491,11182515824.491,3326796000,3326796000,False
2025-06-13,3.37,18.779766,1.340713,11149431458.146,11149431458.146,3326796000,3326796000,False
2025-06-16,3.37,18.779766,1.340713,11149431458.146,11149431458.146,3326796000,3326796000,False
2025-06-17,3.36,18.724039,1.336735,11116347091.802,11116347091.802,3326796000,3326796000,False
2025-06-18,3.34,18.612587,1.328778,11050178359.112,11050178359.112,3326796000,3326796000,False
2025-06-19,3.25,18.11105,1.292973,10752419062.01,10752419062.01,3326796000,3326796000,False
2025-06-20,3.25,18.11105,1.292973,10752419062.01,10752419062.01,3326796000,3326796000,False
2025-06-23,3.27,18.222503,1.300929,10818587794.7,10818587794.7,3326796000,3326796000,False
2025-06-24,3.34,18.612587,1.328778,11050178359.112,11050178359.112,3326796000,3326796000,False
2025-06-25,3.36,18.724039,1.336735,11116347091.802,11116347091.802,3326796000,3326796000,False
2025-06-26,3.35,18.668313,1.332756,11083262725.457,11083262725.457,3326796000,3326796000,False
2025-06-27,3.37,18.779766,1.340713,11149431458.146,11149431458.146,3326796000,3326796000,False
2025-06-30,3.38,18.835492,1.344691,11182515824.491,11182515824.491,3326796000,3326796000,False
2025-07-01,3.38,18.835492,1.344691,11182515824.491,11182515824.491,3326796000,3326796000,False
2025-07-02,3.48,19.392755,1.384475,11513359487.937,11513359487.937,3326796000,3326796000,False
2025-07-03,3.44,19.16985,1.368562,11381022022.559,11381022022.559,3326796000,3326796000,False
2025-07-04,3.4,18.946945,1.352648,11248684557.18,11248684557.18,3326796000,3326796000,False
2025-07-07,3.44,19.16985,1.368562,11381022022.559,11381022022.559,3326796000,3326796000,False
2025-07-08,3.46,19.281302,1.376518,11447190755.248,11447190755.248,3326796000,3326796000,False
2025-07-09,3.44,19.16985,1.368562,11381022022.559,11381022022.559,3326796000,3326796000,False
2025-07-10,3.46,19.281302,1.376518,11447190755.248,11447190755.248,3326796000,3326796000,False
2025-07-11,3.49,19.448481,1.388454,11546443854.282,11546443854.282,3326796000,3326796000,False
2025-07-14,3.51,19.559934,1.39641,11612612586.971,11612612586.971,3326796000,3326796000,False
2025-07-15,3.46,19.281302,1.376518,11447190755.248,11447190755.248,3326796000,3326796000,False
2025-07-16,3.46,19.281302,1.376518,11447190755.248,11447190755.248,3326796000,3326796000,False
2025-07-17,3.46,19.281302,1.376518,11447190755.248,11447190755.248,3326796000,3326796000,False
2025-07-18,3.46,19.281302,1.376518,11447190755.248,11447190755.248,3326796000,3326796000,False
2025-07-21,3.63,20.22865,1.444151,12009624983.107,12009624983.107,3326796000,3326796000,False
2025-07-22,3.68,20.507281,1.464043,12175046814.83,12175046814.83,3326796000,3326796000,False
2025-07-23,3.6,20.061471,1.432216,11910371884.073,11910371884.073,3326796000,3326796000,False
2025-07-24,3.64,20.284376,1.448129,12042709349.452,12042709349.452,3326796000,3326796000,False
2025-07-25,3.58,19.950018,1.424259,11844203151.384,11844203151.384,3326796000,3326796000,False
2025-07-28,3.56,19.838566,1.416302,11778034418.695,11778034418.695,3326796000,3326796000,False
2025-07-29,3.54,19.727113,1.408345,11711865686.005,11711865686.005,3326796000,3326796000,False
2025-07-30,3.53,19.671387,1.404367,11678781319.661,11678781319.661,3326796000,3326796000,False
2025-07-31,3.47,19.337029,1.380497,11480275121.593,11480275121.593,3326796000,3326796000,False
2025-08-01,3.47,19.337029,1.380497,11480275121.593,11480275121.593,3326796000,3326796000,False
2025-08-04,3.49,19.448481,1.388454,11546443854.282,11546443854.282,3326796000,3326796000,False
2025-08-05,3.52,19.61566,1.400389,11645696953.316,11645696953.316,3326796000,3326796000,False
2025-08-06,3.53,19.671387,1.404367,11678781319.661,11678781319.661,3326796000,3326796000,False
2025-08-07,3.51,19.559934,1.39641,11612612586.971,11612612586.971,3326796000,3326796000,False
2025-08-08,3.54,19.727113,1.408345,11711865686.005,11711865686.005,3326796000,3326796000,False
2025-08-11,3.55,19.782839,1.412324,11744950052.35,11744950052.35,3326796000,3326796000,False
2025-08-12,3.55,19.782839,1.412324,11744950052.35,11744950052.35,3326796000,3326796000,False
2025-08-13,3.56,19.838566,1.416302,11778034418.695,11778034418.695,3326796000,3326796000,False
2025-08-14,3.49,19.448481,1.388454,11546443854.282,11546443854.282,3326796000,3326796000,False
2025-08-15,3.56,19.838566,1.416302,11778034418.695,11778034418.695,3326796000,3326796000,False
2025-08-18,3.58,19.950018,1.424259,11844203151.384,11844203151.384,3326796000,3326796000,False
2025-08-19,3.59,20.005744,1.428237,11877287517.728,11877287517.728,3326796000,3326796000,False
2025-08-20,3.65,20.340102,1.452108,12075793715.796,12075793715.796,3326796000,3326796000,False
2025-08-21,3.62,20.172923,1.440172,11976540616.762,11976540616.762,3326796000,3326796000,False
2025-08-22,3.61,20.117197,1.436194,11943456250.418,11943456250.418,3326796000,3326796000,False
2025-08-25,3.63,20.22865,1.444151,12009624983.107,12009624983.107,3326796000,3326796000,False
2025-08-26,3.66,20.395829,1.456086,12108878082.141,12108878082.141,3326796000,3326796000,False
2025-08-27,3.59,20.005744,1.428237,11877287517.728,11877287517.728,3326796000,3326796000,False
2025-08-28,3.63,20.22865,1.444151,12009624983.107,12009624983.107,3326796000,3326796000,False
2025-08-29,3.56,21.110189,1.416433,11778034418.695,11778034418.695,3326796000,3326796000,False
2025-09-01,3.57,21.169488,1.420411,11811118785.039,11811118785.039,3326796000,3326796000,False
2025-09-02,3.53,20.932295,1.404496,11678781319.661,11678781319.661,3326796000,3326796000,False
2025-09-03,3.48,20.635803,1.384603,11513359487.937,11513359487.937,3326796000,3326796000,False
2025-09-04,3.49,20.695101,1.388581,11546443854.282,11546443854.282,3326796000,3326796000,False
2025-09-05,3.56,21.110189,1.416433,11778034418.695,11778034418.695,3326796000,3326796000,False
2025-09-08,3.6,21.347383,1.432348,11910371884.073,11910371884.073,3326796000,3326796000,False
2025-09-09,3.61,21.406681,1.436326,11943456250.418,11943456250.418,3326796000,3326796000,False
2025-09-10,3.59,21.288084,1.428369,11877287517.728,11877287517.728,3326796000,3326796000,False
2025-09-11,3.65,21.643874,1.452241,12075793715.796,12075793715.796,3326796000,3326796000,False
2025-09-12,3.63,21.525277,1.444284,12009624983.107,12009624983.107,3326796000,3326796000,False
2025-09-15,3.63,21.525277,1.444284,12009624983.107,12009624983.107,3326796000,3326796000,False
2025-09-16,3.66,21.703172,1.45622,12108878082.141,12108878082.141,3326796000,3326796000,False
2025-09-17,3.7,21.940365,1.472135,12241215547.52,12241215547.52,3326796000,3326796000,False
2025-09-18,3.66,21.703172,1.45622,12108878082.141,12108878082.141,3326796000,3326796000,False
2025-09-19,3.59,21.288084,1.428369,11877287517.728,11877287517.728,3326796000,3326796000,False
2025-09-22,3.61,21.406681,1.436326,11943456250.418,11943456250.418,3326796000,3326796000,False
2025-09-23,3.59,21.288084,1.428369,11877287517.728,11877287517.728,3326796000,3326796000,False
2025-09-24,3.6,21.347383,1.432348,11910371884.073,11910371884.073,3326796000,3326796000,False
2025-09-25,3.55,21.050891,1.412454,11744950052.35,11744950052.35,3326796000,3326796000,False
2025-09-26,3.56,21.110189,1.416433,11778034418.695,11778034418.695,3326796000,3326796000,False
2025-09-29,3.59,21.288084,1.428369,11877287517.728,11877287517.728,3326796000,3326796000,False
2025-09-30,3.6,21.347383,1.432348,11910371884.073,11910371884.073,3326796000,3326796000,False
2025-10-09,3.76,22.296155,1.496008,12439721745.587,12439721745.587,3326796000,3326796000,False
2025-10-10,3.75,22.236857,1.492029,12406637379.243,12406637379.243,3326796000,3326796000,False
2025-10-13,3.73,22.11826,1.484071,12340468646.554,12340468646.554,3326796000,3326796000,False
2025-10-14,3.72,22.058962,1.480093,12307384280.209,12307384280.209,3326796000,3326796000,False
2025-10-15,3.78,22.414752,1.503965,12505890478.277,12505890478.277,3326796000,3326796000,False
2025-10-16,3.76,22.296155,1.496008,12439721745.587,12439721745.587,3326796000,3326796000,False
2025-10-17,3.54,20.991593,1.408475,11711865686.005,11711865686.005,3326796000,3326796000,False
2025-10-20,3.63,21.525277,1.444284,12009624983.107,12009624983.107,3326796000,3326796000,False
2025-10-21,3.7,21.940365,1.472135,12241215547.52,12241215547.52,3326796000,3326796000,False
2025-10-22,3.7,21.940365,1.472135,12241215547.52,12241215547.52,3326796000,3326796000,False
2025-10-23,3.74,22.177559,1.48805,12373553012.898,12373553012.898,3326796000,3326796000,False
2025-10-24,3.7,21.940365,1.472135,12241215547.52,12241215547.52,3326796000,3326796000,False
2025-10-27,3.72,22.058962,1.480093,12307384280.209,12307384280.209,3326796000,3326796000,False
2025-10-28,3.72,22.058962,1.480093,12307384280.209,12307384280.209,3326796000,3326796000,False
2025-10-29,3.76,22.296155,1.496008,12439721745.587,12439721745.587,3326796000,3326796000,False
2025-10-30,3.72,22.058962,1.480093,12307384280.209,12307384280.209,3326796000,3326796000,False
2025-10-31,3.75,22.797657,1.450857,12406637379.243,12406637379.243,3326796000,3326796000,False
2025-11-03,3.82,23.223213,1.477939,12638227943.655,12638227943.655,3326796000,3326796000,False
2025-11-04,3.84,23.344801,1.485677,12704396676.345,12704396676.345,3326796000,3326796000,False
2025-11-05,3.99,24.256707,1.543712,13200662171.514,13200662171.514,3326796000,3326796000,False
2025-11-06,4.05,24.621469,1.566925,13399168369.582,13399168369.582,3326796000,3326796000,False
2025-11-07,4.0,24.317501,1.54758,13233746537.859,13233746537.859,3326796000,3326796000,False
2025-11-10,3.99,24.256707,1.543712,13200662171.514,13200662171.514,3326796000,3326796000,False
2025-11-11,4.03,24.499882,1.559187,13332999636.893,13332999636.893,3326796000,3326796000,False
2025-11-12,3.94,23.952738,1.524367,13035240339.791,13035240339.791,3326796000,3326796000,False
2025-11-13,3.98,24.195913,1.539843,13167577805.17,13167577805.17,3326796000,3326796000,False
2025-11-14,3.93,23.891944,1.520498,13002155973.446,13002155973.446,3326796000,3326796000,False
2025-11-17,3.89,23.648769,1.505022,12869818508.068,12869818508.068,3326796000,3326796000,False
2025-11-18,3.79,23.040832,1.466333,12538974844.621,12538974844.621,3326796000,3326796000,False
2025-11-19,3.72,22.615276,1.43925,12307384280.209,12307384280.209,3326796000,3326796000,False
2025-11-20,3.7,22.493688,1.431512,12241215547.52,12241215547.52,3326796000,3326796000,False
2025-11-21,3.53,21.460194,1.36574,11678781319.661,11678781319.661,3326796000,3326796000,False
2025-11-24,3.55,21.581782,1.373478,11744950052.35,11744950052.35,3326796000,3326796000,False
2025-11-25,3.55,21.581782,1.373478,11744950052.35,11744950052.35,3326796000,3326796000,False
2025-11-26,3.54,21.520988,1.369609,11711865686.005,11711865686.005,3326796000,3326796000,False
2025-11-27,3.52,21.399401,1.361871,11645696953.316,11645696953.316,3326796000,3326796000,False
2025-11-28,3.55,21.581782,1.373478,11744950052.35,11744950052.35,3326796000,3326796000,False
2025-12-01,3.57,21.703369,1.381216,11811118785.039,11811118785.039,3326796000,3326796000,False
2025-12-02,3.58,21.764163,1.385085,11844203151.384,11844203151.384,3326796000,3326796000,False
2025-12-03,3.61,21.946544,1.396691,11943456250.418,11943456250.418,3326796000,3326796000,False
2025-12-04,3.6,21.885751,1.392822,11910371884.073,11910371884.073,3326796000,3326796000,False
2025-12-05,3.86,23.466388,1.493415,12770565409.034,12770565409.034,3326796000,3326796000,False
2025-12-08,3.77,22.919244,1.458595,12472806111.932,12472806111.932,3326796000,3326796000,False
2025-12-09,3.71,22.554482,1.435381,12274299913.864,12274299913.864,3326796000,3326796000,False
2025-12-10,3.69,22.432894,1.427643,12208131181.175,12208131181.175,3326796000,3326796000,False
2025-12-11,3.97,24.135119,1.535974,13134493438.825,13134493438.825,3326796000,3326796000,False
2025-12-12,4.04,24.560676,1.563056,13366084003.238,13366084003.238,3326796000,3326796000,False
2025-12-15,4.0,24.317501,1.54758,13233746537.859,13233746537.859,3326796000,3326796000,False
2025-12-16,3.9,23.709563,1.508891,12902902874.413,12902902874.413,3326796000,3326796000,False
2025-12-17,3.86,23.466388,1.493415,12770565409.034,12770565409.034,3326796000,3326796000,False
2025-12-18,3.82,23.223213,1.477939,12638227943.655,12638227943.655,3326796000,3326796000,False
2025-12-19,3.88,23.587976,1.501153,12836734141.723,12836734141.723,3326796000,3326796000,False
2025-12-22,3.85,23.405594,1.489546,12737481042.689,12737481042.689,3326796000,3326796000,False
2025-12-23,3.81,23.162419,1.47407,12605143577.311,12605143577.311,3326796000,3326796000,False
2025-12-24,3.89,23.648769,1.505022,12869818508.068,12869818508.068,3326796000,3326796000,False
2025-12-25,3.87,23.527182,1.497284,12803649775.379,12803649775.379,3326796000,3326796000,False
2025-12-26,3.89,23.648769,1.505022,12869818508.068,12869818508.068,3326796000,3326796000,False
2025-12-29,3.87,23.527182,1.497284,12803649775.379,12803649775.379,3326796000,3326796000,False
2025-12-30,3.85,23.405594,1.489546,12737481042.689,12737481042.689,3326796000,3326796000,False
2025-12-31,3.83,23.284007,1.481808,12671312310.0,12671312310.0,3326796000,3326796000,False
2026-01-05,3.82,23.223213,1.477939,12638227943.655,12638227943.655,3326796000,3326796000,False
2026-01-06,3.92,23.831151,1.516629,12969071607.102,12969071607.102,3326796000,3326796000,False
2026-01-07,3.96,24.074326,1.532105,13101409072.48,13101409072.48,3326796000,3326796000,False
2026-01-08,4.0,24.317501,1.54758,13233746537.859,13233746537.859,3326796000,3326796000,False
2026-01-09,4.01,24.378294,1.551449,13266830904.204,13266830904.204,3326796000,3326796000,False
2026-01-12,4.02,24.439088,1.555318,13299915270.548,13299915270.548,3326796000,3326796000,False
2026-01-13,4.01,24.378294,1.551449,13266830904.204,13266830904.204,3326796000,3326796000,False
2026-01-14,3.98,24.195913,1.539843,13167577805.17,13167577805.17,3326796000,3326796000,False
2026-01-15,3.96,24.074326,1.532105,13101409072.48,13101409072.48,3326796000,3326796000,False
2026-01-16,4.36,26.506076,1.686863,14424783726.266,14424783726.266,3326796000,3326796000,False
2026-01-19,4.8,29.181001,1.857097,15880495845.431,15880495845.431,3326796000,3326796000,False
2026-01-20,5.28,32.099101,2.042806,17468545429.974,17468545429.974,3326796000,3326796000,False
2026-01-21,5.69,34.591645,2.201433,18825004450.104,18825004450.104,3326796000,3326796000,False
2026-01-22,6.05,36.78022,2.340715,20016041638.512,20016041638.512,3326796000,3326796000,False
2026-01-23,5.94,36.111489,2.298157,19652113608.721,19652113608.721,3326796000,3326796000,False
2026-01-26,6.17,37.509745,2.387143,20413054034.648,20413054034.648,3326796000,3326796000,False
2026-01-27,5.66,34.409263,2.189826,18725751351.07,18725751351.07,3326796000,3326796000,False
2026-01-28,5.92,35.989901,2.290419,19585944876.031,19585944876.031,3326796000,3326796000,False
2026-01-29,5.49,33.37577,2.124054,18163317123.211,18163317123.211,3326796000,3326796000,False
2026-01-30,5.13,31.187195,1.984772,16972279934.804,16972279934.804,3326796000,3326796000,False
2026-02-02,5.64,34.287676,2.182088,18659582618.381,18659582618.381,3326796000,3326796000,False
2026-02-03,5.89,35.80752,2.278812,19486691776.997,19486691776.997,3326796000,3326796000,False
2026-02-04,5.91,35.929107,2.28655,19552860509.687,19552860509.687,3326796000,3326796000,False
2026-02-05,5.67,34.470057,2.193695,18758835717.415,18758835717.415,3326796000,3326796000,False
2026-02-06,5.86,35.625139,2.267205,19387438677.963,19387438677.963,3326796000,3326796000,False
2026-02-09,5.89,35.80752,2.278812,19486691776.997,19486691776.997,3326796000,3326796000,False
2026-02-10,5.72,34.774026,2.21304,18924257549.138,18924257549.138,3326796000,3326796000,False
2026-02-11,5.59,33.983707,2.162744,18494160786.658,18494160786.658,3326796000,3326796000,False
2026-02-12,6.15,37.388157,2.379405,20346885301.958,20346885301.958,3326796000,3326796000,False
2026-02-13,6.77,41.15737,2.61928,22398116015.326,22398116015.326,3326796000,3326796000,False
2026-02-24,7.45,45.291345,2.882369,24647852926.762,24647852926.762,3326796000,3326796000,False
2026-02-25,8.2,49.850876,3.17254,27129180402.611,27129180402.611,3326796000,3326796000,False
2026-02-26,8.38,47.065664,3.242181,27724698996.815,27724698996.815,3326796000,3326796000,False
2026-02-27,8.26,46.391692,3.195754,27327686600.679,27327686600.679,3326796000,3326796000,False
2026-03-02,7.99,44.875257,3.091292,26434408709.373,26434408709.373,3326796000,3326796000,False
2026-03-03,7.39,41.5054,2.859155,24449346728.695,24449346728.695,3326796000,3326796000,False
2026-03-04,8.13,45.661557,3.145457,26897589838.198,26897589838.198,3326796000,3326796000,False
2026-03-05,8.94,50.210863,3.458842,29577423512.115,29577423512.115,3326796000,3326796000,False
2026-03-06,9.83,55.209484,3.803179,32521932116.789,32521932116.789,3326796000,3326796000,False
2026-03-09,9.96,55.939619,3.853475,32952028879.269,32952028879.269,3326796000,3326796000,False
2026-03-10,9.65,54.198527,3.733538,31926413522.585,31926413522.585,3326796000,3326796000,False
2026-03-11,9.44,53.019077,3.65229,31231641829.347,31231641829.347,3326796000,3326796000,False
2026-03-12,10.38,58.298519,4.015971,34341572265.744,34341572265.744,3326796000,3326796000,False
2026-03-13,9.4,52.79442,3.636814,31099304363.969,31099304363.969,3326796000,3326796000,False
2026-03-16,9.41,52.850584,3.640683,31132388730.313,31132388730.313,3326796000,3326796000,False
2026-03-17,9.61,53.97387,3.718062,31794076057.206,31794076057.206,3326796000,3326796000,False
2026-03-18,9.3,52.232777,3.598125,30768460700.522,30768460700.522,3326796000,3326796000,False
2026-03-19,8.97,50.379356,3.470449,29676676611.149,29676676611.149,3326796000,3326796000,False
2026-03-20,8.34,46.841007,3.226705,27592361531.436,27592361531.436,3326796000,3326796000,False
2026-03-23,8.0,44.931421,3.095161,26467493075.718,26467493075.718,3326796000,3326796000,False
2026-03-24,8.8,49.424563,3.404677,29114242383.29,29114242383.29,3326796000,3326796000,False
2026-03-25,9.02,50.660177,3.489794,29842098442.872,29842098442.872,3326796000,3326796000,False
2026-03-26,8.68,48.750592,3.35825,28717229987.154,28717229987.154,3326796000,3326796000,False
2026-03-27,8.66,48.638263,3.350512,28651061254.465,28651061254.465,3326796000,3326796000,False
2026-03-30,8.62,48.413606,3.335036,28518723789.086,28518723789.086,3326796000,3326796000,False
2026-03-31,8.82,49.536892,3.412415,29180411115.979,29180411115.979,3326796000,3326796000,False
2026-04-01,8.38,47.065664,3.242181,27724698996.815,27724698996.815,3326796000,3326796000,False
2026-04-02,8.12,45.605393,3.141588,26864505471.854,26864505471.854,3326796000,3326796000,False
2026-04-03,7.58,42.572522,2.932665,25077949689.243,25077949689.243,3326796000,3326796000,False
2026-04-07,7.59,42.628686,2.936534,25111034055.587,25111034055.587,3326796000,3326796000,False
2026-04-08,7.94,44.594436,3.071947,26268986877.65,26268986877.65,3326796000,3326796000,False
2026-04-09,7.73,43.414986,2.990699,25574215184.413,25574215184.413,3326796000,3326796000,False
2026-04-10,7.76,43.583479,3.002306,25673468283.446,25673468283.446,3326796000,3326796000,False
2026-04-13,7.7,43.246493,2.979092,25474962085.379,25474962085.379,3326796000,3326796000,False
2026-04-14,7.73,43.414986,2.990699,25574215184.413,25574215184.413,3326796000,3326796000,False
2026-04-15,8.5,47.739635,3.288609,28121711392.95,28121711392.95,3326796000,3326796000,False
2026-04-16,8.99,50.491685,3.478187,29742845343.838,29742845343.838,3326796000,3326796000,False
2026-04-17,8.83,49.593056,3.416284,29213495482.324,29213495482.324,3326796000,3326796000,False
2026-04-20,9.4,52.79442,3.636814,31099304363.969,31099304363.969,3326796000,3326796000,False
2026-04-21,9.03,50.716342,3.493663,29875182809.217,29875182809.217,3326796000,3326796000,False
2026-04-22,8.96,50.323192,3.46658,29643592244.804,29643592244.804,3326796000,3326796000,False
2026-04-23,9.09,51.053327,3.516877,30073689007.285,30073689007.285,3326796000,3326796000,False
2026-04-24,8.65,48.582099,3.346643,28617976888.12,28617976888.12,3326796000,3326796000,False
2026-04-27,8.63,48.4698,3.2202,28551808155.431,28551808155.431,3326796000,3326796000,False
2026-04-28,8.2,46.0547,3.0598,27129180402.611,27129180402.611,3326796000,3326796000,False
2026-04-29,9.02,52.5661,3.405,29842098442.872,29842098442.872,3326796000,3326796000,False
2026-04-30,8.72,50.8177,3.2917,28849567452.533,28849567452.533,3326796000,3326796000,False
2026-05-06,9.02,52.5661,3.405,29842098442.872,29842098442.872,3326796000,3326796000,False
2026-05-07,9.29,54.1395,3.5069,30735376334.178,30735376334.178,3326796000,3326796000,False
2026-05-08,9.12,53.1488,3.4427,30172942106.319,30172942106.319,3326796000,3326796000,False
2026-05-11,9.1,53.0323,3.4352,30106773373.629,30106773373.629,3326796000,3326796000,False
2026-05-12,10.01,58.3355,3.7787,33117450710.992,33117450710.992,3326796000,3326796000,False
2026-05-13,11.01,64.1632,4.1562,36425887345.457,36425887345.457,3326796000,3326796000,False
2026-05-14,10.15,59.1514,3.8315,33580631839.817,33580631839.817,3326796000,3326796000,False
2026-05-15,9.57,55.7713,3.6126,31661738591.828,31661738591.828,3326796000,3326796000,False
2026-05-18,9.65,56.2375,3.6428,31926413522.585,31926413522.585,3326796000,3326796000,False
2026-05-19,9.85,57.4031,3.7183,32588100849.478,32588100849.478,3326796000,3326796000,False
2026-05-20,9.25,53.9064,3.4918,30603038868.799,30603038868.799,3326796000,3326796000,False
2026-05-21,8.76,51.0508,3.3068,28981904917.911,28981904917.911,3326796000,3326796000,False
2026-05-22,8.91,51.925,3.3634,29478170413.081,29478170413.081,3326796000,3326796000,False
2026-05-25,9.3,54.1978,3.5107,30768460700.522,30768460700.522,3326796000,3326796000,False
2026-05-26,8.87,51.6919,3.3483,29345832947.702,29345832947.702,3326796000,3326796000,False
2026-05-27,8.8,51.284,3.3219,29114242383.29,29114242383.29,3326796000,3326796000,False
2026-05-28,8.98,52.3329,3.3899,29709760977.493,29709760977.493,3326796000,3326796000,False
2026-05-29,8.18,47.6708,3.0879,27063011669.922,27063011669.922,3326796000,3326796000,False
2026-06-01,8.22,47.9039,3.103,27195349135.3,27195349135.3,3326796000,3326796000,False
2026-06-02,7.97,46.4469,3.0086,26368239976.684,26368239976.684,3326796000,3326796000,False
2026-06-03,8.03,46.7966,3.0313,26566746174.752,26566746174.752,3326796000,3326796000,False
2026-06-04,8.23,47.9622,3.1068,27228433501.645,27228433501.645,3326796000,3326796000,False
2026-06-05,7.97,46.4469,3.0086,26368239976.684,26368239976.684,3326796000,3326796000,False
2026-06-08,7.68,44.7569,2.8991,25408793352.689,25408793352.689,3326796000,3326796000,False
2026-06-09,7.7,44.8735,2.9067,25474962085.379,25474962085.379,3326796000,3326796000,False
2026-06-10,7.31,42.6007,2.7595,24184671797.937,24184671797.937,3326796000,3326796000,False
2026-06-11,7.25,42.251,2.7368,23986165599.869,23986165599.869,3326796000,3326796000,False
2026-06-12,7.23,42.1344,2.7711,24052735080.0,24052735080.0,3326796000,3326796000,False
2026-06-15,7.54,43.941,2.8463,25084041840.0,25084041840.0,3326796000,3326796000,False
2026-06-16,7.85,45.7476,2.9633,26115348600.0,26115348600.0,3326796000,3326796000,False
2026-06-17,7.57,44.1159,2.8576,25183845720.0,25183845720.0,3326796000,3326796000,False
2026-06-18,7.43,43.3,2.8048,24718094280.0,24718094280.0,3326796000,3326796000,False
2026-06-22,7.59,44.2324,2.8652,25250381640.0,25250381640.0,3326796000,3326796000,False
2026-06-23,7.33,42.7172,2.767,24385414680.0,24385414680.0,3326796000,3326796000,False
2026-06-24,7.25,42.25,2.78,24119000000.0,24119000000.0,3326796000,3326796000,False
2026-06-25,7.07,41.2,2.71,23520000000.0,23520000000.0,3326796000,3326796000,False
2026-06-26,6.82,39.74,2.61,22689000000.0,22689000000.0,3326796000,3326796000,False
2026-06-29,6.79,39.57,2.6,22589000000.0,22589000000.0,3326796000,3326796000,False
2026-06-30,6.82,39.74,2.61,22689000000.0,22689000000.0,3326796000,3326796000,False
2026-07-01,6.64,38.7,2.54,22090000000.0,22090000000.0,3326796000,3326796000,False
2026-07-02,6.51,37.94,2.5,21657000000.0,21657000000.0,3326796000,3326796000,False
2026-07-03,6.66,38.81,2.55,22156000000.0,22156000000.0,3326796000,3326796000,False
2026-07-06,6.38,37.18,2.45,21225000000.0,21225000000.0,3326796000,3326796000,False
2026-07-07,6.18,36.02,2.37,20560000000.0,20560000000.0,3326796000,3326796000,False
2026-07-08,5.98,34.85,2.29,19894000000.0,19894000000.0,3326796000,3326796000,False
2026-07-09,6.04,35.2,2.32,20094000000.0,20094000000.0,3326796000,3326796000,False
2026-07-10,6.08,35.43,2.33,20227000000.0,20227000000.0,3326796000,3326796000,False
2026-07-13,5.7,33.22,2.18,18963000000.0,18963000000.0,3326796000,3326796000,False
2026-07-14,5.8,33.8,2.22,19295000000.0,19295000000.0,3326796000,3326796000,False
2026-07-15,5.71,33.28,2.19,18996000000.0,18996000000.0,3326796000,3326796000,False
2026-07-16,5.51,32.11,2.11,18331000000.0,18331000000.0,3326796000,3326796000,False
2026-07-17,5.37,31.29,2.06,17865000000.0,17865000000.0,3326796000,3326796000,False
2026-07-20,5.33,31.06,2.04,17732000000.0,17732000000.0,3326796000,3326796000,False
2026-07-21,5.44,31.7,2.09,18098000000.0,18098000000.0,3326796000,3326796000,False
2026-07-22,5.37,31.29,2.06,17865000000.0,17865000000.0,3326796000,3326796000,False
2026-07-23,5.91,34.44,2.27,19661000000.0,19661000000.0,3326796000,3326796000,False
2026-07-24,6.5,37.88,2.49,21624000000.0,21624000000.0,3326796000,3326796000,False
2026-07-27,7.1,41.38,2.72,23620000000.0,23620000000.0,3326796000,3326796000,False
2026-07-28,6.54,38.11,2.51,21757000000.0,21757000000.0,3326796000,3326796000,False
2026-07-29,7.19,41.9,2.76,23920000000.0,23920000000.0,3326796000,3326796000,False
2026-07-30,6.96,40.56,2.67,23155000000.0,23155000000.0,3326796000,3326796000,False
2026-07-31,6.83,39.8,2.62,22722000000.0,22722000000.0,3326796000,3326796000,False
2026-08-03,7.24,42.19,2.77,24086000000.0,24086000000.0,3326796000,3326796000,False
2026-08-04,7.38,43.01,2.83,24552000000.0,24552000000.0,3326796000,3326796000,False
2026-08-05,7.25,42.25,2.78,24119000000.0,24119000000.0,3326796000,3326796000,False
2026-08-06,6.83,39.8,2.62,22722000000.0,22722000000.0,3326796000,3326796000,False
2026-08-07,6.82,39.74,2.61,22689000000.0,22689000000.0,3326796000,3326796000,False
2026-08-10,7.01,40.85,2.69,23321000000.0,23321000000.0,3326796000,3326796000,False
2026-08-11,6.95,40.5,2.66,23121000000.0,23121000000.0,3326796000,3326796000,False
2026-08-12,7.11,41.44,2.73,23654000000.0,23654000000.0,3326796000,3326796000,False
2026-08-13,7.02,40.91,2.69,23354000000.0,23354000000.0,3326796000,3326796000,False
2026-08-14,6.71,39.1,2.57,22323000000.0,22323000000.0,3326796000,3326796000,False
2026-08-17,6.77,39.45,2.59,22522000000.0,22522000000.0,3326796000,3326796000,False
2026-08-18,6.6,38.46,2.53,21957000000.0,21957000000.0,3326796000,3326796000,False
2026-08-19,6.28,36.6,2.41,20892000000.0,20892000000.0,3326796000,3326796000,False
2026-08-20,6.22,36.25,2.38,20693000000.0,20693000000.0,3326796000,3326796000,False
2026-08-21,6.27,36.54,2.4,20859000000.0,20859000000.0,3326796000,3326796000,False
2026-08-24,6.19,36.07,2.37,20593000000.0,20593000000.0,3326796000,3326796000,False
2026-08-25,6.26,36.48,2.4,20826000000.0,20826000000.0,3326796000,3326796000,False
2026-08-26,6.39,37.24,2.45,21258000000.0,21258000000.0,3326796000,3326796000,False
2026-08-27,6.43,37.47,2.46,21391000000.0,21391000000.0,3326796000,3326796000,False
2026-08-28,6.46,37.65,2.48,21491000000.0,21491000000.0,3326796000,3326796000,False
