date,close,pe_ttm,pb,total_mv,float_mv,total_share,float_share,is_st
2020-01-02,19.0,214.774853,2.023334,39490137472.0,33462823256.0,2078428288,1761201224,False
2020-01-03,19.55,220.99202,2.081904,40633273030.4,34431483929.2,2078428288,1761201224,False
2020-01-06,20.87,235.91322,2.222473,43376798370.56,36756269544.88,2078428288,1761201224,False
2020-01-07,21.83,246.765002,2.324704,45372089527.04,38447022719.92,2078428288,1761201224,False
2020-01-08,21.13,238.852244,2.25016,43917189725.44,37214181863.12,2078428288,1761201224,False
2020-01-09,21.44,242.356465,2.283173,44561502494.72,37760154242.56,2078428288,1761201224,False
2020-01-10,21.18,239.417441,2.255485,44021111139.84,37302241924.32,2078428288,1761201224,False
2020-01-13,21.65,244.730293,2.305536,44997972435.2,38130006499.6,2078428288,1761201224,False
2020-01-14,21.75,245.860687,2.316185,45205815264.0,38306126622.0,2078428288,1761201224,False
2020-01-15,21.4,241.904308,2.278913,44478365363.2,37689706193.6,2078428288,1761201224,False
2020-01-16,21.69,245.18245,2.309795,45081109566.72,38200454548.56,2078428288,1761201224,False
2020-01-17,21.92,247.782356,2.334288,45559148072.96,38605530830.08,2078428288,1761201224,False
2020-01-20,19.73,223.026729,2.101073,41007390122.24,34748500149.52,2078428288,1761201224,False
2020-01-21,19.47,220.087704,2.073385,40466998767.36,34290587831.28,2078428288,1761201224,False
2020-01-22,18.59,210.140238,1.979672,38637981873.92,32740730754.16,2078428288,1761201224,False
2020-01-23,17.29,195.445116,1.841234,35936025099.52,30451169162.96,2078428288,1761201224,False
2020-02-03,15.56,175.8893,1.657004,32340344161.28,27404291045.44,2078428288,1761201224,False
2020-02-04,14.8,167.298306,1.576071,30760738662.4,26065778115.2,2078428288,1761201224,False
2020-02-05,15.67,177.132734,1.668718,32568971272.96,27598023180.08,2078428288,1761201224,False
2020-02-06,16.25,183.689019,1.730483,33774459680.0,28619519890.0,2078428288,1761201224,False
2020-02-07,16.52,186.741083,1.759236,34335635317.76,29095044220.48,2078428288,1761201224,False
2020-02-10,16.18,182.897743,1.723029,33628969699.84,28496235804.32,2078428288,1761201224,False
2020-02-11,16.67,188.436673,1.775209,34647399560.96,29359224404.08,2078428288,1761201224,False
2020-02-12,16.72,189.00187,1.780534,34751320975.36,29447284465.28,2078428288,1761201224,False
2020-02-13,16.49,186.401964,1.756041,34273282469.12,29042208183.76,2078428288,1761201224,False
2020-02-14,16.4,185.38461,1.746457,34086223923.2,28883700073.6,2078428288,1761201224,False
2020-02-17,16.87,190.697461,1.796508,35063085218.56,29711464648.88,2078428288,1761201224,False
2020-02-18,17.31,195.671195,1.843364,35977593665.28,30486393187.44,2078428288,1761201224,False
2020-02-19,16.8,195.671195,1.843364,34917595238.4,29588180563.2,2078428288,1761201224,False
2020-02-20,17.69,199.966692,1.88383,36767396414.72,31155649652.56,2078428288,1761201224,False
2020-02-21,17.54,198.271101,1.867857,36455632171.52,30891469468.96,2078428288,1761201224,False
2020-02-24,17.46,197.366786,1.859337,36289357908.48,30750573371.04,2078428288,1761201224,False
2020-02-25,17.12,193.523446,1.82313,35582692290.56,30151764954.88,2078428288,1761201224,False
2020-02-26,17.12,193.523446,1.82313,35582692290.56,30151764954.88,2078428288,1761201224,False
2020-02-27,16.79,189.793146,1.787988,34896810955.52,29570568550.96,2078428288,1761201224,False
2020-02-28,16.2,183.123822,1.725158,33670538265.6,28531459828.8,2078428288,1761201224,False
2020-03-02,16.45,-7.242439,1.751781,34190145337.6,28971760134.8,2078428288,1761201224,False
2020-03-03,16.28,-7.167593,1.733678,33836812528.64,28672355926.72,2078428288,1761201224,False
2020-03-04,16.48,-7.255647,1.754976,34252498186.24,29024596171.52,2078428288,1761201224,False
2020-03-05,16.87,-7.427353,1.796508,35063085218.56,29711464648.88,2078428288,1761201224,False
2020-03-06,16.97,-7.47138,1.807157,35270928047.36,29887584771.28,2078428288,1761201224,False
2020-03-09,16.99,-7.480185,1.809286,35312496613.12,29922808795.76,2078428288,1761201224,False
2020-03-10,18.08,-7.960079,1.925362,37577983447.04,31842518129.92,2078428288,1761201224,False
2020-03-11,18.7,-8.233046,1.991387,38866608985.6,32934462888.8,2078428288,1761201224,False
2020-03-12,18.23,-8.02612,1.941336,37889747690.24,32106698313.52,2078428288,1761201224,False
2020-03-13,17.92,-7.889636,1.908323,37245434920.96,31560725934.08,2078428288,1761201224,False
2020-03-16,16.61,-7.312882,1.76882,34522693863.68,29253552330.64,2078428288,1761201224,False
2020-03-17,16.33,-7.189607,1.739002,33940733943.04,28760415987.92,2078428288,1761201224,False
2020-03-18,16.07,-7.075137,1.711315,33400342588.16,28302503669.68,2078428288,1761201224,False
2020-03-19,15.91,-7.004694,1.694276,33067794062.08,28020711473.84,2078428288,1761201224,False
2020-03-20,16.6,-7.30848,1.767755,34501909580.8,29235940318.4,2078428288,1761201224,False
2020-03-23,16.41,-7.224828,1.747522,34107008206.08,28901312085.84,2078428288,1761201224,False
2020-03-24,16.52,-7.273258,1.759236,34335635317.76,29095044220.48,2078428288,1761201224,False
2020-03-25,17.09,-7.524212,1.819936,35520339441.92,30098928918.16,2078428288,1761201224,False
2020-03-26,17.09,-7.524212,1.819936,35520339441.92,30098928918.16,2078428288,1761201224,False
2020-03-27,16.91,-7.444963,1.800767,35146222350.08,29781912697.84,2078428288,1761201224,False
2020-03-30,15.72,-6.921042,1.674043,32672892687.36,27686083241.28,2078428288,1761201224,False
2020-03-31,15.75,-6.93425,1.677237,32735245536.0,27738919278.0,2078428288,1761201224,False
2020-04-01,15.7,-6.912237,1.671913,32631324121.6,27650859216.8,2078428288,1761201224,False
2020-04-02,15.9,-7.000291,1.693211,33047009779.2,28003099461.6,2078428288,1761201224,False
2020-04-03,16.18,-7.123566,1.723029,33628969699.84,28496235804.32,2078428288,1761201224,False
2020-04-07,16.33,-7.189607,1.739002,33940733943.04,28760415987.92,2078428288,1761201224,False
2020-04-08,16.23,-7.14558,1.728353,33732891114.24,28584295865.52,2078428288,1761201224,False
2020-04-09,15.9,-7.000291,1.693211,33047009779.2,28003099461.6,2078428288,1761201224,False
2020-04-10,15.13,-6.661283,1.611213,31446619997.44,26646974519.12,2078428288,1761201224,False
2020-04-13,14.69,-6.467564,1.564357,30532111550.72,25872045980.56,2078428288,1761201224,False
2020-04-14,14.87,-6.546813,1.583525,30906228642.56,26189062200.88,2078428288,1761201224,False
2020-04-15,15.2,-6.692102,1.618667,31592109977.6,26770258604.8,2078428288,1761201224,False
2020-04-16,14.99,-6.599645,1.596304,31155640037.12,26400406347.76,2078428288,1761201224,False
2020-04-17,15.18,-6.683297,1.616537,31550541411.84,26735034580.32,2078428288,1761201224,False
2020-04-20,15.05,-6.626061,1.602693,31280345734.4,26506078421.2,2078428288,1761201224,False
2020-04-21,14.91,-6.564424,1.587785,30989365774.08,26259510249.84,2078428288,1761201224,False
2020-04-22,15.2,-6.68109,2.283963,31592109977.6,26770258604.8,2078428288,1761201224,False
2020-04-23,14.99,-6.588786,2.252409,31155640037.12,26400406347.76,2078428288,1761201224,False
2020-04-24,15.09,-6.63274,2.267435,31363482865.92,26576526470.16,2078428288,1761201224,False
2020-04-27,15.35,-6.747022,2.306502,31903874220.8,27034438788.4,2078428288,1761201224,False
2020-04-28,15.53,-6.82614,2.333549,32277991312.64,27351455008.72,2078428288,1761201224,False
2020-04-29,15.76,-6.927236,2.368109,32756029818.88,27756531290.24,2078428288,1761201224,False
2020-04-30,16.7,-6.058462,2.691992,34709752409.6,29412060440.8,2078428288,1761201224,False
2020-05-06,16.8,-6.09474,2.708111,34917595238.4,29588180563.2,2078428288,1761201224,False
2020-05-07,16.83,-6.105624,2.712947,34979948087.04,29641016599.92,2078428288,1761201224,False
2020-05-08,17.17,-6.22897,2.767754,35686613704.96,30239825016.08,2078428288,1761201224,False
2020-05-11,17.09,-6.199947,2.754859,35520339441.92,30098928918.16,2078428288,1761201224,False
2020-05-12,17.53,-6.359571,2.825785,36434847888.64,30873857456.72,2078428288,1761201224,False
2020-05-13,16.96,-6.152785,2.733903,35250143764.48,29869972759.04,2078428288,1761201224,False
2020-05-14,17.03,-6.17818,2.745187,35395633744.64,29993256844.72,2078428288,1761201224,False
2020-05-15,16.57,-6.0113,2.671036,34439556732.16,29183104281.68,2078428288,1761201224,False
2020-05-18,16.39,-5.946,2.642021,34065439640.32,28866088061.36,2078428288,1761201224,False
2020-05-19,16.48,-5.97865,2.656528,34252498186.24,29024596171.52,2078428288,1761201224,False
2020-05-20,16.44,-5.964139,2.65008,34169361054.72,28954148122.56,2078428288,1761201224,False
2020-05-21,16.7,-6.058462,2.691992,34709752409.6,29412060440.8,2078428288,1761201224,False
2020-05-22,16.64,-6.036695,2.68232,34585046712.32,29306388367.36,2078428288,1761201224,False
2020-05-25,15.67,-5.684796,2.525959,32568971272.96,27598023180.08,2078428288,1761201224,False
2020-05-26,15.72,-5.702936,2.534019,32672892687.36,27686083241.28,2078428288,1761201224,False
2020-05-27,15.89,-5.764608,2.561422,33026225496.32,31011530139.94,2078428288,1951638146,False
2020-05-28,15.76,-5.717447,2.540466,32756029818.88,30757817180.96,2078428288,1951638146,False
2020-05-29,16.15,-5.858932,2.603333,33566616851.2,31518956057.9,2078428288,1951638146,False
2020-06-01,16.93,-6.141902,2.729067,35187790915.84,33041233811.78,2078428288,1951638146,False
2020-06-02,16.91,-6.134646,2.725843,35146222350.08,33002201048.86,2078428288,1951638146,False
2020-06-03,17.2,-6.239853,2.77259,35748966553.6,33568176111.2,2078428288,1951638146,False
2020-06-04,17.38,-6.305154,2.801606,36123083645.44,33919470977.48,2078428288,1951638146,False
2020-06-05,17.75,-6.439383,2.861249,36892102112.0,34641577091.5,2078428288,1951638146,False
2020-06-08,17.24,-6.254364,2.779038,35832103685.12,33646241637.04,2078428288,1951638146,False
2020-06-09,17.31,-6.279759,2.790322,35977593665.28,33782856307.26,2078428288,1951638146,False
2020-06-10,17.47,-6.337804,2.816114,36310142191.36,34095118410.62,2078428288,1951638146,False
2020-06-11,17.7,-6.421244,2.853189,36788180697.6,34543995184.2,2078428288,1951638146,False
2020-06-12,17.07,-6.192691,2.751635,35478770876.16,33314463152.22,2078428288,1951638146,False
2020-06-15,15.81,-5.735586,2.548526,32859951233.28,30855399088.26,2078428288,1951638146,False
2020-06-16,15.82,-5.739214,2.550138,32880735516.16,30874915469.72,2078428288,1951638146,False
2020-06-17,15.63,-5.670285,2.519511,32485834141.44,30504104221.98,2078428288,1951638146,False
2020-06-18,15.65,-5.677541,2.522735,32527402707.2,30543136984.9,2078428288,1951638146,False
2020-06-19,15.87,-5.757353,2.558198,32984656930.56,30972497377.02,2078428288,1951638146,False
2020-06-22,15.64,-5.673913,2.521123,32506618424.32,30523620603.44,2078428288,1951638146,False
2020-06-23,15.66,-5.681169,2.524347,32548186990.08,30562653366.36,2078428288,1951638146,False
2020-06-24,15.55,-5.641263,2.506615,32319559878.4,30347973170.3,2078428288,1951638146,False
2020-06-29,15.05,-5.459871,2.426016,31280345734.4,29372154097.3,2078428288,1951638146,False
2020-06-30,15.27,-5.539684,2.46148,31737599957.76,29801514489.42,2078428288,1951638146,False
2020-07-01,15.62,-5.666657,2.517899,32465049858.56,30484587840.52,2078428288,1951638146,False
2020-07-02,16.68,-6.051206,2.688768,34668183843.84,32553324275.28,2078428288,1951638146,False
2020-07-03,16.85,-6.112879,2.716171,35021516652.8,32885102760.1,2078428288,1951638146,False
2020-07-06,17.6,-6.384966,2.837069,36580337868.8,34348831369.6,2078428288,1951638146,False
2020-07-07,18.01,-6.533707,2.90316,37432493466.88,35149003009.46,2078428288,1951638146,False
2020-07-08,18.55,-6.729609,2.990206,38554844742.4,36202887608.3,2078428288,1951638146,False
2020-07-09,18.87,-6.845699,3.041789,39219941794.56,36827411815.02,2078428288,1951638146,False
2020-07-10,19.52,-7.081508,3.146568,40570920181.76,38095976609.92,2078428288,1951638146,False
2020-07-13,19.28,-6.99444,3.10788,40072097392.64,37627583454.88,2078428288,1951638146,False
2020-07-14,20.81,-7.549497,3.354512,43252092673.28,40613589818.26,2078428288,1951638146,False
2020-07-15,19.86,-7.204854,3.201375,41277585799.68,38759533579.56,2078428288,1951638146,False
2020-07-16,20.08,-7.284666,3.236838,41734840023.04,39188893971.68,2078428288,1951638146,False
2020-07-17,18.48,-6.704214,2.978923,38409354762.24,36066272938.08,2078428288,1951638146,False
2020-07-20,18.7,-6.784026,3.014386,38866608985.6,36495633330.2,2078428288,1951638146,False
2020-07-21,18.92,-6.863838,3.049849,39323863208.96,36924993722.32,2078428288,1951638146,False
2020-07-22,18.63,-6.758632,3.003102,38721119005.44,36359018659.98,2078428288,1951638146,False
2020-07-23,18.29,-6.635286,2.948295,38014453387.52,35695461690.34,2078428288,1951638146,False
2020-07-24,17.72,-6.4285,2.856413,36829749263.36,34583027947.12,2078428288,1951638146,False
2020-07-27,17.44,-6.326921,2.811278,36247789342.72,34036569266.24,2078428288,1951638146,False
2020-07-28,17.52,-6.355943,2.824173,36414063605.76,34192700317.92,2078428288,1951638146,False
2020-07-29,17.77,-6.446639,2.864473,36933670677.76,34680609854.42,2078428288,1951638146,False
2020-07-30,17.35,-6.29427,2.79677,36060730796.8,33860921833.1,2078428288,1951638146,False
2020-07-31,17.35,-6.29427,2.79677,36060730796.8,33860921833.1,2078428288,1951638146,False
2020-08-03,18.22,-6.609891,2.937011,37868963407.36,35558847020.12,2078428288,1951638146,False
2020-08-04,18.15,-5.531759,3.079016,37723473427.2,35422232349.9,2078428288,1951638146,False
2020-08-05,17.92,-5.46166,3.039999,37245434920.96,34973355576.32,2078428288,1951638146,False
2020-08-06,17.8,-5.425086,3.019641,36996023526.4,34739158998.8,2078428288,1951638146,False
2020-08-07,17.39,-5.300126,2.950088,36143867928.32,33938987358.94,2078428288,1951638146,False
2020-08-10,17.97,-5.476899,3.048481,37349356335.36,35070937483.62,2078428288,1951638146,False
2020-08-11,18.24,-5.559189,3.094284,37910531973.12,35597879783.04,2078428288,1951638146,False
2020-08-12,18.98,-5.784726,3.21982,39448568906.24,37042092011.08,2078428288,1951638146,False
2020-08-13,18.83,-5.739009,3.194373,39136804663.04,36749346289.18,2078428288,1951638146,False
2020-08-14,18.75,-5.714627,3.180802,38970530400.0,36593215237.5,2078428288,1951638146,False
2020-08-17,19.85,-6.049885,3.367409,41256801516.8,38740017198.1,2078428288,1951638146,False
2020-08-18,19.55,-5.958451,3.316516,40633273030.4,38154525754.3,2078428288,1951638146,False
2020-08-19,18.88,-5.754248,3.202856,39240726077.44,36846928196.48,2078428288,1951638146,False
2020-08-20,19.03,-5.799965,3.228302,39552490320.64,37139673918.38,2078428288,1951638146,False
2020-08-21,19.6,-5.97369,3.324998,40737194444.8,38252107661.6,2078428288,1951638146,False
2020-08-24,19.49,-5.940164,3.306338,40508567333.12,38037427465.54,2078428288,1951638146,False
2020-08-25,19.42,-5.91883,3.294463,40363077352.96,37900812795.32,2078428288,1951638146,False
2020-08-26,19.17,-5.842635,3.252052,39843470280.96,37412903258.82,2078428288,1951638146,False
2020-08-27,18.79,-5.726818,3.187588,39053667531.52,36671280763.34,2078428288,1951638146,False
2020-08-28,18.88,-5.754248,3.202856,39240726077.44,36846928196.48,2078428288,1951638146,False
2020-08-31,18.53,-5.647575,3.143481,38513276176.64,36163854845.38,2078428288,1951638146,False
2020-09-01,18.31,-5.580524,3.106159,38056021953.28,35734494453.26,2078428288,1951638146,False
2020-09-02,18.84,-5.742057,3.19607,39157588945.92,36768862670.64,2078428288,1951638146,False
2020-09-03,18.99,-5.787774,3.221516,39469353189.12,37061608392.54,2078428288,1951638146,False
2020-09-04,19.48,-5.937116,3.304641,40487783050.24,38017911084.08,2078428288,1951638146,False
2020-09-07,19.18,-5.845682,3.253748,39864254563.84,37432419640.28,2078428288,1951638146,False
2020-09-08,19.26,-5.870065,3.26732,40030528826.88,37588550691.96,2078428288,1951638146,False
2020-09-09,18.3,-5.577476,3.104463,38035237670.4,35714978071.8,2078428288,1951638146,False
2020-09-10,17.67,-5.385465,2.997588,36725827848.96,34485446039.82,2078428288,1951638146,False
2020-09-11,17.84,-5.437277,3.026427,37079160657.92,34817224524.64,2078428288,1951638146,False
2020-09-14,17.94,-5.467755,3.043391,37287003486.72,35012388339.24,2078428288,1951638146,False
2020-09-15,17.9,-5.455564,3.036606,37203866355.2,34934322813.4,2078428288,1951638146,False
2020-09-16,18.02,-5.492138,3.056963,37453277749.76,35168519390.92,2078428288,1951638146,False
2020-09-17,17.78,-5.41899,3.016249,36954454960.64,34700126235.88,2078428288,1951638146,False
2020-09-18,18.13,-5.525663,3.075624,37681904861.44,35383199586.98,2078428288,1951638146,False
2020-09-21,18.01,-5.48909,3.055266,37432493466.88,35149003009.46,2078428288,1951638146,False
2020-09-22,17.51,-5.3367,2.970445,36393279322.88,34173183936.46,2078428288,1951638146,False
2020-09-23,17.57,-5.354986,2.980624,36517985020.16,34290282225.22,2078428288,1951638146,False
2020-09-24,17.53,-5.342795,2.973838,36434847888.64,34212216699.38,2078428288,1951638146,False
2020-09-25,17.19,-5.23917,2.916159,35728182270.72,33548659729.74,2078428288,1951638146,False
2020-09-28,17.19,-5.23917,2.916159,35728182270.72,33548659729.74,2078428288,1951638146,False
2020-09-29,17.11,-5.214788,2.902588,35561908007.68,33392528678.06,2078428288,1951638146,False
2020-09-30,17.8,-5.425086,3.019641,36996023526.4,34739158998.8,2078428288,1951638146,False
2020-10-09,17.41,-5.306222,2.953481,36185436494.08,33978020121.86,2078428288,1951638146,False
2020-10-12,17.34,-5.284887,2.941606,36039946513.92,33841405451.64,2078428288,1951638146,False
2020-10-13,17.29,-5.269648,2.933124,35936025099.52,33743823544.34,2078428288,1951638146,False
2020-10-14,17.01,-5.18431,2.885624,35354065178.88,33197364863.46,2078428288,1951638146,False
2020-10-15,16.87,-5.14164,2.861874,35063085218.56,32924135523.02,2078428288,1951638146,False
2020-10-16,16.37,-4.98925,2.777052,34023871074.56,31948316450.02,2078428288,1951638146,False
2020-10-19,16.15,-4.922199,2.739731,33566616851.2,31518956057.9,2078428288,1951638146,False
2020-10-20,16.28,-4.96182,2.761784,33836812528.64,31772669016.88,2078428288,1951638146,False
2020-10-21,16.19,-4.93439,2.746517,33649753982.72,31597021583.74,2078428288,1951638146,False
2020-10-22,16.02,-4.882577,2.717677,33296421173.76,31265243098.92,2078428288,1951638146,False
2020-10-23,15.73,-4.794191,2.668481,32693676970.24,30699268036.58,2078428288,1951638146,False
2020-10-26,15.26,-4.650944,2.588749,31716815674.88,29781998107.96,2078428288,1951638146,False
2020-10-27,15.26,-4.650944,2.588749,31716815674.88,29781998107.96,2078428288,1951638146,False
2020-10-28,15.44,-4.705805,2.619284,32090932766.72,30133292974.24,2078428288,1951638146,False
2020-10-29,15.17,-4.623514,2.573481,31529757128.96,29606350674.82,2078428288,1951638146,False
2020-10-30,15.38,-4.220909,2.709482,31966227069.44,30016194685.48,2078428288,1951638146,False
2020-11-02,15.1,-4.144065,2.660155,31384267148.8,29469736004.6,2078428288,1951638146,False
2020-11-03,16.23,-4.454184,2.859226,33732891114.24,31675087109.58,2078428288,1951638146,False
2020-11-04,16.52,-4.533772,2.910315,34335635317.76,32241062171.92,2078428288,1951638146,False
2020-11-05,16.64,-4.566705,2.931455,34585046712.32,32475258749.44,2078428288,1951638146,False
2020-11-06,16.6,-4.555727,2.924409,34501909580.8,32397193223.6,2078428288,1951638146,False
2020-11-09,17.19,-4.717648,3.028348,35728182270.72,33548659729.74,2078428288,1951638146,False
2020-11-10,18.51,-5.07991,3.260892,38471707610.88,36124822082.46,2078428288,1951638146,False
2020-11-11,17.86,-5.363867,3.443169,40622197690.44,34856257287.56,2274479154,1951638146,False
2020-11-12,17.92,-5.381887,3.454736,40758666439.68,34973355576.32,2274479154,1951638146,False
2020-11-13,18.23,-5.474988,3.5145,41463754977.42,35578363401.58,2274479154,1951638146,False
2020-11-16,18.81,-5.649179,3.626316,42782952886.74,36710313526.26,2274479154,1951638146,False
2020-11-17,18.76,-5.634163,3.616677,42669228929.04,36612731618.96,2274479154,1951638146,False
2020-11-18,18.76,-5.634163,3.616677,42669228929.04,36612731618.96,2274479154,1951638146,False
2020-11-19,19.21,-5.76931,3.703431,43692744548.34,37490968784.66,2274479154,1951638146,False
2020-11-20,19.02,-5.712248,3.666801,43260593509.08,37120157536.92,2274479154,1951638146,False
2020-11-23,18.41,-5.529048,3.549202,41873161225.14,35929658267.86,2274479154,1951638146,False
2020-11-24,19.01,-5.709245,3.664874,43237848717.54,37100641155.46,2274479154,1951638146,False
2020-11-25,19.32,-5.802347,3.724637,43942937255.28,37705648980.72,2274479154,1951638146,False
2020-11-26,19.25,-5.781324,3.711142,43783723714.5,37569034310.5,2274479154,1951638146,False
2020-11-27,19.54,-5.868419,3.767051,44443322669.16,38135009372.84,2274479154,1951638146,False
2020-11-30,19.13,-5.745284,3.688008,43510786216.02,37334837732.98,2274479154,1951638146,False
2020-12-01,19.61,-5.889442,3.780546,44602536209.94,38271624043.06,2274479154,1951638146,False
2020-12-02,19.5,-5.856406,3.759339,43499139840.0,38056943847.0,2230725120,1951638146,False
2020-12-03,19.21,-5.76931,3.703431,42852229555.2,37490968784.66,2230725120,1951638146,False
2020-12-04,18.89,-5.56407,3.571683,42138397516.8,36866444577.94,2230725120,1951638146,False
2020-12-07,18.8,-5.537561,3.554666,41937632256.0,36690797144.8,2230725120,1951638146,False
2020-12-08,18.58,-5.472759,3.513069,41446872729.6,36261436752.68,2230725120,1951638146,False
2020-12-09,18.04,-5.313702,3.410967,40242281164.8,35207552153.84,2230725120,1951638146,False
2020-12-10,18.16,-5.349048,3.433656,40509968179.2,35441748731.36,2230725120,1951638146,False
2020-12-11,17.12,-5.042715,3.237015,38190014054.4,33412045059.52,2230725120,1951638146,False
2020-12-14,16.91,-4.980859,3.197309,37721561779.2,33002201048.86,2230725120,1951638146,False
2020-12-15,17.66,-5.201772,3.339117,39394605619.2,34465929658.36,2230725120,1951638146,False
2020-12-16,17.69,-5.210609,3.34479,39461527372.8,34524478802.74,2230725120,1951638146,False
2020-12-17,17.75,-5.228282,3.356134,39595370880.0,34641577091.5,2230725120,1951638146,False
2020-12-18,18.28,-5.384394,3.456346,40777655193.6,35675945308.88,2230725120,1951638146,False
2020-12-21,17.81,-5.245955,3.367479,39729214387.2,34758675380.26,2230725120,1951638146,False
2020-12-22,17.09,-5.033878,3.231343,38123092300.8,33353495915.14,2230725120,1951638146,False
2020-12-23,17.11,-5.039769,3.235124,38167706803.2,33392528678.06,2230725120,1951638146,False
2020-12-24,17.1,-5.036824,3.233234,38145399552.0,33373012296.6,2230725120,1951638146,False
2020-12-25,17.67,-5.204718,3.341008,39416912870.4,34485446039.82,2230725120,1951638146,False
2020-12-28,17.05,-5.022096,3.22378,38033863296.0,33275430389.3,2230725120,1951638146,False
2020-12-29,17.18,-5.060388,3.24836,38323857561.6,33529143348.28,2230725120,1951638146,False
2020-12-30,17.35,-5.110461,3.280503,38703080832.0,33860921833.1,2230725120,1951638146,False
2020-12-31,18.08,-5.325484,3.41853,40331510169.6,35285617679.68,2230725120,1951638146,False
2021-01-04,19.49,-5.740801,3.68513,43476832588.8,38037427465.54,2230725120,1951638146,False
2021-01-05,19.72,-5.808548,3.728618,43989899366.4,38486304239.12,2230725120,1951638146,False
2021-01-06,19.93,-5.870403,3.768324,44458351641.6,38896148249.78,2230725120,1951638146,False
2021-01-07,18.8,-5.537561,3.554666,41937632256.0,36690797144.8,2230725120,1951638146,False
2021-01-08,19.32,-5.690727,3.652987,43097609318.4,37705648980.72,2230725120,1951638146,False
2021-01-11,19.32,-5.690727,3.652987,43097609318.4,37705648980.72,2230725120,1951638146,False
2021-01-12,19.15,-5.640653,3.620844,42718386048.0,37373870495.9,2230725120,1951638146,False
2021-01-13,19.24,-5.667163,3.637861,42919151308.8,37549517929.04,2230725120,1951638146,False
2021-01-14,19.6,-5.773201,3.705929,43722212352.0,38252107661.6,2230725120,1951638146,False
2021-01-15,19.09,-5.62298,3.609499,42584542540.8,37256772207.14,2230725120,1951638146,False
2021-01-18,19.3,-5.684836,3.649205,43052994816.0,37666616217.8,2230725120,1951638146,False
2021-01-19,20.16,-5.93815,3.811812,44971418419.2,39345025023.36,2230725120,1951638146,False
2021-01-20,20.05,-5.905749,3.791014,44726038656.0,39130344827.3,2230725120,1951638146,False
2021-01-21,19.09,-5.62298,3.609499,42584542540.8,37256772207.14,2230725120,1951638146,False
2021-01-22,18.96,-5.584689,3.584919,42294548275.2,37003059248.16,2230725120,1951638146,False
2021-01-25,18.54,-5.460977,3.505506,41357643724.8,36183371226.84,2230725120,1951638146,False
2021-01-26,19.43,-5.723128,3.673785,43342989081.6,37920329176.78,2230725120,1951638146,False
2021-01-27,20.17,-5.941096,3.813703,44993725670.4,39364541404.82,2230725120,1951638146,False
2021-01-28,20.32,-5.985278,3.842065,45328334438.4,39657287126.72,2230725120,1951638146,False
2021-01-29,21.45,-6.318121,4.055723,47849053824.0,41862638231.7,2230725120,1951638146,False
2021-02-01,23.25,-6.848313,4.396063,51864359040.0,45375586894.5,2230725120,1951638146,False
2021-02-02,22.98,-6.768784,4.345012,51262063257.6,44848644595.08,2230725120,1951638146,False
2021-02-03,22.6,-6.656855,4.273163,50414387712.0,44107022099.6,2230725120,1951638146,False
2021-02-04,22.05,-6.494852,4.16917,49187488896.0,43033621119.3,2230725120,1951638146,False
2021-02-05,20.42,-6.014733,3.860973,45551406950.4,39852450941.32,2230725120,1951638146,False
2021-02-08,21.32,-6.279829,4.031143,47559059558.4,41608925272.72,2230725120,1951638146,False
2021-02-09,21.64,-6.374086,4.091648,48272891596.8,42233449479.44,2230725120,1951638146,False
2021-02-10,22.6,-6.656855,4.273163,50414387712.0,44107022099.6,2230725120,1951638146,False
2021-02-18,22.02,-6.486015,4.163497,49120567142.4,42975071974.92,2230725120,1951638146,False
2021-02-19,21.2,-6.244483,4.008453,47291372544.0,41374728695.2,2230725120,1951638146,False
2021-02-22,20.37,-6.000006,3.851519,45439870694.4,39754869034.02,2230725120,1951638146,False
2021-02-23,20.51,-6.041243,3.87799,45752172211.2,40028098374.46,2230725120,1951638146,False
2021-02-24,19.71,-5.805602,3.726727,43967592115.2,38466787857.66,2230725120,1951638146,False
2021-02-25,19.73,-5.811493,3.730509,44012206617.6,38505820620.58,2230725120,1951638146,False
2021-02-26,19.1,-5.625926,3.61139,42606849792.0,37276288588.6,2230725120,1951638146,False
2021-03-01,19.65,-5.787929,3.715383,43833748608.0,38349689568.9,2230725120,1951638146,False
2021-03-02,19.1,-5.625926,3.61139,42606849792.0,37276288588.6,2230725120,1951638146,False
2021-03-03,19.42,-5.720182,3.671895,43320681830.4,37900812795.32,2230725120,1951638146,False
2021-03-04,18.71,-5.511051,3.537649,41736866995.2,36515149711.66,2230725120,1951638146,False
2021-03-05,18.73,-5.516942,3.541431,41781481497.6,36554182474.58,2230725120,1951638146,False
2021-03-08,18.08,-5.325484,3.41853,40331510169.6,35285617679.68,2230725120,1951638146,False
2021-03-09,18.45,-5.434468,3.488489,41156878464.0,36007723793.7,2230725120,1951638146,False
2021-03-10,18.29,-5.387339,3.458236,40799962444.8,35695461690.34,2230725120,1951638146,False
2021-03-11,18.48,-5.443304,3.494161,41223800217.6,36066272938.08,2230725120,1951638146,False
2021-03-12,18.65,-5.493378,3.526305,41603023488.0,36398051422.9,2230725120,1951638146,False
2021-03-15,19.2,-5.655381,3.630297,42829922304.0,37471452403.2,2230725120,1951638146,False
2021-03-16,19.7,-5.802657,3.724836,43945284864.0,38447271476.2,2230725120,1951638146,False
2021-03-17,19.2,-5.655381,3.630297,42829922304.0,37471452403.2,2230725120,1951638146,False
2021-03-18,19.23,-5.664217,3.63597,42896844057.6,37530001547.58,2230725120,1951638146,False
2021-03-19,19.2,-5.655381,3.630297,42829922304.0,37471452403.2,2230725120,1951638146,False
2021-03-22,19.8,-5.832112,3.743744,44168357376.0,38642435290.8,2230725120,1951638146,False
2021-03-23,18.96,-5.584689,3.584919,42294548275.2,37003059248.16,2230725120,1951638146,False
2021-03-24,18.47,-5.440359,3.492271,41201492966.4,36046756556.62,2230725120,1951638146,False
2021-03-25,18.24,-5.372612,3.448783,40688426188.8,35597879783.04,2230725120,1951638146,False
2021-03-26,18.5,-5.449195,3.497943,41268414720.0,36105305701.0,2230725120,1951638146,False
2021-03-29,18.25,-5.375557,3.450673,40710733440.0,35617396164.5,2230725120,1951638146,False
2021-03-30,18.24,-5.372612,3.448783,40688426188.8,35597879783.04,2230725120,1951638146,False
2021-03-31,18.24,-5.372612,3.448783,40688426188.8,35597879783.04,2230725120,1951638146,False
2021-04-01,18.13,-5.340211,3.427984,40443046425.6,35383199586.98,2230725120,1951638146,False
2021-04-02,18.48,-5.443304,3.494161,41223800217.6,36066272938.08,2230725120,1951638146,False
2021-04-06,18.2,-5.36083,3.441219,40599197184.0,35519814257.2,2230725120,1951638146,False
2021-04-07,18.33,-5.399122,3.4658,40889191449.6,35773527216.18,2230725120,1951638146,False
2021-04-08,18.18,-5.354939,3.437438,40554582681.6,35480781494.28,2230725120,1951638146,False
2021-04-09,18.1,-5.331375,3.422312,40376124672.0,35324650442.6,2230725120,1951638146,False
2021-04-12,17.26,-5.77359,3.263486,38502315571.2,33685274399.96,2230725120,1951638146,False
2021-04-13,16.94,-5.666548,3.202981,37788483532.8,33060750193.24,2230725120,1951638146,False
2021-04-14,17.06,-5.706689,3.225671,38056170547.2,33294946770.76,2230725120,1951638146,False
2021-04-15,17.0,-5.686618,3.214326,37922327040.0,33177848482.0,2230725120,1951638146,False
2021-04-16,17.39,-5.817076,3.288066,38792309836.8,33938987358.94,2230725120,1951638146,False
2021-04-19,17.72,-5.927463,3.350462,39528449126.4,34583027947.12,2230725120,1951638146,False
2021-04-20,17.6,-5.887323,3.327773,39260762112.0,34348831369.6,2230725120,1951638146,False
2021-04-21,17.4,-5.820421,3.289957,38814617088.0,33958503740.4,2230725120,1951638146,False
2021-04-22,17.46,-5.840492,3.301302,38948460595.2,34075602029.16,2230725120,1951638146,False
2021-04-23,17.33,-5.797006,3.276722,38658466329.6,33821889070.18,2230725120,1951638146,False
2021-04-26,17.42,-5.827111,3.293739,38859231590.4,33997536503.32,2230725120,1951638146,False
2021-04-27,17.59,-5.883978,3.325882,39238454860.8,34329314988.14,2230725120,1951638146,False
2021-04-28,18.14,-6.067956,3.429875,40465353676.8,35402715968.44,2230725120,1951638146,False
2021-04-29,17.9,-7.201676,4.118543,39929979648.0,34934322813.4,2230725120,1951638146,False
2021-04-30,18.32,-7.370654,4.21518,40866884198.4,35754010834.72,2230725120,1951638146,False
2021-05-06,17.17,-6.907976,3.95058,38301550310.4,33509626966.82,2230725120,1951638146,False
2021-05-07,16.65,-6.698766,3.830936,37141573248.0,32494340565.9,2230725120,1951612046,False
2021-05-10,16.13,-6.489555,3.711291,35981596185.6,31479502301.98,2230725120,1951612046,False
2021-05-11,16.22,-6.525765,3.731999,36182361446.4,31655147386.12,2230725120,1951612046,False
2021-05-12,16.28,-6.549904,3.745804,36316204953.6,34963952207.36,2230725120,2147662912,False
2021-05-13,16.28,-6.549904,3.745804,36316204953.6,34963952207.36,2230725120,2147662912,False
2021-05-14,16.64,-6.694742,3.828635,37119265996.8,35737110855.68,2230725120,2147662912,False
2021-05-17,16.44,-6.614277,3.782618,36673120972.8,35307578273.28,2230725120,2147662912,False
2021-05-18,16.41,-6.602207,3.775715,36606199219.2,35243148385.92,2230725120,2147662912,False
2021-05-19,16.58,-6.670603,3.81483,36985422489.6,35608251080.96,2230725120,2147662912,False
2021-05-20,16.43,-6.610254,3.780317,36650813721.6,35286101644.16,2230725120,2147662912,False
2021-05-21,16.5,-6.638417,3.796423,36806964480.0,35436438048.0,2230725120,2147662912,False
2021-05-24,16.53,-6.650486,3.803325,36873886233.6,35500867935.36,2230725120,2147662912,False
2021-05-25,16.73,-6.730952,3.849343,37320031257.6,35930400517.76,2230725120,2147662912,False
2021-05-26,16.67,-6.706812,3.835537,37186187750.4,35801540743.04,2230725120,2147662912,False
2021-05-27,16.99,-6.835557,3.909165,37900019788.8,36488792874.88,2230725120,2147662912,False
2021-05-28,16.91,-6.803371,3.890758,37721561779.2,36316979841.92,2230725120,2147662912,False
2021-05-31,16.73,-6.730952,3.849343,37320031257.6,35930400517.76,2230725120,2147662912,False
2021-06-01,17.04,-6.855674,3.920669,38011556044.8,36596176020.48,2230725120,2147662912,False
2021-06-02,16.85,-6.779231,3.876953,37587718272.0,36188120067.2,2230725120,2147662912,False
2021-06-03,16.98,-6.831534,3.906864,37877712537.6,36467316245.76,2230725120,2147662912,False
2021-06-04,16.76,-6.743022,3.856245,37386953011.2,35994830405.12,2230725120,2147662912,False
2021-06-07,16.88,-6.791301,3.883855,37654640025.6,36252549954.56,2230725120,2147662912,False
2021-06-08,16.93,-6.811418,3.89536,37766176281.6,36359933100.16,2230725120,2147662912,False
2021-06-09,16.23,-6.529788,3.734299,36204668697.6,34856569061.76,2230725120,2147662912,False
2021-06-10,16.05,-6.457369,3.692884,35803138176.0,34469989737.6,2230725120,2147662912,False
2021-06-11,15.69,-6.312531,3.610053,35000077132.8,33696831089.28,2230725120,2147662912,False
2021-06-15,15.65,-6.296437,3.600849,34910848128.0,33610924572.8,2230725120,2147662912,False
2021-06-16,15.35,-6.175739,3.531824,34241630592.0,32966625699.2,2230725120,2147662912,False
2021-06-17,15.33,-6.167692,3.527222,34197016089.6,32923672440.96,2230725120,2147662912,False
2021-06-18,15.63,-6.288391,3.596248,34866233625.6,33567971314.56,2230725120,2147662912,False
2021-06-21,15.43,-6.207925,3.55023,34420088601.6,33138438732.16,2230725120,2147662912,False
2021-06-22,15.65,-6.296437,3.600849,34910848128.0,33610924572.8,2230725120,2147662912,False
2021-06-23,15.63,-6.288391,3.596248,34866233625.6,33567971314.56,2230725120,2147662912,False
2021-06-24,15.45,-6.215972,3.554832,34464703104.0,33181391990.4,2230725120,2147662912,False
2021-06-25,15.14,-6.09125,3.483505,33773178316.8,32515616487.68,2230725120,2147662912,False
2021-06-28,15.1,-6.075157,3.474302,33683949312.0,32429709971.2,2230725120,2147662912,False
2021-06-29,15.01,-6.038947,3.453594,33483184051.2,32236420309.12,2230725120,2147662912,False
2021-06-30,15.79,-6.352763,3.633061,35223149644.8,33911597380.48,2230725120,2147662912,False
2021-07-01,16.37,-6.586114,3.766511,36516970214.4,35157241869.44,2230725120,2147662912,False
2021-07-02,16.37,-6.586114,3.766511,36516970214.4,35157241869.44,2230725120,2147662912,False
2021-07-05,16.1,-6.477485,3.704388,35914674432.0,34577372883.2,2230725120,2147662912,False
2021-07-06,16.36,-6.582091,3.764211,36494662963.2,35135765240.32,2230725120,2147662912,False
2021-07-07,16.24,-6.533811,3.7366,36226975948.8,34878045690.88,2230725120,2147662912,False
2021-07-08,16.06,-6.461392,3.695185,35825445427.2,34491466366.72,2230725120,2147662912,False
2021-07-09,16.45,-6.6183,3.784918,36695428224.0,35329054902.4,2230725120,2147662912,False
2021-07-12,16.35,-6.578067,3.76191,36472355712.0,35114288611.2,2230725120,2147662912,False
2021-07-13,16.75,-6.738999,3.853944,37364645760.0,35973353776.0,2230725120,2147662912,False
2021-07-14,16.01,-6.441276,3.68368,35713909171.2,34384083221.12,2230725120,2147662912,False
2021-07-15,16.06,-6.461392,3.695185,35825445427.2,34491466366.72,2230725120,2147662912,False
2021-07-16,16.07,-6.465415,3.697486,35847752678.4,34512942995.84,2230725120,2147662912,False
2021-07-19,15.54,-6.252181,3.57554,34665468364.8,33374681652.48,2230725120,2147662912,False
2021-07-20,15.36,-6.179762,3.534124,34263937843.2,32988102328.32,2230725120,2147662912,False
2021-07-21,15.27,-6.143553,3.513417,34063172582.4,32794812666.24,2230725120,2147662912,False
2021-07-22,15.26,-6.139529,3.511116,34040865331.2,32773336037.12,2230725120,2147662912,False
2021-07-23,15.0,-6.034924,3.451293,33460876800.0,32214943680.0,2230725120,2147662912,False
2021-07-26,14.12,-5.680875,3.248817,31497838694.4,30325000317.44,2230725120,2147662912,False
2021-07-27,14.11,-5.676852,3.246517,31475531443.2,30303523688.32,2230725120,2147662912,False
2021-07-28,13.45,-5.411315,3.09466,30003252864.0,28886066166.4,2230725120,2147662912,False
2021-07-29,13.29,-5.346943,3.057846,29646336844.8,28542440100.48,2230725120,2147662912,False
2021-07-30,12.95,-5.210151,2.979617,28887890304.0,27812234710.4,2230725120,2147662912,False
2021-08-02,12.91,-5.194058,2.970413,28798661299.2,27726328193.92,2230725120,2147662912,False
2021-08-03,12.9,-5.190035,2.968112,28776354048.0,27704851564.8,2230725120,2147662912,False
2021-08-04,12.73,-5.121639,2.928998,28397130777.6,27339748869.76,2230725120,2147662912,False
2021-08-05,12.79,-5.145779,2.942803,28530974284.8,27468608644.48,2230725120,2147662912,False
2021-08-06,12.53,-5.041173,2.88298,27950985753.6,26910216287.36,2230725120,2147662912,False
2021-08-09,12.92,-5.198081,2.972714,28820968550.4,27747804823.04,2230725120,2147662912,False
2021-08-10,12.97,-5.218198,2.984218,28932504806.4,27855187968.64,2230725120,2147662912,False
2021-08-11,13.01,-5.234291,2.993422,29021733811.2,27941094485.12,2230725120,2147662912,False
2021-08-12,13.43,-5.403269,3.090058,29958638361.6,28843112908.16,2230725120,2147662912,False
2021-08-13,13.3,-5.350966,3.060147,29668644096.0,28563916729.6,2230725120,2147662912,False
2021-08-16,13.39,-5.387176,3.080855,29869409356.8,28757206391.68,2230725120,2147662912,False
2021-08-17,13.33,-5.363036,3.067049,29735565849.6,28628346616.96,2230725120,2147662912,False
2021-08-18,13.4,-5.391199,3.083155,29891716608.0,28778683020.8,2230725120,2147662912,False
2021-08-19,13.3,-5.350966,3.060147,29668644096.0,28563916729.6,2230725120,2147662912,False
2021-08-20,13.23,-5.322803,3.044041,29512493337.6,28413580325.76,2230725120,2147662912,False
2021-08-23,13.71,-5.515921,3.154482,30583241395.2,29444458523.52,2230725120,2147662912,False
2021-08-24,13.73,-5.523967,3.159084,30627855897.6,29487411781.76,2230725120,2147662912,False
2021-08-25,14.08,-5.664782,3.239614,31408609689.6,30239093800.96,2230725120,2147662912,False
2021-08-26,13.92,-5.60041,3.2028,31051693670.4,29895467735.04,2230725120,2147662912,False
2021-08-27,13.74,-5.52799,3.161385,30650163148.8,29508888410.88,2230725120,2147662912,False
2021-08-30,13.79,-5.548107,3.172889,30761699404.8,29616271556.48,2230725120,2147662912,False
2021-08-31,13.97,-6.981998,3.202646,31163229926.4,30002850880.64,2230725120,2147662912,False
2021-09-01,14.49,-7.241886,3.321856,32323206988.8,31119635594.88,2230725120,2147662912,False
2021-09-02,14.35,-7.171916,3.289761,32010905472.0,30818962787.2,2230725120,2147662912,False
2021-09-03,14.64,-7.316854,3.356244,32657815756.8,31441785031.68,2230725120,2147662912,False
2021-09-06,14.71,-7.351839,3.372292,32813966515.2,31592121435.52,2230725120,2147662912,False
2021-09-07,14.88,-7.436802,3.411265,33193189785.6,31957224130.56,2230725120,2147662912,False
2021-09-08,15.17,-7.58174,3.477748,33840100070.4,32580046375.04,2230725120,2147662912,False
2021-09-09,15.11,-7.551753,3.463992,33706256563.2,32451186600.32,2230725120,2147662912,False
2021-09-10,15.36,-7.676699,3.521305,34263937843.2,32988102328.32,2230725120,2147662912,False
2021-09-13,14.79,-7.391822,3.390632,32992424524.8,31763934468.48,2230725120,2147662912,False
2021-09-14,14.61,-7.30186,3.349367,32590894003.2,31377355144.32,2230725120,2147662912,False
2021-09-15,15.02,-7.506772,3.44336,33505491302.4,32257896938.24,2230725120,2147662912,False
2021-09-16,14.82,-7.406815,3.397509,33059346278.4,31828364355.84,2230725120,2147662912,False
2021-09-17,14.91,-7.451796,3.418142,33260111539.2,32069891312.13,2230725120,2150898143,False
2021-09-22,14.57,-7.281869,3.340197,32501664998.4,31338585943.51,2230725120,2150898143,False
2021-09-23,15.02,-7.506772,3.44336,33505491302.4,32306490107.86,2230725120,2150898143,False
2021-09-24,14.95,-7.471787,3.427312,33349340544.0,32155927237.85,2230725120,2150898143,False
2021-09-27,14.81,-7.401817,3.395217,33037039027.2,31854801497.83,2230725120,2150898143,False
2021-09-28,14.2,-7.096949,3.255373,31676296704.0,30542753630.6,2230725120,2150898143,False
2021-09-29,14.09,-7.041972,3.230156,31430916940.8,30306154834.87,2230725120,2150898143,False
2021-09-30,14.05,-7.021981,3.220986,31341687936.0,30220118909.15,2230725120,2150898143,False
2021-10-08,14.46,-7.226893,3.314979,32256285235.2,31101987147.78,2230725120,2150898143,False
2021-10-11,13.85,-6.922024,3.175135,30895542912.0,29789939280.55,2230725120,2150898143,False
2021-10-12,13.63,-6.812071,3.1247,30404783385.6,29316741689.09,2230725120,2150898143,False
2021-10-13,13.72,-6.857052,3.145333,30605548646.4,29510322521.96,2230725120,2150898143,False
2021-10-14,15.09,-7.541757,3.459407,33661642060.8,32457052977.87,2230725120,2150898143,False
2021-10-15,15.65,-7.821637,3.587788,34910848128.0,33661555937.95,2230725120,2150898143,False
2021-10-18,15.59,-7.79165,3.574033,34777004620.8,33532502049.37,2230725120,2150898143,False
2021-10-19,15.29,-7.641714,3.505258,34107787084.8,32887232606.47,2230725120,2150898143,False
2021-10-20,14.85,-7.421809,3.404387,33126268032.0,31940837423.55,2230725120,2150898143,False
2021-10-21,14.67,-7.331848,3.363122,32724737510.4,31553675757.81,2230725120,2150898143,False
2021-10-22,14.3,-7.146927,3.278299,31899369216.0,30757843444.9,2230725120,2150898143,False
2021-10-25,14.16,-7.076957,3.246203,31587067699.2,30456717704.88,2230725120,2150898143,False
2021-10-26,13.95,-6.972002,3.198061,31118615424.0,30005029094.85,2230725120,2150898143,False
2021-10-27,13.73,-6.86205,3.147625,30627855897.6,29531831503.39,2230725120,2150898143,False
2021-10-28,13.73,-6.86205,3.147625,30627855897.6,29531831503.39,2230725120,2150898143,False
2021-10-29,14.03,-7.011985,3.216401,31297073433.6,30177100946.29,2230725120,2150898143,False
2021-11-01,13.86,-7.086557,3.3348,30917850163.2,29811448261.98,2230725120,2150898143,False
2021-11-02,13.41,-6.856474,3.226528,29914023859.2,28843544097.63,2230725120,2150898143,False
2021-11-03,13.48,-6.892264,3.24337,30070174617.6,28994106967.64,2230725120,2150898143,False
2021-11-04,13.56,-6.933168,3.262619,30248632627.2,29166178819.08,2230725120,2150898143,False
2021-11-05,13.69,-6.999636,3.293897,30538626892.8,29445795577.67,2230725120,2150898143,False
2021-11-08,13.93,-7.122347,3.351643,31074000921.6,29962011131.99,2230725120,2150898143,False
2021-11-09,14.39,-7.357543,3.462322,32100134476.8,30951424277.77,2230725120,2150898143,False
2021-11-10,14.38,-7.35243,3.459916,32077827225.6,30929915296.34,2230725120,2150898143,False
2021-11-11,14.32,-7.321752,3.445479,31943983718.4,30800861407.76,2230725120,2150898143,False
2021-11-12,14.38,-7.35243,3.459916,32077827225.6,30929915296.34,2230725120,2150898143,False
2021-11-15,14.56,-7.444463,3.503225,32479357747.2,31317076962.08,2230725120,2150898143,False
2021-11-16,14.4,-7.362656,3.464728,32122441728.0,30972933259.2,2230725120,2150898143,False
2021-11-17,14.59,-7.459802,3.510443,32546279500.8,31381603906.37,2230725120,2150898143,False
2021-11-18,14.35,-7.337091,3.452697,32010905472.0,30865388352.05,2230725120,2150898143,False
2021-11-19,14.35,-7.337091,3.452697,32010905472.0,30865388352.05,2230725120,2150898143,False
2021-11-22,14.3,-7.311527,3.440667,31899369216.0,30757843444.9,2230725120,2150898143,False
2021-11-23,14.34,-7.331978,3.450291,31988598220.8,30843879370.62,2230725120,2150898143,False
2021-11-24,14.85,-7.592739,3.573001,33126268032.0,31940837423.55,2230725120,2150898143,False
2021-11-25,14.6,-7.464915,3.512849,32568586752.0,31403112887.8,2230725120,2150898143,False
2021-11-26,13.93,-7.122347,3.351643,31074000921.6,29962011131.99,2230725120,2150898143,False
2021-11-29,13.63,-6.968959,3.279461,30404783385.6,29316741689.09,2230725120,2150898143,False
2021-11-30,13.74,-7.025201,3.305928,30650163148.8,29553340484.82,2230725120,2150898143,False
2021-12-01,14.13,-7.224606,3.399764,31520145945.6,30392190760.59,2230725120,2150898143,False
2021-12-02,13.96,-7.137686,3.358861,31140922675.2,30026538076.28,2230725120,2150898143,False
2021-12-03,14.0,-7.158138,3.368485,31230151680.0,30112574002.0,2230725120,2150898143,False
2021-12-06,13.99,-7.153025,3.366079,31207844428.8,30091065020.57,2230725120,2150898143,False
2021-12-07,14.17,-7.245058,3.409388,31609374950.4,30478226686.31,2230725120,2150898143,False
2021-12-08,14.41,-7.367769,3.467134,32144748979.2,30994442240.63,2230725120,2150898143,False
2021-12-09,14.6,-7.464915,3.512849,32568586752.0,31403112887.8,2230725120,2150898143,False
2021-12-10,14.68,-7.505819,3.532097,32747044761.6,31575184739.24,2230725120,2150898143,False
2021-12-13,14.51,-7.418899,3.491194,32367821491.2,31209532054.93,2230725120,2150898143,False
2021-12-14,14.55,-7.43935,3.500819,32457050496.0,31295567980.65,2230725120,2150898143,False
2021-12-15,14.54,-7.434238,3.498413,32434743244.8,31274058999.22,2230725120,2150898143,False
2021-12-16,14.69,-7.510932,3.534504,32769352012.8,31596693720.67,2230725120,2150898143,False
2021-12-17,14.5,-7.413786,3.488788,32345514240.0,31188023073.5,2230725120,2150898143,False
2021-12-20,14.22,-7.270623,3.421419,31720911206.4,30585771593.46,2230725120,2150898143,False
2021-12-21,14.59,-7.459802,3.510443,32546279500.8,31381603906.37,2230725120,2150898143,False
2021-12-22,14.76,-7.546723,3.551346,32925502771.2,31747256590.68,2230725120,2150898143,False
2021-12-23,14.45,-7.388221,3.476758,32233977984.0,31080478166.35,2230725120,2150898143,False
2021-12-24,14.8,-7.567174,3.56097,33014731776.0,31833292516.4,2230725120,2150898143,False
2021-12-27,15.15,-7.746128,3.645182,33795485568.0,32586106866.45,2230725120,2150898143,False
2021-12-28,15.05,-7.694998,3.621122,33572413056.0,32371017052.15,2230725120,2150898143,False
2021-12-29,15.05,-7.694998,3.621122,33572413056.0,32371017052.15,2230725120,2150898143,False
2021-12-30,15.3,-7.822822,3.681273,34130094336.0,32908741587.9,2230725120,2150898143,False
2021-12-31,15.48,-7.914855,3.724582,34531624857.6,33296307281.64,2230725120,2150924243,False
2022-01-04,15.73,-8.042679,3.784734,35089306137.6,33834038342.39,2230725120,2150924243,False
2022-01-05,15.56,-7.955759,3.743831,34710082867.2,33468381221.08,2230725120,2150924243,False
2022-01-06,15.42,-7.884178,3.710146,34397781350.4,33167251827.06,2230725120,2150924243,False
2022-01-07,15.21,-7.776806,3.659619,33929329075.2,32715557736.03,2230725120,2150924243,False
2022-01-10,15.39,-7.868839,3.702928,34330859596.8,33102724099.77,2230725120,2150924243,False
2022-01-11,15.33,-7.838161,3.688491,34197016089.6,32973668645.19,2230725120,2150924243,False
2022-01-12,16.05,-8.206294,3.861728,35803138176.0,34522334100.15,2230725120,2150924243,False
2022-01-13,15.87,-8.114261,3.818419,35401607654.4,34135167736.41,2230725120,2150924243,False
2022-01-14,15.5,-7.925081,3.729394,34576239360.0,33339325766.5,2230725120,2150924243,False
2022-01-17,15.82,-8.088696,3.806388,35290071398.4,34027621524.26,2230725120,2150924243,False
2022-01-18,15.76,-8.058018,3.791952,35156227891.2,33898566069.68,2230725120,2150924243,False
2022-01-19,15.7,-8.02734,3.777516,35022384384.0,33769510615.1,2230725120,2150924243,False
2022-01-20,15.47,-7.909742,3.722176,34509317606.4,33274798039.21,2230725120,2150924243,False
2022-01-21,15.78,-8.068244,3.796764,35200842393.6,33941584554.54,2230725120,2150924243,False
2022-01-24,15.7,-8.02734,3.777516,35022384384.0,33769510615.1,2230725120,2150924243,False
2022-01-25,14.36,-7.342204,3.455104,32033212723.2,30887272129.48,2230725120,2150924243,False
2022-01-26,14.5,-7.413786,3.488788,32345514240.0,31188401523.5,2230725120,2150924243,False
2022-01-27,14.03,-7.173477,3.375704,31297073433.6,30177467129.29,2230725120,2150924243,False
2022-01-28,14.6,-7.464915,3.512849,32568586752.0,31403493947.8,2230725120,2150924243,False
2022-02-07,13.38,-6.841135,3.21931,29847102105.6,28779366371.34,2230725120,2150924243,False
2022-02-08,13.7,-7.004749,3.296304,30560934144.0,29467662129.1,2230725120,2150924243,False
2022-02-09,13.64,-6.974072,3.281867,30427090636.8,29338606674.52,2230725120,2150924243,False
2022-02-10,13.95,-7.132573,3.356455,31118615424.0,30005393189.85,2230725120,2150924243,False
2022-02-11,13.81,-7.060992,3.32277,30806313907.2,29704263795.83,2230725120,2150924243,False
2022-02-14,14.38,-7.35243,3.459916,32077827225.6,30930290614.34,2230725120,2150924243,False
2022-02-15,14.22,-7.270623,3.421419,31720911206.4,30586142735.46,2230725120,2150924243,False
2022-02-16,14.21,-7.26551,3.419013,31698603955.2,30564633493.03,2230725120,2150924243,False
2022-02-17,13.97,-7.142799,3.361267,31163229926.4,30048411674.71,2230725120,2150924243,False
2022-02-18,14.08,-7.199042,3.387734,31408609689.6,30285013341.44,2230725120,2150924243,False
2022-02-21,14.09,-7.204155,3.39014,31430916940.8,30306522583.87,2230725120,2150924243,False
2022-02-22,13.79,-7.050766,3.317958,30761699404.8,29661245310.97,2230725120,2150924243,False
2022-02-23,13.81,-7.060992,3.32277,30806313907.2,29704263795.83,2230725120,2150924243,False
2022-02-24,13.38,-6.841135,3.21931,29847102105.6,28779366371.34,2230725120,2150924243,False
2022-02-25,13.4,-6.851361,3.224122,29891716608.0,28822384856.2,2230725120,2150924243,False
2022-02-28,13.4,-6.851361,3.224122,29891716608.0,28822384856.2,2230725120,2150924243,False
2022-03-01,13.48,-6.892264,3.24337,30070174617.6,28994458795.64,2230725120,2150924243,False
2022-03-02,13.44,-6.871812,3.233746,29980945612.8,28908421825.92,2230725120,2150924243,False
2022-03-03,13.68,-6.994523,3.291491,30516319641.6,29424643644.24,2230725120,2150924243,False
2022-03-04,13.63,-6.968959,3.279461,30404783385.6,29317097432.09,2230725120,2150924243,False
2022-03-07,13.32,-6.810457,3.204873,29713258598.4,28650310916.76,2230725120,2150924243,False
2022-03-08,12.92,-6.605939,3.108631,28820968550.4,27789941219.56,2230725120,2150924243,False
2022-03-09,12.63,-6.457663,3.038855,28174058265.6,27166173189.09,2230725120,2150924243,False
2022-03-10,12.62,-6.45255,3.036449,28151751014.4,27144663946.66,2230725120,2150924243,False
2022-03-11,12.55,-6.416759,3.019606,27995600256.0,26994099249.65,2230725120,2150924243,False
2022-03-14,12.15,-6.212241,2.923364,27103310208.0,26133729552.45,2230725120,2150924243,False
2022-03-15,11.31,-5.782753,2.721255,25229501107.2,24326953188.33,2230725120,2150924243,False
2022-03-16,12.17,-6.222467,2.928176,27147924710.4,26176748037.31,2230725120,2150924243,False
2022-03-17,12.27,-6.273597,2.952237,27370997222.4,26391840461.61,2230725120,2150924243,False
2022-03-18,12.64,-6.462776,3.041261,28196365516.8,27187682431.52,2230725120,2150924243,False
2022-03-21,12.46,-6.370743,2.997952,27794834995.2,26800516067.78,2230725120,2150924243,False
2022-03-22,12.49,-6.386082,3.00517,27861756748.8,26865043795.07,2230725120,2150924243,False
2022-03-23,12.49,-6.386082,3.00517,27861756748.8,26865043795.07,2230725120,2150924243,False
2022-03-24,12.22,-6.248032,2.940206,27259460966.4,26284294249.46,2230725120,2150924243,False
2022-03-25,12.27,-6.273597,2.952237,27370997222.4,26391840461.61,2230725120,2150924243,False
2022-03-28,12.3,-6.288935,2.959455,27437918976.0,26456368188.9,2230725120,2150924243,False
2022-03-29,12.15,-6.212241,2.923364,27103310208.0,26133729552.45,2230725120,2150924243,False
2022-03-30,12.56,-6.421872,3.022013,28017907507.2,27015608492.08,2230725120,2150924243,False
2022-03-31,12.23,-6.253145,2.942613,27281768217.6,26305803491.89,2230725120,2150924243,False
2022-04-01,12.66,-6.473002,3.046073,28240980019.2,27230700916.38,2230725120,2150924243,False
2022-04-06,12.79,-6.53947,3.077352,28530974284.8,27510321067.97,2230725120,2150924243,False
2022-04-07,12.32,-6.299161,2.964267,27482533478.4,26499386673.76,2230725120,2150924243,False
2022-04-08,12.39,-6.334952,2.98111,27638684236.8,26649951370.77,2230725120,2150924243,False
2022-04-11,11.82,-6.043514,2.843964,26367170918.4,25423924552.26,2230725120,2150924243,False
2022-04-12,12.56,-6.421872,3.022013,28017907507.2,27015608492.08,2230725120,2150924243,False
2022-04-13,12.56,-6.421872,3.022013,28017907507.2,27015608492.08,2230725120,2150924243,False
2022-04-14,12.91,-6.600826,3.106225,28798661299.2,27768431977.13,2230725120,2150924243,False
2022-04-15,12.58,-6.432098,3.026825,28062522009.6,27058626976.94,2230725120,2150924243,False
2022-04-18,12.56,-6.421872,3.022013,28017907507.2,27015608492.08,2230725120,2150924243,False
2022-04-19,12.54,-6.411646,3.0172,27973293004.8,26972590007.22,2230725120,2150924243,False
2022-04-20,12.78,-6.534357,3.074946,28508667033.6,27488811825.54,2230725120,2150924243,False
2022-04-21,12.22,-6.248032,2.940206,27259460966.4,26284294249.46,2230725120,2150924243,False
2022-04-22,11.85,-6.058852,2.851182,26434092672.0,25488452279.55,2230725120,2150924243,False
2022-04-25,11.11,-5.680494,2.673134,24783356083.2,23896768339.73,2230725120,2150924243,False
2022-04-26,10.63,-5.435072,2.557643,23712608025.6,22864324703.09,2230725120,2150924243,False
2022-04-27,10.85,-5.547557,2.610576,24203367552.0,23337528036.55,2230725120,2150924243,False
2022-04-28,10.39,-5.312361,2.499897,23177233996.8,22348102884.77,2230725120,2150924243,False
2022-04-29,11.43,-68.376015,2.82023,25497188121.6,24585064097.49,2230725120,2150924243,False
2022-05-05,11.32,-67.717978,2.793089,25251808358.4,24348462430.76,2230725120,2150924243,False
2022-05-06,10.91,-65.265295,2.691925,24337211059.2,23466583491.13,2230725120,2150924243,False
2022-05-09,10.96,-65.564403,2.704262,24448747315.2,23574129703.28,2230725120,2150924243,False
2022-05-10,11.07,-66.22244,2.731404,24694127078.4,23810731370.01,2230725120,2150924243,False
2022-05-11,11.18,-66.880477,2.758545,24939506841.6,24047333036.74,2230725120,2150924243,False
2022-05-12,11.45,-68.495658,2.825165,25541802624.0,24628082582.35,2230725120,2150924243,False
2022-05-13,11.52,-68.914409,2.842436,25697953382.4,24778647279.36,2230725120,2150924243,False
2022-05-16,11.44,-68.435836,2.822697,25519495372.8,24606573339.92,2230725120,2150924243,False
2022-05-17,11.49,-68.734944,2.835034,25631031628.8,24714119552.07,2230725120,2150924243,False
2022-05-18,11.37,-68.017086,2.805425,25363344614.4,24456008642.91,2230725120,2150924243,False
2022-05-19,11.45,-68.495658,2.825165,25541802624.0,24628082582.35,2230725120,2150924243,False
2022-05-20,11.63,-69.572446,2.869578,25943333145.6,25015248946.09,2230725120,2150924243,False
2022-05-23,11.52,-68.914409,2.842436,25697953382.4,24778647279.36,2230725120,2150924243,False
2022-05-24,11.08,-66.282261,2.733871,24716434329.6,23832240612.44,2230725120,2150924243,False
2022-05-25,11.77,-70.409947,2.904121,26255634662.4,25316378340.11,2230725120,2150924243,False
2022-05-26,11.9,-71.187627,2.936197,26545628928.0,25595998491.7,2230725120,2150924243,False
2022-05-27,11.91,-71.247449,2.938665,26567936179.2,25617507734.13,2230725120,2150924243,False
2022-05-30,12.26,-73.341202,3.025023,27348689971.2,26370331219.18,2230725120,2150924243,False
2022-05-31,12.32,-73.700132,3.039828,27482533478.4,26499386673.76,2230725120,2150924243,False
2022-06-01,12.48,-74.657276,3.079306,27839449497.6,26843534552.64,2230725120,2150924243,False
2022-06-02,12.38,-74.059061,3.054632,27616376985.6,26628442128.34,2230725120,2150924243,False
2022-06-06,12.58,-75.255492,3.10398,28062522009.6,27058626976.94,2230725120,2150924243,False
2022-06-07,12.66,-75.734064,3.123719,28240980019.2,27230700916.38,2230725120,2150924243,False
2022-06-08,12.54,-75.016205,3.09411,27973293004.8,26972590007.22,2230725120,2150924243,False
2022-06-09,12.45,-74.477812,3.071904,27772527744.0,26779006825.35,2230725120,2150924243,False
2022-06-10,12.6,-75.375135,3.108915,28107136512.0,27101645461.8,2230725120,2150924243,False
2022-06-13,12.3,-73.580489,3.034893,27437918976.0,26456368188.9,2230725120,2150924243,False
2022-06-14,12.26,-73.341202,3.025023,27348689971.2,26370331219.18,2230725120,2150924243,False
2022-06-15,12.26,-73.341202,3.025023,27348689971.2,26370331219.18,2230725120,2150924243,False
2022-06-16,12.39,-74.118882,3.0571,27638684236.8,26649951370.77,2230725120,2150924243,False
2022-06-17,12.25,-73.281381,3.022556,27326382720.0,26348821976.75,2230725120,2150924243,False
2022-06-20,12.72,-76.092993,3.138523,28374823526.4,27359756370.96,2230725120,2150924243,False
2022-06-21,12.61,-75.434956,3.111382,28129443763.2,27123154704.23,2230725120,2150924243,False
2022-06-22,12.21,-73.042095,3.012686,27237153715.2,26262785007.03,2230725120,2150924243,False
2022-06-23,12.4,-74.178704,3.059567,27660991488.0,26671460613.2,2230725120,2150924243,False
2022-06-24,12.74,-76.212636,3.143458,28419438028.8,27402774855.82,2230725120,2150924243,False
2022-06-27,13.32,-79.682285,3.286567,29713258598.4,28650310916.76,2230725120,2150924243,False
2022-06-28,13.51,-80.818894,3.333448,30137096371.2,29058986522.93,2230725120,2150924243,False
2022-06-29,13.21,-79.024248,3.259426,29467878835.2,28413709250.03,2230725120,2150924243,False
2022-06-30,13.65,-81.656396,3.367991,30449397888.0,29361184711.95,2230725120,2151002543,False
2022-07-01,13.31,-79.622464,3.2841,29690951347.2,28629843847.33,2230725120,2151002543,False
2022-07-04,13.38,-80.041214,3.301371,29847102105.6,28780414025.34,2230725120,2151002543,False
2022-07-05,13.13,-78.545676,3.239687,29289420825.6,28242663389.59,2230725120,2151002543,False
2022-07-06,12.39,-74.118882,3.0571,27638684236.8,26650921507.77,2230725120,2151002543,False
2022-07-07,12.23,-73.161738,3.017621,27281768217.6,26306761100.89,2230725120,2151002543,False
2022-07-08,12.27,-73.401024,3.027491,27370997222.4,26392801202.61,2230725120,2151002543,False
2022-07-11,12.26,-73.341202,3.025023,27348689971.2,26371291177.18,2230725120,2151002543,False
2022-07-12,12.35,-73.879596,3.04723,27549455232.0,26564881406.05,2230725120,2151002543,False
2022-07-13,12.39,-74.118882,3.0571,27638684236.8,26650921507.77,2230725120,2151002543,False
2022-07-14,12.33,-73.759953,3.042295,27504840729.6,26521861355.19,2230725120,2151002543,False
2022-07-15,12.17,-72.802809,3.002817,27147924710.4,26177700948.31,2230725120,2151002543,False
2022-07-18,12.04,-72.025129,2.970741,26857930444.8,25898070617.72,2230725120,2151002543,False
2022-07-19,12.1,-72.384058,2.985545,26991773952.0,26027130770.3,2230725120,2151002543,False
2022-07-20,12.24,-73.221559,3.020089,27304075468.8,26328271126.32,2230725120,2151002543,False
2022-07-21,12.26,-73.341202,3.025023,27348689971.2,26371291177.18,2230725120,2151002543,False
2022-07-22,12.09,-72.324236,2.983078,26969466700.8,26005620744.87,2230725120,2151002543,False
2022-07-25,12.08,-72.264415,2.98061,26947159449.6,25984110719.44,2230725120,2151002543,False
2022-07-26,12.23,-73.161738,3.017621,27281768217.6,26306761100.89,2230725120,2151002543,False
2022-07-27,12.46,-74.537633,3.074371,27794834995.2,26801491685.78,2230725120,2151002543,False
2022-07-28,12.37,-73.999239,3.052165,27594069734.4,26607901456.91,2230725120,2151002543,False
2022-07-29,12.42,-74.298347,3.064502,27705605990.4,26715451584.06,2230725120,2151002543,False
2022-08-01,11.98,-71.666199,2.955936,26724086937.6,25769010465.14,2230725120,2151002543,False
2022-08-02,11.49,-68.734944,2.835034,25631031628.8,24715019219.07,2230725120,2151002543,False
2022-08-03,11.26,-67.359049,2.778284,25117964851.2,24220288634.18,2230725120,2151002543,False
2022-08-04,11.34,-67.837621,2.798023,25296422860.8,24392368837.62,2230725120,2151002543,False
2022-08-05,11.47,-68.615301,2.830099,25586417126.4,24671999168.21,2230725120,2151002543,False
2022-08-08,11.4,-68.19655,2.812828,25430266368.0,24521428990.2,2230725120,2151002543,False
2022-08-09,11.45,-68.495658,2.825165,25541802624.0,24628979117.35,2230725120,2151002543,False
2022-08-10,11.35,-67.897443,2.800491,25318730112.0,24413878863.05,2230725120,2151002543,False
2022-08-11,11.52,-68.914409,2.842436,25697953382.4,24779549295.36,2230725120,2151002543,False
2022-08-12,11.68,-69.871553,2.881915,26054869401.6,25123709702.24,2230725120,2151002543,False
2022-08-15,11.64,-69.632267,2.872045,25965640396.8,25037669600.52,2230725120,2151002543,False
2022-08-16,11.62,-69.512624,2.86711,25921025894.4,24994649549.66,2230725120,2151002543,False
2022-08-17,11.85,-70.888519,2.92386,26434092672.0,25489380134.55,2230725120,2151002543,False
2022-08-18,11.62,-69.512624,2.86711,25921025894.4,24994649549.66,2230725120,2151002543,False
2022-08-19,11.5,-68.794766,2.837502,25653338880.0,24736529244.5,2230725120,2151002543,False
2022-08-22,11.71,-70.051018,2.889317,26121791155.2,25188239778.53,2230725120,2151002543,False
2022-08-23,11.6,-69.392981,2.862176,25876411392.0,24951629498.8,2230725120,2151002543,False
2022-08-24,11.26,-67.359049,2.778284,25117964851.2,24220288634.18,2230725120,2151002543,False
2022-08-25,11.3,-67.598335,2.788154,25207193856.0,24306328735.9,2230725120,2151002543,False
2022-08-26,11.33,-67.7778,2.795556,25274115609.6,24370858812.19,2230725120,2151002543,False
2022-08-29,11.45,-22.937217,3.05537,25541802624.0,24628979117.35,2230725120,2151002543,False
2022-08-30,11.42,-22.87712,3.047365,25474880870.4,24564449041.06,2230725120,2151002543,False
2022-08-31,11.36,-22.756925,3.031354,25341037363.2,24435388888.48,2230725120,2151002543,False
2022-09-01,11.1,-22.23608,2.961975,24761048832.0,23876128227.3,2230725120,2151002543,False
2022-09-02,11.1,-22.23608,2.961975,24761048832.0,23876128227.3,2230725120,2151002543,False
2022-09-05,10.97,-21.975657,2.927285,24471054566.4,23596497896.71,2230725120,2151002543,False
2022-09-06,11.16,-22.356275,2.977985,24894892339.2,24005188379.88,2230725120,2151002543,False
2022-09-07,11.11,-22.256112,2.964643,24783356083.2,23897638252.73,2230725120,2151002543,False
2022-09-08,11.47,-22.977282,3.060707,25586417126.4,24671533910.6,2230725120,2150961980,False
2022-09-09,11.59,-22.683149,3.021527,25258884507.9,24429380349.88,2179368810,2107798132,False
2022-09-13,11.53,-22.565721,3.005885,25128122379.3,24302912461.96,2179368810,2107798132,False
2022-09-14,11.25,-22.017725,2.932889,24517899112.5,23712728985.0,2179368810,2107798132,False
2022-09-15,11.27,-22.056867,2.938103,24561486488.7,23754884947.64,2179368810,2107798132,False
2022-09-16,11.14,-21.80244,2.904211,24278168543.4,23480871190.48,2179368810,2107798132,False
2022-09-19,10.76,-21.05873,2.805145,23450008395.6,22679907900.32,2179368810,2107798132,False
2022-09-20,10.95,-21.430585,2.854678,23864088469.5,23080389545.4,2179368810,2107798132,False
2022-09-21,10.94,-21.411014,2.852071,23842294781.4,23059311564.08,2179368810,2107798132,False
2022-09-22,10.71,-20.960874,2.79211,23341039955.1,22574517993.72,2179368810,2107798132,False
2022-09-23,10.59,-20.726018,2.760826,23079515697.9,22321582217.88,2179368810,2107798132,False
2022-09-26,10.61,-20.765161,2.76604,23123103074.1,22363738180.52,2179368810,2107798132,False
2022-09-27,11.24,-21.998153,2.930281,24496105424.4,23691651003.68,2179368810,2107798132,False
2022-09-28,10.95,-21.430585,2.854678,23864088469.5,23080389545.4,2179368810,2107798132,False
2022-09-29,10.63,-20.804303,2.771254,23166690450.3,22405894143.16,2179368810,2107798132,False
2022-09-30,10.43,-20.412877,2.719114,22730816688.3,21984334516.76,2179368810,2107798132,False
2022-10-10,9.77,-19.121171,2.547051,21292433273.7,20593187749.64,2179368810,2107798132,False
2022-10-11,9.71,-19.003743,2.531409,21161671145.1,20466719861.72,2179368810,2107798132,False
2022-10-12,9.82,-19.219027,2.560086,21401401714.2,20698577656.24,2179368810,2107798132,False
2022-10-13,9.7,-18.984172,2.528802,21139877457.0,20445641880.4,2179368810,2107798132,False
2022-10-14,9.84,-19.25817,2.5653,21444989090.4,20740733618.88,2179368810,2107798132,False
2022-10-17,10.01,-19.590882,2.609619,21815481788.1,21099059301.32,2179368810,2107798132,False
2022-10-18,10.03,-19.630025,2.614833,21859069164.3,21141215263.96,2179368810,2107798132,False
2022-10-19,9.96,-19.493026,2.596584,21706513347.6,20993669394.72,2179368810,2107798132,False
2022-10-20,10.07,-19.70831,2.625261,21946243916.7,21225527189.24,2179368810,2107798132,False
2022-10-21,10.0,-19.571311,2.607012,21793688100.0,21077981320.0,2179368810,2107798132,False
2022-10-24,9.65,-18.886315,2.515767,21030909016.5,20340251973.8,2179368810,2107798132,False
2022-10-25,9.62,-18.827601,2.507946,20965527952.2,20277018029.84,2179368810,2107798132,False
2022-10-26,9.86,-19.297313,2.570514,21488576466.6,20782889581.52,2179368810,2107798132,False
2022-10-27,9.99,-19.55174,2.604405,21771894411.9,21056903338.68,2179368810,2107798132,False
2022-10-28,9.67,-18.925458,2.520981,21074496392.7,20382407936.44,2179368810,2107798132,False
2022-10-31,10.11,-30.715924,2.618451,22033418669.1,21309839114.52,2179368810,2107798132,False
2022-11-01,11.06,-33.602188,2.864497,24103819038.6,23312247339.92,2179368810,2107798132,False
2022-11-02,11.26,-34.209823,2.916296,24539692800.6,23733806966.32,2179368810,2107798132,False
2022-11-03,11.15,-33.875624,2.887806,24299962231.5,23501949171.8,2179368810,2107798132,False
2022-11-04,11.68,-35.485855,3.025074,25455027700.8,24619082181.76,2179368810,2107798132,False
2022-11-07,11.53,-35.030129,2.986225,25128122379.3,24302912461.96,2179368810,2107798132,False
2022-11-08,11.36,-34.51364,2.942196,24757629681.6,23944586779.52,2179368810,2107798132,False
2022-11-09,11.48,-34.87822,2.973275,25019153938.8,24197522555.36,2179368810,2107798132,False
2022-11-10,11.59,-35.212419,3.001765,25258884507.9,24429380349.88,2179368810,2107798132,False
2022-11-11,11.74,-35.668145,3.040614,25585789829.4,24745550069.68,2179368810,2107798132,False
2022-11-14,11.65,-35.39471,3.017305,25389646636.5,24555848237.8,2179368810,2107798132,False
2022-11-15,12.22,-37.126468,3.164932,26631886858.2,25757293173.04,2179368810,2107798132,False
2022-11-16,12.4,-37.673339,3.211552,27024173244.0,26136696836.8,2179368810,2107798132,False
2022-11-17,12.67,-38.493646,3.281481,27612602822.7,26705802332.44,2179368810,2107798132,False
2022-11-18,12.62,-38.341737,3.268531,27503634382.2,26600412425.84,2179368810,2107798132,False
2022-11-21,12.03,-36.549215,3.115723,26217806784.3,25356811527.96,2179368810,2107798132,False
2022-11-22,11.77,-35.759291,3.048384,25651170893.7,24808784013.64,2179368810,2107798132,False
2022-11-23,12.14,-36.883414,3.144213,26457537353.4,25588669322.48,2179368810,2107798132,False
2022-11-24,11.78,-35.789672,3.050974,25672964581.8,24829861994.96,2179368810,2107798132,False
2022-11-25,11.87,-36.063108,3.074284,25869107774.7,25019563826.84,2179368810,2107798132,False
2022-11-28,12.3,-37.369522,3.185652,26806236363.0,25925917023.6,2179368810,2107798132,False
2022-11-29,13.19,-40.073495,3.416159,28745874603.9,27801857361.08,2179368810,2107798132,False
2022-11-30,13.36,-40.589985,3.460188,29116367301.6,28160183043.52,2179368810,2107798132,False
2022-12-01,13.57,-41.228001,3.514577,29574034751.7,28602820651.24,2179368810,2107798132,False
2022-12-02,13.89,-42.200216,3.597456,30271432770.9,29277316053.48,2179368810,2107798132,False
2022-12-05,14.16,-43.020523,3.667385,30859862349.6,29846421549.12,2179368810,2107798132,False
2022-12-06,14.14,-42.959759,3.662205,30816274973.4,29804265586.48,2179368810,2107798132,False
2022-12-07,14.3,-43.445867,3.703644,31164973983.0,30141513287.6,2179368810,2107798132,False
2022-12-08,14.85,-45.116862,3.846092,32363626828.5,31300802260.2,2179368810,2107798132,False
2022-12-09,14.9,-45.26877,3.859042,32472595269.0,31406192166.8,2179368810,2107798132,False
2022-12-12,14.73,-44.752281,3.815013,32102102571.3,31047866484.36,2179368810,2107798132,False
2022-12-13,14.81,-44.995335,3.835732,32276452076.1,31216490334.92,2179368810,2107798132,False
2022-12-14,15.11,-45.906787,3.913431,32930262719.1,31848829774.52,2179368810,2107798132,False
2022-12-15,14.54,-44.175028,3.765803,31688022497.4,30647384839.28,2179368810,2107798132,False
2022-12-16,14.52,-44.114265,3.760623,31644435121.2,30605228876.64,2179368810,2107798132,False
2022-12-19,13.93,-42.321743,3.607816,30358607523.3,29361627978.76,2179368810,2107798132,False
2022-12-20,13.51,-41.045711,3.499037,29443272623.1,28476352763.32,2179368810,2107798132,False
2022-12-21,13.85,-42.078689,3.587096,30184258018.5,29193004128.2,2179368810,2107798132,False
2022-12-22,13.97,-42.44327,3.618175,30445782275.7,29445939904.04,2179368810,2107798132,False
2022-12-23,13.98,-42.473652,3.620765,30467575963.8,29467017885.36,2179368810,2107798132,False
2022-12-26,14.24,-43.263577,3.688104,31034211854.4,30015045399.68,2179368810,2107798132,False
2022-12-27,14.11,-42.868614,3.654435,30750893909.1,29741031642.52,2179368810,2107798132,False
2022-12-28,14.18,-43.081286,3.672565,30903449725.8,29888577511.76,2179368810,2107798132,False
2022-12-29,13.92,-42.291361,3.605226,30336813835.2,29340549997.44,2179368810,2107798132,False
2022-12-30,14.0,-42.534415,3.625945,30511163340.0,29509173848.0,2179368810,2107798132,False
2023-01-03,14.01,-42.564797,3.628535,30532957028.1,29530251829.32,2179368810,2107798132,False
2023-01-04,14.05,-42.686324,3.638895,30620131780.5,29614563754.6,2179368810,2107798132,False
2023-01-05,14.12,-42.898996,3.657025,30772687597.2,29762109623.84,2179368810,2107798132,False
2023-01-06,13.6,-41.319146,3.522347,29639415816.0,28666054595.2,2179368810,2107798132,False
2023-01-09,13.97,-42.44327,3.618175,30445782275.7,29445939904.04,2179368810,2107798132,False
2023-01-10,14.19,-43.111668,3.675155,30925243413.9,29909655493.08,2179368810,2107798132,False
2023-01-11,13.9,-42.230598,3.600046,30293226459.0,29298394034.8,2179368810,2107798132,False
2023-01-12,13.76,-41.805254,3.563786,29988114825.6,29003302296.32,2179368810,2107798132,False
2023-01-13,14.22,-43.202813,3.682925,30990624478.2,29972889437.04,2179368810,2107798132,False
2023-01-16,14.51,-44.083883,3.758033,31622641433.1,30584150895.32,2179368810,2107798132,False
2023-01-17,14.12,-42.898996,3.657025,30772687597.2,29762109623.84,2179368810,2107798132,False
2023-01-18,14.47,-43.962356,3.747674,31535466680.7,30499838970.04,2179368810,2107798132,False
2023-01-19,15.0,-45.572588,3.884941,32690532150.0,31616971980.0,2179368810,2107798132,False
2023-01-20,14.94,-45.390297,3.869402,32559770021.4,31490504092.08,2179368810,2107798132,False
2023-01-30,14.07,-42.747087,3.644075,30663719156.7,29656719717.24,2179368810,2107798132,False
2023-01-31,14.1,-42.838232,3.651845,30729100221.0,29719953661.2,2179368810,2107798132,False
2023-02-01,14.07,-42.747087,3.644075,30663719156.7,29656719717.24,2179368810,2107798132,False
2023-02-02,13.93,-42.321743,3.607816,30358607523.3,29361627978.76,2179368810,2107798132,False
2023-02-03,13.78,-41.866017,3.568966,30031702201.8,29045458258.96,2179368810,2107798132,False
2023-02-06,13.86,-42.109071,3.589686,30206051706.6,29214082109.52,2179368810,2107798132,False
2023-02-07,13.64,-41.440673,3.532707,29726590568.4,28750366520.48,2179368810,2107798132,False
2023-02-08,13.4,-40.711512,3.470548,29203542054.0,28244494968.8,2179368810,2107798132,False
2023-02-09,13.51,-41.045711,3.499037,29443272623.1,28476352763.32,2179368810,2107798132,False
2023-02-10,13.71,-41.653345,3.550837,29879146385.1,28897912389.72,2179368810,2107798132,False
2023-02-13,14.2,-43.14205,3.677745,30947037102.0,29930733474.4,2179368810,2107798132,False
2023-02-14,14.15,-42.990141,3.664795,30838068661.5,29825343567.8,2179368810,2107798132,False
2023-02-15,13.94,-42.352125,3.610406,30380401211.4,29382705960.08,2179368810,2107798132,False
2023-02-16,13.92,-42.291361,3.605226,30336813835.2,29340549997.44,2179368810,2107798132,False
2023-02-17,13.8,-41.926781,3.574146,30075289578.0,29087614221.6,2179368810,2107798132,False
2023-02-20,13.88,-42.169835,3.594866,30249639082.8,29256238072.16,2179368810,2107798132,False
2023-02-21,13.74,-41.74449,3.558606,29944527449.4,28961146333.68,2179368810,2107798132,False
2023-02-22,13.52,-41.076092,3.501627,29465066311.2,28497430744.64,2179368810,2107798132,False
2023-02-23,13.4,-40.711512,3.470548,29203542054.0,28244494968.8,2179368810,2107798132,False
2023-02-24,13.5,-41.015329,3.496447,29421478935.0,28455274782.0,2179368810,2107798132,False
2023-02-27,13.42,-40.772275,3.475728,29247129430.2,28286650931.44,2179368810,2107798132,False
2023-02-28,13.52,-41.076092,3.501627,29465066311.2,28497430744.64,2179368810,2107798132,False
2023-03-01,13.49,-40.984947,3.493857,29399685246.9,28434196800.68,2179368810,2107798132,False
2023-03-02,13.43,-40.802657,3.478318,29268923118.3,28307728912.76,2179368810,2107798132,False
2023-03-03,13.46,-40.893802,3.486087,29334304182.6,28370962856.72,2179368810,2107798132,False
2023-03-06,13.35,-40.559603,3.457598,29094573613.5,28139105062.2,2179368810,2107798132,False
2023-03-07,13.0,-39.496243,3.366949,28331794530.0,27401375716.0,2179368810,2107798132,False
2023-03-08,13.32,-40.468458,3.449828,29029192549.2,28075871118.24,2179368810,2107798132,False
2023-03-09,13.24,-40.225404,3.429108,28854843044.4,27907247267.68,2179368810,2107798132,False
2023-03-10,13.09,-39.769678,3.390259,28527937722.9,27591077547.88,2179368810,2107798132,False
2023-03-13,13.14,-39.921587,3.403209,28636906163.4,27696467454.48,2179368810,2107798132,False
2023-03-14,12.8,-38.888608,3.31515,27895920768.0,26979816089.6,2179368810,2107798132,False
2023-03-15,12.9,-39.192425,3.34105,28113857649.0,27190595902.8,2179368810,2107798132,False
2023-03-16,12.86,-39.070899,3.33069,28026682896.6,27106283977.52,2179368810,2107798132,False
2023-03-17,13.0,-39.496243,3.366949,28331794530.0,27401375716.0,2179368810,2107798132,False
2023-03-20,13.33,-40.49884,3.452418,29050986237.3,28096949099.56,2179368810,2107798132,False
2023-03-21,13.63,-41.410291,3.530117,29704796880.3,28729288539.16,2179368810,2107798132,False
2023-03-22,13.78,-41.866017,3.568966,30031702201.8,29045458258.96,2179368810,2107798132,False
2023-03-23,13.9,-42.230598,3.600046,30293226459.0,29298394034.8,2179368810,2107798132,False
2023-03-24,14.2,-43.14205,3.677745,30947037102.0,29930733474.4,2179368810,2107798132,False
2023-03-27,14.2,-43.14205,3.677745,30947037102.0,29930733474.4,2179368810,2107798132,False
2023-03-28,14.08,-42.777469,3.646665,30685512844.8,29677797698.56,2179368810,2107798132,False
2023-03-29,14.12,-42.898996,3.657025,30772687597.2,29762109623.84,2179368810,2107798132,False
2023-03-30,14.0,-42.534415,3.625945,30511163340.0,29509173848.0,2179368810,2107798132,False
2023-03-31,14.3,-43.445867,3.703644,31164973983.0,30141513287.6,2179368810,2107798132,False
2023-04-03,14.49,-44.02312,3.752853,31579054056.9,30541994932.68,2179368810,2107798132,False
2023-04-04,14.32,-43.50663,3.708824,31208561359.2,30183669250.24,2179368810,2107798132,False
2023-04-06,13.93,-42.321743,3.607816,30358607523.3,29361627978.76,2179368810,2107798132,False
2023-04-07,14.46,-43.931975,3.745084,31513672992.6,30478760988.72,2179368810,2107798132,False
2023-04-10,14.19,-43.111668,3.675155,30925243413.9,29909655493.08,2179368810,2107798132,False
2023-04-11,14.69,-44.630754,3.804653,32014927818.9,30963554559.08,2179368810,2107798132,False
2023-04-12,15.0,-45.572588,3.884941,32690532150.0,31616971980.0,2179368810,2107798132,False
2023-04-13,14.9,-45.26877,3.859042,32472595269.0,31406192166.8,2179368810,2107798132,False
2023-04-14,14.74,-44.782663,3.817603,32123896259.4,31068944465.68,2179368810,2107798132,False
2023-04-17,14.34,-43.567394,3.714004,31252148735.4,30225825212.88,2179368810,2107798132,False
2023-04-18,14.31,-43.476249,3.706234,31186767671.1,30162591268.92,2179368810,2107798132,False
2023-04-19,14.57,-44.266174,3.773573,31753403561.7,30710618783.24,2179368810,2107798132,False
2023-04-20,14.23,-43.233195,3.685514,31012418166.3,29993967418.36,2179368810,2107798132,False
2023-04-21,13.57,-41.228001,3.514577,29574034751.7,28602820651.24,2179368810,2107798132,False
2023-04-24,13.55,-41.167238,3.509397,29530447375.5,28560664688.6,2179368810,2107798132,False
2023-04-25,13.41,-40.741893,3.473138,29225335742.1,28265572950.12,2179368810,2107798132,False
2023-04-26,13.03,-39.587388,3.374719,28397175594.3,27464609659.96,2179368810,2107798132,False
2023-04-27,12.97,-39.405098,3.359179,28266413465.7,27338141772.04,2179368810,2107798132,False
2023-04-28,14.27,-18.821247,4.233957,31099592918.7,30078279343.64,2179368810,2107798132,False
2023-05-04,15.1,-19.915966,4.480221,32908469031.0,31827751793.2,2179368810,2107798132,False
2023-05-05,14.9,-19.652178,4.42088,32472595269.0,31406192166.8,2179368810,2107798132,False
2023-05-08,14.9,-19.652178,4.42088,32472595269.0,31406192166.8,2179368810,2107798132,False
2023-05-09,14.99,-19.770883,4.447584,32668738461.9,31595893998.68,2179368810,2107798132,False
2023-05-10,14.7,-19.38839,4.36154,32036721507.0,30984632540.4,2179368810,2107798132,False
2023-05-11,15.58,-20.549056,4.622639,33954566059.8,32839494896.56,2179368810,2107798132,False
2023-05-12,14.66,-19.335633,4.349671,31949546754.6,30900320615.12,2179368810,2107798132,False
2023-05-15,14.16,-18.676164,4.20132,30859862349.6,29846421549.12,2179368810,2107798132,False
2023-05-16,13.63,-17.977127,4.044067,29704796880.3,28729288539.16,2179368810,2107798132,False
2023-05-17,13.52,-17.832043,4.01143,29465066311.2,28497430744.64,2179368810,2107798132,False
2023-05-18,13.45,-17.739718,3.99066,29312510494.5,28349884875.4,2179368810,2107798132,False
2023-05-19,13.18,-17.383605,3.91055,28724080915.8,27780779379.76,2179368810,2107798132,False
2023-05-22,13.08,-17.251711,3.88088,28506144034.8,27569999566.56,2179368810,2107798132,False
2023-05-23,12.85,-16.948355,3.812638,28004889208.5,27085205996.2,2179368810,2107798132,False
2023-05-24,12.63,-16.658189,3.747364,27525428070.3,26621490407.16,2179368810,2107798132,False
2023-05-25,12.33,-16.262507,3.658353,26871617427.3,25989150967.56,2179368810,2107798132,False
2023-05-26,12.34,-16.275696,3.66132,26893411115.4,26010228948.88,2179368810,2107798132,False
2023-05-29,12.15,-16.025098,3.604946,26479331041.5,25609747303.8,2179368810,2107798132,False
2023-05-30,12.21,-16.104235,3.622748,26610093170.1,25736215191.72,2179368810,2107798132,False
2023-05-31,12.29,-16.20975,3.646484,26784442674.9,25904839042.28,2179368810,2107798132,False
2023-06-01,12.36,-16.302075,3.667254,26936998491.6,26052384911.52,2179368810,2107798132,False
2023-06-02,12.35,-16.288886,3.664287,26915204803.5,26031306930.2,2179368810,2107798132,False
2023-06-05,12.54,-16.539484,3.72066,27329284877.4,26431788575.28,2179368810,2107798132,False
2023-06-06,12.26,-16.170181,3.637583,26719061610.6,25841605098.32,2179368810,2107798132,False
2023-06-07,12.73,-16.790082,3.777034,27743364951.3,26832270220.36,2179368810,2107798132,False
2023-06-08,12.38,-16.328454,3.673188,26980585867.8,26094540874.16,2179368810,2107798132,False
2023-06-09,12.49,-16.473537,3.705825,27220316436.9,26326398668.68,2179368810,2107798132,False
2023-06-12,12.35,-16.288886,3.664287,26915204803.5,26031306930.2,2179368810,2107798132,False
2023-06-13,12.44,-16.40759,3.69099,27111347996.4,26221008762.08,2179368810,2107798132,False
2023-06-14,12.43,-16.394401,3.688023,27089554308.3,26199930780.76,2179368810,2107798132,False
2023-06-15,12.54,-16.539484,3.72066,27329284877.4,26431788575.28,2179368810,2107798132,False
2023-06-16,12.57,-16.579052,3.729561,27394665941.7,26495022519.24,2179368810,2107798132,False
2023-06-19,12.46,-16.433969,3.696924,27154935372.6,26263164724.72,2179368810,2107798132,False
2023-06-20,12.34,-16.275696,3.66132,26893411115.4,26010228948.88,2179368810,2107798132,False
2023-06-21,11.77,-15.523902,3.492199,25651170893.7,24808784013.64,2179368810,2107798132,False
2023-06-26,11.69,-15.418387,3.468462,25476821388.9,24640160163.08,2179368810,2107798132,False
2023-06-27,12.86,-16.961544,3.815605,28026682896.6,27106283977.52,2179368810,2107798132,False
2023-06-28,12.72,-16.776893,3.774067,27721571263.2,26811192239.04,2179368810,2107798132,False
2023-06-29,12.6,-16.61862,3.738463,27460047006.0,26558256463.2,2179368810,2107798132,False
2023-06-30,12.54,-16.539484,3.72066,27329284877.4,26432297235.3,2179368810,2107838695,False
2023-07-03,13.07,-17.238521,3.877913,28484350346.7,27549451743.65,2179368810,2107838695,False
2023-07-04,13.15,-17.344036,3.901649,28658699851.5,27718078839.25,2179368810,2107838695,False
2023-07-05,12.95,-17.080249,3.842309,28222826089.5,27296511100.25,2179368810,2107838695,False
2023-07-06,12.95,-17.080249,3.842309,28222826089.5,27296511100.25,2179368810,2107838695,False
2023-07-07,13.41,-17.68696,3.978792,29225335742.1,28266116899.95,2179368810,2107838695,False
2023-07-10,14.06,-18.54427,4.171649,30641925468.6,29636212051.7,2179368810,2107838695,False
2023-07-11,13.84,-18.254104,4.106375,30162464330.4,29172487538.8,2179368810,2107838695,False
2023-07-12,13.91,-18.346429,4.127144,30315020147.1,29320036247.45,2179368810,2107838695,False
2023-07-13,14.64,-19.309254,4.343737,31905959378.4,30858758494.8,2179368810,2107838695,False
2023-07-14,14.63,-19.296065,4.34077,31884165690.3,30837680107.85,2179368810,2107838695,False
2023-07-17,14.5,-19.124603,4.302199,31600847745.0,30563661077.5,2179368810,2107838695,False
2023-07-18,14.68,-19.362012,4.355606,31993134130.8,30943072042.6,2179368810,2107838695,False
2023-07-19,14.47,-19.085035,4.293298,31535466680.7,30500425916.65,2179368810,2107838695,False
2023-07-20,14.53,-19.164171,4.3111,31666228809.3,30626896238.35,2179368810,2107838695,False
2023-07-21,14.54,-19.17736,4.314067,31688022497.4,30647974625.3,2179368810,2107838695,False
2023-07-24,14.03,-18.504702,4.162748,30576544404.3,29572976890.85,2179368810,2107838695,False
2023-07-25,13.89,-18.320051,4.12121,30271432770.9,29277879473.55,2179368810,2107838695,False
2023-07-26,13.92,-18.359619,4.130111,30336813835.2,29341114634.4,2179368810,2107838695,False
2023-07-27,13.76,-18.148589,4.082638,29988114825.6,29003860443.2,2179368810,2107838695,False
2023-07-28,13.92,-18.359619,4.130111,30336813835.2,29341114634.4,2179368810,2107838695,False
2023-07-31,14.46,-19.071845,4.290331,31513672992.6,30479347529.7,2179368810,2107838695,False
2023-08-01,14.21,-18.742111,4.216155,30968830790.1,29952387855.95,2179368810,2107838695,False
2023-08-02,13.94,-18.385997,4.136045,30380401211.4,29383271408.3,2179368810,2107838695,False
2023-08-03,13.93,-18.372808,4.133078,30358607523.3,29362193021.35,2179368810,2107838695,False
2023-08-04,14.1,-18.597028,4.183518,30729100221.0,29720525599.5,2179368810,2107838695,False
2023-08-07,14.85,-19.586231,4.406045,32363626828.5,31301404620.75,2179368810,2107838695,False
2023-08-08,14.76,-19.467527,4.379342,32167483635.6,31111699138.2,2179368810,2107838695,False
2023-08-09,14.33,-18.900383,4.251759,31230355047.3,30205328499.35,2179368810,2107838695,False
2023-08-10,14.29,-18.847626,4.239891,31143180294.9,30121014951.55,2179368810,2107838695,False
2023-08-11,13.94,-18.385997,4.136045,30380401211.4,29383271408.3,2179368810,2107838695,False
2023-08-14,13.92,-18.359619,4.130111,30336813835.2,29341114634.4,2179368810,2107838695,False
2023-08-15,13.53,-17.845233,4.014397,29486859999.3,28519057543.35,2179368810,2107838695,False
2023-08-16,13.56,-17.884801,4.023298,29552241063.6,28582292704.2,2179368810,2107838695,False
2023-08-17,13.72,-18.095831,4.07077,29900940073.2,28919546895.4,2179368810,2107838695,False
2023-08-18,13.48,-17.779286,3.999561,29377891558.8,28413665608.6,2179368810,2107838695,False
2023-08-21,13.45,-17.739718,3.99066,29312510494.5,28350430447.75,2179368810,2107838695,False
2023-08-22,13.62,-17.963937,4.0411,29683003192.2,28708763025.9,2179368810,2107838695,False
2023-08-23,13.31,-17.555066,3.949122,29007398861.1,28055333030.45,2179368810,2107838695,False
2023-08-24,13.87,-18.293672,4.115276,30227845394.7,29235722699.65,2179368810,2107838695,False
2023-08-25,13.45,-17.739718,3.99066,29312510494.5,28350430447.75,2179368810,2107838695,False
2023-08-28,13.71,-18.082642,4.067803,29879146385.1,28898468508.45,2179368810,2107838695,False
2023-08-29,14.15,-18.662974,4.198353,30838068661.5,29825917534.25,2179368810,2107838695,False
2023-08-30,13.68,-32.437918,3.941067,29813765320.8,28835233347.6,2179368810,2107838695,False
2023-08-31,13.45,-31.892544,3.874806,29312510494.5,28350430447.75,2179368810,2107838695,False
2023-09-01,13.5,-32.011103,3.88921,29421478935.0,28455822382.5,2179368810,2107838695,False
2023-09-04,13.85,-32.841021,3.990042,30184258018.5,29193565925.75,2179368810,2107838695,False
2023-09-05,13.43,-31.84512,3.869044,29268923118.3,28308273673.85,2179368810,2107838695,False
2023-09-06,13.32,-31.584289,3.837354,29029192549.2,28076411417.4,2179368810,2107838695,False
2023-09-07,13.1,-31.062626,3.773975,28549731411.0,27612686904.5,2179368810,2107838695,False
2023-09-08,13.11,-31.086338,3.776856,28571525099.1,27633765291.45,2179368810,2107838695,False
2023-09-11,13.35,-31.655424,3.845997,29094573613.5,28139646578.25,2179368810,2107838695,False
2023-09-12,13.35,-31.655424,3.845997,29094573613.5,28139646578.25,2179368810,2107838695,False
2023-09-13,13.25,-31.418305,3.817188,28876636732.5,27928862708.75,2179368810,2107838695,False
2023-09-14,13.27,-31.465729,3.82295,28920224108.7,27971019482.65,2179368810,2107838695,False
2023-09-15,13.51,-32.034815,3.892091,29443272623.1,28476900769.45,2179368810,2107838695,False
2023-09-18,13.68,-32.437918,3.941067,29813765320.8,28835233347.6,2179368810,2107838695,False
2023-09-19,13.48,-31.96368,3.883449,29377891558.8,28413665608.6,2179368810,2107838695,False
2023-09-20,13.37,-31.702848,3.851759,29138160989.7,28181803352.15,2179368810,2107838695,False
2023-09-21,13.34,-31.631713,3.843116,29072779925.4,28118568191.3,2179368810,2107838695,False
2023-09-22,13.55,-32.129663,3.903615,29530447375.5,28561214317.25,2179368810,2107838695,False
2023-09-25,13.74,-32.58019,3.958352,29944527449.4,28961703669.3,2179368810,2107838695,False
2023-09-26,13.74,-32.58019,3.958352,29944527449.4,28961703669.3,2179368810,2107838695,False
2023-09-27,13.57,-32.177087,3.909377,29574034751.7,28603371091.15,2179368810,2107838695,False
2023-09-28,13.48,-31.96368,3.883449,29377891558.8,28413665608.6,2179368810,2107838695,False
2023-10-09,12.13,-28.762569,3.494528,26435743665.3,25568083370.35,2179368810,2107838695,False
2023-10-10,12.52,-29.687334,3.606883,27285697501.2,26390140461.4,2179368810,2107838695,False
2023-10-11,12.52,-29.687334,3.606883,27285697501.2,26390140461.4,2179368810,2107838695,False
2023-10-12,12.43,-29.473927,3.580955,27089554308.3,26200434978.85,2179368810,2107838695,False
2023-10-13,12.34,-29.26052,3.555026,26893411115.4,26010729496.3,2179368810,2107838695,False
2023-10-16,12.21,-28.952265,3.517575,26610093170.1,25736710465.95,2179368810,2107838695,False
2023-10-17,12.19,-28.904841,3.511813,26566505793.9,25694553692.05,2179368810,2107838695,False
2023-10-18,12.05,-28.572874,3.47148,26261394160.5,25399456274.75,2179368810,2107838695,False
2023-10-19,12.08,-28.64401,3.480123,26326775224.8,25462691435.6,2179368810,2107838695,False
2023-10-20,12.0,-28.454314,3.457076,26152425720.0,25294064340.0,2179368810,2107838695,False
2023-10-23,11.8,-27.980076,3.399458,25716551958.0,24872496601.0,2179368810,2107838695,False
2023-10-24,11.9,-28.217195,3.428267,25934488839.0,25083280470.5,2179368810,2107838695,False
2023-10-25,11.94,-28.312043,3.439791,26021663591.4,25167594018.3,2179368810,2107838695,False
2023-10-26,12.1,-28.691433,3.485885,26370362601.0,25504848209.5,2179368810,2107838695,False
2023-10-27,12.29,-29.14196,3.540622,26784442674.9,25905337561.55,2179368810,2107838695,False
2023-10-30,12.45,-29.521351,3.586716,27133141684.5,26242591752.75,2179368810,2107838695,False
2023-10-31,12.48,-98.920231,3.365511,27198522748.8,26305826913.6,2179368810,2107838695,False
2023-11-01,12.55,-99.475072,3.384388,27351078565.5,26453375622.25,2179368810,2107838695,False
2023-11-02,12.54,-99.395809,3.381692,27329284877.4,26432297235.3,2179368810,2107838695,False
2023-11-03,12.61,-99.95065,3.400569,27481840694.1,26579845943.95,2179368810,2107838695,False
2023-11-06,12.84,-101.773699,3.462593,27983095520.4,27064648843.8,2179368810,2107838695,False
2023-11-07,12.74,-100.981069,3.435626,27765158639.4,26853864974.3,2179368810,2107838695,False
2023-11-08,12.8,-101.456647,3.451806,27895920768.0,26980335296.0,2179368810,2107838695,False
2023-11-09,12.59,-99.792124,3.395175,27438253317.9,26537689170.05,2179368810,2107838695,False
2023-11-10,12.44,-98.603179,3.354724,27111347996.4,26221513365.8,2179368810,2107838695,False
2023-11-13,12.64,-100.188439,3.408659,27547221758.4,26643081104.8,2179368810,2107838695,False
2023-11-14,12.6,-99.871387,3.397872,27460047006.0,26558767557.0,2179368810,2107838695,False
2023-11-15,12.58,-99.712861,3.392479,27416459629.8,26516610783.1,2179368810,2107838695,False
2023-11-16,12.54,-99.395809,3.381692,27329284877.4,26432297235.3,2179368810,2107838695,False
2023-11-17,12.56,-99.554335,3.387085,27372872253.6,26474454009.2,2179368810,2107838695,False
2023-11-20,12.63,-100.109176,3.405962,27525428070.3,26622002717.85,2179368810,2107838695,False
2023-11-21,12.74,-100.981069,3.435626,27765158639.4,26853864974.3,2179368810,2107838695,False
2023-11-22,12.69,-100.584754,3.422143,27656190198.9,26748473039.55,2179368810,2107838695,False
2023-11-23,12.75,-101.060332,3.438323,27786952327.5,26874943361.25,2179368810,2107838695,False
2023-11-24,12.74,-100.981069,3.435626,27765158639.4,26853864974.3,2179368810,2107838695,False
2023-11-27,12.57,-99.633598,3.389782,27394665941.7,26495532396.15,2179368810,2107838695,False
2023-11-28,12.59,-99.792124,3.395175,27438253317.9,26537689170.05,2179368810,2107838695,False
2023-11-29,12.46,-98.761705,3.360118,27154935372.6,26263670139.7,2179368810,2107838695,False
2023-11-30,12.51,-99.15802,3.373601,27263903813.1,26369062074.45,2179368810,2107838695,False
2023-12-01,12.66,-100.346965,3.414052,27590809134.6,26685237878.7,2179368810,2107838695,False
2023-12-04,12.71,-100.74328,3.427536,27699777575.1,26790629813.45,2179368810,2107838695,False
2023-12-05,12.45,-98.682442,3.357421,27133141684.5,26242591752.75,2179368810,2107838695,False
2023-12-13,13.7,-108.590318,3.694512,29857352697.0,28877390121.5,2179368810,2107838695,False
2023-12-14,13.3,-105.419797,3.586643,28985605173.0,28034254643.5,2179368810,2107838695,False
2023-12-15,13.54,-107.322109,3.651364,29508653687.4,28540135930.3,2179368810,2107838695,False
2023-12-18,13.29,-105.340534,3.583946,28963811484.9,28013176256.55,2179368810,2107838695,False
2023-12-19,13.4,-106.212427,3.61361,29203542054.0,28245038513.0,2179368810,2107838695,False
2023-12-20,12.97,-102.804118,3.497651,28266413465.7,27338667874.15,2179368810,2107838695,False
2023-12-21,13.01,-103.12117,3.508438,28353588218.1,27422981421.95,2179368810,2107838695,False
2023-12-22,12.6,-99.871387,3.397872,27460047006.0,26558767557.0,2179368810,2107838695,False
2023-12-25,12.59,-99.792124,3.395175,27438253317.9,26537689170.05,2179368810,2107838695,False
2023-12-26,12.37,-98.048338,3.335847,26958792179.7,26073964657.15,2179368810,2107838695,False
2023-12-27,12.39,-98.206864,3.341241,27002379555.9,26116121431.05,2179368810,2107838695,False
2023-12-28,12.6,-99.871387,3.397872,27460047006.0,26558767557.0,2179368810,2107838695,False
2023-12-29,13.02,-103.200433,3.511134,28375381906.2,27444059808.9,2179368810,2107838695,False
2024-01-02,13.22,-104.785693,3.565069,28811255668.2,27865627547.9,2179368810,2107838695,False
2024-01-03,13.39,-106.133164,3.610913,29181748365.9,28223960126.05,2179368810,2107838695,False
2024-01-04,13.3,-105.419797,3.586643,28985605173.0,28034254643.5,2179368810,2107838695,False
2024-01-05,13.24,-104.944219,3.570462,28854843044.4,27907784321.8,2179368810,2107838695,False
2024-01-08,12.67,-100.426228,3.416749,27612602822.7,26706316265.65,2179368810,2107838695,False
2024-01-09,12.78,-101.298121,3.446413,27852333391.8,26938178522.1,2179368810,2107838695,False
2024-01-10,12.47,-98.840968,3.362815,27176729060.7,26284748526.65,2179368810,2107838695,False
2024-01-11,12.65,-100.267702,3.411356,27569015446.5,26664159491.75,2179368810,2107838695,False
2024-01-12,12.54,-99.395809,3.381692,27329284877.4,26432297235.3,2179368810,2107838695,False
2024-01-15,12.72,-100.822543,3.430233,27721571263.2,26811708200.4,2179368810,2107838695,False
2024-01-16,12.75,-101.060332,3.438323,27786952327.5,26874943361.25,2179368810,2107838695,False
2024-01-17,12.39,-98.206864,3.341241,27002379555.9,26116121431.05,2179368810,2107838695,False
2024-01-18,12.23,-96.938656,3.298093,26653680546.3,25778867239.85,2179368810,2107838695,False
2024-01-19,12.31,-97.57276,3.319667,26828030051.1,25947494335.45,2179368810,2107838695,False
2024-01-22,11.5,-91.152456,3.101232,25062741315.0,24240144992.5,2179368810,2107838695,False
2024-01-23,11.65,-92.341401,3.141683,25389646636.5,24556320796.75,2179368810,2107838695,False
2024-01-24,11.85,-93.926662,3.195618,25825520398.5,24977888535.75,2179368810,2107838695,False
2024-01-25,12.13,-96.146026,3.271126,26435743665.3,25568083370.35,2179368810,2107838695,False
2024-01-26,12.12,-96.066763,3.268429,26413949977.2,25547004983.4,2179368810,2107838695,False
2024-01-29,11.97,-94.877818,3.227978,26087044655.7,25230829179.15,2179368810,2107838695,False
2024-01-30,11.52,-91.310982,3.106626,25106328691.2,24282301766.4,2179368810,2107838695,False
2024-01-31,11.07,-87.744147,2.985273,24125612726.7,23333774353.65,2179368810,2107838695,False
2024-02-01,10.81,-85.683309,2.915158,23558976836.1,22785736292.95,2179368810,2107838695,False
2024-02-02,10.56,-83.701734,2.84774,23014134633.6,22258776619.2,2179368810,2107838695,False
2024-02-05,10.02,-79.421532,2.702117,21837275476.2,21120543723.9,2179368810,2107838695,False
2024-02-06,10.93,-86.634465,2.947519,23820501093.3,23038676936.35,2179368810,2107838695,False
2024-02-07,11.71,-92.816979,3.157864,25520408765.1,24682791118.45,2179368810,2107838695,False
2024-02-08,11.98,-94.957081,3.230675,26108838343.8,25251907566.1,2179368810,2107838695,False
2024-02-19,11.8,-93.530347,3.182134,25716551958.0,24872496601.0,2179368810,2107838695,False
2024-02-20,11.75,-93.134032,3.16865,25607583517.5,24767104666.25,2179368810,2107838695,False
2024-02-21,11.63,-92.182875,3.13629,25346059260.3,24514164022.85,2179368810,2107838695,False
2024-02-22,11.66,-92.420664,3.14438,25411440324.6,24577399183.7,2179368810,2107838695,False
2024-02-23,11.8,-93.530347,3.182134,25716551958.0,24872496601.0,2179368810,2107838695,False
2024-02-26,11.7,-92.737716,3.155167,25498615077.0,24661712731.5,2179368810,2107838695,False
2024-02-27,11.94,-94.640029,3.219888,26021663591.4,25167594018.3,2179368810,2107838695,False
2024-02-28,11.61,-92.024349,3.130896,25302471884.1,24472007248.95,2179368810,2107838695,False
2024-02-29,11.95,-94.719292,3.222585,26043457279.5,25188672405.25,2179368810,2107838695,False
2024-03-01,12.32,-97.652023,3.322364,26849823739.2,25968572722.4,2179368810,2107838695,False
2024-03-04,12.89,-102.170014,3.476077,28092063960.9,27170040778.55,2179368810,2107838695,False
2024-03-05,13.03,-103.279696,3.513831,28397175594.3,27465138195.85,2179368810,2107838695,False
2024-03-06,12.82,-101.615173,3.4572,27939508144.2,27022492069.9,2179368810,2107838695,False
2024-03-07,12.62,-100.029913,3.403265,27503634382.2,26600924330.9,2179368810,2107838695,False
2024-03-08,12.8,-101.456647,3.451806,27895920768.0,26980335296.0,2179368810,2107838695,False
2024-03-11,13.21,-104.70643,3.562372,28789461980.1,27844549160.95,2179368810,2107838695,False
2024-03-12,13.08,-103.676011,3.527315,28506144034.8,27570530130.6,2179368810,2107838695,False
2024-03-13,13.28,-105.261271,3.581249,28942017796.8,27992097869.6,2179368810,2107838695,False
2024-03-14,13.45,-106.608742,3.627094,29312510494.5,28350430447.75,2179368810,2107838695,False
2024-03-15,13.85,-109.779263,3.734962,30184258018.5,29193565925.75,2179368810,2107838695,False
2024-03-18,15.16,-120.162716,4.088233,33039231159.6,31954834616.2,2179368810,2107838695,False
2024-03-19,15.67,-124.20513,4.225766,34150709252.7,33029832350.65,2179368810,2107838695,False
2024-03-20,15.77,-124.99776,4.252733,34368646133.7,33240616220.15,2179368810,2107838695,False
2024-03-21,15.84,-125.552601,4.271611,34521201950.4,33388164928.8,2179368810,2107838695,False
2024-03-22,16.1,-127.613439,4.341725,35087837841.0,33936202989.5,2179368810,2107838695,False
2024-03-25,15.32,-121.430924,4.131381,33387930169.2,32292088807.4,2179368810,2107838695,False
2024-03-26,15.62,-123.808815,4.212283,34041740812.2,32924440415.9,2179368810,2107838695,False
2024-03-27,15.35,-121.668713,4.139471,33453311233.5,32355323968.25,2179368810,2107838695,False
2024-03-28,15.23,-120.717557,4.10711,33191786976.3,32102383324.85,2179368810,2107838695,False
2024-03-29,15.29,-121.193135,4.123291,33322549104.9,32228853646.55,2179368810,2107838695,False
2024-04-01,15.58,-123.491763,4.201496,33954566059.8,32840126868.1,2179368810,2107838695,False
2024-04-02,15.15,-120.083453,4.085537,33017437471.5,31933756229.25,2179368810,2107838695,False
2024-04-03,15.08,-119.528612,4.06666,32864881654.8,31786207520.6,2179368810,2107838695,False
2024-04-08,15.17,-120.241979,4.09093,33061024847.7,31975913003.15,2179368810,2107838695,False
2024-04-09,15.31,-121.351661,4.128684,33366136481.1,32271010420.45,2179368810,2107838695,False
2024-04-10,15.08,-119.528612,4.06666,32864881654.8,31786207520.6,2179368810,2107838695,False
2024-04-11,14.92,-118.260404,4.023512,32516182645.2,31448953329.4,2179368810,2107838695,False
2024-04-12,14.83,-117.547037,3.999241,32320039452.3,31259247846.85,2179368810,2107838695,False
2024-04-15,14.76,-116.992196,3.980364,32167483635.6,31111699138.2,2179368810,2107838695,False
2024-04-16,14.27,-113.108309,3.848225,31099592918.7,30078858177.65,2179368810,2107838695,False
2024-04-17,14.56,-115.406936,3.92643,31731609873.6,30690131399.2,2179368810,2107838695,False
2024-04-18,14.87,-117.864089,4.010028,32407214204.7,31343561394.65,2179368810,2107838695,False
2024-04-19,14.94,-118.41893,4.028905,32559770021.4,31491110103.3,2179368810,2107838695,False
2024-04-22,14.76,-116.992196,3.980364,32167483635.6,31111699138.2,2179368810,2107838695,False
2024-04-23,14.87,-117.864089,4.010028,32407214204.7,31343561394.65,2179368810,2107838695,False
2024-04-24,14.5,-114.931358,3.91025,31600847745.0,30563661077.5,2179368810,2107838695,False
2024-04-25,14.41,-114.217991,3.885979,31404704552.1,30373955594.95,2179368810,2107838695,False
2024-04-26,15.36,-121.747977,4.142168,33475104921.6,32376402355.2,2179368810,2107838695,False
2024-04-29,15.52,-123.016185,4.185315,33823803931.2,32713656546.4,2179368810,2107838695,False
2024-04-30,14.63,34.563269,3.873963,31884165690.3,30837680107.85,2179368810,2107838695,False
2024-05-06,14.56,34.397895,3.855427,31731609873.6,30690131399.2,2179368810,2107838695,False
2024-05-07,14.13,33.382023,3.741565,30794481285.3,29783760760.35,2179368810,2107838695,False
2024-05-08,13.89,32.815025,3.678014,30271432770.9,29277879473.55,2179368810,2107838695,False
2024-05-09,14.07,33.240273,3.725677,30663719156.7,29657290438.65,2179368810,2107838695,False
2024-05-10,13.94,32.933149,3.691254,30380401211.4,29383271408.3,2179368810,2107838695,False
2024-05-13,13.94,32.933149,3.691254,30380401211.4,29383271408.3,2179368810,2107838695,False
2024-05-14,13.8,32.6024,3.654182,30075289578.0,29088173991.0,2179368810,2107838695,False
2024-05-15,13.67,32.295276,3.619759,29791971632.7,28814154960.65,2179368810,2107838695,False
2024-05-16,13.59,32.106277,3.598575,29617622127.9,28645527865.05,2179368810,2107838695,False
2024-05-17,13.71,32.389776,3.630351,29879146385.1,28898468508.45,2179368810,2107838695,False
2024-05-20,13.75,32.484276,3.640942,29966321137.5,28982782056.25,2179368810,2107838695,False
2024-05-21,13.95,32.956774,3.693902,30402194899.5,29404349795.25,2179368810,2107838695,False
2024-05-22,14.04,33.169399,3.717733,30598338092.4,29594055277.8,2179368810,2107838695,False
2024-05-23,13.62,32.177152,3.606519,29683003192.2,28708763025.9,2179368810,2107838695,False
2024-05-24,13.62,32.177152,3.606519,29683003192.2,28708763025.9,2179368810,2107838695,False
2024-05-27,13.55,32.011777,3.587983,29530447375.5,28561214317.25,2179368810,2107838695,False
2024-05-28,13.36,31.562903,3.537672,29116367301.6,28160724965.2,2179368810,2107838695,False
2024-05-29,13.31,31.444779,3.524432,29007398861.1,28055333030.45,2179368810,2107838695,False
2024-05-30,13.3,31.421154,3.521784,28985605173.0,28034254643.5,2179368810,2107838695,False
2024-05-31,13.13,31.01953,3.476769,28615112475.3,27675922065.35,2179368810,2107838695,False
2024-06-03,13.03,30.783281,3.450289,28397175594.3,27465138195.85,2179368810,2107838695,False
2024-06-04,13.1,30.948655,3.468825,28549731411.0,27612686904.5,2179368810,2107838695,False
2024-06-05,12.76,30.145408,3.378795,27808746015.6,26896021748.2,2179368810,2107838695,False
2024-06-06,12.64,29.861909,3.347019,27547221758.4,26643081104.8,2179368810,2107838695,False
2024-06-07,12.71,30.027283,3.365555,27699777575.1,26790629813.45,2179368810,2107838695,False
2024-06-11,12.64,29.861909,3.347019,27547221758.4,26643081104.8,2179368810,2107838695,False
2024-06-12,12.6,29.767409,3.336427,27460047006.0,26558767557.0,2179368810,2107838695,False
2024-06-13,12.5,29.53116,3.309948,27242110125.0,26347983687.5,2179368810,2107838695,False
2024-06-14,12.6,29.767409,3.336427,27460047006.0,26558767557.0,2179368810,2107838695,False
2024-06-17,12.87,30.405282,3.407922,28048476584.7,27127884004.65,2179368810,2107838695,False
2024-06-18,13.08,30.901405,3.463529,28506144034.8,27570530130.6,2179368810,2107838695,False
2024-06-19,12.85,30.358032,3.402626,28004889208.5,27085727230.75,2179368810,2107838695,False
2024-06-20,12.49,29.507535,3.3073,27220316436.9,26326905300.55,2179368810,2107838695,False
2024-06-21,12.6,29.767409,3.336427,27460047006.0,26558767557.0,2179368810,2107838695,False
2024-06-24,12.48,29.48391,3.304652,27198522748.8,26305826913.6,2179368810,2107838695,False
2024-06-25,12.55,29.649284,3.323187,27351078565.5,26453375622.25,2179368810,2107838695,False
2024-06-26,12.65,29.885534,3.349667,27569015446.5,26664159491.75,2179368810,2107838695,False
2024-06-27,12.15,28.704287,3.217269,26479331041.5,25610240144.25,2179368810,2107838695,False
2024-06-28,12.09,28.562538,3.201381,26348568912.9,25483769822.55,2179368810,2107838695,False
2024-07-01,12.27,28.987786,3.249045,26740855298.7,25827459713.34,2179368810,2104927442,False
2024-07-02,11.93,28.184539,3.159014,25999869903.3,25111784383.06,2179368810,2104927442,False
2024-07-03,11.95,28.231789,3.16431,26043457279.5,25153882931.9,2179368810,2104927442,False
2024-07-04,11.63,27.475791,3.079575,25346059260.3,24480306150.46,2179368810,2104927442,False
2024-07-05,11.81,27.90104,3.127239,25738345646.1,24859193090.02,2179368810,2104927442,False
2024-07-08,11.75,27.75929,3.111351,25607583517.5,24732897443.5,2179368810,2104927442,False
2024-07-09,11.93,28.184539,3.159014,25999869903.3,25111784383.06,2179368810,2104927442,False
2024-07-10,11.09,26.200045,2.936586,24169200102.9,23343645331.78,2179368810,2104927442,False
2024-07-11,11.16,26.365419,2.955121,24321755919.6,23490990252.72,2179368810,2104927442,False
2024-07-12,11.1,26.22367,2.939234,24190993791.0,23364694606.2,2179368810,2104927442,False
2024-07-15,11.53,27.239542,3.053096,25128122379.3,24269813406.26,2179368810,2104927442,False
2024-07-16,11.65,27.523041,3.084871,25389646636.5,24522404699.3,2179368810,2104927442,False
2024-07-17,11.56,27.310416,3.06104,25193503443.6,24332961229.52,2179368810,2104927442,False
2024-07-18,11.44,27.026917,3.029264,24931979186.4,24080369936.48,2179368810,2104927442,False
2024-07-19,11.49,27.145042,3.042504,25040947626.9,24185616308.58,2179368810,2104927442,False
2024-07-22,11.0,25.98742,2.912754,23973056910.0,23154201862.0,2179368810,2104927442,False
2024-07-23,10.66,25.184173,2.822723,23232071514.6,22438526531.72,2179368810,2104927442,False
2024-07-24,10.45,24.688049,2.767116,22774404064.5,21996491768.9,2179368810,2104927442,False
2024-07-25,10.59,25.018798,2.804188,23079515697.9,22291181610.78,2179368810,2104927442,False
2024-07-26,10.65,25.160548,2.820075,23210277826.5,22417477257.3,2179368810,2104927442,False
2024-07-29,10.37,24.49905,2.745933,22600054559.7,21828097573.54,2179368810,2104927442,False
2024-07-30,10.43,24.6408,2.76182,22730816688.3,21954393220.06,2179368810,2104927442,False
2024-07-31,11.15,26.341794,2.952473,24299962231.5,23469940978.3,2179368810,2104927442,False
2024-08-01,10.95,25.869296,2.899514,23864088469.5,23048955489.9,2179368810,2104927442,False
2024-08-02,10.8,25.514922,2.859795,23537183148.0,22733216373.6,2179368810,2104927442,False
2024-08-05,10.8,25.514922,2.859795,23537183148.0,22733216373.6,2179368810,2104927442,False
2024-08-06,11.03,26.058295,2.920698,24038437974.3,23217349685.26,2179368810,2104927442,False
2024-08-07,10.86,25.656672,2.875683,23667945276.6,22859512020.12,2179368810,2104927442,False
2024-08-08,11.06,26.12917,2.928642,24103819038.6,23280497508.52,2179368810,2104927442,False
2024-08-09,10.62,25.089673,2.812132,23144896762.2,22354329434.04,2179368810,2104927442,False
2024-08-12,10.45,24.688049,2.767116,22774404064.5,21996491768.9,2179368810,2104927442,False
2024-08-13,10.4,24.569925,2.753876,22665435624.0,21891245396.8,2179368810,2104927442,False
2024-08-14,10.38,24.522675,2.748581,22621848247.8,21849146847.96,2179368810,2104927442,False
2024-08-15,10.52,24.853424,2.785652,22926959881.2,22143836689.84,2179368810,2104927442,False
2024-08-16,10.22,24.144676,2.706213,22273149238.2,21512358457.24,2179368810,2104927442,False
2024-08-19,10.19,24.073801,2.698269,22207768173.9,21449210633.98,2179368810,2104927442,False
2024-08-20,10.04,23.719427,2.65855,21880862852.4,21133471517.68,2179368810,2104927442,False
2024-08-21,10.0,23.624928,2.647958,21793688100.0,21049274420.0,2179368810,2104927442,False
2024-08-22,9.76,23.057929,2.584407,21270639585.6,20544091833.92,2179368810,2104927442,False
2024-08-23,9.71,22.939805,2.571167,21161671145.1,20438845461.82,2179368810,2104927442,False
2024-08-26,9.68,22.86893,2.563223,21096290080.8,20375697638.56,2179368810,2104927442,False
2024-08-27,9.38,22.160182,2.483785,20442479437.8,19744219405.96,2179368810,2104927442,False
2024-08-28,9.43,22.278307,2.497025,20551447878.3,19849465778.06,2179368810,2104927442,False
2024-08-29,9.55,22.561806,2.5288,20812972135.5,20102057071.1,2179368810,2104927442,False
2024-08-30,9.82,23.199679,2.600295,21401401714.2,20670387480.44,2179368810,2104927442,False
2024-09-02,9.25,33.438778,2.496196,20159161492.5,19470578838.5,2179368810,2104927442,False
2024-09-03,9.28,33.547228,2.504292,20224542556.8,19533726661.76,2179368810,2104927442,False
2024-09-04,9.32,33.691829,2.515087,20311717309.2,19617923759.44,2179368810,2104927442,False
2024-09-05,9.45,34.161779,2.550168,20595035254.5,19891564326.9,2179368810,2104927442,False
2024-09-06,9.32,33.691829,2.515087,20311717309.2,19617923759.44,2179368810,2104927442,False
2024-09-09,9.39,33.944879,2.533977,20464273125.9,19765268680.38,2179368810,2104927442,False
2024-09-10,9.36,33.836429,2.525881,20398892061.6,19702120857.12,2179368810,2104927442,False
2024-09-11,9.31,33.655678,2.512388,20289923621.1,19596874485.02,2179368810,2104927442,False
2024-09-12,9.18,33.185728,2.477306,20006605675.8,19323233917.56,2179368810,2104927442,False
2024-09-13,9.14,33.041128,2.466512,19919430923.4,19239036819.88,2179368810,2104927442,False
2024-09-18,9.0,32.535028,2.428732,19614319290.0,18944346978.0,2179368810,2104927442,False
2024-09-19,9.18,33.185728,2.477306,20006605675.8,19323233917.56,2179368810,2104927442,False
2024-09-20,9.12,32.968828,2.461115,19875843547.2,19196938271.04,2179368810,2104927442,False
2024-09-23,9.13,33.004978,2.463813,19897637235.3,19217987545.46,2179368810,2104927442,False
2024-09-24,9.5,34.342529,2.563661,20704003695.0,19996810699.0,2179368810,2104927442,False
2024-09-25,9.61,34.740179,2.593346,20943734264.1,20228352717.62,2179368810,2104927442,False
2024-09-26,10.55,38.138282,2.847013,22992340945.5,22206984513.1,2179368810,2104927442,False
2024-09-27,11.47,41.464085,3.095283,24997360250.7,24143517759.74,2179368810,2104927442,False
2024-09-30,12.49,45.151388,3.37054,27220316436.9,26290543750.58,2179368810,2104927442,False
2024-10-08,12.35,44.645288,3.332759,26915204803.5,25995853908.7,2179368810,2104927442,False
2024-10-09,11.12,40.198834,3.000833,24234581167.2,23406793155.04,2179368810,2104927442,False
2024-10-10,11.02,39.837334,2.973847,24016644286.2,23196300410.84,2179368810,2104927442,False
2024-10-11,10.54,38.102132,2.844315,22970547257.4,22185935238.68,2179368810,2104927442,False
2024-10-14,10.55,38.138282,2.847013,22992340945.5,22206984513.1,2179368810,2104927442,False
2024-10-15,10.37,37.487582,2.798439,22600054559.7,21828097573.54,2179368810,2104927442,False
2024-10-16,10.44,37.740632,2.817329,22752610376.4,21975442494.48,2179368810,2104927442,False
2024-10-17,10.37,37.487582,2.798439,22600054559.7,21828097573.54,2179368810,2104927442,False
2024-10-18,10.63,38.427483,2.868602,23166690450.3,22375378708.46,2179368810,2104927442,False
2024-10-21,11.24,40.632634,3.033216,24496105424.4,23659384448.08,2179368810,2104927442,False
2024-10-22,11.49,41.536385,3.100681,25040947626.9,24185616308.58,2179368810,2104927442,False
2024-10-23,11.3,40.849535,3.049407,24626867553.0,23785680094.6,2179368810,2104927442,False
2024-10-24,11.16,40.343434,3.011627,24321755919.6,23490990252.72,2179368810,2104927442,False
2024-10-25,11.46,41.427935,3.092585,24975566562.6,24122468485.32,2179368810,2104927442,False
2024-10-28,11.75,42.476286,3.170844,25607583517.5,24732897443.5,2179368810,2104927442,False
2024-10-29,11.42,41.283335,3.081791,24888391810.2,24038271387.64,2179368810,2104927442,False
2024-10-30,11.84,42.801636,3.195131,25803726710.4,24922340913.28,2179368810,2104927442,False
2024-10-31,12.06,-772.770043,3.223189,26283187848.6,25385424950.52,2179368810,2104927442,False
2024-11-01,11.83,-758.032305,3.161719,25781933022.3,24901291638.86,2179368810,2104927442,False
2024-11-04,12.18,-780.459297,3.255261,26544712105.8,25638016243.56,2179368810,2104927442,False
2024-11-05,12.36,-791.993178,3.303368,26936998491.6,26016903183.12,2179368810,2104927442,False
2024-11-06,12.66,-811.216313,3.383547,27590809134.6,26648381415.72,2179368810,2104927442,False
2024-11-07,12.82,-821.468652,3.426309,27939508144.2,26985169806.44,2179368810,2104927442,False
2024-11-08,12.52,-802.245517,3.34613,27285697501.2,26353691573.84,2179368810,2104927442,False
2024-11-11,12.6,-807.371686,3.367511,27460047006.0,26522085769.2,2179368810,2104927442,False
2024-11-12,12.17,-779.818525,3.252588,26522918417.7,25616966969.14,2179368810,2104927442,False
2024-11-13,12.36,-791.993178,3.303368,26936998491.6,26016903183.12,2179368810,2104927442,False
2024-11-14,12.03,-770.847729,3.215171,26217806784.3,25322277127.26,2179368810,2104927442,False
2024-11-15,12.17,-779.818525,3.252588,26522918417.7,25616966969.14,2179368810,2104927442,False
2024-11-18,11.7,-749.70228,3.126974,25498615077.0,24627651071.4,2179368810,2104927442,False
2024-11-19,12.08,-774.051585,3.228534,26326775224.8,25427523499.36,2179368810,2104927442,False
2024-11-20,12.17,-779.818525,3.252588,26522918417.7,25616966969.14,2179368810,2104927442,False
2024-11-21,12.12,-776.61467,3.239225,26413949977.2,25511720597.04,2179368810,2104927442,False
2024-11-22,11.67,-747.779967,3.118957,25433234012.7,24564503248.14,2179368810,2104927442,False
2024-11-25,11.5,-736.886856,3.073522,25062741315.0,24206665583.0,2179368810,2104927442,False
2024-11-26,11.71,-750.343051,3.129647,25520408765.1,24648700345.82,2179368810,2104927442,False
2024-11-27,12.31,-788.789322,3.290005,26828030051.1,25911656811.02,2179368810,2104927442,False
2024-11-28,12.26,-785.585466,3.276642,26719061610.6,25806410438.92,2179368810,2104927442,False
2024-11-29,12.27,-786.226237,3.279314,26740855298.7,25827459713.34,2179368810,2104927442,False
2024-12-02,12.72,-815.06094,3.399583,27721571263.2,26774677062.24,2179368810,2104927442,False
2024-12-03,12.68,-812.497856,3.388892,27634396510.8,26690479964.56,2179368810,2104927442,False
2024-12-04,12.37,-792.633949,3.306041,26958792179.7,26037952457.54,2179368810,2104927442,False
2024-12-05,12.52,-802.245517,3.34613,27285697501.2,26353691573.84,2179368810,2104927442,False
2024-12-06,12.68,-812.497856,3.388892,27634396510.8,26690479964.56,2179368810,2104927442,False
2024-12-09,12.51,-801.604746,3.343457,27263903813.1,26332642299.42,2179368810,2104927442,False
2024-12-10,13.0,-833.002533,3.474416,28331794530.0,27364056746.0,2179368810,2104927442,False
2024-12-11,13.54,-867.604177,3.618738,29508653687.4,28500717564.68,2179368810,2104927442,False
2024-12-12,13.7,-877.856516,3.6615,29857352697.0,28837505955.4,2179368810,2104927442,False
2024-12-13,13.67,-875.934202,3.653482,29791971632.7,28774358132.14,2179368810,2104927442,False
2024-12-16,13.26,-849.662584,3.543904,28898430420.6,27911337880.92,2179368810,2104927442,False
2024-12-17,12.94,-829.157906,3.45838,28201032401.4,27237761099.48,2179368810,2104927442,False
2024-12-18,12.98,-831.720991,3.469071,28288207153.8,27321958197.16,2179368810,2104927442,False
2024-12-19,12.97,-831.08022,3.466398,28266413465.7,27300908922.74,2179368810,2104927442,False
2024-12-20,12.71,-814.420169,3.39691,27699777575.1,26753627787.82,2179368810,2104927442,False
2024-12-23,12.4,-794.556263,3.314058,27024173244.0,26101100280.8,2179368810,2104927442,False
2024-12-24,12.54,-803.527059,3.351475,27329284877.4,26395790122.68,2179368810,2104927442,False
2024-12-25,12.53,-802.886288,3.348803,27307491189.3,26374740848.26,2179368810,2104927442,False
2024-12-26,12.48,-799.682432,3.335439,27198522748.8,26269494476.16,2179368810,2104927442,False
2024-12-27,12.41,-795.197034,3.316731,27045966932.1,26122149555.22,2179368810,2104927442,False
2024-12-30,12.36,-791.993178,3.303368,26936998491.6,26016903183.12,2179368810,2104927442,False
2024-12-31,12.14,-777.896212,3.24457,26457537353.4,25589525957.3,2179368810,2107868695,False
2025-01-02,12.09,-774.692356,3.231207,26348568912.9,25484132522.55,2179368810,2107868695,False
2025-01-03,11.49,-736.246085,3.070849,25040947626.9,24219411305.55,2179368810,2107868695,False
2025-01-06,11.3,-724.071433,3.020069,24626867553.0,23818916253.5,2179368810,2107868695,False
2025-01-07,11.15,-714.459865,2.97998,24299962231.5,23502986824.25,2179368810,2107891195,False
2025-01-08,11.17,-715.741408,2.985325,24343549607.7,23545144648.15,2179368810,2107891195,False
2025-01-09,10.85,-695.23673,2.899801,23646151588.5,22870619465.75,2179368810,2107891195,False
2025-01-10,10.6,-679.21745,2.832985,23101309386.0,22343646667.0,2179368810,2107891195,False
2025-01-13,10.53,-674.732052,2.814277,22237029795.24,21484370509.29,2111778708,2040301093,False
2025-01-14,11.04,-707.411382,2.950581,23314036936.32,22524924066.72,2111778708,2040301093,False
2025-01-15,11.06,-686.713796,2.864252,23356272510.48,22565730088.58,2111778708,2040301093,False
2025-01-16,11.16,-692.922782,2.89015,23567450381.28,22769760197.88,2111778708,2040301093,False
2025-01-17,11.32,-702.857158,2.931586,23905334974.56,23096208372.76,2111778708,2040301093,False
2025-01-20,11.43,-709.687042,2.960073,24137630632.44,23320641492.99,2111778708,2040301093,False
2025-01-21,11.34,-704.098955,2.936765,23947570548.72,23137014394.62,2111778708,2040301093,False
2025-01-22,11.24,-697.88997,2.910868,23736392677.92,22932984285.32,2111778708,2040301093,False
2025-01-23,11.22,-696.648173,2.905688,23694157103.76,22892178263.46,2111778708,2040301093,False
2025-01-24,11.23,-697.269071,2.908278,23715274890.84,22912581274.39,2111778708,2040301093,False
2025-01-27,11.0,-682.988405,2.848714,23229565788.0,22443312023.0,2111778708,2040301093,False
2025-02-05,10.61,-658.773361,2.747714,22405972091.88,21647594596.73,2111778708,2040301093,False
2025-02-06,10.99,-682.367506,2.846124,23208448000.92,22422909012.07,2111778708,2040301093,False
2025-02-07,10.97,-681.125709,2.840945,23166212426.76,22382102990.21,2111778708,2040301093,False
2025-02-10,11.65,-723.346811,3.017047,24602221948.2,23769507733.45,2111778708,2040301093,False
2025-02-11,11.72,-727.6931,3.035175,24750046457.76,23912328809.96,2111778708,2040301093,False
2025-02-12,12.41,-770.5351,3.213867,26207173766.28,25320136564.13,2111778708,2040301093,False
2025-02-13,13.65,-847.52652,3.534995,28825779364.2,27850109919.45,2111778708,2040301093,False
2025-02-14,13.27,-823.932376,3.436585,28023303455.16,27074795504.11,2111778708,2040301093,False
2025-02-17,11.94,-741.352868,3.092149,25214637773.52,24361195050.42,2111778708,2040301093,False
2025-02-18,11.64,-722.725912,3.014457,24581104161.12,23749104722.52,2111778708,2040301093,False
2025-02-19,11.65,-723.346811,3.017047,24602221948.2,23769507733.45,2111778708,2040301093,False
2025-02-20,11.47,-712.170637,2.970432,24222101780.76,23402253536.71,2111778708,2040301093,False
2025-02-21,11.47,-712.170637,2.970432,24222101780.76,23402253536.71,2111778708,2040301093,False
2025-02-24,11.43,-709.687042,2.960073,24137630632.44,23320641492.99,2111778708,2040301093,False
2025-02-25,11.29,-700.994463,2.923816,23841981613.32,23034999339.97,2111778708,2040301093,False
2025-02-26,11.34,-704.098955,2.936765,23947570548.72,23137014394.62,2111778708,2040301093,False
2025-02-27,11.32,-702.857158,2.931586,23905334974.56,23096208372.76,2111778708,2040301093,False
2025-02-28,11.0,-682.988405,2.848714,23229565788.0,22443312023.0,2111778708,2040301093,False
2025-03-03,11.09,-688.576492,2.872022,23419625871.72,22626939121.37,2111778708,2040301093,False
2025-03-04,11.06,-686.713796,2.864252,23356272510.48,22565730088.58,2111778708,2040301093,False
2025-03-05,11.2,-695.406376,2.900509,23651921529.6,23356316816.0,2111778708,2085385430,False
2025-03-06,11.26,-699.131767,2.916047,23778628252.08,23481439941.8,2111778708,2085385430,False
2025-03-07,11.12,-690.439187,2.879791,23482979232.96,23189485981.6,2111778708,2085385430,False
2025-03-10,11.31,-702.23626,2.928996,23884217187.48,23585709213.3,2111778708,2085385430,False
2025-03-11,11.8,-732.660289,3.055893,24918988754.4,24607548074.0,2111778708,2085385430,False
2025-03-12,11.87,-737.006579,3.074021,25066813263.96,24753525054.1,2111778708,2085385430,False
2025-03-13,12.04,-747.561854,3.118047,25425815644.32,25108040577.2,2111778708,2085385430,False
2025-03-14,12.31,-764.326115,3.18797,25995995895.48,25671094643.3,2111778708,2085385430,False
2025-03-17,12.31,-764.326115,3.18797,25995995895.48,25671094643.3,2111778708,2085385430,False
2025-03-18,12.24,-759.979825,3.169842,25848171385.92,25525117663.2,2111778708,2085385430,False
2025-03-19,11.97,-743.215564,3.099919,25277991134.76,24962063597.1,2111778708,2085385430,False
2025-03-20,11.87,-737.006579,3.074021,25066813263.96,24753525054.1,2111778708,2085385430,False
2025-03-21,11.72,-727.6931,3.035175,24750046457.76,24440717239.6,2111778708,2085385430,False
2025-03-24,11.86,-736.38568,3.071432,25045695476.88,24732671199.8,2111778708,2085385430,False
2025-03-25,11.69,-725.830405,3.027406,24686693096.52,24378155676.7,2111778708,2085385430,False
2025-03-26,11.64,-722.725912,3.014457,24581104161.12,24273886405.2,2111778708,2085385430,False
2025-03-27,11.54,-716.516926,2.98856,24369926290.32,24065347862.2,2111778708,2085385430,False
2025-03-28,11.54,-716.516926,2.98856,24369926290.32,24065347862.2,2111778708,2085385430,False
2025-03-31,11.33,-703.478057,2.934175,23926452761.64,23627416921.9,2111778708,2085385430,False
2025-04-01,11.65,-723.346811,3.017047,24602221948.2,24294740259.5,2111778708,2085385430,False
2025-04-02,11.63,-722.105013,3.011868,24559986374.04,24253032550.9,2111778708,2085385430,False
2025-04-03,11.63,-722.105013,3.011868,24559986374.04,24253032550.9,2111778708,2085385430,False
2025-04-07,10.47,-650.080782,2.711458,22110323072.76,21833985452.1,2111778708,2085385430,False
2025-04-08,10.68,-663.119651,2.765842,22553796601.44,22271916392.4,2111778708,2085385430,False
2025-04-09,10.84,-673.054028,2.807278,22891681194.72,22605578061.2,2111778708,2085385430,False
2025-04-10,11.13,-691.060086,2.882381,23504097020.04,23210339835.9,2111778708,2085385430,False
2025-04-11,11.0,-682.988405,2.848714,23229565788.0,22939239730.0,2111778708,2085385430,False
2025-04-14,11.13,-691.060086,2.882381,23504097020.04,23210339835.9,2111778708,2085385430,False
2025-04-15,11.32,-702.857158,2.931586,23905334974.56,23606563067.6,2111778708,2085385430,False
2025-04-16,11.15,-692.301883,2.88756,23546332594.2,23252047544.5,2111778708,2085385430,False
2025-04-17,11.36,-705.340753,2.941945,23989806122.88,23689978484.8,2111778708,2085385430,False
2025-04-18,11.14,-691.680984,2.88497,23525214807.12,23231193690.2,2111778708,2085385430,False
2025-04-21,11.36,-705.340753,2.941945,23989806122.88,23689978484.8,2111778708,2085385430,False
2025-04-22,11.23,-697.269071,2.908278,23715274890.84,23418878378.9,2111778708,2085385430,False
2025-04-23,11.17,-693.54368,2.892739,23588568168.36,23293755253.1,2111778708,2085385430,False
2025-04-24,11.12,-690.439187,2.879791,23482979232.96,23189485981.6,2111778708,2085385430,False
2025-04-25,11.51,-714.654231,2.980791,24306572929.08,24002786299.3,2111778708,2085385430,False
2025-04-28,11.57,-718.379622,2.996329,24433279651.56,24127909425.1,2111778708,2085385430,False
2025-04-29,11.16,-54.071639,3.058726,23567450381.28,23272901398.8,2111778708,2085385430,False
2025-04-30,11.25,-54.5077,3.083393,23757510465.0,23460586087.5,2111778708,2085385430,False
2025-05-06,11.21,-54.313895,3.07243,23673039316.68,23377170670.3,2111778708,2085385430,False
2025-05-07,11.11,-53.829382,3.045022,23461861445.88,23168632127.3,2111778708,2085385430,False
2025-05-08,10.82,-52.424295,2.965539,22849445620.56,22563870352.6,2111778708,2085385430,False
2025-05-09,10.66,-51.649074,2.921686,22511561027.28,22230208683.8,2111778708,2085385430,False
2025-05-12,10.76,-52.133587,2.949094,22722738898.08,22438747226.8,2111778708,2085385430,False
2025-05-13,10.78,-52.23049,2.954576,22764974472.24,22480454935.4,2111778708,2085385430,False
2025-05-14,10.78,-52.23049,2.954576,22764974472.24,22480454935.4,2111778708,2085385430,False
2025-05-15,10.64,-51.552172,2.916205,22469325453.12,22188500975.2,2111778708,2085385430,False
2025-05-16,10.68,-51.745977,2.927168,22553796601.44,22271916392.4,2111778708,2085385430,False
2025-05-19,10.71,-51.891331,2.93539,22617149962.68,22334477955.3,2111778708,2085385430,False
2025-05-20,10.83,-52.472746,2.96828,22870563407.64,22584724206.9,2111778708,2085385430,False
2025-05-21,10.81,-52.375844,2.962798,22828327833.48,22543016498.3,2111778708,2085385430,False
2025-05-22,10.72,-51.939782,2.938131,22638267749.76,22355331809.6,2111778708,2085385430,False
2025-05-23,10.95,-53.054162,3.001169,23123976852.6,22834970458.5,2111778708,2085385430,False
2025-05-26,10.99,-53.247967,3.012132,23208448000.92,22918385875.7,2111778708,2085385430,False
2025-05-27,11.28,-54.653054,3.091615,23820863826.24,23523147650.4,2111778708,2085385430,False
2025-05-28,10.99,-53.247967,3.012132,23208448000.92,22918385875.7,2111778708,2085385430,False
2025-05-29,11.06,-53.587126,3.031318,23356272510.48,23064362855.8,2111778708,2085385430,False
2025-05-30,10.94,-53.005711,2.998428,23102859065.52,22814116604.2,2111778708,2085385430,False
2025-06-03,11.03,-53.441772,3.023096,23292919149.24,23001801292.9,2111778708,2085385430,False
2025-06-04,11.22,-54.362347,3.075171,23694157103.76,23398024524.6,2111778708,2085385430,False
2025-06-05,11.24,-54.459249,3.080652,23736392677.92,23439732233.2,2111778708,2085385430,False
2025-06-06,11.27,-54.604603,3.088875,23799746039.16,23502293796.1,2111778708,2085385430,False
2025-06-09,11.63,-56.348849,3.187543,24559986374.04,24253032550.9,2111778708,2085385430,False
2025-06-10,11.72,-56.784911,3.21221,24750046457.76,24440717239.6,2111778708,2085385430,False
2025-06-11,11.61,-56.251947,3.182062,24517750799.88,24211324842.3,2111778708,2085385430,False
2025-06-12,11.68,-56.591106,3.201247,24665575309.44,24357301822.4,2111778708,2085385430,False
2025-06-13,11.27,-54.604603,3.088875,23799746039.16,23502293796.1,2111778708,2085385430,False
2025-06-16,11.67,-56.542655,3.198506,24644457522.36,24336447968.1,2111778708,2085385430,False
2025-06-17,11.47,-55.573629,3.14369,24222101780.76,23919370882.1,2111778708,2085385430,False
2025-06-18,11.33,-54.895311,3.105319,23926452761.64,23628200810.61,2111778708,2085454617,False
2025-06-19,11.36,-55.040665,3.113542,23989806122.88,23690764449.12,2111778708,2085454617,False
2025-06-20,11.21,-54.313895,3.07243,23673039316.68,23377946256.57,2111778708,2085454617,False
2025-06-23,11.18,-54.168541,3.064207,23609685955.44,23315382618.06,2111778708,2085454617,False
2025-06-24,11.36,-55.040665,3.113542,23989806122.88,23690764449.12,2111778708,2085454617,False
2025-06-25,11.46,-55.525178,3.14095,24200983993.68,23899309910.82,2111778708,2085454617,False
2025-06-26,11.4,-55.23447,3.124505,24074277271.2,23774182633.8,2111778708,2085454617,False
2025-06-27,11.3,-54.749957,3.097097,23863099400.4,23565637172.1,2111778708,2085454617,False
2025-06-30,11.43,-55.379824,3.132727,24137630632.44,23836746272.31,2111778708,2085454617,False
2025-07-01,11.52,-55.815885,3.157394,24327690716.16,24024437187.84,2111778708,2085454617,False
2025-07-02,11.45,-55.476726,3.138209,24179866206.6,23878455364.65,2111778708,2085454617,False
2025-07-03,11.44,-55.428275,3.135468,24158748419.52,23857600818.48,2111778708,2085454617,False
2025-07-04,11.31,-54.798408,3.099838,23884217187.48,23586491718.27,2111778708,2085454617,False
2025-07-07,11.25,-54.5077,3.083393,23757510465.0,23461364441.25,2111778708,2085454617,False
2025-07-08,11.35,-54.992213,3.110801,23968688335.8,23669909902.95,2111778708,2085454617,False
2025-07-09,11.46,-55.525178,3.14095,24200983993.68,23899309910.82,2111778708,2085454617,False
2025-07-10,11.56,-56.00969,3.168358,24412161864.48,24107855372.52,2111778708,2085454617,False
2025-07-11,11.61,-56.251947,3.182062,24517750799.88,24212128103.37,2111778708,2085454617,False
2025-07-14,11.47,-55.573629,3.14369,24222101780.76,23920164456.99,2111778708,2085454617,False
2025-07-15,11.25,-54.5077,3.083393,23757510465.0,23461364441.25,2111778708,2085454617,False
2025-07-16,11.56,-56.00969,3.168358,24412161864.48,24107855372.52,2111778708,2085454617,False
2025-07-17,11.65,-56.445752,3.193025,24602221948.2,24295546288.05,2111778708,2085454617,False
2025-07-18,11.71,-56.73646,3.209469,24728928670.68,24420673565.07,2111778708,2085454617,False
2025-07-21,11.58,-56.106593,3.173839,24454397438.64,24149564464.86,2111778708,2085454617,False
2025-07-22,11.62,-56.300398,3.184802,24538868586.96,24232982649.54,2111778708,2085454617,False
2025-07-23,11.59,-56.155044,3.17658,24475515225.72,24170419011.03,2111778708,2085454617,False
2025-07-24,11.85,-57.414778,3.247841,25024577689.8,24712637211.45,2111778708,2085454617,False
2025-07-25,11.89,-57.608583,3.258804,25109048838.12,24796055396.13,2111778708,2085454617,False
2025-07-28,12.18,-59.01367,3.338287,25721464663.44,25400837235.06,2111778708,2085454617,False
2025-07-29,11.87,-57.51168,3.253322,25066813263.96,24754346303.79,2111778708,2085454617,False
2025-07-30,11.99,-58.093096,3.286212,25320226708.92,25004600857.83,2111778708,2085454617,False
2025-07-31,11.7,-56.688009,3.206729,24707810883.6,24399819018.9,2111778708,2085454617,False
2025-08-01,11.7,-56.688009,3.206729,24707810883.6,24399819018.9,2111778708,2085454617,False
2025-08-04,11.56,-56.00969,3.168358,24412161864.48,24107855372.52,2111778708,2085454617,False
2025-08-05,11.53,-55.864337,3.160135,24348808503.24,24045291734.01,2111778708,2085454617,False
2025-08-06,11.5,-55.718983,3.151913,24285455142.0,23982728095.5,2111778708,2085454617,False
2025-08-07,11.48,-55.62208,3.146431,24243219567.84,23941019003.16,2111778708,2085454617,False
2025-08-08,11.49,-55.670531,3.149172,24264337354.92,23961873549.33,2111778708,2085454617,False
2025-08-11,11.45,-55.476726,3.138209,24179866206.6,23878455364.65,2111778708,2085454617,False
2025-08-12,11.38,-55.137567,3.119023,24032041697.04,23732473541.46,2111778708,2085454617,False
2025-08-13,11.35,-54.992213,3.110801,23968688335.8,23669909902.95,2111778708,2085454617,False
2025-08-14,11.21,-54.313895,3.07243,23673039316.68,23377946256.57,2111778708,2085454617,False
2025-08-15,11.3,-54.749957,3.097097,23863099400.4,23565637172.1,2111778708,2085454617,False
2025-08-18,11.48,-55.62208,3.146431,24243219567.84,23941019003.16,2111778708,2085454617,False
2025-08-19,11.37,-55.089116,3.116282,24010923909.96,23711618995.29,2111778708,2085454617,False
2025-08-20,11.41,-55.282921,3.127246,24095395058.28,23795037179.97,2111778708,2085454617,False
2025-08-21,11.42,-55.331372,3.129986,24116512845.36,23815891726.14,2111778708,2085454617,False
2025-08-22,11.5,-55.718983,3.151913,24285455142.0,23982728095.5,2111778708,2085454617,False
2025-08-25,11.66,-56.494203,3.195765,24623339735.28,24316400834.22,2111778708,2085454617,False
2025-08-26,11.8,-57.172521,3.234137,24918988754.4,24608364480.6,2111778708,2085454617,False
2025-08-27,11.63,-56.348849,3.187543,24559986374.04,24253837195.71,2111778708,2085454617,False
2025-08-28,11.8,-48.140897,3.319288,24918988754.4,24608364480.6,2111778708,2085454617,False
2025-08-29,11.72,-47.814518,3.296785,24750046457.76,24441528111.24,2111778708,2085454617,False
2025-09-01,11.64,-47.488139,3.274281,24581104161.12,24274691741.88,2111778708,2085454617,False
2025-09-02,11.29,-46.060231,3.175828,23841981613.32,23544782625.93,2111778708,2085454617,False
2025-09-03,11.17,-45.570663,3.142072,23588568168.36,23294528071.89,2111778708,2085454617,False
2025-09-04,11.15,-45.489068,3.136446,23546332594.2,23252818979.55,2111778708,2085454617,False
2025-09-05,11.66,-47.569734,3.279907,24623339735.28,24316400834.22,2111778708,2085454617,False
2025-09-08,11.85,-48.344884,3.333353,25024577689.8,24712637211.45,2111778708,2085454617,False
2025-09-09,11.79,-48.1001,3.316475,24897870967.32,24587509934.43,2111778708,2085454617,False
2025-09-10,11.86,-48.385681,3.336166,25045695476.88,24733491757.62,2111778708,2085454617,False
2025-09-11,11.83,-48.263289,3.327727,24982342115.64,24670928119.11,2111778708,2085454617,False
2025-09-12,11.94,-48.71206,3.35867,25214637773.52,24900328126.98,2111778708,2085454617,False
2025-09-15,12.32,-50.26236,3.465562,26017113682.56,25692800881.44,2111778708,2085454617,False
2025-09-16,12.1,-49.364818,3.403677,25552522366.8,25234000865.7,2111778708,2085454617,False
2025-09-17,12.02,-49.038439,3.381173,25383580070.16,25067164496.34,2111778708,2085454617,False
2025-09-18,11.65,-47.528936,3.277094,24602221948.2,24295546288.05,2111778708,2085454617,False
2025-09-19,12.82,-52.302229,3.60621,27073003036.56,26735528189.94,2111778708,2085454617,False
2025-09-22,12.33,-50.303158,3.468375,26038231469.64,25713655427.61,2111778708,2085454617,False
2025-09-23,12.27,-50.058373,3.451497,25911524747.16,25588528150.59,2111778708,2085454617,False
2025-09-24,12.2,-49.772792,3.431807,25763700237.6,25442546327.4,2111778708,2085454617,False
2025-09-25,12.44,-50.751929,3.499318,26270527127.52,25943055435.48,2111778708,2085454617,False
2025-09-26,12.21,-49.813589,3.43462,25784818024.68,25463400873.57,2111778708,2085454617,False
2025-09-29,12.29,-50.139968,3.457123,25953760321.32,25630237242.93,2111778708,2085454617,False
2025-09-30,12.31,-50.221563,3.462749,25995995895.48,25671946335.27,2111778708,2085454617,False
2025-10-09,11.33,-46.223421,3.187079,23926452761.64,23628200810.61,2111778708,2085454617,False
2025-10-10,11.32,-46.182623,3.184266,23905334974.56,23607346264.44,2111778708,2085454617,False
2025-10-13,11.06,-45.121892,3.11113,23356272510.48,23065128064.02,2111778708,2085454617,False
2025-10-14,10.92,-44.550728,3.071748,23060623491.36,22773164417.64,2111778708,2085454617,False
2025-10-15,11.04,-45.040297,3.105504,23314036936.32,23023418971.68,2111778708,2085454617,False
2025-10-16,10.92,-44.550728,3.071748,23060623491.36,22773164417.64,2111778708,2085454617,False
2025-10-17,10.67,-43.530794,3.001424,22532678814.36,22251800763.39,2111778708,2085454617,False
2025-10-20,10.75,-43.857173,3.023928,22701621111.0,22418637132.75,2111778708,2085454617,False
2025-10-21,10.78,-43.979565,3.032367,22764974472.24,22481200771.26,2111778708,2085454617,False
2025-10-22,10.83,-44.183552,3.046432,22870563407.64,22585473502.11,2111778708,2085454617,False
2025-10-23,10.91,-44.509931,3.068935,23039505704.28,22752309871.47,2111778708,2085454617,False
2025-10-24,10.96,-44.713918,3.083,23145094639.68,22856582602.32,2111778708,2085454617,False
2025-10-27,10.89,-44.428336,3.063309,22997270130.12,22710600779.13,2111778708,2085454617,False
2025-10-28,10.88,-44.387539,3.060496,22976152343.04,22689746232.96,2111778708,2085454617,False
2025-10-29,10.97,-44.754715,3.085813,23166212426.76,22877437148.49,2111778708,2085454617,False
2025-10-30,10.85,-44.265147,3.052057,22912798981.8,22627182594.45,2111778708,2085454617,False
2025-10-31,11.04,-58.232738,3.035815,23314036936.32,23023418971.68,2111778708,2085454617,False
2025-11-03,11.19,-59.023944,3.077062,23630803742.52,23336237164.23,2111778708,2085454617,False
2025-11-04,11.17,-58.91845,3.071563,23588568168.36,23294528071.89,2111778708,2085454617,False
2025-11-05,11.34,-59.81515,3.11831,23947570548.72,23649055356.78,2111778708,2085454617,False
2025-11-06,11.22,-59.182185,3.085312,23694157103.76,23398800802.74,2111778708,2085454617,False
2025-11-07,11.44,-60.34262,3.145808,24158748419.52,23857600818.48,2111778708,2085454617,False
2025-11-10,11.54,-60.870091,3.173307,24369926290.32,24066146280.18,2111778708,2085454617,False
2025-11-11,11.61,-61.23932,3.192555,24517750799.88,24212128103.37,2111778708,2085454617,False
2025-11-12,11.54,-60.870091,3.173307,24369926290.32,24066146280.18,2111778708,2085454617,False
2025-11-13,11.68,-61.608549,3.211804,24665575309.44,24358109926.56,2111778708,2085454617,False
2025-11-14,11.58,-61.081079,3.184306,24454397438.64,24149564464.86,2111778708,2085454617,False
2025-11-17,11.76,-62.030526,3.233803,24834517606.08,24524946295.92,2111778708,2085454617,False
2025-11-18,11.65,-61.450308,3.203555,24602221948.2,24295546288.05,2111778708,2085454617,False
2025-11-19,11.49,-60.606355,3.159557,24264337354.92,23961873549.33,2111778708,2085454617,False
2025-11-20,11.3,-59.604161,3.107311,23863099400.4,23565637172.1,2111778708,2085454617,False
2025-11-21,11.06,-58.338232,3.041315,23356272510.48,23065128064.02,2111778708,2085454617,False
2025-11-24,11.42,-60.237126,3.140309,24116512845.36,23815891726.14,2111778708,2085454617,False
2025-11-25,11.47,-60.500861,3.154058,24222101780.76,23920164456.99,2111778708,2085454617,False
2025-11-26,11.34,-59.81515,3.11831,23947570548.72,23649055356.78,2111778708,2085454617,False
2025-11-27,11.21,-59.129438,3.082562,23673039316.68,23377946256.57,2111778708,2085454617,False
2025-11-28,11.45,-60.395367,3.148558,24179866206.6,23878455364.65,2111778708,2085454617,False
2025-12-01,11.42,-60.237126,3.140309,24116512845.36,23815891726.14,2111778708,2085454617,False
2025-12-02,11.21,-59.129438,3.082562,23673039316.68,23377946256.57,2111778708,2085454617,False
2025-12-03,11.15,-58.812956,3.066063,23546332594.2,23252818979.55,2111778708,2085454617,False
2025-12-04,11.12,-58.654715,3.057814,23482979232.96,23190255341.04,2111778708,2085454617,False
2025-12-05,11.18,-58.971197,3.074313,23609685955.44,23315382618.06,2111778708,2085454617,False
2025-12-08,11.15,-58.812956,3.066063,23546332594.2,23252818979.55,2111778708,2085454617,False
2025-12-09,11.18,-58.971197,3.074313,23609685955.44,23315382618.06,2111778708,2085454617,False
2025-12-10,11.49,-60.606355,3.159557,24264337354.92,23961873549.33,2111778708,2085454617,False
2025-12-11,11.36,-59.920644,3.12381,23989806122.88,23690764449.12,2111778708,2085454617,False
2025-12-12,11.49,-60.606355,3.159557,24264337354.92,23961873549.33,2111778708,2085454617,False
2025-12-15,11.31,-59.656908,3.11006,23884217187.48,23586491718.27,2111778708,2085454617,False
2025-12-16,11.03,-58.179991,3.033065,23292919149.24,23002564425.51,2111778708,2085454617,False
2025-12-17,11.31,-59.656908,3.11006,23884217187.48,23586491718.27,2111778708,2085454617,False
2025-12-18,11.41,-60.184379,3.137559,24095395058.28,23795037179.97,2111778708,2085454617,False
2025-12-19,11.64,-61.397561,3.200805,24581104161.12,24274691741.88,2111778708,2085454617,False
2025-12-22,11.26,-59.393173,3.096311,23778628252.08,23482218987.42,2111778708,2085454617,False
2025-12-23,11.14,-58.760209,3.063313,23525214807.12,23231964433.38,2111778708,2085454617,False
2025-12-24,11.16,-58.865703,3.068813,23567450381.28,23273673525.72,2111778708,2085454617,False
2025-12-25,11.12,-58.654715,3.057814,23482979232.96,23190255341.04,2111778708,2085454617,False
2025-12-26,11.08,-58.443726,3.046814,23398508084.64,23106837156.36,2111778708,2085454617,False
2025-12-29,11.03,-58.179991,3.033065,23292919149.24,23002564425.51,2111778708,2085454617,False
2025-12-30,11.28,-59.498667,3.101811,23820863826.24,23523928079.76,2111778708,2085454617,False
2025-12-31,11.32,-59.709656,3.11281,23905334974.56,23607346264.44,2111778708,2085454617,False
2026-01-05,11.41,-60.184379,3.137559,24095395058.28,23795037179.97,2111778708,2085454617,False
2026-01-06,11.41,-60.184379,3.137559,24095395058.28,23795037179.97,2111778708,2085454617,False
2026-01-07,11.36,-59.920644,3.12381,23989806122.88,23690764449.12,2111778708,2085454617,False
2026-01-08,11.39,-60.078885,3.132059,24053159484.12,23753328087.63,2111778708,2085454617,False
2026-01-09,11.45,-60.395367,3.148558,24179866206.6,23878455364.65,2111778708,2085454617,False
2026-01-12,11.59,-61.133826,3.187056,24475515225.72,24170419011.03,2111778708,2085454617,False
2026-01-13,11.63,-61.344814,3.198055,24559986374.04,24253837195.71,2111778708,2085454617,False
2026-01-14,11.59,-61.133826,3.187056,24475515225.72,24170419011.03,2111778708,2085454617,False
2026-01-15,11.5,-60.659102,3.162307,24285455142.0,23982728095.5,2111778708,2085454617,False
2026-01-16,11.23,-59.234932,3.088062,23715274890.84,23419655348.91,2111778708,2085454617,False
2026-01-19,11.36,-59.920644,3.12381,23989806122.88,23690764449.12,2111778708,2085454617,False
2026-01-20,11.26,-59.393173,3.096311,23778628252.08,23482218987.42,2111778708,2085454617,False
2026-01-21,11.31,-59.656908,3.11006,23884217187.48,23586491718.27,2111778708,2085454617,False
2026-01-22,11.37,-59.973391,3.126559,24010923909.96,23876004533.76,2111778708,2099912448,False
2026-01-23,11.62,-61.292067,3.195305,24538868586.96,24400982645.76,2111778708,2099912448,False
2026-01-26,11.75,-61.977778,3.231053,24813399819.0,24673971264.0,2111778708,2099912448,False
2026-01-27,11.71,-61.76679,3.220054,24728928670.68,24589974766.08,2111778708,2099912448,False
2026-01-28,11.53,-60.817343,3.170557,24348808503.24,24211990525.44,2111778708,2099912448,False
2026-01-29,11.63,-61.344814,3.198055,24559986374.04,24421981770.24,2111778708,2099912448,False
2026-01-30,11.84,-62.452502,3.255802,25003459902.72,24862963384.32,2111778708,2099912448,False
2026-02-02,11.76,-62.030526,3.233803,24834517606.08,24694970388.48,2111778708,2099912448,False
2026-02-03,11.95,-63.032719,3.28605,25235755560.6,25093953753.6,2111778708,2099912448,False
2026-02-04,11.74,-61.925031,3.228303,24792282031.92,24652972139.52,2111778708,2099912448,False
2026-02-05,12.07,-63.665684,3.319048,25489169005.56,25345943247.36,2111778708,2099912448,False
2026-02-06,12.56,-66.250289,3.453789,26523940572.48,26374900346.88,2111778708,2099912448,False
2026-02-09,12.61,-66.514024,3.467539,26629529507.88,26479895969.28,2111778708,2099912448,False
2026-02-10,13.87,-73.160152,3.814017,29290370679.96,29125785653.76,2111778708,2099912448,False
2026-02-11,12.48,-65.828313,3.431791,26354998275.84,26206907351.04,2111778708,2099912448,False
2026-02-12,12.2,-64.351396,3.354795,25763700237.6,25618931865.6,2111778708,2099912448,False
2026-02-13,12.49,-65.88106,3.434541,26376116062.92,26227906475.52,2111778708,2099912448,False
2026-02-24,11.24,-59.287679,3.090812,23736392677.92,23603015915.52,2111778708,2099912448,False
2026-02-25,11.13,-58.707462,3.060563,23504097020.04,23372025546.24,2111778708,2099912448,False
2026-02-26,10.92,-57.599774,3.002817,23060623491.36,22931043932.16,2111778708,2099912448,False
2026-02-27,10.94,-57.705268,3.008317,23102859065.52,22973042181.12,2111778708,2099912448,False
2026-03-02,10.61,-55.964615,2.917572,22405972091.88,22280071073.28,2111778708,2099912448,False
2026-03-03,10.26,-54.118469,2.821328,21666849544.08,21545101716.48,2111778708,2099912448,False
2026-03-04,10.22,-53.90748,2.810329,21582378395.76,21461105218.56,2111778708,2099912448,False
2026-03-05,10.19,-53.749239,2.802079,21519025034.52,21398107845.12,2111778708,2099912448,False
2026-03-06,10.28,-54.223963,2.826828,21709085118.24,21587099965.44,2111778708,2099912448,False
2026-03-09,10.16,-53.590998,2.79383,21455671673.28,21335110471.68,2111778708,2099912448,False
2026-03-10,10.23,-53.960228,2.813079,21603496182.84,21482104343.04,2111778708,2099912448,False
2026-03-11,10.15,-53.538251,2.79108,21434553886.2,21314111347.2,2111778708,2099912448,False
2026-03-12,10.07,-53.116275,2.769081,21265611589.56,21146118351.36,2111778708,2099912448,False
2026-03-13,10.03,-52.905287,2.758082,21181140441.24,21062121853.44,2111778708,2099912448,False
2026-03-16,10.09,-53.221769,2.774581,21307847163.72,21188116600.32,2111778708,2099912448,False
2026-03-17,10.03,-52.905287,2.758082,21181140441.24,21062121853.44,2111778708,2099912448,False
2026-03-18,10.01,-52.799793,2.752582,21138904867.08,21020123604.48,2111778708,2099912448,False
2026-03-19,9.79,-51.639358,2.692086,20674313551.32,20558142865.92,2111778708,2099912448,False
2026-03-20,9.58,-50.53167,2.634339,20230840022.64,20117161251.84,2111778708,2099912448,False
2026-03-23,9.48,-50.004199,2.606841,20019662151.84,19907170007.04,2111778708,2099912448,False
2026-03-24,9.66,-50.953646,2.656338,20399782319.28,20285154247.68,2111778708,2099912448,False
2026-03-25,9.69,-51.111887,2.664588,20463135680.52,20348151621.12,2111778708,2099912448,False
2026-03-26,9.45,-49.845958,2.598592,19956308790.6,19844172633.6,2111778708,2099912448,False
2026-03-27,9.5,-50.109693,2.612341,20061897726.0,19949168256.0,2111778708,2099912448,False
2026-03-30,9.83,-51.850346,2.703085,20758784699.64,20642139363.84,2111778708,2099912448,False
2026-03-31,9.77,-51.533863,2.686586,20632077977.16,20516144616.96,2111778708,2099912448,False
2026-04-01,9.87,-52.061334,2.714085,20843255847.96,20726135861.76,2111778708,2099912448,False
2026-04-02,9.69,-51.111887,2.664588,20463135680.52,20348151621.12,2111778708,2099912448,False
2026-04-03,9.51,-50.16244,2.615091,20083015513.08,19970167380.48,2111778708,2099912448,False
2026-04-07,9.65,-50.900899,2.653588,20378664532.2,20264155123.2,2111778708,2099912448,False
2026-04-08,9.94,-52.430563,2.733333,20991080357.52,20873129733.12,2111778708,2099912448,False
2026-04-09,9.83,-51.850346,2.703085,20758784699.64,20642139363.84,2111778708,2099912448,False
2026-04-10,9.9,-52.219575,2.722334,20906609209.2,20789133235.2,2111778708,2099912448,False
2026-04-13,9.91,-52.272322,2.725084,20927726996.28,20810132359.68,2111778708,2099912448,False
2026-04-14,9.92,-52.325069,2.727834,20948844783.36,20831131484.16,2111778708,2099912448,False
2026-04-15,9.84,-51.903093,2.705835,20779902486.72,20663138488.32,2111778708,2099912448,False
2026-04-16,9.93,-52.377816,2.730584,20969962570.44,20852130608.64,2111778708,2099912448,False
2026-04-17,10.07,-53.116275,2.769081,21265611589.56,21146118351.36,2111778708,2099912448,False
2026-04-20,10.3,-54.329457,2.832327,21751320692.4,21629098214.4,2111778708,2099912448,False
2026-04-21,10.37,-54.698686,2.851576,21899145201.96,21776092085.76,2111778708,2099912448,False
2026-04-22,10.1,-53.274516,2.777331,21328964950.8,21209115724.8,2111778708,2099912448,False
2026-04-23,10.15,-53.538251,2.79108,21434553886.2,21314111347.2,2111778708,2099912448,False
2026-04-24,10.05,-53.010781,2.763582,21223376015.4,21104120102.4,2111778708,2099912448,False
2026-04-27,9.93,,2.7532,20969962570.0,20852130609.0,2111778708,2099912447,False
2026-04-28,9.72,,2.6949,20526489042.0,20411148995.0,2111778708,2099912447,False
2026-04-29,9.85,,2.731,20801020274.0,20684137613.0,2111778708,2099912447,False
2026-04-30,10.11,,2.8031,21350082738.0,21230114849.0,2111778708,2099912447,False
2026-05-06,9.74,,2.7005,20568724616.0,20453147244.0,2111778708,2099912447,False
2026-05-07,9.66,,2.6783,20399782319.0,20285154248.0,2111778708,2099912447,False
2026-05-08,9.64,,2.6728,20357546745.0,20243155999.0,2111778708,2099912447,False
2026-05-11,9.55,,2.6478,20167486661.0,20054163878.0,2111778708,2099912447,False
2026-05-12,9.41,,2.609,19871837642.0,19760176136.0,2111778708,2099912447,False
2026-05-13,9.42,,2.6118,19892955429.0,19781175260.0,2111778708,2099912447,False
2026-05-14,9.08,,2.5175,19174950669.0,19067205028.0,2111778708,2099912447,False
2026-05-15,9.08,,2.5175,19174950669.0,19067205028.0,2111778708,2099912447,False
2026-05-18,9.43,,2.6145,19914073216.0,19802174385.0,2111778708,2099912447,False
2026-05-19,9.57,,2.6534,20209722236.0,20096162127.0,2111778708,2099912447,False
2026-05-20,9.4,,2.6062,19850719855.0,19739177011.0,2111778708,2099912447,False
2026-05-21,9.31,,2.5813,19660659771.0,19550184891.0,2111778708,2099912447,False
2026-05-22,9.19,,2.548,19407246327.0,19298195397.0,2111778708,2099912447,False
2026-05-25,9.27,,2.5702,19576188623.0,19466188393.0,2111778708,2099912447,False
2026-05-26,9.3,,2.5785,19639541984.0,19529185766.0,2111778708,2099912447,False
2026-05-27,9.21,,2.5535,19449481901.0,19340193646.0,2111778708,2099912447,False
2026-05-28,8.88,,2.462,18752594927.0,18647222538.0,2111778708,2099912447,False
2026-05-29,9.21,,2.5535,19449481901.0,19340193646.0,2111778708,2099912447,False
2026-06-01,9.39,,2.6034,19829602068.0,19718177887.0,2111778708,2099912447,False
2026-06-02,9.15,,2.5369,19322775178.0,19214198899.0,2111778708,2099912447,False
2026-06-03,8.98,,2.4898,18963772798.0,18857213783.0,2111778708,2099912447,False
2026-06-04,8.97,,2.487,18942655011.0,18836214659.0,2111778708,2099912447,False
2026-06-05,8.9,,2.4676,18794830501.0,18689220787.0,2111778708,2099912447,False
2026-06-08,8.58,,2.3789,18119061315.0,18017248804.0,2111778708,2099912447,False
2026-06-09,8.51,,2.3595,17971236805.0,17870254932.0,2111778708,2099912447,False
2026-06-10,8.52,,2.3622,17992354592.0,17891254057.0,2111778708,2099912447,False
2026-06-11,8.19,,2.2707,17295467619.0,17198282949.0,2111778708,2099912447,False
2026-06-12,8.35,,2.3151,17633352212.0,17534268941.0,2111778708,2099912447,False
2026-06-15,8.46,,2.3456,17865647802.0,17765258904.0,2111778708,2099912447,False
2026-06-16,8.48,,2.3511,17907883376.0,17807257152.0,2111778708,2099912447,False
2026-06-17,8.04,,2.2291,16978700748.0,16883295696.0,2111778708,2099912447,False
2026-06-18,7.97,,2.2097,16830876239.0,16736301828.0,2111778708,2099912447,False
2026-06-22,8.04,,2.2291,16978700748.0,16883295696.0,2111778708,2099912447,False
2026-06-23,8.23,,2.2818,17379938701.0,17282279052.0,2111778708,2099912447,False
2026-06-24,8.25,-76.04,2.29,17422000000.0,17324000000.0,2111778708,2099912448,False
2026-06-25,8.74,-80.55,2.42,18457000000.0,18353000000.0,2111778708,2099912448,False
2026-06-26,8.87,-81.75,2.46,18731000000.0,18626000000.0,2111778708,2099912448,False
2026-06-29,9.43,-86.91,2.61,19914000000.0,19802000000.0,2111778708,2099912448,False
2026-06-30,9.6,-88.48,2.66,20273000000.0,20159000000.0,2111778708,2099912448,False
2026-07-01,9.52,-87.74,2.64,20104000000.0,19991000000.0,2111778708,2099912448,False
2026-07-02,9.59,-88.39,2.66,20252000000.0,20138000000.0,2111778708,2099912448,False
2026-07-03,9.79,-90.23,2.71,20674000000.0,20558000000.0,2111778708,2099912448,False
2026-07-06,9.35,-86.17,2.59,19745000000.0,19634000000.0,2111778708,2099912448,False
2026-07-07,9.91,-91.33,2.75,20928000000.0,20810000000.0,2111778708,2099912448,False
2026-07-08,9.92,-91.43,2.75,20949000000.0,20831000000.0,2111778708,2099912448,False
2026-07-09,9.68,-89.21,2.68,20442000000.0,20327000000.0,2111778708,2099912448,False
2026-07-10,10.43,-96.13,2.89,22026000000.0,21902000000.0,2111778708,2099912448,False
2026-07-13,9.39,-86.54,2.6,19830000000.0,19718000000.0,2111778708,2099912448,False
2026-07-14,8.53,-78.62,2.37,18013000000.0,17912000000.0,2111778708,2099912448,False
2026-07-15,9.38,-86.45,2.6,19808000000.0,19697000000.0,2111778708,2099912448,False
2026-07-16,10.32,-95.11,2.86,21794000000.0,21671000000.0,2111778708,2099912448,False
2026-07-17,10.09,-92.99,2.8,21308000000.0,21188000000.0,2111778708,2099912448,False
2026-07-20,9.08,-83.69,2.52,19175000000.0,19067000000.0,2111778708,2099912448,False
2026-07-21,9.19,-84.7,2.55,19407000000.0,19298000000.0,2111778708,2099912448,False
2026-07-22,9.1,-83.87,2.52,19217000000.0,19109000000.0,2111778708,2099912448,False
2026-07-23,9.08,-83.69,2.52,19175000000.0,19067000000.0,2111778708,2099912448,False
2026-07-24,8.86,-81.66,2.46,18710000000.0,18605000000.0,2111778708,2099912448,False
2026-07-27,8.97,-82.67,2.49,18943000000.0,18836000000.0,2111778708,2099912448,False
2026-07-28,8.67,-79.91,2.4,18309000000.0,18206000000.0,2111778708,2099912448,False
2026-07-29,8.72,-80.37,2.42,18415000000.0,18311000000.0,2111778708,2099912448,False
2026-07-30,8.53,-78.62,2.37,18013000000.0,17912000000.0,2111778708,2099912448,False
2026-07-31,8.69,-80.09,2.41,18351000000.0,18248000000.0,2111778708,2099912448,False
2026-08-03,8.6,-79.26,2.38,18161000000.0,18059000000.0,2111778708,2099912448,False
2026-08-04,8.81,-81.2,2.44,18605000000.0,18500000000.0,2111778708,2099912448,False
2026-08-05,8.9,-82.03,2.47,18795000000.0,18689000000.0,2111778708,2099912448,False
2026-08-06,8.95,-82.49,2.48,18900000000.0,18794000000.0,2111778708,2099912448,False
2026-08-07,9.03,-83.22,2.5,19069000000.0,18962000000.0,2111778708,2099912448,False
2026-08-10,9.93,-91.52,2.75,20970000000.0,20852000000.0,2111778708,2099912448,False
2026-08-11,10.12,-93.27,2.81,21371000000.0,21251000000.0,2111778708,2099912448,False
2026-08-12,10.78,-99.35,2.99,22765000000.0,22637000000.0,2111778708,2099912448,False
2026-08-13,10.23,-94.28,2.84,21603000000.0,21482000000.0,2111778708,2099912448,False
2026-08-14,9.59,-88.39,2.66,20252000000.0,20138000000.0,2111778708,2099912448,False
2026-08-17,8.79,-81.01,2.44,18563000000.0,18458000000.0,2111778708,2099912448,False
2026-08-18,8.81,-81.2,2.44,18605000000.0,18500000000.0,2111778708,2099912448,False
2026-08-19,8.46,-77.97,2.35,17866000000.0,17765000000.0,2111778708,2099912448,False
2026-08-20,8.5,-78.34,2.36,17950000000.0,17849000000.0,2111778708,2099912448,False
2026-08-21,8.41,-77.51,2.33,17760000000.0,17660000000.0,2111778708,2099912448,False
2026-08-24,8.21,-75.67,2.28,17338000000.0,17240000000.0,2111778708,2099912448,False
2026-08-25,8.31,-76.59,2.3,17549000000.0,17450000000.0,2111778708,2099912448,False
2026-08-26,8.41,-100.49,2.47,17760000000.0,17660000000.0,2111778708,2099912448,False
2026-08-27,8.38,-100.14,2.46,17697000000.0,17597000000.0,2111778708,2099912448,False
2026-08-28,8.38,-100.14,2.46,17697000000.0,17597000000.0,2111778708,2099912448,False
