date,close,pe_ttm,pb,total_mv,float_mv,total_share,float_share,is_st
2020-01-02,40.77,60.480286,7.741495,6877087542.763,4687495850.414,236459150,161173066,False
2020-01-03,40.33,59.827567,7.657947,6802868300.212,4636907227.059,236459150,161173066,False
2020-01-06,40.29,59.768229,7.650351,6796121096.343,4632308261.3,236459150,161173066,False
2020-01-07,40.3,59.783064,7.65225,6797807897.311,4633458002.74,236459150,161173066,False
2020-01-08,39.12,58.032592,7.428189,6598765383.196,4497788512.833,236459150,161173066,False
2020-01-09,41.13,61.014328,7.809852,6937812377.578,4728886542.25,236459150,161173066,False
2020-01-10,41.45,61.489032,7.870615,6991790008.524,4765678268.327,236459150,161173066,False
2020-01-13,42.97,63.743877,8.159235,7248183755.519,4940438967.189,236459150,161173066,False
2020-01-14,42.07,62.408772,7.988341,7096371668.483,4836962237.6,236459150,161173066,False
2020-01-15,42.56,63.135663,8.081384,7179024915.869,4893299568.154,236459150,161173066,False
2020-01-16,42.46,62.987317,8.062395,7162156906.199,4881802153.755,236459150,161173066,False
2020-01-17,45.4,67.348663,8.620649,7658076390.519,5219826137.082,236459150,161173066,False
2020-01-20,49.27,73.089617,9.355493,8310868364.776,5664776074.317,236459150,161173066,False
2020-01-21,49.85,73.950018,9.465624,8408702820.867,5731461077.831,236459150,161173066,False
2020-01-22,54.84,81.352437,10.413136,9250416503.437,6305182056.334,236459150,161173066,False
2020-01-23,51.9,76.991092,9.854883,8754497019.117,5967158073.007,236459150,161173066,False
2020-02-03,46.71,69.291983,8.869395,7879047317.205,5370442265.707,236459150,161173066,False
2020-02-04,49.85,73.950018,9.465624,8408702820.867,5731461077.831,236459150,161173066,False
2020-02-05,52.41,77.747652,9.951723,8840523868.438,6025794886.442,236459150,161173066,False
2020-02-06,57.36,85.090733,10.891639,9675490347.14,6594916899.185,236459150,161173066,False
2020-02-07,62.95,93.383223,11.95308,10618412087.734,7237622364.081,236459150,161173066,False
2020-02-10,61.86,91.766261,11.746109,10434550782.323,7112300547.134,236459150,161173066,False
2020-02-11,61.79,91.66242,11.732817,10422743175.554,7104252357.054,236459150,161173066,False
2020-02-12,62.11,92.137124,11.793579,10476720806.5,7141044083.131,236459150,161173066,False
2020-02-13,58.9,87.375247,11.184058,9935257696.069,6771977080.927,236459150,161173066,False
2020-02-14,59.1,87.671937,11.222034,9968993715.411,6794971909.725,236459150,161173066,False
2020-02-17,65.0,96.424297,12.342339,10964206285.985,7473319359.258,236459150,161173066,False
2020-02-18,66.66,98.886825,12.657543,11244215246.519,7664176438.279,236459150,161173066,False
2020-02-19,63.27,98.886825,12.657543,10672389718.681,7274414090.158,236459150,161173066,False
2020-02-20,65.25,96.795159,12.389809,11006376310.162,7502062895.255,236459150,161173066,False
2020-02-21,68.9,102.209754,13.082879,11622058663.144,7921718520.813,236459150,161173066,False
2020-02-24,75.79,112.43073,14.391167,12784264529.458,8713890372.895,236459150,161173066,False
2020-02-25,80.19,118.957913,15.226648,13526456954.971,9219776606.444,236459150,161173066,False
2020-02-26,72.17,107.060638,13.703794,12173642579.377,8297683971.656,236459150,161173066,False
2020-02-27,72.3,107.253487,13.728478,12195570991.949,8312630610.374,236459150,161173066,False
2020-02-28,66.92,74.336641,12.706912,11288072071.663,7694069715.716,236459150,161173066,False
2020-03-02,73.6,81.756975,13.975325,12414855117.669,8462096997.56,236459150,161173066,False
2020-03-03,70.73,78.568898,13.430363,11930743240.118,8132121204.312,236459150,161173066,False
2020-03-04,68.16,75.714068,12.942366,11497235391.58,7836637654.262,236459150,161173066,False
2020-03-05,67.6,75.092004,12.836032,11402774537.424,7772252133.628,236459150,161173066,False
2020-03-06,67.94,75.469686,12.900592,11460125770.305,7811343342.584,236459150,161173066,False
2020-03-09,67.92,75.44747,12.896795,11456752168.371,7809043859.704,236459150,161173066,False
2020-03-10,73.1,81.201561,13.880384,12330515069.315,8404609925.565,236459150,161173066,False
2020-03-11,68.39,75.969559,12.986039,11536031813.823,7863081707.379,236459150,161173066,False
2020-03-12,65.02,72.226067,12.346136,10967579887.919,7475618842.138,236459150,161173066,False
2020-03-13,63.05,70.037735,11.972069,10635280097.405,7249119778.48,236459150,161173066,False
2020-03-16,56.75,63.039516,10.775811,9572595488.148,6524782671.352,236459150,161173066,False
2020-03-17,57.4,63.761554,10.899235,9682237551.008,6599515864.945,236459150,161173066,False
2020-03-18,57.54,63.91707,10.925818,9705852764.547,6615612245.103,236459150,161173066,False
2020-03-19,62.18,69.071314,11.806871,10488528413.27,7149092273.21,236459150,161173066,False
2020-03-20,63.03,70.015518,11.968271,10631906495.471,7246820295.6,236459150,161173066,False
2020-03-23,61.03,67.793861,11.588507,10294546302.056,7016872007.623,236459150,161173066,False
2020-03-24,61.8,68.649199,11.734716,10424429976.521,7105402098.494,236459150,161173066,False
2020-03-25,63.18,70.182143,11.996753,10657208509.977,7264066417.199,236459150,161173066,False
2020-03-26,61.18,67.960486,11.616989,10319848316.562,7034118129.221,236459150,161173066,False
2020-03-27,60.53,67.238447,11.493566,10210206253.702,6959384935.629,236459150,161173066,False
2020-03-30,57.93,64.350293,10.999872,9771638002.263,6660452161.258,236459150,161173066,False
2020-03-31,58.35,64.816841,11.079623,9842483642.88,6708741301.734,236459150,161173066,False
2020-04-01,59.43,66.016536,11.284695,10024658147.324,6832913377.241,236459150,161173066,False
2020-04-02,63.16,70.159926,11.992956,10653834908.043,7261766934.319,236459150,161173066,False
2020-04-03,63.2,70.204359,12.000551,10660582111.911,7266365900.078,236459150,161173066,False
2020-04-07,64.0,71.093022,12.152457,10795526189.277,7358345215.269,236459150,161173066,False
2020-04-08,69.17,76.836005,13.134147,11667602289.255,7952761539.69,236459150,161173066,False
2020-04-09,68.9,76.536081,13.082879,11622058663.144,7921718520.813,236459150,161173066,False
2020-04-10,65.01,72.214959,12.344238,10965893086.952,7474469100.698,236459150,161173066,False
2020-04-13,63.66,70.71534,12.087897,10738174956.397,7319254006.313,236459150,161173066,False
2020-04-14,66.43,73.792335,12.61387,11205418824.276,7637732385.161,236459150,161173066,False
2020-04-15,67.19,74.636565,12.758181,11333615697.774,7725112734.593,236459150,161173066,False
2020-04-16,67.68,75.180871,12.851223,11416268945.161,7781450065.147,236459150,161173066,False
2020-04-17,70.0,77.757993,13.291749,11807606769.522,8048190079.201,236459150,161173066,False
2020-04-20,72.05,80.035191,13.681008,12153400967.772,8283887074.377,236459150,161173066,False
2020-04-21,72.9,80.979395,13.842408,12296779049.974,8381615096.768,236459150,161173066,False
2020-04-22,71.33,79.235395,13.544293,12031951298.143,8696110729.02,236459150,170901203,False
2020-04-23,67.25,67.192523,11.442343,11343736503.577,8198702460.769,236459150,170901203,False
2020-04-24,67.96,67.901916,11.563147,11463499372.239,8285261252.548,236459150,170901203,False
2020-04-27,68.0,67.941882,11.569953,11470246576.107,8290137804.197,236459150,170901203,False
2020-04-28,68.53,68.471429,11.660131,11559647027.362,8354752113.553,236459150,170901203,False
2020-04-29,68.26,68.20166,11.614191,11514103401.251,8321835389.919,236459150,170901203,False
2020-04-30,72.3,72.238207,12.301583,12195570991.949,8814367106.521,236459150,170901203,False
2020-05-06,75.56,75.495421,12.85626,12745468107.215,9211806065.958,236459150,170901203,False
2020-05-07,73.92,73.856822,12.57722,12468832748.615,9011867448.327,236459150,170901203,False
2020-05-08,75.0,74.935899,12.760978,12651007253.059,9143534342.865,236459150,170901203,False
2020-05-11,76.44,76.374669,13.005989,12893906592.318,9319090202.248,236459150,170901203,False
2020-05-12,75.44,75.375523,12.835842,12725226495.611,9197176411.009,236459150,170901203,False
2020-05-13,76.93,76.86425,13.08936,12976559839.705,9378827959.954,236459150,170901203,False
2020-05-14,74.9,74.835985,12.743963,12634139243.389,9131342963.741,236459150,170901203,False
2020-05-15,74.93,74.865959,12.749068,12639199646.29,9135000377.478,236459150,170901203,False
2020-05-18,70.16,70.100036,11.937469,11834595584.995,8553471593.272,236459150,170901203,False
2020-05-19,71.0,70.939318,12.080392,11976286866.229,8655879177.912,236459150,170901203,False
2020-05-20,68.41,68.351532,11.639713,11539405415.757,8340122458.605,236459150,170901203,False
2020-05-21,68.3,68.241626,11.620997,11520850605.119,8326711941.569,236459150,170901203,False
2020-05-22,66.25,66.193378,11.272197,11175056406.869,8076788669.53,236459150,170901203,False
2020-05-25,65.95,65.893634,11.221153,11124452377.857,8040214532.159,236459150,170901203,False
2020-05-26,68.65,68.591326,11.680548,11579888638.967,8369381768.502,236459150,170901203,False
2020-05-27,65.38,65.324121,11.12417,11028304722.734,7970723671.153,236459150,170901203,False
2020-05-28,66.28,66.223352,11.277301,11180116809.77,8080446083.268,236459150,170901203,False
2020-05-29,46.52,65.072337,11.081293,10985797338.363,7940001389.124,331042810,239261684,False
2020-06-01,49.93,69.842256,11.893572,11791076120.045,8522017828.009,331042810,239261684,False
2020-06-02,49.24,68.877082,11.72921,11628131146.625,8404249105.771,331042810,239261684,False
2020-06-03,48.31,67.576195,11.50768,11408509660.712,8245517349.712,331042810,239261684,False
2020-06-04,47.25,66.093463,11.255182,11158188397.198,8064597283.665,331042810,239261684,False
2020-06-05,46.81,65.47799,11.150372,11054281457.627,7989498388.325,331042810,239261684,False
2020-06-08,46.79,65.450014,11.145608,11049558414.919,7986084802.174,331042810,239261684,False
2020-06-09,47.02,65.771738,11.200395,11103873406.059,8025341042.919,331042810,239261684,False
2020-06-10,46.29,64.750612,11.026506,10931482347.223,7900745148.378,331042810,239261684,False
2020-06-11,48.68,68.093752,11.595815,11495885950.807,8308668693.52,331042810,239261684,False
2020-06-12,51.45,71.968438,12.255643,12150027365.838,8781450375.547,331042810,239261684,False
2020-06-15,51.57,72.136294,12.284228,12178365622.085,8801931892.458,331042810,239261684,False
2020-06-16,52.44,73.353253,12.491466,12383817979.875,8950422890.062,331042810,239261684,False
2020-06-17,52.35,73.227361,12.470027,12362564287.69,8935061752.378,331042810,239261684,False
2020-06-18,57.59,80.557091,13.718221,13600001477.135,9829421324.154,331042810,239261684,False
2020-06-19,58.3,81.550241,13.887347,13767669493.263,9950603632.544,331042810,239261684,False
2020-06-22,58.88,82.361547,14.025506,13904637731.789,10049597630.946,331042810,239261684,False
2020-06-23,59.99,83.914219,14.289913,14166766602.073,10239051662.372,331042810,239261684,False
2020-06-24,60.0,83.928207,14.292295,14169128123.426,10240758455.448,331042810,239261684,False
2020-06-29,60.16,84.152016,14.330408,14206912465.089,10268067144.663,331042810,239261684,False
2020-06-30,63.12,88.292474,15.035494,14905922785.845,10773277850.104,331042810,239261683,False
2020-07-01,61.6,86.166293,14.673423,14546971540.051,10513845303.65,331042810,239261683,False
2020-07-02,62.01,86.739802,14.771087,14643793915.561,10583823819.47,331042810,239261683,False
2020-07-03,61.65,86.236233,14.685333,14558779146.821,10522379268.994,331042810,239261683,False
2020-07-06,64.12,89.691277,15.273699,15142074921.235,10943957156.982,331042810,239261683,False
2020-07-07,64.66,90.446631,15.40233,15269597074.346,11036123982.695,331042810,239261683,False
2020-07-08,68.0,95.118635,16.197934,16058345206.55,11606192867.666,331042810,239261683,False
2020-07-09,68.0,95.118635,16.197934,16058345206.55,11606192867.666,331042810,239261683,False
2020-07-10,69.22,96.825175,16.488544,16346450811.726,11814421622.057,331042810,239261683,False
2020-07-13,76.14,106.504895,18.136922,17980623588.628,12995522425.648,331042810,239261683,False
2020-07-14,81.42,113.890577,19.394644,19227506863.49,13896709165.961,331042810,239261683,False
2020-07-15,73.28,102.504317,17.455656,17305228481.411,12507379607.979,331042810,239261683,False
2020-07-16,68.8,96.237678,16.388498,16247266914.862,11742736313.168,331042810,239261683,False
2020-07-17,70.4,98.475763,16.769626,16625110331.487,12015823204.172,331042810,239261683,False
2020-07-20,72.15,100.923669,17.186485,17038376568.42,12314511991.207,331042810,239261683,False
2020-07-21,71.84,100.49004,17.112641,16965169406.449,12261601406.075,331042810,239261683,False
2020-07-22,72.86,101.91682,17.35561,17206044584.548,12435694299.09,331042810,239261683,False
2020-07-23,71.73,100.336172,17.086439,16939192671.556,12242826682.319,331042810,239261683,False
2020-07-24,68.3,95.538276,16.269396,16129190847.167,11657396659.729,331042810,239261683,False
2020-07-27,68.61,95.971905,16.343239,16202398009.138,11710307244.861,331042810,239261683,False
2020-07-28,70.45,98.545703,16.781537,16636917938.257,12024357169.516,331042810,239261683,False
2020-07-29,73.38,102.644197,17.479477,17328843694.951,12524447538.667,331042810,239261683,False
2020-07-30,71.1,99.454926,16.93637,16790416826.26,12135298718.986,331042810,239261683,False
2020-07-31,72.57,74.282619,16.112697,17137560465.284,12386197300.096,331042810,239261683,False
2020-08-03,77.91,79.74864,17.298336,18398612868.269,13297624798.822,331042810,239261683,False
2020-08-04,76.66,78.469141,17.020799,18103422699.031,13084275665.225,331042810,239261683,False
2020-08-05,77.08,78.899052,17.114051,18202606595.895,13155960974.113,331042810,239261683,False
2020-08-06,75.4,77.179405,16.741041,17805871008.439,12869219738.559,331042810,239261683,False
2020-08-07,71.94,73.637751,15.972818,16988784619.988,12278669336.763,331042810,239261683,False
2020-08-10,70.46,72.122823,15.644214,16639279459.61,12026063962.585,331042810,239261683,False
2020-08-11,69.19,70.822852,15.362237,16339366247.665,11809301242.85,331042810,239261683,False
2020-08-12,67.66,69.256745,15.022531,15978053480.517,11548161903.328,331042810,239261683,False
2020-08-13,67.92,69.522881,15.080259,16039453035.719,11592538523.116,331042810,239261683,False
2020-08-14,69.8,71.447248,15.497675,16483419050.253,11913415620.045,331042810,239261683,False
2020-08-17,69.98,71.631496,15.53764,16525926434.623,11944137895.283,331042810,239261683,False
2020-08-18,67.98,69.584297,15.093581,16053622163.842,11602779281.529,331042810,239261683,False
2020-08-19,65.17,66.707982,14.469677,15390034663.395,11123170429.203,331042810,239261683,False
2020-08-20,64.99,66.523734,14.429712,15347527279.025,11092448153.965,331042810,239261683,False
2020-08-21,65.3,66.84105,14.498541,15420734440.996,11145358739.097,331042810,239261683,False
2020-08-24,66.39,67.956773,14.740553,15678140268.571,11331399183.593,331042810,239261683,False
2020-08-25,68.63,70.249636,15.2379,16207121051.846,11713720830.999,331042810,239261683,False
2020-08-26,65.94,67.496154,14.64064,15571871807.646,11254593495.499,331042810,239261683,False
2020-08-27,67.89,69.492173,15.073598,16032368471.657,11587418143.91,331042810,239261683,False
2020-08-28,68.27,69.88114,15.157969,16122106283.105,11652276280.523,331042810,239261683,False
2020-08-31,67.09,68.673293,14.895974,15843446763.345,11450874698.408,331042810,239261683,False
2020-09-01,67.29,68.878013,14.94038,15887572428.834,11485010559.783,330978130,239261683,False
2020-09-02,66.8,68.36309,14.828688,15771880491.1,11401377699.413,330978130,239261683,False
2020-09-03,66.11,67.656944,14.675517,15608967354.291,11283608977.668,330978130,239261683,False
2020-09-04,66.99,68.557536,14.870865,15816740630.221,11433806767.72,330978130,239261683,False
2020-09-07,65.03,66.551672,14.435772,15353972879.285,11099275326.24,330978130,239261683,False
2020-09-08,61.79,63.235858,13.716536,14588989454.268,10546274371.957,330978130,239261683,False
2020-09-09,59.35,60.738763,13.17489,14012890825.551,10129816863.176,330978130,239261683,False
2020-09-10,57.32,58.661262,12.724257,13533595654.938,9783337870.215,330978130,239261683,False
2020-09-11,59.16,60.544317,13.132712,13968030686.429,10097387794.869,330978130,239261683,False
2020-09-14,61.51,62.949306,13.65438,14522879775.562,10498484166.031,330978130,239261683,False
2020-09-15,62.9,64.371831,13.962941,14851067109.135,10735728402.591,330978130,239261683,False
2020-09-16,61.23,62.662754,13.592224,14456770096.857,10450693960.106,330978130,239261683,False
2020-09-17,62.8,64.269491,13.940742,14827456509.597,10718660471.903,330978130,239261683,False
2020-09-18,63.3,64.781191,14.051736,14945509507.285,10804000125.342,330978130,239261683,False
2020-09-21,63.26,64.740255,14.042856,14936065267.47,10797172953.067,330978130,239261683,False
2020-09-22,63.13,64.607213,14.013998,14905371488.071,10774984643.173,330978130,239261683,False
2020-09-23,64.12,65.620379,14.233764,15139116423.493,10943957156.982,330978130,239261683,False
2020-09-24,61.82,63.26656,13.723196,14596072634.129,10551394751.163,330978130,239261683,False
2020-09-25,61.54,62.980008,13.66104,14529962955.424,10503604545.238,330978130,239261683,False
2020-09-28,60.64,62.058948,13.461252,14317467559.585,10349993169.048,330978130,239261683,False
2020-09-29,63.77,65.262189,14.156069,15056479325.111,10884219399.574,330978130,239261683,False
2020-09-30,64.25,65.753421,14.262623,15169810202.892,10966145466.876,330978130,239261683,False
2020-10-09,65.27,66.797288,14.489049,15410638318.175,11140238359.891,330978130,239261683,False
2020-10-12,68.85,70.461059,15.28376,16255897781.62,11751270278.512,330978130,239261683,False
2020-10-13,69.94,71.576564,15.525725,16513253316.58,11937310723.008,330978130,239261683,False
2020-10-14,70.09,71.730074,15.559023,16548669215.886,11962912619.04,330978130,239261683,False
2020-10-15,69.73,71.36165,15.479108,16463671057.551,11901468068.564,330978130,239261683,False
2020-10-16,68.88,70.491761,15.290419,16262980961.482,11756390657.718,330978130,239261683,False
2020-10-19,68.83,70.440591,15.27932,16251175661.713,11747856692.374,330978130,239261683,False
2020-10-20,69.28,70.90112,15.379214,16357423359.632,11824662380.469,330978130,239261683,False
2020-10-21,66.02,67.564838,14.655538,15587717814.707,11268247840.049,330978130,239261683,False
2020-10-22,65.3,66.82799,14.495708,15417721498.036,11145358739.097,330978130,239261683,False
2020-10-23,64.2,65.702251,14.251523,15158004903.123,10957611501.532,330978130,239261683,False
2020-10-26,63.82,65.313359,14.167169,15068284624.88,10892753364.918,330978130,239261683,False
2020-10-27,68.55,70.154039,15.217164,16185065983.008,11700066486.449,330978130,239261683,False
2020-10-28,64.29,50.45627,12.937329,15179254442.707,10972972639.151,330978130,239261683,False
2020-10-29,63.99,50.220823,12.876959,15108422644.094,10921768847.088,330978130,239261683,False
2020-10-30,59.5,46.696968,11.973418,14048306724.857,10155418759.208,330978130,239261683,False
2020-11-02,57.81,45.370617,11.633333,13649287592.672,9866970730.585,330978130,239261683,False
2020-11-03,60.55,47.521032,12.184714,14296218020.002,10334632031.429,330978130,239261683,False
2020-11-04,60.56,47.52888,12.186726,14298579079.955,10336338824.498,330978130,239261683,False
2020-11-05,67.8,53.210999,13.64366,16007986486.476,11572057006.291,330978130,239261683,False
2020-11-06,68.72,53.933036,13.828795,16225204002.221,11729081968.618,330978130,239261683,False
2020-11-09,72.7,57.056631,14.629706,17164905863.817,12408385609.99,330978130,239261683,False
2020-11-10,68.24,53.556321,13.732203,16111873124.441,11647155901.317,330978130,239261683,False
2020-11-11,63.98,50.212975,12.874946,15106061584.14,10920062054.019,330978130,239261683,False
2020-11-12,62.74,49.239794,12.625416,14813290149.874,10708419713.491,330978130,239261683,False
2020-11-13,62.41,48.980803,12.559009,14735375171.4,10652095542.221,330978130,239261683,False
2020-11-16,60.5,47.481791,12.174652,14284412720.233,10326098066.085,330978130,239261683,False
2020-11-17,60.2,47.246344,12.114282,14213580921.62,10274894274.022,330978130,239261683,False
2020-11-18,60.68,47.623059,12.210874,14326911799.4,10356820341.323,330978130,239261683,False
2020-11-19,61.39,48.180283,12.353751,14494547056.117,10478002649.206,330978130,239261683,False
2020-11-20,59.92,47.026593,12.057937,14147471242.915,10227104068.096,330978130,239261683,False
2020-11-23,59.04,46.335949,11.880851,13939697966.984,10076906278.044,330978130,239261683,False
2020-11-24,59.75,46.893174,12.023727,14107333223.701,10198088585.927,330978130,239261683,False
2020-11-25,60.13,47.191406,12.100196,14197053501.944,10262946722.541,330978130,239261683,False
2020-11-26,58.81,46.15544,11.834567,13885393588.048,10037650037.462,330978130,239261683,False
2020-11-27,58.92,46.24177,11.856703,13911365247.539,10056424761.219,330978130,239261683,False
2020-11-30,56.52,44.358195,11.373741,13344710858.637,9646794424.713,330978130,239261683,False
2020-12-01,57.44,45.080232,11.558877,13561928374.383,9803819387.04,330978130,239261683,False
2020-12-02,59.48,46.681271,11.969394,14043584604.95,10251323637.986,330978130,241602413,False
2020-12-03,58.46,45.880752,11.764135,13802756489.666,10075527570.22,330978130,241602413,False
2020-12-04,58.41,45.841511,11.754073,13790951189.897,10066910115.917,330978130,241602413,False
2020-12-07,57.69,45.276438,11.609185,13620954873.227,9942818773.965,330978130,241602413,False
2020-12-08,58.26,45.723787,11.723888,13755535290.591,10041057753.011,330978130,241602413,False
2020-12-09,57.68,45.26859,11.607173,13618593813.273,9941095283.104,330978130,241602413,False
2020-12-10,57.42,45.064536,11.554852,13557206254.475,9896284520.732,330978130,241602413,False
2020-12-11,56.23,44.130597,11.315384,13276240119.978,9691189108.338,330978130,241602413,False
2020-12-14,56.67,44.475919,11.403926,13380126757.944,9767022706.198,330978130,241602413,False
2020-12-15,55.96,43.918694,11.26105,13212491501.227,9644654855.106,330978130,241602413,False
2020-12-16,53.72,42.160691,10.810286,12683614071.585,9258592902.364,330978130,241602413,False
2020-12-17,55.02,43.180961,11.07189,12990551865.574,9482646714.223,330978130,241602413,False
2020-12-18,53.59,42.058664,10.784126,12652920292.186,9236187521.178,330978130,241602413,False
2020-12-21,54.37,42.670826,10.941088,12837082968.579,9370619808.294,330978130,241602413,False
2020-12-22,51.91,40.740161,10.446053,12256262219.955,8946641056.622,330978130,241602413,False
2020-12-23,52.89,41.509288,10.643262,12487646095.423,9115543160.946,330978130,241602413,False
2020-12-24,54.54,42.804246,10.975298,12877220987.793,9399919152.921,330978130,241602413,False
2020-12-25,53.37,41.886003,10.739854,12600976973.204,9198270722.248,330978130,241602413,False
2020-12-28,51.95,44.618172,11.440401,13422922107.795,8953535020.064,362204466,241602413,False
2020-12-29,55.4,47.581265,12.200158,14314338494.165,9548139366.921,362204466,241602413,False
2020-12-30,53.83,46.232843,11.854414,13908679442.976,9277551301.829,362204466,241602413,False
2020-12-31,55.48,47.649974,12.217776,14335009019.066,9235182404.081,362204466,233346509,False
2021-01-04,56.32,48.371423,12.40276,14552049530.53,9375008525.556,362204466,233346509,False
2021-01-05,58.09,49.891619,12.792549,15009384893.972,9669642138.663,362204466,233346509,False
2021-01-06,54.46,46.773929,11.993152,14071459826.574,9065393542.29,362204466,233346509,False
2021-01-07,50.8,43.630474,11.187149,13125783312.339,8456151155.863,362204466,233346509,False
2021-01-08,50.9,43.716361,11.209171,13151621468.466,8472797122.706,362204466,233346509,False
2021-01-11,51.86,44.540874,11.420581,13399667767.281,8632598404.391,362204466,233346509,False
2021-01-12,52.2,44.832889,11.495456,13487517498.112,8689194691.655,362204466,233346509,False
2021-01-13,54.41,46.730986,11.982141,14058540748.511,9057070558.869,362204466,233346509,False
2021-01-14,55.7,47.838925,12.266224,14391852962.545,9271803531.134,362204466,233346509,False
2021-01-15,52.88,45.416919,11.645205,13663216959.773,8802387266.182,362204466,233346509,False
2021-01-18,55.3,47.495378,12.178136,14288500338.038,9205219663.765,362204466,233346509,False
2021-01-19,55.1,47.323605,12.134092,14236824025.785,9171927730.08,362204466,233346509,False
2021-01-20,56.05,48.139529,12.343301,14482286508.988,9330064415.081,362204466,233346509,False
2021-01-21,55.92,48.027876,12.314672,14448696906.024,9308424658.187,362204466,233346509,False
2021-01-22,54.73,47.005824,12.052611,14141222848.116,9110337652.764,362204466,233346509,False
2021-01-25,52.71,45.270911,11.607768,13619292094.358,8774089122.55,362204466,233346509,False
2021-01-26,52.28,44.901598,11.513073,13508188023.013,8702511465.129,362204466,233346509,False
2021-01-27,54.05,46.421794,11.902862,13965523386.455,8997145078.236,362204466,233346509,False
2021-01-28,52.98,45.502805,11.667227,13689055115.9,8819033233.024,362204466,233346509,False
2021-01-29,54.69,46.971469,12.043802,14130887585.666,9103679266.027,362204466,233346509,False
2021-02-01,55.74,47.87328,12.275033,14402188224.996,9278461917.87,362204466,233346509,False
2021-02-02,53.32,45.79482,11.742102,13776904846.731,8875629520.288,362204466,233346509,False
2021-02-03,51.84,44.523696,11.416177,13394500136.056,8629269211.023,362204466,233346509,False
2021-02-04,49.02,42.10169,10.795158,12665864133.285,8159852946.071,362204466,233346509,False
2021-02-05,46.78,40.177826,10.301866,12087089436.048,7786983288.805,362204466,233346509,False
2021-02-08,47.66,40.93363,10.49566,12314465209.962,7933467797.017,362204466,233346509,False
2021-02-09,47.75,41.010928,10.515479,12337719550.476,7948449167.175,362204466,233346509,False
2021-02-10,49.62,42.61701,10.92729,12820893070.044,8259728747.125,362204466,233346509,False
2021-02-18,49.81,42.780195,10.969131,12869985566.685,8291356084.125,362204466,233346509,False
2021-02-19,51.45,44.188738,11.330291,13293731327.162,8564349940.338,362204466,233346509,False
2021-02-22,49.38,42.410882,10.874437,12758881495.341,8219778426.703,362204466,233346509,False
2021-02-23,48.46,41.620724,10.671835,12521170458.975,8066635531.755,362204466,233346509,False
2021-02-24,49.02,42.10169,10.795158,12665864133.285,8159852946.071,362204466,233346509,False
2021-02-25,48.11,41.32012,10.594758,12430736912.532,8008374647.807,362204466,233346509,False
2021-02-26,46.08,39.576619,10.147713,11906222343.161,7670461520.909,362204466,233346509,False
2021-03-01,47.9,41.139758,10.548512,12376476784.666,7973418117.438,362204466,233346509,False
2021-03-02,46.69,40.100528,10.282047,12063835095.534,7772001918.647,362204466,233346509,False
2021-03-03,47.19,40.529962,10.392156,12193025876.167,7855231752.858,362204466,233346509,False
2021-03-04,44.98,38.631865,9.905471,11622002625.768,7487355885.644,362204466,233346509,False
2021-03-05,45.45,39.035532,10.008975,11743441959.563,7565591929.803,362204466,233346509,False
2021-03-08,43.02,36.948484,9.473841,11115574765.685,7161094935.536,362204466,233346509,False
2021-03-09,41.34,35.505586,9.103873,10681493742.758,6881442692.586,362204466,233346509,False
2021-03-10,40.66,34.921557,8.954123,10505794281.096,6768250118.059,362204466,233346509,False
2021-03-11,41.3,35.471232,9.095064,10671158480.307,6874784305.85,362204466,233346509,False
2021-03-12,40.25,34.569421,8.863833,10399857840.977,6700001654.006,362204466,233346509,False
2021-03-15,39.19,33.659021,8.630401,10125973386.035,6523554405.478,362204466,233346509,False
2021-03-16,38.57,33.126523,8.493865,9965776818.049,6420349411.056,362204466,233346509,False
2021-03-17,39.39,33.830795,8.674445,10177649698.288,6556846339.163,362204466,233346509,False
2021-03-18,39.85,34.225874,8.775746,10296505216.471,6633417786.637,362204466,233346509,False
2021-03-19,39.35,33.79644,8.665636,10167314435.837,6550187952.426,362204466,233346509,False
2021-03-22,39.93,34.294583,8.793363,10317175741.372,6646734560.111,362204466,233346509,False
2021-03-23,40.67,34.930145,8.956326,10508378096.709,6769914714.743,362204466,233346509,False
2021-03-24,38.03,32.662735,8.374946,9826250774.966,6330461190.108,362204466,233346509,False
2021-03-25,39.14,33.616078,8.61939,10113054307.971,6515231422.057,362204466,233346509,False
2021-03-26,41.88,35.969375,9.222791,10821019785.842,6971330913.535,362204466,233346509,False
2021-03-29,41.09,35.29087,9.048818,10616898352.441,6839827775.481,362204466,233346509,False
2021-03-30,41.13,35.325224,9.057626,10627233614.892,6846486162.218,362204466,233346509,False
2021-03-31,40.79,35.033209,8.982752,10539383884.061,6789889874.954,362204466,233346509,False
2021-04-01,42.53,36.527639,9.365934,10988967800.665,7079529698.009,362204466,233346509,False
2021-04-02,45.07,33.196291,9.925291,11645256966.282,7502337255.802,362204466,233346509,False
2021-04-06,44.1,32.481838,9.711678,11394626851.853,7340871377.433,362204466,233346509,False
2021-04-07,44.5,32.776458,9.799766,11497979476.36,7407455244.802,362204466,233346509,False
2021-04-08,43.3,31.892599,9.535503,11187921602.84,7207703642.695,362204466,233346509,False
2021-04-09,43.1,31.745289,9.491459,11136245290.587,7174411709.01,362204466,233346509,False
2021-04-12,41.34,30.448961,9.103873,10681493742.758,6881442692.586,362204466,233346509,False
2021-04-13,40.86,30.095418,8.998167,10557470593.35,6801542051.744,362204466,233346509,False
2021-04-14,41.11,30.279555,9.053222,10622065983.666,6843156968.849,362204466,233346509,False
2021-04-15,40.73,29.999666,8.969539,10523880990.385,6779902294.849,362204466,233346509,False
2021-04-16,41.91,30.868795,9.229398,10828771232.68,6976324703.587,362204466,233346509,False
2021-04-19,42.82,31.539055,9.429797,11063898453.432,7127803001.852,362204466,233346509,False
2021-04-20,42.21,31.08976,9.295464,10906285701.06,7026262604.114,362204466,233346509,False
2021-04-21,41.58,30.625733,9.156725,10743505317.462,6921393013.008,362204466,233346509,False
2021-04-22,42.96,31.642172,9.460628,11100071872.009,7151107355.431,362204466,233346509,False
2021-04-23,42.05,27.795874,4.282576,10864944651.257,6999629057.166,362204466,233346509,False
2021-04-26,40.79,26.962989,4.154251,10539383884.061,6789889874.954,362204466,233346509,False
2021-04-27,39.9,26.374682,4.063609,10309424294.534,6641740770.058,362204466,233346509,False
2021-04-28,40.09,26.500276,4.08296,10358516791.175,6673368107.058,362204466,233346509,False
2021-04-29,39.79,26.30197,4.052406,10281002322.795,6623430206.532,362204466,233346509,False
2021-04-30,38.62,25.528577,3.933248,9978695896.113,6428672394.477,362204466,233346509,False
2021-05-06,38.68,25.568238,3.939359,9994198789.789,6438659974.583,362204466,233346509,False
2021-05-07,36.98,24.444505,3.766222,9554950135.636,6155678538.264,362204466,233346509,False
2021-05-10,35.7,23.5984,3.635861,9224221737.215,5942610162.683,362204466,233346509,False
2021-05-11,36.28,23.981791,3.694931,9374083042.749,6039156770.369,362204466,233346509,False
2021-05-12,36.17,23.909079,3.683728,9345661071.01,6020846206.842,362204466,233346509,False
2021-05-13,38.51,25.455865,3.922045,9950273924.373,6410361830.951,362204466,233346509,False
2021-05-14,39.79,26.30197,4.052406,10281002322.795,6623430206.532,362204466,233346509,False
2021-05-17,40.0,26.440784,4.073794,10335262450.661,6658386736.9,362204466,233346509,False
2021-05-18,40.85,27.002651,4.160362,10554886777.737,6823673739.622,362204466,234163109,False
2021-05-19,40.5,26.771294,4.124716,10464453231.294,6765208970.739,362204466,234163109,False
2021-05-20,41.59,27.491805,4.235727,10746089133.074,6947284965.26,362204466,234163109,False
2021-05-21,41.6,27.498415,4.236746,10748672948.687,6948955387.228,362204466,234163109,False
2021-05-24,41.23,27.253838,4.199063,10653071771.018,6887149774.409,362204466,234163109,False
2021-05-25,43.11,28.496555,4.390531,11138829106.199,7201189104.409,362204466,234163109,False
2021-05-26,43.11,28.496555,4.390531,11138829106.199,7201189104.409,362204466,234163109,False
2021-05-27,46.98,31.054701,4.784671,12138765748.301,7847642406.057,362204466,234163109,False
2021-05-28,47.5,31.398431,4.83763,12273124160.159,7934504348.397,362204466,234163109,False
2021-05-31,48.98,32.37674,4.98836,12655528870.834,8181726799.674,362204466,234163109,False
2021-06-01,46.78,30.922497,4.764302,12087089436.048,7814233966.695,362204466,234163109,False
2021-06-02,46.02,30.420122,4.6869,11890719449.485,7687281897.121,362204466,234163109,False
2021-06-03,47.4,31.332329,4.827446,12247286004.033,7917800128.717,362204466,234163109,False
2021-06-04,47.96,31.7025,4.884479,12391979678.342,8011343758.929,362204466,234163109,False
2021-06-07,48.35,31.960298,4.924198,12492748487.236,8076490215.684,362204466,234163109,False
2021-06-08,33.05,30.585375,4.712361,11955314052.347,7728277304.291,507086219,327795899,False
2021-06-09,33.2,30.724189,4.733748,12009574176.639,7763352692.964,507086219,327795899,False
2021-06-10,33.31,30.825986,4.749432,12049364934.453,7789074644.657,507086219,327795899,False
2021-06-11,32.5,30.07639,4.63394,11756360263.276,7599667545.823,507086219,327795899,False
2021-06-15,32.17,29.770999,4.586888,11636987989.834,7522501690.742,507086219,327795899,False
2021-06-16,32.05,29.659947,4.569778,11593579890.4,7494441379.804,507086219,327795899,False
2021-06-17,33.2,30.724189,4.733748,12009574176.639,7763352692.964,507086219,327795899,False
2021-06-18,32.71,30.27073,4.663882,11832324437.285,7648773089.965,507086219,327795899,False
2021-06-21,32.72,30.279984,4.665308,11835941778.904,7651111449.21,507086219,327795899,False
2021-06-22,31.29,28.956623,4.461415,11318661927.32,7316726077.194,507086219,327795899,False
2021-06-23,32.17,29.770999,4.586888,11636987989.834,7522501690.742,507086219,327795899,False
2021-06-24,31.64,29.280522,4.511319,11445268884.002,7398568583.052,507086219,327795896,False
2021-06-25,30.77,28.4754,4.387272,11130560163.108,7195131330.611,507086219,327795896,False
2021-06-28,31.35,29.012148,4.46997,11340365977.037,8308607574.001,507086219,371520673,False
2021-06-29,30.96,28.651232,4.414363,11199289653.878,8205246905.617,507086219,371520673,False
2021-06-30,31.25,28.919606,4.455712,11304192560.842,9788952882.221,507086219,439115229,False
2021-07-01,29.74,27.52221,4.240412,10757973976.302,9315950678.952,507086219,439115229,False
2021-07-02,29.02,26.855903,4.137752,10497525379.701,9090413204.545,507086219,439115229,False
2021-07-05,28.93,26.772614,4.12492,10464969305.125,9062221020.244,507086219,439115229,False
2021-07-06,28.8,26.652308,4.106384,10417943864.072,9021498976.254,507086219,439115229,False
2021-07-07,29.71,27.494447,4.236134,10747121951.444,9306553284.185,507086219,439115229,False
2021-07-08,30.5,28.225535,4.348775,11032891939.382,9554018013.047,507086219,439115229,False
2021-07-09,32.25,29.845033,4.598294,11665926722.789,10102199374.452,507086219,439115229,False
2021-07-12,36.49,33.768845,5.202845,13199679569.444,11430364501.511,507086219,439115229,False
2021-07-13,37.48,34.685018,5.344002,13557796389.772,11740478528.82,507086219,439115229,False
2021-07-14,36.97,34.21305,5.271285,13373311967.179,11580722817.782,507086219,439115229,False
2021-07-15,37.11,34.34261,5.291247,13423954749.851,11624577326.695,507086219,439115229,False
2021-07-16,35.3,32.667586,5.033172,12769215916.727,11057601175.756,507086219,439115229,False
2021-07-19,37.92,35.092206,5.406739,13716959421.028,11878306985.402,507086219,439115229,False
2021-07-20,37.29,34.509187,5.316912,13489066899.002,11680961695.296,507086219,439115229,False
2021-07-21,36.6,33.870642,5.218529,13239470327.259,11464821615.657,507086219,439115229,False
2021-07-22,37.44,34.648001,5.338299,13543327023.294,11727948669.131,507086219,439115229,False
2021-07-23,39.33,36.397059,5.60778,14227004589.374,12319984539.447,507086219,439115229,False
2021-07-26,39.92,36.943061,5.691904,14440427744.922,12504799969.864,507086219,439115229,False
2021-07-27,41.15,38.081337,5.867281,14885360764.117,12890093155.308,507086219,439115229,False
2021-07-28,44.1,40.811347,6.2879,15952476541.861,13814170307.39,507086219,439115229,False
2021-07-29,44.12,40.829856,6.290752,15959711225.1,13820435237.234,507086219,439115229,False
2021-07-30,45.77,42.356811,6.526014,16556572592.312,14337291949.415,507086219,439115229,False
2021-08-02,48.3,44.698142,6.886748,17471760022.038,15129805574.76,507086219,439115229,False
2021-08-03,46.79,43.300747,6.671448,16925541437.498,14656803371.491,507086219,439115229,False
2021-08-04,45.72,42.31054,6.518884,16538485884.215,14321629624.804,507086219,439115229,False
2021-08-05,46.46,42.995356,6.624396,16806169164.055,14553432029.055,507086219,439115229,False
2021-08-06,43.8,40.533719,6.245125,15843956293.277,13720196359.72,507086219,439115229,False
2021-08-09,41.63,38.525542,5.935721,15058993161.852,13040451471.579,507086219,439115229,False
2021-08-10,42.25,39.099307,6.024122,15283268342.259,13234664296.762,507086219,439115229,False
2021-08-11,40.8,37.757437,5.817377,14758753807.436,12780456883.027,507086219,439115229,False
2021-08-12,39.5,36.554381,5.63202,14288499396.905,12373236443.127,507086219,439115229,False
2021-08-13,38.76,35.869565,5.526508,14020816117.064,12141434038.876,507086219,439115229,False
2021-08-16,38.75,35.860311,5.525082,14017198775.444,12138301573.953,507086219,439115229,False
2021-08-17,36.72,33.981693,5.235639,13282878426.692,11502411194.724,507086219,439115229,False
2021-08-18,36.18,33.481963,5.158645,13087541979.241,11333258088.92,507086219,439115229,False
2021-08-19,38.13,35.286546,5.436681,13792923595.037,11944088748.77,507086219,439115229,False
2021-08-20,37.89,35.064443,5.402461,13706107396.17,11868909590.635,507086219,439115229,False
2021-08-23,38.1,35.258783,5.432404,13782071570.179,11934691354.003,507086219,439115229,False
2021-08-24,37.84,35.018172,5.395332,13688020688.073,11853247266.023,507086219,439115229,False
2021-08-25,38.36,35.499394,5.469475,13876122452.285,12016135441.983,507086219,439115229,False
2021-08-26,36.27,29.495814,5.025946,13120098053.816,11361450273.22,507086219,439115229,False
2021-08-27,36.22,29.455152,5.019017,13102011345.719,11345787948.609,507086219,439115229,False
2021-08-30,35.74,29.064802,4.952503,12928378947.984,11195429632.338,507086219,439115229,False
2021-08-31,34.27,27.869356,4.748805,12396629729.922,10734957288.758,507086219,439115229,False
2021-09-01,34.8,28.300367,4.822247,12588348835.754,10900977929.641,507086219,439115229,False
2021-09-02,34.19,27.804297,4.737719,12367690996.966,10709897569.38,507086219,439115229,False
2021-09-03,35.22,28.641923,4.880447,12740277183.772,11032541456.378,507086219,439115229,False
2021-09-06,36.45,29.642195,5.050888,13185210202.966,11417834641.822,507086219,439115229,False
2021-09-07,36.36,29.569004,5.038417,13152654128.391,11389642457.521,507086219,439115229,False
2021-09-08,38.13,31.008419,5.283687,13792923595.037,11944088748.77,507086219,439115229,False
2021-09-09,38.2,31.065345,5.293386,13818244986.374,11966016003.226,507086219,439115229,False
2021-09-10,37.9,30.821377,5.251815,13709724737.79,11872042055.557,507086219,439115229,False
2021-09-13,36.0,29.276242,4.988532,13022429830.09,11276873720.318,507086219,439115229,False
2021-09-14,34.85,28.341028,4.829176,12606435543.851,10916640254.252,507086219,439115229,False
2021-09-15,34.96,28.430484,4.844419,12646226301.666,10951097368.398,507086219,439115229,False
2021-09-16,34.0,27.649784,4.711391,12298961506.196,10650380735.856,507086219,439115229,False
2021-09-17,32.65,26.551925,4.524321,11810620387.568,10227497971.344,507086219,439115229,False
2021-09-22,32.76,26.64138,4.539564,11850411145.382,10261955085.489,507086219,439115229,False
2021-09-23,33.3,27.080524,4.614392,12045747592.834,10431108191.294,507086219,439115229,False
2021-09-24,32.34,26.299824,4.481364,11698482797.364,10130391558.752,507086219,439115229,False
2021-09-27,33.76,27.454609,4.678134,12212145307.329,10575201577.72,507086219,439115229,False
2021-09-28,33.85,27.527799,4.690606,12244701381.904,10603393762.021,507086219,439115229,False
2021-09-29,33.0,26.836555,4.572821,11937227344.249,10337134243.625,507086219,439115229,False
2021-09-30,33.67,27.381418,4.665663,12179589232.754,10547009393.42,507086219,439115229,False
2021-10-08,34.41,27.983208,4.768205,12447272512.595,10778811797.671,507086219,439115229,False
2021-10-11,35.71,29.040405,4.948346,12917526923.126,11186032237.571,507086219,439115229,False
2021-10-12,35.17,28.601262,4.873518,12722190475.674,11016879131.766,507086219,439115229,False
2021-10-13,35.61,28.959082,4.934489,12881353506.931,11154707588.348,507086219,439115229,False
2021-10-14,34.9,28.38169,4.836104,12624522251.949,10932302578.864,507086219,439115229,False
2021-10-15,33.99,27.641652,4.710005,12295344164.577,10647248270.934,507086219,439115229,False
2021-10-18,32.0,26.023326,4.43425,11575493182.303,10023887751.394,507086219,439115229,False
2021-10-19,31.56,25.665505,4.373279,11416330151.046,9886059294.812,507086219,439115229,False
2021-10-20,31.45,25.57605,4.358037,11376539393.232,9851602180.667,507086219,439115229,False
2021-10-21,30.9,25.128774,4.281823,11177585604.161,9679316609.94,507086219,439115229,False
2021-10-22,29.93,24.339942,4.14741,10826703467.072,9375467512.476,507086219,439115229,False
2021-10-25,30.34,24.673366,4.204224,10975014473.471,9503898574.29,507086219,439115229,False
2021-10-26,31.1,25.29142,4.309537,11249932436.55,9741965908.386,507086219,439115229,False
2021-10-27,30.52,24.819747,4.229166,11040126622.621,9560282942.892,507086219,439115229,False
2021-10-28,28.18,23.243659,3.759172,10193668683.665,8827286151.071,507086219,439115229,False
2021-10-29,28.37,23.400376,3.784518,10262398174.435,8886802984.595,507086219,439115229,False
2021-11-01,29.11,24.010749,3.883233,10530081454.276,9118605388.846,507086219,439115229,False
2021-11-02,29.29,24.159218,3.907245,10595193603.426,9174989757.448,507086219,439115229,False
2021-11-03,29.41,24.258197,3.923253,10638601702.86,9212579336.515,507086219,439115229,False
2021-11-04,29.57,24.39017,3.944597,10696479168.771,9262698775.272,507086219,439115229,False
2021-11-05,29.65,24.456156,3.955268,10725417901.727,9287758494.651,507086219,439115229,False
2021-11-08,29.1,24.002501,3.881899,10526464112.656,9115472923.924,507086219,439115229,False
2021-11-09,29.69,24.489149,3.960604,10739887268.205,9300288354.34,507086219,439115229,False
2021-11-10,29.83,24.604625,3.97928,10790530050.878,9344142863.252,507086219,439115229,False
2021-11-11,30.69,25.313977,4.094003,11101621430.152,9613534846.571,507086219,439115229,False
2021-11-12,30.67,25.297481,4.091335,11094386746.913,9607269916.727,507086219,439115229,False
2021-11-15,30.72,25.338722,4.098005,11112473455.01,9622932241.338,507086219,439115229,False
2021-11-16,29.8,24.57988,3.975278,10779678026.019,9334745468.486,507086219,439115229,False
2021-11-17,30.79,25.39646,4.107343,11137794846.347,9644859495.794,507086219,439115229,False
2021-11-18,30.15,24.86857,4.021968,10906284982.701,9444381740.766,507086219,439115229,False
2021-11-19,30.45,25.116019,4.061987,11014805231.285,9538355688.436,507086219,439115229,False
2021-11-22,32.05,26.435744,4.275425,11593579890.4,10039550076.005,507086219,439115229,False
2021-11-23,33.85,27.920434,4.515543,12244701381.904,10603393762.021,507086219,439115229,False
2021-11-24,36.48,30.089733,4.866381,13196062227.825,11427232036.589,507086219,439115229,False
2021-11-25,36.26,29.90827,4.837033,13116480712.197,11358317808.298,507086219,439115229,False
2021-11-26,35.1,28.95147,4.682291,12696869084.338,10994951877.31,507086219,439115229,False
2021-11-29,34.73,28.646283,4.632933,12563027444.418,10879050675.185,507086219,439115229,False
2021-11-30,34.5,28.456573,4.602252,12479828587.17,10807003981.971,507086219,439115229,False
2021-12-01,34.94,28.819497,4.660947,12638991618.427,10944832438.553,507086219,439115229,False
2021-12-02,33.75,27.837952,4.502203,12208527965.71,10572069112.798,507086219,439115229,False
2021-12-03,33.65,27.755469,4.488863,12172354549.515,10540744463.575,507086219,439115229,False
2021-12-06,32.55,26.848158,4.342124,11774446971.373,10196173322.121,507086219,439115229,False
2021-12-07,30.83,25.429453,4.112679,11152264212.825,9657389355.483,507086219,439115229,False
2021-12-08,32.0,26.394502,4.268755,11575493182.303,10023887751.394,507086219,439115229,False
2021-12-09,32.06,26.443992,4.276759,11597197232.019,10042682540.928,507086219,439115229,False
2021-12-10,32.72,26.988379,4.364802,11835941778.904,10249425225.8,507086219,439115229,False
2021-12-13,33.1,27.301813,4.415494,11973400760.444,10368458892.848,507086219,439115229,False
2021-12-14,36.05,29.735056,4.809019,13040516538.188,11292536044.93,507086219,439115229,False
2021-12-15,36.28,29.924767,4.839701,13123715395.435,11364582738.143,507086219,439115229,False
2021-12-16,35.87,29.586587,4.785008,12975404389.037,11236151676.328,507086219,439115229,False
2021-12-17,34.73,28.646283,4.632933,12563027444.418,10879050675.185,507086219,439115229,False
2021-12-20,33.88,27.945179,4.519544,12255553406.763,10612791156.788,507086219,439115229,False
2021-12-21,36.31,29.949512,4.843703,13134567420.294,11373980132.91,507086219,439115229,False
2021-12-22,37.14,30.634119,4.954424,13434806774.71,11633974721.461,507086219,439115229,False
2021-12-23,37.08,30.58463,4.94642,13413102724.993,11615179931.928,507086219,439115229,False
2021-12-24,36.77,30.328933,4.905066,13300965134.789,11518073519.336,507086219,439115229,False
2021-12-27,39.0,32.1683,5.202545,14107632315.931,12216613197.011,507086219,439115229,False
2021-12-28,39.22,32.349762,5.231893,14187213831.56,12285527425.302,507086219,439115229,False
2021-12-29,38.55,31.797127,5.142516,13944851943.055,12075652275.507,507086219,439115229,False
2021-12-30,38.63,31.863113,5.153188,13973790676.011,12100711994.886,507086219,439115229,False
2021-12-31,39.18,32.316769,5.226557,14172744465.082,12272997565.613,507086219,439115229,False
2022-01-04,39.32,32.432245,5.245233,14223387247.754,12316852074.525,507086219,439115229,False
2022-01-05,37.94,31.293982,5.061143,13724194104.267,11884571915.246,507086219,439115229,False
2022-01-06,38.28,31.574423,5.106498,13847183719.329,11991075722.605,507086219,439115229,False
2022-01-07,36.97,30.493898,4.931746,13373311967.179,11580722817.782,507086219,439115229,False
2022-01-10,38.57,31.813624,5.145184,13952086626.294,12081917205.352,507086219,439115229,False
2022-01-11,38.1,31.425954,5.082487,13782071570.179,11934691354.003,507086219,439115229,False
2022-01-12,36.63,30.213457,4.886391,13250322352.117,11474219010.424,507086219,439115229,False
2022-01-13,34.38,28.357593,4.586244,12436420487.736,10769414402.904,507086219,439115229,False
2022-01-14,34.39,28.365842,4.587578,12440037829.356,10772546867.826,507086219,439115229,False
2022-01-17,38.26,31.557927,5.10383,13839949036.09,11984810792.76,507086219,439115229,False
2022-01-18,38.42,31.689899,5.125174,13897826502.002,12034930231.517,507086219,439115229,False
2022-01-19,38.29,31.582672,5.107832,13850801060.949,11994208187.527,507086219,439115229,False
2022-01-20,37.89,31.25274,5.054473,13706107396.17,11868909590.635,507086219,439115229,False
2022-01-21,37.84,31.211499,5.047803,13688020688.073,11853247266.023,507086219,439115229,False
2022-01-24,37.32,30.782588,4.978436,13499918923.86,11690359090.063,507086219,439115229,False
2022-01-25,36.85,30.394919,4.915738,13329903867.745,11543133238.714,507086219,439115229,False
2022-01-26,36.92,30.452657,4.925076,13355225259.082,11565060493.171,507086219,439115229,False
2022-01-27,35.4,29.198918,4.72231,12805389332.922,11088925824.979,507086219,439115229,False
2022-01-28,34.93,28.811249,4.659613,12635374276.807,10941699973.631,507086219,439115229,False
2022-02-07,36.32,29.95776,4.845037,13138184761.913,11377112597.832,507086219,439115229,False
2022-02-08,35.42,29.215415,4.724978,12812624016.161,11095190754.824,507086219,439115229,False
2022-02-09,38.25,31.549679,5.102496,13836331694.471,11981678327.838,507086219,439115229,False
2022-02-10,38.15,31.467196,5.089156,13800158278.276,11950353678.615,507086219,439115229,False
2022-02-11,36.75,30.312436,4.902398,13293730451.551,11511808589.491,507086219,439115229,False
2022-02-14,37.17,30.658864,4.958426,13445658799.568,11643372116.228,507086219,439115229,False
2022-02-15,38.06,31.392961,5.077151,13767602203.701,11922161494.314,507086219,439115229,False
2022-02-16,38.11,31.434203,5.083821,13785688911.798,11937823818.926,507086219,439115229,False
2022-02-17,36.94,30.469154,4.927744,13362459942.32,11571325423.015,507086219,439115229,False
2022-02-18,38.5,31.755886,5.135846,13926765234.958,12059989950.896,507086219,439115229,False
2022-02-21,40.96,33.784963,5.464007,14816631273.347,12830576321.784,507086219,439115229,False
2022-02-22,38.79,31.995086,5.174532,14031668141.922,12150831433.643,507086219,439115229,False
2022-02-23,39.65,32.704438,5.289254,14342759521.197,12420223416.961,507086219,439115229,False
2022-02-24,37.7,31.096023,5.029127,13637377905.4,11809392757.111,507086219,439115229,False
2022-02-25,37.1,30.601126,4.949088,13420337408.232,11621444861.772,507086219,439115229,False
2022-02-28,37.66,31.06303,5.023791,13622908538.922,11796862897.422,507086219,439115229,False
2022-03-01,38.28,31.574423,5.106498,13847183719.329,11991075722.605,507086219,439115229,False
2022-03-02,37.22,30.700105,4.965096,13463745507.666,11659034440.84,507086219,439115229,False
2022-03-03,36.51,30.114477,4.870383,13206914252.683,11436629431.356,507086219,439115229,False
2022-03-04,35.45,29.24016,4.72898,12823476041.02,11104588149.591,507086219,439115229,False
2022-03-07,33.98,28.027662,4.532884,12291726822.957,10644115806.011,507086219,439115229,False
2022-03-08,33.73,27.821455,4.499535,12201293282.471,10565804182.954,507086219,439115229,False
2022-03-09,34.26,28.258614,4.570236,12393012388.303,10731824823.836,507086219,439115229,False
2022-03-10,33.93,27.986421,4.526214,12273640114.86,10628453481.4,507086219,439115229,False
2022-03-11,33.03,27.244075,4.406156,11948079369.108,10346531638.392,507086219,439115229,False
2022-03-14,31.3,25.817123,4.175376,11322279268.94,9804615206.832,507086219,439115229,False
2022-03-15,29.53,24.357177,3.939261,10682009802.294,9250168915.583,507086219,439115229,False
2022-03-16,30.52,25.173757,4.071325,11040126622.621,9560282942.892,507086219,439115229,False
2022-03-17,31.31,25.825371,4.17671,11325896610.559,9807747671.754,507086219,439115229,False
2022-03-18,31.3,25.817123,4.175376,11322279268.94,9804615206.832,507086219,439115229,False
2022-03-21,31.43,25.92435,4.192718,11369304709.993,9845337250.822,507086219,439115229,False
2022-03-22,30.62,25.256239,4.084665,11076300038.816,9591607592.115,507086219,439115229,False
2022-03-23,33.4,25.684292,4.455513,12081921009.028,10462432840.517,507086219,439115229,False
2022-03-24,32.0,24.607705,4.268755,11575493182.303,10023887751.394,507086219,439115229,False
2022-03-25,30.96,23.807954,4.130021,11199289653.878,9698111399.474,507086219,439115229,False
2022-03-28,31.52,24.238589,4.204724,11401860784.568,9873529435.123,507086219,439115229,False
2022-03-29,31.14,23.946373,4.154032,11264401803.028,9754495768.075,507086219,439115229,False
2022-03-30,31.6,24.300108,4.215396,11430799517.524,9898589154.501,507086219,439115229,False
2022-03-31,31.2,23.992512,4.162036,11286105852.745,9773290557.609,507086219,439115229,False
2022-04-01,30.19,23.215831,4.027304,10920754349.179,9456911600.456,507086219,439115229,False
2022-04-06,29.81,22.923615,3.976612,10783295367.639,9337877933.408,507086219,439115229,False
2022-04-07,28.88,22.208454,3.852551,10446882597.028,9046558695.633,507086219,439115229,False
2022-04-08,28.67,22.046965,3.824538,10370918423.019,8980776932.264,507086219,439115229,False
2022-04-11,27.14,20.87041,3.620438,9817465155.24,8501509799.151,507086219,439115229,False
2022-04-12,27.17,20.893479,3.62444,9828317180.099,8510907193.918,507086219,439115229,False
2022-04-13,25.9,19.916861,3.455024,9368914794.426,8113084148.784,507086219,439115229,False
2022-04-14,26.42,20.316736,3.524391,9557016558.639,8275972324.745,507086219,439115229,False
2022-04-15,26.94,20.716611,3.593758,9745118322.851,8438860500.705,507086219,439115229,False
2022-04-18,28.29,21.754749,3.773846,10233459441.479,8861743265.217,507086219,439115229,False
2022-04-19,28.35,21.800888,3.78185,10255163491.196,8880538054.75,507086219,439115229,False
2022-04-20,28.4,21.839338,3.78852,10273250199.293,8896200379.362,507086219,439115229,False
2022-04-21,27.53,21.170316,3.672463,9958541478.4,8623675931.121,507086219,439115229,False
2022-04-22,23.13,17.199244,2.866896,8366911165.833,7245391365.304,507086219,439115229,False
2022-04-25,22.13,16.455653,2.742949,8005177003.886,6932144873.073,507086219,439115229,False
2022-04-26,21.45,15.950012,2.658665,7759197773.762,6719137258.356,507086219,439115229,False
2022-04-27,22.92,17.04309,2.840867,8290946991.824,7179609601.936,507086219,439115229,False
2022-04-28,22.03,16.381294,2.730555,7969003587.691,6900820223.85,507086219,439115229,False
2022-04-29,23.37,17.377705,2.896644,8453727364.7,7320570523.44,507086219,439115229,False
2022-05-05,23.84,17.727193,2.954899,8623742420.815,7467796374.788,507086219,439115229,False
2022-05-06,23.5,17.474372,2.912757,8500752805.753,7361292567.43,507086219,439115229,False
2022-05-09,23.6,17.548731,2.925152,8536926221.948,7392617216.653,507086219,439115229,False
2022-05-10,24.8,18.44104,3.073888,8971007216.284,7768513007.33,507086219,439115229,False
2022-05-11,25.86,19.229245,3.205272,9354445427.948,8100554289.095,507086219,439115229,False
2022-05-12,26.04,19.363092,3.227582,9419557577.099,8156938657.697,507086219,439115229,False
2022-05-13,25.91,19.266425,3.211469,9372532136.046,8116216613.707,507086219,439115229,False
2022-05-16,25.4,18.887194,3.148256,9188047713.453,7956460902.669,507086219,439115229,False
2022-05-17,25.74,19.140014,3.190398,9311037328.515,8062964710.027,507086219,439115229,False
2022-05-18,25.74,19.140014,3.190398,9311037328.515,8062964710.027,507086219,439115229,False
2022-05-19,25.5,18.961553,3.160651,9224221129.647,7987785551.892,507086219,439115229,False
2022-05-20,25.6,19.035912,3.173046,9260394545.842,8019110201.115,507086219,439115229,False
2022-05-23,25.61,19.043348,3.174285,9264011887.461,8022242666.037,507086219,439115229,False
2022-05-24,24.08,17.905655,2.984646,8710558619.683,7542975532.924,507086219,439115229,False
2022-05-25,24.14,17.95027,2.992083,8732262669.399,7561770322.458,507086219,439115229,False
2022-05-26,25.39,18.879758,3.147017,9184430371.833,7953328437.747,507086219,439115229,False
2022-05-27,24.6,18.292321,3.049099,8898660383.895,7705863708.884,507086219,439115229,False
2022-05-30,24.9,18.515399,3.086283,9007180632.479,7799837656.553,507086219,439115229,False
2022-05-31,25.76,19.154886,3.192877,9318272011.754,8069229639.872,507086219,439115229,False
2022-06-01,25.77,19.162322,3.194117,9321889353.373,8072362104.794,507086219,439115229,False
2022-06-02,26.25,19.519246,3.253611,9495521751.108,8222720421.065,507086219,439115229,False
2022-06-06,27.14,20.181041,3.363924,9817465155.24,8501509799.151,507086219,439115229,False
2022-06-07,26.99,20.069502,3.345332,9763205030.948,8454522825.316,507086219,439115229,False
2022-06-08,26.69,19.846425,3.308148,9654684782.364,8360548877.647,507086219,439115229,False
2022-06-09,25.9,19.258989,3.21023,9368914794.426,8113084148.784,507086219,439115229,False
2022-06-10,26.59,19.772066,3.295753,9618511366.17,8329224228.424,507086219,439115229,False
2022-06-13,26.78,19.913348,3.319303,9687240856.939,8388741061.948,507086219,439115229,False
2022-06-14,26.03,19.355656,3.226343,9415940235.479,8153806192.774,507086219,439115229,False
2022-06-15,26.45,19.667964,3.278401,9567868583.497,8285369719.511,507086219,439115229,False
2022-06-16,26.54,19.734887,3.289556,9600424658.072,8313561903.812,507086219,439115229,False
2022-06-17,26.62,19.794374,3.299472,9629363391.028,8338621623.191,507086219,439115229,False
2022-06-20,26.76,19.898477,3.316824,9680006173.7,8382476132.103,507086219,439115229,False
2022-06-21,26.09,19.400271,3.23378,9437644285.196,8172600982.308,507086219,439115229,False
2022-06-22,24.78,18.426168,3.071409,8963772533.046,7762248077.486,507086219,439115229,False
2022-06-23,25.71,19.117707,3.18668,9300185303.656,8053567315.26,507086219,439115229,False
2022-06-24,25.29,18.805399,3.134622,9148256955.638,7922003788.523,507086219,439115229,False
2022-06-27,25.56,19.006168,3.168088,9245925179.364,8006580341.426,507086219,439115229,False
2022-06-28,26.13,19.430015,3.238738,9452113651.674,8185130841.998,507086219,439115229,False
2022-06-29,25.65,19.073091,3.179243,9278481253.939,8034772525.727,507086219,439115229,False
2022-06-30,26.2,19.482066,3.247414,9477435043.01,8228840155.367,507086219,440280669,False
2022-07-01,25.57,19.013604,3.169327,9249542520.984,8030971098.196,507086219,440280669,False
2022-07-04,24.4,18.143603,3.024309,8826313551.506,7663499992.021,507086219,440280669,False
2022-07-05,24.21,18.002321,3.000759,8757584060.736,7603825197.002,507086219,440280669,False
2022-07-06,24.3,18.069244,3.011914,8790140135.311,7632092205.169,507086219,440280669,False
2022-07-07,23.89,17.764372,2.961096,8641829128.913,7503320279.073,507086219,440280669,False
2022-07-08,23.65,17.585911,2.931349,8555012930.045,7427941590.627,507086219,440280669,False
2022-07-11,22.8,16.953859,2.825994,8247538892.391,7160975402.381,507086219,440280669,False
2022-07-12,22.15,16.470525,2.745428,8012411687.125,6956824787.839,507086219,440280669,False
2022-07-13,22.02,16.373859,2.729315,7965386246.072,6915994664.931,507086219,440280669,False
2022-07-14,23.25,17.288475,2.88177,8410319265.267,7302310443.217,507086219,440280669,False
2022-07-15,23.64,17.578475,2.930109,8551395588.426,7424800811.942,507086219,440280669,False
2022-07-18,24.51,18.225398,3.037943,8866104309.32,7698048557.559,507086219,440280669,False
2022-07-19,24.97,18.56745,3.094959,9032502023.815,7842524377.081,507086219,440280669,False
2022-07-20,25.28,18.797963,3.133383,9144639614.019,7939888516.324,507086219,440280669,False
2022-07-21,25.02,18.604629,3.101156,9050588731.913,7858228270.507,507086219,440280669,False
2022-07-22,24.81,18.448475,3.075127,8974624557.904,7792271918.117,507086219,440280669,False
2022-07-25,24.79,18.433604,3.072649,8967389874.665,7785990360.746,507086219,440280669,False
2022-07-26,24.64,18.322065,3.054056,8913129750.373,7738878680.468,507086219,440280669,False
2022-07-27,25.3,18.812835,3.135862,9151874297.258,7946170073.694,507086219,440280669,False
2022-07-28,25.36,18.85745,3.143298,9173578346.975,7965014745.806,507086219,440280669,False
2022-07-29,25.13,18.686424,3.114791,9090379489.727,7892776836.045,507086219,440280669,False
2022-08-01,25.56,19.006168,3.168088,9245925179.364,8027830319.511,507086219,440280669,False
2022-08-02,24.48,18.203091,3.034225,8855252284.461,7688626221.503,507086219,440280669,False
2022-08-03,25.19,18.73104,3.122227,9112083539.444,7911621508.157,507086219,440280669,False
2022-08-04,25.51,18.968989,3.16189,9227838471.267,8012126426.085,507086219,440280669,False
2022-08-05,26.66,19.824118,3.30443,9643832757.506,8373315974.889,507086219,440280669,False
2022-08-08,26.58,19.76463,3.294514,9614894024.55,8348189745.407,507086219,440280669,False
2022-08-09,26.87,19.980271,3.330459,9719796931.515,8439272327.279,507086219,440280669,False
2022-08-10,26.7,19.853861,3.309388,9658302123.984,8385879089.63,507086219,440280669,False
2022-08-11,28.83,21.437708,3.573395,10428795888.931,9054864949.589,507086219,440280669,False
2022-08-12,27.8,20.67181,3.445729,10056209702.125,8731364745.008,507086219,440280669,False
2022-08-15,27.96,20.790785,3.465561,10114087168.037,8781617203.972,507086219,440280669,False
2022-08-16,27.54,20.478477,3.413503,9962158820.019,8649704499.191,507086219,440280669,False
2022-08-17,27.99,20.813093,3.469279,10124939192.895,8791039540.028,507086219,440280669,False
2022-08-18,28.52,21.207195,3.534971,10316658298.727,8957500810.346,507086219,440280669,False
2022-08-19,27.66,20.567708,3.428377,10005566919.453,8687393843.414,507086219,440280669,False
2022-08-22,27.62,20.537964,3.423419,9991097552.975,8674830728.673,507086219,440280669,False
2022-08-23,27.42,20.389246,3.398629,9918750720.585,8612015154.968,507086219,440280669,False
2022-08-24,26.01,19.340784,3.223864,9408705552.24,8169165360.347,507086219,440280669,False
2022-08-25,26.13,19.430015,3.238738,9452113651.674,8206854704.571,507086219,440280669,False
2022-08-26,24.88,15.770227,2.891603,8999945949.24,7814257368.914,507086219,440280669,False
2022-08-29,25.1,15.909675,2.917172,9079527464.869,7883354499.989,507086219,440280669,False
2022-08-30,25.22,15.985737,2.931119,9122935564.302,7921043844.212,507086219,440280669,False
2022-08-31,24.54,15.554718,2.852088,8876956334.178,7707470893.615,507086219,440280669,False
2022-09-01,23.9,15.149053,2.777706,8645446470.532,7506461057.759,507086219,440280669,False
2022-09-02,24.74,15.681488,2.875332,8949303166.568,7770286467.32,507086219,440280669,False
2022-09-05,24.36,15.440624,2.831168,8811844185.028,7650936877.28,507086219,440280669,False
2022-09-06,24.66,15.63078,2.866034,8920364433.612,7745160237.838,507086219,440280669,False
2022-09-07,24.64,15.618103,2.86371,8913129750.373,7738878680.468,507086219,440280669,False
2022-09-08,24.13,15.294838,2.804437,8728645327.78,7578698967.52,507086219,440280669,False
2022-09-09,24.04,15.237792,2.793977,8696089253.205,7550431959.352,507086219,440280669,False
2022-09-13,23.9,15.149053,2.777706,8645446470.532,7506461057.759,507086219,440280669,False
2022-09-14,23.49,14.889173,2.730055,8497135464.134,7377689131.663,507086219,440280669,False
2022-09-15,22.6,14.325046,2.626617,8175192060.001,7098159828.676,507086219,440280669,False
2022-09-16,22.0,13.944735,2.556884,7958151562.833,6909713107.56,507086219,440280669,False
2022-09-19,21.99,13.938396,2.555722,7954534221.214,6906572328.875,507086219,440280669,False
2022-09-20,21.98,13.932058,2.554559,7950916879.594,6903431550.19,507086219,440280669,False
2022-09-21,21.98,13.932058,2.554559,7950916879.594,6903431550.19,507086219,440280669,False
2022-09-22,22.19,14.065166,2.578966,8026881053.603,6969387902.58,507086219,440280669,False
2022-09-23,21.6,13.691194,2.510395,7813457898.054,6784081960.15,507086219,440280669,False
2022-09-26,21.4,13.564424,2.487151,7741111065.665,6721266386.445,507086219,440280669,False
2022-09-27,21.96,13.919381,2.552235,7943682196.355,6897149992.819,507086219,440280669,False
2022-09-28,20.9,13.247498,2.42904,7560243984.691,6564227452.182,507086219,440280669,False
2022-09-29,21.47,13.608793,2.495286,7766432457.001,6743251837.242,507086219,440280669,False
2022-09-30,21.14,13.399622,2.456933,7647060183.559,6639606140.628,507086219,440280669,False
2022-10-10,20.3,12.867187,2.359306,7343203487.523,6375780731.067,507086219,440280669,False
2022-10-11,20.36,12.905218,2.36628,7364907537.24,6394625403.179,507086219,440280669,False
2022-10-12,21.37,13.545408,2.483664,7730259040.806,6711844050.389,507086219,440280669,False
2022-10-13,21.76,13.79261,2.528991,7871335363.966,6834334419.114,507086219,440280669,False
2022-10-14,21.96,13.919381,2.552235,7943682196.355,6897149992.819,507086219,440280669,False
2022-10-17,22.33,14.153906,2.595237,8077523836.275,7013358804.174,507086219,440280669,False
2022-10-18,22.25,14.103198,2.585939,8048585103.32,6988232574.692,507086219,440280669,False
2022-10-19,22.17,14.052489,2.576642,8019646370.364,6963106345.21,507086219,440280669,False
2022-10-20,22.44,14.223629,2.608021,8117314594.09,7047907369.712,507086219,440280669,False
2022-10-21,22.18,14.058828,2.577804,8023263711.983,6966247123.895,507086219,440280669,False
2022-10-24,21.8,13.817964,2.533639,7885804730.444,6846897533.855,507086219,440280669,False
2022-10-25,21.82,13.830641,2.535964,7893039413.683,6853179091.226,507086219,440280669,False
2022-10-26,22.6,14.325046,2.626617,8175192060.001,7098159828.676,507086219,440280669,False
2022-10-27,25.38,13.413177,2.758504,9180813030.214,7971296303.176,507086219,440280669,False
2022-10-28,24.46,12.926963,2.658511,8848017601.222,7682344664.133,507086219,440280669,False
2022-10-31,25.87,13.672139,2.811761,9358062769.568,8125194458.754,507086219,440280669,False
2022-11-01,26.41,13.957526,2.870453,9553399217.019,8294796507.758,507086219,440280669,False
2022-11-02,26.5,14.005091,2.880235,9585955291.594,8323063515.925,507086219,440280669,False
2022-11-03,27.32,14.438456,2.969359,9882577304.391,8580607368.116,507086219,440280669,False
2022-11-04,27.54,14.554724,2.99327,9962158820.019,8649704499.191,507086219,440280669,False
2022-11-07,27.3,14.427886,2.967185,9875342621.152,8574325810.745,507086219,440280669,False
2022-11-08,26.98,14.258768,2.932405,9759587689.329,8473820892.817,507086219,440280669,False
2022-11-09,26.72,14.121359,2.904146,9665536807.223,8392160647.001,507086219,440280669,False
2022-11-10,26.12,13.804263,2.838933,9448496310.054,8203713925.885,507086219,440280669,False
2022-11-11,26.33,13.915247,2.861758,9524460484.063,8269670278.276,507086219,440280669,False
2022-11-14,26.48,13.994521,2.878061,9578720608.355,8316781958.554,507086219,440280669,False
2022-11-15,27.6,14.586434,2.999792,9983862869.736,8668549171.303,507086219,440280669,False
2022-11-16,27.8,14.692133,3.021529,10056209702.125,8731364745.008,507086219,440280669,False
2022-11-17,28.23,14.919385,3.068265,10211755391.763,8866418228.474,507086219,440280669,False
2022-11-18,27.47,14.51773,2.985662,9936837428.683,8627719048.395,507086219,440280669,False
2022-11-21,28.16,14.882391,3.060657,10186434000.426,8844432777.677,507086219,440280669,False
2022-11-22,27.3,14.427886,2.967185,9875342621.152,8574325810.745,507086219,440280669,False
2022-11-23,26.7,14.110789,2.901972,9658302123.984,8385879089.63,507086219,440280669,False
2022-11-24,26.74,14.131929,2.90632,9672771490.462,8398442204.371,507086219,440280669,False
2022-11-25,26.17,13.830688,2.844368,9466583018.152,8219417819.312,507086219,440280669,False
2022-11-28,25.66,13.561156,2.788937,9282098595.559,8059238106.364,507086219,440280669,False
2022-11-29,25.83,13.651,2.807414,9343593403.09,8112631344.013,507086219,440280669,False
2022-11-30,25.8,13.635145,2.804153,9332741378.231,8103195204.474,507086219,440279919,False
2022-12-01,25.79,13.62986,2.803066,9329124036.612,8071091101.582,507086219,438705612,False
2022-12-02,25.79,13.62986,2.803066,9329124036.612,8071091101.582,507086219,438705612,False
2022-12-05,25.85,13.66157,2.809588,9350828086.329,8089868358.895,507086219,438705612,False
2022-12-06,25.38,13.413177,2.758504,9180813030.214,7942779843.278,507086219,438705612,False
2022-12-07,25.02,13.22292,2.719376,9050588731.913,7830116299.402,507086219,438705612,False
2022-12-08,24.93,13.175355,2.709594,9018032657.338,7801950413.433,507086219,438705612,False
2022-12-09,24.85,13.133076,2.700899,8989093924.382,7776914070.349,507086219,438705612,False
2022-12-12,25.36,13.402607,2.75633,9173578346.975,7936520757.508,507086219,438705612,False
2022-12-13,24.64,13.022092,2.678075,8913129750.373,7711193669.755,507086219,438705612,False
2022-12-14,24.66,13.032662,2.680249,8920364433.612,7717452755.526,507086219,438705612,False
2022-12-15,25.12,13.275769,2.730245,9086762148.107,7861411728.257,507086219,438705612,False
2022-12-16,24.23,12.805409,2.633513,8764818743.975,7582882411.451,507086219,438705612,False
2022-12-19,24.0,12.683856,2.608515,8681619886.727,7510902925.086,507086219,438705612,False
2022-12-20,23.9,12.631006,2.597646,8645446470.532,7479607496.231,507086219,438705612,False
2022-12-21,23.55,12.446033,2.559605,8518839513.851,7370073495.241,507086219,438705612,False
2022-12-22,23.2,12.26106,2.521564,8392232557.169,7260539494.25,507086219,438705612,False
2022-12-23,23.25,12.287485,2.526998,8410319265.267,7276187208.677,507086219,438705612,False
2022-12-26,23.4,12.366759,2.543302,8464579389.559,7323130351.959,507086219,438705612,False
2022-12-27,23.58,12.461888,2.562866,8529691538.709,7379462123.897,507086219,438705612,False
2022-12-28,23.22,12.27163,2.523738,8399467240.408,7266798580.021,507086219,438705612,False
2022-12-29,23.62,12.483028,2.567213,8544160905.187,7391980295.439,507086219,438705612,False
2022-12-30,23.75,12.551732,2.581342,8591186346.24,7432664352.95,507086219,438705612,False
2023-01-03,24.7,13.053801,2.684596,8934833800.09,7729970927.068,507086219,438705612,False
2023-01-04,24.81,13.111936,2.696552,8974624557.904,7764395898.808,507086219,438705612,False
2023-01-05,25.07,13.249344,2.724811,9068675440.01,7845764013.829,507086219,438705612,False
2023-01-06,25.22,13.328618,2.741114,9122935564.302,7892707157.111,507086219,438705612,False
2023-01-09,24.96,13.19121,2.712855,9028884682.196,7811339042.089,507086219,438705612,False
2023-01-10,24.89,13.154215,2.705247,9003563290.86,7789432241.891,507086219,438705612,False
2023-01-11,24.52,12.958673,2.665032,8869721650.939,7673639155.13,507086219,438705612,False
2023-01-12,24.68,13.043232,2.682422,8927599116.851,7723711841.297,507086219,438705612,False
2023-01-13,24.52,12.958673,2.665032,8869721650.939,7673639155.13,507086219,438705612,False
2023-01-16,25.1,13.265199,2.728071,9079527464.869,7855152642.486,507086219,438705612,False
2023-01-17,25.17,13.302194,2.73568,9104848856.205,7877059442.684,507086219,438705612,False
2023-01-18,25.3,13.370898,2.749809,9151874297.258,7917743500.195,507086219,438705612,False
2023-01-19,25.42,13.434317,2.762852,9195282396.692,7955298014.82,507086219,438705612,False
2023-01-20,25.6,13.529446,2.782415,9260394545.842,8011629786.758,507086219,438705612,False
2023-01-30,25.76,13.614005,2.799806,9318272011.754,8061702472.926,507086219,438705612,False
2023-01-31,25.14,13.286339,2.732419,9093996831.346,7867670814.028,507086219,438705612,False
2023-02-01,25.79,13.62986,2.803066,9329124036.612,8071091101.582,507086219,438705612,False
2023-02-02,26.14,13.814833,2.841107,9455730993.293,8180625102.573,507086219,438705612,False
2023-02-03,26.39,13.946956,2.868279,9546164533.78,8258863674.709,507086219,438705612,False
2023-02-06,27.24,14.396176,2.960664,9853638571.435,8524874819.973,507086219,438705612,False
2023-02-07,28.95,15.299901,3.146521,10472203988.364,9060026653.385,507086219,438705612,False
2023-02-08,28.58,15.104358,3.106306,10338362348.444,8944233566.623,507086219,438705612,False
2023-02-09,32.0,16.911808,3.478019,11575493182.303,10014537233.448,507086219,438705612,False
2023-02-10,32.46,17.154915,3.528016,11741890896.798,10158496206.179,507086219,438705612,False
2023-02-13,33.72,17.820817,3.664963,12197675940.851,10552818609.746,507086219,438705612,False
2023-02-14,32.36,17.102065,3.517147,11705717480.603,10127200777.324,507086219,438705612,False
2023-02-15,33.05,17.466726,3.592142,11955314052.347,10343139236.42,507086219,438705612,False
2023-02-16,31.48,16.636991,3.421502,11387391418.09,9851801003.404,507086219,438705612,False
2023-02-17,30.84,16.298755,3.351941,11155881554.444,9651510258.735,507086219,438705612,False
2023-02-20,31.27,16.526007,3.398677,11311427244.081,9786080602.81,507086219,438705612,False
2023-02-21,30.84,16.298755,3.351941,11155881554.444,9651510258.735,507086219,438705612,False
2023-02-22,30.98,16.372744,3.367157,11206524337.117,9695323859.132,507086219,438705612,False
2023-02-23,30.66,16.203626,3.332377,11090769405.294,9595178486.797,507086219,438705612,False
2023-02-24,31.38,16.584141,3.410633,11351218001.895,9820505574.55,507086219,438705612,False
2023-02-27,30.9,16.330464,3.358462,11177585604.161,9670287516.048,507086219,438705612,False
2023-02-28,32.19,17.012221,3.49867,11644222673.072,10073998548.272,507086219,438705612,False
2023-03-01,33.16,17.524861,3.604098,11995104810.161,10377564208.16,507086219,438705612,False
2023-03-02,33.41,17.656984,3.63127,12085538350.648,10455802780.297,507086219,438705612,False
2023-03-03,32.5,17.176055,3.532363,11756360263.276,10171014377.721,507086219,438705612,False
2023-03-06,32.16,16.996367,3.495409,11633370648.214,10064609919.615,507086219,438705612,False
2023-03-07,30.42,16.076787,3.306292,11003953206.426,9520069457.546,507086219,438705612,False
2023-03-08,31.08,16.425593,3.378026,11242697753.311,9726619287.986,507086219,438705612,False
2023-03-09,31.37,16.578856,3.409546,11347600660.276,9817376031.664,507086219,438705612,False
2023-03-10,30.84,16.298755,3.351941,11155881554.444,9651510258.735,507086219,438705612,False
2023-03-13,31.64,16.72155,3.438892,11445268884.002,9901873689.572,507086219,438705612,False
2023-03-14,30.87,16.314609,3.355202,11166733579.302,9660898887.392,507086219,438705612,False
2023-03-15,30.0,15.85482,3.260643,10852024858.409,9388628656.357,507086219,438705612,False
2023-03-16,29.56,15.622282,3.21282,10692861827.152,9250928769.398,507086219,438705612,False
2023-03-17,31.36,16.573571,3.408459,11343983318.656,9814246488.779,507086219,438705612,False
2023-03-20,31.9,16.858958,3.467151,11539319766.108,9983241804.593,507086219,438705612,False
2023-03-21,32.13,16.980512,3.492149,11622518623.356,10055221290.959,507086219,438705612,False
2023-03-22,37.05,19.580702,4.026894,13402250700.135,11594956390.601,507086219,438705612,False
2023-03-23,38.96,20.590126,4.234489,14093162949.453,12192699081.723,507086219,438705612,False
2023-03-24,39.3,20.769814,4.271443,14216152564.515,12299103539.828,507086219,438705612,False
2023-03-27,43.2,22.83094,4.695326,15626915796.108,13519625265.155,507086219,438705612,False
2023-03-28,42.73,22.582548,4.644243,15456900739.993,13372536749.539,507086219,438705612,False
2023-03-29,45.31,23.946062,4.924658,16390174877.816,14179958813.985,507086219,438705612,False
2023-03-30,45.56,24.078186,4.95183,16480608418.303,14258197386.122,507086219,438705612,False
2023-03-31,48.5,25.631958,5.271373,17544106854.427,15178282994.445,507086219,438705612,False
2023-04-03,58.2,30.75835,6.325648,21052928225.313,18213939593.334,507086219,438705612,False
2023-04-04,61.7,32.608079,6.706056,22318997792.127,19309279603.242,507086219,438705612,False
2023-04-06,65.89,34.822469,7.161459,23834663930.685,20620558072.246,507086219,438705612,False
2023-04-07,70.2,37.100278,7.629905,25393738168.676,21969391055.877,507086219,438705612,False
2023-04-10,71.85,37.972293,7.80924,25990599535.889,22485765631.976,507086219,438705612,False
2023-04-11,72.08,38.093846,7.834239,26073798393.136,22557745118.342,507086219,438705612,False
2023-04-12,70.99,37.517788,7.715769,25679508156.614,22216624943.827,507086219,438705612,False
2023-04-13,66.86,35.335108,7.266887,24185546067.773,20924123732.135,507086219,438705612,False
2023-04-14,72.68,38.410943,7.899451,26290838890.305,22745517691.469,507086219,438705612,False
2023-04-17,69.83,36.904735,7.58969,25259896528.756,21853597969.115,507086219,438705612,False
2023-04-18,79.9,42.226669,8.68418,28902559539.562,25005047654.765,507086219,438705612,False
2023-04-19,77.01,40.699322,8.370071,27857147811.535,24100609760.87,507086219,438705612,False
2023-04-20,82.57,43.637748,8.974377,29868389751.96,25840635605.181,507086219,438705612,False
2023-04-21,75.7,40.006995,8.22769,27383276059.384,23690639642.875,507086219,438705612,False
2023-04-24,78.99,41.74574,8.585273,28573381452.19,24720259252.189,507086219,438705612,False
2023-04-25,73.8,39.002856,8.021182,26695981151.685,23096026494.639,507086219,438705612,False
2023-04-26,71.2,37.628772,7.738593,25755472330.623,22282345344.422,507086219,438705612,False
2023-04-27,63.0,36.34435,6.469279,22789252202.658,19716120178.351,507086219,438705612,False
2023-04-28,68.99,39.799948,7.084374,24956039832.72,21590716366.737,507086219,438705612,False
2023-05-04,64.21,37.042392,6.59353,23226950538.614,20094794867.49,507086219,438705612,False
2023-05-05,59.65,34.411754,6.125278,21577442760.136,18667723311.724,507086219,438705612,False
2023-05-08,61.94,35.732842,6.360431,22405813990.994,19384388632.493,507086219,438705612,False
2023-05-09,64.28,37.082775,6.600718,23252271929.95,20116701667.689,507086219,438705612,False
2023-05-10,61.56,35.513622,6.32141,22268355009.454,19265466002.846,507086219,438705612,False
2023-05-11,60.89,35.127103,6.252609,22025993120.95,19055786629.52,507086219,438705612,False
2023-05-12,62.77,36.211664,6.445661,22706053345.41,19644140691.985,507086219,438705612,False
2023-05-15,63.61,36.696256,6.531918,23009910041.446,19907022294.363,507086219,438705612,False
2023-05-16,59.99,34.607898,6.160191,21700432375.198,18774127769.83,507086219,438705612,False
2023-05-17,61.46,35.455933,6.311141,22232181593.26,19234170573.991,507086219,438705612,False
2023-05-18,73.75,42.545965,7.573164,26677894443.588,23080378780.212,507086219,438705612,False
2023-05-19,66.3,38.248102,6.808146,23982974937.083,20748869330.55,507086219,438705612,False
2023-05-22,62.39,35.992444,6.40664,22568594363.87,19525218062.338,507086219,438705612,False
2023-05-23,63.03,36.361657,6.472359,22800104227.516,19725508807.007,507086219,438705612,False
2023-05-24,64.08,36.967396,6.580181,23179925097.561,20054110809.98,507086219,438705612,False
2023-05-25,68.55,39.546114,7.039192,24796876801.464,21453016479.777,507086219,438705612,False
2023-05-26,69.4,40.036475,7.126475,25104350839.119,21719027625.04,507086219,438705612,False
2023-05-29,71.49,41.242184,7.341091,25860375237.588,22373102088.1,507086219,438705612,False
2023-05-30,76.31,44.022815,7.836042,27603933898.172,23881541758.888,507086219,438705612,False
2023-05-31,84.43,48.707198,8.669861,30541215293.181,26570364480.769,507086219,441156828,False
2023-06-01,81.8,47.189966,8.399794,29589854447.261,25742695896.327,507086219,441156828,False
2023-06-02,79.23,45.707347,8.135888,28660197651.057,24933909484.914,507086219,441156828,False
2023-06-05,80.25,46.295779,8.240629,29029166496.243,25254906426.409,507086219,441156828,False
2023-06-06,79.5,45.863108,8.163614,28757865874.783,25018879263.545,507086219,441156828,False
2023-06-07,80.55,46.468848,8.271435,29137686744.827,25349317291.554,507086219,441156828,False
2023-06-08,55.08,44.485379,7.918379,27893978662.296,24267302758.947,709919026,617617879,False
2023-06-09,58.89,47.562527,8.46611,29823464114.427,25945923374.626,709919026,617617879,False
2023-06-12,60.82,49.121292,8.743569,30800867506.189,26796248253.434,709919026,617617879,False
2023-06-13,61.38,49.573576,8.824075,31084466417.788,27042974643.14,709919026,617617879,False
2023-06-14,65.8,53.143391,9.459501,33322872112.91,28990350790.463,709919026,617617879,False
2023-06-15,63.8,51.52809,9.171978,32310018857.199,28109185112.941,709919026,617617879,False
2023-06-16,68.64,55.437117,9.867783,34761123736.021,30241606052.544,709919026,617617879,False
2023-06-19,78.3,63.239019,11.256519,39653204961.108,34497636274.974,709919026,617617879,False
2023-06-20,80.0,64.612025,11.500913,40514130228.462,35246627100.867,709919026,617617879,False
2023-06-21,70.44,56.890888,10.126554,35672691666.161,31034655162.313,709919026,617617879,False
2023-06-26,64.28,51.915762,9.240984,32553103638.57,28320664875.547,709919026,617617879,False
2023-06-27,61.56,49.718953,8.849953,31175623210.802,27122279554.117,709919026,617617879,False
2023-06-28,57.0,46.036068,8.1944,28866317787.779,25113221809.368,709919026,617617879,False
2023-06-29,60.6,48.943609,8.711942,30689453648.06,26699320028.907,709919026,617617879,False
2023-06-30,67.97,54.895992,9.771463,34421817895.357,29946415502.087,709919026,617617878,False
2023-07-03,67.76,54.726385,9.741273,34315468303.508,29853893106.097,709919026,617617878,False
2023-07-04,71.39,57.658156,10.263127,36153796962.624,31453208808.21,709919026,617617878,False
2023-07-05,66.41,53.636057,9.547195,33631792355.902,29259106274.733,709919026,617617878,False
2023-07-06,68.0,54.920221,9.775776,34437010694.193,29959632987.229,709919026,617617878,False
2023-07-07,67.48,54.500243,9.70102,34173668847.708,29730529911.444,709919026,617617878,False
2023-07-10,64.85,52.376123,9.322928,32841766816.447,28571797047.379,709919026,617617878,False
2023-07-11,65.3,52.739565,9.38762,33069658798.982,28770059324.5,709919026,617617878,False
2023-07-12,59.34,47.92597,8.530802,30051356096.962,26144185609.737,709919026,617617878,False
2023-07-13,63.4,51.20503,9.114474,32107448206.056,27932951932.21,709919026,617617878,False
2023-07-14,65.39,52.812254,9.400559,33115237195.489,28809711779.925,709919026,617617878,False
2023-07-17,68.18,55.065598,9.801653,34528167487.207,30038937898.077,709919026,617617878,False
2023-07-18,65.03,52.5215,9.348805,32932923609.461,28651101958.228,709919026,617617878,False
2023-07-19,64.17,51.826921,9.22517,32497396709.505,28272200717.507,709919026,617617878,False
2023-07-20,57.82,46.698341,8.312285,29281587622.621,25474499695.905,709919026,617617878,False
2023-07-21,55.62,44.92151,7.99601,28167449041.339,24505217452.201,709919026,617617878,False
2023-07-24,56.55,45.672625,8.129708,28638425805.244,24914959491.585,709919026,617617878,False
2023-07-25,57.8,46.682188,8.30941,29271459090.064,25465688039.144,709919026,617617878,False
2023-07-26,55.0,44.420767,7.906878,27853464532.068,24232056092.611,709919026,617617878,False
2023-07-27,53.49,43.201215,7.689798,27088760324.006,23566776007.16,709919026,617617878,False
2023-07-28,52.6,42.482406,7.56185,26638040625.214,23174657281.297,709919026,617617878,False
2023-07-31,51.9,41.917051,7.461217,26283541985.715,22866249294.664,709919026,617617878,False
2023-08-01,53.77,43.427357,7.730051,27230559779.805,23690139201.813,709919026,617617878,False
2023-08-02,54.59,44.089631,7.847935,27645829614.647,24051417129.012,709919026,617617878,False
2023-08-03,53.51,43.217368,7.692673,27098888856.563,23575587663.921,709919026,617617878,False
2023-08-04,56.73,45.818002,8.155585,28729582598.258,24994264402.434,709919026,617617878,False
2023-08-07,57.67,46.577193,8.290721,29205623628.443,25408412270.198,709919026,617617878,False
2023-08-08,55.69,44.978046,8.006073,28202898905.288,24536058250.864,709919026,617617878,False
2023-08-09,52.77,42.619707,7.58629,26724133151.95,23249556363.766,709919026,617617878,False
2023-08-10,51.76,41.80398,7.441091,26212642257.815,22804567697.338,709919026,617617878,False
2023-08-11,50.65,40.907488,7.281516,25650508700.895,22315520747.105,709919026,617617878,False
2023-08-14,51.0,41.190166,7.331832,25827758020.645,22469724740.421,709919026,617617878,False
2023-08-15,50.34,40.657117,7.236949,25493516446.26,22178940067.31,709919026,617617878,False
2023-08-16,49.13,39.67986,7.062998,24880740226.554,21645834833.273,709919026,617617878,False
2023-08-17,50.18,40.527893,7.213948,25412488185.803,22108446813.223,709919026,617617878,False
2023-08-18,47.0,37.959565,6.756786,23802051509.222,20707393388.232,709919026,617617878,False
2023-08-21,47.86,38.654144,6.880421,24237578409.178,21086294628.952,709919026,617617878,False
2023-08-22,49.96,40.35021,7.18232,25301074327.675,22011518588.852,709919026,617617878,False
2023-08-23,47.2,38.121095,6.785539,23903336834.793,20795509955.841,709919026,617617878,False
2023-08-24,46.9,37.8788,6.74241,23751408846.436,20663335104.427,709919026,617617878,False
2023-08-25,43.8,42.545074,6.142228,22181486300.083,19297528306.48,709919026,617617878,False
2023-08-28,44.48,43.205591,6.237587,22525856407.025,19597124636.352,709919026,617617878,False
2023-08-29,45.15,43.856394,6.331543,22865162247.688,19892315137.844,709919026,617617878,False
2023-08-30,45.42,44.118659,6.369406,23001897437.21,20011272504.117,709919026,617617878,False
2023-08-31,45.58,44.274074,6.391844,23082925697.666,20081765758.204,709919026,617617878,False
2023-09-01,44.25,42.982181,6.205333,22409378282.618,19495790583.601,709919026,617617878,False
2023-09-04,44.84,43.555276,6.288071,22708169993.053,19755734458.049,709919026,617617878,False
2023-09-05,43.8,42.545074,6.142228,22181486300.083,19297528306.48,709919026,617617878,False
2023-09-06,43.83,42.574214,6.146435,22196679098.919,19310745791.621,709919026,617617878,False
2023-09-07,42.19,40.981202,5.916452,21366139429.235,18588189937.223,709919026,617617878,False
2023-09-08,41.39,40.204123,5.804265,20960998126.951,18235723666.785,709919026,617617878,False
2023-09-11,44.02,42.75877,6.173079,22292900158.211,19394456530.85,709919026,617617878,False
2023-09-12,44.28,43.011321,6.20954,22424571081.454,19509008068.742,709919026,617617878,False
2023-09-13,42.49,41.272607,5.958522,21518067417.592,18720364788.637,709919026,617617878,False
2023-09-14,41.82,40.621803,5.864566,21178761576.929,18425174287.146,709919026,617617878,False
2023-09-15,40.25,39.096786,5.644399,20383671771.195,17733459231.411,709919026,617617878,False
2023-09-18,39.05,37.931167,5.476119,19775959817.768,17204759825.754,709919026,617617878,False
2023-09-19,38.92,37.804892,5.457888,19710124356.147,17147484056.808,709919026,617617878,False
2023-09-20,39.64,38.504263,5.558857,20074751528.203,17464703700.202,709919026,617617878,False
2023-09-21,39.8,38.659679,5.581294,20155779788.66,17535196954.29,709919026,617617878,False
2023-09-22,44.64,43.361007,6.260024,22606884667.482,19667617890.44,709919026,617617878,False
2023-09-25,42.7,41.47659,5.987971,21624417009.442,18812887184.627,709919026,617617878,False
2023-09-26,43.86,42.603355,6.150642,22211871897.755,19323963276.762,709919026,617617878,False
2023-09-27,45.1,43.807827,6.324532,22839840916.296,19870285995.941,709919026,617617878,False
2023-09-28,46.0,44.682041,6.450742,23295624881.366,20266810550.184,709919026,617617878,False
2023-10-09,44.97,43.681552,6.306301,22774005454.674,19813010226.995,709919026,617617878,False
2023-10-10,44.73,43.448428,6.272645,22652463063.989,19707270345.864,709919026,617617878,False
2023-10-11,45.03,43.739833,6.314715,22804391052.346,19839445197.278,709919026,617617878,False
2023-10-12,43.73,42.477079,6.132412,22146036436.133,19266687507.816,709919026,617617878,False
2023-10-13,42.87,41.641719,6.011811,21710509536.177,18887786267.095,709919026,617617878,False
2023-10-16,41.2,40.019567,5.777621,20864777067.658,18152012927.556,709919026,617617878,False
2023-10-17,41.07,39.893292,5.759391,20798941606.037,18094737158.61,709919026,617617878,False
2023-10-18,39.18,38.057443,5.494349,19841795279.389,17262035594.7,709919026,617617878,False
2023-10-19,38.12,37.027813,5.345702,19304983053.862,16795017786.37,709919026,617617878,False
2023-10-20,36.56,35.512509,5.126937,18514957514.407,16107708559.016,709919026,617617878,False
2023-10-23,33.41,41.559427,4.557933,16919713636.662,14719872619.166,709919026,617617878,False
2023-10-24,33.96,42.243584,4.632967,17198248281.982,14962193180.092,709919026,617617878,False
2023-10-25,32.26,40.128917,4.401046,16337323014.627,14213202355.412,709919026,617617878,False
2023-10-26,32.7,40.676242,4.461072,16560150730.884,14407058804.153,709919026,617617878,False
2023-10-27,32.41,40.315505,4.421509,16413287008.806,14279289781.119,709919026,617617878,False
2023-10-30,32.44,40.352823,4.425602,16428479807.642,14292507266.26,709919026,617617878,False
2023-10-31,31.38,39.034266,4.280992,15891667582.114,13825489457.93,709919026,617617878,False
2023-11-01,30.68,38.16352,4.185495,15537168942.615,13517081471.297,709919026,617617878,False
2023-11-02,30.06,37.392289,4.100912,15223184433.345,13243920111.707,709919026,617617878,False
2023-11-03,32.0,39.805497,4.365575,16205652091.385,14098650817.519,709919026,617617878,False
2023-11-06,33.01,41.061858,4.503364,16717142985.519,14543639483.947,709919026,617617878,False
2023-11-07,39.61,49.271742,5.403764,20059558729.367,17451486215.061,709919026,617617878,False
2023-11-08,41.25,51.311773,5.627499,20890098399.051,18174042069.459,709919026,617617878,False
2023-11-09,41.41,51.510801,5.649327,20971126659.508,18244535323.546,709919026,617617878,False
2023-11-10,42.6,52.991068,5.811672,21573774346.656,18768828900.823,709919026,617617878,False
2023-11-13,43.25,53.799617,5.900348,21902951654.763,19055207745.554,709919026,617617878,False
2023-11-14,44.06,54.807194,6.010851,22313157223.326,19412079844.372,709919026,617617878,False
2023-11-15,42.69,53.103021,5.82395,21619352743.163,18808481356.247,709919026,617617878,False
2023-11-16,41.47,51.585436,5.657513,21001512257.179,18270970293.829,709919026,617617878,False
2023-11-17,46.83,58.252857,6.388747,23715958982.486,20632494305.763,709919026,617617878,False
2023-11-20,47.24,58.762865,6.44468,23923593899.907,20813133269.363,709919026,617617878,False
2023-11-21,46.28,57.5687,6.313713,23437424337.166,20390173744.837,709919026,617617878,False
2023-11-22,43.45,54.048401,5.927633,22004236980.334,19143324313.163,709919026,617617878,False
2023-11-23,44.65,55.541108,6.091342,22611948933.761,19672023718.82,709919026,617617878,False
2023-11-24,42.57,52.95375,5.807579,21558581547.821,18755611415.681,709919026,617617878,False
2023-11-27,45.3,56.349657,6.180017,22941126241.867,19958402563.551,709919026,617617878,False
2023-11-28,44.85,55.789892,6.118627,22713234259.332,19760140286.429,709919026,617617878,False
2023-11-29,44.29,55.093296,6.042229,22429635347.733,19513413897.123,709919026,617617878,False
2023-11-30,46.3,57.593578,6.316442,23447552869.723,20398985401.598,709919026,617617878,False
2023-12-01,49.83,61.984622,6.798019,25235238866.054,21954242819.906,709919026,617617878,False
2023-12-04,49.0,60.952167,6.684787,24814904764.933,21588559064.327,709919026,617617878,False
2023-12-05,48.1,59.832638,6.562005,24359120799.863,21192034510.084,709919026,617617878,False
2023-12-06,48.4,60.205814,6.602933,24511048788.22,21324209361.498,709919026,617617878,False
2023-12-07,50.98,63.415132,6.954907,25817629488.088,22460913083.661,709919026,617617878,False
2023-12-08,54.2,67.420561,7.394193,27448323229.783,23879589822.173,709919026,617617878,False
2023-12-11,55.28,68.763996,7.541531,27995263987.868,24355419287.265,709919026,617617878,False
2023-12-12,52.73,65.591996,7.193649,26703876086.835,23231933050.244,709919026,617617878,False
2023-12-13,52.38,65.156623,7.145901,26526626767.086,23077729056.927,709919026,617617878,False
2023-12-14,53.8,66.922992,7.339623,27245752578.641,23703356686.954,709919026,617617878,False
2023-12-15,51.0,63.440011,6.957636,25827758020.645,22469724740.421,709919026,617617878,False
2023-12-18,51.7,64.310756,7.053133,26182256660.144,22778132727.055,709919026,617617878,False
2023-12-19,51.88,64.534662,7.077689,26273413453.158,22857437637.903,709919026,617617878,False
2023-12-20,49.22,61.22583,6.7148,24926318623.062,21685487288.697,709919026,617617878,False
2023-12-21,50.76,63.14147,6.924894,25706215629.959,22363984859.29,709919026,617617878,False
2023-12-22,48.85,60.765579,6.664323,24738940770.755,21522471638.619,709919026,617617878,False
2023-12-25,49.47,61.536811,6.748907,25052925280.025,21795632998.209,709919026,617617878,False
2023-12-26,47.36,58.912136,6.461051,23984365095.25,20866003209.929,709919026,617617878,False
2023-12-27,47.02,58.489202,6.414667,23812180041.779,20716205044.993,709919026,617617878,False
2023-12-28,48.3,60.081422,6.58929,24460406125.434,21280151077.693,709919026,617617878,False
2023-12-29,49.32,61.350222,6.728443,24976961285.847,21729545572.502,709919026,617617878,False
2024-01-02,47.97,59.670928,6.54427,24293285338.242,21134758741.138,709919026,617617878,False
2024-01-03,46.52,57.867241,6.346455,23558966727.851,20495913625.969,709919026,617617878,False
2024-01-04,47.58,59.185798,6.491065,24095778953.378,20962931434.299,709919026,617617878,False
2024-01-05,44.72,55.628182,6.100891,22647398797.71,19702864517.483,709919026,617617878,False
2024-01-08,43.96,54.682802,5.997209,22262514560.54,19368021560.567,709919026,617617878,False
2024-01-09,45.33,56.386974,6.18411,22956319040.703,19971620048.692,709919026,617617878,False
2024-01-10,44.39,55.217688,6.055871,22480278010.518,19557472180.928,709919026,617617878,False
2024-01-11,45.91,57.108449,6.263236,23250046484.859,20227158094.76,709919026,617617878,False
2024-01-12,44.21,54.993782,6.031315,22389121217.504,19478167270.079,709919026,617617878,False
2024-01-15,46.85,58.277735,6.391475,23726087515.043,20641305962.524,709919026,617617878,False
2024-01-16,47.79,59.447022,6.519714,24202128545.228,21055453830.289,709919026,617617878,False
2024-01-17,48.27,60.044104,6.585197,24445213326.599,21266933592.552,709919026,617617878,False
2024-01-18,52.54,65.35565,7.167729,26607655027.543,23148222311.015,709919026,617617878,False
2024-01-19,51.04,63.489768,6.963093,25848015085.759,22487348053.943,709919026,617617878,False
2024-01-22,52.51,65.318333,7.163636,26592462228.707,23135004825.873,709919026,617617878,False
2024-01-23,54.79,68.154474,7.474683,27747114940.218,24139533696.621,709919026,617617878,False
2024-01-24,53.56,66.624451,7.306882,27124210187.956,23597616805.823,709919026,617617878,False
2024-01-25,54.6,67.918129,7.448763,27650893880.926,24055822957.392,709919026,617617878,False
2024-01-26,52.0,64.683933,7.09406,26334184648.501,22910307578.469,709919026,617617878,False
2024-01-29,44.7,55.603304,6.098163,22637270265.153,19694052860.722,709919026,617617878,False
2024-01-30,42.99,53.476197,5.864878,21771280731.52,18940656207.661,709919026,617617878,False
2024-01-31,42.4,52.742284,5.784387,21472489021.085,18680712333.213,709919026,617617878,False
2024-02-01,45.47,56.561123,6.20321,23027218768.602,20033301646.019,709919026,617617878,False
2024-02-02,45.5,56.598441,6.207302,23042411567.438,20046519131.16,709919026,617617878,False
2024-02-05,46.32,57.618457,6.31917,23457681402.28,20407797058.359,709919026,617617878,False
2024-02-06,51.8,64.435148,7.066775,26232899322.929,22822191010.859,709919026,617617878,False
2024-02-07,52.7,65.554678,7.189557,26688683288.0,23218715565.102,709919026,617617878,False
2024-02-08,54.9,68.291306,7.48969,27802821869.282,24187997808.807,709919026,617617878,False
2024-02-19,65.88,81.949567,8.987628,33363386243.139,29025597370.568,709919026,617617878,False
2024-02-20,63.0,78.367072,8.594726,31904877554.914,27756718796.991,709919026,617617878,False
2024-02-21,59.52,74.038224,8.11997,30142512889.976,26223490520.586,709919026,617617878,False
2024-02-22,60.06,74.709942,8.193639,30415983269.018,26461405253.132,709919026,617617878,False
2024-02-23,59.96,74.58555,8.179997,30365340606.233,26417346969.327,709919026,617617878,False
2024-02-26,60.72,75.530931,8.283679,30750224843.403,26752189926.243,709919026,617617878,False
2024-02-27,63.73,79.275135,8.694316,32274568993.249,28078344268.766,709919026,617617878,False
2024-02-28,57.95,72.085267,7.905784,29347423084.242,25531775464.851,709919026,617617878,False
2024-02-29,60.05,74.697503,8.192275,30410919002.74,26456999424.751,709919026,617617878,False
2024-03-01,64.8,66.612129,8.84029,32816445485.055,28549767905.477,709919026,617617878,False
2024-03-04,69.45,71.392166,9.474663,35171329304.584,30598478102.397,709919026,617617878,False
2024-03-05,68.68,70.600633,9.369616,34781380801.135,30259229317.101,709919026,617617878,False
2024-03-06,67.9,69.798821,9.263205,34386368031.407,29915574703.424,709919026,617617878,False
2024-03-07,65.43,67.259747,8.926237,33135494260.604,28827335093.447,709919026,617617878,False
2024-03-08,68.81,70.734269,9.387351,34847216262.756,30316505086.047,709919026,617617878,False
2024-03-11,67.9,69.798821,9.263205,34386368031.407,29915574703.424,709919026,617617878,False
2024-03-12,67.15,69.027847,9.160887,34006548060.516,29585137574.888,709919026,617617878,False
2024-03-13,66.53,68.390509,9.076304,33692563551.245,29311976215.299,709919026,617617878,False
2024-03-14,67.8,69.696024,9.249563,34335725368.622,29871516419.619,709919026,617617878,False
2024-03-15,76.98,79.132742,10.501937,38984721812.338,33916066872.895,709919026,617617878,False
2024-03-18,79.4,81.620418,10.832084,40210274251.749,34982277340.97,709919026,617617878,False
2024-03-19,77.06,79.21498,10.512851,39025235942.566,33951313499.939,709919026,617617878,False
2024-03-20,74.93,77.025414,10.222267,37946547225.234,33012872054.898,709919026,617617878,False
2024-03-21,75.22,77.323524,10.26183,38093410947.312,33140641077.931,709919026,617617878,False
2024-03-22,79.7,81.928807,10.873011,40362202240.106,35114452192.384,709919026,617617878,False
2024-03-25,75.85,77.971142,10.347778,38412459722.861,33418208265.901,709919026,617617878,False
2024-03-26,70.47,72.440691,9.613815,35687884464.997,31047872597.206,709919026,617617878,False
2024-03-27,67.01,68.883932,9.141787,33935648332.616,29523455977.562,709919026,617617878,False
2024-03-28,67.97,69.870778,9.272755,34421817895.357,29946415502.087,709919026,617617878,False
2024-03-29,67.0,68.873652,9.140423,33930584066.337,29519050149.181,709919026,617617878,False
2024-04-01,70.93,72.913554,9.67657,35920840713.811,31250540702.708,709919026,617617878,False
2024-04-02,71.35,73.3453,9.733869,36133539897.51,31435585494.688,709919026,617617878,False
2024-04-03,67.77,69.665185,9.24547,34320532569.786,29858298934.478,709919026,617617878,False
2024-04-08,69.09,71.022099,9.42555,34989015718.556,30439868280.7,709919026,617617878,False
2024-04-09,67.51,69.397914,9.21,34188861646.544,29743747396.585,709919026,617617878,False
2024-04-10,65.47,67.300866,8.931694,33155751325.718,28844958406.969,709919026,617617878,False
2024-04-11,66.09,67.938204,9.016277,33469735834.989,29118119766.558,709919026,617617878,False
2024-04-12,69.5,71.443565,9.481484,35196650635.977,30620507244.3,709919026,617617878,False
2024-04-15,70.83,72.810758,9.662928,35870198051.025,31206482418.903,709919026,617617878,False
2024-04-16,68.25,70.158608,9.310953,34563617351.157,30069778696.741,709919026,617617878,False
2024-04-17,71.45,73.448096,9.747511,36184182560.296,31479643778.492,709919026,617617878,False
2024-04-18,70.5,72.47153,9.617908,35703077263.833,31061090082.347,709919026,617617878,False
2024-04-19,68.8,70.723989,9.385987,34842151996.478,30312099257.667,709919026,617617878,False
2024-04-22,65.15,66.971917,8.888038,32993694804.804,28703971898.793,709919026,617617878,False
2024-04-23,69.04,54.153802,8.454386,34963694387.163,30417839138.798,709919026,617617878,False
2024-04-24,79.38,62.264323,9.720585,40200145719.192,34973465684.209,709919026,617617878,False
2024-04-25,79.16,62.091758,9.693644,40088731861.064,34876537459.839,709919026,617617878,False
2024-04-26,83.8,65.731296,10.261842,42438551414.314,36920841828.379,709919026,617617878,False
2024-04-29,87.3,68.476636,10.690439,44211044611.81,38462881761.545,709919026,617617878,False
2024-04-30,86.5,67.84913,10.592474,43805903309.525,38110415491.107,709919026,617617878,False
2024-05-06,85.87,67.354968,10.515326,43486854533.976,37832848303.137,709919026,617617878,False
2024-05-07,83.3,65.339104,10.200614,42185338100.387,36700550409.355,709919026,617617878,False
2024-05-08,83.63,65.59795,10.241024,42352458887.579,36845942745.911,709919026,617617878,False
2024-05-09,84.19,66.037205,10.3096,42636057799.178,37092669135.217,709919026,617617878,False
2024-05-10,83.83,65.754827,10.265515,42453744213.15,36934059313.52,709919026,617617878,False
2024-05-13,83.48,65.480293,10.222656,42276494893.401,36779855320.204,709919026,617617878,False
2024-05-14,80.15,62.868298,9.814876,40590094222.641,35312714469.506,709919026,617617878,False
2024-05-15,80.77,63.354615,9.890799,40904078731.911,35585875829.095,709919026,617617878,False
2024-05-16,82.73,64.892006,10.130813,41896674922.509,36449418191.668,709919026,617617878,False
2024-05-17,85.0,66.672555,10.408789,43046263367.741,37449541234.036,709919026,617617878,False
2024-05-20,90.12,70.688596,11.035766,45639167702.363,39705325364.839,709919026,617617878,False
2024-05-21,89.84,70.468969,11.001478,45497368246.56301,39581962170.186,709919026,617617878,False
2024-05-22,88.65,69.535553,10.855755,44894720559.415,39057668592.909,709919026,617617878,False
2024-05-23,87.0,68.241321,10.653702,44059116623.453,38330706910.131,709919026,617617878,False
2024-05-24,85.3,66.90787,10.445526,43198191356.098,37581716085.45,709919026,617617878,False
2024-05-27,88.83,69.676742,10.877797,44985877352.429,39136973503.758,709919026,617617878,False
2024-05-28,88.46,69.38652,10.832488,44798499500.122,38973957853.68,709919026,617617878,False
2024-05-29,87.86,68.915891,10.759015,44494643523.409,38709608150.852,709919026,617617878,False
2024-05-30,86.6,67.927568,10.60472,43856545972.311,38154473774.912,709919026,617617878,False
2024-05-31,86.73,68.029538,10.620639,43922381433.932,38211749543.858,709919026,617617878,False
2024-06-03,95.35,74.790919,11.676213,48287778966.04901,42009573607.827,709919026,617617878,False
2024-06-04,96.08,75.363519,11.765606,48657470404.383,42331199079.602,709919026,617617878,False
2024-06-05,93.32,73.198622,11.427626,47259732911.501,41115190446.591,709919026,617617878,False
2024-06-06,93.78,73.559438,11.483956,47492689160.315,41317858552.093,709919026,617617878,False
2024-06-07,91.12,71.472979,11.158222,46145594330.219,40145908202.886,709919026,617617878,False
2024-06-11,91.74,71.959297,11.234145,46459578839.489,40419069562.476,709919026,617617878,False
2024-06-12,91.75,71.96714,11.23537,46464643105.768,40423475390.856,709919026,617617878,False
2024-06-13,95.68,75.049766,11.716623,48454899753.241,42154965944.383,709919026,617617878,False
2024-06-14,108.5,85.105556,13.286514,54947289122.352,47803237928.152,709919026,617617878,False
2024-06-17,110.49,86.666478,13.530202,55955078111.78501,48679997775.866,709919026,617617878,False
2024-06-18,115.2,90.360922,14.106971,58340347528.986,50755142943.07,709919026,617617878,False
2024-06-19,114.93,90.149138,14.073908,58203612339.46499,50636185576.797,709919026,617617878,False
2024-06-20,113.1,88.713717,13.849813,57276851610.489,49829918983.17,709919026,617617878,False
2024-06-21,112.77,88.454871,13.809402,57109730823.296,49684526646.614,709919026,617617878,False
2024-06-24,111.1,87.144951,13.6049,56176171014.152,49644948962.24,708810852,626402226,False
2024-06-25,105.78,82.842516,12.933212,53486186947.588,47267711082.139,708810852,626402226,False
2024-06-26,108.61,85.058854,13.279223,54917137118.335,48532294390.539,708810852,626402226,False
2024-06-27,105.04,82.262978,12.842736,53112016231.562,46937042655.208,708810852,626402226,False
2024-06-28,105.55,82.662389,12.905091,53369890643.958,47164935760.255,708810852,626402226,False
2024-07-01,110.33,86.405887,13.489519,55786831215.044,49300875058.541,708810852,626402226,False
2024-07-02,112.95,88.457763,13.809854,57111597804.217,50471620029.568,708810852,626402226,False
2024-07-03,109.99,86.139613,13.447949,55614914940.113,49148946321.843,708810852,626402226,False
2024-07-04,112.33,87.972204,13.734049,56798103420.519,50194573509.706,708810852,626402226,False
2024-07-05,112.98,88.481258,13.813522,57126766887.29901,50485025506.335,708810852,626402226,False
2024-07-08,113.45,88.849342,13.870986,57364415855.585,50695044642.359,708810852,626402226,False
2024-07-09,118.56,92.851282,14.495761,59948216340.575,52978444185.087,708810852,626402226,False
2024-07-10,119.4,93.509136,14.598464,60372950666.874,53353797534.576,708810852,626402226,False
2024-07-11,116.29,91.073512,14.218219,58800422387.36,51964096443.014,708810852,626402226,False
2024-07-12,113.35,88.771026,13.85876,57313852245.312,50650359719.801,708810852,626402226,False
2024-07-15,112.42,88.042689,13.745053,56843610669.766,50234789940.009,708810852,626402226,False
2024-07-16,113.99,89.272248,13.937009,57637459351.064,50936343224.174,708810852,626402226,False
2024-07-17,110.55,86.578182,13.516417,55898071157.646,49399181888.169,708810852,626402226,False
2024-07-18,108.82,85.223318,13.304898,55023320699.91,48626132727.911,708810852,626402226,False
2024-07-19,105.36,82.513589,12.881861,53273819784.438,47080034407.395,708810852,626402226,False
2024-07-22,105.11,82.317799,12.851294,53147410758.754,46968322100.999,708810852,626402226,False
2024-07-23,102.19,80.030976,12.49428,51670953338.76,45663522362.298,708810852,626402226,False
2024-07-24,101.06,79.146007,12.35612,51099584542.666,45158582737.389,708810852,626402226,False
2024-07-25,93.69,73.374128,11.455026,47373046465.49,41865303944.844,708810852,626402226,False
2024-07-26,95.37,74.689835,11.660431,48222515118.089,42616010643.823,708810852,626402226,False
2024-07-29,99.66,78.049585,12.184949,50391693998.833,44532993821.573,708810852,626402226,False
2024-07-30,97.69,76.506763,11.944087,49395590876.44,43652700847.175,708810852,626402226,False
2024-07-31,99.77,78.135733,12.198398,50447313970.135,44582147236.387,708810852,626402226,False
2024-08-01,101.76,79.694218,12.441706,51453529814.582,45471377195.297,708810852,626402226,False
2024-08-02,92.41,72.371685,11.298526,46725832253.985,41293336936.099,708810852,626402226,False
2024-08-05,85.5,66.960059,10.453674,43231886784.068,38205608787.322,708810852,626402226,False
2024-08-06,90.49,70.868021,11.063777,45755010936.72899,40435386422.98,708810852,626402226,False
2024-08-07,91.67,71.792148,11.20805,46351661537.96,40962668509.167,708810852,626402226,False
2024-08-08,90.8,71.1108,11.10168,45911758128.578,40573909682.91,708810852,626402226,False
2024-08-09,93.88,73.522928,11.478256,47469117325.01,41950205297.705,708810852,626402226,False
2024-08-12,95.43,74.736824,11.667767,48252853284.253,42642821597.358,708810852,626402226,False
2024-08-13,95.98,75.167562,11.735013,48530953140.759,42888588671.429,708810852,626402226,False
2024-08-14,95.0,74.400066,11.615193,48035429760.076,42450676430.358,708810852,626402226,False
2024-08-15,94.6,74.086803,11.566287,47833175318.981,42271936740.125,708810852,626402226,False
2024-08-16,98.2,76.906174,12.006442,49653465288.836,43880593952.222,708810852,626402226,False
2024-08-19,99.6,78.002596,12.177613,50361355832.669,44506182868.038,708810852,626402226,False
2024-08-20,99.89,78.229712,12.21307,50507990302.463,44635769143.457,708810852,626402226,False
2024-08-21,100.41,78.636954,12.276648,50770921075.887,44868130740.76,708810852,626402226,False
2024-08-22,100.45,78.66828,12.281539,50791146519.996,44886004709.784,708810852,626402226,False
2024-08-23,98.99,77.524869,12.103031,50052917809.999,44233604840.433,708810852,626402226,False
2024-08-26,97.35,76.240489,11.902517,49223674601.509,43500772110.477,708810852,626402226,False
2024-08-27,97.57,76.412784,11.929415,49334914544.112,43599078940.105,708810852,626402226,False
2024-08-28,97.83,76.616405,11.961204,49466379930.824,43715259738.75701,708810852,626402226,False
2024-08-29,91.59,51.314537,10.398525,46311210649.741,40926920571.121,708810852,626402226,False
2024-08-30,93.79,52.547116,10.648298,47423610075.763,41909988867.403,708810852,626402226,False
2024-09-02,88.49,49.57772,10.046571,44743738731.254,39541687971.814,708810852,626402226,False
2024-09-03,88.41,49.532899,10.037489,44703287843.03501,39505940033.768,708810852,626402226,False
2024-09-04,88.2,49.415243,10.013647,44597104261.46,39412101696.395,708810852,626402226,False
2024-09-05,90.27,50.574989,10.248661,45643770994.127,40337079593.352,708810852,626402226,False
2024-09-06,88.61,49.644951,10.060195,44804415063.582,39595309878.884,708810852,626402226,False
2024-09-09,91.09,51.034405,10.341758,46058392598.372,40703495958.329,708810852,626402226,False
2024-09-10,92.61,51.886005,10.514329,46826959474.533,41382706781.21499,708810852,626402226,False
2024-09-11,93.62,52.451872,10.628998,47337651938.298,41834024499.054,708810852,626402226,False
2024-09-12,95.22,53.348293,10.810651,48146669702.678,42548983259.986,708810852,626402226,False
2024-09-13,100.33,56.21124,11.390807,50730470187.668,44832382802.714,708810852,626402226,False
2024-09-18,99.57,55.78544,11.304521,50346186749.587,44492777391.27101,708810852,626402226,False
2024-09-19,97.86,54.827389,11.110379,49481549013.906,43728665215.524,708810852,626402226,False
2024-09-20,95.76,53.650836,10.871959,48419713198.157,42790281841.801,708810852,626402226,False
2024-09-23,95.25,53.365101,10.814057,48161838785.76,42562388736.753,708810852,626402226,False
2024-09-24,105.3,58.99575,11.955068,53243481618.274,47053223453.86,708810852,626402226,False
2024-09-25,104.65,58.631578,11.881271,52914818151.494,46762771457.231,708810852,626402226,False
2024-09-26,109.97,61.61218,12.485269,55604802218.058,49140009337.331,708810852,626402226,False
2024-09-27,112.36,62.95121,12.756614,56813272503.601,50207978986.474,708810852,626402226,False
2024-09-30,129.97,72.817451,14.755937,65717524272.811,58429058320.027,708810852,630199495,False
2024-10-08,155.96,87.3787,17.70667,78859006582.963,70113071751.876,708810852,630199495,False
2024-10-09,148.5,83.199134,16.859711,75086961256.54,66759368781.442,708810852,630199495,False
2024-10-10,143.31,80.291366,16.270473,72462709883.331,64426162559.383,708810852,630199495,False
2024-10-11,143.98,80.666743,16.34654,72801486072.166,64727366445.468,708810852,630199495,False
2024-10-14,148.53,83.215942,16.863117,75102130339.622,66772855522.61,708810852,630199495,False
2024-10-15,141.89,79.495792,16.109255,71744706617.444,63787790144.099,708810852,630199495,False
2024-10-16,133.45,74.767168,15.151033,67477137910.338,59993520295.511,708810852,630199495,False
2024-10-17,134.36,75.277008,15.254349,67937266763.83,60402618110.94,708810852,630199495,False
2024-10-18,146.95,82.330726,16.683734,74303225297.296,66062553821.097,708810852,630199495,False
2024-10-21,141.45,79.249276,16.059301,71522226732.239,63589984606.969,708810852,630199495,False
2024-10-22,141.75,79.417355,16.093361,71673917563.061,63724852018.649,708810852,630199495,False
2024-10-23,135.32,75.814861,15.363341,68422677422.458,60834193828.314,708810852,630199495,False
2024-10-24,139.52,78.167968,15.840181,70546349053.956,62722337591.83,708810852,630199495,False
2024-10-25,142.65,53.080705,14.273843,72128990055.525,64129454253.688,708810852,630199495,False
2024-10-28,136.06,50.628537,13.614434,68796848138.484,61166866777.124,708810852,630199495,False
2024-10-29,130.5,48.559636,13.05809,65985511407.262,58667324080.661,708810852,630199495,False
2024-10-30,130.0,48.373584,13.008059,65732693355.893,58442545061.195,708810852,630199495,False
2024-10-31,130.17,48.436841,13.025069,65818651493.359,58518969927.81301,708810852,630199495,False
2024-11-01,129.36,48.135437,12.944019,65408698674.018,58154440340.155,708806652,630195295,False
2024-11-04,131.77,49.031918,13.18509,66627274461.003,59237867993.369,708806652,630195295,False
2024-11-05,133.46,49.660771,13.354194,67481794411.212,59997616015.747,708806652,630195295,False
2024-11-06,127.49,47.43932,12.756827,64463164764.615,57313772410.067,708806652,630195295,False
2024-11-07,131.9,49.080291,13.198098,66693006764.865,59296310148.936,708806652,630195295,False
2024-11-08,129.92,48.343529,12.999977,65691853213.732,58406191164.138,708806652,630195295,False
2024-11-11,132.87,49.441231,13.295158,67183470878.29901,59732378540.47899,708806652,630195295,False
2024-11-12,132.7,49.377973,13.278147,67097513250.171,59655954183.198,708806652,630195295,False
2024-11-13,141.98,52.831082,14.206717,71789788479.724,63827824980.637,708806652,630195295,False
2024-11-14,136.1,50.643121,13.618356,68816665812.723,61184441328.812,708806652,630195295,False
2024-11-15,127.72,47.524904,12.779842,64579460379.14,57417170069.918,708806652,630195295,False
2024-11-18,121.0,45.024377,12.107429,61181605902.568,54396160182.118,708806652,630195295,False
2024-11-19,125.0,46.512786,12.507675,63204138329.099,56194380353.427,708806652,630195295,False
2024-11-20,126.47,47.059776,12.654765,63947418995.849,56855226266.384,708806652,630195295,False
2024-11-21,123.65,46.010448,12.372592,62521533635.145,55587481045.61,708806652,630195295,False
2024-11-22,118.0,43.90807,11.807245,59664706582.669,53047495053.635,708806652,630195295,False
2024-11-25,113.38,42.188957,11.344961,57328681630.026,50970550755.773,708806652,630195295,False
2024-11-26,115.46,42.96293,11.553089,58380398491.822,51905625244.854,708806652,630195295,False
2024-11-27,116.26,43.260612,11.633138,58784904977.128,52265269279.116,708806652,630195295,False
2024-11-28,111.88,41.630804,11.194869,56570231970.077,50296218191.532,708806652,630195295,False
2024-11-29,114.95,42.773158,11.502058,58122525607.439,51676352173.012,708806652,630195295,False
2024-12-02,120.71,44.916467,12.078411,61034972301.644,54265789219.698,708806652,630195295,False
2024-12-03,118.53,44.105284,11.860277,59932692129.185,53285759226.334,708806652,630195295,False
2024-12-04,117.33,43.658761,11.740204,59325932401.225,52746293174.941,708806652,630195295,False
2024-12-05,121.08,45.054145,12.115434,61222056551.098,54432124585.544,708806652,630195295,False
2024-12-06,120.9,44.987166,12.097423,61131042591.905,54351204677.835,708806652,630195295,False
2024-12-09,116.0,43.163865,11.607122,58653440369.404,52148384967.98,708806652,630195295,False
2024-12-10,116.85,43.480152,11.692174,59083228510.042,52530506754.384,708806652,630195295,False
2024-12-11,123.91,46.107194,12.398608,62652998242.869,55704365356.745,708806652,630195295,False
2024-12-12,129.97,48.362134,13.00498,65717134869.064,58428668916.279,708806652,630195295,False
2024-12-13,129.24,48.090499,12.931935,65348022701.222,58100493735.015,708806652,630195295,False
2024-12-16,132.18,49.18448,13.226115,66834584034.722,59422185560.928,708806652,630195295,False
2024-12-17,133.7,49.750076,13.378209,67603146356.804,60105509226.026,708806652,630195295,False
2024-12-18,128.53,47.826307,12.860891,64989023195.513,57781309654.608,708806652,630195295,False
2024-12-19,127.75,47.536067,12.782843,64594629372.339,57430656721.203,708806652,630195295,False
2024-12-20,128.65,47.870959,12.872899,65049699168.309,57835256259.747,708806652,630195295,False
2024-12-23,124.65,46.38255,12.472653,63027166741.777,56037036088.438,708806652,630195295,False
2024-12-24,122.0,45.396479,12.20749,61687239009.20099,54845715224.945,708806652,630195295,False
2024-12-25,122.0,45.396479,12.20749,61687239009.20099,54845715224.945,708806652,630195295,False
2024-12-26,128.93,47.975148,12.900916,65191276438.166,57961131671.739,708806652,630195295,False
2024-12-27,129.42,48.157478,12.949946,65439036660.416,58181413642.724,708806652,630195295,False
2024-12-30,120.44,44.815999,12.051395,60898451362.853,54144409358.134,708806652,630195295,False
2024-12-31,115.58,43.007582,11.565096,58441074464.618,51959571849.99299,708806652,630195295,False
2025-01-02,113.47,42.222446,11.353967,57374188609.623,51011010709.627,708806652,630195295,False
2025-01-03,116.0,43.163865,11.607122,58653440369.404,52148384967.98,708806652,630195295,False
2025-01-06,117.02,43.543409,11.709185,59169186138.169,52606931111.664,708806652,630195295,False
2025-01-07,120.0,44.652274,12.007368,60675972795.935,53946605139.29,708806652,630195295,False
2025-01-08,117.02,43.543409,11.709185,59169186138.169,52606931111.664,708806652,630195295,False
2025-01-09,114.74,42.695016,11.481045,58016342655.047,51581945614.018,708806652,630195295,False
2025-01-10,108.26,40.283793,10.832647,54739840124.066,48668828936.496,708806652,630195295,False
2025-01-13,110.29,41.039161,11.035771,55766275330.531,49581425673.436,708806652,630195295,False
2025-01-14,113.69,42.304309,11.37598,57485427893.082,51109912819.04901,708806652,630195295,False
2025-01-15,111.7,41.563825,11.176858,56479218010.883,50215298283.823,708806652,630195295,False
2025-01-16,118.68,44.161099,11.875287,60008537095.18,53353192482.758,708806652,630195295,False
2025-01-17,119.43,44.440176,11.950333,60387761925.154,53690358764.879,708806652,630195295,False
2025-01-20,127.65,47.498857,12.772837,64544066061.676,57385701216.92,708806652,630195295,False
2025-01-21,133.2,49.564024,13.328178,67350329803.488,59880731704.612,708806652,630195295,False
2025-01-22,141.5,52.652473,14.158688,71547084588.54,63612038560.08,708806652,630195295,False
2025-01-23,136.7,50.866382,13.678393,69120045676.703,61454174354.508,708806652,630195295,False
2025-01-24,134.49,50.044036,13.457257,68002596511.044,60460657709.859,708806652,630195295,False
2025-01-27,125.77,46.799304,12.584722,63593475821.206,56540537736.404,708806652,630195295,False
2025-02-05,102.51,38.144205,10.257294,51832449760.927,46083887440.239,708806652,630195295,False
2025-02-06,106.65,39.684709,10.671548,53925770822.387,47945045317.544,708806652,630195295,False
2025-02-07,113.39,42.192678,11.345962,57333737961.092,50975046306.20099,708806652,630195295,False
2025-02-10,114.56,42.628038,11.463034,57925328695.853,51501025706.309,708806652,630195295,False
2025-02-11,115.55,42.996419,11.562094,58425905471.419,51946085198.708,708806652,630195295,False
2025-02-12,114.5,42.605712,11.45703,57894990709.455,51474052403.739,708806652,630195295,False
2025-02-13,110.51,41.121024,11.057785,55877514613.99,49680327782.858,708806652,630195295,False
2025-02-14,109.01,40.56287,10.907693,55119064954.041,49005995218.617,708806652,630195295,False
2025-02-17,123.3,45.880212,12.33757,62344562047.823,55430136780.621,708806652,630195295,False
2025-02-18,123.8,46.066263,12.387601,62597378601.14,55654914302.034,708806652,630195295,False
2025-02-19,121.38,45.165775,12.145452,61373746483.088,54566991098.392,708806652,630195295,False
2025-02-20,119.2,44.354592,11.927318,60271466310.629,53586961105.028,708806652,630195295,False
2025-02-21,121.04,45.039261,12.111431,61201831226.833,54414142383.831,708806652,630195295,False
2025-02-24,113.5,42.233609,11.356968,57389357602.822,51024497360.912,708806652,630195295,False
2025-02-25,110.7,41.191723,11.076797,55973584904.25,49765743240.995,708806652,630195295,False
2025-02-26,113.0,42.047558,11.306938,57136541049.505,50799719839.498,708806652,630195295,False
2025-02-27,106.37,39.58052,10.643531,53784193552.53,47819169905.552,708806652,630195295,False
2025-02-28,96.04,35.736703,9.609897,48561003561.013,43175266313.145,708806652,630195295,False
2025-03-03,91.8,34.15899,9.185636,46417119188.89,41269152931.557,708806652,630195295,False
2025-03-04,93.15,34.661328,9.320719,47099723882.845,41876052239.374,708806652,630195295,False
2025-03-05,94.29,35.085524,9.434789,47676145624.406,42388544988.197,708806652,630195295,False
2025-03-06,95.34,35.476232,9.539854,48207060386.37,42860577783.166,708806652,630195295,False
2025-03-07,92.87,34.557139,9.292702,46958146612.987,41750176827.382,708806652,630195295,False
2025-03-10,94.4,35.126456,9.445796,47731765266.136,42437996042.908,708806652,630195295,False
2025-03-11,94.3,35.089245,9.43579,47681201955.472,42393040538.625,708806652,630195295,False
2025-03-12,93.86,34.92552,9.391763,47458723388.554,42195236319.781,708806652,630195295,False
2025-03-13,92.53,34.430624,9.258681,46786231356.732,41597328112.821,708806652,630195295,False
2025-03-14,93.83,34.914357,9.388761,47443554395.355,42181749668.497,708806652,630195295,False
2025-03-17,95.66,35.595305,9.571873,48368862980.49299,43004435396.871,708806652,630195295,False
2025-03-18,103.7,38.587007,10.376367,52434153157.82,46618857941.203,708806652,630195295,False
2025-03-19,98.13,36.514397,9.819025,49617776753.876,44114836352.655,708806652,630195295,False
2025-03-20,98.44,36.629749,9.850044,49774523016.932,44254198415.931,708806652,630195295,False
2025-03-21,95.07,35.375764,9.512837,48070539447.58,42739197921.603,708806652,630195295,False
2025-03-24,99.4,36.986967,9.946103,50259930799.29901,44685771257.045,708806652,630195295,False
2025-03-25,98.89,36.797195,9.895071,50002057914.917,44456498185.203,708806652,630195295,False
2025-03-26,97.79,36.387882,9.785004,49445861497.621,43961987638.093,708806652,630195295,False
2025-03-27,95.19,35.420417,9.524844,48131215420.375,42793144526.742,708806652,630195295,False
2025-03-28,95.17,35.412974,9.522843,48121102758.24299,42784153425.885,708806652,630195295,False
2025-03-31,98.12,36.510676,9.818024,49612720422.81,44110340802.226,708806652,630195295,False
2025-04-01,97.18,36.1609,9.723966,49137425302.575,43687759061.968,708806652,630195295,False
2025-04-02,99.53,37.03534,9.959111,50325663103.162,44744213412.613,708806652,630195295,False
2025-04-03,92.78,34.52365,9.283696,46912639633.39,41709716873.528,708806652,630195295,False
2025-04-07,74.22,27.617432,7.426557,37528089174.286,33365975278.651,708806652,630195295,False
2025-04-08,70.37,26.184838,7.04132,35581401713.75,31635188363.765,708806652,630195295,False
2025-04-09,70.41,26.199722,7.045323,35601627038.015,31653170565.478,708806652,630195295,False
2025-04-10,76.77,28.566292,7.681713,38817453596.199,34512340637.861,708806652,630195295,False
2025-04-11,77.74,28.927232,7.778773,39307917709.633,34948409029.403,708806652,630195295,False
2025-04-14,78.92,29.366312,7.896845,39904564775.46,35478883979.94,708806652,630195295,False
2025-04-15,78.56,29.232356,7.860823,39722536857.072,35317044164.522,708806652,630195295,False
2025-04-16,75.08,27.93744,7.51261,37962933645.99,33752592615.483,708806652,630195295,False
2025-04-17,75.32,28.026744,7.536624,38084285591.582,33860485825.761,708806652,630195295,False
2025-04-18,77.86,28.971884,7.79078,39368593682.429,35002355634.543,708806652,630195295,False
2025-04-21,81.42,30.296568,8.146999,41168647542.042,36602771587.008,708806652,630195295,False
2025-04-22,81.2,30.214706,8.124985,41057408258.583,36503869477.586,708806652,630195295,False
2025-04-23,91.33,15.843979,6.520301,46179471628.773,41057862061.428,708806652,630195295,False
2025-04-24,90.35,15.673968,6.450336,45683951184.273,40617298119.457,708806652,630195295,False
2025-04-25,95.16,16.508409,6.793736,48116046427.176,42779657875.457,708806652,630195295,False
2025-04-28,91.21,15.823161,6.511734,46118795655.977,41003915456.289,708806652,630195295,False
2025-04-29,90.35,15.673968,6.450336,45683951184.273,40617298119.457,708806652,630195295,False
2025-04-30,89.79,15.576819,6.410356,45400796644.558,40365547295.474,708806652,630195295,False
2025-05-06,93.63,16.242984,6.684505,47342427774.028,42091838659.931,708806652,630195295,False
2025-05-07,94.2,16.341868,6.725198,47630638644.809,42348085034.343,708806652,630195295,False
2025-05-08,107.95,18.727226,7.706849,54583093861.01,48529466873.22,708806652,630195295,False
2025-05-09,109.21,18.945811,7.796804,55220191575.367,49095906227.182,708806652,630195295,False
2025-05-12,112.84,19.575546,8.05596,57055639752.444,50727791032.646,708806652,630195295,False
2025-05-13,115.88,20.102927,8.272994,58592764396.608,52094438362.841,708806652,630195295,False
2025-05-14,118.85,20.618164,8.48503,60094494723.307,53429616840.039,708806652,630195295,False
2025-05-15,115.89,20.104661,8.273708,58597820727.674,52098933913.269,708806652,630195295,False
2025-05-16,118.6,20.574794,8.467182,59968086446.649,53317228079.332,708806652,630195295,False
2025-05-19,115.98,20.120275,8.280133,58643327707.27101,52139393867.124,708806652,630195295,False
2025-05-20,116.53,20.215689,8.319399,58921425915.919,52386285457.24299,708806652,630190920,False
2025-05-21,116.76,20.255589,8.335819,59037721530.445,52489682399.277,708806652,630190920,False
2025-05-22,117.72,20.422131,8.404356,59523129312.812,52921252244.286,708806652,630190920,False
2025-05-23,115.93,20.111601,8.276563,58618046051.94,52116554304.112,708806652,630190920,False
2025-05-26,115.76,20.082109,8.264426,58532088423.812,52040130477.392,708806652,630190920,False
2025-05-27,112.13,19.452374,8.005271,56696640246.735,50408257000.95,708806652,630190920,False
2025-05-28,84.62,20.551894,8.457758,59901342828.282,53257517081.856,992329312,882267288,False
2025-05-29,87.16,21.168791,8.711631,61699374154.019,54856123716.079,992329312,882267288,False
2025-05-30,88.27,21.43838,8.822575,62485128001.093,55554727402.688,992329312,882267288,False
2025-06-03,86.36,20.974493,8.631671,61133065075.047,54352625563.568,992329312,882267288,False
2025-06-04,92.55,22.477875,9.250361,65514881573.594,58248442518.622,992329312,882267288,False
2025-06-05,96.9,23.534372,9.685142,68594187190.505,60986213722.901,992329312,882267288,False
2025-06-06,99.73,24.221702,9.968001,70597505557.369,62767338437.409,992329312,882267288,False
2025-06-09,100.87,24.498577,10.081943,71404495994.904,63484823304.737,992329312,882267288,False
2025-06-10,99.6,24.190128,9.955007,70505480332.036,62685519987.626,992329312,882267288,False
2025-06-11,98.36,23.888966,9.831069,69627701259.629,61905097851.234,992329312,882267288,False
2025-06-12,100.81,24.484004,10.075946,71362022813.981,63447060943.29901,992329312,882267288,False
2025-06-13,100.05,24.299421,9.999985,70824029188.958,63078235636.039,992329312,883801485,False
2025-06-16,106.7,25.914525,10.664651,75531473407.914,67270842002.652,992329312,883801485,False
2025-06-17,107.12,26.016532,10.70663,75828785674.375,67535638194.228,992329312,883801485,False
2025-06-18,112.22,27.255183,11.216374,79439006052.822,70751020520.503,992329312,883801485,False
2025-06-19,113.0,27.444624,11.294335,79991157404.82,71242784876.286,992329312,883801485,False
2025-06-20,110.01,26.718434,10.995485,77874577222.162,69357688179.117,992329312,883801485,False
2025-06-23,107.28,26.055391,10.722622,75942047490.169,67636512933.876,992329312,883801485,False
2025-06-24,106.71,25.916954,10.665651,75538552271.401,67277146673.88,992329312,883801485,False
2025-06-25,110.4,26.813154,11.034466,78150652898.16,69603570357.008,992329312,883801485,False
2025-06-26,116.8,28.36754,11.674145,82681125529.938,73638559942.922,992329312,883801485,False
2025-06-27,123.18,29.917068,12.311825,87197440434.741,77660940186.38,992329312,883801485,False
2025-06-30,127.02,30.8497,12.695633,89915724013.807,80078714990.289,992329312,883765960,False
2025-07-01,127.2,30.893417,12.713624,90043143556.576,80192194510.823,992329312,883765960,False
2025-07-02,124.98,30.354239,12.491735,88471635862.428,78792613757.568,992329312,883765960,False
2025-07-03,129.66,31.490884,12.9595,91784543974.416,81743081291.457,992329312,883765960,False
2025-07-04,128.35,31.216247,12.846478,90984075921.572,81044065622.654,993714892,885151540,False
2025-07-07,126.49,30.763873,12.660312,89665568861.081,79869605458.586,993714892,885151540,False
2025-07-08,134.98,32.828742,13.510071,95683915604.938,85230447820.381,993714892,885151540,False
2025-07-09,135.55,32.967373,13.567122,96087974220.25,85590363031.95,993714892,885151540,False
2025-07-10,133.05,32.359343,13.316899,94315787310.987,84011787542.611,993714892,885151540,False
2025-07-11,131.16,31.899672,13.12773,92976014007.584,82818384472.671,993714892,885151540,False
2025-07-14,130.9,31.836437,13.101706,92791706569.021,82654212621.78,993714892,885151540,False
2025-07-15,157.08,38.203725,15.722048,111350047882.825,99185055146.136,993714892,885151540,False
2025-07-16,169.8,41.29738,16.995185,120366934877.156,107216847235.892,993714892,885151540,False
2025-07-17,183.5,44.629383,18.36641,130078519139.918,115867440917.468,993714892,885151540,False
2025-07-18,182.32,44.342393,18.248305,129242046918.746,115122353286.5,993714892,885151540,False
2025-07-21,178.26,43.354953,17.841942,126364015378.103,112558746691.814,993714892,885151540,False
2025-07-22,176.71,42.977974,17.686803,125265259494.36,111580029888.424,993714892,885151540,False
2025-07-23,174.2,42.367512,17.435579,123485983837.459,109995140097.128,993714892,885151540,False
2025-07-24,172.8,42.027016,17.295453,122493559168.272,109111137823.098,993714892,885151540,False
2025-07-25,172.97,42.068362,17.312469,122614067878.102,109218480956.373,993714892,885151540,False
2025-07-28,177.8,43.243075,17.795901,126037932986.798,112268288801.776,993714892,885151540,False
2025-07-29,193.39,47.034749,19.356295,137089290552.964,122112285553.293,993714892,885151540,False
2025-07-30,190.35,46.295384,19.052023,134934311271.3,120192737758.257,993714892,885151540,False
2025-07-31,189.21,46.018123,18.937921,134126194040.676,119472907335.118,993714892,885151540,False
2025-08-01,183.12,44.536962,18.328376,129809146729.71,115627497443.089,993714892,885151540,False
2025-08-04,184.5,44.872595,18.4665,130787393903.624,116498871113.204,993714892,885151540,False
2025-08-05,182.45,44.37401,18.261316,129334200638.028,115204439211.946,993714892,885151540,False
2025-08-06,186.4,45.334697,18.65667,132134255954.664,117698588485.101,993714892,885151540,False
2025-08-07,183.62,44.658568,18.378421,130163584111.563,115943212540.956,993714892,885151540,False
2025-08-08,182.28,44.332664,18.244301,129213691928.198,115097096078.671,993714892,885151540,False
2025-08-11,192.89,46.913143,19.30625,136734853171.111,121796570455.425,993714892,885151540,False
2025-08-12,204.9,49.834117,20.508324,145248439083.211,129380047106.208,993714892,885151540,False
2025-08-13,236.56,57.534206,23.677156,167691414102.121,149371127103.195,993714892,885151540,False
2025-08-14,231.06,56.196541,23.126664,163792602901.741,145898261026.65,993714892,885151540,False
2025-08-15,233.2,56.717014,23.340855,165309594896.071,147249521645.524,993714892,885151540,False
2025-08-18,244.29,59.414234,24.450847,173171016025.562,154252082516.231,993714892,885151540,False
2025-08-19,256.79,62.454383,25.701965,182031950571.878,162144959962.925,993714892,885151540,False
2025-08-20,255.14,62.053083,25.536817,180862307211.765,161103100139.961,993714892,885151540,False
2025-08-21,257.86,62.714619,25.80906,182790446569.043,162820590272.362,993714892,885151540,False
2025-08-22,273.81,66.593849,27.405487,194096999050.142,172891901894.343,993714892,885151540,False
2025-08-25,296.12,72.019907,29.638482,209911995028.407,186979109561.203,993714892,885151540,False
2025-08-26,282.04,47.38275,23.173874,199931038355.437,178088572405.247,993714892,885151540,False
2025-08-27,308.33,51.799473,25.333997,218567355893.248,194688872251.133,993714892,885151540,False
2025-08-28,354.95,59.631638,29.164538,251615097377.188,224126147976.323,993714892,885151540,False
2025-08-29,356.2,59.841638,29.267245,252501190831.82,224915435720.993,993714892,885151540,False
2025-09-01,388.5,65.268042,31.921181,275397845699.5,245310631043.25,993714892,885151540,False
2025-09-02,358.2,60.177639,29.431575,253918940359.23,226178296112.464,993714892,885151540,False
2025-09-03,369.71,62.11132,30.377297,262078088889.478,233446057665.38,993714892,885151540,False
2025-09-04,312.1,52.432834,25.64376,221239813752.417,197069364089.056,993714892,885151540,False
2025-09-05,349.25,58.674038,28.696197,247574511224.068,220526995860.631,993714892,885151540,False
2025-09-08,314.5,52.836034,25.840956,222941113185.31,198584796558.822,993714892,885151540,False
2025-09-09,315.32,52.973794,25.908332,223522390491.548,199098743155.61,993714892,885134530,False
2025-09-10,334.95,56.271636,27.521234,237437602103.083,211493479703.069,993714892,885134530,False
2025-09-11,379.9,63.823241,31.21456,269301522731.635,239875721567.983,993714892,885134530,False
2025-09-12,357.98,60.15626,29.42112,253828734957.369,226100784705.818,993972352,885391990,False
2025-09-15,350.3,58.865685,28.789928,248383166253.886,221250083475.188,993972352,885391990,False
2025-09-16,345.75,58.101087,28.415979,245156950420.443,218376295636.73,993972352,885391990,False
2025-09-17,347.66,58.42205,28.572955,246511252012.064,219582654927.16,993972352,885391990,False
2025-09-18,345.51,58.060756,28.396254,244986776398.459,218224711223.272,993972352,885391990,False
2025-09-19,350.0,58.815272,28.765272,248170448726.407,221060602958.367,993972352,885391990,False
2025-09-22,343.0,57.638967,28.189966,243207039751.879,216639390899.2,993972352,885391990,False
2025-09-23,353.0,59.319403,29.011831,250297624001.204,222955408126.582,993972352,885391990,False
2025-09-24,354.64,59.594995,29.146617,251460479818.094,223991234951.872,993972352,885391990,False
2025-09-25,376.0,63.184407,30.90212,266605967774.654,237482247749.56,993972352,885391990,False
2025-09-26,374.0,62.848319,30.737747,265187850924.789,236219044304.084,993972352,885391990,False
2025-09-29,388.28,65.247982,31.91137,275313205232.826,245238316904.785,993972352,885391990,False
2025-09-30,365.77,61.46532,30.061353,259352300087.594,231020962125.948,993972352,885391990,False
2025-10-09,351.15,59.008522,28.859786,248985865915.079,221786944939.516,993972352,885391990,False
2025-10-10,346.2,58.176706,28.452963,245476026711.663,218660516411.962,993972352,885391990,False
2025-10-13,348.6,58.580011,28.65021,247177766931.501,220176360546.533,993972352,885391990,False
2025-10-14,316.5,53.18581,26.012024,224416991491.165,199901945246.638,993972352,885391990,False
2025-10-15,322.59,54.209196,26.51254,228735157299.004,203748399738.113,993972352,885391990,False
2025-10-16,324.76,54.573851,26.690885,230273814081.108,205118975476.455,993972352,885391990,False
2025-10-17,316.31,53.153882,25.996409,224282270390.428,199781940919.317,993972352,885391990,False
2025-10-20,329.24,55.326686,27.05908,233450395824.806,207948551194.322,993972352,885391990,False
2025-10-21,365.42,61.406505,30.032587,259104129638.867,230799901522.99,993972352,885391990,False
2025-10-22,362.83,60.971272,29.819724,257267668318.292,229164053061.098,993972352,885391990,False
2025-10-23,347.76,58.438854,28.581174,246582157854.558,219645815099.433,993972352,885391990,False
2025-10-24,372.97,62.675234,30.653095,264457520747.108,235568494529.663,993972352,885391990,False
2025-10-27,403.95,67.881226,33.199233,286424150751.52,255135515900.092,993972352,885391990,False
2025-10-28,410.62,69.002077,33.747417,291153570445.82,259348299390.756,993972352,885391990,False
2025-10-29,406.1,68.24252,33.375934,287948626365.125,256493459603.979,993972352,885391990,False
2025-10-30,374.0,49.441934,25.595255,265187850924.789,236219044304.084,993972352,885391990,False
2025-10-31,344.31,45.516985,23.563375,244135906288.54,217466789155.987,993972352,885391990,False
2025-11-03,346.76,45.840869,23.731045,245873099429.625,219014213376.695,993972352,885391990,False
2025-11-04,348.04,46.010082,23.818643,246780694213.539,219822663581.8,993972352,885391990,False
2025-11-05,346.1,45.753619,23.685876,245405120869.17,218597356239.688,993972352,885391990,False
2025-11-06,356.71,47.156236,24.411988,252928230757.704,225298650517.94,993972352,885391990,False
2025-11-07,349.79,46.241428,23.938407,248021546457.171,220927966596.592,993972352,885391990,False
2025-11-10,336.0,44.418422,22.994668,238243630777.35,212218178840.032,993972352,885391990,False
2025-11-11,326.0,43.096445,22.310303,231153046528.024,205902161612.65,993972352,885391990,False
2025-11-12,329.1,43.506258,22.522456,233351127645.316,207860126953.139,993972352,885391990,False
2025-11-13,325.85,43.076616,22.300037,231046687764.285,205807421354.24,993972352,885391990,False
2025-11-14,310.58,41.057957,21.255012,220219365615.564,196162863048.027,993972352,885391990,False
2025-11-17,311.7,41.206018,21.331661,221013511051.488,196870256977.494,993972352,885391990,False
2025-11-18,316.86,41.888159,21.684793,224672252524.141,200129321866.823,993972352,885391990,False
2025-11-19,322.4,42.620534,22.063931,228600436198.267,203628395410.793,993972352,885391990,False
2025-11-20,327.74,43.326469,22.429382,232386808187.407,207001148610.215,993972352,885391990,False
2025-11-21,300.0,39.659306,20.530953,212717527479.777,189480516821.457,993972352,885391990,False
2025-11-24,293.0,38.733922,20.051898,207754118505.249,185059304762.29,993972352,885391990,False
2025-11-25,304.72,40.283279,20.853974,216064283245.459,192461676952.782,993972352,885391990,False
2025-11-26,331.12,43.773297,22.660698,234783425663.679,209135962433.07,993972352,885391990,False
2025-11-27,340.8,45.052971,23.323163,241647111217.027,215249867109.176,993972352,885391990,False
2025-11-28,347.8,45.978355,23.802219,246610520191.555,219671079168.343,993972352,885391990,False
2025-12-01,355.61,47.010819,24.336708,252148266490.278,224603888622.928,993972352,885391990,False
2025-12-02,365.0,48.252155,24.979327,258806325100.396,230534628799.44,993972352,885391990,False
2025-12-03,373.13,49.326922,25.535715,264570970095.09695,235669550805.301,993972352,885391990,False
2025-12-04,374.25,49.474984,25.612364,265365115531.022,236376944734.768,993972352,885391990,False
2025-12-05,377.51,49.905948,25.835467,267676645996.302,238435966350.895,993972352,885391990,False
2025-12-08,404.52,53.476608,27.683937,286828314053.731,255495528882.053,993972352,885391990,False
2025-12-09,419.13,55.408016,28.683795,297187657641.997,264723230051.258,993972352,885391990,False
2025-12-10,432.26,57.143771,29.582366,306497594761.362,273016160670.811,993972352,885391990,False
2025-12-11,416.51,55.061658,28.504491,295329924568.673,263068433537.684,993972352,885391990,False
2025-12-12,428.0,56.580609,29.290827,303477005871.149,270325537331.946,993972352,885391990,False
2025-12-15,426.81,56.423294,29.209387,302633226345.479,269573931281.887,993972352,885391990,False
2025-12-16,407.2,53.830897,27.867347,288728590632.551,257188221498.991,993972352,885391990,False
2025-12-17,446.1,58.973387,30.529528,316310963362.429,281757528513.507,993972352,885391990,False
2025-12-18,425.5,56.250115,29.119735,301704359808.817,268746533025.1,993972352,885391990,False
2025-12-19,434.3,57.413455,29.721977,307944073948.224,274304628185.196,993972352,885391990,False
2025-12-22,462.99,61.206206,31.68542,328286960159.54,292422038943.525,993972352,885382172,False
2025-12-23,458.0,60.54654,31.343922,324748758619.126,289270381295.783,993972352,885382172,False
2025-12-24,453.51,59.952972,31.036642,321565086291.179,286434521007.534,993972352,885382172,False
2025-12-25,447.99,59.223241,30.658873,317651083785.551,282948118158.729,993972352,885382172,False
2025-12-26,445.3,58.869818,30.475912,315743716622.482,281260869020.965,993972352,885419132,False
2025-12-29,444.5,58.764056,30.42116,315176469882.536,280755572153.198,993972352,885419132,False
2025-12-30,446.0,58.96236,30.523819,316240057519.935,281703003780.261,993972352,885419132,False
2025-12-31,430.88,56.963457,29.48902,305519094134.955,272152892979.46,993972352,885419132,False
2026-01-05,426.63,56.401596,29.198154,302505595828.991,269468503369.446,993972352,885419132,False
2026-01-06,417.55,55.201196,28.576728,296067345330.603,263733383920.287,993972352,885419132,False
2026-01-07,420.3,55.564753,28.764935,298017255999.168,265470341903.237,993972352,885419132,False
2026-01-08,410.34,54.248015,28.083282,290955034086.839,259179395899.535,993972352,885419132,False
2026-01-09,398.22,52.64572,27.253801,282361245976.656,251524148352.86,993972352,885419132,False
2026-01-12,391.35,51.737488,26.783625,277490014597.369,247184911500.909,993972352,885419132,False
2026-01-13,383.2,50.660037,26.225846,271711188434.169,242037199660.529,993972352,885419132,False
2026-01-14,383.97,50.761833,26.278544,272257163421.367,242523547895.755,993972352,885419132,False
2026-01-15,400.0,52.88104,27.375622,283623369973.036,252648433883.642,993972352,885419132,False
2026-01-16,397.19,52.509551,27.183309,281630915798.976,250873578635.61,993972352,885419132,False
2026-01-19,403.18,53.301445,27.593259,285878175764.322,254656988933.017,993972352,885419132,False
2026-01-20,382.56,50.575427,26.182045,271257391042.212,241632962166.316,993972352,885419132,False
2026-01-21,394.8,52.193587,27.019739,279936266163.387,249364004243.155,993972352,885419132,False
2026-01-22,409.7,54.163406,28.039481,290501236694.882,258775158405.321,993972352,885419132,False
2026-01-23,383.02,50.63624,26.213527,271583557917.681,241923507865.282,993972352,885419132,False
2026-01-26,388.63,51.377897,26.59747,275561375681.553,245466902150.5,993972352,885419132,False
2026-01-27,399.24,52.780566,27.323609,283084485570.087,252168401859.263,993972352,885419132,False
2026-01-28,393.05,51.962232,26.899971,278695413919.755,248258667344.914,993972352,885419132,False
2026-01-29,393.0,51.955622,26.896549,278659960998.508,248227086290.679,993972352,885419132,False
2026-01-30,419.49,55.457669,28.7095,297442918674.972,264958728824.623,993972352,885419132,False
2026-02-02,439.0,58.036942,30.044746,311276648545.407,277281656187.298,993972352,885419132,False
2026-02-03,429.1,56.728136,29.367199,304256970138.575,271028607448.677,993972352,885419132,False
2026-02-04,399.2,52.775278,27.320871,283056123233.09,252143137015.875,993972352,885419132,False
2026-02-05,383.0,50.633596,26.212158,271569376749.182,241910875443.588,993972352,885419132,False
2026-02-06,364.06,48.129679,24.915923,258139810180.959,229947972099.197,993972352,885419132,False
2026-02-09,390.15,51.578845,26.701498,276639144487.45,246426966199.258,993972352,885419132,False
2026-02-10,393.11,51.970164,26.904077,278737957425.251,248296564609.997,993972352,885419132,False
2026-02-11,371.66,49.134419,25.43606,263528654210.447,234748292342.986,993972352,885419132,False
2026-02-12,365.76,48.354423,25.032269,259345209503.344,231021727943.203,993972352,885419132,False
2026-02-13,366.11,48.400694,25.056223,259593379952.071,231242795322.851,993972352,885419132,False
2026-02-24,372.06,49.1873,25.463435,263812277580.42,235000940776.87,993972352,885419132,False
2026-02-25,382.0,50.501394,26.143719,270860318324.25,241279254358.879,993972352,885419132,False
2026-02-26,385.9,51.016984,26.410632,273625646181.487,243742576589.244,993972352,885419132,False
2026-02-27,359.86,47.574428,24.628479,255161764796.242,227295163543.419,993972352,885419132,False
2026-03-02,381.0,50.369191,26.07528,270151259899.317,240647633274.169,993972352,885419132,False
2026-03-03,382.2,50.527834,26.157407,271002130009.236,241405578575.82,993972352,885419132,False
2026-03-04,369.37,48.831675,25.279334,261904910417.351,233301880059.003,993972352,885419132,False
2026-03-05,401.24,53.044972,27.460487,284502602419.953,253431644028.682,993972352,885419132,False
2026-03-06,402.0,53.145446,27.5125,285041486822.901,253911676053.061,993972352,885419132,False
2026-03-09,384.0,50.765799,26.280597,272278435174.115,242542496528.297,993972352,885419132,False
2026-03-10,397.33,52.528059,27.19289,281730183978.466,250962005587.469,993972352,885419132,False
2026-03-11,393.23,51.986029,26.91229,278823044436.243,248372359140.162,993972352,885419132,False
2026-03-12,378.77,50.074379,25.922661,268570059611.717,239239118255.268,993972352,885419132,False
2026-03-13,394.03,52.091791,26.967041,279390291176.189,248877656007.929,993972352,885419132,False
2026-03-16,413.23,54.630081,28.281071,293004212934.894,261004780834.344,993972352,885419132,False
2026-03-17,389.33,51.470439,26.645378,276057716579.005,245909036909.796,993972352,885419132,False
2026-03-18,430.9,56.966101,29.490389,305533275303.453,272165525401.154,993972352,885419132,False
2026-03-19,440.4,58.222025,30.14056,312269330340.313,278165925705.89,993972352,885419132,False
2026-03-20,477.05,63.067251,32.648852,338256321614.092,301314838460.479,993972352,885419132,False
2026-03-23,460.44,60.871366,31.512079,326478861175.962,290823612243.461,993972352,885419132,False
2026-03-24,468.0,61.870817,32.029478,331839342868.452,295598667643.862,993972352,885419132,False
2026-03-25,476.2,62.954879,32.590678,337653621952.9,300777960538.476,993972352,885419132,False
2026-03-26,457.0,60.416589,31.276649,324039700194.194,288650835712.061,993972352,885419132,False
2026-03-27,447.41,59.148766,30.620318,317239829899.09,282593589509.701,993972352,885419132,False
2026-03-30,458.38,60.599028,31.371094,325018200820.601,289522472808.96,993972352,885419132,False
2026-03-31,442.84,58.5446,30.307552,313999432897.148,279707081152.581,993972352,885419132,False
2026-04-01,460.6,60.892518,31.523029,326592310523.951,290924671617.014,993972352,885419132,False
2026-04-02,447.49,59.159342,30.625793,317296554573.085,282644119196.478,993972352,885419132,False
2026-04-03,455.3,60.191844,31.160302,322834300871.808,287577079868.056,993972352,885419132,False
2026-04-07,458.7,60.641333,31.392995,325245099516.579,289724591556.067,993972352,885419132,False
2026-04-08,501.5,66.299604,34.322187,355592800103.694,316757973981.617,993972352,885419132,False
2026-04-09,490.0,64.779274,33.535137,347438628216.969,309494331507.462,993972352,885419132,False
2026-04-10,522.5,69.075859,35.759407,370483027027.27893,330022016760.508,993972352,885419132,False
2026-04-13,512.72,67.782917,35.090073,363548435631.438,323844762552.053,993972352,885419132,False
2026-04-14,520.0,68.745352,35.588309,368710380964.947,328442964048.735,993972352,885419132,False
2026-04-15,496.98,65.702049,34.012842,352387856022.999,313903046678.732,993972352,885419132,False
2026-04-16,537.5,71.058898,36.785993,381118903401.267,339496333031.144,993972352,885419132,False
2026-04-17,589.0,77.867332,40.310604,417635412285.296,372024818893.663,993972352,885419132,False
2026-04-20,583.0,77.074116,39.89997,413381061735.7,368235092385.409,993972352,885419132,False
2026-04-21,578.5,76.479205,39.591994,410190298823.504,365392797504.218,993972352,885419132,False
2026-04-22,622.71,82.323882,42.617684,441537771789.773,393316765659.207,993972352,885419132,False
2026-04-23,608.28,80.416198,41.630109,431306058717.996,384202473406.855,993972352,885419132,False
2026-04-24,537.27,49.727215,26.206377,380955819963.533,339340436047.793,993972352,885391412,False
2026-04-27,538.0,49.7948,26.242,381487617372.536,339801505004.397,994009312,885391412,False
2026-04-28,535.46,49.5597,26.1181,379686542004.614,338197237676.28,994009312,885391412,False
2026-04-29,537.0,49.7022,26.1932,380778532581.881,339169903693.98,994009312,885391412,False
2026-04-30,525.79,48.6647,25.6464,372829692078.293,332089653003.862,994009312,885391412,False
2026-05-06,522.48,48.3583,25.485,370482621421.737,329999052666.895,994009312,885391412,False
2026-05-07,563.5,52.1549,27.4858,399569279534.245,355907338420.033,994009312,885391412,False
2026-05-08,551.67,51.06,26.9088,391180806460.765,348435494917.77,994009312,885391412,False
2026-05-11,563.7,52.1735,27.4956,399711096492.091,356033658681.831,994009312,885391412,False
2026-05-12,592.52,54.8409,28.9013,420146920158.89,374236408448.166,994009312,885391412,False
2026-05-13,628.99,58.2164,30.6802,446007242474.345,397270908239.334,994009312,885391412,False
2026-05-14,617.9,57.19,30.1393,438143492146.035,390266449706.866,994009312,885391412,False
2026-05-15,610.05,56.4634,29.7564,432577176539.534,385308379420.234,994009312,885391412,False
2026-05-18,599.92,55.5258,29.2623,425394147609.882,378910258145.395,994009312,885391412,False
2026-05-19,572.5,52.9879,27.9248,405951042650.14307,361591750213.787,994009312,885391412,False
2026-05-20,587.97,54.4198,28.6794,416920584361.837,371362622486.196,994009312,885391412,False
2026-05-21,566.0,52.3863,27.6077,401341991510.884,357486341696.076,994009312,885391412,False
2026-05-22,606.77,56.2665,29.6082,431068727190.499,384054075886.381,995897632,887279731,False
2026-05-25,659.01,61.1108,32.1574,468181686480.056,417119298168.295,995897632,887279731,False
2026-05-26,700.0,64.9118,34.1575,497302287577.121,443063851410.398,995897632,887279731,False
2026-05-27,695.0,64.4482,33.9136,493750128380.142,439899109614.6091,995897632,887279731,False
2026-05-28,718.34,66.6125,35.0525,510331607511.727,454672124317.436,995897632,887279731,False
2026-05-29,706.45,65.5099,34.4723,501884572940.939,447146368326.68,995897632,887279731,False
2026-06-01,679.82,63.0405,33.1728,482965773057.941,430290953522.424,995897632,887279731,False
2026-06-02,747.0,69.2702,36.451,530692584028.728,472812424290.81,995897632,887279731,False
2026-06-03,782.25,72.539,38.171,555735306367.433,495123853951.12,995897632,887279731,False
2026-06-04,775.94,71.9538,37.8631,551252481460.788,491129949804.777,995897632,887279731,False
2026-06-05,748.0,69.3629,36.4998,531403015868.124,478038659638.033,995897632,895887970,False
2026-06-08,725.0,67.2301,35.3774,515063083562.018,463339609943.28107,995897632,895887970,False
2026-06-09,785.73,72.8617,38.3409,558207609168.274,502151492028.527,995897632,895887970,False
2026-06-10,772.5,71.6348,37.6953,548808595933.323,493696343008.53,995897632,895887970,False
2026-06-11,526.0,68.2872,37.7771,733379015784.0,659731901108.0,1394256684,1254243158,False
2026-06-12,506.46,65.7505,36.3738,706135240179.0,635223989801.0,1394256684,1254243158,False
2026-06-15,540.49,70.1684,36.9789,753581803783.0,677905907168.0,1394256684,1254243158,False
2026-06-16,549.0,71.2732,37.5612,765446928300.0,688579516800.0,1394256684,1254243158,False
2026-06-17,557.88,72.426,38.1687,777827927796.0,699717196416.0,1394256684,1254243158,False
2026-06-18,581.48,75.4899,39.7834,810732385916.0,729317335936.0,1394256684,1254243158,False
2026-06-22,579.97,75.2938,39.6801,808627058299.0,727423428704.0,1394256684,1254243158,False
2026-06-23,552.0,71.6627,37.7664,769629698400.0,692342246400.0,1394256684,1254243158,False
2026-06-24,555.3,72.09,39.88,774231000000.0,696481000000.0,1394256684,1254243158,False
2026-06-25,610.49,79.26,43.85,851180000000.0,765703000000.0,1394256684,1254243158,False
2026-06-26,566.0,73.48,40.65,789149000000.0,709902000000.0,1394256684,1254243158,False
2026-06-29,556.96,72.31,40.0,776545000000.0,698563000000.0,1394256684,1254243158,False
2026-06-30,607.0,78.8,43.59,846314000000.0,761326000000.0,1394256684,1254243158,False
2026-07-01,575.56,74.72,41.34,802478000000.0,721892000000.0,1394256684,1254243158,False
2026-07-02,509.0,66.08,36.56,709677000000.0,638410000000.0,1394256684,1254243158,False
2026-07-03,526.0,68.29,37.78,733379000000.0,659732000000.0,1394256684,1254243158,False
2026-07-06,506.89,65.81,36.4,706735000000.0,635763000000.0,1394256684,1254243158,False
2026-07-07,510.1,66.22,36.64,711210000000.0,639789000000.0,1394256684,1254243158,False
2026-07-08,510.84,66.32,36.69,712242000000.0,640718000000.0,1394256684,1254243158,False
2026-07-09,545.5,70.82,39.18,760567000000.0,684190000000.0,1394256684,1254243158,False
2026-07-10,523.05,67.9,37.57,729266000000.0,656032000000.0,1394256684,1254243158,False
2026-07-13,512.5,66.53,36.81,714557000000.0,642800000000.0,1394256684,1254243158,False
2026-07-14,568.82,73.85,40.85,793081000000.0,713439000000.0,1394256684,1254243158,False
2026-07-15,556.0,72.18,39.93,775207000000.0,697359000000.0,1394256684,1254243158,False
2026-07-16,542.6,70.44,38.97,756524000000.0,680552000000.0,1394256684,1254243158,False
2026-07-17,482.88,62.69,34.68,673259000000.0,605649000000.0,1394256684,1254243158,False
2026-07-20,510.0,66.21,36.63,711071000000.0,639664000000.0,1394256684,1254243158,False
2026-07-21,551.77,71.63,39.63,769309000000.0,692054000000.0,1394256684,1254243158,False
2026-07-22,508.8,66.05,36.54,709398000000.0,638159000000.0,1394256684,1254243158,False
2026-07-23,497.3,64.56,35.72,693364000000.0,623735000000.0,1394256684,1254243158,False
2026-07-24,476.02,61.8,34.19,663694000000.0,597045000000.0,1394256684,1254243158,False
2026-07-27,491.0,63.74,35.26,684580000000.0,615833000000.0,1394256684,1254243158,False
2026-07-28,406.9,52.83,29.22,567323000000.0,510352000000.0,1394256684,1254243158,False
2026-07-29,421.2,54.68,30.25,587261000000.0,528287000000.0,1394256684,1254243158,False
2026-07-30,371.1,48.18,26.65,517409000000.0,465450000000.0,1394256684,1254243158,False
2026-07-31,396.01,51.41,28.44,552140000000.0,496693000000.0,1394256684,1254243158,False
2026-08-03,394.08,51.16,28.3,549449000000.0,494272000000.0,1394256684,1254243158,False
2026-08-04,448.0,58.16,32.18,624627000000.0,561901000000.0,1394256684,1254243158,False
2026-08-05,424.3,55.08,30.47,591583000000.0,532175000000.0,1394256684,1254243158,False
2026-08-06,421.87,54.77,30.3,588195000000.0,529128000000.0,1394256684,1254243158,False
2026-08-07,420.95,54.65,30.23,586912000000.0,527974000000.0,1394256684,1254243158,False
2026-08-10,399.6,51.88,28.7,557145000000.0,501196000000.0,1394256684,1254243158,False
2026-08-11,415.3,53.92,29.83,579035000000.0,520887000000.0,1394256684,1254243158,False
2026-08-12,428.2,55.59,30.75,597021000000.0,537067000000.0,1394256684,1254243158,False
2026-08-13,429.9,55.81,30.88,599391000000.0,539199000000.0,1394256684,1254243158,False
2026-08-14,448.08,58.17,32.18,624739000000.0,562001000000.0,1394256684,1254243158,False
2026-08-17,466.68,60.59,33.52,650672000000.0,585330000000.0,1394256684,1254243158,False
2026-08-18,452.21,58.71,32.48,630497000000.0,567181000000.0,1394256684,1254243158,False
2026-08-19,411.5,53.42,29.55,573737000000.0,516121000000.0,1394256684,1254243158,False
2026-08-20,414.02,53.75,29.73,577250000000.0,519282000000.0,1394256684,1254243158,False
2026-08-21,442.0,57.38,31.74,616261000000.0,554375000000.0,1394256684,1254243158,False
2026-08-24,412.0,53.49,29.59,574434000000.0,516748000000.0,1394256684,1254243158,False
2026-08-25,400.87,42.6,23.0,558916000000.0,502788000000.0,1394256684,1254243156,False
2026-08-26,398.78,42.38,22.88,556002000000.0,500167000000.0,1394256684,1254243156,False
2026-08-27,409.1,43.48,23.48,570390000000.0,513111000000.0,1394256684,1254243156,False
2026-08-28,399.0,42.41,22.9,556308000000.0,500443000000.0,1394256684,1254243156,False
