date,close,pe_ttm,pb,total_mv,float_mv,total_share,float_share,is_st
2020-01-02,1.33,27.44995,1.127339,60628093421.84,42130691410.71,45585032648,31677211587,False
2020-01-03,1.34,27.65634,1.135815,61083943748.32,42447463526.58,45585032648,31677211587,False
2020-01-06,1.35,27.862731,1.144291,61539794074.8,42764235642.45,45585032648,31677211587,False
2020-01-07,1.37,28.275512,1.161243,62451494727.76,43397779874.19,45585032648,31677211587,False
2020-01-08,1.34,27.65634,1.135815,61083943748.32,42447463526.58,45585032648,31677211587,False
2020-01-09,1.35,27.862731,1.144291,61539794074.8,42764235642.45,45585032648,31677211587,False
2020-01-10,1.34,27.65634,1.135815,61083943748.32,42447463526.58,45585032648,31677211587,False
2020-01-13,1.34,27.65634,1.135815,61083943748.32,42447463526.58,45585032648,31677211587,False
2020-01-14,1.34,27.65634,1.135815,61083943748.32,42447463526.58,45585032648,31677211587,False
2020-01-15,1.33,27.44995,1.127339,60628093421.84,42130691410.71,45585032648,31677211587,False
2020-01-16,1.31,27.037168,1.110386,59716392768.88,41497147178.97,45585032648,31677211587,False
2020-01-17,1.3,26.830778,1.10191,59260542442.4,41180375063.1,45585032648,31677211587,False
2020-01-20,1.31,27.037168,1.110386,59716392768.88,41497147178.97,45585032648,31677211587,False
2020-01-21,1.29,26.624387,1.093434,58804692115.92,40863602947.23,45585032648,31677211587,False
2020-01-22,1.28,26.417997,1.084957,58348841789.44,40546830831.36,45585032648,31677211587,False
2020-01-23,1.25,25.798825,1.059529,56981290810.0,39596514483.75,45585032648,31677211587,False
2020-02-03,1.13,23.322138,0.957814,51511086892.24,35795249093.31,45585032648,31677211587,False
2020-02-04,1.14,23.528528,0.96629,51966937218.72,36112021209.18,45585032648,31677211587,False
2020-02-05,1.16,23.941309,0.983243,52878637871.68,36745565440.92,45585032648,31677211587,False
2020-02-06,1.16,23.941309,0.983243,52878637871.68,36745565440.92,45585032648,31677211587,False
2020-02-07,1.17,24.1477,0.991719,53334488198.16,37062337556.79,45585032648,31677211587,False
2020-02-10,1.18,24.354091,1.000195,53790338524.64,37379109672.66,45585032648,31677211587,False
2020-02-11,1.2,24.766872,1.017148,54702039177.6,38012653904.4,45585032648,31677211587,False
2020-02-12,1.2,24.766872,1.017148,54702039177.6,38012653904.4,45585032648,31677211587,False
2020-02-13,1.18,24.354091,1.000195,53790338524.64,37379109672.66,45585032648,31677211587,False
2020-02-14,1.2,24.766872,1.017148,54702039177.6,38012653904.4,45585032648,31677211587,False
2020-02-17,1.22,25.179653,1.0341,55613739830.56,38646198136.14,45585032648,31677211587,False
2020-02-18,1.22,25.179653,1.0341,55613739830.56,38646198136.14,45585032648,31677211587,False
2020-02-19,1.2,24.766872,1.017148,54702039177.6,38012653904.4,45585032648,31677211587,False
2020-02-20,1.22,25.179653,1.0341,55613739830.56,38646198136.14,45585032648,31677211587,False
2020-02-21,1.22,25.179653,1.0341,55613739830.56,38646198136.14,45585032648,31677211587,False
2020-02-24,1.21,24.973262,1.025624,55157889504.08,38329426020.27,45585032648,31677211587,False
2020-02-25,1.19,24.560481,1.008671,54246188851.12,37695881788.53,45585032648,31677211587,False
2020-02-26,1.22,25.179653,1.0341,55613739830.56,38646198136.14,45585032648,31677211587,False
2020-02-27,1.2,24.766872,1.017148,54702039177.6,38012653904.4,45585032648,31677211587,False
2020-02-28,1.17,24.1477,0.991719,53334488198.16,37062337556.79,45585032648,31677211587,False
2020-03-02,1.21,24.973262,1.025624,55157889504.08,38329426020.27,45585032648,31677211587,False
2020-03-03,1.21,24.973262,1.025624,55157889504.08,38329426020.27,45585032648,31677211587,False
2020-03-04,1.22,25.179653,1.0341,55613739830.56,38646198136.14,45585032648,31677211587,False
2020-03-05,1.24,25.592434,1.051052,56525440483.52,39279742367.88,45585032648,31677211587,False
2020-03-06,1.22,25.179653,1.0341,55613739830.56,38646198136.14,45585032648,31677211587,False
2020-03-09,1.19,24.560481,1.008671,54246188851.12,37695881788.53,45585032648,31677211587,False
2020-03-10,1.2,24.766872,1.017148,54702039177.6,38012653904.4,45585032648,31677211587,False
2020-03-11,1.19,24.560481,1.008671,54246188851.12,37695881788.53,45585032648,31677211587,False
2020-03-12,1.18,24.354091,1.000195,53790338524.64,37379109672.66,45585032648,31677211587,False
2020-03-13,1.17,24.1477,0.991719,53334488198.16,37062337556.79,45585032648,31677211587,False
2020-03-16,1.15,23.734919,0.974766,52422787545.2,36428793325.05,45585032648,31677211587,False
2020-03-17,1.16,23.941309,0.983243,52878637871.68,36745565440.92,45585032648,31677211587,False
2020-03-18,1.14,23.528528,0.96629,51966937218.72,36112021209.18,45585032648,31677211587,False
2020-03-19,1.14,23.528528,0.96629,51966937218.72,36112021209.18,45585032648,31677211587,False
2020-03-20,1.15,23.734919,0.974766,52422787545.2,36428793325.05,45585032648,31677211587,False
2020-03-23,1.13,23.322138,0.957814,51511086892.24,35795249093.31,45585032648,31677211587,False
2020-03-24,1.15,23.734919,0.974766,52422787545.2,36428793325.05,45585032648,31677211587,False
2020-03-25,1.16,23.941309,0.983243,52878637871.68,36745565440.92,45585032648,31677211587,False
2020-03-26,1.14,23.528528,0.96629,51966937218.72,36112021209.18,45585032648,31677211587,False
2020-03-27,1.15,23.734919,0.974766,52422787545.2,36428793325.05,45585032648,31677211587,False
2020-03-30,1.14,23.528528,0.96629,51966937218.72,36112021209.18,45585032648,31677211587,False
2020-03-31,1.15,23.734919,0.974766,52422787545.2,36428793325.05,45585032648,31677211587,False
2020-04-01,1.14,23.528528,0.96629,51966937218.72,36112021209.18,45585032648,31677211587,False
2020-04-02,1.15,23.734919,0.974766,52422787545.2,36428793325.05,45585032648,31677211587,False
2020-04-03,1.14,23.528528,0.96629,51966937218.72,36112021209.18,45585032648,31677211587,False
2020-04-07,1.16,23.941309,0.983243,52878637871.68,36745565440.92,45585032648,31677211587,False
2020-04-08,1.15,23.734919,0.974766,52422787545.2,36428793325.05,45585032648,31677211587,False
2020-04-09,1.15,23.734919,0.974766,52422787545.2,36428793325.05,45585032648,31677211587,False
2020-04-10,1.14,23.528528,0.96629,51966937218.72,36112021209.18,45585032648,31677211587,False
2020-04-13,1.14,23.528528,0.96629,51966937218.72,36112021209.18,45585032648,31677211587,False
2020-04-14,1.15,23.734919,0.974766,52422787545.2,36428793325.05,45585032648,31677211587,False
2020-04-15,1.13,23.322138,0.957814,51511086892.24,35795249093.31,45585032648,31677211587,False
2020-04-16,1.13,23.322138,0.957814,51511086892.24,35795249093.31,45585032648,31677211587,False
2020-04-17,1.14,23.528528,0.96629,51966937218.72,36112021209.18,45585032648,31677211587,False
2020-04-20,1.14,23.528528,0.96629,51966937218.72,36112021209.18,45585032648,31677211587,False
2020-04-21,1.12,23.115747,0.949338,51055236565.76,35478476977.44,45585032648,31677211587,False
2020-04-22,1.13,23.322138,0.957814,51511086892.24,35795249093.31,45585032648,31677211587,False
2020-04-23,1.12,23.115747,0.949338,51055236565.76,35478476977.44,45585032648,31677211587,False
2020-04-24,1.11,22.909357,0.940862,50599386239.28,35161704861.57,45585032648,31677211587,False
2020-04-27,1.1,22.702966,0.932385,50143535912.8,34844932745.7,45585032648,31677211587,False
2020-04-28,1.07,22.083794,0.906957,48775984933.36,33894616398.09,45585032648,31677211587,False
2020-04-29,1.05,21.671013,0.890004,47864284280.4,33261072166.35,45585032648,31677211587,False
2020-04-30,1.08,-343.668226,0.940152,49231835259.84,34211388513.96,45585032648,31677211587,False
2020-05-06,1.1,-350.032453,0.957563,50143535912.8,34844932745.7,45585032648,31677211587,False
2020-05-07,1.13,-359.578792,0.983678,51511086892.24,35795249093.31,45585032648,31677211587,False
2020-05-08,1.12,-356.396679,0.974973,51055236565.76,35478476977.44,45585032648,31677211587,False
2020-05-11,1.11,-353.214566,0.966268,50599386239.28,35161704861.57,45585032648,31677211587,False
2020-05-12,1.12,-356.396679,0.974973,51055236565.76,35478476977.44,45585032648,31677211587,False
2020-05-13,1.11,-353.214566,0.966268,50599386239.28,35161704861.57,45585032648,31677211587,False
2020-05-14,1.1,-350.032453,0.957563,50143535912.8,34844932745.7,45585032648,31677211587,False
2020-05-15,1.1,-350.032453,0.957563,50143535912.8,34844932745.7,45585032648,31677211587,False
2020-05-18,1.12,-356.396679,0.974973,51055236565.76,35478476977.44,45585032648,31677211587,False
2020-05-19,1.1,-350.032453,0.957563,50143535912.8,34844932745.7,45585032648,31677211587,False
2020-05-20,1.08,-343.668226,0.940152,49231835259.84,34211388513.96,45585032648,31677211587,False
2020-05-21,1.08,-343.668226,0.940152,49231835259.84,34211388513.96,45585032648,31677211587,False
2020-05-22,1.07,-340.486113,0.931447,48775984933.36,33894616398.09,45585032648,31677211587,False
2020-05-25,1.06,-337.304,0.922742,48320134606.88,33577844282.22,45585032648,31677211587,False
2020-05-26,1.07,-340.486113,0.931447,48775984933.36,33894616398.09,45585032648,31677211587,False
2020-05-27,1.11,-353.214566,0.966268,50599386239.28,35161704861.57,45585032648,31677211587,False
2020-05-28,1.1,-350.032453,0.957563,50143535912.8,34844932745.7,45585032648,31677211587,False
2020-05-29,1.1,-350.032453,0.957563,50143535912.8,34844932745.7,45585032648,31677211587,False
2020-06-01,1.1,-350.032453,0.957563,50143535912.8,34844932745.7,45585032648,31677211587,False
2020-06-02,1.1,-350.032453,0.957563,50143535912.8,34844932745.7,45585032648,31677211587,False
2020-06-03,1.09,-346.85034,0.948857,49687685586.32,34528160629.83,45585032648,31677211587,False
2020-06-04,1.09,-346.85034,0.948857,49687685586.32,34528160629.83,45585032648,31677211587,False
2020-06-05,1.08,-343.668226,0.940152,49231835259.84,34211388513.96,45585032648,31677211587,False
2020-06-08,1.09,-346.85034,0.948857,49687685586.32,34528160629.83,45585032648,31677211587,False
2020-06-09,1.09,-346.85034,0.948857,49687685586.32,34528160629.83,45585032648,31677211587,False
2020-06-10,1.08,-343.668226,0.940152,49231835259.84,34211388513.96,45585032648,31677211587,False
2020-06-11,1.09,-346.85034,0.948857,49687685586.32,34528160629.83,45585032648,31677211587,False
2020-06-12,1.08,-343.668226,0.940152,49231835259.84,34211388513.96,45585032648,31677211587,False
2020-06-15,1.07,-340.486113,0.931447,48775984933.36,33894616398.09,45585032648,31677211587,False
2020-06-16,1.1,-350.032453,0.957563,50143535912.8,34844932745.7,45585032648,31677211587,False
2020-06-17,1.11,-353.214566,0.966268,50599386239.28,35161704861.57,45585032648,31677211587,False
2020-06-18,1.15,-365.943019,1.001088,52422787545.2,36428793325.05,45585032648,31677211587,False
2020-06-19,1.11,-353.214566,0.966268,50599386239.28,35161704861.57,45585032648,31677211587,False
2020-06-22,1.09,-346.85034,0.948857,49687685586.32,34528160629.83,45585032648,31677211587,False
2020-06-23,1.09,-346.85034,0.948857,49687685586.32,34528160629.83,45585032648,31677211587,False
2020-06-24,1.08,-343.668226,0.940152,49231835259.84,34211388513.96,45585032648,31677211587,False
2020-06-29,1.07,-340.486113,0.931447,48775984933.36,33894616398.09,45585032648,31677211587,False
2020-06-30,1.08,-343.668226,0.940152,49231835259.84,34211388513.96,45585032648,31677211587,False
2020-07-01,1.08,-343.668226,0.940152,49231835259.84,34211388513.96,45585032648,31677211587,False
2020-07-02,1.11,-353.214566,0.966268,50599386239.28,35161704861.57,45585032648,31677211587,False
2020-07-03,1.12,-356.396679,0.974973,51055236565.76,35478476977.44,45585032648,31677211587,False
2020-07-06,1.19,-378.671472,1.035909,54246188851.12,37695881788.53,45585032648,31677211587,False
2020-07-07,1.18,-375.489358,1.027203,53790338524.64,37379109672.66,45585032648,31677211587,False
2020-07-08,1.24,-394.582038,1.079434,56525440483.52,39279742367.88,45585032648,31677211587,False
2020-07-09,1.27,-404.128377,1.10555,57892991462.96,40230058715.49,45585032648,31677211587,False
2020-07-10,1.22,-388.217811,1.062024,55613739830.56,38646198136.14,45585032648,31677211587,False
2020-07-13,1.24,-394.582038,1.079434,56525440483.52,39279742367.88,45585032648,31677211587,False
2020-07-14,1.22,-388.217811,1.062024,55613739830.56,38646198136.14,45585032648,31677211587,False
2020-07-15,1.19,-378.671472,1.035909,54246188851.12,37695881788.53,45585032648,31677211587,False
2020-07-16,1.16,-369.125132,1.009793,52878637871.68,36745565440.92,45585032648,31677211587,False
2020-07-17,1.14,-362.760906,0.992383,51966937218.72,36112021209.18,45585032648,31677211587,False
2020-07-20,1.2,-381.853585,1.044614,54702039177.6,38012653904.4,45585032648,31677211587,False
2020-07-21,1.18,-375.489358,1.027203,53790338524.64,37379109672.66,45585032648,31677211587,False
2020-07-22,1.19,-378.671472,1.035909,54246188851.12,37695881788.53,45585032648,31677211587,False
2020-07-23,1.2,-381.853585,1.044614,54702039177.6,38012653904.4,45585032648,31677211587,False
2020-07-24,1.16,-369.125132,1.009793,52878637871.68,36745565440.92,45585032648,31677211587,False
2020-07-27,1.16,-369.125132,1.009793,52878637871.68,36745565440.92,45585032648,31677211587,False
2020-07-28,1.17,-372.307245,1.018498,53334488198.16,37062337556.79,45585032648,31677211587,False
2020-07-29,1.18,-375.489358,1.027203,53790338524.64,37379109672.66,45585032648,31677211587,False
2020-07-30,1.17,-372.307245,1.018498,53334488198.16,37062337556.79,45585032648,31677211587,False
2020-07-31,1.17,-372.307245,1.018498,53334488198.16,37062337556.79,45585032648,31677211587,False
2020-08-03,1.18,-375.489358,1.027203,53790338524.64,37379109672.66,45585032648,31677211587,False
2020-08-04,1.18,-375.489358,1.027203,53790338524.64,37379109672.66,45585032648,31677211587,False
2020-08-05,1.2,-381.853585,1.044614,54702039177.6,38012653904.4,45585032648,31677211587,False
2020-08-06,1.2,-381.853585,1.044614,54702039177.6,38012653904.4,45585032648,31677211587,False
2020-08-07,1.19,-378.671472,1.035909,54246188851.12,37695881788.53,45585032648,31677211587,False
2020-08-10,1.18,-375.489358,1.027203,53790338524.64,37379109672.66,45585032648,31677211587,False
2020-08-11,1.17,-372.307245,1.018498,53334488198.16,37062337556.79,45585032648,31677211587,False
2020-08-12,1.16,-369.125132,1.009793,52878637871.68,36745565440.92,45585032648,31677211587,False
2020-08-13,1.19,-378.671472,1.035909,54246188851.12,37695881788.53,45585032648,31677211587,False
2020-08-14,1.19,-378.671472,1.035909,54246188851.12,37695881788.53,45585032648,31677211587,False
2020-08-17,1.2,-381.853585,1.044614,54702039177.6,38012653904.4,45585032648,31677211587,False
2020-08-18,1.2,-381.853585,1.044614,54702039177.6,38012653904.4,45585032648,31677211587,False
2020-08-19,1.19,-378.671472,1.035909,54246188851.12,37695881788.53,45585032648,31677211587,False
2020-08-20,1.18,-375.489358,1.027203,53790338524.64,37379109672.66,45585032648,31677211587,False
2020-08-21,1.18,-375.489358,1.027203,53790338524.64,37379109672.66,45585032648,31677211587,False
2020-08-24,1.17,-372.307245,1.018498,53334488198.16,37062337556.79,45585032648,31677211587,False
2020-08-25,1.16,-369.125132,1.009793,52878637871.68,36745565440.92,45585032648,31677211587,False
2020-08-26,1.16,-369.125132,1.009793,52878637871.68,36745565440.92,45585032648,31677211587,False
2020-08-27,1.16,-369.125132,1.009793,52878637871.68,36745565440.92,45585032648,31677211587,False
2020-08-28,1.18,-375.489358,1.027203,53790338524.64,37379109672.66,45585032648,31677211587,False
2020-08-31,1.16,-182.702848,1.003748,52878637871.68,36745565440.92,45585032648,31677211587,False
2020-09-01,1.16,-182.702848,1.003748,52878637871.68,36745565440.92,45585032648,31677211587,False
2020-09-02,1.16,-182.702848,1.003748,52878637871.68,36745565440.92,45585032648,31677211587,False
2020-09-03,1.16,-182.702848,1.003748,52878637871.68,36745565440.92,45585032648,31677211587,False
2020-09-04,1.15,-181.127824,0.995095,52422787545.2,36428793325.05,45585032648,31677211587,False
2020-09-07,1.16,-182.702848,1.003748,52878637871.68,36745565440.92,45585032648,31677211587,False
2020-09-08,1.19,-187.427922,1.029707,54246188851.12,37695881788.53,45585032648,31677211587,False
2020-09-09,1.3,-204.753192,1.12489,59260542442.4,41180375063.1,45585032648,31677211587,False
2020-09-10,1.2,-189.002946,1.03836,54702039177.6,38012653904.4,45585032648,31677211587,False
2020-09-11,1.18,-185.852897,1.021054,53790338524.64,37379109672.66,45585032648,31677211587,False
2020-09-14,1.19,-187.427922,1.029707,54246188851.12,37695881788.53,45585032648,31677211587,False
2020-09-15,1.18,-185.852897,1.021054,53790338524.64,37379109672.66,45585032648,31677211587,False
2020-09-16,1.18,-185.852897,1.021054,53790338524.64,37379109672.66,45585032648,31677211587,False
2020-09-17,1.17,-184.277873,1.012401,53334488198.16,37062337556.79,45585032648,31677211587,False
2020-09-18,1.18,-185.852897,1.021054,53790338524.64,37379109672.66,45585032648,31677211587,False
2020-09-21,1.17,-184.277873,1.012401,53334488198.16,37062337556.79,45585032648,31677211587,False
2020-09-22,1.17,-184.277873,1.012401,53334488198.16,37062337556.79,45585032648,31677211587,False
2020-09-23,1.16,-182.702848,1.003748,52878637871.68,36745565440.92,45585032648,31677211587,False
2020-09-24,1.15,-181.127824,0.995095,52422787545.2,36428793325.05,45585032648,31677211587,False
2020-09-25,1.15,-181.127824,0.995095,52422787545.2,36428793325.05,45585032648,31677211587,False
2020-09-28,1.15,-181.127824,0.995095,52422787545.2,36428793325.05,45585032648,31677211587,False
2020-09-29,1.15,-181.127824,0.995095,52422787545.2,36428793325.05,45585032648,31677211587,False
2020-09-30,1.15,-181.127824,0.995095,52422787545.2,36428793325.05,45585032648,31677211587,False
2020-10-09,1.16,-182.702848,1.003748,52878637871.68,36745565440.92,45585032648,31677211587,False
2020-10-12,1.18,-185.852897,1.021054,53790338524.64,37379109672.66,45585032648,31677211587,False
2020-10-13,1.18,-185.852897,1.021054,53790338524.64,37379109672.66,45585032648,31677211587,False
2020-10-14,1.16,-182.702848,1.003748,52878637871.68,36745565440.92,45585032648,31677211587,False
2020-10-15,1.17,-184.277873,1.012401,53334488198.16,37062337556.79,45585032648,31677211587,False
2020-10-16,1.17,-184.277873,1.012401,53334488198.16,37062337556.79,45585032648,31677211587,False
2020-10-19,1.18,-185.852897,1.021054,53790338524.64,37379109672.66,45585032648,31677211587,False
2020-10-20,1.18,-185.852897,1.021054,53790338524.64,37379109672.66,45585032648,31677211587,False
2020-10-21,1.17,-184.277873,1.012401,53334488198.16,37062337556.79,45585032648,31677211587,False
2020-10-22,1.16,-182.702848,1.003748,52878637871.68,36745565440.92,45585032648,31677211587,False
2020-10-23,1.16,-182.702848,1.003748,52878637871.68,36745565440.92,45585032648,31677211587,False
2020-10-26,1.17,-184.277873,1.012401,53334488198.16,37062337556.79,45585032648,31677211587,False
2020-10-27,1.16,-182.702848,1.003748,52878637871.68,36745565440.92,45585032648,31677211587,False
2020-10-28,1.16,-182.702848,1.003748,52878637871.68,36745565440.92,45585032648,31677211587,False
2020-10-29,1.15,-181.127824,0.995095,52422787545.2,36428793325.05,45585032648,31677211587,False
2020-10-30,1.14,-146.906002,0.983091,51966937218.72,36112021209.18,45585032648,31677211587,False
2020-11-02,1.13,-145.617353,0.974468,51511086892.24,35795249093.31,45585032648,31677211587,False
2020-11-03,1.15,-148.194651,0.991715,52422787545.2,36428793325.05,45585032648,31677211587,False
2020-11-04,1.15,-148.194651,0.991715,52422787545.2,36428793325.05,45585032648,31677211587,False
2020-11-05,1.16,-149.4833,1.000339,52878637871.68,36745565440.92,45585032648,31677211587,False
2020-11-06,1.15,-148.194651,0.991715,52422787545.2,36428793325.05,45585032648,31677211587,False
2020-11-09,1.17,-150.771949,1.008962,53334488198.16,37062337556.79,45585032648,31677211587,False
2020-11-10,1.17,-150.771949,1.008962,53334488198.16,37062337556.79,45585032648,31677211587,False
2020-11-11,1.18,-152.060599,1.017586,53790338524.64,37379109672.66,45585032648,31677211587,False
2020-11-12,1.17,-150.771949,1.008962,53334488198.16,37062337556.79,45585032648,31677211587,False
2020-11-13,1.18,-152.060599,1.017586,53790338524.64,37379109672.66,45585032648,31677211587,False
2020-11-16,1.21,-155.926546,1.043457,55157889504.08,38329426020.27,45585032648,31677211587,False
2020-11-17,1.19,-153.349248,1.026209,54246188851.12,37695881788.53,45585032648,31677211587,False
2020-11-18,1.2,-154.637897,1.034833,54702039177.6,38012653904.4,45585032648,31677211587,False
2020-11-19,1.19,-153.349248,1.026209,54246188851.12,37695881788.53,45585032648,31677211587,False
2020-11-20,1.2,-154.637897,1.034833,54702039177.6,38012653904.4,45585032648,31677211587,False
2020-11-23,1.23,-158.503844,1.060704,56069590157.04,38962970252.01,45585032648,31677211587,False
2020-11-24,1.26,-162.369792,1.086575,57437141136.48,39913286599.62,45585032648,31677211587,False
2020-11-25,1.22,-157.215195,1.05208,55613739830.56,38646198136.14,45585032648,31677211587,False
2020-11-26,1.21,-155.926546,1.043457,55157889504.08,38329426020.27,45585032648,31677211587,False
2020-11-27,1.21,-155.926546,1.043457,55157889504.08,38329426020.27,45585032648,31677211587,False
2020-11-30,1.21,-155.926546,1.043457,55157889504.08,38329426020.27,45585032648,31677211587,False
2020-12-01,1.21,-155.926546,1.043457,55157889504.08,38329426020.27,45585032648,31677211587,False
2020-12-02,1.22,-157.215195,1.05208,55613739830.56,38646198136.14,45585032648,31677211587,False
2020-12-03,1.2,-154.637897,1.034833,54702039177.6,38012653904.4,45585032648,31677211587,False
2020-12-04,1.19,-153.349248,1.026209,54246188851.12,37695881788.53,45585032648,31677211587,False
2020-12-07,1.19,-153.349248,1.026209,54246188851.12,37695881788.53,45585032648,31677211587,False
2020-12-08,1.18,-152.060599,1.017586,53790338524.64,37379109672.66,45585032648,31677211587,False
2020-12-09,1.17,-150.771949,1.008962,53334488198.16,37062337556.79,45585032648,31677211587,False
2020-12-10,1.19,-153.349248,1.026209,54246188851.12,37695881788.53,45585032648,31677211587,False
2020-12-11,1.17,-150.771949,1.008962,53334488198.16,37062337556.79,45585032648,31677211587,False
2020-12-14,1.17,-150.771949,1.008962,53334488198.16,37062337556.79,45585032648,31677211587,False
2020-12-15,1.16,-149.4833,1.000339,52878637871.68,36745565440.92,45585032648,31677211587,False
2020-12-16,1.16,-149.4833,1.000339,52878637871.68,36745565440.92,45585032648,31677211587,False
2020-12-17,1.17,-150.771949,1.008962,53334488198.16,37062337556.79,45585032648,31677211587,False
2020-12-18,1.19,-153.349248,1.026209,54246188851.12,37695881788.53,45585032648,31677211587,False
2020-12-21,1.19,-153.349248,1.026209,54246188851.12,37695881788.53,45585032648,31677211587,False
2020-12-22,1.16,-149.4833,1.000339,52878637871.68,36745565440.92,45585032648,31677211587,False
2020-12-23,1.16,-149.4833,1.000339,52878637871.68,36745565440.92,45585032648,31677211587,False
2020-12-24,1.16,-149.4833,1.000339,52878637871.68,36745565440.92,45585032648,31677211587,False
2020-12-25,1.18,-152.060599,1.017586,53790338524.64,37379109672.66,45585032648,31677211587,False
2020-12-28,1.17,-150.771949,1.008962,53334488198.16,37062337556.79,45585032648,31677211587,False
2020-12-29,1.16,-149.4833,1.000339,52878637871.68,36745565440.92,45585032648,31677211587,False
2020-12-30,1.17,-150.771949,1.008962,53334488198.16,37062337556.79,45585032648,31677211587,False
2020-12-31,1.17,-150.771949,1.008962,53334488198.16,37062337556.79,45585032648,31677211587,False
2021-01-04,1.18,-152.060599,1.017586,53790338524.64,37379109672.66,45585032648,31677211587,False
2021-01-05,1.17,-150.771949,1.008962,53334488198.16,37062337556.79,45585032648,31677211587,False
2021-01-06,1.17,-150.771949,1.008962,53334488198.16,37062337556.79,45585032648,31677211587,False
2021-01-07,1.17,-150.771949,1.008962,53334488198.16,37062337556.79,45585032648,31677211587,False
2021-01-08,1.17,-150.771949,1.008962,53334488198.16,37062337556.79,45585032648,31677211587,False
2021-01-11,1.16,-149.4833,1.000339,52878637871.68,36745565440.92,45585032648,31677211587,False
2021-01-12,1.15,-148.194651,0.991715,52422787545.2,36428793325.05,45585032648,31677211587,False
2021-01-13,1.14,-146.906002,0.983091,51966937218.72,36112021209.18,45585032648,31677211587,False
2021-01-14,1.15,-148.194651,0.991715,52422787545.2,36428793325.05,45585032648,31677211587,False
2021-01-15,1.15,-148.194651,0.991715,52422787545.2,36428793325.05,45585032648,31677211587,False
2021-01-18,1.16,-149.4833,1.000339,52878637871.68,36745565440.92,45585032648,31677211587,False
2021-01-19,1.16,-149.4833,1.000339,52878637871.68,36745565440.92,45585032648,31677211587,False
2021-01-20,1.2,-154.637897,1.034833,54702039177.6,38012653904.4,45585032648,31677211587,False
2021-01-21,1.24,-159.792493,1.069327,56525440483.52,39279742367.88,45585032648,31677211587,False
2021-01-22,1.18,-152.060599,1.017586,53790338524.64,37379109672.66,45585032648,31677211587,False
2021-01-25,1.17,-150.771949,1.008962,53334488198.16,37062337556.79,45585032648,31677211587,False
2021-01-26,1.18,-152.060599,1.017586,53790338524.64,37379109672.66,45585032648,31677211587,False
2021-01-27,1.17,-150.771949,1.008962,53334488198.16,37062337556.79,45585032648,31677211587,False
2021-01-28,1.15,-148.194651,0.991715,52422787545.2,36428793325.05,45585032648,31677211587,False
2021-01-29,1.15,-148.194651,0.991715,52422787545.2,36428793325.05,45585032648,31677211587,False
2021-02-01,1.13,-145.617353,0.974468,51511086892.24,35795249093.31,45585032648,31677211587,False
2021-02-02,1.14,-146.906002,0.983091,51966937218.72,36112021209.18,45585032648,31677211587,False
2021-02-03,1.2,-154.637897,1.034833,54702039177.6,38012653904.4,45585032648,31677211587,False
2021-02-04,1.17,-150.771949,1.008962,53334488198.16,37062337556.79,45585032648,31677211587,False
2021-02-05,1.13,-145.617353,0.974468,51511086892.24,35795249093.31,45585032648,31677211587,False
2021-02-08,1.14,-146.906002,0.983091,51966937218.72,36112021209.18,45585032648,31677211587,False
2021-02-09,1.14,-146.906002,0.983091,51966937218.72,36112021209.18,45585032648,31677211587,False
2021-02-10,1.15,-148.194651,0.991715,52422787545.2,36428793325.05,45585032648,31677211587,False
2021-02-18,1.2,-154.637897,1.034833,54702039177.6,38012653904.4,45585032648,31677211587,False
2021-02-19,1.2,-154.637897,1.034833,54702039177.6,38012653904.4,45585032648,31677211587,False
2021-02-22,1.32,-170.101686,1.138316,60172243095.36,41813919294.84,45585032648,31677211587,False
2021-02-23,1.45,-186.854125,1.250423,66098297339.6,45931956801.15,45585032648,31677211587,False
2021-02-24,1.41,-181.699529,1.215929,64274896033.68,44664868337.67,45585032648,31677211587,False
2021-02-25,1.5,-193.297371,1.293541,68377548972.0,47515817380.5,45585032648,31677211587,False
2021-02-26,1.54,-198.451968,1.328036,70200950277.92,48782905843.98,45585032648,31677211587,False
2021-03-01,1.69,-217.781705,1.45739,77038705175.12,53534487582.03,45585032648,31677211587,False
2021-03-02,1.76,-226.802249,1.517755,80229657460.48,55751892393.12,45585032648,31677211587,False
2021-03-03,1.94,-249.997933,1.67298,88434963337.12,61453790478.78,45585032648,31677211587,False
2021-03-04,2.13,-274.482267,1.836828,97096119540.24,67472460680.31,45585032648,31677211587,False
2021-03-05,2.08,-268.039021,1.79371,94816867907.84,65888600100.96,45585032648,31677211587,False
2021-03-08,1.94,-249.997933,1.67298,88434963337.12,61453790478.78,45585032648,31677211587,False
2021-03-09,1.85,-238.400091,1.595367,84332310398.8,58602841435.95,45585032648,31677211587,False
2021-03-10,1.79,-230.668196,1.543626,81597208439.92,56702208740.73,45585032648,31677211587,False
2021-03-11,1.86,-239.68874,1.603991,84788160725.28,58919613551.82,45585032648,31677211587,False
2021-03-12,1.8,-231.956845,1.552249,82053058766.4,57018980856.6,45585032648,31677211587,False
2021-03-15,1.91,-246.131986,1.647109,87067412357.68,60503474131.17,45585032648,31677211587,False
2021-03-16,1.85,-238.400091,1.595367,84332310398.8,58602841435.95,45585032648,31677211587,False
2021-03-17,1.8,-231.956845,1.552249,82053058766.4,57018980856.6,45585032648,31677211587,False
2021-03-18,1.76,-226.802249,1.517755,80229657460.48,55751892393.12,45585032648,31677211587,False
2021-03-19,1.71,-220.359003,1.474637,77950405828.08,54168031813.77,45585032648,31677211587,False
2021-03-22,1.68,-216.493056,1.448766,76582854848.64,53217715466.16,45585032648,31677211587,False
2021-03-23,1.6,-206.183862,1.379777,72936052236.8,50683538539.2,45585032648,31677211587,False
2021-03-24,1.54,-198.451968,1.328036,70200950277.92,48782905843.98,45585032648,31677211587,False
2021-03-25,1.58,-203.606564,1.36253,72024351583.84,50049994307.46,45585032648,31677211587,False
2021-03-26,1.61,-207.472512,1.388401,73391902563.28,51000310655.07,45585032648,31677211587,False
2021-03-29,1.58,-203.606564,1.36253,72024351583.84,50049994307.46,45585032648,31677211587,False
2021-03-30,1.63,-210.04981,1.405648,74303603216.24,51633854886.81,45585032648,31677211587,False
2021-03-31,1.56,-201.029266,1.345283,71112650930.88,49416450075.72,45585032648,31677211587,False
2021-04-01,1.59,-204.895213,1.371154,72480201910.32,50366766423.33,45585032648,31677211587,False
2021-04-02,1.54,-198.451968,1.328036,70200950277.92,48782905843.98,45585032648,31677211587,False
2021-04-06,1.55,-199.740617,1.336659,70656800604.4,49099677959.85,45585032648,31677211587,False
2021-04-07,1.64,-211.338459,1.414272,74759453542.72,51950627002.68,45585032648,31677211587,False
2021-04-08,1.63,-210.04981,1.405648,74303603216.24,51633854886.81,45585032648,31677211587,False
2021-04-09,1.61,-207.472512,1.388401,73391902563.28,51000310655.07,45585032648,31677211587,False
2021-04-12,1.64,-211.338459,1.414272,74759453542.72,51950627002.68,45585032648,31677211587,False
2021-04-13,1.57,-202.317915,1.353906,71568501257.36,49733222191.59,45585032648,31677211587,False
2021-04-14,1.58,-203.606564,1.36253,72024351583.84,50049994307.46,45585032648,31677211587,False
2021-04-15,1.58,-203.606564,1.36253,72024351583.84,50049994307.46,45585032648,31677211587,False
2021-04-16,1.57,-202.317915,1.353906,71568501257.36,49733222191.59,45585032648,31677211587,False
2021-04-19,1.58,-203.606564,1.36253,72024351583.84,50049994307.46,45585032648,31677211587,False
2021-04-20,1.61,-207.472512,1.388401,73391902563.28,51000310655.07,45585032648,31677211587,False
2021-04-21,1.56,-201.029266,1.345283,71112650930.88,49416450075.72,45585032648,31677211587,False
2021-04-22,1.57,-202.317915,1.353906,71568501257.36,49733222191.59,45585032648,31677211587,False
2021-04-23,1.56,-201.029266,1.345283,71112650930.88,49416450075.72,45585032648,31677211587,False
2021-04-26,1.55,-199.740617,1.336659,70656800604.4,49099677959.85,45585032648,31677211587,False
2021-04-27,1.49,-192.008722,1.284918,67921698645.52,47199045264.63,45585032648,31677211587,False
2021-04-28,1.52,-195.874669,1.310788,69289249624.96,48149361612.24,45585032648,31677211587,False
2021-04-29,1.49,-192.008722,1.284918,67921698645.52,47199045264.63,45585032648,31677211587,False
2021-04-30,1.47,45.765149,1.249006,67009997992.56,46565501032.89,45585032648,31677211587,False
2021-05-06,1.53,47.633114,1.299985,69745099951.44,48466133728.11,45585032648,31677211587,False
2021-05-07,1.68,52.303027,1.427435,76582854848.64,53217715466.16,45585032648,31677211587,False
2021-05-10,1.85,57.595595,1.571878,84332310398.8,58602841435.95,45585032648,31677211587,False
2021-05-11,1.79,55.72763,1.520898,81597208439.92,56702208740.73,45585032648,31677211587,False
2021-05-12,1.85,57.595595,1.571878,84332310398.8,58602841435.95,45585032648,31677211587,False
2021-05-13,1.72,53.548337,1.461421,78406256154.56,54484803929.64,45585032648,31677211587,False
2021-05-14,1.69,52.614355,1.435932,77038705175.12,53534487582.03,45585032648,31677211587,False
2021-05-17,1.68,52.303027,1.427435,76582854848.64,53217715466.16,45585032648,31677211587,False
2021-05-18,1.68,52.303027,1.427435,76582854848.64,53217715466.16,45585032648,31677211587,False
2021-05-19,1.65,51.369044,1.401945,75215303869.2,52267399118.55,45585032648,31677211587,False
2021-05-20,1.57,48.878424,1.333972,71568501257.36,49733222191.59,45585032648,31677211587,False
2021-05-21,1.62,50.435062,1.376455,73847752889.76,51317082770.94,45585032648,31677211587,False
2021-05-24,1.59,49.501079,1.350965,72480201910.32,50366766423.33,45585032648,31677211587,False
2021-05-25,1.6,49.812407,1.359462,72936052236.8,50683538539.2,45585032648,31677211587,False
2021-05-26,1.62,50.435062,1.376455,73847752889.76,51317082770.94,45585032648,31677211587,False
2021-05-27,1.61,50.123734,1.367958,73391902563.28,51000310655.07,45585032648,31677211587,False
2021-05-28,1.6,49.812407,1.359462,72936052236.8,50683538539.2,45585032648,31677211587,False
2021-05-31,1.64,51.057717,1.393448,74759453542.72,51950627002.68,45585032648,31677211587,False
2021-06-01,1.62,50.435062,1.376455,73847752889.76,51317082770.94,45585032648,31677211587,False
2021-06-02,1.6,49.812407,1.359462,72936052236.8,50683538539.2,45585032648,31677211587,False
2021-06-03,1.67,51.991699,1.418938,76127004522.16,52900943350.29,45585032648,31677211587,False
2021-06-04,1.63,50.746389,1.384952,74303603216.24,51633854886.81,45585032648,31677211587,False
2021-06-07,1.62,50.435062,1.376455,73847752889.76,51317082770.94,45585032648,31677211587,False
2021-06-08,1.6,49.812407,1.359462,72936052236.8,50683538539.2,45585032648,31677211587,False
2021-06-09,1.62,50.435062,1.376455,73847752889.76,51317082770.94,45585032648,31677211587,False
2021-06-10,1.61,50.123734,1.367958,73391902563.28,51000310655.07,45585032648,31677211587,False
2021-06-11,1.61,50.123734,1.367958,73391902563.28,51000310655.07,45585032648,31677211587,False
2021-06-15,1.57,48.878424,1.333972,71568501257.36,49733222191.59,45585032648,31677211587,False
2021-06-16,1.57,48.878424,1.333972,71568501257.36,49733222191.59,45585032648,31677211587,False
2021-06-17,1.55,48.255769,1.316979,70656800604.4,49099677959.85,45585032648,31677211587,False
2021-06-18,1.55,48.255769,1.316979,70656800604.4,49099677959.85,45585032648,31677211587,False
2021-06-21,1.56,48.567096,1.325475,71112650930.88,49416450075.72,45585032648,31677211587,False
2021-06-22,1.57,48.878424,1.333972,71568501257.36,49733222191.59,45585032648,31677211587,False
2021-06-23,1.56,48.567096,1.325475,71112650930.88,49416450075.72,45585032648,31677211587,False
2021-06-24,1.55,48.255769,1.316979,70656800604.4,49099677959.85,45585032648,31677211587,False
2021-06-25,1.6,49.812407,1.359462,72936052236.8,50683538539.2,45585032648,31677211587,False
2021-06-28,1.59,49.501079,1.350965,72480201910.32,50366766423.33,45585032648,31677211587,False
2021-06-29,1.55,48.255769,1.316979,70656800604.4,49099677959.85,45585032648,31677211587,False
2021-06-30,1.55,48.255769,1.316979,70656800604.4,49099677959.85,45585032648,31677211587,False
2021-07-01,1.53,47.633114,1.299985,69745099951.44,48466133728.11,45585032648,31677211587,False
2021-07-02,1.53,47.633114,1.299985,69745099951.44,48466133728.11,45585032648,31677211587,False
2021-07-05,1.58,49.189752,1.342469,72024351583.84,50049994307.46,45585032648,31677211587,False
2021-07-06,1.57,48.878424,1.333972,71568501257.36,49733222191.59,45585032648,31677211587,False
2021-07-07,1.7,52.925682,1.444428,77494555501.6,53851259697.9,45585032648,31677211587,False
2021-07-08,1.69,52.614355,1.435932,77038705175.12,53534487582.03,45585032648,31677211587,False
2021-07-09,1.86,57.906923,1.580374,84788160725.28,58919613551.82,45585032648,31677211587,False
2021-07-12,1.98,61.642853,1.682334,90258364643.04,62720878942.26,45585032648,31677211587,False
2021-07-13,2.18,67.869404,1.852267,99375371172.64,69056321259.66,45585032648,31677211587,False
2021-07-14,2.09,65.067456,1.775797,95272718234.32,66205372216.83,45585032648,31677211587,False
2021-07-15,2.25,70.048697,1.911743,102566323458.0,71273726070.75,45585032648,31677211587,False
2021-07-16,2.15,66.935421,1.826777,98007820193.2,68106004912.05,45585032648,31677211587,False
2021-07-19,2.12,66.001439,1.801287,96640269213.76,67155688564.44,45585032648,31677211587,False
2021-07-20,2.15,66.935421,1.826777,98007820193.2,68106004912.05,45585032648,31677211587,False
2021-07-21,2.37,73.784627,2.013703,108036527375.76,75074991461.19,45585032648,31677211587,False
2021-07-22,2.61,81.256488,2.217622,118976935211.28,82677522242.07,45585032648,31677211587,False
2021-07-23,2.69,83.747109,2.285595,122623737823.12,85211699169.03,45585032648,31677211587,False
2021-07-26,2.59,80.633833,2.200629,118065234558.32,82043978010.33,45585032648,31677211587,False
2021-07-27,2.53,78.765868,2.149649,115330132599.44,80143345315.11,45585032648,31677211587,False
2021-07-28,2.43,75.652593,2.064683,110771629334.64,76975624156.41,45585032648,31677211587,False
2021-07-29,2.67,83.124454,2.268602,121712037170.16,84578154937.29,45585032648,31677211587,False
2021-07-30,2.85,88.728349,2.421541,129917343046.8,90280053022.95,45585032648,31677211587,False
2021-08-02,2.69,83.747109,2.285595,122623737823.12,85211699169.03,45585032648,31677211587,False
2021-08-03,2.5,77.831885,2.124159,113962581620.0,79193028967.5,45585032648,31677211587,False
2021-08-04,2.75,85.615074,2.336575,125358839782.0,87112331864.25,45585032648,31677211587,False
2021-08-05,2.72,84.681091,2.311085,123991288802.56,86162015516.64,45585032648,31677211587,False
2021-08-06,2.77,86.237729,2.353568,126270540434.96,87745876095.99,45585032648,31677211587,False
2021-08-09,2.72,84.681091,2.311085,123991288802.56,86162015516.64,45585032648,31677211587,False
2021-08-10,2.68,83.435781,2.277099,122167887496.64,84894927053.16,45585032648,31677211587,False
2021-08-11,2.68,83.435781,2.277099,122167887496.64,84894927053.16,45585032648,31677211587,False
2021-08-12,2.79,86.860384,2.370562,127182241087.92,88379420327.73,45585032648,31677211587,False
2021-08-13,2.78,86.549057,2.362065,126726390761.44,88062648211.86,45585032648,31677211587,False
2021-08-16,2.67,83.124454,2.268602,121712037170.16,84578154937.29,45585032648,31677211587,False
2021-08-17,2.64,82.190471,2.243112,120344486190.72,83627838589.68,45585032648,31677211587,False
2021-08-18,2.62,81.567816,2.226119,119432785537.76,82994294357.94,45585032648,31677211587,False
2021-08-19,2.56,79.699851,2.175139,116697683578.88,81093661662.72,45585032648,31677211587,False
2021-08-20,2.61,81.256488,2.217622,118976935211.28,82677522242.07,45585032648,31677211587,False
2021-08-23,2.72,84.681091,2.311085,123991288802.56,86162015516.64,45585032648,31677211587,False
2021-08-24,2.99,93.086935,2.540494,136299247617.52,94714862645.13,45585032648,31677211587,False
2021-08-25,3.06,95.266228,2.599971,139490199902.88,96932267456.22,45585032648,31677211587,False
2021-08-26,3.31,103.049416,2.812387,150886458064.88,104851570352.97,45585032648,31677211587,False
2021-08-27,3.32,49.038057,2.716535,151342308391.36,105168342468.84,45585032648,31677211587,False
2021-08-30,3.42,50.515107,2.798359,155900811656.16,108336063627.54,45585032648,31677211587,False
2021-08-31,3.76,55.537076,3.076558,171399722756.48,119106315567.12,45585032648,31677211587,False
2021-09-01,3.8,56.127896,3.109287,173223124062.4,120373404030.6,45585032648,31677211587,False
2021-09-02,3.96,58.491176,3.240205,180516729286.08,125441757884.52,45585032648,31677211587,False
2021-09-03,3.67,54.207731,3.002917,167297069818.16,116255366524.29,45585032648,31677211587,False
2021-09-06,3.58,52.878386,2.929276,163194416879.84,113404417481.46,45585032648,31677211587,False
2021-09-07,3.75,55.389371,3.068376,170943872430.0,118789543451.25,45585032648,31677211587,False
2021-09-08,3.81,56.275601,3.11747,173678974388.88,120690176146.47,45585032648,31677211587,False
2021-09-09,3.89,57.457241,3.182928,177325777000.72,123224353073.43,45585032648,31677211587,False
2021-09-10,3.75,55.389371,3.068376,170943872430.0,118789543451.25,45585032648,31677211587,False
2021-09-13,3.81,56.275601,3.11747,173678974388.88,120690176146.47,45585032648,31677211587,False
2021-09-14,3.66,54.060026,2.994735,166841219491.68,115938594408.42,45585032648,31677211587,False
2021-09-15,3.67,54.207731,3.002917,167297069818.16,116255366524.29,45585032648,31677211587,False
2021-09-16,3.62,53.469206,2.962005,165017818185.76,114671505944.94,45585032648,31677211587,False
2021-09-17,3.38,49.924287,2.765629,154077410350.24,107068975164.06,45585032648,31677211587,False
2021-09-22,3.41,50.367402,2.790176,155444961329.68,108019291511.67,45585032648,31677211587,False
2021-09-23,3.75,55.389371,3.068376,170943872430.0,118789543451.25,45585032648,31677211587,False
2021-09-24,3.55,52.435272,2.904729,161826865900.4,112454101133.85,45585032648,31677211587,False
2021-09-27,3.2,47.265597,2.618347,145872104473.6,101367077078.4,45585032648,31677211587,False
2021-09-28,3.19,47.117892,2.610165,145416254147.12,101050304962.53,45585032648,31677211587,False
2021-09-29,3.08,45.493137,2.520159,140401900555.84,97565811687.96,45585032648,31677211587,False
2021-09-30,3.17,46.822482,2.5938,144504553494.16,100416760730.79,45585032648,31677211587,False
2021-10-08,3.08,45.493137,2.520159,140401900555.84,97565811687.96,45585032648,31677211587,False
2021-10-11,3.02,44.606907,2.471065,137666798596.96,95665178992.74,45585032648,31677211587,False
2021-10-12,2.87,42.391332,2.34833,130829043699.76,90913597254.69,45585032648,31677211587,False
2021-10-13,2.91,42.982152,2.38106,132652445005.68,92180685718.17,45585032648,31677211587,False
2021-10-14,2.9,42.834447,2.372877,132196594679.2,91863913602.3,45585032648,31677211587,False
2021-10-15,2.91,42.982152,2.38106,132652445005.68,92180685718.17,45585032648,31677211587,False
2021-10-18,2.92,43.129857,2.389242,133108295332.16,92497457834.04,45585032648,31677211587,False
2021-10-19,2.92,43.129857,2.389242,133108295332.16,92497457834.04,45585032648,31677211587,False
2021-10-20,3.01,44.459202,2.462883,137210948270.48,95348406876.87,45585032648,31677211587,False
2021-10-21,3.06,45.197727,2.503795,139490199902.88,96932267456.22,45585032648,31677211587,False
2021-10-22,2.88,42.539037,2.356513,131284894026.24,91230369370.56,45585032648,31677211587,False
2021-10-25,2.94,43.425267,2.405607,134019995985.12,93131002065.78,45585032648,31677211587,False
2021-10-26,3.0,44.311497,2.454701,136755097944.0,95031634761.0,45585032648,31677211587,False
2021-10-27,2.98,44.016087,2.438336,135843397291.04,94398090529.26,45585032648,31677211587,False
2021-10-28,2.77,40.914282,2.266507,126270540434.96,87745876095.99,45585032648,31677211587,False
2021-10-29,2.81,41.505102,2.299236,128093941740.88,89012964559.47,45585032648,31677211587,False
2021-11-01,2.71,30.755775,2.177889,123535438476.08,85845243400.77,45585032648,31677211587,False
2021-11-02,2.62,29.734366,2.105561,119432785537.76,82994294357.94,45585032648,31677211587,False
2021-11-03,2.65,30.074835,2.12967,120800336517.2,83944610705.55,45585032648,31677211587,False
2021-11-04,2.64,29.961345,2.121634,120344486190.72,83627838589.68,45585032648,31677211587,False
2021-11-05,2.51,28.485976,2.017159,114418431946.48,79509801083.37,45585032648,31677211587,False
2021-11-08,2.68,30.415305,2.15378,122167887496.64,84894927053.16,45585032648,31677211587,False
2021-11-09,2.6,29.507386,2.089488,118521084884.8,82360750126.2,45585032648,31677211587,False
2021-11-10,2.57,29.166916,2.065378,117153533905.36,81410433778.59,45585032648,31677211587,False
2021-11-11,2.6,29.507386,2.089488,118521084884.8,82360750126.2,45585032648,31677211587,False
2021-11-12,2.6,29.507386,2.089488,118521084884.8,82360750126.2,45585032648,31677211587,False
2021-11-15,2.52,28.599466,2.025196,114874282272.96,79826573199.24,45585032648,31677211587,False
2021-11-16,2.42,27.464567,1.944831,110315779008.16,76658852040.54,45585032648,31677211587,False
2021-11-17,2.46,27.918526,1.976977,112139180314.08,77925940504.02,45585032648,31677211587,False
2021-11-18,2.5,28.372486,2.009123,113962581620.0,79193028967.5,45585032648,31677211587,False
2021-11-19,2.52,28.599466,2.025196,114874282272.96,79826573199.24,45585032648,31677211587,False
2021-11-22,2.6,29.507386,2.089488,118521084884.8,82360750126.2,45585032648,31677211587,False
2021-11-23,2.78,31.550205,2.234145,126726390761.44,88062648211.86,45585032648,31677211587,False
2021-11-24,2.9,32.912084,2.330582,132196594679.2,91863913602.3,45585032648,31677211587,False
2021-11-25,2.84,32.231144,2.282364,129461492720.32,89963280907.08,45585032648,31677211587,False
2021-11-26,3.04,34.500943,2.443093,138578499249.92,96298723224.48,45585032648,31677211587,False
2021-11-29,2.97,33.706514,2.386838,135387546964.56,94081318413.39,45585032648,31677211587,False
2021-11-30,2.89,32.798594,2.322546,131740744352.72,91547141486.43,45585032648,31677211587,False
2021-12-01,2.87,32.571614,2.306473,130829043699.76,90913597254.69,45585032648,31677211587,False
2021-12-02,2.94,33.366044,2.362728,134019995985.12,93131002065.78,45585032648,31677211587,False
2021-12-03,2.87,32.571614,2.306473,130829043699.76,90913597254.69,45585032648,31677211587,False
2021-12-06,2.87,32.571614,2.306473,130829043699.76,90913597254.69,45585032648,31677211587,False
2021-12-07,2.8,31.777185,2.250218,127638091414.4,88696192443.6,45585032648,31677211587,False
2021-12-08,2.88,32.685104,2.31451,131284894026.24,91230369370.56,45585032648,31677211587,False
2021-12-09,3.04,34.500943,2.443093,138578499249.92,96298723224.48,45585032648,31677211587,False
2021-12-10,2.96,33.593024,2.378801,134931696638.08,93764546297.52,45585032648,31677211587,False
2021-12-13,2.99,33.933494,2.402911,136299247617.52,94714862645.13,45585032648,31677211587,False
2021-12-14,2.94,33.366044,2.362728,134019995985.12,93131002065.78,45585032648,31677211587,False
2021-12-15,3.04,34.500943,2.443093,138578499249.92,96298723224.48,45585032648,31677211587,False
2021-12-16,3.12,35.408863,2.507385,142225301861.76,98832900151.44,45585032648,31677211587,False
2021-12-17,3.08,34.954903,2.475239,140401900555.84,97565811687.96,45585032648,31677211587,False
2021-12-20,3.11,35.295373,2.499349,141769451535.28,98516128035.57,45585032648,31677211587,False
2021-12-21,3.09,35.068393,2.483276,140857750882.32,97882583803.83,45585032648,31677211587,False
2021-12-22,3.01,34.160473,2.418984,137210948270.48,95348406876.87,45585032648,31677211587,False
2021-12-23,3.05,34.614433,2.45113,139034349576.4,96615495340.35,45585032648,31677211587,False
2021-12-24,2.88,32.685104,2.31451,131284894026.24,91230369370.56,45585032648,31677211587,False
2021-12-27,2.78,31.550205,2.234145,126726390761.44,88062648211.86,45585032648,31677211587,False
2021-12-28,2.84,32.231144,2.282364,129461492720.32,89963280907.08,45585032648,31677211587,False
2021-12-29,2.78,31.550205,2.234145,126726390761.44,88062648211.86,45585032648,31677211587,False
2021-12-30,2.77,31.436715,2.226108,126270540434.96,87745876095.99,45585032648,31677211587,False
2021-12-31,2.79,31.663695,2.242181,127182241087.92,88379420327.73,45585032648,31677211587,False
2022-01-04,2.79,31.663695,2.242181,127182241087.92,88379420327.73,45585032648,31677211587,False
2022-01-05,2.67,30.301815,2.145743,121712037170.16,84578154937.29,45585032648,31677211587,False
2022-01-06,2.72,30.869265,2.185926,123991288802.56,86162015516.64,45585032648,31677211587,False
2022-01-07,2.79,31.663695,2.242181,127182241087.92,88379420327.73,45585032648,31677211587,False
2022-01-10,2.83,32.117654,2.274327,129005642393.84,89646508791.21,45585032648,31677211587,False
2022-01-11,2.85,32.344634,2.2904,129917343046.8,90280053022.95,45585032648,31677211587,False
2022-01-12,2.73,30.982755,2.193962,124447139129.04,86478787632.51,45585032648,31677211587,False
2022-01-13,2.67,30.301815,2.145743,121712037170.16,84578154937.29,45585032648,31677211587,False
2022-01-14,2.63,29.847855,2.113597,119888635864.24,83311066473.81,45585032648,31677211587,False
2022-01-17,2.56,29.053426,2.057342,116697683578.88,81093661662.72,45585032648,31677211587,False
2022-01-18,2.58,29.280406,2.073415,117609384231.84,81727205894.46,45585032648,31677211587,False
2022-01-19,2.57,29.166916,2.065378,117153533905.36,81410433778.59,45585032648,31677211587,False
2022-01-20,2.53,28.712956,2.033232,115330132599.44,80143345315.11,45585032648,31677211587,False
2022-01-21,2.46,27.918526,1.976977,112139180314.08,77925940504.02,45585032648,31677211587,False
2022-01-24,2.51,28.485976,2.017159,114418431946.48,79509801083.37,45585032648,31677211587,False
2022-01-25,2.41,27.351077,1.936794,109859928681.68,76342079924.67,45585032648,31677211587,False
2022-01-26,2.43,27.578057,1.952867,110771629334.64,76975624156.41,45585032648,31677211587,False
2022-01-27,2.34,26.556647,1.880539,106668976396.32,74124675113.58,45585032648,31677211587,False
2022-01-28,2.34,26.556647,1.880539,106668976396.32,74124675113.58,45585032648,31677211587,False
2022-02-07,2.5,28.372486,2.009123,113962581620.0,79193028967.5,45585032648,31677211587,False
2022-02-08,2.54,28.826446,2.041269,115785982925.92,80460117430.98,45585032648,31677211587,False
2022-02-09,2.56,29.053426,2.057342,116697683578.88,81093661662.72,45585032648,31677211587,False
2022-02-10,2.55,28.939936,2.049305,116241833252.4,80776889546.85,45585032648,31677211587,False
2022-02-11,2.51,28.485976,2.017159,114418431946.48,79509801083.37,45585032648,31677211587,False
2022-02-14,2.5,28.372486,2.009123,113962581620.0,79193028967.5,45585032648,31677211587,False
2022-02-15,2.5,28.372486,2.009123,113962581620.0,79193028967.5,45585032648,31677211587,False
2022-02-16,2.58,29.280406,2.073415,117609384231.84,81727205894.46,45585032648,31677211587,False
2022-02-17,2.61,29.620876,2.097524,118976935211.28,82677522242.07,45585032648,31677211587,False
2022-02-18,2.61,29.620876,2.097524,118976935211.28,82677522242.07,45585032648,31677211587,False
2022-02-21,2.59,29.393896,2.081451,118065234558.32,82043978010.33,45585032648,31677211587,False
2022-02-22,2.57,29.166916,2.065378,117153533905.36,81410433778.59,45585032648,31677211587,False
2022-02-23,2.58,29.280406,2.073415,117609384231.84,81727205894.46,45585032648,31677211587,False
2022-02-24,2.51,28.485976,2.017159,114418431946.48,79509801083.37,45585032648,31677211587,False
2022-02-25,2.66,30.188325,2.137707,121256186843.68,84261382821.42,45585032648,31677211587,False
2022-02-28,2.68,30.415305,2.15378,122167887496.64,84894927053.16,45585032648,31677211587,False
2022-03-01,2.64,29.961345,2.121634,120344486190.72,83627838589.68,45585032648,31677211587,False
2022-03-02,2.63,29.847855,2.113597,119888635864.24,83311066473.81,45585032648,31677211587,False
2022-03-03,2.64,29.961345,2.121634,120344486190.72,83627838589.68,45585032648,31677211587,False
2022-03-04,2.58,29.280406,2.073415,117609384231.84,81727205894.46,45585032648,31677211587,False
2022-03-07,2.5,28.372486,2.009123,113962581620.0,79193028967.5,45585032648,31677211587,False
2022-03-08,2.41,27.351077,1.936794,109859928681.68,76342079924.67,45585032648,31677211587,False
2022-03-09,2.38,27.010607,1.912685,108492377702.24,75391763577.06,45585032648,31677211587,False
2022-03-10,2.4,27.237587,1.928758,109404078355.2,76025307808.8,45585032648,31677211587,False
2022-03-11,2.39,27.124097,1.920721,108948228028.72,75708535692.93,45585032648,31677211587,False
2022-03-14,2.31,26.216177,1.85643,105301425416.88,73174358765.97,45585032648,31677211587,False
2022-03-15,2.13,24.173358,1.711773,97096119540.24,67472460680.31,45585032648,31677211587,False
2022-03-16,2.24,25.421748,1.800174,102110473131.52,70956953954.88,45585032648,31677211587,False
2022-03-17,2.27,25.762217,1.824284,103478024110.96,71907270302.49,45585032648,31677211587,False
2022-03-18,2.28,25.875707,1.83232,103933874437.44,72224042418.36,45585032648,31677211587,False
2022-03-21,2.27,25.762217,1.824284,103478024110.96,71907270302.49,45585032648,31677211587,False
2022-03-22,2.3,26.102687,1.848393,104845575090.4,72857586650.1,45585032648,31677211587,False
2022-03-23,2.28,25.875707,1.83232,103933874437.44,72224042418.36,45585032648,31677211587,False
2022-03-24,2.25,25.535238,1.808211,102566323458.0,71273726070.75,45585032648,31677211587,False
2022-03-25,2.22,25.194768,1.784101,101198772478.56,70323409723.14,45585032648,31677211587,False
2022-03-28,2.25,25.535238,1.808211,102566323458.0,71273726070.75,45585032648,31677211587,False
2022-03-29,2.22,25.194768,1.784101,101198772478.56,70323409723.14,45585032648,31677211587,False
2022-03-30,2.25,25.535238,1.808211,102566323458.0,71273726070.75,45585032648,31677211587,False
2022-03-31,2.23,25.308258,1.792138,101654622805.04,70640181839.01,45585032648,31677211587,False
2022-04-01,2.24,25.421748,1.800174,102110473131.52,70956953954.88,45585032648,31677211587,False
2022-04-06,2.32,26.329667,1.864466,105757275743.36,73491130881.84,45585032648,31677211587,False
2022-04-07,2.28,25.875707,1.83232,103933874437.44,72224042418.36,45585032648,31677211587,False
2022-04-08,2.28,25.875707,1.83232,103933874437.44,72224042418.36,45585032648,31677211587,False
2022-04-11,2.18,24.740808,1.751955,99375371172.64,69056321259.66,45585032648,31677211587,False
2022-04-12,2.21,25.081278,1.776065,100742922152.08,70006637607.27,45585032648,31677211587,False
2022-04-13,2.2,24.967788,1.768028,100287071825.6,69689865491.4,45585032648,31677211587,False
2022-04-14,2.23,25.308258,1.792138,101654622805.04,70640181839.01,45585032648,31677211587,False
2022-04-15,2.24,35.622646,1.847621,102110473131.52,70956953954.88,45585032648,31677211587,False
2022-04-18,2.19,34.827497,1.80638,99831221499.12,69373093375.53,45585032648,31677211587,False
2022-04-19,2.21,35.145557,1.822876,100742922152.08,70006637607.27,45585032648,31677211587,False
2022-04-20,2.14,34.032349,1.765138,97551969866.72,67789232796.18,45585032648,31677211587,False
2022-04-21,2.04,32.442052,1.682655,92993466601.92,64621511637.48,45585032648,31677211587,False
2022-04-22,2.01,31.964963,1.65791,91625915622.48,63671195289.87,45585032648,31677211587,False
2022-04-25,1.84,29.261459,1.517689,83876460072.32,58286069320.08,45585032648,31677211587,False
2022-04-26,1.79,28.466311,1.476447,81597208439.92,56702208740.73,45585032648,31677211587,False
2022-04-27,1.88,29.897578,1.550682,85699861378.24,59553157783.56,45585032648,31677211587,False
2022-04-28,1.82,33.682302,1.490808,82964759419.36,57652525088.34,45585032648,31677211587,False
2022-04-29,1.88,34.792707,1.539956,85699861378.24,59553157783.56,45585032648,31677211587,False
2022-05-05,1.86,34.422572,1.523573,84788160725.28,58919613551.82,45585032648,31677211587,False
2022-05-06,1.8,33.312166,1.474426,82053058766.4,57018980856.6,45585032648,31677211587,False
2022-05-09,1.84,34.052437,1.507191,83876460072.32,58286069320.08,45585032648,31677211587,False
2022-05-10,1.85,34.237504,1.515382,84332310398.8,58602841435.95,45585032648,31677211587,False
2022-05-11,1.89,34.977775,1.548147,86155711704.72,59869929899.43,45585032648,31677211587,False
2022-05-12,1.86,34.422572,1.523573,84788160725.28,58919613551.82,45585032648,31677211587,False
2022-05-13,1.85,34.237504,1.515382,84332310398.8,58602841435.95,45585032648,31677211587,False
2022-05-16,1.86,34.422572,1.523573,84788160725.28,58919613551.82,45585032648,31677211587,False
2022-05-17,1.88,34.792707,1.539956,85699861378.24,59553157783.56,45585032648,31677211587,False
2022-05-18,1.86,34.422572,1.523573,84788160725.28,58919613551.82,45585032648,31677211587,False
2022-05-19,1.86,34.422572,1.523573,84788160725.28,58919613551.82,45585032648,31677211587,False
2022-05-20,1.9,35.162842,1.556338,86611562031.2,60186702015.3,45585032648,31677211587,False
2022-05-23,2.09,38.679127,1.711972,95272718234.32,66205372216.83,45585032648,31677211587,False
2022-05-24,2.05,37.938856,1.679207,93449316928.4,64938283753.35,45585032648,31677211587,False
2022-05-25,2.03,37.568721,1.662824,92537616275.44,64304739521.61,45585032648,31677211587,False
2022-05-26,2.01,37.198586,1.646442,91625915622.48,63671195289.87,45585032648,31677211587,False
2022-05-27,2.0,37.013518,1.638251,91170065296.0,63354423174.0,45585032648,31677211587,False
2022-05-30,2.0,37.013518,1.638251,91170065296.0,63354423174.0,45585032648,31677211587,False
2022-05-31,2.01,37.198586,1.646442,91625915622.48,63671195289.87,45585032648,31677211587,False
2022-06-01,2.0,37.013518,1.638251,91170065296.0,63354423174.0,45585032648,31677211587,False
2022-06-02,2.07,38.308991,1.695589,94361017581.36,65571827985.09,45585032648,31677211587,False
2022-06-06,2.13,39.419397,1.744737,97096119540.24,67472460680.31,45585032648,31677211587,False
2022-06-07,2.09,38.679127,1.711972,95272718234.32,66205372216.83,45585032648,31677211587,False
2022-06-08,2.14,39.604465,1.752928,97551969866.72,67789232796.18,45585032648,31677211587,False
2022-06-09,2.11,39.049262,1.728355,96184418887.28,66838916448.57,45585032648,31677211587,False
2022-06-10,2.14,39.604465,1.752928,97551969866.72,67789232796.18,45585032648,31677211587,False
2022-06-13,2.16,39.9746,1.769311,98463670519.68,68422777027.92,45585032648,31677211587,False
2022-06-14,2.17,40.159667,1.777502,98919520846.16,68739549143.79,45585032648,31677211587,False
2022-06-15,2.14,39.604465,1.752928,97551969866.72,67789232796.18,45585032648,31677211587,False
2022-06-16,2.12,39.234329,1.736546,96640269213.76,67155688564.44,45585032648,31677211587,False
2022-06-17,2.13,39.419397,1.744737,97096119540.24,67472460680.31,45585032648,31677211587,False
2022-06-20,2.1,38.864194,1.720163,95728568560.8,66522144332.7,45585032648,31677211587,False
2022-06-21,2.23,41.270073,1.82665,101654622805.04,70640181839.01,45585032648,31677211587,False
2022-06-22,2.45,45.34156,2.006857,111683329987.6,77609168388.15,45585032648,31677211587,False
2022-06-23,2.45,45.34156,2.006857,111683329987.6,77609168388.15,45585032648,31677211587,False
2022-06-24,2.64,48.857844,2.162491,120344486190.72,83627838589.68,45585032648,31677211587,False
2022-06-27,2.65,49.042912,2.170682,120800336517.2,83944610705.55,45585032648,31677211587,False
2022-06-28,2.51,46.451966,2.056005,114418431946.48,79509801083.37,45585032648,31677211587,False
2022-06-29,2.37,43.861019,1.941327,108036527375.76,75074991461.19,45585032648,31677211587,False
2022-06-30,2.35,43.490884,1.924945,107124826722.8,74441447229.45,45585032648,31677211587,False
2022-07-01,2.49,46.08183,2.039622,113506731293.52,78876256851.63,45585032648,31677211587,False
2022-07-04,2.41,44.60129,1.974092,109859928681.68,76342079924.67,45585032648,31677211587,False
2022-07-05,2.44,45.156492,1.998666,111227479661.12,77292396272.28,45585032648,31677211587,False
2022-07-06,2.37,43.861019,1.941327,108036527375.76,75074991461.19,45585032648,31677211587,False
2022-07-07,2.37,43.861019,1.941327,108036527375.76,75074991461.19,45585032648,31677211587,False
2022-07-08,2.36,43.675952,1.933136,107580677049.28,74758219345.32,45585032648,31677211587,False
2022-07-11,2.28,42.195411,1.867606,103933874437.44,72224042418.36,45585032648,31677211587,False
2022-07-12,2.26,41.825276,1.851223,103022173784.48,71590498186.62,45585032648,31677211587,False
2022-07-13,2.26,41.825276,1.851223,103022173784.48,71590498186.62,45585032648,31677211587,False
2022-07-14,2.22,41.085005,1.818458,101198772478.56,70323409723.14,45585032648,31677211587,False
2022-07-15,2.13,39.419397,1.744737,97096119540.24,67472460680.31,45585032648,31677211587,False
2022-07-18,2.16,39.9746,1.769311,98463670519.68,68422777027.92,45585032648,31677211587,False
2022-07-19,2.18,40.344735,1.785693,99375371172.64,69056321259.66,45585032648,31677211587,False
2022-07-20,2.17,40.159667,1.777502,98919520846.16,68739549143.79,45585032648,31677211587,False
2022-07-21,2.18,40.344735,1.785693,99375371172.64,69056321259.66,45585032648,31677211587,False
2022-07-22,2.14,39.604465,1.752928,97551969866.72,67789232796.18,45585032648,31677211587,False
2022-07-25,2.14,39.604465,1.752928,97551969866.72,67789232796.18,45585032648,31677211587,False
2022-07-26,2.16,39.9746,1.769311,98463670519.68,68422777027.92,45585032648,31677211587,False
2022-07-27,2.16,39.9746,1.769311,98463670519.68,68422777027.92,45585032648,31677211587,False
2022-07-28,2.19,40.529803,1.793885,99831221499.12,69373093375.53,45585032648,31677211587,False
2022-07-29,2.26,41.825276,1.851223,103022173784.48,71590498186.62,45585032648,31677211587,False
2022-08-01,2.19,40.529803,1.793885,99831221499.12,69373093375.53,45585032648,31677211587,False
2022-08-02,2.1,38.864194,1.720163,95728568560.8,66522144332.7,45585032648,31677211587,False
2022-08-03,2.12,39.234329,1.736546,96640269213.76,67155688564.44,45585032648,31677211587,False
2022-08-04,2.11,39.049262,1.728355,96184418887.28,66838916448.57,45585032648,31677211587,False
2022-08-05,2.14,39.604465,1.752928,97551969866.72,67789232796.18,45585032648,31677211587,False
2022-08-08,2.14,39.604465,1.752928,97551969866.72,67789232796.18,45585032648,31677211587,False
2022-08-09,2.16,39.9746,1.769311,98463670519.68,68422777027.92,45585032648,31677211587,False
2022-08-10,2.15,39.789532,1.76112,98007820193.2,68106004912.05,45585032648,31677211587,False
2022-08-11,2.17,40.159667,1.777502,98919520846.16,68739549143.79,45585032648,31677211587,False
2022-08-12,2.19,40.529803,1.793885,99831221499.12,69373093375.53,45585032648,31677211587,False
2022-08-15,2.22,41.085005,1.818458,101198772478.56,70323409723.14,45585032648,31677211587,False
2022-08-16,2.19,40.529803,1.793885,99831221499.12,69373093375.53,45585032648,31677211587,False
2022-08-17,2.18,40.344735,1.785693,99375371172.64,69056321259.66,45585032648,31677211587,False
2022-08-18,2.13,39.419397,1.744737,97096119540.24,67472460680.31,45585032648,31677211587,False
2022-08-19,2.13,39.419397,1.744737,97096119540.24,67472460680.31,45585032648,31677211587,False
2022-08-22,2.13,39.419397,1.744737,97096119540.24,67472460680.31,45585032648,31677211587,False
2022-08-23,2.12,39.234329,1.736546,96640269213.76,67155688564.44,45585032648,31677211587,False
2022-08-24,2.07,38.308991,1.695589,94361017581.36,65571827985.09,45585032648,31677211587,False
2022-08-25,2.08,38.494059,1.703781,94816867907.84,65888600100.96,45585032648,31677211587,False
2022-08-26,2.09,182.761809,1.733542,95272718234.32,66205372216.83,45585032648,31677211587,False
2022-08-29,2.07,181.012892,1.716953,94361017581.36,65571827985.09,45585032648,31677211587,False
2022-08-30,2.04,178.389517,1.69207,92993466601.92,64621511637.48,45585032648,31677211587,False
2022-08-31,2.01,175.766142,1.667186,91625915622.48,63671195289.87,45585032648,31677211587,False
2022-09-01,2.0,174.891683,1.658892,91170065296.0,63354423174.0,45585032648,31677211587,False
2022-09-02,2.0,174.891683,1.658892,91170065296.0,63354423174.0,45585032648,31677211587,False
2022-09-05,2.03,177.515059,1.683775,92537616275.44,64304739521.61,45585032648,31677211587,False
2022-09-06,2.05,179.263975,1.700364,93449316928.4,64938283753.35,45585032648,31677211587,False
2022-09-07,2.06,180.138434,1.708659,93905167254.88,65255055869.22,45585032648,31677211587,False
2022-09-08,2.04,178.389517,1.69207,92993466601.92,64621511637.48,45585032648,31677211587,False
2022-09-09,2.06,180.138434,1.708659,93905167254.88,65255055869.22,45585032648,31677211587,False
2022-09-13,2.05,179.263975,1.700364,93449316928.4,64938283753.35,45585032648,31677211587,False
2022-09-14,2.02,176.6406,1.675481,92081765948.96,63987967405.74,45585032648,31677211587,False
2022-09-15,2.0,174.891683,1.658892,91170065296.0,63354423174.0,45585032648,31677211587,False
2022-09-16,1.96,171.39385,1.625714,89346663990.08,62087334710.52,45585032648,31677211587,False
2022-09-19,1.91,167.021558,1.584242,87067412357.68,60503474131.17,45585032648,31677211587,False
2022-09-20,1.95,170.519391,1.61742,88890813663.6,61770562594.65,45585032648,31677211587,False
2022-09-21,1.98,173.142766,1.642303,90258364643.04,62720878942.26,45585032648,31677211587,False
2022-09-22,1.96,171.39385,1.625714,89346663990.08,62087334710.52,45585032648,31677211587,False
2022-09-23,1.96,171.39385,1.625714,89346663990.08,62087334710.52,45585032648,31677211587,False
2022-09-26,1.91,167.021558,1.584242,87067412357.68,60503474131.17,45585032648,31677211587,False
2022-09-27,1.91,167.021558,1.584242,87067412357.68,60503474131.17,45585032648,31677211587,False
2022-09-28,1.84,160.900349,1.52618,83876460072.32,58286069320.08,45585032648,31677211587,False
2022-09-29,1.84,160.900349,1.52618,83876460072.32,58286069320.08,45585032648,31677211587,False
2022-09-30,1.84,160.900349,1.52618,83876460072.32,58286069320.08,45585032648,31677211587,False
2022-10-10,1.83,160.02589,1.517886,83420609745.84,57969297204.21,45585032648,31677211587,False
2022-10-11,1.83,160.02589,1.517886,83420609745.84,57969297204.21,45585032648,31677211587,False
2022-10-12,1.86,162.649265,1.542769,84788160725.28,58919613551.82,45585032648,31677211587,False
2022-10-13,1.89,165.272641,1.567653,86155711704.72,59869929899.43,45585032648,31677211587,False
2022-10-14,1.89,165.272641,1.567653,86155711704.72,59869929899.43,45585032648,31677211587,False
2022-10-17,1.91,167.021558,1.584242,87067412357.68,60503474131.17,45585032648,31677211587,False
2022-10-18,1.89,165.272641,1.567653,86155711704.72,59869929899.43,45585032648,31677211587,False
2022-10-19,1.86,162.649265,1.542769,84788160725.28,58919613551.82,45585032648,31677211587,False
2022-10-20,1.86,162.649265,1.542769,84788160725.28,58919613551.82,45585032648,31677211587,False
2022-10-21,1.85,161.774807,1.534475,84332310398.8,58602841435.95,45585032648,31677211587,False
2022-10-24,1.81,158.276973,1.501297,82508909092.88,57335752972.47,45585032648,31677211587,False
2022-10-25,1.82,159.151432,1.509592,82964759419.36,57652525088.34,45585032648,31677211587,False
2022-10-26,1.89,165.272641,1.567653,86155711704.72,59869929899.43,45585032648,31677211587,False
2022-10-27,1.86,162.649265,1.542769,84788160725.28,58919613551.82,45585032648,31677211587,False
2022-10-28,1.79,-49.229381,1.518493,81597208439.92,56702208740.73,45585032648,31677211587,False
2022-10-31,1.76,-48.404307,1.493044,80229657460.48,55751892393.12,45585032648,31677211587,False
2022-11-01,1.82,-50.054454,1.543943,82964759419.36,57652525088.34,45585032648,31677211587,False
2022-11-02,1.86,-51.154552,1.577876,84788160725.28,58919613551.82,45585032648,31677211587,False
2022-11-03,1.82,-50.054454,1.543943,82964759419.36,57652525088.34,45585032648,31677211587,False
2022-11-04,1.87,-51.429577,1.586359,85244011051.76,59236385667.69,45585032648,31677211587,False
2022-11-07,1.93,-53.079723,1.637258,87979113010.64,61137018362.91,45585032648,31677211587,False
2022-11-08,1.94,-53.354748,1.645741,88434963337.12,61453790478.78,45585032648,31677211587,False
2022-11-09,1.93,-53.079723,1.637258,87979113010.64,61137018362.91,45585032648,31677211587,False
2022-11-10,2.12,-58.305188,1.798439,96640269213.76,67155688564.44,45585032648,31677211587,False
2022-11-11,2.06,-56.655042,1.74754,93905167254.88,65255055869.22,45585032648,31677211587,False
2022-11-14,1.98,-54.454846,1.679674,90258364643.04,62720878942.26,45585032648,31677211587,False
2022-11-15,1.98,-54.454846,1.679674,90258364643.04,62720878942.26,45585032648,31677211587,False
2022-11-16,1.96,-53.904797,1.662708,89346663990.08,62087334710.52,45585032648,31677211587,False
2022-11-17,1.95,-53.629772,1.654224,88890813663.6,61770562594.65,45585032648,31677211587,False
2022-11-18,1.97,-54.179821,1.671191,89802514316.56,62404106826.39,45585032648,31677211587,False
2022-11-21,1.93,-53.079723,1.637258,87979113010.64,61137018362.91,45585032648,31677211587,False
2022-11-22,1.96,-53.904797,1.662708,89346663990.08,62087334710.52,45585032648,31677211587,False
2022-11-23,1.96,-53.904797,1.662708,89346663990.08,62087334710.52,45585032648,31677211587,False
2022-11-24,1.95,-53.629772,1.654224,88890813663.6,61770562594.65,45585032648,31677211587,False
2022-11-25,1.97,-54.179821,1.671191,89802514316.56,62404106826.39,45585032648,31677211587,False
2022-11-28,1.95,-53.629772,1.654224,88890813663.6,61770562594.65,45585032648,31677211587,False
2022-11-29,1.98,-54.454846,1.679674,90258364643.04,62720878942.26,45585032648,31677211587,False
2022-11-30,1.99,-54.72987,1.688157,90714214969.52,63037651058.13,45585032648,31677211587,False
2022-12-01,1.98,-54.454846,1.679674,90258364643.04,62720878942.26,45585032648,31677211587,False
2022-12-02,1.98,-54.454846,1.679674,90258364643.04,62720878942.26,45585032648,31677211587,False
2022-12-05,2.06,-56.655042,1.74754,93905167254.88,65255055869.22,45585032648,31677211587,False
2022-12-06,2.04,-56.104993,1.730573,92993466601.92,64621511637.48,45585032648,31677211587,False
2022-12-07,2.0,-55.004895,1.69664,91170065296.0,63354423174.0,45585032648,31677211587,False
2022-12-08,2.0,-55.004895,1.69664,91170065296.0,63354423174.0,45585032648,31677211587,False
2022-12-09,2.02,-55.554944,1.713607,92081765948.96,63987967405.74,45585032648,31677211587,False
2022-12-12,1.97,-54.179821,1.671191,89802514316.56,62404106826.39,45585032648,31677211587,False
2022-12-13,2.04,-56.104993,1.730573,92993466601.92,64621511637.48,45585032648,31677211587,False
2022-12-14,2.0,-55.004895,1.69664,91170065296.0,63354423174.0,45585032648,31677211587,False
2022-12-15,1.98,-54.454846,1.679674,90258364643.04,62720878942.26,45585032648,31677211587,False
2022-12-16,1.98,-54.454846,1.679674,90258364643.04,62720878942.26,45585032648,31677211587,False
2022-12-19,1.93,-53.079723,1.637258,87979113010.64,61137018362.91,45585032648,31677211587,False
2022-12-20,1.93,-53.079723,1.637258,87979113010.64,61137018362.91,45585032648,31677211587,False
2022-12-21,1.91,-52.529674,1.620292,87067412357.68,60503474131.17,45585032648,31677211587,False
2022-12-22,1.88,-51.704601,1.594842,85699861378.24,59553157783.56,45585032648,31677211587,False
2022-12-23,1.89,-51.979625,1.603325,86155711704.72,59869929899.43,45585032648,31677211587,False
2022-12-26,1.91,-52.529674,1.620292,87067412357.68,60503474131.17,45585032648,31677211587,False
2022-12-27,1.96,-53.904797,1.662708,89346663990.08,62087334710.52,45585032648,31677211587,False
2022-12-28,1.96,-53.904797,1.662708,89346663990.08,62087334710.52,45585032648,31677211587,False
2022-12-29,1.93,-53.079723,1.637258,87979113010.64,61137018362.91,45585032648,31677211587,False
2022-12-30,1.92,-52.804699,1.628775,87523262684.16,60820246247.04,45585032648,31677211587,False
2023-01-03,1.93,-53.079723,1.637258,87979113010.64,61137018362.91,45585032648,31677211587,False
2023-01-04,1.94,-53.354748,1.645741,88434963337.12,61453790478.78,45585032648,31677211587,False
2023-01-05,1.93,-53.079723,1.637258,87979113010.64,61137018362.91,45585032648,31677211587,False
2023-01-06,1.93,-53.079723,1.637258,87979113010.64,61137018362.91,45585032648,31677211587,False
2023-01-09,1.95,-53.629772,1.654224,88890813663.6,61770562594.65,45585032648,31677211587,False
2023-01-10,1.91,-52.529674,1.620292,87067412357.68,60503474131.17,45585032648,31677211587,False
2023-01-11,1.91,-52.529674,1.620292,87067412357.68,60503474131.17,45585032648,31677211587,False
2023-01-12,1.9,-52.25465,1.611808,86611562031.2,60186702015.3,45585032648,31677211587,False
2023-01-13,1.91,-52.529674,1.620292,87067412357.68,60503474131.17,45585032648,31677211587,False
2023-01-16,1.93,-53.079723,1.637258,87979113010.64,61137018362.91,45585032648,31677211587,False
2023-01-17,1.93,-53.079723,1.637258,87979113010.64,61137018362.91,45585032648,31677211587,False
2023-01-18,1.93,-53.079723,1.637258,87979113010.64,61137018362.91,45585032648,31677211587,False
2023-01-19,1.94,-53.354748,1.645741,88434963337.12,61453790478.78,45585032648,31677211587,False
2023-01-20,2.01,-55.279919,1.705124,91625915622.48,63671195289.87,45585032648,31677211587,False
2023-01-30,2.04,-56.104993,1.730573,92993466601.92,64621511637.48,45585032648,31677211587,False
2023-01-31,2.04,-56.104993,1.730573,92993466601.92,64621511637.48,45585032648,31677211587,False
2023-02-01,2.1,-57.755139,1.781472,95728568560.8,66522144332.7,45585032648,31677211587,False
2023-02-02,2.1,-57.755139,1.781472,95728568560.8,66522144332.7,45585032648,31677211587,False
2023-02-03,2.09,-57.480115,1.772989,95272718234.32,66205372216.83,45585032648,31677211587,False
2023-02-06,2.05,-56.380017,1.739056,93449316928.4,64938283753.35,45585032648,31677211587,False
2023-02-07,2.06,-56.655042,1.74754,93905167254.88,65255055869.22,45585032648,31677211587,False
2023-02-08,2.04,-56.104993,1.730573,92993466601.92,64621511637.48,45585032648,31677211587,False
2023-02-09,2.07,-56.930066,1.756023,94361017581.36,65571827985.09,45585032648,31677211587,False
2023-02-10,2.04,-56.104993,1.730573,92993466601.92,64621511637.48,45585032648,31677211587,False
2023-02-13,2.04,-56.104993,1.730573,92993466601.92,64621511637.48,45585032648,31677211587,False
2023-02-14,2.06,-56.655042,1.74754,93905167254.88,65255055869.22,45585032648,31677211587,False
2023-02-15,2.03,-55.829968,1.72209,92537616275.44,64304739521.61,45585032648,31677211587,False
2023-02-16,1.99,-54.72987,1.688157,90714214969.52,63037651058.13,45585032648,31677211587,False
2023-02-17,2.0,-55.004895,1.69664,91170065296.0,63354423174.0,45585032648,31677211587,False
2023-02-20,2.04,-56.104993,1.730573,92993466601.92,64621511637.48,45585032648,31677211587,False
2023-02-21,2.1,-57.755139,1.781472,95728568560.8,66522144332.7,45585032648,31677211587,False
2023-02-22,2.07,-56.930066,1.756023,94361017581.36,65571827985.09,45585032648,31677211587,False
2023-02-23,2.06,-56.655042,1.74754,93905167254.88,65255055869.22,45585032648,31677211587,False
2023-02-24,2.04,-56.104993,1.730573,92993466601.92,64621511637.48,45585032648,31677211587,False
2023-02-27,2.05,-56.380017,1.739056,93449316928.4,64938283753.35,45585032648,31677211587,False
2023-02-28,2.05,-56.380017,1.739056,93449316928.4,64938283753.35,45585032648,31677211587,False
2023-03-01,2.07,-56.930066,1.756023,94361017581.36,65571827985.09,45585032648,31677211587,False
2023-03-02,2.04,-56.104993,1.730573,92993466601.92,64621511637.48,45585032648,31677211587,False
2023-03-03,2.06,-56.655042,1.74754,93905167254.88,65255055869.22,45585032648,31677211587,False
2023-03-06,2.04,-56.104993,1.730573,92993466601.92,64621511637.48,45585032648,31677211587,False
2023-03-07,2.01,-55.279919,1.705124,91625915622.48,63671195289.87,45585032648,31677211587,False
2023-03-08,2.01,-55.279919,1.705124,91625915622.48,63671195289.87,45585032648,31677211587,False
2023-03-09,2.0,-55.004895,1.69664,91170065296.0,63354423174.0,45585032648,31677211587,False
2023-03-10,1.96,-53.904797,1.662708,89346663990.08,62087334710.52,45585032648,31677211587,False
2023-03-13,1.96,-53.904797,1.662708,89346663990.08,62087334710.52,45585032648,31677211587,False
2023-03-14,1.94,-53.354748,1.645741,88434963337.12,61453790478.78,45585032648,31677211587,False
2023-03-15,1.97,-54.179821,1.671191,89802514316.56,62404106826.39,45585032648,31677211587,False
2023-03-16,1.92,-52.804699,1.628775,87523262684.16,60820246247.04,45585032648,31677211587,False
2023-03-17,1.93,-53.079723,1.637258,87979113010.64,61137018362.91,45585032648,31677211587,False
2023-03-20,1.92,-52.804699,1.628775,87523262684.16,60820246247.04,45585032648,31677211587,False
2023-03-21,1.93,-53.079723,1.637258,87979113010.64,61137018362.91,45585032648,31677211587,False
2023-03-22,1.93,-53.079723,1.637258,87979113010.64,61137018362.91,45585032648,31677211587,False
2023-03-23,1.92,-52.804699,1.628775,87523262684.16,60820246247.04,45585032648,31677211587,False
2023-03-24,1.92,-52.804699,1.628775,87523262684.16,60820246247.04,45585032648,31677211587,False
2023-03-27,1.9,-52.25465,1.611808,86611562031.2,60186702015.3,45585032648,31677211587,False
2023-03-28,1.88,-51.704601,1.594842,85699861378.24,59553157783.56,45585032648,31677211587,False
2023-03-29,1.87,-51.429577,1.586359,85244011051.76,59236385667.69,45585032648,31677211587,False
2023-03-30,1.87,-51.429577,1.586359,85244011051.76,59236385667.69,45585032648,31677211587,False
2023-03-31,1.89,-51.979625,1.603325,86155711704.72,59869929899.43,45585032648,31677211587,False
2023-04-03,1.9,-52.25465,1.611808,86611562031.2,60186702015.3,45585032648,31677211587,False
2023-04-04,1.9,-52.25465,1.611808,86611562031.2,60186702015.3,45585032648,31677211587,False
2023-04-06,1.89,-51.979625,1.603325,86155711704.72,59869929899.43,45585032648,31677211587,False
2023-04-07,1.89,-51.979625,1.603325,86155711704.72,59869929899.43,45585032648,31677211587,False
2023-04-10,1.87,-51.429577,1.586359,85244011051.76,59236385667.69,45585032648,31677211587,False
2023-04-11,1.89,-51.979625,1.603325,86155711704.72,59869929899.43,45585032648,31677211587,False
2023-04-12,1.9,-52.25465,1.611808,86611562031.2,60186702015.3,45585032648,31677211587,False
2023-04-13,1.89,-51.979625,1.603325,86155711704.72,59869929899.43,45585032648,31677211587,False
2023-04-14,1.9,-52.25465,1.611808,86611562031.2,60186702015.3,45585032648,31677211587,False
2023-04-17,1.92,-52.804699,1.628775,87523262684.16,60820246247.04,45585032648,31677211587,False
2023-04-18,1.9,-52.25465,1.611808,86611562031.2,60186702015.3,45585032648,31677211587,False
2023-04-19,1.89,-51.979625,1.603325,86155711704.72,59869929899.43,45585032648,31677211587,False
2023-04-20,1.88,-51.704601,1.594842,85699861378.24,59553157783.56,45585032648,31677211587,False
2023-04-21,1.84,-50.604503,1.560909,83876460072.32,58286069320.08,45585032648,31677211587,False
2023-04-24,1.81,-113.032596,1.573741,82508909092.88,57335752972.47,45585032648,31677211587,False
2023-04-25,1.78,-111.159128,1.547657,81141358113.44,56385436624.86,45585032648,31677211587,False
2023-04-26,1.8,-112.408107,1.565047,82053058766.4,57018980856.6,45585032648,31677211587,False
2023-04-27,1.79,-111.783617,1.556352,81597208439.92,56702208740.73,45585032648,31677211587,False
2023-04-28,1.82,-107.723218,1.571136,82964759419.36,57652525088.34,45585032648,31677211587,False
2023-05-04,1.82,-107.723218,1.571136,82964759419.36,57652525088.34,45585032648,31677211587,False
2023-05-05,1.8,-106.539446,1.553871,82053058766.4,57018980856.6,45585032648,31677211587,False
2023-05-08,1.85,-109.498875,1.597034,84332310398.8,58602841435.95,45585032648,31677211587,False
2023-05-09,1.87,-110.245379,1.607922,84907242003.76,58899616619.69,45404942248,31497121187,False
2023-05-10,1.87,-110.245379,1.607922,84907242003.76,58899616619.69,45404942248,31497121187,False
2023-05-11,1.86,-109.655831,1.599323,84453192581.28,58584645407.82,45404942248,31497121187,False
2023-05-12,1.83,-107.887189,1.573528,83091044313.84,57639731772.21,45404942248,31497121187,False
2023-05-15,1.86,-109.655831,1.599323,84453192581.28,58584645407.82,45404942248,31497121187,False
2023-05-16,1.84,-108.476736,1.582126,83545093736.32,57954702984.08,45404942248,31497121187,False
2023-05-17,1.84,-108.476736,1.582126,83545093736.32,57954702984.08,45404942248,31497121187,False
2023-05-18,1.83,-107.887189,1.573528,83091044313.84,57639731772.21,45404942248,31497121187,False
2023-05-19,1.84,-108.476736,1.582126,83545093736.32,57954702984.08,45404942248,31497121187,False
2023-05-22,1.86,-109.655831,1.599323,84453192581.28,58584645407.82,45404942248,31497121187,False
2023-05-23,1.83,-107.887189,1.573528,83091044313.84,57639731772.21,45404942248,31497121187,False
2023-05-24,1.83,-107.887189,1.573528,83091044313.84,57639731772.21,45404942248,31497121187,False
2023-05-25,1.83,-107.887189,1.573528,83091044313.84,57639731772.21,45404942248,31497121187,False
2023-05-26,1.83,-107.887189,1.573528,83091044313.84,57639731772.21,45404942248,31497121187,False
2023-05-29,1.83,-107.887189,1.573528,83091044313.84,57639731772.21,45404942248,31497121187,False
2023-05-30,1.81,-106.708094,1.556331,82182945468.88,57009789348.47,45404942248,31497121187,False
2023-05-31,1.83,-107.887189,1.573528,83091044313.84,57639731772.21,45404942248,31497121187,False
2023-06-01,1.84,-108.476736,1.582126,83545093736.32,57954702984.08,45404942248,31497121187,False
2023-06-02,1.86,-109.655831,1.599323,84453192581.28,58584645407.82,45404942248,31497121187,False
2023-06-05,1.85,-109.066284,1.590725,83999143158.8,58269674195.95,45404942248,31497121187,False
2023-06-06,1.81,-106.708094,1.556331,82182945468.88,57009789348.47,45404942248,31497121187,False
2023-06-07,1.81,-106.708094,1.556331,82182945468.88,57009789348.47,45404942248,31497121187,False
2023-06-08,1.81,-106.708094,1.556331,82182945468.88,57009789348.47,45404942248,31497121187,False
2023-06-09,1.82,-107.297641,1.564929,82636994891.36,57324760560.34,45404942248,31497121187,False
2023-06-12,1.81,-106.708094,1.556331,82182945468.88,57009789348.47,45404942248,31497121187,False
2023-06-13,1.81,-106.708094,1.556331,82182945468.88,57009789348.47,45404942248,31497121187,False
2023-06-14,1.8,-106.118546,1.547732,81728896046.4,56694818136.6,45404942248,31497121187,False
2023-06-15,1.82,-107.297641,1.564929,82636994891.36,57324760560.34,45404942248,31497121187,False
2023-06-16,1.83,-107.887189,1.573528,83091044313.84,57639731772.21,45404942248,31497121187,False
2023-06-19,1.81,-106.708094,1.556331,82182945468.88,57009789348.47,45404942248,31497121187,False
2023-06-20,1.81,-106.708094,1.556331,82182945468.88,57009789348.47,45404942248,31497121187,False
2023-06-21,1.79,-105.528999,1.539134,81274846623.92,56379846924.73,45404942248,31497121187,False
2023-06-26,1.78,-104.939452,1.530535,80820797201.44,56064875712.86,45404942248,31497121187,False
2023-06-27,1.79,-105.528999,1.539134,81274846623.92,56379846924.73,45404942248,31497121187,False
2023-06-28,1.78,-104.939452,1.530535,80820797201.44,56064875712.86,45404942248,31497121187,False
2023-06-29,1.78,-104.939452,1.530535,80820797201.44,56064875712.86,45404942248,31497121187,False
2023-06-30,1.79,-105.528999,1.539134,81274846623.92,56379846924.73,45404942248,31497121187,False
2023-07-03,1.8,-106.118546,1.547732,81728896046.4,56694818136.6,45404942248,31497121187,False
2023-07-04,1.83,-107.887189,1.573528,83091044313.84,57639731772.21,45404942248,31497121187,False
2023-07-05,1.91,-112.603569,1.642316,86723439693.68,60159501467.17,45404942248,31497121187,False
2023-07-06,1.85,-109.066284,1.590725,83999143158.8,58269674195.95,45404942248,31497121187,False
2023-07-07,1.85,-109.066284,1.590725,83999143158.8,58269674195.95,45404942248,31497121187,False
2023-07-10,1.84,-108.476736,1.582126,83545093736.32,57954702984.08,45404942248,31497121187,False
2023-07-11,1.83,-107.887189,1.573528,83091044313.84,57639731772.21,45404942248,31497121187,False
2023-07-12,1.82,-107.297641,1.564929,82636994891.36,57324760560.34,45404942248,31497121187,False
2023-07-13,1.83,-107.887189,1.573528,83091044313.84,57639731772.21,45404942248,31497121187,False
2023-07-14,1.82,-107.297641,1.564929,82636994891.36,57324760560.34,45404942248,31497121187,False
2023-07-17,1.8,-106.118546,1.547732,81728896046.4,56694818136.6,45404942248,31497121187,False
2023-07-18,1.8,-106.118546,1.547732,81728896046.4,56694818136.6,45404942248,31497121187,False
2023-07-19,1.81,-106.708094,1.556331,82182945468.88,57009789348.47,45404942248,31497121187,False
2023-07-20,1.8,-106.118546,1.547732,81728896046.4,56694818136.6,45404942248,31497121187,False
2023-07-21,1.8,-106.118546,1.547732,81728896046.4,56694818136.6,45404942248,31497121187,False
2023-07-24,1.79,-105.528999,1.539134,81274846623.92,56379846924.73,45404942248,31497121187,False
2023-07-25,1.82,-107.297641,1.564929,82636994891.36,57324760560.34,45404942248,31497121187,False
2023-07-26,1.86,-109.655831,1.599323,84453192581.28,58584645407.82,45404942248,31497121187,False
2023-07-27,1.86,-109.655831,1.599323,84453192581.28,58584645407.82,45404942248,31497121187,False
2023-07-28,1.89,-111.424474,1.625119,85815340848.72,59529559043.43,45404942248,31497121187,False
2023-07-31,1.89,-111.424474,1.625119,85815340848.72,59529559043.43,45404942248,31497121187,False
2023-08-01,1.93,-113.782664,1.659513,87631538538.64,60789443890.91,45404942248,31497121187,False
2023-08-02,1.91,-112.603569,1.642316,86723439693.68,60159501467.17,45404942248,31497121187,False
2023-08-03,1.92,-113.193116,1.650914,87177489116.16,60474472679.04,45404942248,31497121187,False
2023-08-04,1.91,-112.603569,1.642316,86723439693.68,60159501467.17,45404942248,31497121187,False
2023-08-07,1.9,-112.014021,1.633717,86269390271.2,59844530255.3,45404942248,31497121187,False
2023-08-08,1.89,-111.424474,1.625119,85815340848.72,59529559043.43,45404942248,31497121187,False
2023-08-09,1.89,-111.424474,1.625119,85815340848.72,59529559043.43,45404942248,31497121187,False
2023-08-10,1.88,-110.834926,1.61652,85361291426.24,59214587831.56,45404942248,31497121187,False
2023-08-11,1.84,-108.476736,1.582126,83545093736.32,57954702984.08,45404942248,31497121187,False
2023-08-14,1.84,-108.476736,1.582126,83545093736.32,57954702984.08,45404942248,31497121187,False
2023-08-15,1.84,-108.476736,1.582126,83545093736.32,57954702984.08,45404942248,31497121187,False
2023-08-16,1.83,-107.887189,1.573528,83091044313.84,57639731772.21,45404942248,31497121187,False
2023-08-17,1.83,-107.887189,1.573528,83091044313.84,57639731772.21,45404942248,31497121187,False
2023-08-18,1.81,-106.708094,1.556331,82182945468.88,57009789348.47,45404942248,31497121187,False
2023-08-21,1.8,-106.118546,1.547732,81728896046.4,56694818136.6,45404942248,31497121187,False
2023-08-22,1.8,-106.118546,1.547732,81728896046.4,56694818136.6,45404942248,31497121187,False
2023-08-23,1.78,-104.939452,1.530535,80820797201.44,56064875712.86,45404942248,31497121187,False
2023-08-24,1.77,-104.349904,1.521937,80366747778.96,55749904500.99,45404942248,31497121187,False
2023-08-25,1.77,-108.665439,1.517944,80366747778.96,55749904500.99,45404942248,31497121187,False
2023-08-28,1.78,-109.279368,1.52652,80820797201.44,56064875712.86,45404942248,31497121187,False
2023-08-29,1.8,-110.507226,1.543672,81728896046.4,56694818136.6,45404942248,31497121187,False
2023-08-30,1.79,-109.893297,1.535096,81274846623.92,56379846924.73,45404942248,31497121187,False
2023-08-31,1.79,-109.893297,1.535096,81274846623.92,56379846924.73,45404942248,31497121187,False
2023-09-01,1.8,-110.507226,1.543672,81728896046.4,56694818136.6,45404942248,31497121187,False
2023-09-04,1.83,-112.349014,1.5694,83091044313.84,57639731772.21,45404942248,31497121187,False
2023-09-05,1.82,-111.735084,1.560824,82636994891.36,57324760560.34,45404942248,31497121187,False
2023-09-06,1.8,-110.507226,1.543672,81728896046.4,56694818136.6,45404942248,31497121187,False
2023-09-07,1.78,-109.279368,1.52652,80820797201.44,56064875712.86,45404942248,31497121187,False
2023-09-08,1.78,-109.279368,1.52652,80820797201.44,56064875712.86,45404942248,31497121187,False
2023-09-11,1.78,-109.279368,1.52652,80820797201.44,56064875712.86,45404942248,31497121187,False
2023-09-12,1.79,-109.893297,1.535096,81274846623.92,56379846924.73,45404942248,31497121187,False
2023-09-13,1.78,-109.279368,1.52652,80820797201.44,56064875712.86,45404942248,31497121187,False
2023-09-14,1.78,-109.279368,1.52652,80820797201.44,56064875712.86,45404942248,31497121187,False
2023-09-15,1.78,-109.279368,1.52652,80820797201.44,56064875712.86,45404942248,31497121187,False
2023-09-18,1.78,-109.279368,1.52652,80820797201.44,56064875712.86,45404942248,31497121187,False
2023-09-19,1.78,-109.279368,1.52652,80820797201.44,56064875712.86,45404942248,31497121187,False
2023-09-20,1.77,-108.665439,1.517944,80366747778.96,55749904500.99,45404942248,31497121187,False
2023-09-21,1.74,-106.823652,1.492216,79004599511.52,54804990865.38,45404942248,31497121187,False
2023-09-22,1.75,-107.437581,1.500792,79458648934.0,55119962077.25,45404942248,31497121187,False
2023-09-25,1.73,-106.209723,1.48364,78550550089.04,54490019653.51,45404942248,31497121187,False
2023-09-26,1.71,-104.981865,1.466488,77642451244.08,53860077229.77,45404942248,31497121187,False
2023-09-27,1.71,-104.981865,1.466488,77642451244.08,53860077229.77,45404942248,31497121187,False
2023-09-28,1.72,-105.595794,1.475064,78096500666.56,54175048441.64,45404942248,31497121187,False
2023-10-09,1.72,-105.595794,1.475064,78096500666.56,54175048441.64,45404942248,31497121187,False
2023-10-10,1.71,-104.981865,1.466488,77642451244.08,53860077229.77,45404942248,31497121187,False
2023-10-11,1.71,-104.981865,1.466488,77642451244.08,53860077229.77,45404942248,31497121187,False
2023-10-12,1.72,-105.595794,1.475064,78096500666.56,54175048441.64,45404942248,31497121187,False
2023-10-13,1.72,-105.595794,1.475064,78096500666.56,54175048441.64,45404942248,31497121187,False
2023-10-16,1.69,-103.754007,1.449337,76734352399.12,53230134806.03,45404942248,31497121187,False
2023-10-17,1.68,-103.140078,1.440761,76280302976.64,52915163594.16,45404942248,31497121187,False
2023-10-18,1.62,-99.456504,1.389305,73556006441.76,51025336322.94,45404942248,31497121187,False
2023-10-19,1.6,-98.228646,1.372153,72647907596.8,50395393899.2,45404942248,31497121187,False
2023-10-20,1.59,-97.614717,1.363577,72193858174.32,50080422687.33,45404942248,31497121187,False
2023-10-23,1.54,-94.545071,1.320697,69923611061.92,48505566627.98,45404942248,31497121187,False
2023-10-24,1.58,-97.000788,1.355001,71739808751.84,49765451475.46,45404942248,31497121187,False
2023-10-25,1.61,-98.842575,1.380729,73101957019.28,50710365111.07,45404942248,31497121187,False
2023-10-26,1.61,-98.842575,1.380729,73101957019.28,50710365111.07,45404942248,31497121187,False
2023-10-27,1.64,151.654216,1.405141,74464105286.72,51655278746.68,45404942248,31497121187,False
2023-10-30,1.64,151.654216,1.405141,74464105286.72,51655278746.68,45404942248,31497121187,False
2023-10-31,1.62,149.804775,1.388005,73556006441.76,51025336322.94,45404942248,31497121187,False
2023-11-01,1.61,148.880054,1.379437,73101957019.28,50710365111.07,45404942248,31497121187,False
2023-11-02,1.6,147.955333,1.370869,72647907596.8,50395393899.2,45404942248,31497121187,False
2023-11-03,1.61,148.880054,1.379437,73101957019.28,50710365111.07,45404942248,31497121187,False
2023-11-06,1.64,151.654216,1.405141,74464105286.72,51655278746.68,45404942248,31497121187,False
2023-11-07,1.63,150.729496,1.396573,74010055864.24,51340307534.81,45404942248,31497121187,False
2023-11-08,1.61,148.880054,1.379437,73101957019.28,50710365111.07,45404942248,31497121187,False
2023-11-09,1.6,147.955333,1.370869,72647907596.8,50395393899.2,45404942248,31497121187,False
2023-11-10,1.59,147.030612,1.362301,72193858174.32,50080422687.33,45404942248,31497121187,False
2023-11-13,1.62,149.804775,1.388005,73556006441.76,51025336322.94,45404942248,31497121187,False
2023-11-14,1.61,148.880054,1.379437,73101957019.28,50710365111.07,45404942248,31497121187,False
2023-11-15,1.62,149.804775,1.388005,73556006441.76,51025336322.94,45404942248,31497121187,False
2023-11-16,1.6,147.955333,1.370869,72647907596.8,50395393899.2,45404942248,31497121187,False
2023-11-17,1.6,147.955333,1.370869,72647907596.8,50395393899.2,45404942248,31497121187,False
2023-11-20,1.6,147.955333,1.370869,72647907596.8,50395393899.2,45404942248,31497121187,False
2023-11-21,1.6,147.955333,1.370869,72647907596.8,50395393899.2,45404942248,31497121187,False
2023-11-22,1.58,146.105891,1.353733,71739808751.84,49765451475.46,45404942248,31497121187,False
2023-11-23,1.58,146.105891,1.353733,71739808751.84,49765451475.46,45404942248,31497121187,False
2023-11-24,1.58,146.105891,1.353733,71739808751.84,49765451475.46,45404942248,31497121187,False
2023-11-27,1.56,144.25645,1.336597,70831709906.88,49135509051.72,45404942248,31497121187,False
2023-11-28,1.56,144.25645,1.336597,70831709906.88,49135509051.72,45404942248,31497121187,False
2023-11-29,1.55,143.331729,1.328029,70377660484.4,48820537839.85,45404942248,31497121187,False
2023-11-30,1.53,141.482287,1.310893,69469561639.44,48190595416.11,45404942248,31497121187,False
2023-12-01,1.55,143.331729,1.328029,70377660484.4,48820537839.85,45404942248,31497121187,False
2023-12-04,1.55,143.331729,1.328029,70377660484.4,48820537839.85,45404942248,31497121187,False
2023-12-05,1.54,142.407008,1.319461,69923611061.92,48505566627.98,45404942248,31497121187,False
2023-12-06,1.54,142.407008,1.319461,69923611061.92,48505566627.98,45404942248,31497121187,False
2023-12-07,1.53,141.482287,1.310893,69469561639.44,48190595416.11,45404942248,31497121187,False
2023-12-08,1.57,145.181171,1.345165,71285759329.36,49450480263.59,45404942248,31497121187,False
2023-12-11,1.54,142.407008,1.319461,69923611061.92,48505566627.98,45404942248,31497121187,False
2023-12-12,1.53,141.482287,1.310893,69469561639.44,48190595416.11,45404942248,31497121187,False
2023-12-13,1.49,137.783404,1.276622,67653363949.52,46930710568.63,45404942248,31497121187,False
2023-12-14,1.47,135.933962,1.259486,66745265104.56,46300768144.89,45404942248,31497121187,False
2023-12-15,1.46,135.009242,1.250918,66291215682.08,45985796933.02,45404942248,31497121187,False
2023-12-18,1.42,131.310358,1.216646,64475017992.16,44725912085.54,45404942248,31497121187,False
2023-12-19,1.42,131.310358,1.216646,64475017992.16,44725912085.54,45404942248,31497121187,False
2023-12-20,1.39,128.536196,1.190942,63112869724.72,43780998449.93,45404942248,31497121187,False
2023-12-21,1.41,130.385637,1.208078,64020968569.68,44410940873.67,45404942248,31497121187,False
2023-12-22,1.42,131.310358,1.216646,64475017992.16,44725912085.54,45404942248,31497121187,False
2023-12-25,1.43,132.235079,1.225214,64929067414.64,45040883297.41,45404942248,31497121187,False
2023-12-26,1.41,130.385637,1.208078,64020968569.68,44410940873.67,45404942248,31497121187,False
2023-12-27,1.4,129.460916,1.19951,63566919147.2,44095969661.8,45404942248,31497121187,False
2023-12-28,1.46,135.009242,1.250918,66291215682.08,45985796933.02,45404942248,31497121187,False
2023-12-29,1.46,135.009242,1.250918,66291215682.08,45985796933.02,45404942248,31497121187,False
2024-01-02,1.45,134.084521,1.24235,65837166259.6,45670825721.15,45404942248,31497121187,False
2024-01-03,1.46,135.009242,1.250918,66291215682.08,45985796933.02,45404942248,31497121187,False
2024-01-04,1.44,133.1598,1.233782,65383116837.12,45355854509.28,45404942248,31497121187,False
2024-01-05,1.43,132.235079,1.225214,64929067414.64,45040883297.41,45404942248,31497121187,False
2024-01-08,1.41,130.385637,1.208078,64020968569.68,44410940873.67,45404942248,31497121187,False
2024-01-09,1.41,130.385637,1.208078,64020968569.68,44410940873.67,45404942248,31497121187,False
2024-01-10,1.42,131.310358,1.216646,64475017992.16,44725912085.54,45404942248,31497121187,False
2024-01-11,1.43,132.235079,1.225214,64929067414.64,45040883297.41,45404942248,31497121187,False
2024-01-12,1.43,132.235079,1.225214,64929067414.64,45040883297.41,45404942248,31497121187,False
2024-01-15,1.43,132.235079,1.225214,64929067414.64,45040883297.41,45404942248,31497121187,False
2024-01-16,1.44,133.1598,1.233782,65383116837.12,45355854509.28,45404942248,31497121187,False
2024-01-17,1.42,131.310358,1.216646,64475017992.16,44725912085.54,45404942248,31497121187,False
2024-01-18,1.42,131.310358,1.216646,64475017992.16,44725912085.54,45404942248,31497121187,False
2024-01-19,1.41,130.385637,1.208078,64020968569.68,44410940873.67,45404942248,31497121187,False
2024-01-22,1.39,128.536196,1.190942,63112869724.72,43780998449.93,45404942248,31497121187,False
2024-01-23,1.39,128.536196,1.190942,63112869724.72,43780998449.93,45404942248,31497121187,False
2024-01-24,1.42,131.310358,1.216646,64475017992.16,44725912085.54,45404942248,31497121187,False
2024-01-25,1.47,135.933962,1.259486,66745265104.56,46300768144.89,45404942248,31497121187,False
2024-01-26,1.47,135.933962,1.259486,66745265104.56,46300768144.89,45404942248,31497121187,False
2024-01-29,1.46,135.009242,1.250918,66291215682.08,45985796933.02,45404942248,31497121187,False
2024-01-30,1.44,133.1598,1.233782,65383116837.12,45355854509.28,45404942248,31497121187,False
2024-01-31,1.42,131.310358,1.216646,64475017992.16,44725912085.54,45404942248,31497121187,False
2024-02-01,1.42,131.310358,1.216646,64475017992.16,44725912085.54,45404942248,31497121187,False
2024-02-02,1.41,130.385637,1.208078,64020968569.68,44410940873.67,45404942248,31497121187,False
2024-02-05,1.39,128.536196,1.190942,63112869724.72,43780998449.93,45404942248,31497121187,False
2024-02-06,1.47,135.933962,1.259486,66745265104.56,46300768144.89,45404942248,31497121187,False
2024-02-07,1.52,140.557566,1.302325,69015512216.96,47875624204.24,45404942248,31497121187,False
2024-02-08,1.52,140.557566,1.302325,69015512216.96,47875624204.24,45404942248,31497121187,False
2024-02-19,1.52,140.557566,1.302325,69015512216.96,47875624204.24,45404942248,31497121187,False
2024-02-20,1.51,139.632846,1.293757,68561462794.48,47560652992.37,45404942248,31497121187,False
2024-02-21,1.52,140.557566,1.302325,69015512216.96,47875624204.24,45404942248,31497121187,False
2024-02-22,1.53,141.482287,1.310893,69469561639.44,48190595416.11,45404942248,31497121187,False
2024-02-23,1.53,141.482287,1.310893,69469561639.44,48190595416.11,45404942248,31497121187,False
2024-02-26,1.52,140.557566,1.302325,69015512216.96,47875624204.24,45404942248,31497121187,False
2024-02-27,1.53,141.482287,1.310893,69469561639.44,48190595416.11,45404942248,31497121187,False
2024-02-28,1.52,140.557566,1.302325,69015512216.96,47875624204.24,45404942248,31497121187,False
2024-02-29,1.54,142.407008,1.319461,69923611061.92,48505566627.98,45404942248,31497121187,False
2024-03-01,1.53,141.482287,1.310893,69469561639.44,48190595416.11,45404942248,31497121187,False
2024-03-04,1.51,139.632846,1.293757,68561462794.48,47560652992.37,45404942248,31497121187,False
2024-03-05,1.52,140.557566,1.302325,69015512216.96,47875624204.24,45404942248,31497121187,False
2024-03-06,1.51,139.632846,1.293757,68561462794.48,47560652992.37,45404942248,31497121187,False
2024-03-07,1.56,144.25645,1.336597,70831709906.88,49135509051.72,45404942248,31497121187,False
2024-03-08,1.54,142.407008,1.319461,69923611061.92,48505566627.98,45404942248,31497121187,False
2024-03-11,1.54,142.407008,1.319461,69923611061.92,48505566627.98,45404942248,31497121187,False
2024-03-12,1.53,141.482287,1.310893,69469561639.44,48190595416.11,45404942248,31497121187,False
2024-03-13,1.53,141.482287,1.310893,69469561639.44,48190595416.11,45404942248,31497121187,False
2024-03-14,1.52,140.557566,1.302325,69015512216.96,47875624204.24,45404942248,31497121187,False
2024-03-15,1.58,146.105891,1.353733,71739808751.84,49765451475.46,45404942248,31497121187,False
2024-03-18,1.58,146.105891,1.353733,71739808751.84,49765451475.46,45404942248,31497121187,False
2024-03-19,1.7,157.202541,1.456548,77188401821.6,53545106017.9,45404942248,31497121187,False
2024-03-20,1.65,152.578937,1.413709,74918154709.2,51970249958.55,45404942248,31497121187,False
2024-03-21,1.63,150.729496,1.396573,74010055864.24,51340307534.81,45404942248,31497121187,False
2024-03-22,1.61,148.880054,1.379437,73101957019.28,50710365111.07,45404942248,31497121187,False
2024-03-25,1.6,147.955333,1.370869,72647907596.8,50395393899.2,45404942248,31497121187,False
2024-03-26,1.59,147.030612,1.362301,72193858174.32,50080422687.33,45404942248,31497121187,False
2024-03-27,1.57,145.181171,1.345165,71285759329.36,49450480263.59,45404942248,31497121187,False
2024-03-28,1.59,147.030612,1.362301,72193858174.32,50080422687.33,45404942248,31497121187,False
2024-03-29,1.6,147.955333,1.370869,72647907596.8,50395393899.2,45404942248,31497121187,False
2024-04-01,1.63,150.729496,1.396573,74010055864.24,51340307534.81,45404942248,31497121187,False
2024-04-02,1.63,150.729496,1.396573,74010055864.24,51340307534.81,45404942248,31497121187,False
2024-04-03,1.67,154.428379,1.430844,75826253554.16,52600192382.29,45404942248,31497121187,False
2024-04-08,1.67,154.428379,1.430844,75826253554.16,52600192382.29,45404942248,31497121187,False
2024-04-09,1.72,159.051983,1.473684,78096500666.56,54175048441.64,45404942248,31497121187,False
2024-04-10,1.65,152.578937,1.413709,74918154709.2,51970249958.55,45404942248,31497121187,False
2024-04-11,1.66,153.503658,1.422276,75372204131.68,52285221170.42,45404942248,31497121187,False
2024-04-12,1.64,151.654216,1.405141,74464105286.72,51655278746.68,45404942248,31497121187,False
2024-04-15,1.63,150.729496,1.396573,74010055864.24,51340307534.81,45404942248,31497121187,False
2024-04-16,1.6,147.955333,1.370869,72647907596.8,50395393899.2,45404942248,31497121187,False
2024-04-17,1.63,150.729496,1.396573,74010055864.24,51340307534.81,45404942248,31497121187,False
2024-04-18,1.64,151.654216,1.405141,74464105286.72,51655278746.68,45404942248,31497121187,False
2024-04-19,1.62,142.7522,1.419449,73556006441.76,51025336322.94,45404942248,31497121187,False
2024-04-22,1.62,142.7522,1.419449,73556006441.76,51025336322.94,45404942248,31497121187,False
2024-04-23,1.59,140.108641,1.393163,72193858174.32,50080422687.33,45404942248,31497121187,False
2024-04-24,1.6,140.989827,1.401925,72647907596.8,50395393899.2,45404942248,31497121187,False
2024-04-25,1.6,140.989827,1.401925,72647907596.8,50395393899.2,45404942248,31497121187,False
2024-04-26,1.62,142.7522,1.419449,73556006441.76,51025336322.94,45404942248,31497121187,False
2024-04-29,1.62,255.311716,1.416366,73556006441.76,51025336322.94,45404942248,31497121187,False
2024-04-30,1.6,252.15972,1.39888,72647907596.8,50395393899.2,45404942248,31497121187,False
2024-05-06,1.62,255.311716,1.416366,73556006441.76,51025336322.94,45404942248,31497121187,False
2024-05-07,1.63,256.887715,1.425109,74010055864.24,51340307534.81,45404942248,31497121187,False
2024-05-08,1.61,253.735718,1.407623,73101957019.28,50710365111.07,45404942248,31497121187,False
2024-05-09,1.62,255.311716,1.416366,73556006441.76,51025336322.94,45404942248,31497121187,False
2024-05-10,1.61,253.735718,1.407623,73101957019.28,50710365111.07,45404942248,31497121187,False
2024-05-13,1.59,250.583722,1.390137,72193858174.32,50080422687.33,45404942248,31497121187,False
2024-05-14,1.6,252.15972,1.39888,72647907596.8,50395393899.2,45404942248,31497121187,False
2024-05-15,1.59,250.583722,1.390137,72193858174.32,50080422687.33,45404942248,31497121187,False
2024-05-16,1.59,250.583722,1.390137,72193858174.32,50080422687.33,45404942248,31497121187,False
2024-05-17,1.61,253.735718,1.407623,73101957019.28,50710365111.07,45404942248,31497121187,False
2024-05-20,1.61,253.735718,1.407623,73101957019.28,50710365111.07,45404942248,31497121187,False
2024-05-21,1.6,252.15972,1.39888,72647907596.8,50395393899.2,45404942248,31497121187,False
2024-05-22,1.6,252.15972,1.39888,72647907596.8,50395393899.2,45404942248,31497121187,False
2024-05-23,1.57,247.431725,1.372651,71285759329.36,49450480263.59,45404942248,31497121187,False
2024-05-24,1.56,245.855727,1.363908,70831709906.88,49135509051.72,45404942248,31497121187,False
2024-05-27,1.56,245.855727,1.363908,70831709906.88,49135509051.72,45404942248,31497121187,False
2024-05-28,1.55,244.279729,1.355165,70377660484.4,48820537839.85,45404942248,31497121187,False
2024-05-29,1.56,245.855727,1.363908,70831709906.88,49135509051.72,45404942248,31497121187,False
2024-05-30,1.55,244.279729,1.355165,70377660484.4,48820537839.85,45404942248,31497121187,False
2024-05-31,1.54,242.70373,1.346422,69923611061.92,48505566627.98,45404942248,31497121187,False
2024-06-03,1.49,234.823739,1.302707,67653363949.52,46930710568.63,45404942248,31497121187,False
2024-06-04,1.48,233.247741,1.293964,67199314527.04,46615739356.76,45404942248,31497121187,False
2024-06-05,1.46,230.095744,1.276478,66291215682.08,45985796933.02,45404942248,31497121187,False
2024-06-06,1.42,223.791751,1.241506,64475017992.16,44725912085.54,45404942248,31497121187,False
2024-06-07,1.46,230.095744,1.276478,66291215682.08,45985796933.02,45404942248,31497121187,False
2024-06-11,1.44,226.943748,1.258992,65383116837.12,45355854509.28,45404942248,31497121187,False
2024-06-12,1.44,226.943748,1.258992,65383116837.12,45355854509.28,45404942248,31497121187,False
2024-06-13,1.42,223.791751,1.241506,64475017992.16,44725912085.54,45404942248,31497121187,False
2024-06-14,1.43,225.36775,1.250249,64929067414.64,45040883297.41,45404942248,31497121187,False
2024-06-17,1.42,223.791751,1.241506,64475017992.16,44725912085.54,45404942248,31497121187,False
2024-06-18,1.43,225.36775,1.250249,64929067414.64,45040883297.41,45404942248,31497121187,False
2024-06-19,1.42,223.791751,1.241506,64475017992.16,44725912085.54,45404942248,31497121187,False
2024-06-20,1.4,220.639755,1.22402,63566919147.2,44095969661.8,45404942248,31497121187,False
2024-06-21,1.4,220.639755,1.22402,63566919147.2,44095969661.8,45404942248,31497121187,False
2024-06-24,1.38,217.487758,1.206534,62658820302.24,43466027238.06,45404942248,31497121187,False
2024-06-25,1.38,217.487758,1.206534,62658820302.24,43466027238.06,45404942248,31497121187,False
2024-06-26,1.41,222.215753,1.232763,64020968569.68,44410940873.67,45404942248,31497121187,False
2024-06-27,1.39,219.063757,1.215277,63112869724.72,43780998449.93,45404942248,31497121187,False
2024-06-28,1.4,220.639755,1.22402,63566919147.2,44095969661.8,45404942248,31497121187,False
2024-07-01,1.45,228.519746,1.267735,65837166259.6,45670825721.15,45404942248,31497121187,False
2024-07-02,1.43,225.36775,1.250249,64929067414.64,45040883297.41,45404942248,31497121187,False
2024-07-03,1.43,225.36775,1.250249,64929067414.64,45040883297.41,45404942248,31497121187,False
2024-07-04,1.41,222.215753,1.232763,64020968569.68,44410940873.67,45404942248,31497121187,False
2024-07-05,1.42,223.791751,1.241506,64475017992.16,44725912085.54,45404942248,31497121187,False
2024-07-08,1.4,220.639755,1.22402,63566919147.2,44095969661.8,45404942248,31497121187,False
2024-07-09,1.42,223.791751,1.241506,64475017992.16,44725912085.54,45404942248,31497121187,False
2024-07-10,1.41,222.215753,1.232763,64020968569.68,44410940873.67,45404942248,31497121187,False
2024-07-11,1.43,225.36775,1.250249,64929067414.64,45040883297.41,45404942248,31497121187,False
2024-07-12,1.43,225.36775,1.250249,64929067414.64,45040883297.41,45404942248,31497121187,False
2024-07-15,1.41,222.215753,1.232763,64020968569.68,44410940873.67,45404942248,31497121187,False
2024-07-16,1.42,223.791751,1.241506,64475017992.16,44725912085.54,45404942248,31497121187,False
2024-07-17,1.42,223.791751,1.241506,64475017992.16,44725912085.54,45404942248,31497121187,False
2024-07-18,1.44,226.943748,1.258992,65383116837.12,45355854509.28,45404942248,31497121187,False
2024-07-19,1.45,228.519746,1.267735,65837166259.6,45670825721.15,45404942248,31497121187,False
2024-07-22,1.44,226.943748,1.258992,65383116837.12,45355854509.28,45404942248,31497121187,False
2024-07-23,1.42,223.791751,1.241506,64475017992.16,44725912085.54,45404942248,31497121187,False
2024-07-24,1.42,223.791751,1.241506,64475017992.16,44725912085.54,45404942248,31497121187,False
2024-07-25,1.41,222.215753,1.232763,64020968569.68,44410940873.67,45404942248,31497121187,False
2024-07-26,1.43,225.36775,1.250249,64929067414.64,45040883297.41,45404942248,31497121187,False
2024-07-29,1.43,225.36775,1.250249,64929067414.64,45040883297.41,45404942248,31497121187,False
2024-07-30,1.44,226.943748,1.258992,65383116837.12,45355854509.28,45404942248,31497121187,False
2024-07-31,1.46,230.095744,1.276478,66291215682.08,45985796933.02,45404942248,31497121187,False
2024-08-01,1.45,228.519746,1.267735,65837166259.6,45670825721.15,45404942248,31497121187,False
2024-08-02,1.46,230.095744,1.276478,66291215682.08,45985796933.02,45404942248,31497121187,False
2024-08-05,1.45,228.519746,1.267735,65837166259.6,45670825721.15,45404942248,31497121187,False
2024-08-06,1.46,230.095744,1.276478,66291215682.08,45985796933.02,45404942248,31497121187,False
2024-08-07,1.45,228.519746,1.267735,65837166259.6,45670825721.15,45404942248,31497121187,False
2024-08-08,1.45,228.519746,1.267735,65837166259.6,45670825721.15,45404942248,31497121187,False
2024-08-09,1.44,226.943748,1.258992,65383116837.12,45355854509.28,45404942248,31497121187,False
2024-08-12,1.43,225.36775,1.250249,64929067414.64,45040883297.41,45404942248,31497121187,False
2024-08-13,1.43,225.36775,1.250249,64929067414.64,45040883297.41,45404942248,31497121187,False
2024-08-14,1.42,223.791751,1.241506,64475017992.16,44725912085.54,45404942248,31497121187,False
2024-08-15,1.43,225.36775,1.250249,64929067414.64,45040883297.41,45404942248,31497121187,False
2024-08-16,1.44,226.943748,1.258992,65383116837.12,45355854509.28,45404942248,31497121187,False
2024-08-19,1.44,226.943748,1.258992,65383116837.12,45355854509.28,45404942248,31497121187,False
2024-08-20,1.44,226.943748,1.258992,65383116837.12,45355854509.28,45404942248,31497121187,False
2024-08-21,1.43,225.36775,1.250249,64929067414.64,45040883297.41,45404942248,31497121187,False
2024-08-22,1.43,225.36775,1.250249,64929067414.64,45040883297.41,45404942248,31497121187,False
2024-08-23,1.42,223.791751,1.241506,64475017992.16,44725912085.54,45404942248,31497121187,False
2024-08-26,1.44,226.943748,1.258992,65383116837.12,45355854509.28,45404942248,31497121187,False
2024-08-27,1.42,223.791751,1.241506,64475017992.16,44725912085.54,45404942248,31497121187,False
2024-08-28,1.42,306.656234,1.239815,64475017992.16,44725912085.54,45404942248,31497121187,False
2024-08-29,1.42,306.656234,1.239815,64475017992.16,44725912085.54,45404942248,31497121187,False
2024-08-30,1.44,310.975336,1.257277,65383116837.12,45355854509.28,45404942248,31497121187,False
2024-09-02,1.42,306.656234,1.239815,64475017992.16,44725912085.54,45404942248,31497121187,False
2024-09-03,1.42,306.656234,1.239815,64475017992.16,44725912085.54,45404942248,31497121187,False
2024-09-04,1.41,304.496683,1.231084,64020968569.68,44410940873.67,45404942248,31497121187,False
2024-09-05,1.42,306.656234,1.239815,64475017992.16,44725912085.54,45404942248,31497121187,False
2024-09-06,1.41,304.496683,1.231084,64020968569.68,44410940873.67,45404942248,31497121187,False
2024-09-09,1.4,302.337132,1.222352,63566919147.2,44095969661.8,45404942248,31497121187,False
2024-09-10,1.39,300.177581,1.213621,63112869724.72,43780998449.93,45404942248,31497121187,False
2024-09-11,1.38,298.01803,1.20489,62658820302.24,43466027238.06,45404942248,31497121187,False
2024-09-12,1.38,298.01803,1.20489,62658820302.24,43466027238.06,45404942248,31497121187,False
2024-09-13,1.39,300.177581,1.213621,63112869724.72,43780998449.93,45404942248,31497121187,False
2024-09-18,1.38,298.01803,1.20489,62658820302.24,43466027238.06,45404942248,31497121187,False
2024-09-19,1.4,302.337132,1.222352,63566919147.2,44095969661.8,45404942248,31497121187,False
2024-09-20,1.39,300.177581,1.213621,63112869724.72,43780998449.93,45404942248,31497121187,False
2024-09-23,1.4,302.337132,1.222352,63566919147.2,44095969661.8,45404942248,31497121187,False
2024-09-24,1.44,310.975336,1.257277,65383116837.12,45355854509.28,45404942248,31497121187,False
2024-09-25,1.47,317.453989,1.28347,66745265104.56,46300768144.89,45404942248,31497121187,False
2024-09-26,1.52,328.251744,1.327125,69015512216.96,47875624204.24,45404942248,31497121187,False
2024-09-27,1.57,339.049498,1.370781,71285759329.36,49450480263.59,45404942248,31497121187,False
2024-09-30,1.73,373.602313,1.510478,78550550089.04,54490019653.51,45404942248,31497121187,False
2024-10-08,1.83,395.197823,1.597789,83091044313.84,57639731772.21,45404942248,31497121187,False
2024-10-09,1.66,358.485457,1.449361,75372204131.68,52285221170.42,45404942248,31497121187,False
2024-10-10,1.7,367.123661,1.484285,77188401821.6,53545106017.9,45404942248,31497121187,False
2024-10-11,1.65,356.325906,1.44063,74918154709.2,51970249958.55,45404942248,31497121187,False
2024-10-14,1.67,360.645008,1.458092,75826253554.16,52600192382.29,45404942248,31497121187,False
2024-10-15,1.63,352.006804,1.423167,74010055864.24,51340307534.81,45404942248,31497121187,False
2024-10-16,1.63,352.006804,1.423167,74010055864.24,51340307534.81,45404942248,31497121187,False
2024-10-17,1.58,341.209049,1.379512,71739808751.84,49765451475.46,45404942248,31497121187,False
2024-10-18,1.63,352.006804,1.423167,74010055864.24,51340307534.81,45404942248,31497121187,False
2024-10-21,1.61,347.687702,1.405705,73101957019.28,50710365111.07,45404942248,31497121187,False
2024-10-22,1.62,349.847253,1.414436,73556006441.76,51025336322.94,45404942248,31497121187,False
2024-10-23,1.65,356.325906,1.44063,74918154709.2,51970249958.55,45404942248,31497121187,False
2024-10-24,1.63,352.006804,1.423167,74010055864.24,51340307534.81,45404942248,31497121187,False
2024-10-25,1.68,362.804559,1.466823,76280302976.64,52915163594.16,45404942248,31497121187,False
2024-10-28,1.75,377.921415,1.527941,79458648934.0,55119962077.25,45404942248,31497121187,False
2024-10-29,1.68,362.804559,1.466823,76280302976.64,52915163594.16,45404942248,31497121187,False
2024-10-30,1.7,367.123661,1.484285,77188401821.6,53545106017.9,45404942248,31497121187,False
2024-10-31,1.71,-163.087901,1.511403,77642451244.08,53860077229.77,45404942248,31497121187,False
2024-11-01,1.88,-179.301318,1.661659,85361291426.24,59214587831.56,45404942248,31497121187,False
2024-11-04,1.83,-174.532666,1.617466,83091044313.84,57639731772.21,45404942248,31497121187,False
2024-11-05,2.01,-191.699814,1.776561,91263933918.48,63309213585.87,45404942248,31497121187,False
2024-11-06,2.16,-206.00577,1.909141,98074675255.68,68033781763.92,45404942248,31497121187,False
2024-11-07,2.13,-203.144579,1.882625,96712526988.24,67088868128.31,45404942248,31497121187,False
2024-11-08,2.2,-209.820691,1.944495,99890872945.6,69293666611.4,45404942248,31497121187,False
2024-11-11,2.16,-206.00577,1.909141,98074675255.68,68033781763.92,45404942248,31497121187,False
2024-11-12,2.07,-197.422196,1.829593,93988230453.36,65199040857.09,45404942248,31497121187,False
2024-11-13,2.07,-197.422196,1.829593,93988230453.36,65199040857.09,45404942248,31497121187,False
2024-11-14,1.96,-186.931161,1.732368,88993686806.08,61734357526.52,45404942248,31497121187,False
2024-11-15,1.9,-181.208779,1.679337,86269390271.2,59844530255.3,45404942248,31497121187,False
2024-11-18,1.92,-183.11624,1.697014,87177489116.16,60474472679.04,45404942248,31497121187,False
2024-11-19,1.92,-183.11624,1.697014,87177489116.16,60474472679.04,45404942248,31497121187,False
2024-11-20,1.94,-185.023701,1.714691,88085587961.12,61104415102.78,45404942248,31497121187,False
2024-11-21,1.92,-183.11624,1.697014,87177489116.16,60474472679.04,45404942248,31497121187,False
2024-11-22,1.94,-185.023701,1.714691,88085587961.12,61104415102.78,45404942248,31497121187,False
2024-11-25,1.99,-189.792353,1.758884,90355835073.52,62679271162.13,45404942248,31497121187,False
2024-11-26,1.96,-186.931161,1.732368,88993686806.08,61734357526.52,45404942248,31497121187,False
2024-11-27,1.93,-184.06997,1.705853,87631538538.64,60789443890.91,45404942248,31497121187,False
2024-11-28,1.93,-184.06997,1.705853,87631538538.64,60789443890.91,45404942248,31497121187,False
2024-11-29,1.92,-183.11624,1.697014,87177489116.16,60474472679.04,45404942248,31497121187,False
2024-12-02,1.98,-188.838622,1.750046,89901785651.04,62364299950.26,45404942248,31497121187,False
2024-12-03,1.97,-187.884892,1.741207,89447736228.56,62049328738.39,45404942248,31497121187,False
2024-12-04,1.97,-187.884892,1.741207,89447736228.56,62049328738.39,45404942248,31497121187,False
2024-12-05,1.97,-187.884892,1.741207,89447736228.56,62049328738.39,45404942248,31497121187,False
2024-12-06,2.05,-195.514735,1.811916,93080131608.4,64569098433.35,45404942248,31497121187,False
2024-12-09,2.03,-193.607274,1.794239,92172032763.44,63939156009.61,45404942248,31497121187,False
2024-12-10,2.1,-200.283387,1.856109,95350378720.8,66143954492.7,45404942248,31497121187,False
2024-12-11,2.11,-201.237118,1.864948,95804428143.28,66458925704.57,45404942248,31497121187,False
2024-12-12,2.06,-196.468466,1.820755,93534181030.88,64884069645.22,45404942248,31497121187,False
2024-12-13,2.01,-191.699814,1.776561,91263933918.48,63309213585.87,45404942248,31497121187,False
2024-12-16,1.98,-188.838622,1.750046,89901785651.04,62364299950.26,45404942248,31497121187,False
2024-12-17,1.95,-185.977431,1.72353,88539637383.6,61419386314.65,45404942248,31497121187,False
2024-12-18,1.98,-188.838622,1.750046,89901785651.04,62364299950.26,45404942248,31497121187,False
2024-12-19,1.96,-186.931161,1.732368,88993686806.08,61734357526.52,45404942248,31497121187,False
2024-12-20,1.95,-185.977431,1.72353,88539637383.6,61419386314.65,45404942248,31497121187,False
2024-12-23,1.9,-181.208779,1.679337,86269390271.2,59844530255.3,45404942248,31497121187,False
2024-12-24,1.92,-183.11624,1.697014,87177489116.16,60474472679.04,45404942248,31497121187,False
2024-12-25,1.89,-180.255049,1.670498,85815340848.72,59529559043.43,45404942248,31497121187,False
2024-12-26,1.89,-180.255049,1.670498,85815340848.72,59529559043.43,45404942248,31497121187,False
2024-12-27,1.92,-183.11624,1.697014,87177489116.16,60474472679.04,45404942248,31497121187,False
2024-12-30,1.9,-181.208779,1.679337,86269390271.2,59844530255.3,45404942248,31497121187,False
2024-12-31,1.86,-177.393857,1.643982,84453192581.28,58584645407.82,45404942248,31497121187,False
2025-01-02,1.81,-172.625205,1.599789,82182945468.88,57009789348.47,45404942248,31497121187,False
2025-01-03,1.78,-169.764014,1.573273,80820797201.44,56064875712.86,45404942248,31497121187,False
2025-01-06,1.8,-171.671475,1.590951,81728896046.4,56694818136.6,45404942248,31497121187,False
2025-01-07,1.83,-174.532666,1.617466,83091044313.84,57639731772.21,45404942248,31497121187,False
2025-01-08,1.8,-171.671475,1.590951,81728896046.4,56694818136.6,45404942248,31497121187,False
2025-01-09,1.79,-170.717744,1.582112,81274846623.92,56379846924.73,45404942248,31497121187,False
2025-01-10,1.77,-168.810284,1.564435,80366747778.96,55749904500.99,45404942248,31497121187,False
2025-01-13,1.79,-170.717744,1.582112,81274846623.92,56379846924.73,45404942248,31497121187,False
2025-01-14,1.84,-175.486396,1.626305,83545093736.32,57954702984.08,45404942248,31497121187,False
2025-01-15,1.82,-173.578936,1.608628,82636994891.36,57324760560.34,45404942248,31497121187,False
2025-01-16,1.82,-173.578936,1.608628,82636994891.36,57324760560.34,45404942248,31497121187,False
2025-01-17,1.82,-173.578936,1.608628,82636994891.36,57324760560.34,45404942248,31497121187,False
2025-01-20,1.8,-171.671475,1.590951,81728896046.4,56694818136.6,45404942248,31497121187,False
2025-01-21,1.78,-169.764014,1.573273,80820797201.44,56064875712.86,45404942248,31497121187,False
2025-01-22,1.77,-168.810284,1.564435,80366747778.96,55749904500.99,45404942248,31497121187,False
2025-01-23,1.77,-168.810284,1.564435,80366747778.96,55749904500.99,45404942248,31497121187,False
2025-01-24,1.8,-171.671475,1.590951,81728896046.4,56694818136.6,45404942248,31497121187,False
2025-01-27,1.78,-169.764014,1.573273,80820797201.44,56064875712.86,45404942248,31497121187,False
2025-02-05,1.81,-172.625205,1.599789,82182945468.88,57009789348.47,45404942248,31497121187,False
2025-02-06,1.87,-178.347588,1.652821,84907242003.76,58899616619.69,45404942248,31497121187,False
2025-02-07,1.89,-180.255049,1.670498,85815340848.72,59529559043.43,45404942248,31497121187,False
2025-02-10,1.89,-180.255049,1.670498,85815340848.72,59529559043.43,45404942248,31497121187,False
2025-02-11,1.86,-177.393857,1.643982,84453192581.28,58584645407.82,45404942248,31497121187,False
2025-02-12,1.85,-176.440127,1.635144,83999143158.8,58269674195.95,45404942248,31497121187,False
2025-02-13,1.84,-175.486396,1.626305,83545093736.32,57954702984.08,45404942248,31497121187,False
2025-02-14,1.82,-173.578936,1.608628,82636994891.36,57324760560.34,45404942248,31497121187,False
2025-02-17,1.82,-173.578936,1.608628,82636994891.36,57324760560.34,45404942248,31497121187,False
2025-02-18,1.78,-169.764014,1.573273,80820797201.44,56064875712.86,45404942248,31497121187,False
2025-02-19,1.8,-171.671475,1.590951,81728896046.4,56694818136.6,45404942248,31497121187,False
2025-02-20,1.86,-177.393857,1.643982,84453192581.28,58584645407.82,45404942248,31497121187,False
2025-02-21,1.84,-175.486396,1.626305,83545093736.32,57954702984.08,45404942248,31497121187,False
2025-02-24,1.85,-176.440127,1.635144,83999143158.8,58269674195.95,45404942248,31497121187,False
2025-02-25,1.85,-176.440127,1.635144,83999143158.8,58269674195.95,45404942248,31497121187,False
2025-02-26,1.91,-182.162509,1.688175,86723439693.68,60159501467.17,45404942248,31497121187,False
2025-02-27,1.86,-177.393857,1.643982,84453192581.28,58584645407.82,45404942248,31497121187,False
2025-02-28,1.81,-172.625205,1.599789,82182945468.88,57009789348.47,45404942248,31497121187,False
2025-03-03,1.84,-175.486396,1.626305,83545093736.32,57954702984.08,45404942248,31497121187,False
2025-03-04,1.87,-178.347588,1.652821,84907242003.76,58899616619.69,45404942248,31497121187,False
2025-03-05,1.84,-175.036818,1.622139,83331059600.32,57740668848.08,45288619348,31380798287,False
2025-03-06,1.84,-175.036818,1.622139,83331059600.32,57740668848.08,45288619348,31380798287,False
2025-03-07,1.86,-176.939392,1.639771,84236831987.28,58368284813.82,45288619348,31380798287,False
2025-03-10,1.86,-176.939392,1.639771,84236831987.28,58368284813.82,45288619348,31380798287,False
2025-03-11,1.91,-181.695827,1.68385,86501262954.68,59937324728.17,45288619348,31380798287,False
2025-03-12,1.9,-180.74454,1.675034,86048376761.2,59623516745.3,45288619348,31380798287,False
2025-03-13,1.91,-181.695827,1.68385,86501262954.68,59937324728.17,45288619348,31380798287,False
2025-03-14,1.9,-180.74454,1.675034,86048376761.2,59623516745.3,45288619348,31380798287,False
2025-03-17,1.89,-179.793253,1.666218,85595490567.72,59309708762.43,45288619348,31380798287,False
2025-03-18,1.89,-179.793253,1.666218,85595490567.72,59309708762.43,45288619348,31380798287,False
2025-03-19,1.87,-177.890679,1.648586,84689718180.76,58682092796.69,45288619348,31380798287,False
2025-03-20,1.87,-177.890679,1.648586,84689718180.76,58682092796.69,45288619348,31380798287,False
2025-03-21,1.86,-176.939392,1.639771,84236831987.28,58368284813.82,45288619348,31380798287,False
2025-03-24,1.85,-175.988105,1.630955,83783945793.8,58054476830.95,45288619348,31380798287,False
2025-03-25,1.86,-176.939392,1.639771,84236831987.28,58368284813.82,45288619348,31380798287,False
2025-03-26,1.87,-177.890679,1.648586,84689718180.76,58682092796.69,45288619348,31380798287,False
2025-03-27,1.85,-175.988105,1.630955,83783945793.8,58054476830.95,45288619348,31380798287,False
2025-03-28,1.83,-174.085531,1.613323,82878173406.84,57426860865.21,45288619348,31380798287,False
2025-03-31,1.79,-170.280383,1.578059,81066628632.92,56171628933.73,45288619348,31380798287,False
2025-04-01,1.8,-171.23167,1.586875,81519514826.4,56485436916.6,45288619348,31380798287,False
2025-04-02,1.79,-170.280383,1.578059,81066628632.92,56171628933.73,45288619348,31380798287,False
2025-04-03,1.8,-171.23167,1.586875,81519514826.4,56485436916.6,45288619348,31380798287,False
2025-04-07,1.65,-156.962364,1.454635,74726221924.2,51778317173.55,45288619348,31380798287,False
2025-04-08,1.71,-162.670086,1.507531,77443539085.08,53661165070.77,45288619348,31380798287,False
2025-04-09,1.75,-166.475234,1.542795,79255083859.0,54916397002.25,45288619348,31380798287,False
2025-04-10,1.76,-167.426522,1.551611,79707970052.48,55230204985.12,45288619348,31380798287,False
2025-04-11,1.78,-169.329096,1.569243,80613742439.44,55857820950.86,45288619348,31380798287,False
2025-04-14,1.77,-168.377809,1.560427,80160856245.96,55544012967.99,45288619348,31380798287,False
2025-04-15,1.75,-166.475234,1.542795,79255083859.0,54916397002.25,45288619348,31380798287,False
2025-04-16,1.76,-167.426522,1.551611,79707970052.48,55230204985.12,45288619348,31380798287,False
2025-04-17,1.77,-168.377809,1.560427,80160856245.96,55544012967.99,45288619348,31380798287,False
2025-04-18,1.76,-167.426522,1.551611,79707970052.48,55230204985.12,45288619348,31380798287,False
2025-04-21,1.79,306.340479,1.561577,81066628632.92,56171628933.73,45288619348,31380798287,False
2025-04-22,1.78,304.62908,1.552853,80613742439.44,55857820950.86,45288619348,31380798287,False
2025-04-23,1.77,302.917681,1.544129,80160856245.96,55544012967.99,45288619348,31380798287,False
2025-04-24,1.76,301.206281,1.535406,79707970052.48,55230204985.12,45288619348,31380798287,False
2025-04-25,1.79,306.340479,1.561577,81066628632.92,56171628933.73,45288619348,31380798287,False
2025-04-28,1.78,304.62908,1.552853,80613742439.44,55857820950.86,45288619348,31380798287,False
2025-04-29,1.76,324.059147,1.533978,79707970052.48,55230204985.12,45288619348,31380798287,False
2025-04-30,1.73,318.535412,1.50783,78349311472.04,54288781036.51,45288619348,31380798287,False
2025-05-06,1.83,336.947864,1.594988,82878173406.84,57426860865.21,45288619348,31380798287,False
2025-05-07,1.83,336.947864,1.594988,82878173406.84,57426860865.21,45288619348,31380798287,False
2025-05-08,1.82,335.106618,1.586272,82425287213.36,57113052882.34,45288619348,31380798287,False
2025-05-09,1.8,331.424128,1.568841,81519514826.4,56485436916.6,45288619348,31380798287,False
2025-05-12,1.81,333.265373,1.577556,81972401019.88,56799244899.47,45288619348,31380798287,False
2025-05-13,1.8,331.424128,1.568841,81519514826.4,56485436916.6,45288619348,31380798287,False
2025-05-14,1.81,333.265373,1.577556,81972401019.88,56799244899.47,45288619348,31380798287,False
2025-05-15,1.81,333.265373,1.577556,81972401019.88,56799244899.47,45288619348,31380798287,False
2025-05-16,1.8,331.424128,1.568841,81519514826.4,56485436916.6,45288619348,31380798287,False
2025-05-19,1.79,329.582883,1.560125,81066628632.92,56171628933.73,45288619348,31380798287,False
2025-05-20,1.79,329.582883,1.560125,81066628632.92,56171628933.73,45288619348,31380798287,False
2025-05-21,1.78,327.741638,1.551409,80613742439.44,55857820950.86,45288619348,31380798287,False
2025-05-22,1.76,324.059147,1.533978,79707970052.48,55230204985.12,45288619348,31380798287,False
2025-05-23,1.75,322.217902,1.525262,79255083859.0,54916397002.25,45288619348,31380798287,False
2025-05-26,1.75,322.217902,1.525262,79255083859.0,54916397002.25,45288619348,31380798287,False
2025-05-27,1.75,322.217902,1.525262,79255083859.0,54916397002.25,45288619348,31380798287,False
2025-05-28,1.74,320.376657,1.516546,78802197665.52,54602589019.38,45288619348,31380798287,False
2025-05-29,1.75,322.217902,1.525262,79255083859.0,54916397002.25,45288619348,31380798287,False
2025-05-30,1.74,320.376657,1.516546,78802197665.52,54602589019.38,45288619348,31380798287,False
2025-06-03,1.73,318.535412,1.50783,78349311472.04,54288781036.51,45288619348,31380798287,False
2025-06-04,1.76,324.059147,1.533978,79707970052.48,55230204985.12,45288619348,31380798287,False
2025-06-05,1.75,322.217902,1.525262,79255083859.0,54916397002.25,45288619348,31380798287,False
2025-06-06,1.75,322.217902,1.525262,79255083859.0,54916397002.25,45288619348,31380798287,False
2025-06-09,1.79,329.582883,1.560125,81066628632.92,56171628933.73,45288619348,31380798287,False
2025-06-10,1.77,325.900393,1.542693,80160856245.96,55544012967.99,45288619348,31380798287,False
2025-06-11,1.83,336.947864,1.594988,82878173406.84,57426860865.21,45288619348,31380798287,False
2025-06-12,1.84,338.789109,1.603704,83331059600.32,57740668848.08,45288619348,31380798287,False
2025-06-13,1.81,333.265373,1.577556,81972401019.88,56799244899.47,45288619348,31380798287,False
2025-06-16,1.82,335.106618,1.586272,82425287213.36,57113052882.34,45288619348,31380798287,False
2025-06-17,1.81,333.265373,1.577556,81972401019.88,56799244899.47,45288619348,31380798287,False
2025-06-18,1.77,325.900393,1.542693,80160856245.96,55544012967.99,45288619348,31380798287,False
2025-06-19,1.74,320.376657,1.516546,78802197665.52,54602589019.38,45288619348,31380798287,False
2025-06-20,1.74,320.376657,1.516546,78802197665.52,54602589019.38,45288619348,31380798287,False
2025-06-23,1.75,322.217902,1.525262,79255083859.0,54916397002.25,45288619348,31380798287,False
2025-06-24,1.77,325.900393,1.542693,80160856245.96,55544012967.99,45288619348,31380798287,False
2025-06-25,1.79,329.582883,1.560125,81066628632.92,56171628933.73,45288619348,31380798287,False
2025-06-26,1.77,325.900393,1.542693,80160856245.96,55544012967.99,45288619348,31380798287,False
2025-06-27,1.77,325.900393,1.542693,80160856245.96,55544012967.99,45288619348,31380798287,False
2025-06-30,1.79,329.582883,1.560125,81066628632.92,56171628933.73,45288619348,31380798287,False
2025-07-01,1.79,329.582883,1.560125,81066628632.92,56171628933.73,45288619348,31380798287,False
2025-07-02,1.83,336.947864,1.594988,82878173406.84,57426860865.21,45288619348,31380798287,False
2025-07-03,1.82,335.106618,1.586272,82425287213.36,57113052882.34,45288619348,31380798287,False
2025-07-04,1.81,333.265373,1.577556,81972401019.88,56799244899.47,45288619348,31380798287,False
2025-07-07,1.8,331.424128,1.568841,81519514826.4,56485436916.6,45288619348,31380798287,False
2025-07-08,1.84,338.789109,1.603704,83331059600.32,57740668848.08,45288619348,31380798287,False
2025-07-09,1.82,335.106618,1.586272,82425287213.36,57113052882.34,45288619348,31380798287,False
2025-07-10,1.9,349.83658,1.655998,86048376761.2,59623516745.3,45288619348,31380798287,False
2025-07-11,2.09,384.820238,1.821598,94653214437.32,65585868419.83,45288619348,31380798287,False
2025-07-14,2.12,390.343973,1.847746,96011873017.76,66527292368.44,45288619348,31380798287,False
2025-07-15,2.03,373.772767,1.769304,91935897276.44,63703020522.61,45288619348,31380798287,False
2025-07-16,2.0,368.249031,1.743156,90577238696.0,62761596574.0,45288619348,31380798287,False
2025-07-17,2.01,370.090276,1.751872,91030124889.48,63075404556.87,45288619348,31380798287,False
2025-07-18,2.14,394.026463,1.865177,96917645404.72,67154908334.18,45288619348,31380798287,False
2025-07-21,2.2,405.073934,1.917472,99634962565.6,69037756231.4,45288619348,31380798287,False
2025-07-22,2.19,403.232689,1.908756,99182076372.12,68723948248.53,45288619348,31380798287,False
2025-07-23,2.29,421.645141,1.995914,103710938306.92,71862028077.23,45288619348,31380798287,False
2025-07-24,2.52,463.993779,2.196377,114127320756.96,79079611683.24,45288619348,31380798287,False
2025-07-25,2.47,454.787554,2.152798,111862889789.56,77510571768.89,45288619348,31380798287,False
2025-07-28,2.52,463.993779,2.196377,114127320756.96,79079611683.24,45288619348,31380798287,False
2025-07-29,2.65,487.929966,2.309682,120014841272.2,83159115460.55,45288619348,31380798287,False
2025-07-30,2.92,537.643586,2.545008,132242768496.16,91631930998.04,45288619348,31380798287,False
2025-07-31,2.69,495.294947,2.344545,121826386046.12,84414347392.03,45288619348,31380798287,False
2025-08-01,2.53,465.835025,2.205093,114580206950.44,79393419666.11,45288619348,31380798287,False
2025-08-04,2.51,462.152534,2.187661,113674434563.48,78765803700.37,45288619348,31380798287,False
2025-08-05,2.59,476.882495,2.257387,117297524111.32,81276267563.33,45288619348,31380798287,False
2025-08-06,2.53,465.835025,2.205093,114580206950.44,79393419666.11,45288619348,31380798287,False
2025-08-07,2.62,482.406231,2.283535,118656182691.76,82217691511.94,45288619348,31380798287,False
2025-08-08,2.58,475.04125,2.248672,116844637917.84,80962459580.46,45288619348,31380798287,False
2025-08-11,2.57,473.200005,2.239956,116391751724.36,80648651597.59,45288619348,31380798287,False
2025-08-12,2.51,462.152534,2.187661,113674434563.48,78765803700.37,45288619348,31380798287,False
2025-08-13,2.51,462.152534,2.187661,113674434563.48,78765803700.37,45288619348,31380798287,False
2025-08-14,2.5,460.311289,2.178945,113221548370.0,78451995717.5,45288619348,31380798287,False
2025-08-15,2.51,462.152534,2.187661,113674434563.48,78765803700.37,45288619348,31380798287,False
2025-08-18,2.68,493.453702,2.335829,121373499852.64,84100539409.16,45288619348,31380798287,False
2025-08-19,2.66,489.771212,2.318398,120467727465.68,83472923443.42,45288619348,31380798287,False
2025-08-20,2.64,486.088721,2.300966,119561955078.72,82845307477.68,45288619348,31380798287,False
2025-08-21,2.68,493.453702,2.335829,121373499852.64,84100539409.16,45288619348,31380798287,False
2025-08-22,2.72,500.818682,2.370693,123185044626.56,85355771340.64,45288619348,31380798287,False
2025-08-25,2.99,550.532302,2.606019,135412971850.52,93828586878.13,45288619348,31380798287,False
2025-08-26,2.77,407.487559,2.41033,125449475593.96,86924811254.99,45288619348,31380798287,False
2025-08-27,2.79,410.429707,2.427733,126355247980.92,87552427220.73,45288619348,31380798287,False
2025-08-28,2.8,411.900782,2.436434,126808134174.4,87866235203.6,45288619348,31380798287,False
2025-08-29,2.79,410.429707,2.427733,126355247980.92,87552427220.73,45288619348,31380798287,False
2025-09-01,2.75,404.54541,2.392927,124543703207.0,86297195289.25,45288619348,31380798287,False
2025-09-02,2.65,389.834668,2.305911,120014841272.2,83159115460.55,45288619348,31380798287,False
2025-09-03,2.56,376.595,2.227597,115938865530.88,80334843614.72,45288619348,31380798287,False
2025-09-04,2.44,358.94211,2.123178,110504231209.12,76569147820.28,45288619348,31380798287,False
2025-09-05,2.48,364.826407,2.157985,112315775983.04,77824379751.76,45288619348,31380798287,False
2025-09-08,2.46,361.884258,2.140582,111410003596.08,77196763786.02,45288619348,31380798287,False
2025-09-09,2.44,358.94211,2.123178,110504231209.12,76569147820.28,45288619348,31380798287,False
2025-09-10,2.43,357.471035,2.114477,110051345015.64,76255339837.41,45288619348,31380798287,False
2025-09-11,2.48,364.826407,2.157985,112315775983.04,77824379751.76,45288619348,31380798287,False
2025-09-12,2.52,370.710703,2.192791,114127320756.96,79079611683.24,45288619348,31380798287,False
2025-09-15,2.51,369.239629,2.184089,113674434563.48,78765803700.37,45288619348,31380798287,False
2025-09-16,2.5,367.768555,2.175388,113221548370.0,78451995717.5,45288619348,31380798287,False
2025-09-17,2.48,364.826407,2.157985,112315775983.04,77824379751.76,45288619348,31380798287,False
2025-09-18,2.41,354.528887,2.097074,109145572628.68,75627723871.67,45288619348,31380798287,False
2025-09-19,2.38,350.115664,2.070969,107786914048.24,74686299923.06,45288619348,31380798287,False
2025-09-22,2.38,350.115664,2.070969,107786914048.24,74686299923.06,45288619348,31380798287,False
2025-09-23,2.3,338.347071,2.001357,104163824500.4,72175836060.1,45288619348,31380798287,False
2025-09-24,2.31,339.818145,2.010058,104616710693.88,72489644042.97,45288619348,31380798287,False
2025-09-25,2.31,339.818145,2.010058,104616710693.88,72489644042.97,45288619348,31380798287,False
2025-09-26,2.28,335.404922,1.983954,103258052113.44,71548220094.36,45288619348,31380798287,False
2025-09-29,2.34,344.231367,2.036163,105975369274.32,73431067991.58,45288619348,31380798287,False
2025-09-30,2.38,350.115664,2.070969,107786914048.24,74686299923.06,45288619348,31380798287,False
2025-10-09,2.58,379.537149,2.245,116844637917.84,80962459580.46,45288619348,31380798287,False
2025-10-10,2.54,373.652852,2.210194,115033093143.92,79707227648.98,45288619348,31380798287,False
2025-10-13,2.79,410.429707,2.427733,126355247980.92,87552427220.73,45288619348,31380798287,False
2025-10-14,2.91,428.082598,2.532151,131789882302.68,91318123015.17,45288619348,31380798287,False
2025-10-15,2.77,407.487559,2.41033,125449475593.96,86924811254.99,45288619348,31380798287,False
2025-10-16,2.73,401.603262,2.375523,123637930820.04,85669579323.51,45288619348,31380798287,False
2025-10-17,2.71,398.661114,2.35812,122732158433.08,85041963357.77,45288619348,31380798287,False
2025-10-20,2.66,391.305742,2.314613,120467727465.68,83472923443.42,45288619348,31380798287,False
2025-10-21,2.67,392.776817,2.323314,120920613659.16,83786731426.29,45288619348,31380798287,False
2025-10-22,2.63,386.89252,2.288508,119109068885.24,82531499494.81,45288619348,31380798287,False
2025-10-23,2.64,388.363594,2.297209,119561955078.72,82845307477.68,45288619348,31380798287,False
2025-10-24,2.63,386.89252,2.288508,119109068885.24,82531499494.81,45288619348,31380798287,False
2025-10-27,2.67,392.776817,2.323314,120920613659.16,83786731426.29,45288619348,31380798287,False
2025-10-28,2.59,115.718351,2.252339,117297524111.32,81276267563.33,45288619348,31380798287,False
2025-10-29,2.62,117.058718,2.278428,118656182691.76,82217691511.94,45288619348,31380798287,False
2025-10-30,2.62,117.058718,2.278428,118656182691.76,82217691511.94,45288619348,31380798287,False
2025-10-31,2.54,113.484406,2.208857,115033093143.92,79707227648.98,45288619348,31380798287,False
2025-11-03,2.66,118.845874,2.313213,120467727465.68,83472923443.42,45288619348,31380798287,False
2025-11-04,2.8,125.10092,2.434961,126808134174.4,87866235203.6,45288619348,31380798287,False
2025-11-05,2.72,121.526608,2.365391,123185044626.56,85355771340.64,45288619348,31380798287,False
2025-11-06,2.72,121.526608,2.365391,123185044626.56,85355771340.64,45288619348,31380798287,False
2025-11-07,2.7,120.63303,2.347998,122279272239.6,84728155374.9,45288619348,31380798287,False
2025-11-10,2.67,119.292663,2.321909,120920613659.16,83786731426.29,45288619348,31380798287,False
2025-11-11,2.64,117.952296,2.29582,119561955078.72,82845307477.68,45288619348,31380798287,False
2025-11-12,2.6,116.16514,2.261035,117750410304.8,81590075546.2,45288619348,31380798287,False
2025-11-13,2.64,117.952296,2.29582,119561955078.72,82845307477.68,45288619348,31380798287,False
2025-11-14,2.65,118.399085,2.304517,120014841272.2,83159115460.55,45288619348,31380798287,False
2025-11-17,2.63,117.505507,2.287124,119109068885.24,82531499494.81,45288619348,31380798287,False
2025-11-18,2.55,113.931195,2.217554,115485979337.4,80021035631.85,45288619348,31380798287,False
2025-11-19,2.56,114.377984,2.22625,115938865530.88,80334843614.72,45288619348,31380798287,False
2025-11-20,2.53,113.037617,2.200161,114580206950.44,79393419666.11,45288619348,31380798287,False
2025-11-21,2.41,107.676149,2.095806,109145572628.68,75627723871.67,45288619348,31380798287,False
2025-11-24,2.44,109.016516,2.121894,110504231209.12,76569147820.28,45288619348,31380798287,False
2025-11-25,2.45,109.463305,2.130591,110957117402.6,76882955803.15,45288619348,31380798287,False
2025-11-26,2.42,108.122938,2.104502,109598458822.16,75941531854.54,45288619348,31380798287,False
2025-11-27,2.42,108.122938,2.104502,109598458822.16,75941531854.54,45288619348,31380798287,False
2025-11-28,2.43,108.569727,2.113198,110051345015.64,76255339837.41,45288619348,31380798287,False
2025-12-01,2.49,111.250461,2.165376,112768662176.52,78138187734.63,45288619348,31380798287,False
2025-12-02,2.45,109.463305,2.130591,110957117402.6,76882955803.15,45288619348,31380798287,False
2025-12-03,2.44,109.016516,2.121894,110504231209.12,76569147820.28,45288619348,31380798287,False
2025-12-04,2.42,108.122938,2.104502,109598458822.16,75941531854.54,45288619348,31380798287,False
2025-12-05,2.47,110.356883,2.147983,111862889789.56,77510571768.89,45288619348,31380798287,False
2025-12-08,2.45,109.463305,2.130591,110957117402.6,76882955803.15,45288619348,31380798287,False
2025-12-09,2.41,107.676149,2.095806,109145572628.68,75627723871.67,45288619348,31380798287,False
2025-12-10,2.4,107.22936,2.087109,108692686435.2,75313915888.8,45288619348,31380798287,False
2025-12-11,2.36,105.442204,2.052324,106881141661.28,74058683957.32,45288619348,31380798287,False
2025-12-12,2.39,106.782571,2.078413,108239800241.72,75000107905.93,45288619348,31380798287,False
2025-12-15,2.38,106.335782,2.069717,107786914048.24,74686299923.06,45288619348,31380798287,False
2025-12-16,2.32,103.655048,2.017539,105069596887.36,72803452025.84,45288619348,31380798287,False
2025-12-17,2.35,104.995415,2.043628,106428255467.8,73744875974.45,45288619348,31380798287,False
2025-12-18,2.34,104.548626,2.034932,105975369274.32,73431067991.58,45288619348,31380798287,False
2025-12-19,2.37,105.888993,2.06102,107334027854.76,74372491940.19,45288619348,31380798287,False
2025-12-22,2.4,107.22936,2.087109,108692686435.2,75313915888.8,45288619348,31380798287,False
2025-12-23,2.38,106.335782,2.069717,107786914048.24,74686299923.06,45288619348,31380798287,False
2025-12-24,2.38,106.335782,2.069717,107786914048.24,74686299923.06,45288619348,31380798287,False
2025-12-25,2.39,106.782571,2.078413,108239800241.72,75000107905.93,45288619348,31380798287,False
2025-12-26,2.4,107.22936,2.087109,108692686435.2,75313915888.8,45288619348,31380798287,False
2025-12-29,2.4,107.22936,2.087109,108692686435.2,75313915888.8,45288619348,31380798287,False
2025-12-30,2.38,106.335782,2.069717,107786914048.24,74686299923.06,45288619348,31380798287,False
2025-12-31,2.38,106.335782,2.069717,107786914048.24,74686299923.06,45288619348,31380798287,False
2026-01-05,2.43,108.569727,2.113198,110051345015.64,76255339837.41,45288619348,31380798287,False
2026-01-06,2.52,112.590828,2.191465,114127320756.96,79079611683.24,45288619348,31380798287,False
2026-01-07,2.58,115.271562,2.243643,116844637917.84,80962459580.46,45288619348,31380798287,False
2026-01-08,2.53,113.037617,2.200161,114580206950.44,79393419666.11,45288619348,31380798287,False
2026-01-09,2.6,116.16514,2.261035,117750410304.8,81590075546.2,45288619348,31380798287,False
2026-01-12,2.69,120.186241,2.339302,121826386046.12,84414347392.03,45288619348,31380798287,False
2026-01-13,2.61,116.611929,2.269731,118203296498.28,81903883529.07,45288619348,31380798287,False
2026-01-14,2.54,113.484406,2.208857,115033093143.92,79707227648.98,45288619348,31380798287,False
2026-01-15,2.54,113.484406,2.208857,115033093143.92,79707227648.98,45288619348,31380798287,False
2026-01-16,2.5,111.69725,2.174072,113221548370.0,78451995717.5,45288619348,31380798287,False
2026-01-19,2.37,105.888993,2.06102,107334027854.76,74372491940.19,45288619348,31380798287,False
2026-01-20,2.37,105.888993,2.06102,107334027854.76,74372491940.19,45288619348,31380798287,False
2026-01-21,2.43,108.569727,2.113198,110051345015.64,76255339837.41,45288619348,31380798287,False
2026-01-22,2.49,111.250461,2.165376,112768662176.52,78138187734.63,45288619348,31380798287,False
2026-01-23,2.58,115.271562,2.243643,116844637917.84,80962459580.46,45288619348,31380798287,False
2026-01-26,2.57,114.824773,2.234946,116391751724.36,80648651597.59,45288619348,31380798287,False
2026-01-27,2.54,113.484406,2.208857,115033093143.92,79707227648.98,45288619348,31380798287,False
2026-01-28,2.6,116.16514,2.261035,117750410304.8,81590075546.2,45288619348,31380798287,False
2026-01-29,2.68,119.739452,2.330605,121373499852.64,84100539409.16,45288619348,31380798287,False
2026-01-30,2.51,112.144039,2.182769,113674434563.48,78765803700.37,45288619348,31380798287,False
2026-02-02,2.36,105.442204,2.052324,106881141661.28,74058683957.32,45288619348,31380798287,False
2026-02-03,2.45,109.463305,2.130591,110957117402.6,76882955803.15,45288619348,31380798287,False
2026-02-04,2.46,109.910094,2.139287,111410003596.08,77196763786.02,45288619348,31380798287,False
2026-02-05,2.39,106.782571,2.078413,108239800241.72,75000107905.93,45288619348,31380798287,False
2026-02-06,2.38,106.335782,2.069717,107786914048.24,74686299923.06,45288619348,31380798287,False
2026-02-09,2.53,113.037617,2.200161,114580206950.44,79393419666.11,45288619348,31380798287,False
2026-02-10,2.61,116.611929,2.269731,118203296498.28,81903883529.07,45288619348,31380798287,False
2026-02-11,2.67,119.292663,2.321909,120920613659.16,83786731426.29,45288619348,31380798287,False
2026-02-12,2.68,119.739452,2.330605,121373499852.64,84100539409.16,45288619348,31380798287,False
2026-02-13,2.62,117.058718,2.278428,118656182691.76,82217691511.94,45288619348,31380798287,False
2026-02-24,2.66,118.845874,2.313213,120467727465.68,83472923443.42,45288619348,31380798287,False
2026-02-25,2.93,130.909177,2.548013,132695654689.64,91945738980.91,45288619348,31380798287,False
2026-02-26,2.98,133.143122,2.591494,134960085657.04,93514778895.26,45288619348,31380798287,False
2026-02-27,3.24,144.759636,2.817598,146735126687.52,101673786449.88,45288619348,31380798287,False
2026-03-02,3.32,148.333948,2.887168,150358216235.36,104184250312.84,45288619348,31380798287,False
2026-03-03,3.01,134.483489,2.617583,136318744237.48,94456202843.87,45288619348,31380798287,False
2026-03-04,3.09,138.057801,2.687153,139941833785.32,96966666706.83,45288619348,31380798287,False
2026-03-05,3.1,138.50459,2.69585,140394719978.8,97280474689.7,45288619348,31380798287,False
2026-03-06,3.06,136.717434,2.661064,138583175204.88,96025242758.22,45288619348,31380798287,False
2026-03-09,3.04,135.823856,2.643672,137677402817.92,95397626792.48,45288619348,31380798287,False
2026-03-10,3.03,135.377067,2.634976,137224516624.44,95083818809.61,45288619348,31380798287,False
2026-03-11,2.96,132.249544,2.574102,134054313270.08,92887162929.52,45288619348,31380798287,False
2026-03-12,2.95,131.802755,2.565405,133601427076.6,92573354946.65,45288619348,31380798287,False
2026-03-13,2.87,128.228443,2.495835,129978337528.76,90062891083.69,45288619348,31380798287,False
2026-03-16,2.82,125.994498,2.452353,127713906561.36,88493851169.34,45288619348,31380798287,False
2026-03-17,2.78,124.207342,2.417568,125902361787.44,87238619237.86,45288619348,31380798287,False
2026-03-18,2.75,122.866975,2.391479,124543703207.0,86297195289.25,45288619348,31380798287,False
2026-03-19,2.61,116.611929,2.269731,118203296498.28,81903883529.07,45288619348,31380798287,False
2026-03-20,2.54,113.484406,2.208857,115033093143.92,79707227648.98,45288619348,31380798287,False
2026-03-23,2.47,110.356883,2.147983,111862889789.56,77510571768.89,45288619348,31380798287,False
2026-03-24,2.51,112.144039,2.182769,113674434563.48,78765803700.37,45288619348,31380798287,False
2026-03-25,2.58,115.271562,2.243643,116844637917.84,80962459580.46,45288619348,31380798287,False
2026-03-26,2.5,111.69725,2.174072,113221548370.0,78451995717.5,45288619348,31380798287,False
2026-03-27,2.55,113.931195,2.217554,115485979337.4,80021035631.85,45288619348,31380798287,False
2026-03-30,2.56,114.377984,2.22625,115938865530.88,80334843614.72,45288619348,31380798287,False
2026-03-31,2.51,112.144039,2.182769,113674434563.48,78765803700.37,45288619348,31380798287,False
2026-04-01,2.63,117.505507,2.287124,119109068885.24,82531499494.81,45288619348,31380798287,False
2026-04-02,2.62,117.058718,2.278428,118656182691.76,82217691511.94,45288619348,31380798287,False
2026-04-03,2.66,118.845874,2.313213,120467727465.68,83472923443.42,45288619348,31380798287,False
2026-04-07,2.79,124.654131,2.426265,126355247980.92,87552427220.73,45288619348,31380798287,False
2026-04-08,2.83,126.441287,2.46105,128166792754.84,88807659152.21,45288619348,31380798287,False
2026-04-09,2.87,128.228443,2.495835,129978337528.76,90062891083.69,45288619348,31380798287,False
2026-04-10,2.83,126.441287,2.46105,128166792754.84,88807659152.21,45288619348,31380798287,False
2026-04-13,2.98,133.143122,2.591494,134960085657.04,93514778895.26,45288619348,31380798287,False
2026-04-14,2.86,127.781654,2.487139,129525451335.28,89749083100.82,45288619348,31380798287,False
2026-04-15,2.82,125.994498,2.452353,127713906561.36,88493851169.34,45288619348,31380798287,False
2026-04-16,2.88,128.675232,2.504531,130431223722.24,90376699066.56,45288619348,31380798287,False
2026-04-17,2.86,127.781654,2.487139,129525451335.28,89749083100.82,45288619348,31380798287,False
2026-04-20,2.88,349.098958,2.506127,130431223722.24,90376699066.56,45288619348,31380798287,False
2026-04-21,2.87,347.886809,2.497425,129978337528.76,90062891083.69,45288619348,31380798287,False
2026-04-22,2.9,351.523256,2.52353,131336996109.2,91004315032.3,45288619348,31380798287,False
2026-04-23,2.77,335.765317,2.410406,125449475593.96,86924811254.99,45288619348,31380798287,False
2026-04-24,2.74,332.12887,2.384301,124090817013.52,85983387306.38,45288619348,31380798287,False
2026-04-27,2.7,327.2803,2.3495,122279272240.0,84728155375.0,45288619348,31380798287,False
2026-04-28,2.74,332.1289,2.3843,124090817014.0,85983387306.0,45288619348,31380798287,False
2026-04-29,2.76,,2.4225,124996589400.0,86611003272.0,45288619348,31380798287,False
2026-04-30,2.7,,2.3698,122279272240.0,84728155375.0,45288619348,31380798287,False
2026-05-06,2.82,,2.4752,127713906561.0,88493851169.0,45288619348,31380798287,False
2026-05-07,2.8,,2.4576,126808134174.0,87866235204.0,45288619348,31380798287,False
2026-05-08,2.77,,2.4313,125449475594.0,86924811255.0,45288619348,31380798287,False
2026-05-11,2.88,,2.5278,130431223722.0,90376699067.0,45288619348,31380798287,False
2026-05-12,2.77,,2.4313,125449475594.0,86924811255.0,45288619348,31380798287,False
2026-05-13,2.8,,2.4576,126808134174.0,87866235204.0,45288619348,31380798287,False
2026-05-14,2.68,,2.3523,121373499853.0,84100539409.0,45288619348,31380798287,False
2026-05-15,2.65,,2.326,120014841272.0,83159115461.0,45288619348,31380798287,False
2026-05-18,2.59,,2.2733,117297524111.0,81276267563.0,45288619348,31380798287,False
2026-05-19,2.61,,2.2908,118203296498.0,81903883529.0,45288619348,31380798287,False
2026-05-20,2.6,,2.2821,117750410305.0,81590075546.0,45288619348,31380798287,False
2026-05-21,2.54,,2.2294,115033093144.0,79707227649.0,45288619348,31380798287,False
2026-05-22,2.53,,2.2206,114580206950.0,79393419666.0,45288619348,31380798287,False
2026-05-25,2.53,,2.2241,114421863358.0,79235076074.0,45226032948,31318211887,False
2026-05-26,2.48,,2.1802,112160561711.0,77669165480.0,45226032948,31318211887,False
2026-05-27,2.38,,2.0923,107637958416.0,74537344291.0,45226032948,31318211887,False
2026-05-28,2.43,,2.1362,109899260064.0,76103254885.0,45226032948,31318211887,False
2026-05-29,2.36,,2.0747,106733437757.0,73910980053.0,45226032948,31318211887,False
2026-06-01,2.37,,2.0835,107185698087.0,74224162172.0,45226032948,31318211887,False
2026-06-02,2.37,,2.0835,107185698087.0,74224162172.0,45226032948,31318211887,False
2026-06-03,2.41,,2.1186,108994739405.0,75476890648.0,45226032948,31318211887,False
2026-06-04,2.42,,2.1274,109446999734.0,75790072767.0,45226032948,31318211887,False
2026-06-05,2.42,,2.1274,109446999734.0,75790072767.0,45226032948,31318211887,False
2026-06-08,2.33,,2.0483,105376656769.0,72971433697.0,45226032948,31318211887,False
2026-06-09,2.37,,2.0835,107185698087.0,74224162172.0,45226032948,31318211887,False
2026-06-10,2.32,,2.0395,104924396439.0,72658251578.0,45226032948,31318211887,False
2026-06-11,2.31,,2.0307,104472136110.0,72345069459.0,45226032948,31318211887,False
2026-06-12,2.39,,2.101,108090218746.0,74850526410.0,45226032948,31318211887,False
2026-06-15,2.41,,2.1124,108994739530.0,75476890679.0,45226032948,31318211887,False
2026-06-16,2.47,,2.165,111708301510.0,77355983393.0,45226032948,31318211887,False
2026-06-17,2.4,,2.1036,108542479200.0,75163708560.0,45226032948,31318211887,False
2026-06-18,2.43,,2.1299,109899260190.0,76103254917.0,45226032948,31318211887,False
2026-06-22,2.52,,2.2088,113969603160.0,78921893988.0,45226032948,31318211887,False
2026-06-23,2.35,,2.0598,106281177550.0,73597797965.0,45226032948,31318211887,False
2026-06-24,2.33,-786.16,2.04,105377000000.0,72971000000.0,45226032948,31318211887,False
2026-06-25,2.29,-772.66,2.01,103568000000.0,71719000000.0,45226032948,31318211887,False
2026-06-26,2.22,-749.04,1.95,100402000000.0,69526000000.0,45226032948,31318211887,False
2026-06-29,2.19,-738.92,1.92,99045000000.0,68587000000.0,45226032948,31318211887,False
2026-06-30,2.23,-752.41,1.95,100854000000.0,69840000000.0,45226032948,31318211887,False
2026-07-01,2.23,-752.41,1.95,100854000000.0,69840000000.0,45226032948,31318211887,False
2026-07-02,2.22,-749.04,1.95,100402000000.0,69526000000.0,45226032948,31318211887,False
2026-07-03,2.25,-759.16,1.97,101759000000.0,70466000000.0,45226032948,31318211887,False
2026-07-06,2.2,-742.29,1.93,99497000000.0,68900000000.0,45226032948,31318211887,False
2026-07-07,2.23,-752.41,1.95,100854000000.0,69840000000.0,45226032948,31318211887,False
2026-07-08,2.19,-738.92,1.92,99045000000.0,68587000000.0,45226032948,31318211887,False
2026-07-09,2.09,-705.18,1.83,94522000000.0,65455000000.0,45226032948,31318211887,False
2026-07-10,2.17,-732.17,1.9,98140000000.0,67961000000.0,45226032948,31318211887,False
2026-07-13,2.07,-698.43,1.81,93618000000.0,64829000000.0,45226032948,31318211887,False
2026-07-14,2.22,-749.04,1.95,100402000000.0,69526000000.0,45226032948,31318211887,False
2026-07-15,2.2,-742.29,1.93,99497000000.0,68900000000.0,45226032948,31318211887,False
2026-07-16,2.16,-728.8,1.89,97688000000.0,67647000000.0,45226032948,31318211887,False
2026-07-17,2.12,-715.3,1.86,95879000000.0,66395000000.0,45226032948,31318211887,False
2026-07-20,2.14,-722.05,1.88,96784000000.0,67021000000.0,45226032948,31318211887,False
2026-07-21,2.17,-732.17,1.9,98140000000.0,67961000000.0,45226032948,31318211887,False
2026-07-22,2.16,-728.8,1.89,97688000000.0,67647000000.0,45226032948,31318211887,False
2026-07-23,2.22,-749.04,1.95,100402000000.0,69526000000.0,45226032948,31318211887,False
2026-07-24,2.16,-728.8,1.89,97688000000.0,67647000000.0,45226032948,31318211887,False
2026-07-27,2.19,-738.92,1.92,99045000000.0,68587000000.0,45226032948,31318211887,False
2026-07-28,2.17,-732.17,1.9,98140000000.0,67961000000.0,45226032948,31318211887,False
2026-07-29,2.2,-742.29,1.93,99497000000.0,68900000000.0,45226032948,31318211887,False
2026-07-30,2.2,-742.29,1.93,99497000000.0,68900000000.0,45226032948,31318211887,False
2026-07-31,2.23,-752.41,1.95,100854000000.0,69840000000.0,45226032948,31318211887,False
2026-08-03,2.25,-759.16,1.97,101759000000.0,70466000000.0,45226032948,31318211887,False
2026-08-04,2.23,-752.41,1.95,100854000000.0,69840000000.0,45226032948,31318211887,False
2026-08-05,2.27,-765.91,1.99,102663000000.0,71092000000.0,45226032948,31318211887,False
2026-08-06,2.25,-759.16,1.97,101759000000.0,70466000000.0,45226032948,31318211887,False
2026-08-07,2.28,-769.29,2.0,103115000000.0,71406000000.0,45226032948,31318211887,False
2026-08-10,2.29,-772.66,2.01,103568000000.0,71719000000.0,45226032948,31318211887,False
2026-08-11,2.24,-755.79,1.96,101306000000.0,70153000000.0,45226032948,31318211887,False
2026-08-12,2.24,-755.79,1.96,101306000000.0,70153000000.0,45226032948,31318211887,False
2026-08-13,2.21,-745.67,1.94,99950000000.0,69213000000.0,45226032948,31318211887,False
2026-08-14,2.24,-755.79,1.96,101306000000.0,70153000000.0,45226032948,31318211887,False
2026-08-17,2.23,-752.41,1.95,100854000000.0,69840000000.0,45226032948,31318211887,False
2026-08-18,2.22,-749.04,1.95,100402000000.0,69526000000.0,45226032948,31318211887,False
2026-08-19,2.17,-732.17,1.9,98140000000.0,67961000000.0,45226032948,31318211887,False
2026-08-20,2.18,196.53,1.88,98593000000.0,68274000000.0,45226032948,31318211887,False
2026-08-21,2.19,197.43,1.89,99045000000.0,68587000000.0,45226032948,31318211887,False
2026-08-24,2.26,203.74,1.95,102211000000.0,70779000000.0,45226032948,31318211887,False
2026-08-25,2.25,202.84,1.94,101759000000.0,70466000000.0,45226032948,31318211887,False
2026-08-26,2.26,203.74,1.95,102211000000.0,70779000000.0,45226032948,31318211887,False
2026-08-27,2.27,204.64,1.96,102663000000.0,71092000000.0,45226032948,31318211887,False
2026-08-28,2.28,205.55,1.97,103115000000.0,71406000000.0,45226032948,31318211887,False
