date,close,pe_ttm,pb,total_mv,float_mv,total_share,float_share,is_st
2020-01-02,1.89,-8.111925,1.449211,2783415884.13,2783415884.13,1472706817,1472706817,True
2020-01-03,1.91,-8.197765,1.464547,2812870020.47,2812870020.47,1472706817,1472706817,True
2020-01-06,2.0,-8.584047,1.533557,2945413634.0,2945413634.0,1472706817,1472706817,True
2020-01-07,2.0,-8.584047,1.533557,2945413634.0,2945413634.0,1472706817,1472706817,True
2020-01-08,2.1,-9.01325,1.610234,3092684315.7,3092684315.7,1472706817,1472706817,True
2020-01-09,2.07,-8.884489,1.587231,3048503111.19,3048503111.19,1472706817,1472706817,True
2020-01-10,2.02,-8.669888,1.548892,2974867770.34,2974867770.34,1472706817,1472706817,True
2020-01-13,2.04,-8.755728,1.564228,3004321906.68,3004321906.68,1472706817,1472706817,True
2020-01-14,2.03,-8.712808,1.55656,2989594838.51,2989594838.51,1472706817,1472706817,True
2020-01-15,2.01,-8.626968,1.541224,2960140702.17,2960140702.17,1472706817,1472706817,True
2020-01-16,1.96,-8.412366,1.502885,2886505361.32,2886505361.32,1472706817,1472706817,True
2020-01-17,1.98,-8.498207,1.518221,2915959497.66,2915959497.66,1472706817,1472706817,True
2020-01-20,1.98,-8.498207,1.518221,2915959497.66,2915959497.66,1472706817,1472706817,True
2020-01-21,1.95,-8.369446,1.495218,2871778293.15,2871778293.15,1472706817,1472706817,True
2020-01-22,1.97,-8.455287,1.510553,2901232429.49,2901232429.49,1472706817,1472706817,True
2020-01-23,1.95,-8.369446,1.495218,2871778293.15,2871778293.15,1472706817,1472706817,True
2020-02-03,1.85,-7.940244,1.41854,2724507611.45,2724507611.45,1472706817,1472706817,True
2020-02-04,1.76,-7.553962,1.34953,2591963997.92,2591963997.92,1472706817,1472706817,True
2020-02-05,1.76,-7.553962,1.34953,2591963997.92,2591963997.92,1472706817,1472706817,True
2020-02-06,1.77,-7.596882,1.357198,2606691066.09,2606691066.09,1472706817,1472706817,True
2020-02-07,1.78,-7.639802,1.364865,2621418134.26,2621418134.26,1472706817,1472706817,True
2020-02-10,1.83,-7.854403,1.403204,2695053475.11,2695053475.11,1472706817,1472706817,True
2020-02-11,1.86,-7.983164,1.426208,2739234679.62,2739234679.62,1472706817,1472706817,True
2020-02-12,1.89,-8.111925,1.449211,2783415884.13,2783415884.13,1472706817,1472706817,True
2020-02-13,1.81,-7.768563,1.387869,2665599338.77,2665599338.77,1472706817,1472706817,True
2020-02-14,1.79,-7.682722,1.372533,2636145202.43,2636145202.43,1472706817,1472706817,True
2020-02-17,1.83,-7.854403,1.403204,2695053475.11,2695053475.11,1472706817,1472706817,True
2020-02-18,1.85,-7.940244,1.41854,2724507611.45,2724507611.45,1472706817,1472706817,True
2020-02-19,1.85,-7.940244,1.41854,2724507611.45,2724507611.45,1472706817,1472706817,True
2020-02-20,1.87,-8.026084,1.433875,2753961747.79,2753961747.79,1472706817,1472706817,True
2020-02-21,1.85,-7.940244,1.41854,2724507611.45,2724507611.45,1472706817,1472706817,True
2020-02-24,1.83,-7.854403,1.403204,2695053475.11,2695053475.11,1472706817,1472706817,True
2020-02-25,1.8,-7.725643,1.380201,2650872270.6,2650872270.6,1472706817,1472706817,True
2020-02-26,1.81,-7.768563,1.387869,2665599338.77,2665599338.77,1472706817,1472706817,True
2020-02-27,1.82,-7.811483,1.395536,2680326406.94,2680326406.94,1472706817,1472706817,True
2020-02-28,1.77,-7.596882,1.357198,2606691066.09,2606691066.09,1472706817,1472706817,True
2020-03-02,1.8,-7.725643,1.380201,2650872270.6,2650872270.6,1472706817,1472706817,True
2020-03-03,1.82,-7.811483,1.395536,2680326406.94,2680326406.94,1472706817,1472706817,True
2020-03-04,1.85,-7.940244,1.41854,2724507611.45,2724507611.45,1472706817,1472706817,True
2020-03-05,1.9,-8.154845,1.456879,2798142952.3,2798142952.3,1472706817,1472706817,True
2020-03-06,1.88,-8.069004,1.441543,2768688815.96,2768688815.96,1472706817,1472706817,True
2020-03-09,1.83,-7.854403,1.403204,2695053475.11,2695053475.11,1472706817,1472706817,True
2020-03-10,1.85,-7.940244,1.41854,2724507611.45,2724507611.45,1472706817,1472706817,True
2020-03-11,1.85,-7.940244,1.41854,2724507611.45,2724507611.45,1472706817,1472706817,True
2020-03-12,1.83,-7.854403,1.403204,2695053475.11,2695053475.11,1472706817,1472706817,True
2020-03-13,1.82,-7.811483,1.395536,2680326406.94,2680326406.94,1472706817,1472706817,True
2020-03-16,1.77,-7.596882,1.357198,2606691066.09,2606691066.09,1472706817,1472706817,True
2020-03-17,1.79,-7.682722,1.372533,2636145202.43,2636145202.43,1472706817,1472706817,True
2020-03-18,1.79,-7.682722,1.372533,2636145202.43,2636145202.43,1472706817,1472706817,True
2020-03-19,1.79,-7.682722,1.372533,2636145202.43,2636145202.43,1472706817,1472706817,True
2020-03-20,1.81,-7.768563,1.387869,2665599338.77,2665599338.77,1472706817,1472706817,True
2020-03-23,1.8,-7.725643,1.380201,2650872270.6,2650872270.6,1472706817,1472706817,True
2020-03-24,1.83,-7.854403,1.403204,2695053475.11,2695053475.11,1472706817,1472706817,True
2020-03-25,1.84,-7.897324,1.410872,2709780543.28,2709780543.28,1472706817,1472706817,True
2020-03-26,1.82,-7.811483,1.395536,2680326406.94,2680326406.94,1472706817,1472706817,True
2020-03-27,1.91,-8.197765,1.464547,2812870020.47,2812870020.47,1472706817,1472706817,True
2020-03-30,1.94,-8.326526,1.48755,2857051224.98,2857051224.98,1472706817,1472706817,True
2020-03-31,1.91,-8.197765,1.464547,2812870020.47,2812870020.47,1472706817,1472706817,True
2020-04-01,1.93,-8.283606,1.479882,2842324156.81,2842324156.81,1472706817,1472706817,True
2020-04-02,1.99,43.464598,1.43842,2930686565.83,2930686565.83,1472706817,1472706817,True
2020-04-03,2.09,45.648749,1.510702,3077957247.53,3077957247.53,1472706817,1472706817,True
2020-04-07,2.12,46.303994,1.532387,3122138452.04,3122138452.04,1472706817,1472706817,True
2020-04-08,2.23,19.593037,1.475832,3284136201.91,3284136201.91,1472706817,1472706817,True
2020-04-09,2.34,20.55951,1.548631,3446133951.78,3446133951.78,1472706817,1472706817,True
2020-04-13,2.17,19.06587,1.436123,3195773792.89,3195773792.89,1472706817,1472706817,False
2020-04-14,2.39,20.998816,1.581721,3519769292.63,3519769292.63,1472706817,1472706817,False
2020-04-15,2.63,23.107483,1.740555,3873218928.71,3873218928.71,1472706817,1472706817,False
2020-04-16,2.89,25.391873,1.912625,4256122701.13,4256122701.13,1472706817,1472706817,False
2020-04-17,2.96,26.006901,1.958951,4359212178.32,4359212178.32,1472706817,1472706817,False
2020-04-20,2.89,25.391873,1.912625,4256122701.13,4256122701.13,1472706817,1472706817,False
2020-04-21,2.69,23.63465,1.780263,3961581337.73,3961581337.73,1472706817,1472706817,False
2020-04-22,2.96,26.006901,1.958951,4359212178.32,4359212178.32,1472706817,1472706817,False
2020-04-23,2.97,26.094762,1.96557,4373939246.49,4373939246.49,1472706817,1472706817,False
2020-04-24,2.75,24.161817,1.819972,4049943746.75,4049943746.75,1472706817,1472706817,False
2020-04-27,2.61,22.931761,1.727319,3843764792.37,3843764792.37,1472706817,1472706817,False
2020-04-28,2.63,23.107483,1.740555,3873218928.71,3873218928.71,1472706817,1472706817,False
2020-04-29,2.5,21.965288,1.65452,3681767042.5,3681767042.5,1472706817,1472706817,False
2020-04-30,2.52,22.141011,1.667756,3711221178.84,3711221178.84,1472706817,1472706817,False
2020-05-06,2.52,22.141011,1.667756,3711221178.84,3711221178.84,1472706817,1472706817,False
2020-05-07,2.46,21.613844,1.628047,3622858769.82,3622858769.82,1472706817,1472706817,False
2020-05-08,2.48,21.789566,1.641284,3652312906.16,3652312906.16,1472706817,1472706817,False
2020-05-11,2.44,21.438121,1.614811,3593404633.48,3593404633.48,1472706817,1472706817,False
2020-05-12,2.39,20.998816,1.581721,3519769292.63,3519769292.63,1472706817,1472706817,False
2020-05-13,2.56,22.492455,1.694228,3770129451.52,3770129451.52,1472706817,1472706817,False
2020-05-14,2.46,21.613844,1.628047,3622858769.82,3622858769.82,1472706817,1472706817,False
2020-05-15,2.41,21.174538,1.594957,3549223428.97,3549223428.97,1472706817,1472706817,False
2020-05-18,2.42,21.262399,1.601575,3563950497.14,3563950497.14,1472706817,1472706817,False
2020-05-19,2.4,21.086677,1.588339,3534496360.8,3534496360.8,1472706817,1472706817,False
2020-05-20,2.37,20.823093,1.568485,3490315156.29,3490315156.29,1472706817,1472706817,False
2020-05-21,2.44,21.438121,1.614811,3593404633.48,3593404633.48,1472706817,1472706817,False
2020-05-22,2.37,20.823093,1.568485,3490315156.29,3490315156.29,1472706817,1472706817,False
2020-05-25,2.32,20.383788,1.535394,3416679815.44,3416679815.44,1472706817,1472706817,False
2020-05-26,2.34,20.55951,1.548631,3446133951.78,3446133951.78,1472706817,1472706817,False
2020-05-27,2.28,20.032343,1.508922,3357771542.76,3357771542.76,1472706817,1472706817,False
2020-05-28,2.29,20.120204,1.51554,3372498610.93,3372498610.93,1472706817,1472706817,False
2020-05-29,2.3,20.208065,1.522158,3387225679.1,3387225679.1,1472706817,1472706817,False
2020-06-01,2.34,20.55951,1.548631,3446133951.78,3446133951.78,1472706817,1472706817,False
2020-06-02,2.52,22.141011,1.667756,3711221178.84,3711221178.84,1472706817,1472706817,False
2020-06-03,2.46,21.613844,1.628047,3622858769.82,3622858769.82,1472706817,1472706817,False
2020-06-04,2.58,22.668177,1.707464,3799583587.86,3799583587.86,1472706817,1472706817,False
2020-06-05,2.54,22.316733,1.680992,3740675315.18,3740675315.18,1472706817,1472706817,False
2020-06-08,2.47,21.701705,1.634666,3637585837.99,3637585837.99,1472706817,1472706817,False
2020-06-09,2.5,21.965288,1.65452,3681767042.5,3681767042.5,1472706817,1472706817,False
2020-06-10,2.45,21.525982,1.621429,3608131701.65,3608131701.65,1472706817,1472706817,False
2020-06-11,2.41,21.174538,1.594957,3549223428.97,3549223428.97,1472706817,1472706817,False
2020-06-12,2.38,20.910954,1.575103,3505042224.46,3505042224.46,1472706817,1472706817,False
2020-06-15,2.39,20.998816,1.581721,3519769292.63,3519769292.63,1472706817,1472706817,False
2020-06-16,2.48,21.789566,1.641284,3652312906.16,3652312906.16,1472706817,1472706817,False
2020-06-17,2.46,21.613844,1.628047,3622858769.82,3622858769.82,1472706817,1472706817,False
2020-06-18,2.49,21.877427,1.647902,3667039974.33,3667039974.33,1472706817,1472706817,False
2020-06-19,2.45,21.525982,1.621429,3608131701.65,3608131701.65,1472706817,1472706817,False
2020-06-22,2.46,21.613844,1.628047,3622858769.82,3622858769.82,1472706817,1472706817,False
2020-06-23,2.42,21.262399,1.601575,3563950497.14,3563950497.14,1472706817,1472706817,False
2020-06-24,2.37,20.823093,1.568485,3490315156.29,3490315156.29,1472706817,1472706817,False
2020-06-29,2.36,20.735232,1.561867,3475588088.12,3475588088.12,1472706817,1472706817,False
2020-06-30,2.39,20.998816,1.581721,3519769292.63,3519769292.63,1472706817,1472706817,False
2020-07-01,2.42,21.262399,1.601575,3563950497.14,3563950497.14,1472706817,1472706817,False
2020-07-02,2.47,21.701705,1.634666,3637585837.99,3637585837.99,1472706817,1472706817,False
2020-07-03,2.49,21.877427,1.647902,3667039974.33,3667039974.33,1472706817,1472706817,False
2020-07-06,2.65,23.283206,1.753791,3902673065.05,3902673065.05,1472706817,1472706817,False
2020-07-07,2.69,23.63465,1.780263,3961581337.73,3961581337.73,1472706817,1472706817,False
2020-07-08,2.84,24.952567,1.879535,4182487360.28,4182487360.28,1472706817,1472706817,False
2020-07-09,2.84,24.952567,1.879535,4182487360.28,4182487360.28,1472706817,1472706817,False
2020-07-10,2.8,24.601123,1.853062,4123579087.6,4123579087.6,1472706817,1472706817,False
2020-07-13,2.87,25.216151,1.899389,4226668564.79,4226668564.79,1472706817,1472706817,False
2020-07-14,2.96,26.006901,1.958951,4359212178.32,4359212178.32,1472706817,1472706817,False
2020-07-15,2.79,24.513262,1.846444,4108852019.43,4108852019.43,1472706817,1472706817,False
2020-07-16,2.71,23.810372,1.793499,3991035474.07,3991035474.07,1472706817,1472706817,False
2020-07-17,2.73,23.986095,1.806736,4020489610.41,4020489610.41,1472706817,1472706817,False
2020-07-20,2.84,24.952567,1.879535,4182487360.28,4182487360.28,1472706817,1472706817,False
2020-07-21,2.82,24.776845,1.866298,4153033223.94,4153033223.94,1472706817,1472706817,False
2020-07-22,2.78,24.425401,1.839826,4094124951.26,4094124951.26,1472706817,1472706817,False
2020-07-23,2.7,23.722511,1.786881,3976308405.9,3976308405.9,1472706817,1472706817,False
2020-07-24,2.62,23.019622,1.733937,3858491860.54,3858491860.54,1472706817,1472706817,False
2020-07-27,2.57,22.580316,1.700846,3784856519.69,3784856519.69,1472706817,1472706817,False
2020-07-28,2.58,22.668177,1.707464,3799583587.86,3799583587.86,1472706817,1472706817,False
2020-07-29,2.63,23.107483,1.740555,3873218928.71,3873218928.71,1472706817,1472706817,False
2020-07-30,2.63,23.107483,1.740555,3873218928.71,3873218928.71,1472706817,1472706817,False
2020-07-31,2.64,23.195344,1.747173,3887945996.88,3887945996.88,1472706817,1472706817,False
2020-08-03,2.74,24.073956,1.813354,4035216678.58,4035216678.58,1472706817,1472706817,False
2020-08-04,2.72,23.898234,1.800118,4005762542.24,4005762542.24,1472706817,1472706817,False
2020-08-05,2.71,23.810372,1.793499,3991035474.07,3991035474.07,1472706817,1472706817,False
2020-08-06,2.68,23.546789,1.773645,3946854269.56,3946854269.56,1472706817,1472706817,False
2020-08-07,2.63,23.107483,1.740555,3873218928.71,3873218928.71,1472706817,1472706817,False
2020-08-10,2.66,23.371067,1.760409,3917400133.22,3917400133.22,1472706817,1472706817,False
2020-08-11,2.6,22.8439,1.720701,3829037724.2,3829037724.2,1472706817,1472706817,False
2020-08-12,2.61,22.931761,1.727319,3843764792.37,3843764792.37,1472706817,1472706817,False
2020-08-13,2.63,23.107483,1.740555,3873218928.71,3873218928.71,1472706817,1472706817,False
2020-08-14,2.71,23.810372,1.793499,3991035474.07,3991035474.07,1472706817,1472706817,False
2020-08-17,2.74,24.073956,1.813354,4035216678.58,4035216678.58,1472706817,1472706817,False
2020-08-18,2.78,24.425401,1.839826,4094124951.26,4094124951.26,1472706817,1472706817,False
2020-08-19,3.03,26.621929,2.005278,4462301655.51,4462301655.51,1472706817,1472706817,False
2020-08-20,2.88,25.304012,1.906007,4241395632.96,4241395632.96,1472706817,1472706817,False
2020-08-21,2.85,25.040429,1.886153,4197214428.45,4197214428.45,1472706817,1472706817,False
2020-08-24,3.14,27.588402,2.078077,4624299405.38,4624299405.38,1472706817,1472706817,False
2020-08-25,3.26,28.642736,2.157494,4801024223.42,4801024223.42,1472706817,1472706817,False
2020-08-26,2.93,25.743318,1.939097,4315030973.81,4315030973.81,1472706817,1472706817,False
2020-08-27,3.08,27.061235,2.038368,4535936996.36,4535936996.36,1472706817,1472706817,False
2020-08-28,3.0,26.08839,2.056607,4418120451.0,4418120451.0,1472706817,1472706817,False
2020-08-31,2.9,25.218777,1.988054,4270849769.3,4270849769.3,1472706817,1472706817,False
2020-09-01,2.86,24.870931,1.960632,4211941496.62,4211941496.62,1472706817,1472706817,False
2020-09-02,2.78,24.175241,1.905789,4094124951.26,4094124951.26,1472706817,1472706817,False
2020-09-03,2.78,24.175241,1.905789,4094124951.26,4094124951.26,1472706817,1472706817,False
2020-09-04,2.8,24.349164,1.9195,4123579087.6,4123579087.6,1472706817,1472706817,False
2020-09-07,2.73,23.740435,1.871513,4020489610.41,4020489610.41,1472706817,1472706817,False
2020-09-08,2.93,25.479661,2.00862,4315030973.81,4315030973.81,1472706817,1472706817,False
2020-09-09,2.92,25.392699,2.001764,4300303905.64,4300303905.64,1472706817,1472706817,False
2020-09-10,2.75,23.914357,1.885223,4049943746.75,4049943746.75,1472706817,1472706817,False
2020-09-11,2.8,24.349164,1.9195,4123579087.6,4123579087.6,1472706817,1472706817,False
2020-09-14,2.78,24.175241,1.905789,4094124951.26,4094124951.26,1472706817,1472706817,False
2020-09-15,2.76,24.001318,1.892079,4064670814.92,4064670814.92,1472706817,1472706817,False
2020-09-16,2.72,23.653473,1.864657,4005762542.24,4005762542.24,1472706817,1472706817,False
2020-09-17,2.66,23.131705,1.823525,3917400133.22,3917400133.22,1472706817,1472706817,False
2020-09-18,2.7,23.479551,1.850947,3976308405.9,3976308405.9,1472706817,1472706817,False
2020-09-21,2.72,23.653473,1.864657,4005762542.24,4005762542.24,1472706817,1472706817,False
2020-09-22,2.67,23.218667,1.83038,3932127201.39,3932127201.39,1472706817,1472706817,False
2020-09-23,2.67,23.218667,1.83038,3932127201.39,3932127201.39,1472706817,1472706817,False
2020-09-24,2.59,22.522976,1.775538,3814310656.03,3814310656.03,1472706817,1472706817,False
2020-09-25,2.57,22.349054,1.761827,3784856519.69,3784856519.69,1472706817,1472706817,False
2020-09-28,2.59,22.522976,1.775538,3814310656.03,3814310656.03,1472706817,1472706817,False
2020-09-29,2.61,22.696899,1.789248,3843764792.37,3843764792.37,1472706817,1472706817,False
2020-09-30,2.59,22.522976,1.775538,3814310656.03,3814310656.03,1472706817,1472706817,False
2020-10-09,2.66,23.131705,1.823525,3917400133.22,3917400133.22,1472706817,1472706817,False
2020-10-12,2.76,24.001318,1.892079,4064670814.92,4064670814.92,1472706817,1472706817,False
2020-10-13,2.71,23.566512,1.857802,3991035474.07,3991035474.07,1472706817,1472706817,False
2020-10-14,2.76,24.001318,1.892079,4064670814.92,4064670814.92,1472706817,1472706817,False
2020-10-15,2.7,23.479551,1.850947,3976308405.9,3976308405.9,1472706817,1472706817,False
2020-10-16,2.71,23.566512,1.857802,3991035474.07,3991035474.07,1472706817,1472706817,False
2020-10-19,2.68,23.305628,1.837236,3946854269.56,3946854269.56,1472706817,1472706817,False
2020-10-20,2.67,23.218667,1.83038,3932127201.39,3932127201.39,1472706817,1472706817,False
2020-10-21,2.64,22.957783,1.809814,3887945996.88,3887945996.88,1472706817,1472706817,False
2020-10-22,2.62,22.78386,1.796104,3858491860.54,3858491860.54,1472706817,1472706817,False
2020-10-23,2.61,22.696899,1.789248,3843764792.37,3843764792.37,1472706817,1472706817,False
2020-10-26,2.6,22.609938,1.782393,3829037724.2,3829037724.2,1472706817,1472706817,False
2020-10-27,2.59,22.522976,1.775538,3814310656.03,3814310656.03,1472706817,1472706817,False
2020-10-28,2.6,22.609938,1.782393,3829037724.2,3829037724.2,1472706817,1472706817,False
2020-10-29,2.6,22.609938,1.782393,3829037724.2,3829037724.2,1472706817,1472706817,False
2020-10-30,2.55,22.175131,1.748116,3755402383.35,3755402383.35,1472706817,1472706817,False
2020-11-02,2.31,28.769407,1.667765,3401952747.27,3401952747.27,1472706817,1472706817,False
2020-11-03,2.32,28.893949,1.674985,3416679815.44,3416679815.44,1472706817,1472706817,False
2020-11-04,2.33,29.018492,1.682205,3431406883.61,3431406883.61,1472706817,1472706817,False
2020-11-05,2.43,30.263921,1.754403,3578677565.31,3578677565.31,1472706817,1472706817,False
2020-11-06,2.37,29.516664,1.711084,3490315156.29,3490315156.29,1472706817,1472706817,False
2020-11-09,2.41,30.014835,1.739963,3549223428.97,3549223428.97,1472706817,1472706817,False
2020-11-10,2.37,29.516664,1.711084,3490315156.29,3490315156.29,1472706817,1472706817,False
2020-11-11,2.46,30.63755,1.776062,3622858769.82,3622858769.82,1472706817,1472706817,False
2020-11-12,2.71,33.751122,1.956556,3991035474.07,3991035474.07,1472706817,1472706817,False
2020-11-13,2.77,34.498379,1.999875,4079397883.09,4079397883.09,1472706817,1472706817,False
2020-11-16,2.8,34.872008,2.021534,4123579087.6,4123579087.6,1472706817,1472706817,False
2020-11-17,2.64,32.879322,1.906018,3887945996.88,3887945996.88,1472706817,1472706817,False
2020-11-18,2.6,32.38115,1.877139,3829037724.2,3829037724.2,1472706817,1472706817,False
2020-11-19,2.53,31.50935,1.8266,3725948247.01,3725948247.01,1472706817,1472706817,False
2020-11-20,2.55,31.758436,1.84104,3755402383.35,3755402383.35,1472706817,1472706817,False
2020-11-23,2.54,31.633893,1.83382,3740675315.18,3740675315.18,1472706817,1472706817,False
2020-11-24,2.51,31.260264,1.812161,3696494110.67,3696494110.67,1472706817,1472706817,False
2020-11-25,2.52,31.384807,1.81938,3711221178.84,3711221178.84,1472706817,1472706817,False
2020-11-26,2.68,33.377493,1.934897,3946854269.56,3946854269.56,1472706817,1472706817,False
2020-11-27,2.6,32.38115,1.877139,3829037724.2,3829037724.2,1472706817,1472706817,False
2020-11-30,2.54,31.633893,1.83382,3740675315.18,3740675315.18,1472706817,1472706817,False
2020-12-01,2.54,31.633893,1.83382,3740675315.18,3740675315.18,1472706817,1472706817,False
2020-12-02,2.53,31.50935,1.8266,3725948247.01,3725948247.01,1472706817,1472706817,False
2020-12-03,2.51,31.260264,1.812161,3696494110.67,3696494110.67,1472706817,1472706817,False
2020-12-04,2.48,30.886636,1.790501,3652312906.16,3652312906.16,1472706817,1472706817,False
2020-12-07,2.45,30.513007,1.768842,3608131701.65,3608131701.65,1472706817,1472706817,False
2020-12-08,2.42,30.139378,1.747183,3563950497.14,3563950497.14,1472706817,1472706817,False
2020-12-09,2.43,30.263921,1.754403,3578677565.31,3578677565.31,1472706817,1472706817,False
2020-12-10,2.4,29.890293,1.732743,3534496360.8,3534496360.8,1472706817,1472706817,False
2020-12-11,2.38,29.641207,1.718304,3505042224.46,3505042224.46,1472706817,1472706817,False
2020-12-14,2.43,30.263921,1.754403,3578677565.31,3578677565.31,1472706817,1472706817,False
2020-12-15,2.67,33.25295,1.927677,3932127201.39,3932127201.39,1472706817,1472706817,False
2020-12-16,2.65,33.003865,1.913237,3902673065.05,3902673065.05,1472706817,1472706817,False
2020-12-17,2.63,32.754779,1.898798,3873218928.71,3873218928.71,1472706817,1472706817,False
2020-12-18,2.6,32.38115,1.877139,3829037724.2,3829037724.2,1472706817,1472706817,False
2020-12-21,2.58,32.132064,1.862699,3799583587.86,3799583587.86,1472706817,1472706817,False
2020-12-22,2.47,30.762093,1.783282,3637585837.99,3637585837.99,1472706817,1472706817,False
2020-12-23,2.58,32.132064,1.862699,3799583587.86,3799583587.86,1472706817,1472706817,False
2020-12-24,2.5,31.135721,1.804941,3681767042.5,3681767042.5,1472706817,1472706817,False
2020-12-25,2.75,34.249294,1.985435,4049943746.75,4049943746.75,1472706817,1472706817,False
2020-12-28,2.92,36.366523,2.108171,4300303905.64,4300303905.64,1472706817,1472706817,False
2020-12-29,2.8,34.872008,2.021534,4123579087.6,4123579087.6,1472706817,1472706817,False
2020-12-30,2.83,35.245637,2.043193,4167760292.11,4167760292.11,1472706817,1472706817,False
2020-12-31,2.8,34.872008,2.021534,4123579087.6,4123579087.6,1472706817,1472706817,False
2021-01-04,2.83,35.245637,2.043193,4167760292.11,4167760292.11,1472706817,1472706817,False
2021-01-05,2.72,33.875665,1.963776,4005762542.24,4005762542.24,1472706817,1472706817,False
2021-01-06,2.83,35.245637,2.043193,4167760292.11,4167760292.11,1472706817,1472706817,False
2021-01-07,2.7,33.626579,1.949336,3976308405.9,3976308405.9,1472706817,1472706817,False
2021-01-08,2.6,32.38115,1.877139,3829037724.2,3829037724.2,1472706817,1472706817,False
2021-01-11,2.56,31.882979,1.84826,3770129451.52,3770129451.52,1472706817,1472706817,False
2021-01-12,2.47,30.762093,1.783282,3637585837.99,3637585837.99,1472706817,1472706817,False
2021-01-13,2.52,31.384807,1.81938,3711221178.84,3711221178.84,1472706817,1472706817,False
2021-01-14,2.49,31.011178,1.797721,3667039974.33,3667039974.33,1472706817,1472706817,False
2021-01-15,2.47,30.762093,1.783282,3637585837.99,3637585837.99,1472706817,1472706817,False
2021-01-18,2.5,31.135721,1.804941,3681767042.5,3681767042.5,1472706817,1472706817,False
2021-01-19,2.53,31.50935,1.8266,3725948247.01,3725948247.01,1472706817,1472706817,False
2021-01-20,2.48,30.886636,1.790501,3652312906.16,3652312906.16,1472706817,1472706817,False
2021-01-21,2.5,31.135721,1.804941,3681767042.5,3681767042.5,1472706817,1472706817,False
2021-01-22,2.47,30.762093,1.783282,3637585837.99,3637585837.99,1472706817,1472706817,False
2021-01-25,2.34,29.143035,1.689425,3446133951.78,3446133951.78,1472706817,1472706817,False
2021-01-26,2.28,28.395778,1.646106,3357771542.76,3357771542.76,1472706817,1472706817,False
2021-01-27,2.32,28.893949,1.674985,3416679815.44,3416679815.44,1472706817,1472706817,False
2021-01-28,2.29,28.520321,1.653326,3372498610.93,3372498610.93,1472706817,1472706817,False
2021-01-29,2.17,27.025806,1.566689,3195773792.89,3195773792.89,1472706817,1472706817,False
2021-02-01,2.13,26.527635,1.53781,3136865520.21,3136865520.21,1472706817,1472706817,False
2021-02-02,2.13,26.527635,1.53781,3136865520.21,3136865520.21,1472706817,1472706817,False
2021-02-03,2.05,25.531292,1.480052,3019048974.85,3019048974.85,1472706817,1472706817,False
2021-02-04,1.97,24.534948,1.422293,2901232429.49,2901232429.49,1472706817,1472706817,False
2021-02-05,1.97,24.534948,1.422293,2901232429.49,2901232429.49,1472706817,1472706817,False
2021-02-08,1.97,24.534948,1.422293,2901232429.49,2901232429.49,1472706817,1472706817,False
2021-02-09,2.01,25.03312,1.451173,2960140702.17,2960140702.17,1472706817,1472706817,False
2021-02-10,2.04,25.406749,1.472832,3004321906.68,3004321906.68,1472706817,1472706817,False
2021-02-18,2.12,26.403092,1.53059,3122138452.04,3122138452.04,1472706817,1472706817,False
2021-02-19,2.18,27.150349,1.573908,3210500861.06,3210500861.06,1472706817,1472706817,False
2021-02-22,2.21,27.523978,1.595568,3254682065.57,3254682065.57,1472706817,1472706817,False
2021-02-23,2.19,27.274892,1.581128,3225227929.23,3225227929.23,1472706817,1472706817,False
2021-02-24,2.18,27.150349,1.573908,3210500861.06,3210500861.06,1472706817,1472706817,False
2021-02-25,2.18,27.150349,1.573908,3210500861.06,3210500861.06,1472706817,1472706817,False
2021-02-26,2.19,27.274892,1.581128,3225227929.23,3225227929.23,1472706817,1472706817,False
2021-03-01,2.2,27.399435,1.588348,3239954997.4,3239954997.4,1472706817,1472706817,False
2021-03-02,2.25,28.022149,1.624447,3313590338.25,3313590338.25,1472706817,1472706817,False
2021-03-03,2.28,28.395778,1.646106,3357771542.76,3357771542.76,1472706817,1472706817,False
2021-03-04,2.3,28.644864,1.660546,3387225679.1,3387225679.1,1472706817,1472706817,False
2021-03-05,2.31,28.769407,1.667765,3401952747.27,3401952747.27,1472706817,1472706817,False
2021-03-08,2.35,29.267578,1.696644,3460861019.95,3460861019.95,1472706817,1472706817,False
2021-03-09,2.3,28.644864,1.660546,3387225679.1,3387225679.1,1472706817,1472706817,False
2021-03-10,2.3,28.644864,1.660546,3387225679.1,3387225679.1,1472706817,1472706817,False
2021-03-11,2.36,29.392121,1.703864,3475588088.12,3475588088.12,1472706817,1472706817,False
2021-03-12,2.47,30.762093,1.783282,3637585837.99,3637585837.99,1472706817,1472706817,False
2021-03-15,2.52,31.384807,1.81938,3711221178.84,3711221178.84,1472706817,1472706817,False
2021-03-16,2.56,31.882979,1.84826,3770129451.52,3770129451.52,1472706817,1472706817,False
2021-03-17,2.44,30.388464,1.761622,3593404633.48,3593404633.48,1472706817,1472706817,False
2021-03-18,2.46,30.63755,1.776062,3622858769.82,3622858769.82,1472706817,1472706817,False
2021-03-19,2.71,33.751122,1.956556,3991035474.07,3991035474.07,1472706817,1472706817,False
2021-03-22,2.98,37.11378,2.15149,4388666314.66,4388666314.66,1472706817,1472706817,False
2021-03-23,3.16,39.355552,2.281445,4653753541.72,4653753541.72,1472706817,1472706817,False
2021-03-24,2.88,35.868351,2.079292,4241395632.96,4241395632.96,1472706817,1472706817,False
2021-03-25,2.59,32.256607,1.869919,3814310656.03,3814310656.03,1472706817,1472706817,False
2021-03-26,2.63,32.754779,1.898798,3873218928.71,3873218928.71,1472706817,1472706817,False
2021-03-29,2.73,34.000208,1.970995,4020489610.41,4020489610.41,1472706817,1472706817,False
2021-03-30,2.63,32.754779,1.898798,3873218928.71,3873218928.71,1472706817,1472706817,False
2021-03-31,2.63,32.754779,1.898798,3873218928.71,3873218928.71,1472706817,1472706817,False
2021-04-01,2.71,33.751122,1.956556,3991035474.07,3991035474.07,1472706817,1472706817,False
2021-04-02,2.62,47.214725,1.823486,3858491860.54,3858491860.54,1472706817,1472706817,False
2021-04-06,2.63,47.394934,1.830446,3873218928.71,3873218928.71,1472706817,1472706817,False
2021-04-07,2.89,52.080365,2.011403,4256122701.13,4256122701.13,1472706817,1472706817,False
2021-04-08,2.72,49.016814,1.893085,4005762542.24,4005762542.24,1472706817,1472706817,False
2021-04-09,2.73,49.197023,1.900045,4020489610.41,4020489610.41,1472706817,1472706817,False
2021-04-12,2.74,49.377232,1.907005,4035216678.58,4035216678.58,1472706817,1472706817,False
2021-04-13,2.58,46.49389,1.795647,3799583587.86,3799583587.86,1472706817,1472706817,False
2021-04-14,2.6,46.854307,1.809567,3829037724.2,3829037724.2,1472706817,1472706817,False
2021-04-15,2.55,45.953263,1.774767,3755402383.35,3755402383.35,1472706817,1472706817,False
2021-04-16,2.57,46.313681,1.788687,3784856519.69,3784856519.69,1472706817,1472706817,False
2021-04-19,2.61,47.034516,1.816527,3843764792.37,3843764792.37,1472706817,1472706817,False
2021-04-20,2.61,47.034516,1.816527,3843764792.37,3843764792.37,1472706817,1472706817,False
2021-04-21,2.54,45.773054,1.767807,3740675315.18,3740675315.18,1472706817,1472706817,False
2021-04-22,2.52,45.412636,1.753888,3711221178.84,3711221178.84,1472706817,1472706817,False
2021-04-23,2.51,45.232427,1.746928,3696494110.67,3696494110.67,1472706817,1472706817,False
2021-04-26,2.45,-46.584764,1.675547,3608131701.65,3608131701.65,1472706817,1472706817,False
2021-04-27,2.38,-45.253771,1.627674,3505042224.46,3505042224.46,1472706817,1472706817,False
2021-04-28,2.4,-45.634054,1.641352,3534496360.8,3534496360.8,1472706817,1472706817,False
2021-04-29,2.4,-45.634054,1.641352,3534496360.8,3534496360.8,1472706817,1472706817,False
2021-04-30,2.37,-45.063629,1.620835,3490315156.29,3490315156.29,1472706817,1472706817,False
2021-05-06,2.41,-45.824196,1.648191,3549223428.97,3549223428.97,1472706817,1472706817,False
2021-05-07,2.44,-46.394622,1.668708,3593404633.48,3593404633.48,1472706817,1472706817,False
2021-05-10,2.48,-47.155189,1.696064,3652312906.16,3652312906.16,1472706817,1472706817,False
2021-05-11,2.5,-47.535473,1.709742,3681767042.5,3681767042.5,1472706817,1472706817,False
2021-05-12,2.51,-47.725615,1.716581,3696494110.67,3696494110.67,1472706817,1472706817,False
2021-05-13,2.47,-46.965048,1.689225,3637585837.99,3637585837.99,1472706817,1472706817,False
2021-05-14,2.52,-47.915757,1.72342,3711221178.84,3711221178.84,1472706817,1472706817,False
2021-05-17,2.54,-48.296041,1.737098,3740675315.18,3740675315.18,1472706817,1472706817,False
2021-05-18,2.54,-48.296041,1.737098,3740675315.18,3740675315.18,1472706817,1472706817,False
2021-05-19,2.62,-49.817176,1.791809,3858491860.54,3858491860.54,1472706817,1472706817,False
2021-05-20,2.58,-49.056608,1.764453,3799583587.86,3799583587.86,1472706817,1472706817,False
2021-05-21,2.66,-50.577744,1.819165,3917400133.22,3917400133.22,1472706817,1472706817,False
2021-05-24,2.63,-50.007318,1.798648,3873218928.71,3873218928.71,1472706817,1472706817,False
2021-05-25,2.62,-49.817176,1.791809,3858491860.54,3858491860.54,1472706817,1472706817,False
2021-05-26,2.62,-49.817176,1.791809,3858491860.54,3858491860.54,1472706817,1472706817,False
2021-05-27,2.59,-49.24675,1.771292,3814310656.03,3814310656.03,1472706817,1472706817,False
2021-05-28,2.56,-48.676325,1.750776,3770129451.52,3770129451.52,1472706817,1472706817,False
2021-05-31,2.55,-48.486183,1.743937,3755402383.35,3755402383.35,1472706817,1472706817,False
2021-06-01,2.56,-48.676325,1.750776,3770129451.52,3770129451.52,1472706817,1472706817,False
2021-06-02,2.57,-48.866467,1.757615,3784856519.69,3784856519.69,1472706817,1472706817,False
2021-06-03,2.54,-48.296041,1.737098,3740675315.18,3740675315.18,1472706817,1472706817,False
2021-06-04,2.49,-47.345331,1.702903,3667039974.33,3667039974.33,1472706817,1472706817,False
2021-06-07,2.49,-47.345331,1.702903,3667039974.33,3667039974.33,1472706817,1472706817,False
2021-06-08,2.47,-46.965048,1.689225,3637585837.99,3637585837.99,1472706817,1472706817,False
2021-06-09,2.44,-46.394622,1.668708,3593404633.48,3593404633.48,1472706817,1472706817,False
2021-06-10,2.45,-46.584764,1.675547,3608131701.65,3608131701.65,1472706817,1472706817,False
2021-06-11,2.49,-47.345331,1.702903,3667039974.33,3667039974.33,1472706817,1472706817,False
2021-06-15,2.48,-47.155189,1.696064,3652312906.16,3652312906.16,1472706817,1472706817,False
2021-06-16,2.46,-46.774906,1.682386,3622858769.82,3622858769.82,1472706817,1472706817,False
2021-06-17,2.49,-47.345331,1.702903,3667039974.33,3667039974.33,1472706817,1472706817,False
2021-06-18,2.51,-47.725615,1.716581,3696494110.67,3696494110.67,1472706817,1472706817,False
2021-06-21,2.51,-47.725615,1.716581,3696494110.67,3696494110.67,1472706817,1472706817,False
2021-06-22,2.51,-47.725615,1.716581,3696494110.67,3696494110.67,1472706817,1472706817,False
2021-06-23,2.52,-47.915757,1.72342,3711221178.84,3711221178.84,1472706817,1472706817,False
2021-06-24,2.52,-47.915757,1.72342,3711221178.84,3711221178.84,1472706817,1472706817,False
2021-06-25,2.5,-47.535473,1.709742,3681767042.5,3681767042.5,1472706817,1472706817,False
2021-06-28,2.57,-48.866467,1.757615,3784856519.69,3784856519.69,1472706817,1472706817,False
2021-06-29,2.49,-47.345331,1.702903,3667039974.33,3667039974.33,1472706817,1472706817,False
2021-06-30,2.48,-47.155189,1.696064,3652312906.16,3652312906.16,1472706817,1472706817,False
2021-07-01,2.43,-46.20448,1.661869,3578677565.31,3578677565.31,1472706817,1472706817,False
2021-07-02,2.4,-45.634054,1.641352,3534496360.8,3534496360.8,1472706817,1472706817,False
2021-07-05,2.31,-43.922777,1.579801,3401952747.27,3401952747.27,1472706817,1472706817,False
2021-07-06,2.31,-43.922777,1.579801,3401952747.27,3401952747.27,1472706817,1472706817,False
2021-07-07,2.28,-43.352352,1.559284,3357771542.76,3357771542.76,1472706817,1472706817,False
2021-07-08,2.27,-43.16221,1.552446,3343044474.59,3343044474.59,1472706817,1472706817,False
2021-07-09,2.31,-43.922777,1.579801,3401952747.27,3401952747.27,1472706817,1472706817,False
2021-07-12,2.31,-43.922777,1.579801,3401952747.27,3401952747.27,1472706817,1472706817,False
2021-07-13,2.34,-44.493203,1.600318,3446133951.78,3446133951.78,1472706817,1472706817,False
2021-07-14,2.31,-43.922777,1.579801,3401952747.27,3401952747.27,1472706817,1472706817,False
2021-07-15,2.29,-43.542494,1.566123,3372498610.93,3372498610.93,1472706817,1472706817,False
2021-07-16,2.29,-43.542494,1.566123,3372498610.93,3372498610.93,1472706817,1472706817,False
2021-07-19,2.26,-42.972068,1.545607,3328317406.42,3328317406.42,1472706817,1472706817,False
2021-07-20,2.25,-42.781926,1.538768,3313590338.25,3313590338.25,1472706817,1472706817,False
2021-07-21,2.24,-42.591784,1.531929,3298863270.08,3298863270.08,1472706817,1472706817,False
2021-07-22,2.25,-42.781926,1.538768,3313590338.25,3313590338.25,1472706817,1472706817,False
2021-07-23,2.22,-42.2115,1.518251,3269409133.74,3269409133.74,1472706817,1472706817,False
2021-07-26,2.18,-41.450933,1.490895,3210500861.06,3210500861.06,1472706817,1472706817,False
2021-07-27,2.15,-40.880507,1.470378,3166319656.55,3166319656.55,1472706817,1472706817,False
2021-07-28,2.08,-39.549514,1.422505,3063230179.36,3063230179.36,1472706817,1472706817,False
2021-07-29,2.13,-40.500223,1.4567,3136865520.21,3136865520.21,1472706817,1472706817,False
2021-07-30,2.22,-42.2115,1.518251,3269409133.74,3269409133.74,1472706817,1472706817,False
2021-08-02,2.23,-42.401642,1.52509,3284136201.91,3284136201.91,1472706817,1472706817,False
2021-08-03,2.22,-42.2115,1.518251,3269409133.74,3269409133.74,1472706817,1472706817,False
2021-08-04,2.23,-42.401642,1.52509,3284136201.91,3284136201.91,1472706817,1472706817,False
2021-08-05,2.18,-41.450933,1.490895,3210500861.06,3210500861.06,1472706817,1472706817,False
2021-08-06,2.17,-41.260791,1.484056,3195773792.89,3195773792.89,1472706817,1472706817,False
2021-08-09,2.24,-42.591784,1.531929,3298863270.08,3298863270.08,1472706817,1472706817,False
2021-08-10,2.24,-42.591784,1.531929,3298863270.08,3298863270.08,1472706817,1472706817,False
2021-08-11,2.27,-43.16221,1.552446,3343044474.59,3343044474.59,1472706817,1472706817,False
2021-08-12,2.29,-43.542494,1.566123,3372498610.93,3372498610.93,1472706817,1472706817,False
2021-08-13,2.29,-43.542494,1.566123,3372498610.93,3372498610.93,1472706817,1472706817,False
2021-08-16,2.29,-43.542494,1.566123,3372498610.93,3372498610.93,1472706817,1472706817,False
2021-08-17,2.24,-42.591784,1.531929,3298863270.08,3298863270.08,1472706817,1472706817,False
2021-08-18,2.3,-43.732635,1.572962,3387225679.1,3387225679.1,1472706817,1472706817,False
2021-08-19,2.28,-43.352352,1.559284,3357771542.76,3357771542.76,1472706817,1472706817,False
2021-08-20,2.24,-42.591784,1.531929,3298863270.08,3298863270.08,1472706817,1472706817,False
2021-08-23,2.3,-43.732635,1.572962,3387225679.1,3387225679.1,1472706817,1472706817,False
2021-08-24,2.29,-43.542494,1.566123,3372498610.93,3372498610.93,1472706817,1472706817,False
2021-08-25,2.32,-44.112919,1.58664,3416679815.44,3416679815.44,1472706817,1472706817,False
2021-08-26,2.35,-44.683345,1.607157,3460861019.95,3460861019.95,1472706817,1472706817,False
2021-08-27,2.29,-10.002343,1.866215,3372498610.93,3372498610.93,1472706817,1472706817,False
2021-08-30,2.26,-9.871308,1.841767,3328317406.42,3328317406.42,1472706817,1472706817,False
2021-08-31,2.27,-9.914986,1.849916,3343044474.59,3343044474.59,1472706817,1472706817,False
2021-09-01,2.31,-10.0897,1.882514,3401952747.27,3401952747.27,1472706817,1472706817,False
2021-09-02,2.41,-10.526483,1.964008,3549223428.97,3549223428.97,1472706817,1472706817,False
2021-09-03,2.47,-10.788553,2.012905,3637585837.99,3637585837.99,1472706817,1472706817,False
2021-09-06,2.55,-11.13798,2.0781,3755402383.35,3755402383.35,1472706817,1472706817,False
2021-09-07,2.53,-11.050623,2.061801,3725948247.01,3725948247.01,1472706817,1472706817,False
2021-09-08,2.66,-11.618442,2.167743,3917400133.22,3917400133.22,1472706817,1472706817,False
2021-09-09,2.63,-11.487407,2.143295,3873218928.71,3873218928.71,1472706817,1472706817,False
2021-09-10,2.55,-11.13798,2.0781,3755402383.35,3755402383.35,1472706817,1472706817,False
2021-09-13,2.63,-11.487407,2.143295,3873218928.71,3873218928.71,1472706817,1472706817,False
2021-09-14,2.53,-11.050623,2.061801,3725948247.01,3725948247.01,1472706817,1472706817,False
2021-09-15,2.59,-11.312694,2.110697,3814310656.03,3814310656.03,1472706817,1472706817,False
2021-09-16,2.54,-11.094302,2.06995,3740675315.18,3740675315.18,1472706817,1472706817,False
2021-09-17,2.6,-11.356372,2.118847,3829037724.2,3829037724.2,1472706817,1472706817,False
2021-09-22,2.86,-12.492009,2.330732,4211941496.62,4211941496.62,1472706817,1472706817,False
2021-09-23,2.77,-12.098904,2.257387,4079397883.09,4079397883.09,1472706817,1472706817,False
2021-09-24,2.72,-11.880512,2.21664,4005762542.24,4005762542.24,1472706817,1472706817,False
2021-09-27,2.6,-11.356372,2.118847,3829037724.2,3829037724.2,1472706817,1472706817,False
2021-09-28,2.86,-12.492009,2.330732,4211941496.62,4211941496.62,1472706817,1472706817,False
2021-09-29,2.8,-12.229939,2.281835,4123579087.6,4123579087.6,1472706817,1472706817,False
2021-09-30,2.9,-12.666723,2.363329,4270849769.3,4270849769.3,1472706817,1472706817,False
2021-10-08,2.8,-12.229939,2.281835,4123579087.6,4123579087.6,1472706817,1472706817,False
2021-10-11,2.82,-12.317296,2.298134,4153033223.94,4153033223.94,1472706817,1472706817,False
2021-10-12,2.73,-11.924191,2.224789,4020489610.41,4020489610.41,1472706817,1472706817,False
2021-10-13,2.46,-10.744875,2.004755,3622858769.82,3622858769.82,1472706817,1472706817,False
2021-10-14,2.43,-10.61384,1.980307,3578677565.31,3578677565.31,1472706817,1472706817,False
2021-10-15,2.41,-10.526483,1.964008,3549223428.97,3549223428.97,1472706817,1472706817,False
2021-10-18,2.52,-11.006945,2.053652,3711221178.84,3711221178.84,1472706817,1472706817,False
2021-10-19,2.5,-10.919588,2.037353,3681767042.5,3681767042.5,1472706817,1472706817,False
2021-10-20,2.75,-12.011547,2.241088,4049943746.75,4049943746.75,1472706817,1472706817,False
2021-10-21,2.68,-11.705799,2.184042,3946854269.56,3946854269.56,1472706817,1472706817,False
2021-10-22,2.53,-11.050623,2.061801,3725948247.01,3725948247.01,1472706817,1472706817,False
2021-10-25,2.51,-10.963267,2.045502,3696494110.67,3696494110.67,1472706817,1472706817,False
2021-10-26,2.46,-10.744875,2.004755,3622858769.82,3622858769.82,1472706817,1472706817,False
2021-10-27,2.51,-10.963267,2.045502,3696494110.67,3696494110.67,1472706817,1472706817,False
2021-10-28,2.6,-11.356372,2.118847,3829037724.2,3829037724.2,1472706817,1472706817,False
2021-10-29,2.43,-4.294471,2.944552,3578677565.31,3578677565.31,1472706817,1472706817,False
2021-11-01,2.61,-4.61258,3.162667,3843764792.37,3843764792.37,1472706817,1472706817,False
2021-11-02,2.52,-4.453525,3.05361,3711221178.84,3711221178.84,1472706817,1472706817,False
2021-11-03,2.45,-4.329816,2.968787,3608131701.65,3608131701.65,1472706817,1472706817,False
2021-11-04,2.5,-4.41818,3.029375,3681767042.5,3681767042.5,1472706817,1472706817,False
2021-11-05,2.39,-4.22378,2.896082,3519769292.63,3519769292.63,1472706817,1472706817,False
2021-11-08,2.36,-4.170762,2.85973,3475588088.12,3475588088.12,1472706817,1472706817,False
2021-11-09,2.39,-4.22378,2.896082,3519769292.63,3519769292.63,1472706817,1472706817,False
2021-11-10,2.4,-4.241453,2.9082,3534496360.8,3534496360.8,1472706817,1472706817,False
2021-11-11,2.39,-4.22378,2.896082,3519769292.63,3519769292.63,1472706817,1472706817,False
2021-11-12,2.4,-4.241453,2.9082,3534496360.8,3534496360.8,1472706817,1472706817,False
2021-11-15,2.41,-4.259125,2.920317,3549223428.97,3549223428.97,1472706817,1472706817,False
2021-11-16,2.36,-4.170762,2.85973,3475588088.12,3475588088.12,1472706817,1472706817,False
2021-11-17,2.39,-4.22378,2.896082,3519769292.63,3519769292.63,1472706817,1472706817,False
2021-11-18,2.4,-4.241453,2.9082,3534496360.8,3534496360.8,1472706817,1472706817,False
2021-11-19,2.41,-4.259125,2.920317,3549223428.97,3549223428.97,1472706817,1472706817,False
2021-11-22,2.39,-4.22378,2.896082,3519769292.63,3519769292.63,1472706817,1472706817,False
2021-11-23,2.39,-4.22378,2.896082,3519769292.63,3519769292.63,1472706817,1472706817,False
2021-11-24,2.42,-4.276798,2.932435,3563950497.14,3563950497.14,1472706817,1472706817,False
2021-11-25,2.43,-4.294471,2.944552,3578677565.31,3578677565.31,1472706817,1472706817,False
2021-11-26,2.37,-4.188434,2.871847,3490315156.29,3490315156.29,1472706817,1472706817,False
2021-11-29,2.38,-4.206107,2.883965,3505042224.46,3505042224.46,1472706817,1472706817,False
2021-11-30,2.39,-4.22378,2.896082,3519769292.63,3519769292.63,1472706817,1472706817,False
2021-12-01,2.43,-4.294471,2.944552,3578677565.31,3578677565.31,1472706817,1472706817,False
2021-12-02,2.39,-4.22378,2.896082,3519769292.63,3519769292.63,1472706817,1472706817,False
2021-12-03,2.43,-4.294471,2.944552,3578677565.31,3578677565.31,1472706817,1472706817,False
2021-12-06,2.43,-4.294471,2.944552,3578677565.31,3578677565.31,1472706817,1472706817,False
2021-12-07,2.47,-4.365162,2.993022,3637585837.99,3637585837.99,1472706817,1472706817,False
2021-12-08,2.5,-4.41818,3.029375,3681767042.5,3681767042.5,1472706817,1472706817,False
2021-12-09,2.58,-4.559562,3.126315,3799583587.86,3799583587.86,1472706817,1472706817,False
2021-12-10,2.59,-4.577234,3.138432,3814310656.03,3814310656.03,1472706817,1472706817,False
2021-12-13,2.85,-5.036725,3.453487,4197214428.45,4197214428.45,1472706817,1472706817,False
2021-12-14,3.14,-5.549234,3.804894,4624299405.38,4624299405.38,1472706817,1472706817,False
2021-12-15,3.45,-6.097088,4.180537,5080838518.65,5080838518.65,1472706817,1472706817,False
2021-12-16,3.8,-6.715633,4.604649,5596285904.6,5596285904.6,1472706817,1472706817,False
2021-12-17,4.18,-7.387197,5.065114,6155914495.06,6155914495.06,1472706817,1472706817,False
2021-12-20,4.6,-8.129451,5.574049,6774451358.2,6774451358.2,1472706817,1472706817,False
2021-12-21,5.06,-8.942396,6.131454,7451896494.02,7451896494.02,1472706817,1472706817,False
2021-12-22,4.55,-8.041087,5.513462,6700816017.35,6700816017.35,1472706817,1472706817,False
2021-12-23,4.35,-7.687633,5.271112,6406274653.95,6406274653.95,1472706817,1472706817,False
2021-12-24,3.92,-6.927706,4.750059,5773010722.64,5773010722.64,1472706817,1472706817,False
2021-12-27,3.57,-6.309161,4.325947,5257563336.69,5257563336.69,1472706817,1472706817,False
2021-12-28,3.47,-6.132434,4.204772,5110292654.99,5110292654.99,1472706817,1472706817,False
2021-12-29,3.53,-6.23847,4.277477,5198655064.01,5198655064.01,1472706817,1472706817,False
2021-12-30,3.58,-6.326834,4.338064,5272290404.86,5272290404.86,1472706817,1472706817,False
2021-12-31,3.41,-6.026397,4.132067,5021930245.97,5021930245.97,1472706817,1472706817,False
2022-01-04,3.35,-5.920361,4.059362,4933567836.95,4933567836.95,1472706817,1472706817,False
2022-01-05,3.53,-6.23847,4.277477,5198655064.01,5198655064.01,1472706817,1472706817,False
2022-01-06,3.3,-5.831997,3.998774,4859932496.1,4859932496.1,1472706817,1472706817,False
2022-01-07,3.1,-5.478543,3.756424,4565391132.7,4565391132.7,1472706817,1472706817,False
2022-01-10,3.15,-5.566907,3.817012,4639026473.55,4639026473.55,1472706817,1472706817,False
2022-01-11,3.16,-5.584579,3.829129,4653753541.72,4653753541.72,1472706817,1472706817,False
2022-01-12,3.19,-5.637597,3.865482,4697934746.23,4697934746.23,1472706817,1472706817,False
2022-01-13,3.19,-5.637597,3.865482,4697934746.23,4697934746.23,1472706817,1472706817,False
2022-01-14,3.11,-5.496216,3.768542,4580118200.87,4580118200.87,1472706817,1472706817,False
2022-01-17,3.08,-5.443198,3.732189,4535936996.36,4535936996.36,1472706817,1472706817,False
2022-01-18,3.1,-5.478543,3.756424,4565391132.7,4565391132.7,1472706817,1472706817,False
2022-01-19,3.02,-5.337161,3.659484,4447574587.34,4447574587.34,1472706817,1472706817,False
2022-01-20,3.24,-5.725961,3.926069,4771570087.08,4771570087.08,1472706817,1472706817,False
2022-01-21,3.06,-5.407852,3.707954,4506482860.02,4506482860.02,1472706817,1472706817,False
2022-01-24,3.06,-5.407852,3.707954,4506482860.02,4506482860.02,1472706817,1472706817,False
2022-01-25,2.8,-4.948361,3.3929,4123579087.6,4123579087.6,1472706817,1472706817,False
2022-01-26,2.88,-5.089743,3.48984,4241395632.96,4241395632.96,1472706817,1472706817,False
2022-01-27,2.71,-4.789307,3.283842,3991035474.07,3991035474.07,1472706817,1472706817,False
2022-01-28,2.98,-5.26647,3.611014,4388666314.66,4388666314.66,1472706817,1472706817,False
2022-02-07,2.97,-5.248798,3.598897,4373939246.49,4373939246.49,1472706817,1472706817,False
2022-02-08,3.03,-5.354834,3.671602,4462301655.51,4462301655.51,1472706817,1472706817,False
2022-02-09,3.14,-5.549234,3.804894,4624299405.38,4624299405.38,1472706817,1472706817,False
2022-02-10,3.09,-5.46087,3.744307,4550664064.53,4550664064.53,1472706817,1472706817,False
2022-02-11,2.96,-5.231125,3.58678,4359212178.32,4359212178.32,1472706817,1472706817,False
2022-02-14,2.91,-5.142761,3.526192,4285576837.47,4285576837.47,1472706817,1472706817,False
2022-02-15,2.87,-5.07207,3.477722,4226668564.79,4226668564.79,1472706817,1472706817,False
2022-02-16,2.9,-5.125089,3.514075,4270849769.3,4270849769.3,1472706817,1472706817,False
2022-02-17,2.87,-5.07207,3.477722,4226668564.79,4226668564.79,1472706817,1472706817,False
2022-02-18,2.91,-5.142761,3.526192,4285576837.47,4285576837.47,1472706817,1472706817,False
2022-02-21,2.94,-5.19578,3.562545,4329758041.98,4329758041.98,1472706817,1472706817,False
2022-02-22,2.87,-5.07207,3.477722,4226668564.79,4226668564.79,1472706817,1472706817,False
2022-02-23,2.9,-5.125089,3.514075,4270849769.3,4270849769.3,1472706817,1472706817,False
2022-02-24,3.19,-5.637597,3.865482,4697934746.23,4697934746.23,1472706817,1472706817,False
2022-02-25,3.51,-6.203125,4.253242,5169200927.67,5169200927.67,1472706817,1472706817,False
2022-02-28,3.52,-6.220797,4.265359,5183927995.84,5183927995.84,1472706817,1472706817,False
2022-03-01,3.32,-5.867343,4.023009,4889386632.44,4889386632.44,1472706817,1472706817,False
2022-03-02,3.3,-5.831997,3.998774,4859932496.1,4859932496.1,1472706817,1472706817,False
2022-03-03,3.26,-5.761307,3.950304,4801024223.42,4801024223.42,1472706817,1472706817,False
2022-03-04,3.43,-6.061743,4.156302,5051384382.31,5051384382.31,1472706817,1472706817,False
2022-03-07,3.3,-5.831997,3.998774,4859932496.1,4859932496.1,1472706817,1472706817,False
2022-03-08,3.05,-5.390179,3.695837,4491755791.85,4491755791.85,1472706817,1472706817,False
2022-03-09,3.36,-5.938034,4.071479,4948294905.12,4948294905.12,1472706817,1472706817,False
2022-03-10,3.7,-6.538906,4.483474,5449015222.9,5449015222.9,1472706817,1472706817,False
2022-03-11,3.7,-6.538906,4.483474,5449015222.9,5449015222.9,1472706817,1472706817,False
2022-03-14,3.41,-6.026397,4.132067,5021930245.97,5021930245.97,1472706817,1472706817,False
2022-03-15,3.75,-6.62727,4.544062,5522650563.75,5522650563.75,1472706817,1472706817,False
2022-03-16,4.13,-7.298833,5.004527,6082279154.21,6082279154.21,1472706817,1472706817,False
2022-03-17,3.99,-7.051415,4.834882,5876100199.83,5876100199.83,1472706817,1472706817,False
2022-03-18,4.04,-7.139779,4.895469,5949735540.68,5949735540.68,1472706817,1472706817,False
2022-03-21,4.06,-7.175124,4.919704,5979189677.02,5979189677.02,1472706817,1472706817,False
2022-03-22,3.87,-6.839342,4.689472,5699375381.79,5699375381.79,1472706817,1472706817,False
2022-03-23,3.96,-6.998397,4.798529,5831918995.32,5831918995.32,1472706817,1472706817,False
2022-03-24,3.72,-6.574252,4.507709,5478469359.24,5478469359.24,1472706817,1472706817,False
2022-03-25,3.51,-6.203125,4.253242,5169200927.67,5169200927.67,1472706817,1472706817,False
2022-03-28,3.74,-6.609597,4.531944,5507923495.58,5507923495.58,1472706817,1472706817,False
2022-03-29,3.61,-6.379852,4.374417,5316471609.37,5316471609.37,1472706817,1472706817,False
2022-03-30,3.57,-6.309161,4.325947,5257563336.69,5257563336.69,1472706817,1472706817,False
2022-03-31,3.44,-6.079415,4.168419,5066111450.48,5066111450.48,1472706817,1472706817,False
2022-04-01,3.55,-6.273815,4.301712,5228109200.35,5228109200.35,1472706817,1472706817,False
2022-04-06,3.51,-6.203125,4.253242,5169200927.67,5169200927.67,1472706817,1472706817,False
2022-04-07,3.33,-5.885016,4.035127,4904113700.61,4904113700.61,1472706817,1472706817,False
2022-04-08,3.22,-2.46985,23.748669,4742115950.74,4742115950.74,1472706817,1472706817,False
2022-04-11,3.09,-2.370136,22.789872,4550664064.53,4550664064.53,1472706817,1472706817,False
2022-04-12,3.14,-2.408487,23.15864,4624299405.38,4624299405.38,1472706817,1472706817,False
2022-04-13,3.11,-2.385476,22.937379,4580118200.87,4580118200.87,1472706817,1472706817,False
2022-04-14,3.2,-2.45451,23.601162,4712661814.4,4712661814.4,1472706817,1472706817,False
2022-04-15,3.22,-2.46985,23.748669,4742115950.74,4742115950.74,1472706817,1472706817,False
2022-04-18,3.17,-2.431499,23.379901,4668480609.89,4668480609.89,1472706817,1472706817,False
2022-04-19,3.21,-2.46218,23.674915,4727388882.57,4727388882.57,1472706817,1472706817,False
2022-04-20,3.41,-2.615587,25.149988,5021930245.97,5021930245.97,1472706817,1472706817,False
2022-04-21,3.11,-2.385476,22.937379,4580118200.87,4580118200.87,1472706817,1472706817,False
2022-04-22,3.2,-2.45451,23.601162,4712661814.4,4712661814.4,1472706817,1472706817,False
2022-04-25,2.91,-2.23207,21.462306,4285576837.47,4285576837.47,1472706817,1472706817,False
2022-04-26,2.62,-2.00963,19.323451,3858491860.54,3858491860.54,1472706817,1472706817,False
2022-04-27,2.8,-2.147696,20.651016,4123579087.6,4123579087.6,1472706817,1472706817,False
2022-04-28,2.67,-1.620494,-14.523648,3932127201.39,3932127201.39,1472706817,1472706817,False
2022-04-29,2.76,-1.675117,-15.013209,4064670814.92,4064670814.92,1472706817,1472706817,False
2022-05-05,2.82,-1.711533,-15.339584,4153033223.94,4153033223.94,1472706817,1472706817,False
2022-05-06,2.73,-1.656909,-14.850022,4020489610.41,4020489610.41,1472706817,1472706817,False
2022-05-09,2.79,-1.693325,-15.176397,4108852019.43,4108852019.43,1472706817,1472706817,False
2022-05-10,2.88,-1.747948,-15.665958,4241395632.96,4241395632.96,1472706817,1472706817,False
2022-05-11,3.17,-1.923957,-17.243433,4668480609.89,4668480609.89,1472706817,1472706817,False
2022-05-12,3.34,-2.027134,-18.168159,4918840768.78,4918840768.78,1472706817,1472706817,False
2022-05-13,3.15,-1.911818,-17.134641,4639026473.55,4639026473.55,1472706817,1472706817,False
2022-05-16,3.11,-1.887541,-16.917058,4580118200.87,4580118200.87,1472706817,1472706817,False
2022-05-17,3.08,-1.869334,-16.753871,4535936996.36,4535936996.36,1472706817,1472706817,False
2022-05-18,3.13,-1.89968,-17.02585,4609572337.21,4609572337.21,1472706817,1472706817,False
2022-05-19,3.17,-1.923957,-17.243433,4668480609.89,4668480609.89,1472706817,1472706817,False
2022-05-20,3.13,-1.89968,-17.02585,4609572337.21,4609572337.21,1472706817,1472706817,False
2022-05-23,3.13,-1.89968,-17.02585,4609572337.21,4609572337.21,1472706817,1472706817,False
2022-05-24,2.96,-1.796502,-16.101123,4359212178.32,4359212178.32,1472706817,1472706817,False
2022-05-25,3.08,-1.869334,-16.753871,4535936996.36,4535936996.36,1472706817,1472706817,False
2022-05-26,3.07,-1.863264,-16.699476,4521209928.19,4521209928.19,1472706817,1472706817,False
2022-05-27,3.05,-1.851126,-16.590684,4491755791.85,4491755791.85,1472706817,1472706817,False
2022-05-30,3.22,-1.954303,-17.515411,4742115950.74,4742115950.74,1472706817,1472706817,False
2022-05-31,3.19,-1.936095,-17.352224,4697934746.23,4697934746.23,1472706817,1472706817,False
2022-06-01,3.17,-1.923957,-17.243433,4668480609.89,4668480609.89,1472706817,1472706817,False
2022-06-02,3.11,-1.887541,-16.917058,4580118200.87,4580118200.87,1472706817,1472706817,False
2022-06-06,3.1,-1.881472,-16.862663,4565391132.7,4565391132.7,1472706817,1472706817,False
2022-06-07,3.08,-1.869334,-16.753871,4535936996.36,4535936996.36,1472706817,1472706817,False
2022-06-08,3.18,-1.930026,-17.297828,4683207678.06,4683207678.06,1472706817,1472706817,False
2022-06-09,3.06,-1.857195,-16.64508,4506482860.02,4506482860.02,1472706817,1472706817,False
2022-06-10,3.1,-1.881472,-16.862663,4565391132.7,4565391132.7,1472706817,1472706817,False
2022-06-13,3.05,-1.851126,-16.590684,4491755791.85,4491755791.85,1472706817,1472706817,False
2022-06-14,3.08,-1.869334,-16.753871,4535936996.36,4535936996.36,1472706817,1472706817,False
2022-06-15,3.04,-1.845056,-16.536289,4477028723.68,4477028723.68,1472706817,1472706817,False
2022-06-16,3.05,-1.851126,-16.590684,4491755791.85,4491755791.85,1472706817,1472706817,False
2022-06-17,3.04,-1.845056,-16.536289,4477028723.68,4477028723.68,1472706817,1472706817,False
2022-06-20,3.11,-1.887541,-16.917058,4580118200.87,4580118200.87,1472706817,1472706817,False
2022-06-21,3.42,-2.075689,-18.603325,5036657314.14,5036657314.14,1472706817,1472706817,False
2022-06-22,3.31,-2.008927,-18.004972,4874659564.27,4874659564.27,1472706817,1472706817,False
2022-06-23,3.26,-1.97858,-17.732994,4801024223.42,4801024223.42,1472706817,1472706817,False
2022-06-24,3.23,-1.960373,-17.569807,4756843018.91,4756843018.91,1472706817,1472706817,False
2022-06-27,3.24,-1.966442,-17.624202,4771570087.08,4771570087.08,1472706817,1472706817,False
2022-06-28,3.25,-1.972511,-17.678598,4786297155.25,4786297155.25,1472706817,1472706817,False
2022-06-29,3.17,-1.923957,-17.243433,4668480609.89,4668480609.89,1472706817,1472706817,False
2022-06-30,3.2,-1.942165,-17.40662,4712661814.4,4712661814.4,1472706817,1472706817,False
2022-07-01,3.28,-1.990719,-17.841785,4830478359.76,4830478359.76,1472706817,1472706817,False
2022-07-04,3.35,-2.033204,-18.222555,4933567836.95,4933567836.95,1472706817,1472706817,False
2022-07-05,3.4,-2.06355,-18.494533,5007203177.8,5007203177.8,1472706817,1472706817,False
2022-07-06,3.31,-2.008927,-18.004972,4874659564.27,4874659564.27,1472706817,1472706817,False
2022-07-07,3.34,-2.027134,-18.168159,4918840768.78,4918840768.78,1472706817,1472706817,False
2022-07-08,3.31,-2.008927,-18.004972,4874659564.27,4874659564.27,1472706817,1472706817,False
2022-07-11,3.34,-2.027134,-18.168159,4918840768.78,4918840768.78,1472706817,1472706817,False
2022-07-12,3.23,-1.960373,-17.569807,4756843018.91,4756843018.91,1472706817,1472706817,False
2022-07-13,3.28,-1.990719,-17.841785,4830478359.76,4830478359.76,1472706817,1472706817,False
2022-07-14,3.16,-1.917888,-17.189037,4653753541.72,4653753541.72,1472706817,1472706817,False
2022-07-15,2.98,-1.808641,-16.209915,4388666314.66,4388666314.66,1472706817,1472706817,False
2022-07-18,3.1,-1.881472,-16.862663,4565391132.7,4565391132.7,1472706817,1472706817,False
2022-07-19,3.07,-1.863264,-16.699476,4521209928.19,4521209928.19,1472706817,1472706817,False
2022-07-20,3.08,-1.869334,-16.753871,4535936996.36,4535936996.36,1472706817,1472706817,False
2022-07-21,3.04,-1.845056,-16.536289,4477028723.68,4477028723.68,1472706817,1472706817,False
2022-07-22,3.05,-1.851126,-16.590684,4491755791.85,4491755791.85,1472706817,1472706817,False
2022-07-25,3.0,-1.820779,-16.318706,4418120451.0,4418120451.0,1472706817,1472706817,False
2022-07-26,3.03,-1.838987,-16.481893,4462301655.51,4462301655.51,1472706817,1472706817,False
2022-07-27,3.02,-1.832918,-16.427497,4447574587.34,4447574587.34,1472706817,1472706817,False
2022-07-28,3.01,-1.826849,-16.373102,4432847519.17,4432847519.17,1472706817,1472706817,False
2022-07-29,3.01,-1.826849,-16.373102,4432847519.17,4432847519.17,1472706817,1472706817,False
2022-08-01,2.98,-1.808641,-16.209915,4388666314.66,4388666314.66,1472706817,1472706817,False
2022-08-02,2.83,-1.717602,-15.393979,4167760292.11,4167760292.11,1472706817,1472706817,False
2022-08-03,2.79,-1.693325,-15.176397,4108852019.43,4108852019.43,1472706817,1472706817,False
2022-08-04,2.83,-1.717602,-15.393979,4167760292.11,4167760292.11,1472706817,1472706817,False
2022-08-05,2.85,-1.72974,-15.502771,4197214428.45,4197214428.45,1472706817,1472706817,False
2022-08-08,2.89,-1.754018,-15.720353,4256122701.13,4256122701.13,1472706817,1472706817,False
2022-08-09,2.88,-1.747948,-15.665958,4241395632.96,4241395632.96,1472706817,1472706817,False
2022-08-10,2.87,-1.741879,-15.611562,4226668564.79,4226668564.79,1472706817,1472706817,False
2022-08-11,2.89,-1.754018,-15.720353,4256122701.13,4256122701.13,1472706817,1472706817,False
2022-08-12,3.18,-1.930026,-17.297828,4683207678.06,4683207678.06,1472706817,1472706817,False
2022-08-15,3.19,-1.936095,-17.352224,4697934746.23,4697934746.23,1472706817,1472706817,False
2022-08-16,3.15,-1.911818,-17.134641,4639026473.55,4639026473.55,1472706817,1472706817,False
2022-08-17,3.2,-1.942165,-17.40662,4712661814.4,4712661814.4,1472706817,1472706817,False
2022-08-18,3.13,-1.89968,-17.02585,4609572337.21,4609572337.21,1472706817,1472706817,False
2022-08-19,3.23,-1.960373,-17.569807,4756843018.91,4756843018.91,1472706817,1472706817,False
2022-08-22,3.18,-1.930026,-17.297828,4683207678.06,4683207678.06,1472706817,1472706817,False
2022-08-23,3.19,-1.936095,-17.352224,4697934746.23,4697934746.23,1472706817,1472706817,False
2022-08-24,3.08,-1.869334,-16.753871,4535936996.36,4535936996.36,1472706817,1472706817,False
2022-08-25,3.1,-1.881472,-16.862663,4565391132.7,4565391132.7,1472706817,1472706817,False
2022-08-26,3.08,-1.907485,-8.10481,4535936996.36,4535936996.36,1472706817,1472706817,False
2022-08-29,3.09,-1.913678,-8.131125,4550664064.53,4550664064.53,1472706817,1472706817,False
2022-08-30,3.05,-1.888905,-8.025867,4491755791.85,4491755791.85,1472706817,1472706817,False
2022-08-31,2.96,-1.833167,-7.789038,4359212178.32,4359212178.32,1472706817,1472706817,False
2022-09-01,2.89,-1.789815,-7.604838,4256122701.13,4256122701.13,1472706817,1472706817,False
2022-09-02,2.96,-1.833167,-7.789038,4359212178.32,4359212178.32,1472706817,1472706817,False
2022-09-05,3.02,-1.870326,-7.946924,4447574587.34,4447574587.34,1472706817,1472706817,False
2022-09-06,3.08,-1.907485,-8.10481,4535936996.36,4535936996.36,1472706817,1472706817,False
2022-09-07,3.18,-1.969416,-8.367953,4683207678.06,4683207678.06,1472706817,1472706817,False
2022-09-08,3.15,-1.950837,-8.28901,4639026473.55,4639026473.55,1472706817,1472706817,False
2022-09-09,3.13,-1.93845,-8.236382,4609572337.21,4609572337.21,1472706817,1472706817,False
2022-09-13,3.05,-1.888905,-8.025867,4491755791.85,4491755791.85,1472706817,1472706817,False
2022-09-14,2.99,-1.851746,-7.867981,4403393382.83,4403393382.83,1472706817,1472706817,False
2022-09-15,2.95,-1.826974,-7.762724,4344485110.15,4344485110.15,1472706817,1472706817,False
2022-09-16,2.87,-1.777429,-7.55221,4226668564.79,4226668564.79,1472706817,1472706817,False
2022-09-19,2.81,-1.74027,-7.394324,4138306155.77,4138306155.77,1472706817,1472706817,False
2022-09-20,2.88,-1.783622,-7.578524,4241395632.96,4241395632.96,1472706817,1472706817,False
2022-09-21,2.91,-1.802201,-7.657467,4285576837.47,4285576837.47,1472706817,1472706817,False
2022-09-22,2.89,-1.789815,-7.604838,4256122701.13,4256122701.13,1472706817,1472706817,False
2022-09-23,2.84,-1.758849,-7.473267,4182487360.28,4182487360.28,1472706817,1472706817,False
2022-09-26,2.78,-1.721691,-7.315381,4094124951.26,4094124951.26,1472706817,1472706817,False
2022-09-27,2.85,-1.765043,-7.499581,4197214428.45,4197214428.45,1472706817,1472706817,False
2022-09-28,2.78,-1.721691,-7.315381,4094124951.26,4094124951.26,1472706817,1472706817,False
2022-09-29,2.7,-1.672146,-7.104866,3976308405.9,3976308405.9,1472706817,1472706817,False
2022-09-30,2.71,-1.678339,-7.13118,3991035474.07,3991035474.07,1472706817,1472706817,False
2022-10-10,2.65,-1.64118,-6.973295,3902673065.05,3902673065.05,1472706817,1472706817,False
2022-10-11,2.72,-1.684532,-7.157495,4005762542.24,4005762542.24,1472706817,1472706817,False
2022-10-12,2.75,-1.703111,-7.236438,4049943746.75,4049943746.75,1472706817,1472706817,False
2022-10-13,2.83,-1.752656,-7.446952,4167760292.11,4167760292.11,1472706817,1472706817,False
2022-10-14,2.84,-1.758849,-7.473267,4182487360.28,4182487360.28,1472706817,1472706817,False
2022-10-17,2.85,-1.765043,-7.499581,4197214428.45,4197214428.45,1472706817,1472706817,False
2022-10-18,2.83,-1.752656,-7.446952,4167760292.11,4167760292.11,1472706817,1472706817,False
2022-10-19,2.78,-1.721691,-7.315381,4094124951.26,4094124951.26,1472706817,1472706817,False
2022-10-20,2.77,-1.715498,-7.289066,4079397883.09,4079397883.09,1472706817,1472706817,False
2022-10-21,2.8,-1.734077,-7.368009,4123579087.6,4123579087.6,1472706817,1472706817,False
2022-10-24,2.72,-1.684532,-7.157495,4005762542.24,4005762542.24,1472706817,1472706817,False
2022-10-25,2.7,-1.672146,-7.104866,3976308405.9,3976308405.9,1472706817,1472706817,False
2022-10-26,2.72,-1.684532,-7.157495,4005762542.24,4005762542.24,1472706817,1472706817,False
2022-10-27,2.69,-1.665952,-7.078552,3961581337.73,3961581337.73,1472706817,1472706817,False
2022-10-28,2.64,-1.686957,-3.588192,3887945996.88,3887945996.88,1472706817,1472706817,False
2022-10-31,2.58,-1.648617,-3.506642,3799583587.86,3799583587.86,1472706817,1472706817,False
2022-11-01,2.63,-1.680567,-3.5746,3873218928.71,3873218928.71,1472706817,1472706817,False
2022-11-02,2.64,-1.686957,-3.588192,3887945996.88,3887945996.88,1472706817,1472706817,False
2022-11-03,2.63,-1.680567,-3.5746,3873218928.71,3873218928.71,1472706817,1472706817,False
2022-11-04,2.67,-1.706127,-3.628967,3932127201.39,3932127201.39,1472706817,1472706817,False
2022-11-07,2.73,-1.744467,-3.710517,4020489610.41,4020489610.41,1472706817,1472706817,False
2022-11-08,2.72,-1.738077,-3.696925,4005762542.24,4005762542.24,1472706817,1472706817,False
2022-11-09,2.75,-1.757247,-3.7377,4049943746.75,4049943746.75,1472706817,1472706817,False
2022-11-10,2.76,-1.763637,-3.751291,4064670814.92,4064670814.92,1472706817,1472706817,False
2022-11-11,2.77,-1.770027,-3.764883,4079397883.09,4079397883.09,1472706817,1472706817,False
2022-11-14,2.73,-1.744467,-3.710517,4020489610.41,4020489610.41,1472706817,1472706817,False
2022-11-15,2.79,-1.782807,-3.792066,4108852019.43,4108852019.43,1472706817,1472706817,False
2022-11-16,2.8,-1.789197,-3.805658,4123579087.6,4123579087.6,1472706817,1472706817,False
2022-11-17,2.79,-1.782807,-3.792066,4108852019.43,4108852019.43,1472706817,1472706817,False
2022-11-18,2.76,-1.763637,-3.751291,4064670814.92,4064670814.92,1472706817,1472706817,False
2022-11-21,2.74,-1.750857,-3.724108,4035216678.58,4035216678.58,1472706817,1472706817,False
2022-11-22,2.73,-1.744467,-3.710517,4020489610.41,4020489610.41,1472706817,1472706817,False
2022-11-23,2.85,-1.821147,-3.873616,4197214428.45,4197214428.45,1472706817,1472706817,False
2022-11-24,2.77,-1.770027,-3.764883,4079397883.09,4079397883.09,1472706817,1472706817,False
2022-11-25,2.79,-1.782807,-3.792066,4108852019.43,4108852019.43,1472706817,1472706817,False
2022-11-28,2.83,-1.808367,-3.846433,4167760292.11,4167760292.11,1472706817,1472706817,False
2022-11-29,2.83,-1.808367,-3.846433,4167760292.11,4167760292.11,1472706817,1472706817,False
2022-11-30,2.86,-1.827537,-3.887208,4211941496.62,4211941496.62,1472706817,1472706817,False
2022-12-01,2.85,-1.821147,-3.873616,4197214428.45,4197214428.45,1472706817,1472706817,False
2022-12-02,2.86,-1.827537,-3.887208,4211941496.62,4211941496.62,1472706817,1472706817,False
2022-12-05,2.89,-1.846707,-3.927983,4256122701.13,4256122701.13,1472706817,1472706817,False
2022-12-06,2.85,-1.821147,-3.873616,4197214428.45,4197214428.45,1472706817,1472706817,False
2022-12-07,2.83,-1.808367,-3.846433,4167760292.11,4167760292.11,1472706817,1472706817,False
2022-12-08,2.81,-1.795587,-3.81925,4138306155.77,4138306155.77,1472706817,1472706817,False
2022-12-09,2.79,-1.782807,-3.792066,4108852019.43,4108852019.43,1472706817,1472706817,False
2022-12-12,2.76,-1.763637,-3.751291,4064670814.92,4064670814.92,1472706817,1472706817,False
2022-12-13,2.77,-1.770027,-3.764883,4079397883.09,4079397883.09,1472706817,1472706817,False
2022-12-14,2.77,-1.770027,-3.764883,4079397883.09,4079397883.09,1472706817,1472706817,False
2022-12-15,2.73,-1.744467,-3.710517,4020489610.41,4020489610.41,1472706817,1472706817,False
2022-12-16,2.72,-1.738077,-3.696925,4005762542.24,4005762542.24,1472706817,1472706817,False
2022-12-19,2.64,-1.686957,-3.588192,3887945996.88,3887945996.88,1472706817,1472706817,False
2022-12-20,2.67,-1.706127,-3.628967,3932127201.39,3932127201.39,1472706817,1472706817,False
2022-12-21,2.66,-1.699737,-3.615375,3917400133.22,3917400133.22,1472706817,1472706817,False
2022-12-22,2.61,-1.667787,-3.547417,3843764792.37,3843764792.37,1472706817,1472706817,False
2022-12-23,2.59,-1.655007,-3.520234,3814310656.03,3814310656.03,1472706817,1472706817,False
2022-12-26,2.64,-1.686957,-3.588192,3887945996.88,3887945996.88,1472706817,1472706817,False
2022-12-27,2.65,-1.693347,-3.601783,3902673065.05,3902673065.05,1472706817,1472706817,False
2022-12-28,2.92,-1.865877,-3.968758,4300303905.64,4300303905.64,1472706817,1472706817,False
2022-12-29,2.83,-1.808367,-3.846433,4167760292.11,4167760292.11,1472706817,1472706817,False
2022-12-30,2.89,-1.846707,-3.927983,4256122701.13,4256122701.13,1472706817,1472706817,False
2023-01-03,2.89,-1.846707,-3.927983,4256122701.13,4256122701.13,1472706817,1472706817,False
2023-01-04,2.9,-1.853097,-3.941574,4270849769.3,4270849769.3,1472706817,1472706817,False
2023-01-05,2.86,-1.827537,-3.887208,4211941496.62,4211941496.62,1472706817,1472706817,False
2023-01-06,2.82,-1.801977,-3.832841,4153033223.94,4153033223.94,1472706817,1472706817,False
2023-01-09,2.8,-1.789197,-3.805658,4123579087.6,4123579087.6,1472706817,1472706817,False
2023-01-10,2.78,-1.776417,-3.778475,4094124951.26,4094124951.26,1472706817,1472706817,False
2023-01-11,2.73,-1.744467,-3.710517,4020489610.41,4020489610.41,1472706817,1472706817,False
2023-01-12,2.69,-1.718907,-3.65615,3961581337.73,3961581337.73,1472706817,1472706817,False
2023-01-13,2.7,-1.725297,-3.669742,3976308405.9,3976308405.9,1472706817,1472706817,False
2023-01-16,2.73,-1.744467,-3.710517,4020489610.41,4020489610.41,1472706817,1472706817,False
2023-01-17,2.69,-1.718907,-3.65615,3961581337.73,3961581337.73,1472706817,1472706817,False
2023-01-18,2.7,-1.725297,-3.669742,3976308405.9,3976308405.9,1472706817,1472706817,False
2023-01-19,2.7,-1.725297,-3.669742,3976308405.9,3976308405.9,1472706817,1472706817,False
2023-01-20,2.74,-1.750857,-3.724108,4035216678.58,4035216678.58,1472706817,1472706817,False
2023-01-30,2.75,-1.757247,-3.7377,4049943746.75,4049943746.75,1472706817,1472706817,False
2023-01-31,2.7,-1.725297,-3.669742,3976308405.9,3976308405.9,1472706817,1472706817,False
2023-02-01,2.7,-1.725297,-3.669742,3976308405.9,3976308405.9,1472706817,1472706817,False
2023-02-02,2.69,-1.718907,-3.65615,3961581337.73,3961581337.73,1472706817,1472706817,False
2023-02-03,2.68,-1.712517,-3.642558,3946854269.56,3946854269.56,1472706817,1472706817,False
2023-02-06,2.67,-1.706127,-3.628967,3932127201.39,3932127201.39,1472706817,1472706817,False
2023-02-07,2.68,-1.712517,-3.642558,3946854269.56,3946854269.56,1472706817,1472706817,False
2023-02-08,2.65,-1.693347,-3.601783,3902673065.05,3902673065.05,1472706817,1472706817,False
2023-02-09,2.64,-1.686957,-3.588192,3887945996.88,3887945996.88,1472706817,1472706817,False
2023-02-10,2.68,-1.712517,-3.642558,3946854269.56,3946854269.56,1472706817,1472706817,False
2023-02-13,2.69,-1.718907,-3.65615,3961581337.73,3961581337.73,1472706817,1472706817,False
2023-02-14,2.69,-1.718907,-3.65615,3961581337.73,3961581337.73,1472706817,1472706817,False
2023-02-15,2.66,-1.699737,-3.615375,3917400133.22,3917400133.22,1472706817,1472706817,False
2023-02-16,2.6,-1.661397,-3.533825,3829037724.2,3829037724.2,1472706817,1472706817,False
2023-02-17,2.61,-1.667787,-3.547417,3843764792.37,3843764792.37,1472706817,1472706817,False
2023-02-20,2.62,-1.674177,-3.561009,3858491860.54,3858491860.54,1472706817,1472706817,False
2023-02-21,2.63,-1.680567,-3.5746,3873218928.71,3873218928.71,1472706817,1472706817,False
2023-02-22,2.63,-1.680567,-3.5746,3873218928.71,3873218928.71,1472706817,1472706817,False
2023-02-23,2.61,-1.667787,-3.547417,3843764792.37,3843764792.37,1472706817,1472706817,False
2023-02-24,2.61,-1.667787,-3.547417,3843764792.37,3843764792.37,1472706817,1472706817,False
2023-02-27,2.53,-1.616667,-3.438684,3725948247.01,3725948247.01,1472706817,1472706817,False
2023-02-28,2.53,-1.616667,-3.438684,3725948247.01,3725948247.01,1472706817,1472706817,False
2023-03-01,2.52,-1.610277,-3.425092,3711221178.84,3711221178.84,1472706817,1472706817,False
2023-03-02,2.55,-1.629447,-3.465867,3755402383.35,3755402383.35,1472706817,1472706817,False
2023-03-03,2.59,-1.655007,-3.520234,3814310656.03,3814310656.03,1472706817,1472706817,False
2023-03-06,2.56,-1.635837,-3.479459,3770129451.52,3770129451.52,1472706817,1472706817,False
2023-03-07,2.58,-1.648617,-3.506642,3799583587.86,3799583587.86,1472706817,1472706817,False
2023-03-08,2.56,-1.635837,-3.479459,3770129451.52,3770129451.52,1472706817,1472706817,False
2023-03-09,2.55,-1.629447,-3.465867,3755402383.35,3755402383.35,1472706817,1472706817,False
2023-03-10,2.53,-1.616667,-3.438684,3725948247.01,3725948247.01,1472706817,1472706817,False
2023-03-13,2.51,-1.603887,-3.411501,3696494110.67,3696494110.67,1472706817,1472706817,False
2023-03-14,2.48,-1.584717,-3.370726,3652312906.16,3652312906.16,1472706817,1472706817,False
2023-03-15,2.59,-1.655007,-3.520234,3814310656.03,3814310656.03,1472706817,1472706817,False
2023-03-16,2.52,-1.610277,-3.425092,3711221178.84,3711221178.84,1472706817,1472706817,False
2023-03-17,2.52,-1.610277,-3.425092,3711221178.84,3711221178.84,1472706817,1472706817,False
2023-03-20,2.59,-1.655007,-3.520234,3814310656.03,3814310656.03,1472706817,1472706817,False
2023-03-21,2.56,-1.635837,-3.479459,3770129451.52,3770129451.52,1472706817,1472706817,False
2023-03-22,2.53,-1.616667,-3.438684,3725948247.01,3725948247.01,1472706817,1472706817,False
2023-03-23,2.52,-1.610277,-3.425092,3711221178.84,3711221178.84,1472706817,1472706817,False
2023-03-24,2.51,-1.603887,-3.411501,3696494110.67,3696494110.67,1472706817,1472706817,False
2023-03-27,2.5,-1.597497,-3.397909,3681767042.5,3681767042.5,1472706817,1472706817,False
2023-03-28,2.48,-1.584717,-3.370726,3652312906.16,3652312906.16,1472706817,1472706817,False
2023-03-29,2.47,-1.578327,-3.357134,3637585837.99,3637585837.99,1472706817,1472706817,False
2023-03-30,2.47,-1.578327,-3.357134,3637585837.99,3637585837.99,1472706817,1472706817,False
2023-03-31,2.34,-1.495257,-3.180443,3446133951.78,3446133951.78,1472706817,1472706817,False
2023-04-03,2.33,-1.488867,-3.166851,3431406883.61,3431406883.61,1472706817,1472706817,False
2023-04-04,2.28,-1.456917,-3.098893,3357771542.76,3357771542.76,1472706817,1472706817,False
2023-04-06,2.28,-1.456917,-3.098893,3357771542.76,3357771542.76,1472706817,1472706817,False
2023-04-07,2.28,-1.456917,-3.098893,3357771542.76,3357771542.76,1472706817,1472706817,False
2023-04-10,2.33,-1.488867,-3.166851,3431406883.61,3431406883.61,1472706817,1472706817,False
2023-04-11,2.29,-1.463307,-3.112485,3372498610.93,3372498610.93,1472706817,1472706817,False
2023-04-12,2.31,-1.476087,-3.139668,3401952747.27,3401952747.27,1472706817,1472706817,False
2023-04-13,2.34,-1.495257,-3.180443,3446133951.78,3446133951.78,1472706817,1472706817,False
2023-04-14,2.35,-1.501647,-3.194034,3460861019.95,3460861019.95,1472706817,1472706817,False
2023-04-17,2.33,-1.488867,-3.166851,3431406883.61,3431406883.61,1472706817,1472706817,False
2023-04-18,2.31,-1.476087,-3.139668,3401952747.27,3401952747.27,1472706817,1472706817,False
2023-04-19,2.28,-1.456917,-3.098893,3357771542.76,3357771542.76,1472706817,1472706817,False
2023-04-20,2.21,-1.412188,-3.003752,3254682065.57,3254682065.57,1472706817,1472706817,False
2023-04-24,2.1,-1.724276,-1.516245,3092684315.7,3092684315.7,1472706817,1472706817,True
2023-04-25,2.0,-1.642167,-1.444043,2945413634.0,2945413634.0,1472706817,1472706817,True
2023-04-26,1.95,-1.601113,-1.407941,2871778293.15,2871778293.15,1472706817,1472706817,True
2023-04-27,2.05,-1.683221,-1.480144,3019048974.85,3019048974.85,1472706817,1472706817,True
2023-04-28,2.12,-1.740697,-1.530685,3122138452.04,3122138452.04,1472706817,1472706817,True
2023-05-04,2.12,-1.740697,-1.530685,3122138452.04,3122138452.04,1472706817,1472706817,True
2023-05-05,2.12,-1.740697,-1.530685,3122138452.04,3122138452.04,1472706817,1472706817,True
2023-05-08,2.11,-1.732486,-1.523465,3107411383.87,3107411383.87,1472706817,1472706817,True
2023-05-09,2.08,-1.707854,-1.501804,3063230179.36,3063230179.36,1472706817,1472706817,True
2023-05-10,2.15,-1.76533,-1.552346,3166319656.55,3166319656.55,1472706817,1472706817,True
2023-05-11,2.21,-1.814595,-1.595667,3254682065.57,3254682065.57,1472706817,1472706817,True
2023-05-12,2.23,-1.831016,-1.610107,3284136201.91,3284136201.91,1472706817,1472706817,True
2023-05-15,2.32,-1.904914,-1.675089,3416679815.44,3416679815.44,1472706817,1472706817,True
2023-05-16,2.29,-1.880281,-1.653429,3372498610.93,3372498610.93,1472706817,1472706817,True
2023-05-17,2.27,-1.86386,-1.638988,3343044474.59,3343044474.59,1472706817,1472706817,True
2023-05-18,2.25,-1.847438,-1.624548,3313590338.25,3313590338.25,1472706817,1472706817,True
2023-05-19,2.3,-1.888492,-1.660649,3387225679.1,3387225679.1,1472706817,1472706817,True
2023-05-22,2.29,-1.880281,-1.653429,3372498610.93,3372498610.93,1472706817,1472706817,True
2023-05-23,2.3,-1.888492,-1.660649,3387225679.1,3387225679.1,1472706817,1472706817,True
2023-05-24,2.31,-1.896703,-1.667869,3401952747.27,3401952747.27,1472706817,1472706817,True
2023-05-25,2.37,-1.945968,-1.71119,3490315156.29,3490315156.29,1472706817,1472706817,True
2023-05-26,2.25,-1.847438,-1.624548,3313590338.25,3313590338.25,1472706817,1472706817,True
2023-05-29,2.24,-1.839227,-1.617328,3298863270.08,3298863270.08,1472706817,1472706817,True
2023-05-30,2.27,-1.86386,-1.638988,3343044474.59,3343044474.59,1472706817,1472706817,True
2023-05-31,2.33,-1.913125,-1.68231,3431406883.61,3431406883.61,1472706817,1472706817,True
2023-06-01,2.31,-1.896703,-1.667869,3401952747.27,3401952747.27,1472706817,1472706817,True
2023-06-02,2.33,-1.913125,-1.68231,3431406883.61,3431406883.61,1472706817,1472706817,True
2023-06-05,2.32,-1.904914,-1.675089,3416679815.44,3416679815.44,1472706817,1472706817,True
2023-06-06,2.29,-1.880281,-1.653429,3372498610.93,3372498610.93,1472706817,1472706817,True
2023-06-07,2.31,-1.896703,-1.667869,3401952747.27,3401952747.27,1472706817,1472706817,True
2023-06-08,2.27,-1.86386,-1.638988,3343044474.59,3343044474.59,1472706817,1472706817,True
2023-06-09,2.29,-1.880281,-1.653429,3372498610.93,3372498610.93,1472706817,1472706817,True
2023-06-12,2.31,-1.896703,-1.667869,3401952747.27,3401952747.27,1472706817,1472706817,True
2023-06-13,2.36,-1.937757,-1.70397,3475588088.12,3475588088.12,1472706817,1472706817,True
2023-06-14,2.38,-1.954179,-1.718411,3505042224.46,3505042224.46,1472706817,1472706817,True
2023-06-15,2.44,-2.003444,-1.761732,3593404633.48,3593404633.48,1472706817,1472706817,True
2023-06-16,2.45,-2.011655,-1.768952,3608131701.65,3608131701.65,1472706817,1472706817,True
2023-06-19,2.41,-1.978812,-1.740071,3549223428.97,3549223428.97,1472706817,1472706817,True
2023-06-20,2.38,-1.954179,-1.718411,3505042224.46,3505042224.46,1472706817,1472706817,True
2023-06-21,2.42,-1.987022,-1.747291,3563950497.14,3563950497.14,1472706817,1472706817,True
2023-06-26,2.44,-2.003444,-1.761732,3593404633.48,3593404633.48,1472706817,1472706817,True
2023-06-27,2.46,-2.019866,-1.776172,3622858769.82,3622858769.82,1472706817,1472706817,True
2023-06-28,2.47,-2.028077,-1.783393,3637585837.99,3637585837.99,1472706817,1472706817,True
2023-06-29,2.46,-2.019866,-1.776172,3622858769.82,3622858769.82,1472706817,1472706817,True
2023-06-30,2.45,-2.011655,-1.768952,3608131701.65,3608131701.65,1472706817,1472706817,True
2023-07-03,2.43,-1.995233,-1.754512,3578677565.31,3578677565.31,1472706817,1472706817,True
2023-07-04,2.41,-1.978812,-1.740071,3549223428.97,3549223428.97,1472706817,1472706817,True
2023-07-05,2.44,-2.003444,-1.761732,3593404633.48,3593404633.48,1472706817,1472706817,True
2023-07-06,2.43,-1.995233,-1.754512,3578677565.31,3578677565.31,1472706817,1472706817,True
2023-07-07,2.44,-2.003444,-1.761732,3593404633.48,3593404633.48,1472706817,1472706817,True
2023-07-10,2.44,-2.003444,-1.761732,3593404633.48,3593404633.48,1472706817,1472706817,True
2023-07-11,2.45,-2.011655,-1.768952,3608131701.65,3608131701.65,1472706817,1472706817,True
2023-07-12,2.42,-1.987022,-1.747291,3563950497.14,3563950497.14,1472706817,1472706817,True
2023-07-13,2.41,-1.978812,-1.740071,3549223428.97,3549223428.97,1472706817,1472706817,True
2023-07-14,2.4,-1.970601,-1.732851,3534496360.8,3534496360.8,1472706817,1472706817,True
2023-07-17,2.36,-1.937757,-1.70397,3475588088.12,3475588088.12,1472706817,1472706817,True
2023-07-18,2.39,-1.96239,-1.725631,3519769292.63,3519769292.63,1472706817,1472706817,True
2023-07-19,2.4,-1.970601,-1.732851,3534496360.8,3534496360.8,1472706817,1472706817,True
2023-07-20,2.37,-1.945968,-1.71119,3490315156.29,3490315156.29,1472706817,1472706817,True
2023-07-21,2.4,-1.970601,-1.732851,3534496360.8,3534496360.8,1472706817,1472706817,True
2023-07-24,2.41,-1.978812,-1.740071,3549223428.97,3549223428.97,1472706817,1472706817,True
2023-07-25,2.43,-1.995233,-1.754512,3578677565.31,3578677565.31,1472706817,1472706817,True
2023-07-26,2.43,-1.995233,-1.754512,3578677565.31,3578677565.31,1472706817,1472706817,True
2023-07-27,2.4,-1.970601,-1.732851,3534496360.8,3534496360.8,1472706817,1472706817,True
2023-07-28,2.41,-1.978812,-1.740071,3549223428.97,3549223428.97,1472706817,1472706817,True
2023-07-31,2.44,-2.003444,-1.761732,3593404633.48,3593404633.48,1472706817,1472706817,True
2023-08-01,2.53,-2.077342,-1.826714,3725948247.01,3725948247.01,1472706817,1472706817,True
2023-08-02,2.53,-2.077342,-1.826714,3725948247.01,3725948247.01,1472706817,1472706817,True
2023-08-03,2.54,-2.085552,-1.833934,3740675315.18,3740675315.18,1472706817,1472706817,True
2023-08-04,2.55,-2.093763,-1.841154,3755402383.35,3755402383.35,1472706817,1472706817,True
2023-08-07,2.56,-2.101974,-1.848374,3770129451.52,3770129451.52,1472706817,1472706817,True
2023-08-08,2.57,-2.110185,-1.855595,3784856519.69,3784856519.69,1472706817,1472706817,True
2023-08-09,2.55,-2.093763,-1.841154,3755402383.35,3755402383.35,1472706817,1472706817,True
2023-08-10,2.54,-2.085552,-1.833934,3740675315.18,3740675315.18,1472706817,1472706817,True
2023-08-11,2.5,-2.052709,-1.805053,3681767042.5,3681767042.5,1472706817,1472706817,True
2023-08-14,2.52,-2.069131,-1.819494,3711221178.84,3711221178.84,1472706817,1472706817,True
2023-08-15,2.51,-2.06092,-1.812273,3696494110.67,3696494110.67,1472706817,1472706817,True
2023-08-16,2.53,-2.077342,-1.826714,3725948247.01,3725948247.01,1472706817,1472706817,True
2023-08-17,2.57,-2.110185,-1.855595,3784856519.69,3784856519.69,1472706817,1472706817,True
2023-08-18,2.56,-2.101974,-1.848374,3770129451.52,3770129451.52,1472706817,1472706817,True
2023-08-21,2.5,-2.052709,-1.805053,3681767042.5,3681767042.5,1472706817,1472706817,True
2023-08-22,2.48,-2.036287,-1.790613,3652312906.16,3652312906.16,1472706817,1472706817,True
2023-08-23,2.4,-1.970601,-1.732851,3534496360.8,3534496360.8,1472706817,1472706817,True
2023-08-24,2.44,-2.003444,-1.761732,3593404633.48,3593404633.48,1472706817,1472706817,True
2023-08-25,2.4,-1.970601,-1.732851,3534496360.8,3534496360.8,1472706817,1472706817,True
2023-08-28,2.43,-1.995233,-1.754512,3578677565.31,3578677565.31,1472706817,1472706817,True
2023-08-29,2.49,-2.044498,-1.797833,3667039974.33,3667039974.33,1472706817,1472706817,True
2023-08-30,2.51,-2.06092,-1.812273,3696494110.67,3696494110.67,1472706817,1472706817,True
2023-08-31,2.52,-2.115567,-1.637768,3711221178.84,3711221178.84,1472706817,1472706817,True
2023-09-01,2.52,-2.115567,-1.637768,3711221178.84,3711221178.84,1472706817,1472706817,True
2023-09-04,2.52,-2.115567,-1.637768,3711221178.84,3711221178.84,1472706817,1472706817,True
2023-09-05,2.5,-2.098776,-1.624769,3681767042.5,3681767042.5,1472706817,1472706817,True
2023-09-06,2.5,-2.098776,-1.624769,3681767042.5,3681767042.5,1472706817,1472706817,True
2023-09-07,2.5,-2.098776,-1.624769,3681767042.5,3681767042.5,1472706817,1472706817,True
2023-09-08,2.46,-2.065196,-1.598773,3622858769.82,3622858769.82,1472706817,1472706817,True
2023-09-11,2.48,-2.081986,-1.611771,3652312906.16,3652312906.16,1472706817,1472706817,True
2023-09-12,2.48,-2.081986,-1.611771,3652312906.16,3652312906.16,1472706817,1472706817,True
2023-09-13,2.48,-2.081986,-1.611771,3652312906.16,3652312906.16,1472706817,1472706817,True
2023-09-14,2.51,-2.107172,-1.631268,3696494110.67,3696494110.67,1472706817,1472706817,True
2023-09-15,2.51,-2.107172,-1.631268,3696494110.67,3696494110.67,1472706817,1472706817,True
2023-09-18,2.52,-2.115567,-1.637768,3711221178.84,3711221178.84,1472706817,1472706817,True
2023-09-19,2.54,-2.132357,-1.650766,3740675315.18,3740675315.18,1472706817,1472706817,True
2023-09-20,2.58,-2.165937,-1.676762,3799583587.86,3799583587.86,1472706817,1472706817,True
2023-09-21,2.58,-2.165937,-1.676762,3799583587.86,3799583587.86,1472706817,1472706817,True
2023-09-22,2.57,-2.157542,-1.670263,3784856519.69,3784856519.69,1472706817,1472706817,True
2023-09-25,2.55,-2.140752,-1.657265,3755402383.35,3755402383.35,1472706817,1472706817,True
2023-09-26,2.53,-2.123962,-1.644267,3725948247.01,3725948247.01,1472706817,1472706817,True
2023-09-27,2.56,-2.149147,-1.663764,3770129451.52,3770129451.52,1472706817,1472706817,True
2023-09-28,2.61,-2.191123,-1.696259,3843764792.37,3843764792.37,1472706817,1472706817,True
2023-10-09,2.59,-2.174332,-1.683261,3814310656.03,3814310656.03,1472706817,1472706817,True
2023-10-10,2.62,-2.199518,-1.702758,3858491860.54,3858491860.54,1472706817,1472706817,True
2023-10-11,2.61,-2.191123,-1.696259,3843764792.37,3843764792.37,1472706817,1472706817,True
2023-10-12,2.64,-2.216308,-1.715756,3887945996.88,3887945996.88,1472706817,1472706817,True
2023-10-13,2.57,-2.157542,-1.670263,3784856519.69,3784856519.69,1472706817,1472706817,True
2023-10-16,2.53,-2.123962,-1.644267,3725948247.01,3725948247.01,1472706817,1472706817,True
2023-10-17,2.57,-2.157542,-1.670263,3784856519.69,3784856519.69,1472706817,1472706817,True
2023-10-18,2.51,-2.107172,-1.631268,3696494110.67,3696494110.67,1472706817,1472706817,True
2023-10-19,2.5,-2.098776,-1.624769,3681767042.5,3681767042.5,1472706817,1472706817,True
2023-10-20,2.52,-2.115567,-1.637768,3711221178.84,3711221178.84,1472706817,1472706817,True
2023-10-23,2.41,-2.02322,-1.566278,3549223428.97,3549223428.97,1472706817,1472706817,True
2023-10-24,2.48,-2.081986,-1.611771,3652312906.16,3652312906.16,1472706817,1472706817,True
2023-10-25,2.54,-2.132357,-1.650766,3740675315.18,3740675315.18,1472706817,1472706817,True
2023-10-26,2.57,-2.157542,-1.670263,3784856519.69,3784856519.69,1472706817,1472706817,True
2023-10-27,2.57,2.612538,9.724062,3784856519.69,3784856519.69,1472706817,1472706817,True
2023-10-30,2.59,2.632869,9.799736,3814310656.03,3814310656.03,1472706817,1472706817,True
2023-10-31,2.58,2.622703,9.761899,3799583587.86,3799583587.86,1472706817,1472706817,True
2023-11-01,2.54,2.582041,9.610552,3740675315.18,3740675315.18,1472706817,1472706817,True
2023-11-02,2.54,2.582041,9.610552,3740675315.18,3740675315.18,1472706817,1472706817,True
2023-11-03,2.54,2.582041,9.610552,3740675315.18,3740675315.18,1472706817,1472706817,True
2023-11-06,2.57,2.612538,9.724062,3784856519.69,3784856519.69,1472706817,1472706817,True
2023-11-07,2.55,2.592207,9.648389,3755402383.35,3755402383.35,1472706817,1472706817,True
2023-11-08,2.54,2.582041,9.610552,3740675315.18,3740675315.18,1472706817,1472706817,True
2023-11-09,2.5,2.541379,9.459205,3681767042.5,3681767042.5,1472706817,1472706817,True
2023-11-10,2.51,2.551544,9.497041,3696494110.67,3696494110.67,1472706817,1472706817,True
2023-11-13,2.54,2.582041,9.610552,3740675315.18,3740675315.18,1472706817,1472706817,True
2023-11-14,2.56,2.602372,9.686225,3770129451.52,3770129451.52,1472706817,1472706817,True
2023-11-15,2.56,2.602372,9.686225,3770129451.52,3770129451.52,1472706817,1472706817,True
2023-11-16,2.54,2.582041,9.610552,3740675315.18,3740675315.18,1472706817,1472706817,True
2023-11-17,2.53,2.571875,9.572715,3725948247.01,3725948247.01,1472706817,1472706817,True
2023-11-20,2.55,2.592207,9.648389,3755402383.35,3755402383.35,1472706817,1472706817,True
2023-11-21,2.55,2.592207,9.648389,3755402383.35,3755402383.35,1472706817,1472706817,True
2023-11-22,2.56,2.602372,9.686225,3770129451.52,3770129451.52,1472706817,1472706817,True
2023-11-23,2.6,2.643034,9.837573,3829037724.2,3829037724.2,1472706817,1472706817,True
2023-11-24,2.58,2.622703,9.761899,3799583587.86,3799583587.86,1472706817,1472706817,True
2023-11-27,2.61,2.6532,9.87541,3843764792.37,3843764792.37,1472706817,1472706817,True
2023-11-28,2.62,2.663365,9.913246,3858491860.54,3858491860.54,1472706817,1472706817,True
2023-11-29,2.6,2.643034,9.837573,3829037724.2,3829037724.2,1472706817,1472706817,True
2023-11-30,2.56,2.602372,9.686225,3770129451.52,3770129451.52,1472706817,1472706817,True
2023-12-01,2.58,2.622703,9.761899,3799583587.86,3799583587.86,1472706817,1472706817,True
2023-12-04,2.6,2.643034,9.837573,3829037724.2,3829037724.2,1472706817,1472706817,True
2023-12-05,2.55,2.592207,9.648389,3755402383.35,3755402383.35,1472706817,1472706817,True
2023-12-06,2.56,2.602372,9.686225,3770129451.52,3770129451.52,1472706817,1472706817,True
2023-12-07,2.57,2.612538,9.724062,3784856519.69,3784856519.69,1472706817,1472706817,True
2023-12-08,2.59,2.632869,9.799736,3814310656.03,3814310656.03,1472706817,1472706817,True
2023-12-11,2.59,2.632869,9.799736,3814310656.03,3814310656.03,1472706817,1472706817,True
2023-12-12,2.61,2.6532,9.87541,3843764792.37,3843764792.37,1472706817,1472706817,True
2023-12-13,2.61,2.6532,9.87541,3843764792.37,3843764792.37,1472706817,1472706817,True
2023-12-14,2.61,2.6532,9.87541,3843764792.37,3843764792.37,1472706817,1472706817,True
2023-12-15,2.6,2.643034,9.837573,3829037724.2,3829037724.2,1472706817,1472706817,True
2023-12-18,2.58,2.622703,9.761899,3799583587.86,3799583587.86,1472706817,1472706817,True
2023-12-19,2.58,2.622703,9.761899,3799583587.86,3799583587.86,1472706817,1472706817,True
2023-12-20,2.57,2.612538,9.724062,3784856519.69,3784856519.69,1472706817,1472706817,True
2023-12-21,2.56,2.602372,9.686225,3770129451.52,3770129451.52,1472706817,1472706817,True
2023-12-22,2.5,2.541379,9.459205,3681767042.5,3681767042.5,1472706817,1472706817,True
2023-12-25,2.5,2.541379,9.459205,3681767042.5,3681767042.5,1472706817,1472706817,True
2023-12-26,2.48,2.521048,9.383531,3652312906.16,3652312906.16,1472706817,1472706817,True
2023-12-27,2.5,2.541379,9.459205,3681767042.5,3681767042.5,1472706817,1472706817,True
2023-12-28,2.59,2.632869,9.799736,3814310656.03,3814310656.03,1472706817,1472706817,True
2023-12-29,2.6,2.643034,9.837573,3829037724.2,3829037724.2,1472706817,1472706817,True
2024-01-02,2.61,2.6532,9.87541,3843764792.37,3843764792.37,1472706817,1472706817,True
2024-01-03,2.59,2.632869,9.799736,3814310656.03,3814310656.03,1472706817,1472706817,True
2024-01-04,2.59,2.632869,9.799736,3814310656.03,3814310656.03,1472706817,1472706817,True
2024-01-05,2.6,2.643034,9.837573,3829037724.2,3829037724.2,1472706817,1472706817,True
2024-01-08,2.55,2.592207,9.648389,3755402383.35,3755402383.35,1472706817,1472706817,True
2024-01-09,2.57,2.612538,9.724062,3784856519.69,3784856519.69,1472706817,1472706817,True
2024-01-10,2.61,2.6532,9.87541,3843764792.37,3843764792.37,1472706817,1472706817,True
2024-01-11,2.62,2.663365,9.913246,3858491860.54,3858491860.54,1472706817,1472706817,True
2024-01-12,2.61,2.6532,9.87541,3843764792.37,3843764792.37,1472706817,1472706817,True
2024-01-15,2.61,2.6532,9.87541,3843764792.37,3843764792.37,1472706817,1472706817,True
2024-01-16,2.62,2.663365,9.913246,3858491860.54,3858491860.54,1472706817,1472706817,True
2024-01-17,2.57,2.612538,9.724062,3784856519.69,3784856519.69,1472706817,1472706817,True
2024-01-18,2.57,2.612538,9.724062,3784856519.69,3784856519.69,1472706817,1472706817,True
2024-01-19,2.59,2.632869,9.799736,3814310656.03,3814310656.03,1472706817,1472706817,True
2024-01-22,2.55,2.592207,9.648389,3755402383.35,3755402383.35,1472706817,1472706817,True
2024-01-23,2.58,2.622703,9.761899,3799583587.86,3799583587.86,1472706817,1472706817,True
2024-01-24,2.6,2.643034,9.837573,3829037724.2,3829037724.2,1472706817,1472706817,True
2024-01-25,2.6,2.643034,9.837573,3829037724.2,3829037724.2,1472706817,1472706817,True
2024-01-26,2.73,2.775186,10.329451,4020489610.41,4020489610.41,1472706817,1472706817,True
2024-01-29,2.72,2.76502,10.291615,4005762542.24,4005762542.24,1472706817,1472706817,True
2024-01-30,2.66,2.704027,10.064594,3917400133.22,3917400133.22,1472706817,1472706817,True
2024-01-31,2.53,2.571875,9.572715,3725948247.01,3725948247.01,1472706817,1472706817,True
2024-02-01,2.4,2.439724,9.080836,3534496360.8,3534496360.8,1472706817,1472706817,True
2024-02-02,2.28,2.317738,8.626795,3357771542.76,3357771542.76,1472706817,1472706817,True
2024-02-05,2.17,2.205917,8.21059,3195773792.89,3195773792.89,1472706817,1472706817,True
2024-02-06,2.09,2.124593,7.907895,3077957247.53,3077957247.53,1472706817,1472706817,True
2024-02-07,2.19,2.226248,8.286263,3225227929.23,3225227929.23,1472706817,1472706817,True
2024-02-08,2.17,2.205917,8.21059,3195773792.89,3195773792.89,1472706817,1472706817,True
2024-02-19,2.28,2.317738,8.626795,3357771542.76,3357771542.76,1472706817,1472706817,True
2024-02-20,2.36,2.399062,8.929489,3475588088.12,3475588088.12,1472706817,1472706817,True
2024-02-21,2.34,2.378731,8.853815,3446133951.78,3446133951.78,1472706817,1472706817,True
2024-02-22,2.39,2.429558,9.043,3519769292.63,3519769292.63,1472706817,1472706817,True
2024-02-23,2.41,2.449889,9.118673,3549223428.97,3549223428.97,1472706817,1472706817,True
2024-02-26,2.42,2.460055,9.15651,3563950497.14,3563950497.14,1472706817,1472706817,True
2024-02-27,2.44,2.480386,9.232184,3593404633.48,3593404633.48,1472706817,1472706817,True
2024-02-28,2.32,2.3584,8.778142,3416679815.44,3416679815.44,1472706817,1472706817,True
2024-02-29,2.37,2.409227,8.967326,3490315156.29,3490315156.29,1472706817,1472706817,True
2024-03-01,2.35,2.388896,8.891652,3460861019.95,3460861019.95,1472706817,1472706817,True
2024-03-04,2.34,2.378731,8.853815,3446133951.78,3446133951.78,1472706817,1472706817,True
2024-03-05,2.31,2.348234,8.740305,3401952747.27,3401952747.27,1472706817,1472706817,True
2024-03-06,2.4,2.439724,9.080836,3534496360.8,3534496360.8,1472706817,1472706817,True
2024-03-07,2.35,2.388896,8.891652,3460861019.95,3460861019.95,1472706817,1472706817,True
2024-03-08,2.37,2.409227,8.967326,3490315156.29,3490315156.29,1472706817,1472706817,True
2024-03-11,2.42,2.460055,9.15651,3563950497.14,3563950497.14,1472706817,1472706817,True
2024-03-12,2.43,2.47022,9.194347,3578677565.31,3578677565.31,1472706817,1472706817,True
2024-03-13,2.42,2.460055,9.15651,3563950497.14,3563950497.14,1472706817,1472706817,True
2024-03-14,2.42,2.460055,9.15651,3563950497.14,3563950497.14,1472706817,1472706817,True
2024-03-15,2.45,2.490551,9.27002,3608131701.65,3608131701.65,1472706817,1472706817,True
2024-03-18,2.46,2.500717,9.307857,3622858769.82,3622858769.82,1472706817,1472706817,True
2024-03-19,2.51,2.551544,9.497041,3696494110.67,3696494110.67,1472706817,1472706817,True
2024-03-20,2.52,2.56171,9.534878,3711221178.84,3711221178.84,1472706817,1472706817,True
2024-03-21,2.64,2.683696,9.98892,3887945996.88,3887945996.88,1472706817,1472706817,True
2024-03-22,2.59,2.632869,9.799736,3814310656.03,3814310656.03,1472706817,1472706817,True
2024-03-25,2.61,2.6532,9.87541,3843764792.37,3843764792.37,1472706817,1472706817,True
2024-03-26,2.65,2.693862,10.026757,3902673065.05,3902673065.05,1472706817,1472706817,True
2024-03-27,2.61,2.6532,9.87541,3843764792.37,3843764792.37,1472706817,1472706817,True
2024-03-28,2.62,2.663365,9.913246,3858491860.54,3858491860.54,1472706817,1472706817,True
2024-03-29,2.6,2.643034,9.837573,3829037724.2,3829037724.2,1472706817,1472706817,True
2024-04-01,2.6,2.643034,9.837573,3829037724.2,3829037724.2,1472706817,1472706817,True
2024-04-02,2.65,2.693862,10.026757,3902673065.05,3902673065.05,1472706817,1472706817,True
2024-04-03,2.67,2.714193,10.10243,3932127201.39,3932127201.39,1472706817,1472706817,True
2024-04-08,2.68,2.724358,10.140267,3946854269.56,3946854269.56,1472706817,1472706817,True
2024-04-09,2.7,2.744689,10.215941,3976308405.9,3976308405.9,1472706817,1472706817,True
2024-04-10,2.63,2.673531,9.951083,3873218928.71,3873218928.71,1472706817,1472706817,True
2024-04-11,2.62,2.663365,9.913246,3858491860.54,3858491860.54,1472706817,1472706817,True
2024-04-22,2.47,2.510882,9.345694,3637585837.99,3637585837.99,1472706817,1472706817,True
2024-04-23,2.55,2.592207,9.648389,3755402383.35,3755402383.35,1472706817,1472706817,True
2024-04-24,2.54,2.582041,9.610552,3740675315.18,3740675315.18,1472706817,1472706817,True
2024-04-25,2.67,1.561719,8.070084,3932127201.39,3932127201.39,1472706817,1472706817,True
2024-04-26,2.71,1.585116,8.190985,3991035474.07,3991035474.07,1472706817,1472706817,True
2024-04-29,2.84,1.661155,8.58391,4182487360.28,4182487360.28,1472706817,1472706817,True
2024-04-30,2.96,1.731344,8.94661,4359212178.32,4359212178.32,1472706817,1472706817,True
2024-05-07,2.97,1.737193,8.976836,4373939246.49,4373939246.49,1472706817,1472706817,True
2024-05-08,3.0,1.754741,9.067511,4418120451.0,4418120451.0,1472706817,1472706817,True
2024-05-09,3.02,1.766439,9.127961,4447574587.34,4447574587.34,1472706817,1472706817,True
2024-05-10,3.01,1.76059,9.097736,4432847519.17,4432847519.17,1472706817,1472706817,True
2024-05-13,2.95,1.725495,8.916385,4344485110.15,4344485110.15,1472706817,1472706817,True
2024-05-14,3.01,1.76059,9.097736,4432847519.17,4432847519.17,1472706817,1472706817,True
2024-05-15,3.12,1.82493,9.430211,4594845269.04,4594845269.04,1472706817,1472706817,True
2024-05-16,3.07,1.795685,9.279086,4521209928.19,4521209928.19,1472706817,1472706817,True
2024-05-17,3.16,1.848327,9.551111,4653753541.72,4653753541.72,1472706817,1472706817,True
2024-05-20,3.3,1.930215,9.974262,4859932496.1,4859932496.1,1472706817,1472706817,True
2024-05-21,3.34,1.953611,10.095162,4918840768.78,4918840768.78,1472706817,1472706817,True
2024-05-22,3.5,2.047198,10.578762,5154473859.5,5154473859.5,1472706817,1472706817,True
2024-05-23,3.33,1.947762,10.064937,4904113700.61,4904113700.61,1472706817,1472706817,True
2024-05-24,3.5,2.047198,10.578762,5154473859.5,5154473859.5,1472706817,1472706817,True
2024-05-27,3.5,2.047198,10.578762,5154473859.5,5154473859.5,1472706817,1472706817,True
2024-05-28,3.68,2.152482,11.122813,5419561086.56,5419561086.56,1472706817,1472706817,True
2024-05-29,3.73,2.181728,11.273938,5493196427.41,5493196427.41,1472706817,1472706817,True
2024-05-30,3.54,2.070594,10.699663,5213382132.18,5213382132.18,1472706817,1472706817,True
2024-05-31,3.36,1.96531,10.155612,4948294905.12,4948294905.12,1472706817,1472706817,True
2024-06-03,3.19,1.865874,9.641786,4697934746.23,4697934746.23,1472706817,1472706817,True
2024-06-05,3.29,1.924366,9.944037,4845205427.93,4845205427.93,1472706817,1472706817,False
2024-06-06,3.08,1.801534,9.309311,4535936996.36,4535936996.36,1472706817,1472706817,False
2024-06-07,3.14,1.836629,9.490661,4624299405.38,4624299405.38,1472706817,1472706817,False
2024-06-11,2.98,1.743043,9.007061,4388666314.66,4388666314.66,1472706817,1472706817,False
2024-06-12,3.03,1.772288,9.158186,4462301655.51,4462301655.51,1472706817,1472706817,False
2024-06-13,2.96,1.731344,8.94661,4359212178.32,4359212178.32,1472706817,1472706817,False
2024-06-14,2.9,1.696249,8.76526,4270849769.3,4270849769.3,1472706817,1472706817,False
2024-06-17,2.79,1.631909,8.432785,4108852019.43,4108852019.43,1472706817,1472706817,False
2024-06-18,2.75,1.608512,8.311885,4049943746.75,4049943746.75,1472706817,1472706817,False
2024-06-19,2.75,1.608512,8.311885,4049943746.75,4049943746.75,1472706817,1472706817,False
2024-06-20,2.87,1.678702,8.674585,4226668564.79,4226668564.79,1472706817,1472706817,False
2024-06-21,2.85,1.667004,8.614135,4197214428.45,4197214428.45,1472706817,1472706817,False
2024-06-24,2.82,1.649456,8.52346,4153033223.94,4153033223.94,1472706817,1472706817,False
2024-06-25,2.72,1.590965,8.22121,4005762542.24,4005762542.24,1472706817,1472706817,False
2024-06-26,2.76,1.614362,8.34211,4064670814.92,4064670814.92,1472706817,1472706817,False
2024-06-27,2.69,1.573418,8.130535,3961581337.73,3961581337.73,1472706817,1472706817,False
2024-06-28,2.71,1.585116,8.190985,3991035474.07,3991035474.07,1472706817,1472706817,False
2024-07-01,2.76,1.614362,8.34211,4064670814.92,4064670814.92,1472706817,1472706817,False
2024-07-02,2.79,1.631909,8.432785,4108852019.43,4108852019.43,1472706817,1472706817,False
2024-07-03,2.77,1.620211,8.372335,4079397883.09,4079397883.09,1472706817,1472706817,False
2024-07-04,2.68,1.567568,8.100309,3946854269.56,3946854269.56,1472706817,1472706817,False
2024-07-05,2.62,1.532474,7.918959,3858491860.54,3858491860.54,1472706817,1472706817,False
2024-07-08,2.57,1.503228,7.767834,3784856519.69,3784856519.69,1472706817,1472706817,False
2024-07-09,2.64,1.544172,7.979409,3887945996.88,3887945996.88,1472706817,1472706817,False
2024-07-10,2.45,1.433038,7.405134,3608131701.65,3608131701.65,1472706817,1472706817,False
2024-07-11,2.47,1.444737,7.465584,3637585837.99,3637585837.99,1472706817,1472706817,False
2024-07-12,2.45,1.433038,7.405134,3608131701.65,3608131701.65,1472706817,1472706817,False
2024-07-15,2.37,1.386245,7.163333,3490315156.29,3490315156.29,1472706817,1472706817,False
2024-07-16,2.39,1.397944,7.223783,3519769292.63,3519769292.63,1472706817,1472706817,False
2024-07-17,2.33,1.362849,7.042433,3431406883.61,3431406883.61,1472706817,1472706817,False
2024-07-18,2.34,1.368698,7.072658,3446133951.78,3446133951.78,1472706817,1472706817,False
2024-07-19,2.33,1.362849,7.042433,3431406883.61,3431406883.61,1472706817,1472706817,False
2024-07-22,2.35,1.374547,7.102883,3460861019.95,3460861019.95,1472706817,1472706817,False
2024-07-23,2.31,1.35115,6.981983,3401952747.27,3401952747.27,1472706817,1472706817,False
2024-07-24,2.24,1.310206,6.770408,3298863270.08,3298863270.08,1472706817,1472706817,False
2024-07-25,2.46,1.438887,7.435359,3622858769.82,3622858769.82,1472706817,1472706817,False
2024-07-26,2.59,1.514926,7.828284,3814310656.03,3814310656.03,1472706817,1472706817,False
2024-07-29,2.56,1.497379,7.737609,3770129451.52,3770129451.52,1472706817,1472706817,False
2024-07-30,2.56,1.497379,7.737609,3770129451.52,3770129451.52,1472706817,1472706817,False
2024-07-31,2.59,1.514926,7.828284,3814310656.03,3814310656.03,1472706817,1472706817,False
2024-08-01,2.65,1.550021,8.009634,3902673065.05,3902673065.05,1472706817,1472706817,False
2024-08-02,2.57,1.503228,7.767834,3784856519.69,3784856519.69,1472706817,1472706817,False
2024-08-05,2.48,1.450586,7.495809,3652312906.16,3652312906.16,1472706817,1472706817,False
2024-08-06,2.5,1.462284,7.556259,3681767042.5,3681767042.5,1472706817,1472706817,False
2024-08-07,2.53,1.479831,7.646934,3725948247.01,3725948247.01,1472706817,1472706817,False
2024-08-08,2.49,1.456435,7.526034,3667039974.33,3667039974.33,1472706817,1472706817,False
2024-08-09,2.48,1.450586,7.495809,3652312906.16,3652312906.16,1472706817,1472706817,False
2024-08-12,2.43,1.42134,7.344684,3578677565.31,3578677565.31,1472706817,1472706817,False
2024-08-13,2.4,1.403793,7.254008,3534496360.8,3534496360.8,1472706817,1472706817,False
2024-08-14,2.36,1.380396,7.133108,3475588088.12,3475588088.12,1472706817,1472706817,False
2024-08-15,2.36,1.380396,7.133108,3475588088.12,3475588088.12,1472706817,1472706817,False
2024-08-16,2.3,1.345301,6.951758,3387225679.1,3387225679.1,1472706817,1472706817,False
2024-08-19,2.29,1.339452,6.921533,3372498610.93,3372498610.93,1472706817,1472706817,False
2024-08-20,2.26,1.321905,6.830858,3328317406.42,3328317406.42,1472706817,1472706817,False
2024-08-21,2.25,1.316056,6.800633,3313590338.25,3313590338.25,1472706817,1472706817,False
2024-08-22,2.26,1.321905,6.830858,3328317406.42,3328317406.42,1472706817,1472706817,False
2024-08-23,2.24,1.310206,6.770408,3298863270.08,3298863270.08,1472706817,1472706817,False
2024-08-26,2.3,1.345301,6.951758,3387225679.1,3387225679.1,1472706817,1472706817,False
2024-08-27,2.27,1.327754,6.861083,3343044474.59,3343044474.59,1472706817,1472706817,False
2024-08-28,2.28,1.212049,6.763774,3357771542.76,3357771542.76,1472706817,1472706817,False
2024-08-29,2.28,1.212049,6.763774,3357771542.76,3357771542.76,1472706817,1472706817,False
2024-08-30,2.3,1.222681,6.823105,3387225679.1,3387225679.1,1472706817,1472706817,False
2024-09-02,2.24,1.190785,6.645111,3298863270.08,3298863270.08,1472706817,1472706817,False
2024-09-03,2.24,1.190785,6.645111,3298863270.08,3298863270.08,1472706817,1472706817,False
2024-09-04,2.21,1.174837,6.556114,3254682065.57,3254682065.57,1472706817,1472706817,False
2024-09-05,2.23,1.185469,6.615446,3284136201.91,3284136201.91,1472706817,1472706817,False
2024-09-06,2.16,1.148257,6.407786,3181046724.72,3181046724.72,1472706817,1472706817,False
2024-09-09,2.15,1.142941,6.37812,3166319656.55,3166319656.55,1472706817,1472706817,False
2024-09-10,2.15,1.142941,6.37812,3166319656.55,3166319656.55,1472706817,1472706817,False
2024-09-11,2.11,1.121677,6.259457,3107411383.87,3107411383.87,1472706817,1472706817,False
2024-09-12,2.1,1.116361,6.229792,3092684315.7,3092684315.7,1472706817,1472706817,False
2024-09-13,2.31,1.227997,6.852771,3401952747.27,3401952747.27,1472706817,1472706817,False
2024-09-18,2.28,1.212049,6.763774,3357771542.76,3357771542.76,1472706817,1472706817,False
2024-09-19,2.33,1.238629,6.912102,3431406883.61,3431406883.61,1472706817,1472706817,False
2024-09-20,2.28,1.212049,6.763774,3357771542.76,3357771542.76,1472706817,1472706817,False
2024-09-23,2.27,1.206733,6.734108,3343044474.59,3343044474.59,1472706817,1472706817,False
2024-09-24,2.33,1.238629,6.912102,3431406883.61,3431406883.61,1472706817,1472706817,False
2024-09-25,2.34,1.243945,6.941768,3446133951.78,3446133951.78,1472706817,1472706817,False
2024-09-26,2.41,1.281157,7.149428,3549223428.97,3549223428.97,1472706817,1472706817,False
2024-09-27,2.51,1.334317,7.446084,3696494110.67,3696494110.67,1472706817,1472706817,False
2024-09-30,2.7,1.435321,8.009732,3976308405.9,3976308405.9,1472706817,1472706817,False
2024-10-08,2.79,1.483165,8.276723,4108852019.43,4108852019.43,1472706817,1472706817,False
2024-10-09,2.54,1.350265,7.535081,3740675315.18,3740675315.18,1472706817,1472706817,False
2024-10-10,2.59,1.376845,7.68341,3814310656.03,3814310656.03,1472706817,1472706817,False
2024-10-11,2.49,1.323685,7.386753,3667039974.33,3667039974.33,1472706817,1472706817,False
2024-10-14,2.52,1.339633,7.47575,3711221178.84,3711221178.84,1472706817,1472706817,False
2024-10-15,2.48,1.318369,7.357087,3652312906.16,3652312906.16,1472706817,1472706817,False
2024-10-16,2.48,1.318369,7.357087,3652312906.16,3652312906.16,1472706817,1472706817,False
2024-10-17,2.45,1.302421,7.26809,3608131701.65,3608131701.65,1472706817,1472706817,False
2024-10-18,2.48,1.318369,7.357087,3652312906.16,3652312906.16,1472706817,1472706817,False
2024-10-21,2.45,1.302421,7.26809,3608131701.65,3608131701.65,1472706817,1472706817,False
2024-10-22,2.53,1.344949,7.505416,3725948247.01,3725948247.01,1472706817,1472706817,False
2024-10-23,2.56,1.360897,7.594413,3770129451.52,3770129451.52,1472706817,1472706817,False
2024-10-24,2.6,1.382161,7.713075,3829037724.2,3829037724.2,1472706817,1472706817,False
2024-10-25,2.72,1.445953,8.069064,4005762542.24,4005762542.24,1472706817,1472706817,False
2024-10-28,2.99,1.589485,8.870037,4403393382.83,4403393382.83,1472706817,1472706817,False
2024-10-29,2.77,-948.36859,10.141976,4079397883.09,4079397883.09,1472706817,1472706817,False
2024-10-30,2.85,-975.758297,10.434885,4197214428.45,4197214428.45,1472706817,1472706817,False
2024-10-31,2.97,-1016.842856,10.874249,4373939246.49,4373939246.49,1472706817,1472706817,False
2024-11-01,2.9,-992.876863,10.617953,4270849769.3,4270849769.3,1472706817,1472706817,False
2024-11-04,2.87,-982.605723,10.508112,4226668564.79,4226668564.79,1472706817,1472706817,False
2024-11-05,2.95,-1009.99543,10.801021,4344485110.15,4344485110.15,1472706817,1472706817,False
2024-11-06,2.9,-992.876863,10.617953,4270849769.3,4270849769.3,1472706817,1472706817,False
2024-11-07,3.03,-1037.385136,11.09393,4462301655.51,4462301655.51,1472706817,1472706817,False
2024-11-08,2.98,-1020.26657,10.910862,4388666314.66,4388666314.66,1472706817,1472706817,False
2024-11-11,2.95,-1009.99543,10.801021,4344485110.15,4344485110.15,1472706817,1472706817,False
2024-11-12,2.92,-999.72429,10.69118,4300303905.64,4300303905.64,1472706817,1472706817,False
2024-11-13,2.86,-979.18201,10.471499,4211941496.62,4211941496.62,1472706817,1472706817,False
2024-11-14,2.79,-955.216017,10.215203,4108852019.43,4108852019.43,1472706817,1472706817,False
2024-11-15,2.68,-917.55517,9.812453,3946854269.56,3946854269.56,1472706817,1472706817,False
2024-11-18,2.71,-927.82631,9.922294,3991035474.07,3991035474.07,1472706817,1472706817,False
2024-11-19,2.67,-914.131457,9.77584,3932127201.39,3932127201.39,1472706817,1472706817,False
2024-11-20,2.71,-927.82631,9.922294,3991035474.07,3991035474.07,1472706817,1472706817,False
2024-11-21,2.7,-924.402597,9.885681,3976308405.9,3976308405.9,1472706817,1472706817,False
2024-11-22,2.62,-897.01289,9.592772,3858491860.54,3858491860.54,1472706817,1472706817,False
2024-11-25,2.68,-917.55517,9.812453,3946854269.56,3946854269.56,1472706817,1472706817,False
2024-11-26,2.68,-917.55517,9.812453,3946854269.56,3946854269.56,1472706817,1472706817,False
2024-11-27,2.68,-917.55517,9.812453,3946854269.56,3946854269.56,1472706817,1472706817,False
2024-11-28,2.72,-931.250023,9.958908,4005762542.24,4005762542.24,1472706817,1472706817,False
2024-11-29,2.73,-934.673737,9.995521,4020489610.41,4020489610.41,1472706817,1472706817,False
2024-12-02,2.82,-965.487157,10.325044,4153033223.94,4153033223.94,1472706817,1472706817,False
2024-12-03,2.86,-979.18201,10.471499,4211941496.62,4211941496.62,1472706817,1472706817,False
2024-12-04,2.8,-958.63973,10.251817,4123579087.6,4123579087.6,1472706817,1472706817,False
2024-12-05,2.83,-968.91087,10.361658,4167760292.11,4167760292.11,1472706817,1472706817,False
2024-12-06,2.94,-1006.571717,10.764408,4329758041.98,4329758041.98,1472706817,1472706817,False
2024-12-09,2.93,-1003.148003,10.727794,4315030973.81,4315030973.81,1472706817,1472706817,False
2024-12-10,2.89,-989.45315,10.58134,4256122701.13,4256122701.13,1472706817,1472706817,False
2024-12-11,3.0,-1027.113996,10.98409,4418120451.0,4418120451.0,1472706817,1472706817,False
2024-12-12,2.98,-1020.26657,10.910862,4388666314.66,4388666314.66,1472706817,1472706817,False
2024-12-13,2.89,-989.45315,10.58134,4256122701.13,4256122701.13,1472706817,1472706817,False
2024-12-16,2.91,-996.300577,10.654567,4285576837.47,4285576837.47,1472706817,1472706817,False
2024-12-17,2.79,-955.216017,10.215203,4108852019.43,4108852019.43,1472706817,1472706817,False
2024-12-18,3.07,-1051.07999,11.240385,4521209928.19,4521209928.19,1472706817,1472706817,False
2024-12-19,3.02,-1033.961423,11.057317,4447574587.34,4447574587.34,1472706817,1472706817,False
2024-12-20,2.94,-1006.571717,10.764408,4329758041.98,4329758041.98,1472706817,1472706817,False
2024-12-23,2.75,-941.521163,10.068749,4049943746.75,4049943746.75,1472706817,1472706817,False
2024-12-24,2.77,-948.36859,10.141976,4079397883.09,4079397883.09,1472706817,1472706817,False
2024-12-25,2.71,-927.82631,9.922294,3991035474.07,3991035474.07,1472706817,1472706817,False
2024-12-26,2.69,-920.978883,9.849067,3961581337.73,3961581337.73,1472706817,1472706817,False
2024-12-27,2.79,-955.216017,10.215203,4108852019.43,4108852019.43,1472706817,1472706817,False
2024-12-30,2.82,-965.487157,10.325044,4153033223.94,4153033223.94,1472706817,1472706817,False
2024-12-31,2.76,-944.944877,10.105362,4064670814.92,4064670814.92,1472706817,1472706817,False
2025-01-02,2.68,-917.55517,9.812453,3946854269.56,3946854269.56,1472706817,1472706817,False
2025-01-03,2.58,-883.318037,9.446317,3799583587.86,3799583587.86,1472706817,1472706817,False
2025-01-06,2.55,-873.046897,9.336476,3755402383.35,3755402383.35,1472706817,1472706817,False
2025-01-07,2.56,-876.47061,9.37309,3770129451.52,3770129451.52,1472706817,1472706817,False
2025-01-08,2.53,-866.19947,9.263249,3725948247.01,3725948247.01,1472706817,1472706817,False
2025-01-09,2.53,-866.19947,9.263249,3725948247.01,3725948247.01,1472706817,1472706817,False
2025-01-10,2.45,-838.809764,8.97034,3608131701.65,3608131701.65,1472706817,1472706817,False
2025-01-13,2.44,-835.38605,8.933726,3593404633.48,3593404633.48,1472706817,1472706817,False
2025-01-14,2.55,-873.046897,9.336476,3755402383.35,3755402383.35,1472706817,1472706817,False
2025-01-15,2.51,-859.352044,9.190022,3696494110.67,3696494110.67,1472706817,1472706817,False
2025-01-16,2.53,-866.19947,9.263249,3725948247.01,3725948247.01,1472706817,1472706817,False
2025-01-17,2.51,-859.352044,9.190022,3696494110.67,3696494110.67,1472706817,1472706817,False
2025-01-20,2.66,-910.707744,9.739226,3917400133.22,3917400133.22,1472706817,1472706817,False
2025-01-21,2.62,-897.01289,9.592772,3858491860.54,3858491860.54,1472706817,1472706817,False
2025-01-22,2.6,-890.165464,9.519544,3829037724.2,3829037724.2,1472706817,1472706817,False
2025-01-23,2.61,-893.589177,9.556158,3843764792.37,3843764792.37,1472706817,1472706817,False
2025-01-24,2.61,-893.589177,9.556158,3843764792.37,3843764792.37,1472706817,1472706817,False
2025-01-27,2.63,-900.436604,9.629385,3873218928.71,3873218928.71,1472706817,1472706817,False
2025-02-05,2.61,-893.589177,9.556158,3843764792.37,3843764792.37,1472706817,1472706817,False
2025-02-06,2.64,-903.860317,9.665999,3887945996.88,3887945996.88,1472706817,1472706817,False
2025-02-07,2.66,-910.707744,9.739226,3917400133.22,3917400133.22,1472706817,1472706817,False
2025-02-10,2.69,-920.978883,9.849067,3961581337.73,3961581337.73,1472706817,1472706817,False
2025-02-11,2.66,-910.707744,9.739226,3917400133.22,3917400133.22,1472706817,1472706817,False
2025-02-12,2.66,-910.707744,9.739226,3917400133.22,3917400133.22,1472706817,1472706817,False
2025-02-13,2.64,-903.860317,9.665999,3887945996.88,3887945996.88,1472706817,1472706817,False
2025-02-14,2.62,-897.01289,9.592772,3858491860.54,3858491860.54,1472706817,1472706817,False
2025-02-17,2.67,-914.131457,9.77584,3932127201.39,3932127201.39,1472706817,1472706817,False
2025-02-18,2.6,-890.165464,9.519544,3829037724.2,3829037724.2,1472706817,1472706817,False
2025-02-19,2.58,-883.318037,9.446317,3799583587.86,3799583587.86,1472706817,1472706817,False
2025-02-20,2.57,-879.894324,9.409703,3784856519.69,3784856519.69,1472706817,1472706817,False
2025-02-21,2.54,-869.623184,9.299862,3740675315.18,3740675315.18,1472706817,1472706817,False
2025-02-24,2.58,-883.318037,9.446317,3799583587.86,3799583587.86,1472706817,1472706817,False
2025-02-25,2.55,-873.046897,9.336476,3755402383.35,3755402383.35,1472706817,1472706817,False
2025-02-26,2.6,-890.165464,9.519544,3829037724.2,3829037724.2,1472706817,1472706817,False
2025-02-27,2.57,-879.894324,9.409703,3784856519.69,3784856519.69,1472706817,1472706817,False
2025-02-28,2.51,-859.352044,9.190022,3696494110.67,3696494110.67,1472706817,1472706817,False
2025-03-03,2.51,-859.352044,9.190022,3696494110.67,3696494110.67,1472706817,1472706817,False
2025-03-04,2.52,-862.775757,9.226635,3711221178.84,3711221178.84,1472706817,1472706817,False
2025-03-05,2.49,-852.504617,9.116794,3667039974.33,3667039974.33,1472706817,1472706817,False
2025-03-06,2.51,-859.352044,9.190022,3696494110.67,3696494110.67,1472706817,1472706817,False
2025-03-07,2.51,-859.352044,9.190022,3696494110.67,3696494110.67,1472706817,1472706817,False
2025-03-10,2.52,-862.775757,9.226635,3711221178.84,3711221178.84,1472706817,1472706817,False
2025-03-11,2.54,-869.623184,9.299862,3740675315.18,3740675315.18,1472706817,1472706817,False
2025-03-12,2.56,-876.47061,9.37309,3770129451.52,3770129451.52,1472706817,1472706817,False
2025-03-13,2.59,-886.74175,9.482931,3814310656.03,3814310656.03,1472706817,1472706817,False
2025-03-14,2.61,-893.589177,9.556158,3843764792.37,3843764792.37,1472706817,1472706817,False
2025-03-17,2.62,-897.01289,9.592772,3858491860.54,3858491860.54,1472706817,1472706817,False
2025-03-18,2.61,-893.589177,9.556158,3843764792.37,3843764792.37,1472706817,1472706817,False
2025-03-19,2.65,-907.28403,9.702612,3902673065.05,3902673065.05,1472706817,1472706817,False
2025-03-20,2.67,-914.131457,9.77584,3932127201.39,3932127201.39,1472706817,1472706817,False
2025-03-21,2.65,-907.28403,9.702612,3902673065.05,3902673065.05,1472706817,1472706817,False
2025-03-24,2.67,-914.131457,9.77584,3932127201.39,3932127201.39,1472706817,1472706817,False
2025-03-25,2.71,-927.82631,9.922294,3991035474.07,3991035474.07,1472706817,1472706817,False
2025-03-26,2.68,-917.55517,9.812453,3946854269.56,3946854269.56,1472706817,1472706817,False
2025-03-27,2.64,-903.860317,9.665999,3887945996.88,3887945996.88,1472706817,1472706817,False
2025-03-28,2.61,-893.589177,9.556158,3843764792.37,3843764792.37,1472706817,1472706817,False
2025-03-31,2.56,-876.47061,9.37309,3770129451.52,3770129451.52,1472706817,1472706817,False
2025-04-01,2.67,-914.131457,9.77584,3932127201.39,3932127201.39,1472706817,1472706817,False
2025-04-02,2.64,-903.860317,9.665999,3887945996.88,3887945996.88,1472706817,1472706817,False
2025-04-03,2.71,-927.82631,9.922294,3991035474.07,3991035474.07,1472706817,1472706817,False
2025-04-07,2.44,-835.38605,8.933726,3593404633.48,3593404633.48,1472706817,1472706817,False
2025-04-08,2.43,-831.962337,8.897113,3578677565.31,3578677565.31,1472706817,1472706817,False
2025-04-09,2.42,-828.538624,8.860499,3563950497.14,3563950497.14,1472706817,1472706817,False
2025-04-10,2.46,-842.233477,9.006953,3622858769.82,3622858769.82,1472706817,1472706817,False
2025-04-11,2.45,-838.809764,8.97034,3608131701.65,3608131701.65,1472706817,1472706817,False
2025-04-14,2.55,-873.046897,9.336476,3755402383.35,3755402383.35,1472706817,1472706817,False
2025-04-15,2.59,-886.74175,9.482931,3814310656.03,3814310656.03,1472706817,1472706817,False
2025-04-16,2.58,-883.318037,9.446317,3799583587.86,3799583587.86,1472706817,1472706817,False
2025-04-17,2.59,-886.74175,9.482931,3814310656.03,3814310656.03,1472706817,1472706817,False
2025-04-18,2.61,-893.589177,9.556158,3843764792.37,3843764792.37,1472706817,1472706817,False
2025-04-21,2.7,-924.402597,9.885681,3976308405.9,3976308405.9,1472706817,1472706817,False
2025-04-22,2.69,-920.978883,9.849067,3961581337.73,3961581337.73,1472706817,1472706817,False
2025-04-23,2.67,-914.131457,9.77584,3932127201.39,3932127201.39,1472706817,1472706817,False
2025-04-24,2.74,-938.09745,10.032135,4035216678.58,4035216678.58,1472706817,1472706817,False
2025-04-25,3.01,41.753441,2.987439,4432847519.17,4432847519.17,1472706817,1472706817,False
2025-04-28,3.31,45.914914,3.285191,4874659564.27,4874659564.27,1472706817,1472706817,False
2025-04-29,2.99,41.47601,2.967589,4403393382.83,4403393382.83,1472706817,1472706817,False
2025-04-30,2.76,38.285547,2.739313,4064670814.92,4064670814.92,1472706817,1472706817,False
2025-05-06,3.04,42.169588,3.017215,4477028723.68,4477028723.68,1472706817,1472706817,False
2025-05-07,3.12,43.279314,3.096615,4594845269.04,4594845269.04,1472706817,1472706817,False
2025-05-08,3.43,47.579503,3.404291,5051384382.31,5051384382.31,1472706817,1472706817,False
2025-05-09,3.76,52.157122,3.731818,5537377631.92,5537377631.92,1472706817,1472706817,False
2025-05-12,3.49,48.411797,3.463842,5139746791.33,5139746791.33,1472706817,1472706817,False
2025-05-13,3.65,50.631249,3.622642,5375379882.05,5375379882.05,1472706817,1472706817,False
2025-05-14,3.57,49.521523,3.543242,5257563336.69,5257563336.69,1472706817,1472706817,False
2025-05-15,3.33,46.192345,3.305041,4904113700.61,4904113700.61,1472706817,1472706817,False
2025-05-16,3.29,45.637482,3.265341,4845205427.93,4845205427.93,1472706817,1472706817,False
2025-05-19,3.26,45.221335,3.235566,4801024223.42,4801024223.42,1472706817,1472706817,False
2025-05-20,3.39,47.02464,3.364591,4992476109.63,4992476109.63,1472706817,1472706817,False
2025-05-21,3.36,46.608492,3.334816,4948294905.12,4948294905.12,1472706817,1472706817,False
2025-05-22,3.18,44.111609,3.156165,4683207678.06,4683207678.06,1472706817,1472706817,False
2025-05-23,3.1,43.001883,3.076765,4565391132.7,4565391132.7,1472706817,1472706817,False
2025-05-26,3.16,43.834177,3.136315,4653753541.72,4653753541.72,1472706817,1472706817,False
2025-05-27,3.15,43.695462,3.12639,4639026473.55,4639026473.55,1472706817,1472706817,False
2025-05-28,3.11,43.140599,3.08669,4580118200.87,4580118200.87,1472706817,1472706817,False
2025-05-29,3.15,43.695462,3.12639,4639026473.55,4639026473.55,1472706817,1472706817,False
2025-05-30,3.09,42.863167,3.06684,4550664064.53,4550664064.53,1472706817,1472706817,False
2025-06-03,3.11,43.140599,3.08669,4580118200.87,4580118200.87,1472706817,1472706817,False
2025-06-04,3.12,43.279314,3.096615,4594845269.04,4594845269.04,1472706817,1472706817,False
2025-06-05,3.1,43.001883,3.076765,4565391132.7,4565391132.7,1472706817,1472706817,False
2025-06-06,3.12,43.279314,3.096615,4594845269.04,4594845269.04,1472706817,1472706817,False
2025-06-09,3.15,43.695462,3.12639,4639026473.55,4639026473.55,1472706817,1472706817,False
2025-06-10,3.14,43.556746,3.116465,4624299405.38,4624299405.38,1472706817,1472706817,False
2025-06-11,3.15,43.695462,3.12639,4639026473.55,4639026473.55,1472706817,1472706817,False
2025-06-12,3.11,43.140599,3.08669,4580118200.87,4580118200.87,1472706817,1472706817,False
2025-06-13,3.07,42.585736,3.04699,4521209928.19,4521209928.19,1472706817,1472706817,False
2025-06-16,3.08,42.724451,3.056915,4535936996.36,4535936996.36,1472706817,1472706817,False
2025-06-17,3.09,42.863167,3.06684,4550664064.53,4550664064.53,1472706817,1472706817,False
2025-06-18,3.05,42.308304,3.02714,4491755791.85,4491755791.85,1472706817,1472706817,False
2025-06-19,2.95,40.921147,2.927889,4344485110.15,4344485110.15,1472706817,1472706817,False
2025-06-20,2.89,40.088852,2.868339,4256122701.13,4256122701.13,1472706817,1472706817,False
2025-06-23,2.9,40.227568,2.878264,4270849769.3,4270849769.3,1472706817,1472706817,False
2025-06-24,2.94,40.782431,2.917964,4329758041.98,4329758041.98,1472706817,1472706817,False
2025-06-25,2.96,41.059862,2.937814,4359212178.32,4359212178.32,1472706817,1472706817,False
2025-06-26,2.95,40.921147,2.927889,4344485110.15,4344485110.15,1472706817,1472706817,False
2025-06-27,2.96,41.059862,2.937814,4359212178.32,4359212178.32,1472706817,1472706817,False
2025-06-30,2.95,40.921147,2.927889,4344485110.15,4344485110.15,1472706817,1472706817,False
2025-07-01,3.25,45.082619,3.225641,4786297155.25,4786297155.25,1472706817,1472706817,False
2025-07-02,3.43,47.579503,3.404291,5051384382.31,5051384382.31,1472706817,1472706817,False
2025-07-03,3.55,49.244092,3.523392,5228109200.35,5228109200.35,1472706817,1472706817,False
2025-07-04,3.5,48.550513,3.473767,5154473859.5,5154473859.5,1472706817,1472706817,False
2025-07-07,3.85,53.405564,3.821143,5669921245.45,5669921245.45,1472706817,1472706817,False
2025-07-08,3.78,52.434554,3.751668,5566831768.26,5566831768.26,1472706817,1472706817,False
2025-07-09,3.95,54.792722,3.920394,5817191927.15,5817191927.15,1472706817,1472706817,False
2025-07-10,3.63,50.353818,3.602792,5345925745.71,5345925745.71,1472706817,1472706817,False
2025-07-11,3.63,50.353818,3.602792,5345925745.71,5345925745.71,1472706817,1472706817,False
2025-07-14,3.99,55.347585,3.960094,5876100199.83,5876100199.83,1472706817,1472706817,False
2025-07-15,3.89,53.960427,3.860844,5728829518.13,5728829518.13,1472706817,1472706817,False
2025-07-16,3.76,52.157122,3.731818,5537377631.92,5537377631.92,1472706817,1472706817,False
2025-07-17,3.7,51.324828,3.672268,5449015222.9,5449015222.9,1472706817,1472706817,False
2025-07-18,3.68,51.047396,3.652418,5419561086.56,5419561086.56,1472706817,1472706817,False
2025-07-21,3.67,50.908681,3.642493,5404834018.39,5404834018.39,1472706817,1472706817,False
2025-07-22,3.64,50.492533,3.612717,5360652813.88,5360652813.88,1472706817,1472706817,False
2025-07-23,3.58,49.660239,3.553167,5272290404.86,5272290404.86,1472706817,1472706817,False
2025-07-24,3.57,49.521523,3.543242,5257563336.69,5257563336.69,1472706817,1472706817,False
2025-07-25,3.53,48.96666,3.503542,5198655064.01,5198655064.01,1472706817,1472706817,False
2025-07-28,3.51,48.689229,3.483692,5169200927.67,5169200927.67,1472706817,1472706817,False
2025-07-29,3.46,47.99565,3.434067,5095565586.82,5095565586.82,1472706817,1472706817,False
2025-07-30,3.46,47.99565,3.434067,5095565586.82,5095565586.82,1472706817,1472706817,False
2025-07-31,3.4,47.163355,3.374516,5007203177.8,5007203177.8,1472706817,1472706817,False
2025-08-01,3.39,47.02464,3.364591,4992476109.63,4992476109.63,1472706817,1472706817,False
2025-08-04,3.38,46.885924,3.354666,4977749041.46,4977749041.46,1472706817,1472706817,False
2025-08-05,3.38,46.885924,3.354666,4977749041.46,4977749041.46,1472706817,1472706817,False
2025-08-06,3.4,47.163355,3.374516,5007203177.8,5007203177.8,1472706817,1472706817,False
2025-08-07,3.34,46.331061,3.314966,4918840768.78,4918840768.78,1472706817,1472706817,False
2025-08-08,3.47,48.134366,3.443992,5110292654.99,5110292654.99,1472706817,1472706817,False
2025-08-11,3.39,47.02464,3.364591,4992476109.63,4992476109.63,1472706817,1472706817,False
2025-08-12,3.36,46.608492,3.334816,4948294905.12,4948294905.12,1472706817,1472706817,False
2025-08-13,3.34,46.331061,3.314966,4918840768.78,4918840768.78,1472706817,1472706817,False
2025-08-14,3.26,45.221335,3.235566,4801024223.42,4801024223.42,1472706817,1472706817,False
2025-08-15,3.28,45.498766,3.255416,4830478359.76,4830478359.76,1472706817,1472706817,False
2025-08-18,3.34,46.331061,3.314966,4918840768.78,4918840768.78,1472706817,1472706817,False
2025-08-19,3.43,47.579503,3.404291,5051384382.31,5051384382.31,1472706817,1472706817,False
2025-08-20,3.45,47.856934,3.424142,5080838518.65,5080838518.65,1472706817,1472706817,False
2025-08-21,3.57,49.521523,3.543242,5257563336.69,5257563336.69,1472706817,1472706817,False
2025-08-22,3.52,48.827944,3.493617,5183927995.84,5183927995.84,1472706817,1472706817,False
2025-08-25,3.49,48.411797,3.463842,5139746791.33,5139746791.33,1472706817,1472706817,False
2025-08-26,3.47,48.134366,3.443992,5110292654.99,5110292654.99,1472706817,1472706817,False
2025-08-27,3.47,48.134366,3.443992,5110292654.99,5110292654.99,1472706817,1472706817,False
2025-08-28,3.35,97.715819,3.445063,4933567836.95,4933567836.95,1472706817,1472706817,False
2025-08-29,3.28,95.673996,3.373076,4830478359.76,4830478359.76,1472706817,1472706817,False
2025-09-01,3.34,97.42413,3.434779,4918840768.78,4918840768.78,1472706817,1472706817,False
2025-09-02,3.31,96.549063,3.403928,4874659564.27,4874659564.27,1472706817,1472706817,False
2025-09-03,3.22,93.923862,3.311374,4742115950.74,4742115950.74,1472706817,1472706817,False
2025-09-04,3.23,94.215551,3.321658,4756843018.91,4756843018.91,1472706817,1472706817,False
2025-09-05,3.25,94.798929,3.342225,4786297155.25,4786297155.25,1472706817,1472706817,False
2025-09-08,3.29,95.965685,3.38336,4845205427.93,4845205427.93,1472706817,1472706817,False
2025-09-09,3.25,94.798929,3.342225,4786297155.25,4786297155.25,1472706817,1472706817,False
2025-09-10,3.26,95.090618,3.352509,4801024223.42,4801024223.42,1472706817,1472706817,False
2025-09-11,3.29,95.965685,3.38336,4845205427.93,4845205427.93,1472706817,1472706817,False
2025-09-12,3.3,96.257374,3.393644,4859932496.1,4859932496.1,1472706817,1472706817,False
2025-09-15,3.29,95.965685,3.38336,4845205427.93,4845205427.93,1472706817,1472706817,False
2025-09-16,3.33,97.132441,3.424495,4904113700.61,4904113700.61,1472706817,1472706817,False
2025-09-17,3.3,96.257374,3.393644,4859932496.1,4859932496.1,1472706817,1472706817,False
2025-09-18,3.2,93.340484,3.290806,4712661814.4,4712661814.4,1472706817,1472706817,False
2025-09-19,3.18,92.757106,3.270239,4683207678.06,4683207678.06,1472706817,1472706817,False
2025-09-22,3.16,92.173728,3.249671,4653753541.72,4653753541.72,1472706817,1472706817,False
2025-09-23,3.1,90.423594,3.187969,4565391132.7,4565391132.7,1472706817,1472706817,False
2025-09-24,3.12,91.006972,3.208536,4594845269.04,4594845269.04,1472706817,1472706817,False
2025-09-25,3.09,90.131905,3.177685,4550664064.53,4550664064.53,1472706817,1472706817,False
2025-09-26,3.09,90.131905,3.177685,4550664064.53,4550664064.53,1472706817,1472706817,False
2025-09-29,3.13,91.298661,3.21882,4609572337.21,4609572337.21,1472706817,1472706817,False
2025-09-30,3.12,91.006972,3.208536,4594845269.04,4594845269.04,1472706817,1472706817,False
2025-10-09,3.18,92.757106,3.270239,4683207678.06,4683207678.06,1472706817,1472706817,False
2025-10-10,3.27,95.382307,3.362793,4815751291.59,4815751291.59,1472706817,1472706817,False
2025-10-13,3.24,94.50724,3.331941,4771570087.08,4771570087.08,1472706817,1472706817,False
2025-10-14,3.26,95.090618,3.352509,4801024223.42,4801024223.42,1472706817,1472706817,False
2025-10-15,3.3,96.257374,3.393644,4859932496.1,4859932496.1,1472706817,1472706817,False
2025-10-16,3.26,95.090618,3.352509,4801024223.42,4801024223.42,1472706817,1472706817,False
2025-10-17,3.26,95.090618,3.352509,4801024223.42,4801024223.42,1472706817,1472706817,False
2025-10-20,3.29,95.965685,3.38336,4845205427.93,4845205427.93,1472706817,1472706817,False
2025-10-21,3.36,98.007508,3.455347,4948294905.12,4948294905.12,1472706817,1472706817,False
2025-10-22,3.34,97.42413,3.434779,4918840768.78,4918840768.78,1472706817,1472706817,False
2025-10-23,3.38,98.590886,3.475914,4977749041.46,4977749041.46,1472706817,1472706817,False
2025-10-24,3.25,94.798929,3.342225,4786297155.25,4786297155.25,1472706817,1472706817,False
2025-10-27,3.29,95.965685,3.38336,4845205427.93,4845205427.93,1472706817,1472706817,False
2025-10-28,3.3,96.257374,3.393644,4859932496.1,4859932496.1,1472706817,1472706817,False
2025-10-29,3.22,74.292391,3.510073,4742115950.74,4742115950.74,1472706817,1472706817,False
2025-10-30,3.17,73.138783,3.455569,4668480609.89,4668480609.89,1472706817,1472706817,False
2025-10-31,3.16,72.908061,3.444668,4653753541.72,4653753541.72,1472706817,1472706817,False
2025-11-03,3.2,73.830948,3.488271,4712661814.4,4712661814.4,1472706817,1472706817,False
2025-11-04,3.19,73.600226,3.47737,4697934746.23,4697934746.23,1472706817,1472706817,False
2025-11-05,3.24,74.753834,3.531874,4771570087.08,4771570087.08,1472706817,1472706817,False
2025-11-06,3.25,74.984556,3.542775,4786297155.25,4786297155.25,1472706817,1472706817,False
2025-11-07,3.25,74.984556,3.542775,4786297155.25,4786297155.25,1472706817,1472706817,False
2025-11-10,3.33,76.83033,3.629982,4904113700.61,4904113700.61,1472706817,1472706817,False
2025-11-11,3.3,76.138165,3.59728,4859932496.1,4859932496.1,1472706817,1472706817,False
2025-11-12,3.26,75.215278,3.553676,4801024223.42,4801024223.42,1472706817,1472706817,False
2025-11-13,3.27,75.446,3.564577,4815751291.59,4815751291.59,1472706817,1472706817,False
2025-11-14,3.33,76.83033,3.629982,4904113700.61,4904113700.61,1472706817,1472706817,False
2025-11-17,3.31,76.368886,3.60818,4874659564.27,4874659564.27,1472706817,1472706817,False
2025-11-18,3.18,73.369504,3.466469,4683207678.06,4683207678.06,1472706817,1472706817,False
2025-11-19,3.13,72.215896,3.411965,4609572337.21,4609572337.21,1472706817,1472706817,False
2025-11-20,3.11,71.754452,3.390163,4580118200.87,4580118200.87,1472706817,1472706817,False
2025-11-21,2.98,68.75507,3.248452,4388666314.66,4388666314.66,1472706817,1472706817,False
2025-11-24,2.97,68.524348,3.237552,4373939246.49,4373939246.49,1472706817,1472706817,False
2025-11-25,3.01,69.447235,3.281155,4432847519.17,4432847519.17,1472706817,1472706817,False
2025-11-26,3.0,69.216513,3.270254,4418120451.0,4418120451.0,1472706817,1472706817,False
2025-11-27,3.02,69.677957,3.292056,4447574587.34,4447574587.34,1472706817,1472706817,False
2025-11-28,3.05,70.370122,3.324758,4491755791.85,4491755791.85,1472706817,1472706817,False
2025-12-01,3.07,70.831565,3.34656,4521209928.19,4521209928.19,1472706817,1472706817,False
2025-12-02,3.07,70.831565,3.34656,4521209928.19,4521209928.19,1472706817,1472706817,False
2025-12-03,3.07,70.831565,3.34656,4521209928.19,4521209928.19,1472706817,1472706817,False
2025-12-04,3.04,70.1394,3.313858,4477028723.68,4477028723.68,1472706817,1472706817,False
2025-12-05,3.07,70.831565,3.34656,4521209928.19,4521209928.19,1472706817,1472706817,False
2025-12-08,3.07,70.831565,3.34656,4521209928.19,4521209928.19,1472706817,1472706817,False
2025-12-09,3.04,70.1394,3.313858,4477028723.68,4477028723.68,1472706817,1472706817,False
2025-12-10,3.03,69.908679,3.302957,4462301655.51,4462301655.51,1472706817,1472706817,False
2025-12-11,2.97,68.524348,3.237552,4373939246.49,4373939246.49,1472706817,1472706817,False
2025-12-12,2.99,68.985792,3.259353,4403393382.83,4403393382.83,1472706817,1472706817,False
2025-12-15,2.99,68.985792,3.259353,4403393382.83,4403393382.83,1472706817,1472706817,False
2025-12-16,2.93,67.601461,3.193948,4315030973.81,4315030973.81,1472706817,1472706817,False
2025-12-17,2.91,67.140018,3.172146,4285576837.47,4285576837.47,1472706817,1472706817,False
2025-12-18,2.93,67.601461,3.193948,4315030973.81,4315030973.81,1472706817,1472706817,False
2025-12-19,2.96,68.293627,3.226651,4359212178.32,4359212178.32,1472706817,1472706817,False
2025-12-22,2.97,68.524348,3.237552,4373939246.49,4373939246.49,1472706817,1472706817,False
2025-12-23,2.92,67.37074,3.183047,4300303905.64,4300303905.64,1472706817,1472706817,False
2025-12-24,2.93,67.601461,3.193948,4315030973.81,4315030973.81,1472706817,1472706817,False
2025-12-25,2.96,68.293627,3.226651,4359212178.32,4359212178.32,1472706817,1472706817,False
2025-12-26,2.96,68.293627,3.226651,4359212178.32,4359212178.32,1472706817,1472706817,False
2025-12-29,2.91,67.140018,3.172146,4285576837.47,4285576837.47,1472706817,1472706817,False
2025-12-30,2.86,65.986409,3.117642,4211941496.62,4211941496.62,1472706817,1472706817,False
2025-12-31,2.85,65.755688,3.106741,4197214428.45,4197214428.45,1472706817,1472706817,False
2026-01-05,2.89,66.678575,3.150345,4256122701.13,4256122701.13,1472706817,1472706817,False
2026-01-06,2.92,67.37074,3.183047,4300303905.64,4300303905.64,1472706817,1472706817,False
2026-01-07,2.88,66.447853,3.139444,4241395632.96,4241395632.96,1472706817,1472706817,False
2026-01-08,2.91,67.140018,3.172146,4285576837.47,4285576837.47,1472706817,1472706817,False
2026-01-09,2.93,67.601461,3.193948,4315030973.81,4315030973.81,1472706817,1472706817,False
2026-01-12,2.98,68.75507,3.248452,4388666314.66,4388666314.66,1472706817,1472706817,False
2026-01-13,2.96,68.293627,3.226651,4359212178.32,4359212178.32,1472706817,1472706817,False
2026-01-14,2.98,68.75507,3.248452,4388666314.66,4388666314.66,1472706817,1472706817,False
2026-01-15,2.95,68.062905,3.21575,4344485110.15,4344485110.15,1472706817,1472706817,False
2026-01-16,2.99,68.985792,3.259353,4403393382.83,4403393382.83,1472706817,1472706817,False
2026-01-19,3.05,70.370122,3.324758,4491755791.85,4491755791.85,1472706817,1472706817,False
2026-01-20,3.08,71.062287,3.357461,4535936996.36,4535936996.36,1472706817,1472706817,False
2026-01-21,3.05,70.370122,3.324758,4491755791.85,4491755791.85,1472706817,1472706817,False
2026-01-22,3.08,71.062287,3.357461,4535936996.36,4535936996.36,1472706817,1472706817,False
2026-01-23,3.09,71.293009,3.368362,4550664064.53,4550664064.53,1472706817,1472706817,False
2026-01-26,3.09,71.293009,3.368362,4550664064.53,4550664064.53,1472706817,1472706817,False
2026-01-27,3.05,70.370122,3.324758,4491755791.85,4491755791.85,1472706817,1472706817,False
2026-01-28,3.05,70.370122,3.324758,4491755791.85,4491755791.85,1472706817,1472706817,False
2026-01-29,3.05,70.370122,3.324758,4491755791.85,4491755791.85,1472706817,1472706817,False
2026-01-30,3.06,70.600844,3.335659,4506482860.02,4506482860.02,1472706817,1472706817,False
2026-02-02,3.03,69.908679,3.302957,4462301655.51,4462301655.51,1472706817,1472706817,False
2026-02-03,3.05,70.370122,3.324758,4491755791.85,4491755791.85,1472706817,1472706817,False
2026-02-04,3.13,72.215896,3.411965,4609572337.21,4609572337.21,1472706817,1472706817,False
2026-02-05,3.1,71.523731,3.379263,4565391132.7,4565391132.7,1472706817,1472706817,False
2026-02-06,3.15,72.677339,3.433767,4639026473.55,4639026473.55,1472706817,1472706817,False
2026-02-09,3.14,72.446617,3.422866,4624299405.38,4624299405.38,1472706817,1472706817,False
2026-02-10,3.13,72.215896,3.411965,4609572337.21,4609572337.21,1472706817,1472706817,False
2026-02-11,3.15,72.677339,3.433767,4639026473.55,4639026473.55,1472706817,1472706817,False
2026-02-12,3.14,72.446617,3.422866,4624299405.38,4624299405.38,1472706817,1472706817,False
2026-02-13,3.11,71.754452,3.390163,4580118200.87,4580118200.87,1472706817,1472706817,False
2026-02-24,3.21,74.061669,3.499172,4727388882.57,4727388882.57,1472706817,1472706817,False
2026-02-25,3.22,74.292391,3.510073,4742115950.74,4742115950.74,1472706817,1472706817,False
2026-02-26,3.27,75.446,3.564577,4815751291.59,4815751291.59,1472706817,1472706817,False
2026-02-27,3.36,77.522495,3.662685,4948294905.12,4948294905.12,1472706817,1472706817,False
2026-03-02,3.29,75.907443,3.586379,4845205427.93,4845205427.93,1472706817,1472706817,False
2026-03-03,3.28,75.676721,3.575478,4830478359.76,4830478359.76,1472706817,1472706817,False
2026-03-04,3.29,75.907443,3.586379,4845205427.93,4845205427.93,1472706817,1472706817,False
2026-03-05,3.33,76.83033,3.629982,4904113700.61,4904113700.61,1472706817,1472706817,False
2026-03-06,3.66,84.444146,3.98971,5390106950.22,5390106950.22,1472706817,1472706817,False
2026-03-09,3.63,83.751981,3.957007,5345925745.71,5345925745.71,1472706817,1472706817,False
2026-03-10,3.88,89.520024,4.229529,5714102449.96,5714102449.96,1472706817,1472706817,False
2026-03-11,3.88,89.520024,4.229529,5714102449.96,5714102449.96,1472706817,1472706817,False
2026-03-12,4.14,95.518789,4.512951,6097006222.38,6097006222.38,1472706817,1472706817,False
2026-03-13,3.88,89.520024,4.229529,5714102449.96,5714102449.96,1472706817,1472706817,False
2026-03-16,4.27,98.518171,4.654662,6288458108.59,6288458108.59,1472706817,1472706817,False
2026-03-17,4.7,108.439204,5.123398,6921722039.9,6921722039.9,1472706817,1472706817,False
2026-03-18,5.17,119.283125,5.635738,7613894243.89,7613894243.89,1472706817,1472706817,False
2026-03-19,5.69,131.280654,6.202582,8379701788.73,8379701788.73,1472706817,1472706817,False
2026-03-20,6.26,144.431791,6.82393,9219144674.42,9219144674.42,1472706817,1472706817,False
2026-03-23,6.89,158.967259,7.510684,10146949969.13,10146949969.13,1472706817,1472706817,False
2026-03-24,7.58,174.887057,8.262842,11163117672.86,11163117672.86,1472706817,1472706817,False
2026-03-25,8.34,192.421907,9.091306,12282374853.78,12282374853.78,1472706817,1472706817,False
2026-03-26,8.88,204.88088,9.679952,13077636534.96,13077636534.96,1472706817,1472706817,False
2026-03-27,8.99,207.418819,9.799861,13239634284.83,13239634284.83,1472706817,1472706817,False
2026-03-30,8.09,186.653865,8.818785,11914198149.53,11914198149.53,1472706817,1472706817,False
2026-03-31,8.35,192.652629,9.102207,12297101921.95,12297101921.95,1472706817,1472706817,False
2026-04-01,7.52,173.502727,8.197437,11074755263.84,11074755263.84,1472706817,1472706817,False
2026-04-02,7.34,169.349736,8.001222,10809668036.78,10809668036.78,1472706817,1472706817,False
2026-04-03,7.08,163.350972,7.7178,10426764264.36,10426764264.36,1472706817,1472706817,False
2026-04-07,7.52,173.502727,8.197437,11074755263.84,11074755263.84,1472706817,1472706817,False
2026-04-08,7.68,177.194274,8.371851,11310388354.56,11310388354.56,1472706817,1472706817,False
2026-04-09,7.14,164.735302,7.783205,10515126673.38,10515126673.38,1472706817,1472706817,False
2026-04-10,6.64,153.199216,7.238162,9778773264.88,9778773264.88,1472706817,1472706817,False
2026-04-13,7.3,168.426849,7.957618,10750759764.1,10750759764.1,1472706817,1472706817,False
2026-04-14,8.03,185.269534,8.75338,11825835740.51,11825835740.51,1472706817,1472706817,False
2026-04-15,8.05,185.730978,8.775182,11855289876.85,11855289876.85,1472706817,1472706817,False
2026-04-16,7.29,168.196128,7.946717,10736032695.93,10736032695.93,1472706817,1472706817,False
2026-04-17,7.14,164.735302,7.783205,10515126673.38,10515126673.38,1472706817,1472706817,False
2026-04-20,7.39,170.503345,8.055726,10883303377.63,10883303377.63,1472706817,1472706817,False
2026-04-21,8.13,187.576751,8.862389,11973106422.21,11973106422.21,1472706817,1472706817,False
2026-04-22,8.94,206.26521,9.745357,13165998943.98,13165998943.98,1472706817,1472706817,False
2026-04-23,9.83,226.799442,10.715533,14476708011.11,14476708011.11,1472706817,1472706817,False
2026-04-24,9.2,212.263974,10.028779,13548902716.4,13548902716.4,1472706817,1472706817,False
2026-04-27,10.12,233.4904,11.0317,14903792988.0,14903792988.0,1472706816,1472706816,False
2026-04-28,10.8,249.1794,11.7729,15905233624.0,15905233624.0,1472706816,1472706816,False
2026-04-29,10.43,240.6427,11.3696,15360332101.0,15360332101.0,1472706816,1472706816,False
2026-04-30,9.92,360.2753,9.5182,14609251625.0,14609251625.0,1472706816,1472706816,False
2026-05-06,10.91,396.2302,10.4681,16067231373.0,16067231373.0,1472706816,1472706816,False
2026-05-07,12.0,435.8169,11.514,17672481804.0,17672481804.0,1472706816,1472706816,False
2026-05-08,12.44,451.7969,11.9362,18320472803.0,18320472803.0,1472706816,1472706816,False
2026-05-11,13.68,496.8313,13.1259,20146629257.0,20146629257.0,1472706816,1472706816,False
2026-05-12,15.05,546.5871,14.4405,22164237596.0,22164237596.0,1472706816,1472706816,False
2026-05-13,16.56,601.4274,15.8893,24388024890.0,24388024890.0,1472706816,1472706816,False
2026-05-14,16.64,604.3328,15.9661,24505841435.0,24505841435.0,1472706816,1472706816,False
2026-05-15,17.43,633.0241,16.7241,25669279820.0,25669279820.0,1472706816,1472706816,False
2026-05-18,15.69,569.8306,15.0545,23106769959.0,23106769959.0,1472706816,1472706816,False
2026-05-19,16.15,586.5369,15.4959,23784215095.0,23784215095.0,1472706816,1472706816,False
2026-05-20,14.54,528.0648,13.9511,21413157119.0,21413157119.0,1472706816,1472706816,False
2026-05-21,14.23,516.8062,13.6537,20956618006.0,20956618006.0,1472706816,1472706816,False
2026-05-22,14.56,528.7912,13.9703,21442611256.0,21442611256.0,1472706816,1472706816,False
2026-05-25,16.02,581.8156,15.3712,23592763208.0,23592763208.0,1472706816,1472706816,False
2026-05-26,16.88,613.0491,16.1963,24859291071.0,24859291071.0,1472706816,1472706816,False
2026-05-27,18.57,674.4267,17.8179,27348165592.0,27348165592.0,1472706816,1472706816,False
2026-05-28,19.26,699.4862,18.4799,28364333295.0,28364333295.0,1472706816,1472706816,False
2026-05-29,20.03,727.4511,19.2188,29498317545.0,29498317545.0,1472706816,1472706816,False
2026-06-01,18.5,671.8844,17.7507,27245076115.0,27245076115.0,1472706816,1472706816,False
2026-06-02,19.4,704.5707,18.6143,28570512250.0,28570512250.0,1472706816,1472706816,False
2026-06-03,21.34,775.0278,20.4757,31427563475.0,31427563475.0,1472706816,1472706816,False
2026-06-04,21.97,797.9082,21.0802,32355368769.0,32355368769.0,1472706816,1472706816,False
2026-06-05,20.01,726.7247,19.1996,29468863408.0,29468863408.0,1472706816,1472706816,False
2026-06-08,19.3,700.9389,18.5183,28423241568.0,28423241568.0,1472706816,1472706816,False
2026-06-09,21.23,771.0328,20.3702,31265565725.0,31265565725.0,1472706816,1472706816,False
2026-06-10,19.11,694.0385,18.336,28143427273.0,28143427273.0,1472706816,1472706816,False
2026-06-11,17.73,643.9195,17.0119,26111091865.0,26111091865.0,1472706816,1472706816,False
2026-06-12,17.5,635.5664,16.7912,25772369298.0,25772369298.0,1472706816,1472706816,False
2026-06-15,17.83,647.5513,17.1079,26258362244.0,26258362244.0,1472706816,1472706816,False
2026-06-16,18.55,673.7003,17.7987,27318711140.0,27318711140.0,1472706816,1472706816,False
2026-06-17,17.8,646.4618,17.0791,26214181040.0,26214181040.0,1472706816,1472706816,False
2026-06-18,16.38,594.8901,15.7166,24122937384.0,24122937384.0,1472706816,1472706816,False
2026-06-22,16.39,595.2533,15.7262,24137664452.0,24137664452.0,1472706816,1472706816,False
2026-06-23,15.66,568.7411,15.0257,23062588488.0,23062588488.0,1472706816,1472706816,False
2026-06-24,15.77,572.74,15.13,23225000000.0,23225000000.0,1472706817,1472706817,False
2026-06-25,15.24,553.49,14.62,22444000000.0,22444000000.0,1472706817,1472706817,False
2026-06-26,15.37,558.21,14.75,22636000000.0,22636000000.0,1472706817,1472706817,False
2026-06-29,16.2,588.35,15.54,23858000000.0,23858000000.0,1472706817,1472706817,False
2026-06-30,14.96,543.32,14.35,22032000000.0,22032000000.0,1472706817,1472706817,False
2026-07-01,15.36,557.85,14.74,22621000000.0,22621000000.0,1472706817,1472706817,False
2026-07-02,13.82,501.92,13.26,20353000000.0,20353000000.0,1472706817,1472706817,False
2026-07-03,13.2,479.4,12.67,19440000000.0,19440000000.0,1472706817,1472706817,False
2026-07-06,12.66,459.79,12.15,18644000000.0,18644000000.0,1472706817,1472706817,False
2026-07-07,12.35,448.53,11.85,18188000000.0,18188000000.0,1472706817,1472706817,False
2026-07-08,11.74,426.37,11.26,17290000000.0,17290000000.0,1472706817,1472706817,False
2026-07-09,12.22,443.81,11.73,17996000000.0,17996000000.0,1472706817,1472706817,False
2026-07-10,12.9,468.5,12.38,18998000000.0,18998000000.0,1472706817,1472706817,False
2026-07-13,11.61,421.65,11.14,17098000000.0,17098000000.0,1472706817,1472706817,False
2026-07-14,11.92,432.91,11.44,17555000000.0,17555000000.0,1472706817,1472706817,False
2026-07-15,12.33,447.8,11.83,18158000000.0,18158000000.0,1472706817,1472706817,False
2026-07-16,12.05,437.63,11.56,17746000000.0,17746000000.0,1472706817,1472706817,False
2026-07-17,11.65,423.11,11.18,17157000000.0,17157000000.0,1472706817,1472706817,False
2026-07-20,12.82,465.6,12.3,18880000000.0,18880000000.0,1472706817,1472706817,False
2026-07-21,13.56,492.47,13.01,19970000000.0,19970000000.0,1472706817,1472706817,False
2026-07-22,14.92,541.87,14.32,21973000000.0,21973000000.0,1472706817,1472706817,False
2026-07-23,16.41,595.98,15.75,24167000000.0,24167000000.0,1472706817,1472706817,False
2026-07-24,14.77,536.42,14.17,21752000000.0,21752000000.0,1472706817,1472706817,False
2026-07-27,15.68,569.47,15.04,23092000000.0,23092000000.0,1472706817,1472706817,False
2026-07-28,16.58,602.15,15.91,24417000000.0,24417000000.0,1472706817,1472706817,False
2026-07-29,16.16,586.9,15.51,23799000000.0,23799000000.0,1472706817,1472706817,False
2026-07-30,14.54,528.06,13.95,21413000000.0,21413000000.0,1472706817,1472706817,False
2026-07-31,14.1,512.08,13.53,20765000000.0,20765000000.0,1472706817,1472706817,False
2026-08-03,15.51,563.29,14.88,22842000000.0,22842000000.0,1472706817,1472706817,False
2026-08-04,16.37,594.53,15.71,24108000000.0,24108000000.0,1472706817,1472706817,False
2026-08-05,17.53,636.66,16.82,25817000000.0,25817000000.0,1472706817,1472706817,False
2026-08-06,17.35,630.12,16.65,25551000000.0,25551000000.0,1472706817,1472706817,False
2026-08-07,17.73,643.92,17.01,26111000000.0,26111000000.0,1472706817,1472706817,False
2026-08-10,17.21,625.03,16.51,25345000000.0,25345000000.0,1472706817,1472706817,False
2026-08-11,16.8,610.14,16.12,24741000000.0,24741000000.0,1472706817,1472706817,False
2026-08-12,17.18,623.94,16.48,25301000000.0,25301000000.0,1472706817,1472706817,False
2026-08-13,18.73,680.24,17.97,27584000000.0,27584000000.0,1472706817,1472706817,False
2026-08-14,16.99,617.04,16.3,25021000000.0,25021000000.0,1472706817,1472706817,False
2026-08-17,16.92,614.5,16.23,24918000000.0,24918000000.0,1472706817,1472706817,False
2026-08-18,15.59,566.2,14.96,22959000000.0,22959000000.0,1472706817,1472706817,False
2026-08-19,14.58,529.52,13.99,21472000000.0,21472000000.0,1472706817,1472706817,False
2026-08-20,14.67,532.79,14.08,21605000000.0,21605000000.0,1472706817,1472706817,False
2026-08-21,14.28,518.62,13.7,21030000000.0,21030000000.0,1472706817,1472706817,False
2026-08-24,14.17,514.63,13.6,20868000000.0,20868000000.0,1472706817,1472706817,False
2026-08-25,14.14,513.54,13.57,20824000000.0,20824000000.0,1472706817,1472706817,False
2026-08-26,14.97,464.73,14.75,22046000000.0,22046000000.0,1472706817,1472706817,False
2026-08-27,14.71,456.66,14.49,21664000000.0,21664000000.0,1472706817,1472706817,False
2026-08-28,14.17,439.9,13.96,20868000000.0,20868000000.0,1472706817,1472706817,False
