date,close,pe_ttm,pb,total_mv,float_mv,total_share,float_share,is_st
2020-01-02,8.44,13.504657,1.290161,25877734021.2,25877734021.2,3066082230,3066082230,False
2020-01-03,8.45,13.520658,1.29169,25908394843.5,25908394843.5,3066082230,3066082230,False
2020-01-06,8.48,13.56866,1.296276,26000377310.4,26000377310.4,3066082230,3066082230,False
2020-01-07,8.55,13.680665,1.306976,26215003066.5,26215003066.5,3066082230,3066082230,False
2020-01-08,8.39,13.424653,1.282518,25724429909.7,25724429909.7,3066082230,3066082230,False
2020-01-09,8.76,14.016682,1.339077,26858880334.8,26858880334.8,3066082230,3066082230,False
2020-01-10,8.7,13.920677,1.329906,26674915401.0,26674915401.0,3066082230,3066082230,False
2020-01-13,8.77,14.032682,1.340606,26889541157.1,26889541157.1,3066082230,3066082230,False
2020-01-14,8.78,14.048683,1.342135,26920201979.4,26920201979.4,3066082230,3066082230,False
2020-01-15,8.69,13.904676,1.328377,26644254578.7,26644254578.7,3066082230,3066082230,False
2020-01-16,8.57,13.712667,1.310034,26276324711.1,26276324711.1,3066082230,3066082230,False
2020-01-17,8.55,13.680665,1.306976,26215003066.5,26215003066.5,3066082230,3066082230,False
2020-01-20,8.71,13.936678,1.331434,26705576223.3,26705576223.3,3066082230,3066082230,False
2020-01-21,8.55,13.680665,1.306976,26215003066.5,26215003066.5,3066082230,3066082230,False
2020-01-22,8.61,13.77667,1.316148,26398968000.3,26398968000.3,3066082230,3066082230,False
2020-01-23,8.26,13.216643,1.262646,25325839219.8,25325839219.8,3066082230,3066082230,False
2020-02-03,7.43,11.888578,1.13577,22780990968.9,22780990968.9,3066082230,3066082230,False
2020-02-04,7.31,11.696569,1.117427,22413061101.3,22413061101.3,3066082230,3066082230,False
2020-02-05,7.41,11.856577,1.132713,22719669324.3,22719669324.3,3066082230,3066082230,False
2020-02-06,7.5,12.000584,1.14647,22995616725.0,22995616725.0,3066082230,3066082230,False
2020-02-07,7.54,12.064587,1.152585,23118260014.2,23118260014.2,3066082230,3066082230,False
2020-02-10,7.65,12.240595,1.1694,23455529059.5,23455529059.5,3066082230,3066082230,False
2020-02-11,7.61,12.176592,1.163285,23332885770.3,23332885770.3,3066082230,3066082230,False
2020-02-12,7.75,12.400603,1.184686,23762137282.5,23762137282.5,3066082230,3066082230,False
2020-02-13,7.64,12.224594,1.167871,23424868237.2,23424868237.2,3066082230,3066082230,False
2020-02-14,7.65,12.240595,1.1694,23455533557.7,23455533557.7,3066082818,3066082818,False
2020-02-17,8.13,13.008635,1.242774,24927253310.34,24927253310.34,3066082818,3066082818,False
2020-02-18,8.16,13.056637,1.24736,25019235794.88,25019235794.88,3066082818,3066082818,False
2020-02-19,8.27,13.056637,1.24736,25356504904.86,25356504904.86,3066082818,3066082818,False
2020-02-20,8.36,13.376653,1.277933,25632452358.48,25632452358.48,3066082818,3066082818,False
2020-02-21,8.54,13.664667,1.305448,26184347265.72,26184347265.72,3066082818,3066082818,False
2020-02-24,9.12,14.592712,1.394108,27962675300.16,27962675300.16,3066082818,3066082818,False
2020-02-25,9.56,15.296747,1.461368,29311751740.08,29311751740.08,3066082818,3066082818,False
2020-02-26,9.14,14.624714,1.397166,28023996956.52,28023996956.52,3066082818,3066082818,False
2020-02-27,8.95,14.320699,1.368122,27441441221.1,27441441221.1,3066082818,3066082818,False
2020-02-28,8.42,13.472658,1.287104,25816417327.56,25816417327.56,3066082818,3066082818,False
2020-03-02,9.02,14.432705,1.378822,27656067018.36,27656067018.36,3066082818,3066082818,False
2020-03-03,9.0,14.400703,1.375765,27594745362.0,27594745362.0,3066082818,3066082818,False
2020-03-04,9.07,14.512709,1.386465,27809371159.26,27809371159.26,3066082818,3066082818,False
2020-03-05,9.48,15.168741,1.449139,29066465114.64,29066465114.64,3066082818,3066082818,False
2020-03-06,9.25,14.800723,1.41398,28361266066.5,28361266066.5,3066082818,3066082818,False
2020-03-09,9.2,14.720719,1.406337,28207961925.6,28207961925.6,3066082818,3066082818,False
2020-03-10,10.12,16.192791,1.546971,31028758118.16,31028758118.16,3066082818,3066082818,False
2020-03-11,10.33,16.528807,1.579072,31672635509.94,31672635509.94,3066082818,3066082818,False
2020-03-12,10.93,17.488854,1.67079,33512285200.74,33512285200.74,3066082818,3066082818,False
2020-03-13,10.82,17.312845,1.653975,33175016090.76,33175016090.76,3066082818,3066082818,False
2020-03-16,10.1,16.160789,1.543914,30967436461.8,30967436461.8,3066082818,3066082818,False
2020-03-17,11.11,17.776868,1.698305,34064180107.98,34064180107.98,3066082818,3066082818,False
2020-03-18,11.13,17.808869,1.701362,34125501764.34,34125501764.34,3066082818,3066082818,False
2020-03-19,11.9,19.04093,1.819067,36486385534.2,36486385534.2,3066082818,3066082818,False
2020-03-20,12.02,19.232939,1.83741,36854315472.36,36854315472.36,3066082818,3066082818,False
2020-03-23,11.3,18.080883,1.727349,34646735843.4,34646735843.4,3066082818,3066082818,False
2020-03-24,10.97,17.552857,1.676904,33634928513.46,33634928513.46,3066082818,3066082818,False
2020-03-25,11.01,17.61686,1.683019,33757571826.18,33757571826.18,3066082818,3066082818,False
2020-03-26,11.18,17.888873,1.709006,34278805905.24,34278805905.24,3066082818,3066082818,False
2020-03-27,10.67,17.072834,1.631046,32715103668.06,32715103668.06,3066082818,3066082818,False
2020-03-30,9.9,15.840773,1.513341,30354219898.2,30354219898.2,3066082818,3066082818,False
2020-03-31,9.61,15.376751,1.469011,29465390530.01,29465390530.01,3066117641,3066117641,False
2020-04-01,9.46,15.136739,1.446082,29005472883.86,29005472883.86,3066117641,3066117641,False
2020-04-02,10.2,16.320982,1.559218,31274399938.2,31274399938.2,3066117641,3066117641,False
2020-04-03,9.9,15.840953,1.513358,30354564645.9,30354564645.9,3066117641,3066117641,False
2020-04-07,10.15,16.240977,1.551575,31121094056.15,31121094056.15,3066117641,3066117641,False
2020-04-08,10.83,17.329043,1.655522,33206054052.03,33206054052.03,3066117641,3066117641,False
2020-04-09,10.87,17.393047,1.661637,33328698757.67,33328698757.67,3066117641,3066117641,False
2020-04-10,10.29,16.464991,1.572976,31550350525.89,31550350525.89,3066117641,3066117641,False
2020-04-13,10.31,16.496993,1.576033,31611672878.71,31611672878.71,3066117641,3066117641,False
2020-04-14,10.73,17.169033,1.640236,32899442287.93,32899442287.93,3066117641,3066117641,False
2020-04-15,10.76,17.217036,1.644822,32991425817.16,32991425817.16,3066117641,3066117641,False
2020-04-16,11.18,17.889077,1.709025,34279195226.38,34279195226.38,3066117641,3066117641,False
2020-04-17,10.91,17.457051,1.667752,33451343463.31,33451343463.31,3066117641,3066117641,False
2020-04-20,11.32,18.11309,1.730426,34708451696.12,34708451696.12,3066117641,3066117641,False
2020-04-21,11.67,18.673124,1.783929,35781592870.47,35781592870.47,3066117641,3066117641,False
2020-04-22,11.5,18.401107,1.757942,35260352871.5,35260352871.5,3066117641,3066117641,False
2020-04-23,10.9,17.44105,1.666223,33420682286.9,33420682286.9,3066117641,3066117641,False
2020-04-24,10.6,16.961021,1.620364,32500846994.6,32500846994.6,3066117641,3066117641,False
2020-04-27,10.68,17.089028,1.632593,32746136405.88,32746136405.88,3066117641,3066117641,False
2020-04-28,10.43,16.689004,1.594377,31979606995.63,31979606995.63,3066117641,3066117641,False
2020-04-29,10.7,17.12103,1.63565,32807458758.7,32807458758.7,3066117641,3066117641,False
2020-04-30,11.17,18.923915,1.65559,34248534049.97,34248534049.97,3066117641,3066117641,False
2020-05-06,11.4,19.313575,1.68968,34953741107.4,34953741107.4,3066117641,3066117641,False
2020-05-07,11.18,18.940857,1.657072,34279195226.38,34279195226.38,3066117641,3066117641,False
2020-05-08,11.48,19.449109,1.701537,35199030518.68,35199030518.68,3066117641,3066117641,False
2020-05-11,12.63,21.397408,1.871987,38725065805.83,38725065805.83,3066117641,3066117641,False
2020-05-12,12.4,21.007748,1.837897,38019858748.4,38019858748.4,3066117641,3066117641,False
2020-05-13,12.33,20.889156,1.827522,37805230513.53,37805230513.53,3066117641,3066117641,False
2020-05-14,12.36,20.939981,1.831968,37897214042.76,37897214042.76,3066117641,3066117641,False
2020-05-15,12.4,21.007748,1.837897,38019858748.4,38019858748.4,3066117641,3066117641,False
2020-05-18,12.01,20.347021,1.780092,36824072868.41,36824072868.41,3066117641,3066117641,False
2020-05-19,11.94,20.228429,1.769717,36609444633.54,36609444633.54,3066117641,3066117641,False
2020-05-20,12.09,20.482555,1.79195,37069362279.69,37069362279.69,3066117641,3066117641,False
2020-05-21,11.74,19.889594,1.740074,35996221105.34,35996221105.34,3066117641,3066117641,False
2020-05-22,11.75,19.906536,1.741556,36026882281.75,36026882281.75,3066117641,3066117641,False
2020-05-25,11.39,19.296633,1.688197,34923079930.99,34923079930.99,3066117641,3066117641,False
2020-05-26,11.87,20.109837,1.759342,36394816398.67,36394816398.67,3066117641,3066117641,False
2020-05-27,12.06,20.431729,1.787503,36977378750.46,36977378750.46,3066117641,3066117641,False
2020-05-28,11.69,19.804885,1.732663,35842915223.29,35842915223.29,3066117641,3066117641,False
2020-05-29,11.6,19.65241,1.719323,35566964635.6,35566964635.6,3066117641,3066117641,False
2020-06-01,12.15,20.584205,1.800843,37253329338.15,37253329338.15,3066117641,3066117641,False
2020-06-02,12.14,20.567263,1.799361,37222668161.74,37222668161.74,3066117641,3066117641,False
2020-06-03,12.07,20.448671,1.788985,37008039926.87,37008039926.87,3066117641,3066117641,False
2020-06-04,11.98,20.296196,1.775646,36732089339.18,36732089339.18,3066117641,3066117641,False
2020-06-05,11.75,19.906536,1.741556,36026882281.75,36026882281.75,3066117641,3066117641,False
2020-06-08,11.85,20.075953,1.756377,36333494045.85,36333494045.85,3066117641,3066117641,False
2020-06-09,11.64,19.720177,1.725252,35689609341.24,35689609341.24,3066117641,3066117641,False
2020-06-10,11.69,19.804885,1.732663,35842915223.29,35842915223.29,3066117641,3066117641,False
2020-06-11,11.52,19.516876,1.707466,35321675224.32,35321675224.32,3066117641,3066117641,False
2020-06-12,11.53,19.533818,1.708948,35352336400.73,35352336400.73,3066117641,3066117641,False
2020-06-15,11.05,18.720614,1.637803,33880599933.05,33880599933.05,3066117641,3066117641,False
2020-06-16,11.3,19.144158,1.674858,34647129343.3,34647129343.3,3066117641,3066117641,False
2020-06-17,11.31,19.1611,1.67634,34677790519.71,34677790519.71,3066117641,3066117641,False
2020-06-18,11.57,19.601585,1.714877,35474981106.37,35474981106.37,3066117641,3066117641,False
2020-06-19,11.68,19.787944,1.73118,35812254046.88,35812254046.88,3066117641,3066117641,False
2020-06-22,11.62,19.686293,1.722287,35628286988.42,35628286988.42,3066117641,3066117641,False
2020-06-23,11.32,19.178041,1.677822,34708451696.12,34708451696.12,3066117641,3066117641,False
2020-06-24,11.3,19.144158,1.674858,34647129343.3,34647129343.3,3066117641,3066117641,False
2020-06-29,11.13,18.856148,1.649661,34125889344.33,34125889344.33,3066117641,3066117641,False
2020-06-30,11.45,19.398284,1.69709,35107255940.5,35107255940.5,3066135890,3066135890,False
2020-07-01,11.21,18.991682,1.661518,34371383326.9,34371383326.9,3066135890,3066135890,False
2020-07-02,11.42,19.347574,1.692654,35015271863.8,35015271863.8,3066135890,3066135890,False
2020-07-03,11.46,19.415341,1.698583,35137917299.4,35137917299.4,3066135890,3066135890,False
2020-07-06,12.07,20.448793,1.788996,37008260192.3,37008260192.3,3066135890,3066135890,False
2020-07-07,12.38,20.97399,1.834944,37958762318.2,37958762318.2,3066135890,3066135890,False
2020-07-08,12.49,21.16035,1.851248,38296037266.1,38296037266.1,3066135890,3066135890,False
2020-07-09,13.74,23.278079,2.036521,42128707128.6,42128707128.6,3066135890,3066135890,False
2020-07-10,13.3,22.532638,1.971305,40779607337.0,40779607337.0,3066135890,3066135890,False
2020-07-13,13.66,23.142544,2.024663,41883416257.4,41883416257.4,3066135890,3066135890,False
2020-07-14,13.31,22.54958,1.972787,40810268695.9,40810268695.9,3066135890,3066135890,False
2020-07-15,12.78,21.651663,1.894231,39185216674.2,39185216674.2,3066135890,3066135890,False
2020-07-16,11.83,20.042189,1.753424,36272387578.7,36272387578.7,3066135890,3066135890,False
2020-07-17,12.02,20.364084,1.781585,36854953397.8,36854953397.8,3066135890,3066135890,False
2020-07-20,12.16,20.601269,1.802336,37284212422.4,37284212422.4,3066135890,3066135890,False
2020-07-21,11.98,20.296316,1.775656,36732307962.2,36732307962.2,3066135890,3066135890,False
2020-07-22,11.84,20.059131,1.754906,36303048937.6,36303048937.6,3066135890,3066135890,False
2020-07-23,11.53,19.533934,1.708958,35352546811.7,35352546811.7,3066135890,3066135890,False
2020-07-24,11.15,18.890144,1.652635,34187415173.5,34187415173.5,3066135890,3066135890,False
2020-07-27,11.26,19.076504,1.668939,34524690121.4,34524690121.4,3066135890,3066135890,False
2020-07-28,11.58,19.618643,1.716369,35505853606.2,35505853606.2,3066135890,3066135890,False
2020-07-29,11.8,19.991363,1.748977,36180403502.0,36180403502.0,3066135890,3066135890,False
2020-07-30,11.57,19.601701,1.714887,35475192247.3,35475192247.3,3066135890,3066135890,False
2020-07-31,11.67,19.77112,1.729709,35781805836.3,35781805836.3,3066135890,3066135890,False
2020-08-03,11.94,20.228549,1.769728,36609662526.6,36609662526.6,3066135890,3066135890,False
2020-08-04,11.67,19.77112,1.729709,35781805836.3,35781805836.3,3066135890,3066135890,False
2020-08-05,11.7,19.821945,1.734155,35873789913.0,35873789913.0,3066135890,3066135890,False
2020-08-06,11.47,19.432283,1.700065,35168578658.3,35168578658.3,3066135890,3066135890,False
2020-08-07,11.27,19.093446,1.670421,34555351480.3,34555351480.3,3066135890,3066135890,False
2020-08-10,11.4,19.31369,1.68969,34953949146.0,34953949146.0,3066135890,3066135890,False
2020-08-11,11.2,18.974853,1.660046,34340721968.0,34340721968.0,3066135890,3066135890,False
2020-08-12,11.18,18.94097,1.657082,34279399250.2,34279399250.2,3066135890,3066135890,False
2020-08-13,11.23,19.025679,1.664492,34432706044.7,34432706044.7,3066135890,3066135890,False
2020-08-14,11.26,19.076504,1.668939,34524690121.4,34524690121.4,3066135890,3066135890,False
2020-08-17,11.62,19.68641,1.722298,35628499041.8,35628499041.8,3066135890,3066135890,False
2020-08-18,11.56,19.584759,1.713405,35444530888.4,35444530888.4,3066135890,3066135890,False
2020-08-19,11.32,19.178155,1.677832,34708658274.8,34708658274.8,3066135890,3066135890,False
2020-08-20,11.23,19.025679,1.664492,34432706044.7,34432706044.7,3066135890,3066135890,False
2020-08-21,11.25,19.059563,1.667457,34494028762.5,34494028762.5,3066135890,3066135890,False
2020-08-24,11.27,19.093446,1.670421,34555351480.3,34555351480.3,3066135890,3066135890,False
2020-08-25,11.21,18.991795,1.661528,34371383326.9,34371383326.9,3066135890,3066135890,False
2020-08-26,10.79,18.280238,1.599276,33083606253.1,33083606253.1,3066135890,3066135890,False
2020-08-27,10.68,18.093878,1.582972,32746331305.2,32746331305.2,3066135890,3066135890,False
2020-08-28,10.88,18.432715,1.612616,33359558483.2,33359558483.2,3066135890,3066135890,False
2020-08-31,11.3,17.644473,1.618096,34647335557.0,34647335557.0,3066135890,3066135890,False
2020-09-01,11.74,18.331514,1.681101,35996435348.6,35996435348.6,3066135890,3066135890,False
2020-09-02,11.69,18.253441,1.673942,35843128554.1,35843128554.1,3066135890,3066135890,False
2020-09-03,11.32,17.675702,1.62096,34708658274.8,34708658274.8,3066135890,3066135890,False
2020-09-04,11.23,17.535171,1.608072,34432706044.7,34432706044.7,3066135890,3066135890,False
2020-09-07,11.07,17.285338,1.585161,33942124302.3,33942124302.3,3066135890,3066135890,False
2020-09-08,11.08,17.300952,1.586593,33972785661.2,33972785661.2,3066135890,3066135890,False
2020-09-09,10.8,16.863744,1.546499,33114267612.0,33114267612.0,3066135890,3066135890,False
2020-09-10,10.52,16.426536,1.506404,32255749562.8,32255749562.8,3066135890,3066135890,False
2020-09-11,10.64,16.613911,1.523588,32623685869.6,32623685869.6,3066135890,3066135890,False
2020-09-14,11.07,17.285338,1.585161,33942124302.3,33942124302.3,3066135890,3066135890,False
2020-09-15,10.94,17.082348,1.566546,33543526636.6,33543526636.6,3066135890,3066135890,False
2020-09-16,10.77,16.8169,1.542203,33022283535.3,33022283535.3,3066135890,3066135890,False
2020-09-17,10.75,16.785671,1.539339,32960960817.5,32960960817.5,3066135890,3066135890,False
2020-09-18,10.88,16.988661,1.557954,33359558483.2,33359558483.2,3066135890,3066135890,False
2020-09-21,10.93,17.066733,1.565114,33512865277.7,33512865277.7,3066135890,3066135890,False
2020-09-22,10.66,16.64514,1.526452,32685008587.4,32685008587.4,3066135890,3066135890,False
2020-09-23,10.68,16.676369,1.529315,32746331305.2,32746331305.2,3066135890,3066135890,False
2020-09-24,10.49,16.379692,1.502109,32163765486.1,32163765486.1,3066135890,3066135890,False
2020-09-25,10.36,16.176703,1.483493,31765167820.4,31765167820.4,3066135890,3066135890,False
2020-09-28,10.2,15.926869,1.460582,31274586078.0,31274586078.0,3066135890,3066135890,False
2020-09-29,10.47,16.348463,1.499245,32102442768.3,32102442768.3,3066135890,3066135890,False
2020-09-30,10.48,16.364077,1.500677,32133218726.0,32133218726.0,3066146825,3066146825,False
2020-10-09,10.86,16.957492,1.555096,33298354519.5,33298354519.5,3066146825,3066146825,False
2020-10-12,11.06,17.269785,1.583735,33911583884.5,33911583884.5,3066146825,3066146825,False
2020-10-13,11.08,17.301014,1.586599,33972906821.0,33972906821.0,3066146825,3066146825,False
2020-10-14,11.48,17.925599,1.643877,35199365551.0,35199365551.0,3066146825,3066146825,False
2020-10-15,11.39,17.785067,1.630989,34923412336.75,34923412336.75,3066146825,3066146825,False
2020-10-16,11.45,17.878755,1.639581,35107381146.25,35107381146.25,3066146825,3066146825,False
2020-10-19,11.34,17.706994,1.62383,34770104995.5,34770104995.5,3066146825,3066146825,False
2020-10-20,11.51,17.972443,1.648173,35291349955.75,35291349955.75,3066146825,3066146825,False
2020-10-21,11.12,17.363472,1.592327,34095552694.0,34095552694.0,3066146825,3066146825,False
2020-10-22,10.99,17.160482,1.573711,33696953606.75,33696953606.75,3066146825,3066146825,False
2020-10-23,10.9,17.01995,1.560824,33421000392.5,33421000392.5,3066146825,3066146825,False
2020-10-26,11.11,17.347858,1.590895,34064891225.75,34064891225.75,3066146825,3066146825,False
2020-10-27,11.0,17.176097,1.575143,33727615075.0,33727615075.0,3066146825,3066146825,False
2020-10-28,10.98,17.144867,1.572279,33666292138.5,33666292138.5,3066146825,3066146825,False
2020-10-29,11.13,17.379087,1.593759,34126214162.25,34126214162.25,3066146825,3066146825,False
2020-10-30,11.03,17.222941,1.579439,33819599479.75,33819599479.75,3066146825,3066146825,False
2020-11-02,10.47,16.348521,1.46488,32102557257.75,32102557257.75,3066146825,3066146825,False
2020-11-03,10.58,16.520282,1.480271,32439833408.5,32439833408.5,3066146825,3066146825,False
2020-11-04,10.45,16.317292,1.462082,32041234321.25,32041234321.25,3066146825,3066146825,False
2020-11-05,11.25,17.566463,1.574012,34494151781.25,34494151781.25,3066146825,3066146825,False
2020-11-06,11.15,17.410316,1.560021,34187537098.75,34187537098.75,3066146825,3066146825,False
2020-11-09,11.31,17.66015,1.582407,34678120590.75,34678120590.75,3066146825,3066146825,False
2020-11-10,11.07,17.285399,1.548828,33942245352.75,33942245352.75,3066146825,3066146825,False
2020-11-11,10.67,16.660814,1.492863,32715786622.75,32715786622.75,3066146825,3066146825,False
2020-11-12,10.7,16.707658,1.49706,32807771027.5,32807771027.5,3066146825,3066146825,False
2020-11-13,10.76,16.801346,1.505455,32991739837.0,32991739837.0,3066146825,3066146825,False
2020-11-16,10.7,16.707658,1.49706,32807771027.5,32807771027.5,3066146825,3066146825,False
2020-11-17,10.78,16.832575,1.508253,33053062773.5,33053062773.5,3066146825,3066146825,False
2020-11-18,11.01,17.191711,1.540433,33758276543.25,33758276543.25,3066146825,3066146825,False
2020-11-19,11.1,17.332243,1.553025,34034229757.5,34034229757.5,3066146825,3066146825,False
2020-11-20,11.12,17.363472,1.555823,34095552694.0,34095552694.0,3066146825,3066146825,False
2020-11-23,11.2,17.488389,1.567016,34340844440.0,34340844440.0,3066146825,3066146825,False
2020-11-24,11.1,17.332243,1.553025,34034229757.5,34034229757.5,3066146825,3066146825,False
2020-11-25,11.03,17.222941,1.543231,33819599479.75,33819599479.75,3066146825,3066146825,False
2020-11-26,11.03,17.222941,1.543231,33819599479.75,33819599479.75,3066146825,3066146825,False
2020-11-27,10.91,17.035565,1.526442,33451661860.75,33451661860.75,3066146825,3066146825,False
2020-11-30,10.81,16.879419,1.51245,33145047178.25,33145047178.25,3066146825,3066146825,False
2020-12-01,10.93,17.066794,1.52924,33512984797.25,33512984797.25,3066146825,3066146825,False
2020-12-02,11.08,17.301014,1.550227,33972906821.0,33972906821.0,3066146825,3066146825,False
2020-12-03,10.88,16.988721,1.522244,33359677456.0,33359677456.0,3066146825,3066146825,False
2020-12-04,10.82,16.895033,1.51385,33175708646.5,33175708646.5,3066146825,3066146825,False
2020-12-07,10.89,17.004336,1.523643,33390338924.25,33390338924.25,3066146825,3066146825,False
2020-12-08,10.77,16.81696,1.506854,33022401305.25,33022401305.25,3066146825,3066146825,False
2020-12-09,10.6,16.551511,1.483069,32501156345.0,32501156345.0,3066146825,3066146825,False
2020-12-10,10.69,16.692043,1.495661,32777109559.25,32777109559.25,3066146825,3066146825,False
2020-12-11,10.52,16.426594,1.471876,32255864599.0,32255864599.0,3066146825,3066146825,False
2020-12-14,10.52,16.426594,1.471876,32255864599.0,32255864599.0,3066146825,3066146825,False
2020-12-15,10.44,16.301677,1.460683,32010572853.0,32010572853.0,3066146825,3066146825,False
2020-12-16,10.48,16.364136,1.466279,32133218726.0,32133218726.0,3066146825,3066146825,False
2020-12-17,10.51,16.41098,1.470477,32225203130.75,32225203130.75,3066146825,3066146825,False
2020-12-18,10.53,16.442209,1.473275,32286526067.25,32286526067.25,3066146825,3066146825,False
2020-12-21,10.68,16.676428,1.494262,32746448091.0,32746448091.0,3066146825,3066146825,False
2020-12-22,10.41,16.254833,1.456486,31918588448.25,31918588448.25,3066146825,3066146825,False
2020-12-23,10.8,16.863804,1.511051,33114385710.0,33114385710.0,3066146825,3066146825,False
2020-12-24,10.65,16.629585,1.490065,32654463686.25,32654463686.25,3066146825,3066146825,False
2020-12-25,10.66,16.645199,1.491464,32685125154.5,32685125154.5,3066146825,3066146825,False
2020-12-28,10.86,16.957492,1.519446,33298354519.5,33298354519.5,3066146825,3066146825,False
2020-12-29,10.99,17.160482,1.537635,33696953606.75,33696953606.75,3066146825,3066146825,False
2020-12-30,10.82,16.895033,1.51385,33175708646.5,33175708646.5,3066146825,3066146825,False
2020-12-31,10.84,16.926263,1.516648,33237097110.8,33237097110.8,3066152870,3066152870,False
2021-01-04,11.02,17.207326,1.541832,33789004627.4,33789004627.4,3066152870,3066152870,False
2021-01-05,11.04,17.238589,1.544633,33850327684.8,33850327684.8,3066152870,3066152870,False
2021-01-06,10.89,17.004369,1.523646,33390404754.3,33390404754.3,3066152870,3066152870,False
2021-01-07,10.66,16.645232,1.491467,32685189594.2,32685189594.2,3066152870,3066152870,False
2021-01-08,11.3,17.644571,1.581011,34647527431.0,34647527431.0,3066152870,3066152870,False
2021-01-11,11.38,16.426365,1.592204,34892819660.6,34892819660.6,3066152870,3066152870,False
2021-01-12,11.43,16.498537,1.599199,35046127304.1,35046127304.1,3066152870,3066152870,False
2021-01-13,11.73,16.93157,1.641173,35965973165.1,35965973165.1,3066152870,3066152870,False
2021-01-14,11.51,16.614013,1.610392,35291419533.7,35291419533.7,3066152870,3066152870,False
2021-01-15,11.3,16.31089,1.581011,34647527431.0,34647527431.0,3066152870,3066152870,False
2021-01-18,11.53,16.642881,1.61319,35352742591.1,35352742591.1,3066152870,3066152870,False
2021-01-19,11.11,16.036636,1.554427,34064958385.7,34064958385.7,3066152870,3066152870,False
2021-01-20,11.07,15.978898,1.548831,33942312270.9,33942312270.9,3066152870,3066152870,False
2021-01-21,11.08,15.993333,1.55023,33972973799.6,33972973799.6,3066152870,3066152870,False
2021-01-22,10.87,15.69021,1.520848,33329081696.9,33329081696.9,3066152870,3066152870,False
2021-01-25,10.95,15.805685,1.532041,33574373926.5,33574373926.5,3066152870,3066152870,False
2021-01-26,10.72,15.473694,1.499861,32869158766.4,32869158766.4,3066152870,3066152870,False
2021-01-27,10.75,15.516997,1.504059,32961143352.5,32961143352.5,3066152870,3066152870,False
2021-01-28,10.43,15.055096,1.459287,31979974434.1,31979974434.1,3066152870,3066152870,False
2021-01-29,10.5,15.156137,1.469081,32194605135.0,32194605135.0,3066152870,3066152870,False
2021-02-01,10.66,15.387087,1.491467,32685189594.2,32685189594.2,3066152870,3066152870,False
2021-02-02,10.55,15.228309,1.476076,32347912778.5,32347912778.5,3066152870,3066152870,False
2021-02-03,10.06,14.521022,1.407519,30845497872.2,30845497872.2,3066152870,3066152870,False
2021-02-04,9.54,13.770433,1.334765,29251098379.8,29251098379.8,3066152870,3066152870,False
2021-02-05,9.37,13.525048,1.31098,28729852391.9,28729852391.9,3066152870,3066152870,False
2021-02-08,9.45,13.640523,1.322173,28975144621.5,28975144621.5,3066152870,3066152870,False
2021-02-09,9.53,13.755998,1.333366,29220436851.1,29220436851.1,3066152870,3066152870,False
2021-02-10,9.52,13.741564,1.331966,29189775322.4,29189775322.4,3066152870,3066152870,False
2021-02-18,9.95,14.362244,1.392129,30508221056.5,30508221056.5,3066152870,3066152870,False
2021-02-19,10.25,14.795276,1.434103,31428066917.5,31428066917.5,3066152870,3066152870,False
2021-02-22,10.42,15.040663,1.457888,31949317031.72,31949317031.72,3066153266,3066153266,False
2021-02-23,10.5,15.156139,1.469081,32194609293.0,32194609293.0,3066153266,3066153266,False
2021-02-24,10.38,14.982926,1.452291,31826670901.08,31826670901.08,3066153266,3066153266,False
2021-02-25,10.21,14.73754,1.428506,31305424845.86,31305424845.86,3066153266,3066153266,False
2021-02-26,10.37,14.968491,1.450892,31796009368.42,31796009368.42,3066153266,3066153266,False
2021-03-01,10.95,15.805687,1.532041,33574378262.7,33574378262.7,3066153266,3066153266,False
2021-03-02,11.1,16.022204,1.553028,34034301252.6,34034301252.6,3066153266,3066153266,False
2021-03-03,11.29,16.296458,1.579612,34616870373.14,34616870373.14,3066153266,3066153266,False
2021-03-04,11.46,16.541843,1.603397,35138116428.36,35138116428.36,3066153266,3066153266,False
2021-03-05,11.29,15.218471,1.516018,34616870373.14,34616870373.14,3066153266,3066153266,False
2021-03-08,11.64,15.690257,1.563016,35690024016.24,35690024016.24,3066153266,3066153266,False
2021-03-09,11.45,15.434145,1.537503,35107454895.7,35107454895.7,3066153266,3066153266,False
2021-03-10,11.3,15.231951,1.517361,34647531905.8,34647531905.8,3066153266,3066153266,False
2021-03-11,11.49,15.488063,1.542874,35230101026.34,35230101026.34,3066153266,3066153266,False
2021-03-12,11.4,15.366747,1.530789,34954147232.4,34954147232.4,3066153266,3066153266,False
2021-03-15,11.47,15.461104,1.540188,35168777961.02,35168777961.02,3066153266,3066153266,False
2021-03-16,11.68,15.744176,1.568387,35812670146.88,35812670146.88,3066153266,3066153266,False
2021-03-17,11.33,15.272389,1.521389,34739516503.78,34739516503.78,3066153266,3066153266,False
2021-03-18,11.43,15.407186,1.534817,35046131830.38,35046131830.38,3066153266,3066153266,False
2021-03-19,11.8,15.905931,1.584501,36180608538.8,36180608538.8,3066153266,3066153266,False
2021-03-22,11.91,16.054206,1.599271,36517885398.06,36517885398.06,3066153266,3066153266,False
2021-03-23,11.8,15.905931,1.584501,36180608538.8,36180608538.8,3066153266,3066153266,False
2021-03-24,11.0,14.827563,1.477077,33727685926.0,33727685926.0,3066153266,3066153266,False
2021-03-25,11.12,14.989318,1.493191,34095624317.92,34095624317.92,3066153266,3066153266,False
2021-03-26,11.63,15.676778,1.561673,35659362483.58,35659362483.58,3066153266,3066153266,False
2021-03-29,11.69,15.757655,1.56973,35843331679.54,35843331679.54,3066153266,3066153266,False
2021-03-30,11.45,15.434145,1.537503,35107454895.7,35107454895.7,3066153266,3066153266,False
2021-03-31,11.45,15.434145,1.537503,35107467364.75,35107467364.75,3066154355,3066154355,False
2021-04-01,11.26,15.178032,1.51199,34524898037.3,34524898037.3,3066154355,3066154355,False
2021-04-02,11.13,15.002803,1.494534,34126297971.15,34126297971.15,3066154355,3066154355,False
2021-04-06,11.23,15.137599,1.507962,34432913406.65,34432913406.65,3066154355,3066154355,False
2021-04-07,11.21,15.11064,1.505276,34371590319.55,34371590319.55,3066154355,3066154355,False
2021-04-08,11.17,15.056721,1.499905,34248944145.35,34248944145.35,3066154355,3066154355,False
2021-04-09,11.01,14.841047,1.47842,33758359448.55,33758359448.55,3066154355,3066154355,False
2021-04-12,10.75,14.490578,1.443508,32961159316.25,32961159316.25,3066154355,3066154355,False
2021-04-13,10.82,14.584935,1.452907,33175790121.1,33175790121.1,3066154355,3066154355,False
2021-04-14,10.72,14.450139,1.439479,32869174685.6,32869174685.6,3066154355,3066154355,False
2021-04-15,10.58,14.261424,1.42068,32439913075.9,32439913075.9,3066154355,3066154355,False
2021-04-16,10.77,14.517537,1.446193,33022482403.35,33022482403.35,3066154355,3066154355,False
2021-04-19,10.87,14.652333,1.459621,33329097838.85,33329097838.85,3066154355,3066154355,False
2021-04-20,10.64,14.342302,1.428737,32623882337.2,32623882337.2,3066154355,3066154355,False
2021-04-21,10.65,14.355782,1.43008,32654543880.75,32654543880.75,3066154355,3066154355,False
2021-04-22,10.73,14.463618,1.440822,32899836229.15,32899836229.15,3066154355,3066154355,False
2021-04-23,10.55,14.220986,1.416652,32347928445.25,32347928445.25,3066154355,3066154355,False
2021-04-26,10.4,14.018791,1.39651,31888005292.0,31888005292.0,3066154355,3066154355,False
2021-04-27,10.31,13.897475,1.384424,31612051400.05,31612051400.05,3066154355,3066154355,False
2021-04-28,10.38,13.991832,1.393824,31826682204.9,31826682204.9,3066154355,3066154355,False
2021-04-29,10.39,13.20112,1.363957,31857343748.45,31857343748.45,3066154355,3066154355,False
2021-04-30,10.22,12.985125,1.34164,31336097508.1,31336097508.1,3066154355,3066154355,False
2021-05-06,10.09,12.819952,1.324574,30937497441.95,30937497441.95,3066154355,3066154355,False
2021-05-07,10.01,12.718307,1.314072,30692205093.55,30692205093.55,3066154355,3066154355,False
2021-05-10,10.03,12.743719,1.316697,30753528180.65,30753528180.65,3066154355,3066154355,False
2021-05-11,10.03,12.743719,1.316697,30753528180.65,30753528180.65,3066154355,3066154355,False
2021-05-12,10.08,12.807247,1.323261,30906835898.4,30906835898.4,3066154355,3066154355,False
2021-05-13,9.97,12.667485,1.308821,30569558919.35,30569558919.35,3066154355,3066154355,False
2021-05-14,10.11,12.845363,1.3272,30998820529.05,30998820529.05,3066154355,3066154355,False
2021-05-17,10.2,12.959714,1.339014,31274774421.0,31274774421.0,3066154355,3066154355,False
2021-05-18,10.18,12.934303,1.336389,31213451333.9,31213451333.9,3066154355,3066154355,False
2021-05-19,10.05,12.76913,1.319323,30814851267.75,30814851267.75,3066154355,3066154355,False
2021-05-20,9.99,12.692896,1.311446,30630882006.45,30630882006.45,3066154355,3066154355,False
2021-05-21,9.97,12.667485,1.308821,30569558919.35,30569558919.35,3066154355,3066154355,False
2021-05-24,10.05,12.76913,1.319323,30814851267.75,30814851267.75,3066154355,3066154355,False
2021-05-25,10.16,12.908891,1.333763,31152128246.8,31152128246.8,3066154355,3066154355,False
2021-05-26,10.17,12.921597,1.335076,31182789790.35,31182789790.35,3066154355,3066154355,False
2021-05-27,10.31,13.099476,1.353455,31612051400.05,31612051400.05,3066154355,3066154355,False
2021-05-28,10.34,13.137592,1.357393,31704036030.7,31704036030.7,3066154355,3066154355,False
2021-05-31,10.6,13.467938,1.391525,32501236163.0,32501236163.0,3066154355,3066154355,False
2021-06-01,10.53,13.378999,1.382335,32286605358.15,32286605358.15,3066154355,3066154355,False
2021-06-02,10.32,13.112181,1.354767,31642712943.6,31642712943.6,3066154355,3066154355,False
2021-06-03,10.41,13.226532,1.366582,31918666835.55,31918666835.55,3066154355,3066154355,False
2021-06-04,10.42,13.239237,1.367895,31949328379.1,31949328379.1,3066154355,3066154355,False
2021-06-07,10.46,13.29006,1.373146,32071974553.3,32071974553.3,3066154355,3066154355,False
2021-06-08,10.3,13.08677,1.352142,31581389856.5,31581389856.5,3066154355,3066154355,False
2021-06-09,10.34,13.137592,1.357393,31704036030.7,31704036030.7,3066154355,3066154355,False
2021-06-10,10.37,13.175709,1.361331,31796020661.35,31796020661.35,3066154355,3066154355,False
2021-06-11,9.93,12.616663,1.30357,30446912745.15,30446912745.15,3066154355,3066154355,False
2021-06-15,9.69,12.311728,1.272064,29711035699.95,29711035699.95,3066154355,3066154355,False
2021-06-16,9.69,12.311728,1.272064,29711035699.95,29711035699.95,3066154355,3066154355,False
2021-06-17,9.78,12.426079,1.283878,29986989591.9,29986989591.9,3066154355,3066154355,False
2021-06-18,9.83,12.489607,1.290442,30140297309.65,30140297309.65,3066154355,3066154355,False
2021-06-21,9.8,12.45149,1.286504,30048312679.0,30048312679.0,3066154355,3066154355,False
2021-06-22,9.82,12.476901,1.28913,30109635766.1,30109635766.1,3066154355,3066154355,False
2021-06-23,9.8,12.45149,1.286504,30048312679.0,30048312679.0,3066154355,3066154355,False
2021-06-24,10.07,12.794541,1.321948,30876174354.85,30876174354.85,3066154355,3066154355,False
2021-06-25,10.02,12.731013,1.315385,30722866637.1,30722866637.1,3066154355,3066154355,False
2021-06-28,9.91,12.591251,1.300944,30385589658.05,30385589658.05,3066154355,3066154355,False
2021-06-29,9.76,12.400667,1.281253,29925666504.8,29925666504.8,3066154355,3066154355,False
2021-06-30,10.0,12.705602,1.312759,30661602550.0,30661602550.0,3066160255,3066160255,False
2021-07-01,9.8,12.45149,1.286504,30048370499.0,30048370499.0,3066160255,3066160255,False
2021-07-02,9.75,12.387986,1.279943,29895062486.25,29895062486.25,3066160255,3066160255,False
2021-07-05,9.77,12.413397,1.282568,29956385691.35,29956385691.35,3066160255,3066160255,False
2021-07-06,9.81,12.464219,1.287819,30079032101.55,30079032101.55,3066160255,3066160255,False
2021-07-07,9.94,12.629393,1.304885,30477632934.7,30477632934.7,3066160255,3066160255,False
2021-07-08,9.91,12.591276,1.300947,30385648127.05,30385648127.05,3066160255,3066160255,False
2021-07-09,9.97,12.667509,1.308823,30569617742.35,30569617742.35,3066160255,3066160255,False
2021-07-12,10.34,13.137618,1.357396,31704097036.7,31704097036.7,3066160255,3066160255,False
2021-07-13,10.25,13.023267,1.345581,31428142613.75,31428142613.75,3066160255,3066160255,False
2021-07-14,10.15,12.896211,1.332453,31121526588.25,31121526588.25,3066160255,3066160255,False
2021-07-15,10.2,12.959739,1.339017,31274834601.0,31274834601.0,3066160255,3066160255,False
2021-07-16,10.32,13.112206,1.35477,31642773831.6,31642773831.6,3066160255,3066160255,False
2021-07-19,10.29,13.074089,1.350832,31550789023.95,31550789023.95,3066160255,3066160255,False
2021-07-20,10.2,12.959739,1.339017,31274834601.0,31274834601.0,3066160255,3066160255,False
2021-07-21,10.2,12.959739,1.339017,31274834601.0,31274834601.0,3066160255,3066160255,False
2021-07-22,9.18,11.663765,1.205115,28147351140.9,28147351140.9,3066160255,3066160255,False
2021-07-23,8.26,10.494847,1.084341,25326483706.3,25326483706.3,3066160255,3066160255,False
2021-07-26,7.45,9.465692,0.978007,22842893899.75,22842893899.75,3066160255,3066160255,False
2021-07-27,7.59,9.64357,0.996386,23272156335.45,23272156335.45,3066160255,3066160255,False
2021-07-28,7.27,9.23699,0.954378,22290985053.85,22290985053.85,3066160255,3066160255,False
2021-07-29,7.28,9.249696,0.955691,22321646656.4,22321646656.4,3066160255,3066160255,False
2021-07-30,7.6,9.656276,0.997699,23302817938.0,23302817938.0,3066160255,3066160255,False
2021-08-02,7.85,9.973917,1.030518,24069358001.75,24069358001.75,3066160255,3066160255,False
2021-08-03,7.65,9.719804,1.004263,23456125950.75,23456125950.75,3066160255,3066160255,False
2021-08-04,7.67,9.745215,1.006888,23517449155.85,23517449155.85,3066160255,3066160255,False
2021-08-05,7.69,9.770627,1.009514,23578772360.95,23578772360.95,3066160255,3066160255,False
2021-08-06,7.58,9.630865,0.995073,23241494732.9,23241494732.9,3066160255,3066160255,False
2021-08-09,7.59,9.64357,0.996386,23272156335.45,23272156335.45,3066160255,3066160255,False
2021-08-10,7.9,10.037445,1.037082,24222666014.5,24222666014.5,3066160255,3066160255,False
2021-08-11,8.69,11.041189,1.14079,26644932615.95,26644932615.95,3066160255,3066160255,False
2021-08-12,9.56,12.146579,1.255,29312492037.8,29312492037.8,3066160255,3066160255,False
2021-08-13,9.28,11.790821,1.218243,28453967166.4,28453967166.4,3066160255,3066160255,False
2021-08-16,9.29,11.803527,1.219556,28484628768.95,28484628768.95,3066160255,3066160255,False
2021-08-17,8.58,10.901427,1.12635,26307654987.9,26307654987.9,3066160255,3066160255,False
2021-08-18,8.23,10.45673,1.080403,25234498898.65,25234498898.65,3066160255,3066160255,False
2021-08-19,8.12,10.316969,1.065963,24897221270.6,24897221270.6,3066160255,3066160255,False
2021-08-20,7.97,10.126384,1.046271,24437297232.35,24437297232.35,3066160255,3066160255,False
2021-08-23,8.19,10.405908,1.075152,25111852488.45,25111852488.45,3066160255,3066160255,False
2021-08-24,8.12,10.316969,1.065963,24897221270.6,24897221270.6,3066160255,3066160255,False
2021-08-25,8.16,10.367791,1.071214,25019867680.8,25019867680.8,3066160255,3066160255,False
2021-08-26,8.37,10.634609,1.098782,25663761334.35,25663761334.35,3066160255,3066160255,False
2021-08-27,7.95,10.100973,1.043646,24375974027.25,24375974027.25,3066160255,3066160255,False
2021-08-30,8.27,17.580132,1.114888,25357145308.85,25357145308.85,3066160255,3066160255,False
2021-08-31,8.13,17.282524,1.096014,24927882873.15,24927882873.15,3066160255,3066160255,False
2021-09-01,8.04,17.091204,1.083881,24651928450.2,24651928450.2,3066160255,3066160255,False
2021-09-02,8.39,17.835225,1.131065,25725084539.45,25725084539.45,3066160255,3066160255,False
2021-09-03,8.36,17.771451,1.127021,25633099731.8,25633099731.8,3066160255,3066160255,False
2021-09-06,8.57,18.217863,1.155331,26276993385.35,26276993385.35,3066160255,3066160255,False
2021-09-07,8.62,18.324152,1.162072,26430301398.1,26430301398.1,3066160255,3066160255,False
2021-09-08,9.13,19.408296,1.230826,27994043128.15,27994043128.15,3066160255,3066160255,False
2021-09-09,9.05,19.238234,1.220041,27748750307.75,27748750307.75,3066160255,3066160255,False
2021-09-10,8.62,18.324152,1.162072,26430301398.1,26430301398.1,3066160255,3066160255,False
2021-09-13,8.7,18.494214,1.172857,26675594218.5,26675594218.5,3066160255,3066160255,False
2021-09-14,8.52,18.111575,1.148591,26123685372.6,26123685372.6,3066160255,3066160255,False
2021-09-15,9.37,19.918481,1.26318,28729921589.35,28729921589.35,3066160255,3066160255,False
2021-09-16,9.0,19.131945,1.2133,27595442295.0,27595442295.0,3066160255,3066160255,False
2021-09-17,9.09,19.323265,1.225433,27871396717.95,27871396717.95,3066160255,3066160255,False
2021-09-22,9.29,19.748419,1.252395,28484628768.95,28484628768.95,3066160255,3066160255,False
2021-09-23,9.23,19.620873,1.244307,28300659153.65,28300659153.65,3066160255,3066160255,False
2021-09-24,8.92,18.961884,1.202515,27350149474.6,27350149474.6,3066160255,3066160255,False
2021-09-27,8.65,18.387925,1.166116,26522286205.75,26522286205.75,3066160255,3066160255,False
2021-09-28,9.0,19.131945,1.2133,27595442295.0,27595442295.0,3066160255,3066160255,False
2021-09-29,8.83,18.770564,1.190382,27074195051.65,27074195051.65,3066160255,3066160255,False
2021-09-30,9.1,19.344522,1.226781,27902235916.1,27902235916.1,3066179771,3066179771,False
2021-10-08,9.16,19.472069,1.23487,28086206702.36,28086206702.36,3066179771,3066179771,False
2021-10-11,9.76,20.747664,1.315765,29925914564.96,29925914564.96,3066179771,3066179771,False
2021-10-12,9.34,19.854834,1.259144,28638119061.14,28638119061.14,3066179771,3066179771,False
2021-10-13,9.17,19.493451,1.236226,28116868500.07,28116868500.07,3066179771,3066179771,False
2021-10-14,9.11,19.365903,1.228137,27932897713.81,27932897713.81,3066179771,3066179771,False
2021-10-15,8.8,18.70691,1.186345,26982381984.8,26982381984.8,3066179771,3066179771,False
2021-10-18,8.89,18.898231,1.198478,27258338164.19,27258338164.19,3066179771,3066179771,False
2021-10-19,8.89,18.898231,1.198478,27258338164.19,27258338164.19,3066179771,3066179771,False
2021-10-20,8.98,19.089551,1.210612,27534294343.58,27534294343.58,3066179771,3066179771,False
2021-10-21,8.86,18.834457,1.194434,27166352771.06,27166352771.06,3066179771,3066179771,False
2021-10-22,8.86,18.834457,1.194434,27166352771.06,27166352771.06,3066179771,3066179771,False
2021-10-25,9.02,19.174583,1.216004,27656941534.42,27656941534.42,3066179771,3066179771,False
2021-10-26,9.08,19.30213,1.224093,27840912320.68,27840912320.68,3066179771,3066179771,False
2021-10-27,9.31,19.79106,1.2551,28546133668.01,28546133668.01,3066179771,3066179771,False
2021-10-28,9.55,20.301249,1.287454,29282016813.05,29282016813.05,3066179771,3066179771,False
2021-10-29,10.11,21.491689,1.362949,30999077484.81,30999077484.81,3066179771,3066179771,False
2021-11-01,11.12,28.813168,1.477678,34095919053.52,34095919053.52,3066179771,3066179771,False
2021-11-02,12.23,31.689303,1.62518,37499378599.33,37499378599.33,3066179771,3066179771,False
2021-11-03,13.36,34.61726,1.77534,40964161740.56,40964161740.56,3066179771,3066179771,False
2021-11-04,14.7,38.08935,1.953405,45072842633.7,45072842633.7,3066179771,3066179771,False
2021-11-05,15.18,39.333084,2.01719,46544608923.78,46544608923.78,3066179771,3066179771,False
2021-11-08,16.04,41.561441,2.131471,49181523526.84,49181523526.84,3066179771,3066179771,False
2021-11-09,16.05,41.587352,2.132799,49212185324.55,49212185324.55,3066179771,3066179771,False
2021-11-10,16.25,42.105574,2.159376,49825421278.75,49825421278.75,3066179771,3066179771,False
2021-11-11,16.32,42.286952,2.168678,50040053862.72,50040053862.72,3066179771,3066179771,False
2021-11-12,17.95,46.510465,2.38528,55037926889.45,55037926889.45,3066179771,3066179771,False
2021-11-15,16.9,43.789797,2.245751,51818438129.9,51818438129.9,3066179771,3066179771,False
2021-11-16,18.15,47.028688,2.411857,55651162843.65,55651162843.65,3066179771,3066179771,False
2021-11-17,19.35,50.138023,2.571319,59330578568.85,59330578568.85,3066179771,3066179771,False
2021-11-18,18.55,48.065133,2.465011,56877634752.05,56877634752.05,3066179771,3066179771,False
2021-11-19,18.5,47.935577,2.458367,56724325763.5,56724325763.5,3066179771,3066179771,False
2021-11-22,18.26,47.31371,2.426475,55988442618.46,55988442618.46,3066179771,3066179771,False
2021-11-23,18.25,47.287799,2.425146,55957780820.75,55957780820.75,3066179771,3066179771,False
2021-11-24,17.79,46.095887,2.364019,54547338126.09,54547338126.09,3066179771,3066179771,False
2021-11-25,17.27,44.748509,2.294919,52952924645.17,52952924645.17,3066179771,3066179771,False
2021-11-26,17.52,45.396287,2.32814,53719469587.92,53719469587.92,3066179771,3066179771,False
2021-11-29,17.85,46.251354,2.371992,54731308912.35,54731308912.35,3066179771,3066179771,False
2021-11-30,18.58,48.142866,2.468998,56969620145.18,56969620145.18,3066179771,3066179771,False
2021-12-01,17.98,46.588199,2.389267,55129912282.58,55129912282.58,3066179771,3066179771,False
2021-12-02,16.86,43.686153,2.240436,54377993594.64,54377993594.64,3225266524,3225266524,False
2021-12-03,16.31,44.453728,2.279801,52604097006.44,52604097006.44,3225266524,3225266524,False
2021-12-06,16.15,44.01764,2.257436,52088054362.6,52088054362.6,3225266524,3225266524,False
2021-12-07,16.0,43.608807,2.236469,51604264384.0,51604264384.0,3225266524,3225266524,False
2021-12-08,16.4,44.699028,2.292381,52894370993.6,52894370993.6,3225266524,3225266524,False
2021-12-09,16.63,45.325904,2.32453,53636182294.12,53636182294.12,3225266524,3225266524,False
2021-12-10,17.06,46.497891,2.384635,56731532882.64,56731532882.64,3325412244,3325412244,False
2021-12-13,17.75,49.880692,2.558122,59755352315.5,59755352315.5,3366498722,3366498722,False
2021-12-14,17.64,49.571572,2.542269,59385037456.08,59385037456.08,3366498722,3366498722,False
2021-12-15,18.11,50.892356,2.610005,60967291855.42,60967291855.42,3366498722,3366498722,False
2021-12-16,17.89,50.895269,2.610154,61057669274.28,61057669274.28,3412949652,3412949652,False
2021-12-17,18.42,52.403066,2.687481,62866532589.84,62866532589.84,3412949652,3412949652,False
2021-12-20,16.58,47.819279,2.452403,56586705230.16,56586705230.16,3412949652,3412949652,False
2021-12-21,17.33,49.982395,2.563338,59146417469.16,59146417469.16,3412949652,3412949652,False
2021-12-22,17.3,49.89587,2.5589,59044028979.6,59044028979.6,3412949652,3412949652,False
2021-12-23,17.23,49.69398,2.548546,58805122503.96,58805122503.96,3412949652,3412949652,False
2021-12-24,15.98,46.088787,2.363655,54538935438.96,54538935438.96,3412949652,3412949652,False
2021-12-27,15.9,45.858054,2.351822,54265899466.8,54265899466.8,3412949652,3412949652,False
2021-12-28,16.52,47.64623,2.443528,56381928251.04,56381928251.04,3412949652,3412949652,False
2021-12-29,16.65,48.02117,2.462756,56825611705.8,56825611705.8,3412949652,3412949652,False
2021-12-30,16.74,48.280744,2.476069,57132777174.48,57132777174.48,3412949652,3412949652,False
2021-12-31,16.96,48.915258,2.50861,57883626097.92,57883626097.92,3412949652,3412949652,False
2022-01-04,16.49,47.559705,2.43909,56279539761.48,56279539761.48,3412949652,3412949652,False
2022-01-05,15.79,45.540797,2.335551,53890475005.08,53890475005.08,3412949652,3412949652,False
2022-01-06,16.05,46.290677,2.374009,54777841914.6,54777841914.6,3412949652,3412949652,False
2022-01-07,15.38,44.358294,2.274907,52491165647.76,52491165647.76,3412949652,3412949652,False
2022-01-10,14.83,42.772009,2.193554,50614043339.16,50614043339.16,3412949652,3412949652,False
2022-01-11,14.55,41.964446,2.152139,49658417436.6,49658417436.6,3412949652,3412949652,False
2022-01-12,14.77,42.59896,2.184679,50409266360.04,50409266360.04,3412949652,3412949652,False
2022-01-13,13.95,40.233953,2.063391,47610647645.4,47610647645.4,3412949652,3412949652,False
2022-01-14,14.5,41.820238,2.144743,49487769954.0,49487769954.0,3412949652,3412949652,False
2022-01-17,14.55,41.964446,2.152139,49658417436.6,49658417436.6,3412949652,3412949652,False
2022-01-18,14.73,42.483594,2.178763,50272748373.96,50272748373.96,3412949652,3412949652,False
2022-01-19,14.72,42.454752,2.177284,50238618877.44,50238618877.44,3412949652,3412949652,False
2022-01-20,14.35,41.387615,2.122556,48975827506.2,48975827506.2,3412949652,3412949652,False
2022-01-21,14.14,40.781943,2.091494,48259108079.28,48259108079.28,3412949652,3412949652,False
2022-01-24,14.55,41.964446,2.152139,49658417436.6,49658417436.6,3412949652,3412949652,False
2022-01-25,14.06,40.55121,2.079661,47986072107.12,47986072107.12,3412949652,3412949652,False
2022-01-26,15.47,44.617868,2.288219,52798331116.44,52798331116.44,3412949652,3412949652,False
2022-01-27,15.99,46.117628,2.365134,54573064935.48,54573064935.48,3412949652,3412949652,False
2022-01-28,16.62,47.934645,2.458319,56723223216.24,56723223216.24,3412949652,3412949652,False
2022-02-07,16.3,47.011716,2.410987,55631079327.6,55631079327.6,3412949652,3412949652,False
2022-02-08,16.56,47.761596,2.449444,56518446237.12,56518446237.12,3412949652,3412949652,False
2022-02-09,17.02,49.088307,2.517484,58088403077.04,58088403077.04,3412949652,3412949652,False
2022-02-10,16.14,46.550251,2.387321,55085007383.28,55085007383.28,3412949652,3412949652,False
2022-02-11,16.0,46.14647,2.366613,54607194432.0,54607194432.0,3412949652,3412949652,False
2022-02-14,15.72,45.338906,2.325197,53651568529.44,53651568529.44,3412949652,3412949652,False
2022-02-15,17.29,49.867029,2.557421,59009899483.08,59009899483.08,3412949652,3412949652,False
2022-02-16,17.15,49.463247,2.536713,58532086531.8,58532086531.8,3412949652,3412949652,False
2022-02-17,18.12,52.260877,2.680189,61842647694.24,61842647694.24,3412949652,3412949652,False
2022-02-18,17.95,51.770571,2.655044,61262446253.4,61262446253.4,3412949652,3412949652,False
2022-02-21,18.33,52.866549,2.711251,62559367121.16,62559367121.16,3412949652,3412949652,False
2022-02-22,18.05,52.058986,2.669835,61603741218.6,61603741218.6,3412949652,3412949652,False
2022-02-23,18.74,54.049053,2.771895,63958676478.48,63958676478.48,3412949652,3412949652,False
2022-02-24,17.98,51.857095,2.659481,61364834742.96,61364834742.96,3412949652,3412949652,False
2022-02-25,18.5,53.356856,2.736396,63139568562.0,63139568562.0,3412949652,3412949652,False
2022-02-28,18.71,53.962528,2.767458,63856287988.92,63856287988.92,3412949652,3412949652,False
2022-03-01,19.71,56.846682,2.915371,67269237640.92,67269237640.92,3412949652,3412949652,False
2022-03-02,18.99,54.770091,2.808874,64811913891.48,64811913891.48,3412949652,3412949652,False
2022-03-03,17.75,51.19374,2.625461,60579856323.0,60579856323.0,3412949652,3412949652,False
2022-03-04,17.82,51.395631,2.635815,60818762798.64,60818762798.64,3412949652,3412949652,False
2022-03-07,17.28,49.838187,2.555942,58975769986.56,58975769986.56,3412949652,3412949652,False
2022-03-08,17.49,50.44386,2.587004,59692489413.48,59692489413.48,3412949652,3412949652,False
2022-03-09,17.66,50.934166,2.612149,60272690854.32,60272690854.32,3412949652,3412949652,False
2022-03-10,17.3,49.89587,2.5589,59044028979.6,59044028979.6,3412949652,3412949652,False
2022-03-11,18.64,53.760637,2.757104,63617381513.28,63617381513.28,3412949652,3412949652,False
2022-03-14,18.05,52.058986,2.669835,61603741218.6,61603741218.6,3412949652,3412949652,False
2022-03-15,17.3,49.89587,2.5589,59044028979.6,59044028979.6,3412949652,3412949652,False
2022-03-16,19.03,54.885457,2.81479,64948431877.56,64948431877.56,3412949652,3412949652,False
2022-03-17,19.0,54.798933,2.810353,64846043388.0,64846043388.0,3412949652,3412949652,False
2022-03-18,18.62,53.702954,2.754146,63549122520.24,63549122520.24,3412949652,3412949652,False
2022-03-21,18.11,52.232035,2.67871,61808518197.72,61808518197.72,3412949652,3412949652,False
2022-03-22,18.0,51.914778,2.662439,61433093736.0,61433093736.0,3412949652,3412949652,False
2022-03-23,18.25,52.635817,2.699418,62286331149.0,62286331149.0,3412949652,3412949652,False
2022-03-24,17.98,51.857095,2.659481,61364834742.96,61364834742.96,3412949652,3412949652,False
2022-03-25,17.15,49.463247,2.536713,58532086531.8,58532086531.8,3412949652,3412949652,False
2022-03-28,16.58,47.819279,2.452403,56586705230.16,56586705230.16,3412949652,3412949652,False
2022-03-29,16.36,47.184765,2.419862,55835856306.72,55835856306.72,3412949652,3412949652,False
2022-03-30,17.53,50.559226,2.59292,59829007399.56,59829007399.56,3412949652,3412949652,False
2022-03-31,17.0,49.030624,2.514526,58020144084.0,58020144084.0,3412949652,3412949652,False
2022-04-01,16.98,48.972941,2.511568,57951885090.96,57951885090.96,3412949652,3412949652,False
2022-04-06,16.05,46.290677,2.374009,54777841914.6,54777841914.6,3412949652,3412949652,False
2022-04-07,15.78,45.511956,2.334072,53856345508.56,53856345508.56,3412949652,3412949652,False
2022-04-08,15.92,45.915737,2.35478,54334158459.84,54334158459.84,3412949652,3412949652,False
2022-04-11,14.88,42.916217,2.20095,50784690821.76,50784690821.76,3412949652,3412949652,False
2022-04-12,15.1,43.550731,2.233491,51535539745.2,51535539745.2,3412949652,3412949652,False
2022-04-13,14.89,42.945058,2.202429,50818820318.28,50818820318.28,3412949652,3412949652,False
2022-04-14,14.96,43.146949,2.212783,51057726793.92,51057726793.92,3412949652,3412949652,False
2022-04-15,14.49,41.791397,2.143264,49453640457.48,49453640457.48,3412949652,3412949652,False
2022-04-18,15.56,44.877442,2.301531,53105496585.12,53105496585.12,3412949652,3412949652,False
2022-04-19,15.3,44.127562,2.263074,52218129675.6,52218129675.6,3412949652,3412949652,False
2022-04-20,14.71,42.425911,2.175805,50204489380.92,50204489380.92,3412949652,3412949652,False
2022-04-21,14.49,41.791397,2.143264,49453640457.48,49453640457.48,3412949652,3412949652,False
2022-04-22,14.71,42.425911,2.175805,50204489380.92,50204489380.92,3412949652,3412949652,False
2022-04-25,14.3,41.243407,2.11516,48805180023.6,48805180023.6,3412949652,3412949652,False
2022-04-26,14.57,42.022129,2.155097,49726676429.64,49726676429.64,3412949652,3412949652,False
2022-04-27,15.39,44.387135,2.276386,52525295144.28,52525295144.28,3412949652,3412949652,False
2022-04-28,15.4,44.415977,2.277865,52559424640.8,52559424640.8,3412949652,3412949652,False
2022-04-29,16.35,47.155924,2.418382,55801726810.2,55801726810.2,3412949652,3412949652,False
2022-05-05,15.86,78.003197,1.941512,54129381480.72,54129381480.72,3412949652,3412949652,False
2022-05-06,15.35,75.494897,1.87908,52388777158.2,52388777158.2,3412949652,3412949652,False
2022-05-09,15.29,75.199803,1.871735,52184000179.08,52184000179.08,3412949652,3412949652,False
2022-05-10,16.06,78.986844,1.965995,54811971411.12,54811971411.12,3412949652,3412949652,False
2022-05-11,16.2,79.675396,1.983133,55289784362.4,55289784362.4,3412949652,3412949652,False
2022-05-12,16.52,81.249231,2.022306,56381928251.04,56381928251.04,3412949652,3412949652,False
2022-05-13,16.55,81.396778,2.025979,56484316740.6,56484316740.6,3412949652,3412949652,False
2022-05-16,16.1,79.183573,1.970892,54948489397.2,54948489397.2,3412949652,3412949652,False
2022-05-17,16.52,81.249231,2.022306,56381928251.04,56381928251.04,3412949652,3412949652,False
2022-05-18,15.97,78.544203,1.954978,54504805942.44,54504805942.44,3412949652,3412949652,False
2022-05-19,17.15,84.347719,2.099428,58532086531.8,58532086531.8,3412949652,3412949652,False
2022-05-20,17.48,85.970736,2.139825,59658359916.96,59658359916.96,3412949652,3412949652,False
2022-05-23,17.95,88.282307,2.197361,61262446253.4,61262446253.4,3412949652,3412949652,False
2022-05-24,17.02,83.708349,2.083514,58088403077.04,58088403077.04,3412949652,3412949652,False
2022-05-25,17.94,88.233124,2.196137,61228316756.88,61228316756.88,3412949652,3412949652,False
2022-05-26,18.16,89.315136,2.223068,61979165680.32,61979165680.32,3412949652,3412949652,False
2022-05-27,17.76,87.347842,2.174102,60613985819.52,60613985819.52,3412949652,3412949652,False
2022-05-30,17.9,88.036395,2.19124,61091798770.8,61091798770.8,3412949652,3412949652,False
2022-05-31,18.35,90.2496,2.246327,62627626114.2,62627626114.2,3412949652,3412949652,False
2022-06-01,18.31,90.052871,2.24143,62491108128.12,62491108128.12,3412949652,3412949652,False
2022-06-02,19.28,94.823558,2.360174,65801669290.56,65801669290.56,3412949652,3412949652,False
2022-06-06,19.55,96.151482,2.393226,66723165696.6,66723165696.6,3412949652,3412949652,False
2022-06-07,18.92,93.052994,2.316104,64573007415.84,64573007415.84,3412949652,3412949652,False
2022-06-08,18.86,92.7579,2.308759,64368230436.72,64368230436.72,3412949652,3412949652,False
2022-06-09,18.45,90.741424,2.258569,62968921079.4,62968921079.4,3412949652,3412949652,False
2022-06-10,18.68,91.872618,2.286724,63753899499.36,63753899499.36,3412949652,3412949652,False
2022-06-13,18.96,93.249723,2.321001,64709525401.92,64709525401.92,3412949652,3412949652,False
2022-06-14,18.32,90.102053,2.242655,62525237624.64,62525237624.64,3412949652,3412949652,False
2022-06-15,18.0,88.528218,2.203482,61433093736.0,61433093736.0,3412949652,3412949652,False
2022-06-16,18.73,92.118529,2.292845,63924546981.96,63924546981.96,3412949652,3412949652,False
2022-06-17,20.43,100.479528,2.500952,69726561390.36,69726561390.36,3412949652,3412949652,False
2022-06-20,20.83,102.446821,2.549918,71091741251.16,71091741251.16,3412949652,3412949652,False
2022-06-21,20.72,101.905816,2.536452,70716316789.44,70716316789.44,3412949652,3412949652,False
2022-06-22,20.36,100.135251,2.492382,69487654914.72,69487654914.72,3412949652,3412949652,False
2022-06-23,20.7,101.807451,2.534004,70648057796.4,70648057796.4,3412949652,3412949652,False
2022-06-24,22.34,109.873355,2.734765,76245295225.68,76245295225.68,3412949652,3412949652,False
2022-06-27,22.6,111.152096,2.766593,77132662135.2,77132662135.2,3412949652,3412949652,False
2022-06-28,23.0,113.11939,2.81556,78497841996.0,78497841996.0,3412949652,3412949652,False
2022-06-29,22.24,109.381532,2.722524,75904000260.48,75904000260.48,3412949652,3412949652,False
2022-06-30,23.1,113.611213,2.827801,78839136961.2,78839136961.2,3412949652,3412949652,False
2022-07-01,23.36,114.889954,2.859629,79726503870.72,79726503870.72,3412949652,3412949652,False
2022-07-04,23.99,117.988442,2.936751,81876662151.48,81876662151.48,3412949652,3412949652,False
2022-07-05,23.76,116.857248,2.908596,81091683731.52,81091683731.52,3412949652,3412949652,False
2022-07-06,23.93,117.693348,2.929406,81671885172.36,81671885172.36,3412949652,3412949652,False
2022-07-07,24.3,119.513095,2.9747,82934676543.6,82934676543.6,3412949652,3412949652,False
2022-07-08,24.6,120.988565,3.011425,83958561439.2,83958561439.2,3412949652,3412949652,False
2022-07-11,23.41,115.135866,2.86575,79897151353.32,79897151353.32,3412949652,3412949652,False
2022-07-12,23.84,117.250707,2.918389,81364719703.68,81364719703.68,3412949652,3412949652,False
2022-07-13,24.58,120.8902,3.008976,83890302446.16,83890302446.16,3412949652,3412949652,False
2022-07-14,26.67,131.16931,3.264825,91023367218.84,91023367218.84,3412949652,3412949652,False
2022-07-15,26.22,128.956105,3.209738,89487539875.44,89487539875.44,3412949652,3412949652,False
2022-07-18,26.31,129.398746,3.220755,89794705344.12,89794705344.12,3412949652,3412949652,False
2022-07-19,26.24,129.054469,3.212186,89555798868.48,89555798868.48,3412949652,3412949652,False
2022-07-20,26.92,132.398869,3.295429,91876604631.84,91876604631.84,3412949652,3412949652,False
2022-07-21,25.88,127.283905,3.168117,88327136993.76,88327136993.76,3412949652,3412949652,False
2022-07-22,25.39,124.87397,3.108133,86654791664.28,86654791664.28,3412949652,3412949652,False
2022-07-25,23.67,116.414607,2.897578,80784518262.84,80784518262.84,3412949652,3412949652,False
2022-07-26,23.9,117.545801,2.925734,81569496682.8,81569496682.8,3412949652,3412949652,False
2022-07-27,23.84,117.250707,2.918389,81364719703.68,81364719703.68,3412949652,3412949652,False
2022-07-28,22.47,110.512726,2.750679,76688978680.44,76688978680.44,3412949652,3412949652,False
2022-07-29,23.0,113.11939,2.81556,78497841996.0,78497841996.0,3412949652,3412949652,False
2022-08-01,23.02,113.217755,2.818008,78566100989.04,78566100989.04,3412949652,3412949652,False
2022-08-02,22.72,111.742284,2.781283,77542216093.44,77542216093.44,3412949652,3412949652,False
2022-08-03,22.5,110.660273,2.754352,76791367170.0,76791367170.0,3412949652,3412949652,False
2022-08-04,22.14,108.889708,2.710282,75562705295.28,75562705295.28,3412949652,3412949652,False
2022-08-05,22.48,110.561908,2.751904,76723108176.96,76723108176.96,3412949652,3412949652,False
2022-08-08,22.81,112.184926,2.792301,77849381562.12,77849381562.12,3412949652,3412949652,False
2022-08-09,23.86,117.349072,2.920837,81432978696.72,81432978696.72,3412949652,3412949652,False
2022-08-10,23.47,115.43096,2.873095,80101928332.44,80101928332.44,3412949652,3412949652,False
2022-08-11,23.71,116.611336,2.902475,80921036248.92,80921036248.92,3412949652,3412949652,False
2022-08-12,23.11,113.660396,2.829025,78873266457.72,78873266457.72,3412949652,3412949652,False
2022-08-15,24.43,120.152465,2.990614,83378359998.36,83378359998.36,3412949652,3412949652,False
2022-08-16,25.08,123.349317,3.070184,85596777272.16,85596777272.16,3412949652,3412949652,False
2022-08-17,24.97,122.808312,3.056719,85221352810.44,85221352810.44,3412949652,3412949652,False
2022-08-18,26.05,128.120005,3.188927,88907338434.6,88907338434.6,3412949652,3412949652,False
2022-08-19,24.76,121.775482,3.031011,84504633383.52,84504633383.52,3412949652,3412949652,False
2022-08-22,24.95,122.709947,3.05427,85153093817.4,85153093817.4,3412949652,3412949652,False
2022-08-23,24.45,120.25083,2.993062,83446618991.4,83446618991.4,3412949652,3412949652,False
2022-08-24,23.86,117.349072,2.920837,81432978696.72,81432978696.72,3412949652,3412949652,False
2022-08-25,23.35,114.840772,2.858405,79692374374.2,79692374374.2,3412949652,3412949652,False
2022-08-26,23.62,116.168695,2.891457,80613870780.24,80613870780.24,3412949652,3412949652,False
2022-08-29,23.92,117.644166,2.928182,81637755675.84,81637755675.84,3412949652,3412949652,False
2022-08-30,24.73,121.627935,3.027339,84402244893.96,84402244893.96,3412949652,3412949652,False
2022-08-31,22.26,43.516428,2.69982,75972259253.52,75972259253.52,3412949652,3412949652,False
2022-09-01,23.4,45.745032,2.838085,79863021856.8,79863021856.8,3412949652,3412949652,False
2022-09-02,23.0,44.963066,2.789571,78497841996.0,78497841996.0,3412949652,3412949652,False
2022-09-05,24.34,47.582653,2.952094,83071194529.68,83071194529.68,3412949652,3412949652,False
2022-09-06,25.2,49.26388,3.0564,86006331230.4,86006331230.4,3412949652,3412949652,False
2022-09-07,25.6,50.045847,3.104914,87371511091.2,87371511091.2,3412949652,3412949652,False
2022-09-08,25.65,50.143593,3.110978,87542158573.8,87542158573.8,3412949652,3412949652,False
2022-09-09,24.85,48.57966,3.01395,84811798852.2,84811798852.2,3412949652,3412949652,False
2022-09-13,24.68,48.247324,2.993331,84231597411.36,84231597411.36,3412949652,3412949652,False
2022-09-14,24.19,47.289415,2.933901,82559252081.88,82559252081.88,3412949652,3412949652,False
2022-09-15,23.13,45.217205,2.805338,78941525450.76,78941525450.76,3412949652,3412949652,False
2022-09-16,22.49,43.966058,2.727715,76757237673.48,76757237673.48,3412949652,3412949652,False
2022-09-19,22.75,44.474337,2.75925,77644604583.0,77644604583.0,3412949652,3412949652,False
2022-09-20,23.53,45.999171,2.853852,80306705311.56,80306705311.56,3412949652,3412949652,False
2022-09-21,23.06,45.08036,2.796848,78702618975.12,78702618975.12,3412949652,3412949652,False
2022-09-22,23.2,45.354049,2.813828,79180431926.4,79180431926.4,3412949652,3412949652,False
2022-09-23,22.71,44.39614,2.754398,77508086596.92,77508086596.92,3412949652,3412949652,False
2022-09-26,23.4,45.745032,2.838085,79863021856.8,79863021856.8,3412949652,3412949652,False
2022-09-27,24.54,47.973636,2.976351,83753784460.08,83753784460.08,3412949652,3412949652,False
2022-09-28,23.2,45.354049,2.813828,79180431926.4,79180431926.4,3412949652,3412949652,False
2022-09-29,23.25,45.451794,2.819892,79351079409.0,79351079409.0,3412949652,3412949652,False
2022-09-30,22.47,43.92696,2.72529,76688978680.44,76688978680.44,3412949652,3412949652,False
2022-10-10,21.42,41.874298,2.59794,73105381545.84,73105381545.84,3412949652,3412949652,False
2022-10-11,22.45,43.887862,2.722864,76620719687.4,76620719687.4,3412949652,3412949652,False
2022-10-12,24.01,46.937531,2.91207,81944921144.52,81944921144.52,3412949652,3412949652,False
2022-10-13,24.04,46.996178,2.915708,82047309634.08,82047309634.08,3412949652,3412949652,False
2022-10-14,23.85,46.624744,2.892664,81398849200.2,81398849200.2,3412949652,3412949652,False
2022-10-17,23.68,46.292408,2.872045,80818647759.36,80818647759.36,3412949652,3412949652,False
2022-10-18,24.65,48.188677,2.989692,84129208921.8,84129208921.8,3412949652,3412949652,False
2022-10-19,23.68,46.292408,2.872045,80818647759.36,80818647759.36,3412949652,3412949652,False
2022-10-20,22.82,44.611181,2.76774,77883511058.64,77883511058.64,3412949652,3412949652,False
2022-10-21,24.79,48.462365,3.006672,84607021873.08,84607021873.08,3412949652,3412949652,False
2022-10-24,24.97,48.81425,3.028504,85221352810.44,85221352810.44,3412949652,3412949652,False
2022-10-25,24.91,48.696955,3.021227,85016575831.32,85016575831.32,3412949652,3412949652,False
2022-10-26,24.48,47.856341,2.969074,83549007480.96,83549007480.96,3412949652,3412949652,False
2022-10-27,22.03,43.066797,2.671924,75187280833.56,75187280833.56,3412949652,3412949652,False
2022-10-28,22.1,43.203641,2.680414,75426187309.2,75426187309.2,3412949652,3412949652,False
2022-10-31,21.97,34.904536,2.592443,74982503854.44,74982503854.44,3412949652,3412949652,False
2022-11-01,20.45,32.489657,2.413084,69794820383.4,69794820383.4,3412949652,3412949652,False
2022-11-02,19.96,31.711176,2.355265,68122475053.92,68122475053.92,3412949652,3412949652,False
2022-11-03,20.21,32.108361,2.384764,68975712466.92,68975712466.92,3412949652,3412949652,False
2022-11-04,20.93,33.252251,2.469724,71433036216.36,71433036216.36,3412949652,3412949652,False
2022-11-07,20.43,32.457883,2.410724,69726561390.36,69726561390.36,3412949652,3412949652,False
2022-11-08,21.32,33.871858,2.515743,72764086580.64,72764086580.64,3412949652,3412949652,False
2022-11-09,20.84,33.109264,2.459104,71125870747.68,71125870747.68,3412949652,3412949652,False
2022-11-10,20.46,32.505545,2.414264,69828949879.92,69828949879.92,3412949652,3412949652,False
2022-11-11,20.91,33.220476,2.467364,71364777223.32,71364777223.32,3412949652,3412949652,False
2022-11-14,20.3,32.251347,2.395384,69282877935.6,69282877935.6,3412949652,3412949652,False
2022-11-15,20.85,33.125152,2.460284,71160000244.2,71160000244.2,3412949652,3412949652,False
2022-11-16,20.28,32.219572,2.393024,69214618942.56,69214618942.56,3412949652,3412949652,False
2022-11-17,19.47,30.932696,2.297445,66450129724.44,66450129724.44,3412949652,3412949652,False
2022-11-18,18.79,29.852355,2.217205,64129323961.08,64129323961.08,3412949652,3412949652,False
2022-11-21,18.85,29.947679,2.224285,64334100940.2,64334100940.2,3412949652,3412949652,False
2022-11-22,18.33,29.121536,2.162926,62559367121.16,62559367121.16,3412949652,3412949652,False
2022-11-23,19.07,30.297201,2.250245,65084949863.64,65084949863.64,3412949652,3412949652,False
2022-11-24,19.11,30.360751,2.254965,65221467849.72,65221467849.72,3412949652,3412949652,False
2022-11-25,17.2,27.326264,2.029587,58702734014.4,58702734014.4,3412949652,3412949652,False
2022-11-28,16.16,25.673979,1.906867,55153266376.32,55153266376.32,3412949652,3412949652,False
2022-11-29,16.53,26.261811,1.950527,56416057747.56,56416057747.56,3412949652,3412949652,False
2022-11-30,16.69,26.516009,1.969407,56962129691.88,56962129691.88,3412949652,3412949652,False
2022-12-01,16.71,26.547784,1.971767,57030388684.92,57030388684.92,3412949652,3412949652,False
2022-12-02,16.95,26.92908,2.000087,57849496601.4,57849496601.4,3412949652,3412949652,False
2022-12-05,16.66,26.468347,1.965867,56859741202.32,56859741202.32,3412949652,3412949652,False
2022-12-06,16.3,25.896402,1.923387,55631079327.6,55631079327.6,3412949652,3412949652,False
2022-12-07,16.09,25.562767,1.898608,54914359900.68,54914359900.68,3412949652,3412949652,False
2022-12-08,16.21,25.753415,1.912767,55323913858.92,55323913858.92,3412949652,3412949652,False
2022-12-09,15.8,25.102033,1.864388,53924604501.6,53924604501.6,3412949652,3412949652,False
2022-12-12,15.87,25.213245,1.872648,54163510977.24,54163510977.24,3412949652,3412949652,False
2022-12-13,15.4,24.466539,1.817188,52559424640.8,52559424640.8,3412949652,3412949652,False
2022-12-14,15.14,24.053468,1.786508,51672057731.28,51672057731.28,3412949652,3412949652,False
2022-12-15,15.35,24.387102,1.811288,52388777158.2,52388777158.2,3412949652,3412949652,False
2022-12-16,14.96,23.767495,1.765268,51057726793.92,51057726793.92,3412949652,3412949652,False
2022-12-19,14.7,23.354424,1.734589,50170359884.4,50170359884.4,3412949652,3412949652,False
2022-12-20,15.08,23.958143,1.779428,51467280752.16,51467280752.16,3412949652,3412949652,False
2022-12-21,14.86,23.608621,1.753468,50716431828.72,50716431828.72,3412949652,3412949652,False
2022-12-22,14.24,22.623605,1.680309,48600403044.48,48600403044.48,3412949652,3412949652,False
2022-12-23,14.17,22.512393,1.672049,48361496568.84,48361496568.84,3412949652,3412949652,False
2022-12-26,15.04,23.894594,1.774708,51330762766.08,51330762766.08,3412949652,3412949652,False
2022-12-27,15.44,24.530088,1.821908,52695942626.88,52695942626.88,3412949652,3412949652,False
2022-12-28,15.87,25.213245,1.872648,54163510977.24,54163510977.24,3412949652,3412949652,False
2022-12-29,15.87,25.213245,1.872648,54163510977.24,54163510977.24,3412949652,3412949652,False
2022-12-30,16.15,25.658091,1.905687,55119136879.8,55119136879.8,3412949652,3412949652,False
2023-01-03,16.9,26.849643,1.994187,57678849118.8,57678849118.8,3412949652,3412949652,False
2023-01-04,16.19,25.721641,1.910407,55255654865.88,55255654865.88,3412949652,3412949652,False
2023-01-05,16.4,26.055275,1.935187,55972374292.8,55972374292.8,3412949652,3412949652,False
2023-01-06,16.48,26.182374,1.944627,56245410264.96,56245410264.96,3412949652,3412949652,False
2023-01-09,16.89,26.833756,1.993007,57644719622.28,57644719622.28,3412949652,3412949652,False
2023-01-10,16.82,26.722545,1.984747,57405813146.64,57405813146.64,3412949652,3412949652,False
2023-01-11,16.39,26.039388,1.934007,55938244796.28,55938244796.28,3412949652,3412949652,False
2023-01-12,16.69,26.516009,1.969407,56962129691.88,56962129691.88,3412949652,3412949652,False
2023-01-13,16.46,26.150599,1.942267,56177151271.92,56177151271.92,3412949652,3412949652,False
2023-01-16,16.42,26.08705,1.937547,56040633285.84,56040633285.84,3412949652,3412949652,False
2023-01-17,16.09,25.562767,1.898608,54914359900.68,54914359900.68,3412949652,3412949652,False
2023-01-18,16.45,26.134712,1.941087,56143021775.4,56143021775.4,3412949652,3412949652,False
2023-01-19,15.16,24.085242,1.788868,51740316724.32,51740316724.32,3412949652,3412949652,False
2023-01-20,15.46,24.561863,1.824268,52764201619.92,52764201619.92,3412949652,3412949652,False
2023-01-30,15.63,24.831948,1.844328,53344403060.76,53344403060.76,3412949652,3412949652,False
2023-01-31,16.35,25.975838,1.929287,55801726810.2,55801726810.2,3412949652,3412949652,False
2023-02-01,16.56,26.309473,1.954067,56518446237.12,56518446237.12,3412949652,3412949652,False
2023-02-02,16.04,25.48333,1.892708,54743712418.08,54743712418.08,3412949652,3412949652,False
2023-02-03,15.36,24.40299,1.812468,52422906654.72,52422906654.72,3412949652,3412949652,False
2023-02-06,15.27,24.260003,1.801848,52115741186.04,52115741186.04,3412949652,3412949652,False
2023-02-07,15.19,24.132904,1.792408,51842705213.88,51842705213.88,3412949652,3412949652,False
2023-02-08,15.2,24.148792,1.793588,51876834710.4,51876834710.4,3412949652,3412949652,False
2023-02-09,15.83,25.149696,1.867928,54026992991.16,54026992991.16,3412949652,3412949652,False
2023-02-10,15.68,24.911385,1.850228,53515050543.36,53515050543.36,3412949652,3412949652,False
2023-02-13,15.61,24.800174,1.841968,53276144067.72,53276144067.72,3412949652,3412949652,False
2023-02-14,15.75,25.022597,1.858488,53753957019.0,53753957019.0,3412949652,3412949652,False
2023-02-15,15.9,25.260907,1.876188,54265899466.8,54265899466.8,3412949652,3412949652,False
2023-02-16,15.49,24.609525,1.827808,52866590109.48,52866590109.48,3412949652,3412949652,False
2023-02-17,15.16,24.085242,1.788868,51740316724.32,51740316724.32,3412949652,3412949652,False
2023-02-20,15.39,24.450652,1.816008,52525295144.28,52525295144.28,3412949652,3412949652,False
2023-02-21,15.49,24.609525,1.827808,52866590109.48,52866590109.48,3412949652,3412949652,False
2023-02-22,15.31,24.323553,1.806568,52252259172.12,52252259172.12,3412949652,3412949652,False
2023-02-23,15.79,25.086146,1.863208,53890475005.08,53890475005.08,3412949652,3412949652,False
2023-02-24,15.75,25.022597,1.858488,53753957019.0,53753957019.0,3412949652,3412949652,False
2023-02-27,16.18,25.705753,1.909227,55221525369.36,55221525369.36,3412949652,3412949652,False
2023-02-28,16.06,25.515105,1.895068,54811971411.12,54811971411.12,3412949652,3412949652,False
2023-03-01,16.06,25.515105,1.895068,54811971411.12,54811971411.12,3412949652,3412949652,False
2023-03-02,16.29,25.880514,1.922207,55596949831.08,55596949831.08,3412949652,3412949652,False
2023-03-03,16.04,25.48333,1.892708,54743712418.08,54743712418.08,3412949652,3412949652,False
2023-03-06,16.17,25.689866,1.908047,55187395872.84,55187395872.84,3412949652,3412949652,False
2023-03-07,15.53,24.673075,1.832528,53003108095.56,53003108095.56,3412949652,3412949652,False
2023-03-08,15.64,24.847836,1.845508,53378532557.28,53378532557.28,3412949652,3412949652,False
2023-03-09,15.66,24.87961,1.847868,53446791550.32,53446791550.32,3412949652,3412949652,False
2023-03-10,15.16,24.085242,1.788868,51740316724.32,51740316724.32,3412949652,3412949652,False
2023-03-13,15.25,24.228229,1.799488,52047482193.0,52047482193.0,3412949652,3412949652,False
2023-03-14,15.22,24.180566,1.795948,51945093703.44,51945093703.44,3412949652,3412949652,False
2023-03-15,15.78,25.070259,1.862028,53856345508.56,53856345508.56,3412949652,3412949652,False
2023-03-16,15.33,24.355327,1.808928,52320518165.16,52320518165.16,3412949652,3412949652,False
2023-03-17,15.27,24.260003,1.801848,52115741186.04,52115741186.04,3412949652,3412949652,False
2023-03-20,16.8,26.69077,1.982387,57337554153.6,57337554153.6,3412949652,3412949652,False
2023-03-21,17.33,27.5328,2.044927,59146417469.16,59146417469.16,3412949652,3412949652,False
2023-03-22,16.97,26.960855,2.002447,57917755594.44,57917755594.44,3412949652,3412949652,False
2023-03-23,17.44,27.707561,2.057906,59521841930.88,59521841930.88,3412949652,3412949652,False
2023-03-24,18.08,28.724352,2.133426,61706129708.16,61706129708.16,3412949652,3412949652,False
2023-03-27,18.73,29.757031,2.210125,63924546981.96,63924546981.96,3412949652,3412949652,False
2023-03-28,17.38,27.612237,2.050827,59317064951.76,59317064951.76,3412949652,3412949652,False
2023-03-29,17.12,27.199165,2.020147,58429698042.24,58429698042.24,3412949652,3412949652,False
2023-03-30,17.07,27.119729,2.014247,58259050559.64,58259050559.64,3412949652,3412949652,False
2023-03-31,17.09,27.151503,2.016607,58327309552.68,58327309552.68,3412949652,3412949652,False
2023-04-03,17.66,28.057083,2.083866,60272690854.32,60272690854.32,3412949652,3412949652,False
2023-04-04,17.32,27.516913,2.043747,59112287972.64,59112287972.64,3412949652,3412949652,False
2023-04-06,18.0,28.597253,2.123986,61433093736.0,61433093736.0,3412949652,3412949652,False
2023-04-07,17.85,28.358943,2.106286,60921151288.2,60921151288.2,3412949652,3412949652,False
2023-04-10,17.12,27.199165,2.020147,58429698042.24,58429698042.24,3412949652,3412949652,False
2023-04-11,17.38,18.456934,2.050827,59317064951.76,59317064951.76,3412949652,3412949652,False
2023-04-12,17.34,18.414456,2.046107,59180546965.68,59180546965.68,3412949652,3412949652,False
2023-04-13,16.42,17.437449,1.937547,56040633285.84,56040633285.84,3412949652,3412949652,False
2023-04-14,16.24,17.246295,1.916307,55426302348.48,55426302348.48,3412949652,3412949652,False
2023-04-17,16.1,17.09762,1.899788,54948489397.2,54948489397.2,3412949652,3412949652,False
2023-04-18,16.44,17.458688,1.939907,56108892278.88,56108892278.88,3412949652,3412949652,False
2023-04-19,16.08,17.076381,1.897428,54880230404.16,54880230404.16,3412949652,3412949652,False
2023-04-20,16.2,17.203817,1.911587,55289784362.4,55289784362.4,3412949652,3412949652,False
2023-04-21,15.42,16.375485,1.819548,52627683633.84,52627683633.84,3412949652,3412949652,False
2023-04-24,15.6,16.566638,1.840788,53242014571.2,53242014571.2,3412949652,3412949652,False
2023-04-25,15.27,16.21619,1.801848,52115741186.04,52115741186.04,3412949652,3412949652,False
2023-04-26,14.94,17.189144,1.637535,50989467800.88,50989467800.88,3412949652,3412949652,False
2023-04-27,14.59,16.786453,1.599172,49794935422.68,49794935422.68,3412949652,3412949652,False
2023-04-28,14.59,16.786453,1.599172,49794935422.68,49794935422.68,3412949652,3412949652,False
2023-05-04,14.59,16.786453,1.599172,49794935422.68,49794935422.68,3412949652,3412949652,False
2023-05-05,14.1,16.222686,1.545465,48122590093.2,48122590093.2,3412949652,3412949652,False
2023-05-08,14.1,16.222686,1.545465,48122590093.2,48122590093.2,3412949652,3412949652,False
2023-05-09,13.56,15.601392,1.486277,46279597281.12,46279597281.12,3412949652,3412949652,False
2023-05-10,14.3,16.452795,1.567386,48805180023.6,48805180023.6,3412949652,3412949652,False
2023-05-11,14.94,17.189144,1.637535,50989467800.88,50989467800.88,3412949652,3412949652,False
2023-05-12,14.69,16.901508,1.610133,50136230387.88,50136230387.88,3412949652,3412949652,False
2023-05-15,15.34,17.649362,1.681378,52354647661.68,52354647661.68,3412949652,3412949652,False
2023-05-16,15.98,18.385711,1.751527,54538935438.96,54538935438.96,3412949652,3412949652,False
2023-05-17,15.87,18.259151,1.73947,54163510977.24,54163510977.24,3412949652,3412949652,False
2023-05-18,15.89,18.282162,1.741662,54231769970.28,54231769970.28,3412949652,3412949652,False
2023-05-19,16.04,18.454743,1.758103,54743712418.08,54743712418.08,3412949652,3412949652,False
2023-05-22,15.8,18.178613,1.731797,53924604501.6,53924604501.6,3412949652,3412949652,False
2023-05-23,15.51,17.844954,1.700011,52934849102.52,52934849102.52,3412949652,3412949652,False
2023-05-24,15.43,17.752911,1.691243,52661813130.36,52661813130.36,3412949652,3412949652,False
2023-05-25,15.53,17.867965,1.702203,53003108095.56,53003108095.56,3412949652,3412949652,False
2023-05-26,15.13,17.407747,1.65836,51637928234.76,51637928234.76,3412949652,3412949652,False
2023-05-29,14.77,16.993551,1.618902,50409266360.04,50409266360.04,3412949652,3412949652,False
2023-05-30,14.53,16.71742,1.592596,49590158443.56,49590158443.56,3412949652,3412949652,False
2023-05-31,14.54,16.728926,1.593692,49624287940.08,49624287940.08,3412949652,3412949652,False
2023-06-01,14.83,17.062584,1.625478,50614043339.16,50614043339.16,3412949652,3412949652,False
2023-06-02,15.7,18.063558,1.720837,53583309536.4,53583309536.4,3412949652,3412949652,False
2023-06-05,15.6,17.948504,1.709876,53242014571.2,53242014571.2,3412949652,3412949652,False
2023-06-06,15.22,17.511296,1.668225,51945093703.44,51945093703.44,3412949652,3412949652,False
2023-06-07,14.75,16.97054,1.61671,50341007367.0,50341007367.0,3412949652,3412949652,False
2023-06-08,14.49,16.671398,1.588212,49453640457.48,49453640457.48,3412949652,3412949652,False
2023-06-09,15.48,17.810438,1.696723,52832460612.96,52832460612.96,3412949652,3412949652,False
2023-06-12,15.03,17.292693,1.6474,51296633269.56,51296633269.56,3412949652,3412949652,False
2023-06-13,15.41,17.7299,1.689051,52593554137.32,52593554137.32,3412949652,3412949652,False
2023-06-14,15.9,18.293667,1.742758,54265899466.8,54265899466.8,3412949652,3412949652,False
2023-06-15,16.0,18.408722,1.753719,54607194432.0,54607194432.0,3412949652,3412949652,False
2023-06-16,16.08,18.500765,1.762488,54880230404.16,54880230404.16,3412949652,3412949652,False
2023-06-19,16.57,19.064532,1.816195,56552575733.64,56552575733.64,3412949652,3412949652,False
2023-06-20,16.22,18.661842,1.777833,55358043355.44,55358043355.44,3412949652,3412949652,False
2023-06-21,15.8,18.178613,1.731797,53924604501.6,53924604501.6,3412949652,3412949652,False
2023-06-26,16.01,18.420227,1.754815,54641323928.52,54641323928.52,3412949652,3412949652,False
2023-06-27,16.15,18.581303,1.77016,55119136879.8,55119136879.8,3412949652,3412949652,False
2023-06-28,16.0,18.408722,1.753719,54607194432.0,54607194432.0,3412949652,3412949652,False
2023-06-29,15.81,18.190118,1.732894,53958733998.12,53958733998.12,3412949652,3412949652,False
2023-06-30,15.91,18.305173,1.743854,54300028963.32,54300028963.32,3412949652,3412949652,False
2023-07-03,16.44,18.914961,1.801946,56108892278.88,56108892278.88,3412949652,3412949652,False
2023-07-04,16.32,18.776896,1.788793,55699338320.64,55699338320.64,3412949652,3412949652,False
2023-07-05,15.95,18.351194,1.748239,54436546949.4,54436546949.4,3412949652,3412949652,False
2023-07-06,16.03,18.443238,1.757007,54709582921.56,54709582921.56,3412949652,3412949652,False
2023-07-07,15.62,17.971514,1.712068,53310273564.24,53310273564.24,3412949652,3412949652,False
2023-07-10,15.3,17.60334,1.676994,52218129675.6,52218129675.6,3412949652,3412949652,False
2023-07-11,15.67,18.029042,1.717548,53480921046.84,53480921046.84,3412949652,3412949652,False
2023-07-12,15.33,17.637856,1.680282,52320518165.16,52320518165.16,3412949652,3412949652,False
2023-07-13,15.38,17.695384,1.685762,52491165647.76,52491165647.76,3412949652,3412949652,False
2023-07-14,15.87,18.259151,1.73947,54163510977.24,54163510977.24,3412949652,3412949652,False
2023-07-17,16.03,18.443238,1.757007,54709582921.56,54709582921.56,3412949652,3412949652,False
2023-07-18,15.72,18.086569,1.723029,53651568529.44,53651568529.44,3412949652,3412949652,False
2023-07-19,15.56,17.902482,1.705492,53105496585.12,53105496585.12,3412949652,3412949652,False
2023-07-20,15.5,17.833449,1.698915,52900719606.0,52900719606.0,3412949652,3412949652,False
2023-07-21,15.64,17.994525,1.71426,53378532557.28,53378532557.28,3412949652,3412949652,False
2023-07-24,15.54,17.879471,1.7033,53037237592.08,53037237592.08,3412949652,3412949652,False
2023-07-25,15.7,18.063558,1.720837,53583309536.4,53583309536.4,3412949652,3412949652,False
2023-07-26,15.96,18.3627,1.749335,54470676445.92,54470676445.92,3412949652,3412949652,False
2023-07-27,15.75,18.121085,1.726317,53753957019.0,53753957019.0,3412949652,3412949652,False
2023-07-28,15.74,18.10958,1.725221,53719827522.48,53719827522.48,3412949652,3412949652,False
2023-07-31,15.74,18.10958,1.725221,53719827522.48,53719827522.48,3412949652,3412949652,False
2023-08-01,15.89,18.282162,1.741662,54231769970.28,54231769970.28,3412949652,3412949652,False
2023-08-02,15.89,18.282162,1.741662,54231769970.28,54231769970.28,3412949652,3412949652,False
2023-08-03,15.46,17.787427,1.694531,52764201619.92,52764201619.92,3412949652,3412949652,False
2023-08-04,15.41,17.7299,1.689051,52593554137.32,52593554137.32,3412949652,3412949652,False
2023-08-07,15.41,17.7299,1.689051,52593554137.32,52593554137.32,3412949652,3412949652,False
2023-08-08,14.98,17.235166,1.641919,51125985786.96,51125985786.96,3412949652,3412949652,False
2023-08-09,14.69,16.901508,1.610133,50136230387.88,50136230387.88,3412949652,3412949652,False
2023-08-10,14.77,16.993551,1.618902,50409266360.04,50409266360.04,3412949652,3412949652,False
2023-08-11,14.67,16.878497,1.607941,50067971394.84,50067971394.84,3412949652,3412949652,False
2023-08-14,14.62,16.820969,1.602461,49897323912.24,49897323912.24,3412949652,3412949652,False
2023-08-15,14.44,16.613871,1.582731,49282992974.88,49282992974.88,3412949652,3412949652,False
2023-08-16,14.36,16.521828,1.573963,49009957002.72,49009957002.72,3412949652,3412949652,False
2023-08-17,14.53,16.71742,1.592596,49590158443.56,49590158443.56,3412949652,3412949652,False
2023-08-18,14.31,16.4643,1.568482,48839309520.12,48839309520.12,3412949652,3412949652,False
2023-08-21,14.17,16.303224,1.553137,48361496568.84,48361496568.84,3412949652,3412949652,False
2023-08-22,14.11,16.234191,1.546561,48156719589.72,48156719589.72,3412949652,3412949652,False
2023-08-23,13.78,15.854511,1.51039,47030446204.56,47030446204.56,3412949652,3412949652,False
2023-08-24,13.87,15.958061,1.520255,47337611673.24,47337611673.24,3412949652,3412949652,False
2023-08-25,13.53,15.566875,1.482989,46177208791.56,46177208791.56,3412949652,3412949652,False
2023-08-28,13.71,15.773973,1.502718,46791539728.92,46791539728.92,3412949652,3412949652,False
2023-08-29,14.0,16.107631,1.534504,47781295128.0,47781295128.0,3412949652,3412949652,False
2023-08-30,14.54,14.838875,1.556426,49624287940.08,49624287940.08,3412949652,3412949652,False
2023-08-31,14.57,14.869492,1.559638,49726676429.64,49726676429.64,3412949652,3412949652,False
2023-09-01,14.55,14.84908,1.557497,49658417436.6,49658417436.6,3412949652,3412949652,False
2023-09-04,14.79,15.094014,1.583188,50477525353.08,50477525353.08,3412949652,3412949652,False
2023-09-05,14.68,14.981753,1.571413,50102100891.36,50102100891.36,3412949652,3412949652,False
2023-09-06,14.58,14.879697,1.560708,49760805926.16,49760805926.16,3412949652,3412949652,False
2023-09-07,14.35,14.644969,1.536088,48975827506.2,48975827506.2,3412949652,3412949652,False
2023-09-08,14.31,14.604147,1.531806,48839309520.12,48839309520.12,3412949652,3412949652,False
2023-09-11,14.46,14.75723,1.547863,49351251967.92,49351251967.92,3412949652,3412949652,False
2023-09-12,14.39,14.685792,1.54037,49112345492.28,49112345492.28,3412949652,3412949652,False
2023-09-13,14.17,14.461269,1.51682,48361496568.84,48361496568.84,3412949652,3412949652,False
2023-09-14,14.08,14.369419,1.507186,48054331100.16,48054331100.16,3412949652,3412949652,False
2023-09-15,13.93,14.216336,1.491129,47542388652.36,47542388652.36,3412949652,3412949652,False
2023-09-18,13.95,14.236747,1.49327,47610647645.4,47610647645.4,3412949652,3412949652,False
2023-09-19,13.81,14.093869,1.478284,47132834694.12,47132834694.12,3412949652,3412949652,False
2023-09-20,13.75,14.032636,1.471861,46928057715.0,46928057715.0,3412949652,3412949652,False
2023-09-21,13.64,13.920375,1.460086,46552633253.28,46552633253.28,3412949652,3412949652,False
2023-09-22,14.0,14.287775,1.498622,47781295128.0,47781295128.0,3412949652,3412949652,False
2023-09-25,13.82,14.104075,1.479354,47166964190.64,47166964190.64,3412949652,3412949652,False
2023-09-26,13.95,14.236747,1.49327,47610647645.4,47610647645.4,3412949652,3412949652,False
2023-09-27,14.6,14.900108,1.562849,49829064919.2,49829064919.2,3412949652,3412949652,False
2023-09-28,14.85,15.155247,1.58961,50682302332.2,50682302332.2,3412949652,3412949652,False
2023-10-09,14.89,15.196069,1.593892,50818820318.28,50818820318.28,3412949652,3412949652,False
2023-10-10,14.57,14.869492,1.559638,49726676429.64,49726676429.64,3412949652,3412949652,False
2023-10-11,14.55,14.84908,1.557497,49658417436.6,49658417436.6,3412949652,3412949652,False
2023-10-12,15.19,15.502236,1.626005,51842705213.88,51842705213.88,3412949652,3412949652,False
2023-10-13,15.17,15.481825,1.623865,51774446220.84,51774446220.84,3412949652,3412949652,False
2023-10-16,14.9,15.206275,1.594963,50852949814.8,50852949814.8,3412949652,3412949652,False
2023-10-17,15.13,15.441003,1.619583,51637928234.76,51637928234.76,3412949652,3412949652,False
2023-10-18,14.85,15.155247,1.58961,50682302332.2,50682302332.2,3412949652,3412949652,False
2023-10-19,14.64,14.94093,1.567131,49965582905.28,49965582905.28,3412949652,3412949652,False
2023-10-20,14.67,14.971547,1.570342,50067971394.84,50067971394.84,3412949652,3412949652,False
2023-10-23,14.22,14.512297,1.522172,48532144051.44,48532144051.44,3412949652,3412949652,False
2023-10-24,14.35,14.644969,1.536088,48975827506.2,48975827506.2,3412949652,3412949652,False
2023-10-25,14.28,14.57353,1.528595,48736921030.56,48736921030.56,3412949652,3412949652,False
2023-10-26,14.36,14.655175,1.537158,49009957002.72,49009957002.72,3412949652,3412949652,False
2023-10-27,14.65,14.951136,1.568201,49999712401.8,49999712401.8,3412949652,3412949652,False
2023-10-30,14.64,14.94093,1.567131,49965582905.28,49965582905.28,3412949652,3412949652,False
2023-10-31,13.99,14.029093,1.455275,47747165631.48,47747165631.48,3412949652,3412949652,False
2023-11-01,14.17,14.209596,1.473999,48361496568.84,48361496568.84,3412949652,3412949652,False
2023-11-02,13.83,13.868646,1.438631,47201093687.16,47201093687.16,3412949652,3412949652,False
2023-11-03,13.99,14.029093,1.455275,47747165631.48,47747165631.48,3412949652,3412949652,False
2023-11-06,14.55,14.590658,1.513527,49658417436.6,49658417436.6,3412949652,3412949652,False
2023-11-07,14.53,14.570602,1.511447,49590158443.56,49590158443.56,3412949652,3412949652,False
2023-11-08,14.4,14.440238,1.497924,49146474988.8,49146474988.8,3412949652,3412949652,False
2023-11-09,14.61,14.650825,1.519769,49863194415.72,49863194415.72,3412949652,3412949652,False
2023-11-10,14.42,14.460294,1.500004,49214733981.84,49214733981.84,3412949652,3412949652,False
2023-11-13,14.18,14.219624,1.475039,48395626065.36,48395626065.36,3412949652,3412949652,False
2023-11-14,14.2,14.23968,1.477119,48463885058.4,48463885058.4,3412949652,3412949652,False
2023-11-15,14.49,14.53049,1.507286,49453640457.48,49453640457.48,3412949652,3412949652,False
2023-11-16,14.26,14.299847,1.483361,48668662037.52,48668662037.52,3412949652,3412949652,False
2023-11-17,14.22,14.259735,1.4792,48532144051.44,48532144051.44,3412949652,3412949652,False
2023-11-20,14.24,14.279791,1.48128,48600403044.48,48600403044.48,3412949652,3412949652,False
2023-11-21,14.06,14.099288,1.462556,47986072107.12,47986072107.12,3412949652,3412949652,False
2023-11-22,13.76,13.79845,1.43135,46962187211.52,46962187211.52,3412949652,3412949652,False
2023-11-23,13.88,13.918785,1.443832,47371741169.76,47371741169.76,3412949652,3412949652,False
2023-11-24,13.7,13.738282,1.425108,46757410232.4,46757410232.4,3412949652,3412949652,False
2023-11-27,13.57,13.607919,1.411585,46313726777.64,46313726777.64,3412949652,3412949652,False
2023-11-28,13.49,13.527696,1.403263,46040690805.48,46040690805.48,3412949652,3412949652,False
2023-11-29,13.16,13.196773,1.368936,44914417420.32,44914417420.32,3412949652,3412949652,False
2023-11-30,12.98,13.01627,1.350212,44300086482.96,44300086482.96,3412949652,3412949652,False
2023-12-01,12.89,12.926019,1.34085,43992921014.28,43992921014.28,3412949652,3412949652,False
2023-12-04,13.17,13.206801,1.369976,44948546916.84,44948546916.84,3412949652,3412949652,False
2023-12-05,13.0,13.036326,1.352292,44368345476.0,44368345476.0,3412949652,3412949652,False
2023-12-06,13.05,13.086466,1.357494,44538992958.6,44538992958.6,3412949652,3412949652,False
2023-12-07,12.78,12.815712,1.329407,43617496552.56,43617496552.56,3412949652,3412949652,False
2023-12-08,12.82,12.855823,1.333568,43754014538.64,43754014538.64,3412949652,3412949652,False
2023-12-11,12.89,12.926019,1.34085,43992921014.28,43992921014.28,3412949652,3412949652,False
2023-12-12,12.91,12.946075,1.34293,44061180007.32,44061180007.32,3412949652,3412949652,False
2023-12-13,12.48,12.514873,1.298201,42593611656.96,42593611656.96,3412949652,3412949652,False
2023-12-14,12.52,12.554985,1.302362,42730129643.04,42730129643.04,3412949652,3412949652,False
2023-12-15,12.26,12.294258,1.275316,41842762733.52,41842762733.52,3412949652,3412949652,False
2023-12-18,11.85,11.883113,1.232667,40443453376.2,40443453376.2,3412949652,3412949652,False
2023-12-19,11.66,11.692582,1.212902,39794992942.32,39794992942.32,3412949652,3412949652,False
2023-12-20,11.51,11.542163,1.197299,39283050494.52,39283050494.52,3412949652,3412949652,False
2023-12-21,11.68,11.712638,1.214983,39863251935.36,39863251935.36,3412949652,3412949652,False
2023-12-22,11.67,11.70261,1.213943,39829122438.84,39829122438.84,3412949652,3412949652,False
2023-12-25,11.74,11.772805,1.221224,40068028914.48,40068028914.48,3412949652,3412949652,False
2023-12-26,11.52,11.552191,1.198339,39317179991.04,39317179991.04,3412949652,3412949652,False
2023-12-27,11.64,11.672526,1.210822,39726733949.28,39726733949.28,3412949652,3412949652,False
2023-12-28,12.4,12.43465,1.289879,42320575684.8,42320575684.8,3412949652,3412949652,False
2023-12-29,12.49,12.524901,1.299241,42627741153.48,42627741153.48,3412949652,3412949652,False
2024-01-02,12.4,12.43465,1.289879,42320575684.8,42320575684.8,3412949652,3412949652,False
2024-01-03,12.3,12.33437,1.279477,41979280719.6,41979280719.6,3412949652,3412949652,False
2024-01-04,12.11,12.143839,1.259712,41330820285.72,41330820285.72,3412949652,3412949652,False
2024-01-05,11.73,11.762778,1.220184,40033899417.96,40033899417.96,3412949652,3412949652,False
2024-01-08,11.53,11.562219,1.199379,39351309487.56,39351309487.56,3412949652,3412949652,False
2024-01-09,11.45,11.481995,1.191058,39078273515.4,39078273515.4,3412949652,3412949652,False
2024-01-10,11.25,11.281436,1.170253,38395683585.0,38395683585.0,3412949652,3412949652,False
2024-01-11,11.64,11.672526,1.210822,39726733949.28,39726733949.28,3412949652,3412949652,False
2024-01-12,11.57,11.60233,1.20354,39487827473.64,39487827473.64,3412949652,3412949652,False
2024-01-15,11.4,11.431855,1.185856,38907626032.8,38907626032.8,3412949652,3412949652,False
2024-01-16,12.1,12.133811,1.258672,41296690789.2,41296690789.2,3412949652,3412949652,False
2024-01-17,11.68,11.712638,1.214983,39863251935.36,39863251935.36,3412949652,3412949652,False
2024-01-18,12.15,12.183951,1.263873,41467338271.8,41467338271.8,3412949652,3412949652,False
2024-01-19,12.01,12.04356,1.24931,40989525320.52,40989525320.52,3412949652,3412949652,False
2024-01-22,11.48,11.512079,1.194178,39180662004.96,39180662004.96,3412949652,3412949652,False
2024-01-23,12.13,12.163895,1.261793,41399079278.76,41399079278.76,3412949652,3412949652,False
2024-01-24,12.26,12.294258,1.275316,41842762733.52,41842762733.52,3412949652,3412949652,False
2024-01-25,12.4,12.43465,1.289879,42320575684.8,42320575684.8,3412949652,3412949652,False
2024-01-26,12.19,12.224063,1.268034,41603856257.88,41603856257.88,3412949652,3412949652,False
2024-01-29,12.05,12.083672,1.253471,41126043306.6,41126043306.6,3412949652,3412949652,False
2024-01-30,11.74,11.772805,1.221224,40068028914.48,40068028914.48,3412949652,3412949652,False
2024-01-31,11.56,11.592302,1.2025,39453697977.12,39453697977.12,3412949652,3412949652,False
2024-02-01,11.57,11.60233,1.20354,39487827473.64,39487827473.64,3412949652,3412949652,False
2024-02-02,11.34,11.371688,1.179615,38702849053.68,38702849053.68,3412949652,3412949652,False
2024-02-05,10.69,10.719871,1.112,36484431779.88,36484431779.88,3412949652,3412949652,False
2024-02-06,11.53,11.562219,1.199379,39351309487.56,39351309487.56,3412949652,3412949652,False
2024-02-07,11.73,11.762778,1.220184,40033899417.96,40033899417.96,3412949652,3412949652,False
2024-02-08,12.04,12.073644,1.252431,41091913810.08,41091913810.08,3412949652,3412949652,False
2024-02-19,12.28,12.314314,1.277396,41911021726.56,41911021726.56,3412949652,3412949652,False
2024-02-20,12.27,12.304286,1.276356,41876892230.04,41876892230.04,3412949652,3412949652,False
2024-02-21,12.38,12.414594,1.287798,42252316691.76,42252316691.76,3412949652,3412949652,False
2024-02-22,12.4,12.43465,1.289879,42320575684.8,42320575684.8,3412949652,3412949652,False
2024-02-23,12.42,12.454706,1.291959,42388834677.84,42388834677.84,3412949652,3412949652,False
2024-02-26,12.37,12.404566,1.286758,42218187195.24,42218187195.24,3412949652,3412949652,False
2024-02-27,13.06,13.096494,1.358534,44573122455.12,44573122455.12,3412949652,3412949652,False
2024-02-28,12.57,12.605125,1.307563,42900777125.64,42900777125.64,3412949652,3412949652,False
2024-02-29,13.09,13.126578,1.361654,44675510944.68,44675510944.68,3412949652,3412949652,False
2024-03-01,13.38,13.417388,1.391821,45665266343.76,45665266343.76,3412949652,3412949652,False
2024-03-04,13.42,13.4575,1.395982,45801784329.84,45801784329.84,3412949652,3412949652,False
2024-03-05,13.16,13.196773,1.368936,44914417420.32,44914417420.32,3412949652,3412949652,False
2024-03-06,13.91,13.948869,1.446953,47474129659.32,47474129659.32,3412949652,3412949652,False
2024-03-07,13.48,13.517668,1.402223,46006561308.96,46006561308.96,3412949652,3412949652,False
2024-03-08,13.9,13.938841,1.445913,47440000162.8,47440000162.8,3412949652,3412949652,False
2024-03-11,14.31,14.349987,1.488562,48839309520.12,48839309520.12,3412949652,3412949652,False
2024-03-12,14.47,14.510434,1.505205,49385381464.44,49385381464.44,3412949652,3412949652,False
2024-03-13,15.02,15.061971,1.562418,51262503773.04,51262503773.04,3412949652,3412949652,False
2024-03-14,15.09,15.132166,1.569699,51501410248.68,51501410248.68,3412949652,3412949652,False
2024-03-15,14.79,14.831328,1.538493,50477525353.08,50477525353.08,3412949652,3412949652,False
2024-03-18,14.89,14.931608,1.548895,50818820318.28,50818820318.28,3412949652,3412949652,False
2024-03-19,14.69,14.731049,1.52809,50136230387.88,50136230387.88,3412949652,3412949652,False
2024-03-20,14.58,14.620741,1.516648,49760805926.16,49760805926.16,3412949652,3412949652,False
2024-03-21,14.85,14.891496,1.544734,50682302332.2,50682302332.2,3412949652,3412949652,False
2024-03-22,14.75,14.791216,1.534332,50341007367.0,50341007367.0,3412949652,3412949652,False
2024-03-25,14.52,14.560574,1.510407,49556028947.04,49556028947.04,3412949652,3412949652,False
2024-03-26,14.33,14.370043,1.490642,48907568513.16,48907568513.16,3412949652,3412949652,False
2024-03-27,13.72,13.758338,1.427189,46825669225.44,46825669225.44,3412949652,3412949652,False
2024-03-28,14.06,14.099288,1.462556,47986072107.12,47986072107.12,3412949652,3412949652,False
2024-03-29,14.03,14.069204,1.459436,47883683617.56,47883683617.56,3412949652,3412949652,False
2024-04-01,14.1,14.1394,1.466717,48122590093.2,48122590093.2,3412949652,3412949652,False
2024-04-02,13.73,13.768366,1.428229,46859798721.96,46859798721.96,3412949652,3412949652,False
2024-04-03,13.32,13.35722,1.38558,45460489364.64,45460489364.64,3412949652,3412949652,False
2024-04-08,13.31,13.347193,1.384539,45426359868.12,45426359868.12,3412949652,3412949652,False
2024-04-09,13.43,13.467528,1.397022,45835913826.36,45835913826.36,3412949652,3412949652,False
2024-04-10,12.9,12.936047,1.34189,44027050510.8,44027050510.8,3412949652,3412949652,False
2024-04-11,13.04,13.076438,1.356453,44504863462.08,44504863462.08,3412949652,3412949652,False
2024-04-12,13.34,13.377276,1.38766,45528748357.68,45528748357.68,3412949652,3412949652,False
2024-04-15,13.49,13.527696,1.403263,46040690805.48,46040690805.48,3412949652,3412949652,False
2024-04-16,13.05,13.086466,1.357494,44538992958.6,44538992958.6,3412949652,3412949652,False
2024-04-17,13.38,13.417388,1.391821,45665266343.76,45665266343.76,3412949652,3412949652,False
2024-04-18,13.07,13.106522,1.359574,44607251951.64,44607251951.64,3412949652,3412949652,False
2024-04-19,12.63,12.665292,1.313804,43105554104.76,43105554104.76,3412949652,3412949652,False
2024-04-22,12.53,12.565013,1.303402,42764259139.56,42764259139.56,3412949652,3412949652,False
2024-04-23,12.55,12.585069,1.305482,42832518132.6,42832518132.6,3412949652,3412949652,False
2024-04-24,12.91,12.946075,1.34293,44061180007.32,44061180007.32,3412949652,3412949652,False
2024-04-25,12.82,12.855823,1.333568,43754014538.64,43754014538.64,3412949652,3412949652,False
2024-04-26,12.56,14.363171,1.268923,42866647629.12,42866647629.12,3412949652,3412949652,False
2024-04-29,13.58,15.529606,1.371972,46347856274.16,46347856274.16,3412949652,3412949652,False
2024-04-30,13.57,15.518171,1.370962,46313726777.64,46313726777.64,3412949652,3412949652,False
2024-05-06,13.91,15.906983,1.405312,47474129659.32,47474129659.32,3412949652,3412949652,False
2024-05-07,13.84,15.826933,1.39824,47235223183.68,47235223183.68,3412949652,3412949652,False
2024-05-08,13.94,15.94129,1.408343,47576518148.88,47576518148.88,3412949652,3412949652,False
2024-05-09,14.18,16.215745,1.43259,48395626065.36,48395626065.36,3412949652,3412949652,False
2024-05-10,14.38,16.444458,1.452796,49078215995.76,49078215995.76,3412949652,3412949652,False
2024-05-13,15.01,17.164904,1.516444,51228374276.52,51228374276.52,3412949652,3412949652,False
2024-05-14,14.97,17.119161,1.512403,51091856290.44,51091856290.44,3412949652,3412949652,False
2024-05-15,14.7,16.810399,1.485125,50170359884.4,50170359884.4,3412949652,3412949652,False
2024-05-16,15.05,17.210646,1.520485,51364892262.6,51364892262.6,3412949652,3412949652,False
2024-05-17,14.77,16.890448,1.492197,50409266360.04,50409266360.04,3412949652,3412949652,False
2024-05-20,14.94,17.084854,1.509372,50989467800.88,50989467800.88,3412949652,3412949652,False
2024-05-21,14.75,16.867577,1.490176,50341007367.0,50341007367.0,3412949652,3412949652,False
2024-05-22,14.5,16.581686,1.464919,49487769954.0,49487769954.0,3412949652,3412949652,False
2024-05-23,14.54,16.627428,1.46896,49624287940.08,49624287940.08,3412949652,3412949652,False
2024-05-24,14.62,16.718913,1.477042,49897323912.24,49897323912.24,3412949652,3412949652,False
2024-05-27,15.34,17.54228,1.549783,52354647661.68,52354647661.68,3412949652,3412949652,False
2024-05-28,15.23,17.416488,1.53867,51979223199.96,51979223199.96,3412949652,3412949652,False
2024-05-29,15.34,17.54228,1.549783,52354647661.68,52354647661.68,3412949652,3412949652,False
2024-05-30,15.38,17.588023,1.553824,52491165647.76,52491165647.76,3412949652,3412949652,False
2024-05-31,15.06,17.222082,1.521495,51399021759.12,51399021759.12,3412949652,3412949652,False
2024-06-03,14.79,16.913319,1.494217,50477525353.08,50477525353.08,3412949652,3412949652,False
2024-06-04,15.13,17.302131,1.528567,51637928234.76,51637928234.76,3412949652,3412949652,False
2024-06-05,14.54,16.627428,1.46896,49624287940.08,49624287940.08,3412949652,3412949652,False
2024-06-06,14.43,16.501636,1.457847,49248863478.36,49248863478.36,3412949652,3412949652,False
2024-06-07,14.46,16.535943,1.460878,49351251967.92,49351251967.92,3412949652,3412949652,False
2024-06-11,14.56,16.6503,1.470981,49692546933.12,49692546933.12,3412949652,3412949652,False
2024-06-12,14.5,16.581686,1.464919,49487769954.0,49487769954.0,3412949652,3412949652,False
2024-06-13,14.65,16.75322,1.480073,49999712401.8,49999712401.8,3412949652,3412949652,False
2024-06-14,14.74,16.856141,1.489166,50306877870.48,50306877870.48,3412949652,3412949652,False
2024-06-17,15.38,17.588023,1.553824,52491165647.76,52491165647.76,3412949652,3412949652,False
2024-06-18,15.63,17.873914,1.579082,53344403060.76,53344403060.76,3412949652,3412949652,False
2024-06-19,15.56,17.793864,1.57201,53105496585.12,53105496585.12,3412949652,3412949652,False
2024-06-20,15.62,17.862478,1.578071,53310273564.24,53310273564.24,3412949652,3412949652,False
2024-06-21,15.81,18.079755,1.597267,53958733998.12,53958733998.12,3412949652,3412949652,False
2024-06-24,15.7,17.953963,1.586154,53583309536.4,53583309536.4,3412949652,3412949652,False
2024-06-25,15.28,17.473666,1.543722,52149870682.56,52149870682.56,3412949652,3412949652,False
2024-06-26,15.32,17.519409,1.547763,52286388668.64,52286388668.64,3412949652,3412949652,False
2024-06-27,15.18,17.35931,1.533619,51808575717.36,51808575717.36,3412949652,3412949652,False
2024-06-28,15.85,18.125498,1.601308,54095251984.2,54095251984.2,3412949652,3412949652,False
2024-07-01,15.93,18.216983,1.60939,54368287956.36,54368287956.36,3412949652,3412949652,False
2024-07-02,15.13,17.302131,1.528567,51637928234.76,51637928234.76,3412949652,3412949652,False
2024-07-03,15.17,17.347874,1.532608,51774446220.84,51774446220.84,3412949652,3412949652,False
2024-07-04,15.29,17.485102,1.544732,52184000179.08,52184000179.08,3412949652,3412949652,False
2024-07-05,15.35,17.553716,1.550794,52388777158.2,52388777158.2,3412949652,3412949652,False
2024-07-08,15.3,17.496537,1.545742,52218129675.6,52218129675.6,3412949652,3412949652,False
2024-07-09,15.99,18.285597,1.615452,54573064935.48,54573064935.48,3412949652,3412949652,False
2024-07-10,15.37,17.576587,1.552814,52457036151.24,52457036151.24,3412949652,3412949652,False
2024-07-11,15.19,17.370745,1.534629,51842705213.88,51842705213.88,3412949652,3412949652,False
2024-07-12,15.06,17.222082,1.521495,51399021759.12,51399021759.12,3412949652,3412949652,False
2024-07-15,14.68,16.787527,1.483104,50102100891.36,50102100891.36,3412949652,3412949652,False
2024-07-16,14.41,16.478765,1.455826,49180604485.32,49180604485.32,3412949652,3412949652,False
2024-07-17,14.16,16.192874,1.430569,48327367072.32,48327367072.32,3412949652,3412949652,False
2024-07-18,14.04,16.055646,1.418446,47917813114.08,47917813114.08,3412949652,3412949652,False
2024-07-19,14.26,16.30723,1.440672,48668662037.52,48668662037.52,3412949652,3412949652,False
2024-07-22,14.58,16.673171,1.473001,49760805926.16,49760805926.16,3412949652,3412949652,False
2024-07-23,14.05,16.067082,1.419456,47951942610.6,47951942610.6,3412949652,3412949652,False
2024-07-24,14.24,16.284359,1.438651,48600403044.48,48600403044.48,3412949652,3412949652,False
2024-07-25,14.98,17.130597,1.513413,51125985786.96,51125985786.96,3412949652,3412949652,False
2024-07-26,15.49,17.713815,1.564938,52866590109.48,52866590109.48,3412949652,3412949652,False
2024-07-29,15.26,17.450795,1.541701,52081611689.52,52081611689.52,3412949652,3412949652,False
2024-07-30,15.1,17.267824,1.525536,51535539745.2,51535539745.2,3412949652,3412949652,False
2024-07-31,14.97,17.119161,1.512403,51091856290.44,51091856290.44,3412949652,3412949652,False
2024-08-01,14.99,17.142032,1.514423,51160115283.48,51160115283.48,3412949652,3412949652,False
2024-08-02,14.57,16.661735,1.471991,49726676429.64,49726676429.64,3412949652,3412949652,False
2024-08-05,14.07,16.089953,1.421477,48020201603.64,48020201603.64,3412949652,3412949652,False
2024-08-06,13.79,15.769755,1.393188,47064575701.08,47064575701.08,3412949652,3412949652,False
2024-08-07,14.09,16.112824,1.423497,48088460596.68,48088460596.68,3412949652,3412949652,False
2024-08-08,13.73,15.701141,1.387127,46859798721.96,46859798721.96,3412949652,3412949652,False
2024-08-09,13.6,15.552478,1.373993,46416115267.2,46416115267.2,3412949652,3412949652,False
2024-08-12,13.52,15.460992,1.365911,46143079295.04,46143079295.04,3412949652,3412949652,False
2024-08-13,13.58,15.529606,1.371972,46347856274.16,46347856274.16,3412949652,3412949652,False
2024-08-14,13.14,15.026438,1.32752,44846158427.28,44846158427.28,3412949652,3412949652,False
2024-08-15,13.19,15.083616,1.332571,45016805909.88,45016805909.88,3412949652,3412949652,False
2024-08-16,13.33,15.243715,1.346715,45494618861.16,45494618861.16,3412949652,3412949652,False
2024-08-19,13.25,15.15223,1.338633,45221582889.0,45221582889.0,3412949652,3412949652,False
2024-08-20,13.12,15.003567,1.325499,44777899434.24,44777899434.24,3412949652,3412949652,False
2024-08-21,13.0,14.866339,1.313376,44368345476.0,44368345476.0,3412949652,3412949652,False
2024-08-22,12.82,14.660497,1.29519,43754014538.64,43754014538.64,3412949652,3412949652,False
2024-08-23,12.69,14.511834,1.282057,43310331083.88,43310331083.88,3412949652,3412949652,False
2024-08-26,12.63,14.44322,1.275995,43105554104.76,43105554104.76,3412949652,3412949652,False
2024-08-27,12.32,14.088715,1.244676,42047539712.64,42047539712.64,3412949652,3412949652,False
2024-08-28,12.59,14.397477,1.271954,42969036118.68,42969036118.68,3412949652,3412949652,False
2024-08-29,13.06,14.934953,1.319437,44573122455.12,44573122455.12,3412949652,3412949652,False
2024-08-30,12.96,16.870777,1.306031,44231827489.92,44231827489.92,3412949652,3412949652,False
2024-09-02,12.49,16.258951,1.258668,42627741153.48,42627741153.48,3412949652,3412949652,False
2024-09-03,12.88,16.766637,1.29797,43958791517.76,43958791517.76,3412949652,3412949652,False
2024-09-04,13.19,17.170182,1.329209,45016805909.88,45016805909.88,3412949652,3412949652,False
2024-09-05,13.21,17.196217,1.331225,45085064902.92,45085064902.92,3412949652,3412949652,False
2024-09-06,12.98,16.896813,1.308047,44300086482.96,44300086482.96,3412949652,3412949652,False
2024-09-09,13.07,17.013971,1.317117,44607251951.64,44607251951.64,3412949652,3412949652,False
2024-09-10,12.97,16.883795,1.307039,44265956986.44,44265956986.44,3412949652,3412949652,False
2024-09-11,13.52,17.599762,1.362465,46143079295.04,46143079295.04,3412949652,3412949652,False
2024-09-12,13.35,17.378463,1.345333,45562877854.2,45562877854.2,3412949652,3412949652,False
2024-09-13,13.2,17.183199,1.330217,45050935406.4,45050935406.4,3412949652,3412949652,False
2024-09-18,13.42,17.469586,1.352387,45801784329.84,45801784329.84,3412949652,3412949652,False
2024-09-19,13.41,17.456568,1.35138,45767654833.32,45767654833.32,3412949652,3412949652,False
2024-09-20,13.07,17.013971,1.317117,44607251951.64,44607251951.64,3412949652,3412949652,False
2024-09-23,12.84,16.714567,1.293939,43822273531.68,43822273531.68,3412949652,3412949652,False
2024-09-24,13.12,17.079059,1.322155,44777899434.24,44777899434.24,3412949652,3412949652,False
2024-09-25,13.19,17.170182,1.329209,45016805909.88,45016805909.88,3412949652,3412949652,False
2024-09-26,13.45,17.508639,1.355411,45904172819.4,45904172819.4,3412949652,3412949652,False
2024-09-27,14.28,18.589097,1.439053,48736921030.56,48736921030.56,3412949652,3412949652,False
2024-09-30,15.49,20.164224,1.56099,52866590109.48,52866590109.48,3412949652,3412949652,False
2024-10-08,16.28,21.192612,1.640601,55562820334.56,55562820334.56,3412949652,3412949652,False
2024-10-09,15.01,19.53938,1.512618,51228374276.52,51228374276.52,3412949652,3412949652,False
2024-10-10,15.36,19.994996,1.547889,52422906654.72,52422906654.72,3412949652,3412949652,False
2024-10-11,14.72,19.161871,1.483394,50238618877.44,50238618877.44,3412949652,3412949652,False
2024-10-14,15.05,19.591451,1.516649,51364892262.6,51364892262.6,3412949652,3412949652,False
2024-10-15,14.5,18.875484,1.461223,49487769954.0,49487769954.0,3412949652,3412949652,False
2024-10-16,14.36,18.693238,1.447115,49009957002.72,49009957002.72,3412949652,3412949652,False
2024-10-17,14.62,19.031695,1.473316,49897323912.24,49897323912.24,3412949652,3412949652,False
2024-10-18,15.07,19.617486,1.518665,51433151255.64,51433151255.64,3412949652,3412949652,False
2024-10-21,15.2,19.786714,1.531765,51876834710.4,51876834710.4,3412949652,3412949652,False
2024-10-22,16.29,21.20563,1.641609,55596949831.08,55596949831.08,3412949652,3412949652,False
2024-10-23,16.35,21.283735,1.647655,55801726810.2,55801726810.2,3412949652,3412949652,False
2024-10-24,16.41,21.361841,1.653702,56006503789.32,56006503789.32,3412949652,3412949652,False
2024-10-25,16.84,21.921597,1.697035,57474072139.68,57474072139.68,3412949652,3412949652,False
2024-10-28,15.91,20.710962,1.603315,54300028963.32,54300028963.32,3412949652,3412949652,False
2024-10-29,15.49,20.164224,1.56099,52866590109.48,52866590109.48,3412949652,3412949652,False
2024-10-30,15.81,19.496824,1.547821,53958733998.12,53958733998.12,3412949652,3412949652,False
2024-10-31,15.75,19.422832,1.541947,53753957019.0,53753957019.0,3412949652,3412949652,False
2024-11-01,15.66,19.311845,1.533136,53446791550.32,53446791550.32,3412949652,3412949652,False
2024-11-04,15.74,19.4105,1.540968,53719827522.48,53719827522.48,3412949652,3412949652,False
2024-11-05,16.21,19.990102,1.586982,55323913858.92,55323913858.92,3412949652,3412949652,False
2024-11-06,16.92,20.865671,1.656492,57747108111.84,57747108111.84,3412949652,3412949652,False
2024-11-07,17.31,21.346618,1.694673,59078158476.12,59078158476.12,3412949652,3412949652,False
2024-11-08,17.3,21.334286,1.693694,59044028979.6,59044028979.6,3412949652,3412949652,False
2024-11-11,17.27,21.29729,1.690757,58941640490.04,58941640490.04,3412949652,3412949652,False
2024-11-12,17.05,21.025987,1.669219,58190791566.6,58190791566.6,3412949652,3412949652,False
2024-11-13,17.15,21.149306,1.679009,58532086531.8,58532086531.8,3412949652,3412949652,False
2024-11-14,16.54,20.397057,1.619289,56450187244.08,56450187244.08,3412949652,3412949652,False
2024-11-15,16.27,20.064094,1.592856,55528690838.04,55528690838.04,3412949652,3412949652,False
2024-11-18,16.21,19.990102,1.586982,55323913858.92,55323913858.92,3412949652,3412949652,False
2024-11-19,16.19,19.965438,1.585024,55255654865.88,55255654865.88,3412949652,3412949652,False
2024-11-20,16.29,20.088758,1.594814,55596949831.08,55596949831.08,3412949652,3412949652,False
2024-11-21,16.32,20.125754,1.597751,55699338320.64,55699338320.64,3412949652,3412949652,False
2024-11-22,15.62,19.262517,1.52922,53310273564.24,53310273564.24,3412949652,3412949652,False
2024-11-25,15.65,19.299513,1.532157,53412662053.8,53412662053.8,3412949652,3412949652,False
2024-11-26,15.77,19.447496,1.543905,53822216012.04,53822216012.04,3412949652,3412949652,False
2024-11-27,16.31,20.113422,1.596772,55665208824.12,55665208824.12,3412949652,3412949652,False
2024-11-28,15.92,19.632476,1.55859,54334158459.84,54334158459.84,3412949652,3412949652,False
2024-11-29,15.88,19.583148,1.554674,54197640473.76,54197640473.76,3412949652,3412949652,False
2024-12-02,16.27,20.064094,1.592856,55528690838.04,55528690838.04,3412949652,3412949652,False
2024-12-03,16.77,20.680692,1.641807,57235165664.04,57235165664.04,3412949652,3412949652,False
2024-12-04,16.35,20.16275,1.600688,55801726810.2,55801726810.2,3412949652,3412949652,False
2024-12-05,15.95,19.669472,1.561527,54436546949.4,54436546949.4,3412949652,3412949652,False
2024-12-06,15.92,19.632476,1.55859,54334158459.84,54334158459.84,3412949652,3412949652,False
2024-12-09,15.88,19.583148,1.554674,54197640473.76,54197640473.76,3412949652,3412949652,False
2024-12-10,15.77,19.447496,1.543905,53822216012.04,53822216012.04,3412949652,3412949652,False
2024-12-11,15.8,19.484492,1.546842,53924604501.6,53924604501.6,3412949652,3412949652,False
2024-12-12,15.84,19.53382,1.550758,54061122487.68,54061122487.68,3412949652,3412949652,False
2024-12-13,15.62,19.262517,1.52922,53310273564.24,53310273564.24,3412949652,3412949652,False
2024-12-16,15.46,19.065206,1.513556,52764201619.92,52764201619.92,3412949652,3412949652,False
2024-12-17,15.5,19.114533,1.517472,52900719606.0,52900719606.0,3412949652,3412949652,False
2024-12-18,15.54,19.163861,1.521388,53037237592.08,53037237592.08,3412949652,3412949652,False
2024-12-19,15.54,19.163861,1.521388,53037237592.08,53037237592.08,3412949652,3412949652,False
2024-12-20,15.4,18.991214,1.507682,52559424640.8,52559424640.8,3412949652,3412949652,False
2024-12-23,15.07,18.584259,1.475374,51433151255.64,51433151255.64,3412949652,3412949652,False
2024-12-24,15.11,18.633587,1.47929,51569669241.72,51569669241.72,3412949652,3412949652,False
2024-12-25,14.75,18.189637,1.444046,50341007367.0,50341007367.0,3412949652,3412949652,False
2024-12-26,14.77,18.214301,1.446004,50409266360.04,50409266360.04,3412949652,3412949652,False
2024-12-27,14.76,18.201969,1.445025,50375136863.52,50375136863.52,3412949652,3412949652,False
2024-12-30,14.55,17.942998,1.424466,49658417436.6,49658417436.6,3412949652,3412949652,False
2024-12-31,14.32,17.659363,1.401948,48873439016.64,48873439016.64,3412949652,3412949652,False
2025-01-02,13.69,16.882449,1.34027,46723280735.88,46723280735.88,3412949652,3412949652,False
2025-01-03,13.65,16.833121,1.336354,46586762749.8,46586762749.8,3412949652,3412949652,False
2025-01-06,13.69,16.882449,1.34027,46723280735.88,46723280735.88,3412949652,3412949652,False
2025-01-07,13.72,16.919445,1.343207,46825669225.44,46825669225.44,3412949652,3412949652,False
2025-01-08,13.51,16.660474,1.322648,46108949798.52,46108949798.52,3412949652,3412949652,False
2025-01-09,13.36,16.475495,1.307963,45597007350.72,45597007350.72,3412949652,3412949652,False
2025-01-10,13.12,16.179528,1.284466,44777899434.24,44777899434.24,3412949652,3412949652,False
2025-01-13,12.8,15.784905,1.253138,43685755545.6,43685755545.6,3412949652,3412949652,False
2025-01-14,13.3,16.401503,1.302089,45392230371.6,45392230371.6,3412949652,3412949652,False
2025-01-15,13.25,16.339843,1.297194,45221582889.0,45221582889.0,3412949652,3412949652,False
2025-01-16,13.36,16.475495,1.307963,45597007350.72,45597007350.72,3412949652,3412949652,False
2025-01-17,13.79,17.005769,1.35006,47064575701.08,47064575701.08,3412949652,3412949652,False
2025-01-20,13.64,16.820789,1.335375,46552633253.28,46552633253.28,3412949652,3412949652,False
2025-01-21,13.66,16.845453,1.337333,46620892246.32,46620892246.32,3412949652,3412949652,False
2025-01-22,13.72,16.919445,1.343207,46825669225.44,46825669225.44,3412949652,3412949652,False
2025-01-23,13.59,16.75913,1.33048,46381985770.68,46381985770.68,3412949652,3412949652,False
2025-01-24,13.97,17.227744,1.367683,47678906638.44,47678906638.44,3412949652,3412949652,False
2025-01-27,13.64,16.820789,1.335375,46552633253.28,46552633253.28,3412949652,3412949652,False
2025-02-05,13.36,16.475495,1.307963,45597007350.72,45597007350.72,3412949652,3412949652,False
2025-02-06,13.66,16.845453,1.337333,46620892246.32,46620892246.32,3412949652,3412949652,False
2025-02-07,13.97,17.227744,1.367683,47678906638.44,47678906638.44,3412949652,3412949652,False
2025-02-10,13.95,17.20308,1.365725,47610647645.4,47610647645.4,3412949652,3412949652,False
2025-02-11,13.83,17.055097,1.353976,47201093687.16,47201093687.16,3412949652,3412949652,False
2025-02-12,13.9,17.14142,1.36083,47440000162.8,47440000162.8,3412949652,3412949652,False
2025-02-13,13.72,16.919445,1.343207,46825669225.44,46825669225.44,3412949652,3412949652,False
2025-02-14,13.95,17.20308,1.365725,47610647645.4,47610647645.4,3412949652,3412949652,False
2025-02-17,13.81,17.030433,1.352018,47132834694.12,47132834694.12,3412949652,3412949652,False
2025-02-18,13.64,16.820789,1.335375,46552633253.28,46552633253.28,3412949652,3412949652,False
2025-02-19,13.9,17.14142,1.36083,47440000162.8,47440000162.8,3412949652,3412949652,False
2025-02-20,13.8,17.018101,1.351039,47098705197.6,47098705197.6,3412949652,3412949652,False
2025-02-21,14.43,17.795014,1.412717,49248863478.36,49248863478.36,3412949652,3412949652,False
2025-02-24,14.44,17.807346,1.413696,49282992974.88,49282992974.88,3412949652,3412949652,False
2025-02-25,14.21,17.523711,1.391179,48498014554.92,48498014554.92,3412949652,3412949652,False
2025-02-26,14.4,17.758018,1.40978,49146474988.8,49146474988.8,3412949652,3412949652,False
2025-02-27,14.23,17.548375,1.393137,48566273547.96,48566273547.96,3412949652,3412949652,False
2025-02-28,13.8,17.018101,1.351039,47098705197.6,47098705197.6,3412949652,3412949652,False
2025-03-03,14.02,17.289404,1.372578,47849554121.04,47849554121.04,3412949652,3412949652,False
2025-03-04,14.05,17.3264,1.375515,47951942610.6,47951942610.6,3412949652,3412949652,False
2025-03-05,14.05,17.3264,1.375515,47951942610.6,47951942610.6,3412949652,3412949652,False
2025-03-06,14.33,17.671694,1.402927,48907568513.16,48907568513.16,3412949652,3412949652,False
2025-03-07,14.13,17.425055,1.383347,48224978582.76,48224978582.76,3412949652,3412949652,False
2025-03-10,14.13,17.425055,1.383347,48224978582.76,48224978582.76,3412949652,3412949652,False
2025-03-11,14.08,17.363396,1.378452,48054331100.16,48054331100.16,3412949652,3412949652,False
2025-03-12,14.25,17.573039,1.395095,48634532541.0,48634532541.0,3412949652,3412949652,False
2025-03-13,14.36,17.70869,1.405864,49009957002.72,49009957002.72,3412949652,3412949652,False
2025-03-14,15.28,18.84323,1.495934,52149870682.56,52149870682.56,3412949652,3412949652,False
2025-03-17,15.58,19.213189,1.525304,53173755578.16,53173755578.16,3412949652,3412949652,False
2025-03-18,15.35,18.929554,1.502787,52388777158.2,52388777158.2,3412949652,3412949652,False
2025-03-19,15.01,18.510268,1.4695,51228374276.52,51228374276.52,3412949652,3412949652,False
2025-03-20,15.16,18.695247,1.484185,51740316724.32,51740316724.32,3412949652,3412949652,False
2025-03-21,15.77,19.447496,1.543905,53822216012.04,53822216012.04,3412949652,3412949652,False
2025-03-24,15.64,19.287181,1.531178,53378532557.28,53378532557.28,3412949652,3412949652,False
2025-03-25,14.98,18.473272,1.466563,51125985786.96,51125985786.96,3412949652,3412949652,False
2025-03-26,14.82,18.27596,1.450899,50579913842.64,50579913842.64,3412949652,3412949652,False
2025-03-27,14.67,18.090981,1.436214,50067971394.84,50067971394.84,3412949652,3412949652,False
2025-03-28,14.6,18.004657,1.429361,49829064919.2,49829064919.2,3412949652,3412949652,False
2025-03-31,14.56,17.955329,1.425445,49692546933.12,49692546933.12,3412949652,3412949652,False
2025-04-01,14.52,17.906002,1.421528,49556028947.04,49556028947.04,3412949652,3412949652,False
2025-04-02,14.41,17.77035,1.410759,49180604485.32,49180604485.32,3412949652,3412949652,False
2025-04-03,14.15,17.449719,1.385305,48293237575.8,48293237575.8,3412949652,3412949652,False
2025-04-07,12.74,15.710913,1.247264,43480978566.48,43480978566.48,3412949652,3412949652,False
2025-04-08,12.8,15.784905,1.253138,43685755545.6,43685755545.6,3412949652,3412949652,False
2025-04-09,13.05,16.093204,1.277613,44538992958.6,44538992958.6,3412949652,3412949652,False
2025-04-10,13.43,16.561818,1.314816,45835913826.36,45835913826.36,3412949652,3412949652,False
2025-04-11,13.4,16.524822,1.311879,45733525336.8,45733525336.8,3412949652,3412949652,False
2025-04-14,13.64,16.820789,1.335375,46552633253.28,46552633253.28,3412949652,3412949652,False
2025-04-15,13.44,16.57415,1.315795,45870043322.88,45870043322.88,3412949652,3412949652,False
2025-04-16,13.38,16.500159,1.309921,45665266343.76,45665266343.76,3412949652,3412949652,False
2025-04-17,13.38,16.500159,1.309921,45665266343.76,45665266343.76,3412949652,3412949652,False
2025-04-18,13.83,17.055097,1.353976,47201093687.16,47201093687.16,3412949652,3412949652,False
2025-04-21,13.9,17.14142,1.36083,47440000162.8,47440000162.8,3412949652,3412949652,False
2025-04-22,13.97,17.227744,1.367683,47678906638.44,47678906638.44,3412949652,3412949652,False
2025-04-23,14.06,17.338732,1.376494,47986072107.12,47986072107.12,3412949652,3412949652,False
2025-04-24,13.9,17.14142,1.36083,47440000162.8,47440000162.8,3412949652,3412949652,False
2025-04-25,14.14,17.055814,1.353511,48259108079.28,48259108079.28,3412949652,3412949652,False
2025-04-28,13.96,16.838696,1.336281,47644777141.92,47644777141.92,3412949652,3412949652,False
2025-04-29,13.87,16.730137,1.327666,47337611673.24,47337611673.24,3412949652,3412949652,False
2025-04-30,13.91,16.778385,1.331495,47474129659.32,47474129659.32,3412949652,3412949652,False
2025-05-06,14.06,16.959317,1.345853,47986072107.12,47986072107.12,3412949652,3412949652,False
2025-05-07,13.98,16.86282,1.338195,47713036134.96,47713036134.96,3412949652,3412949652,False
2025-05-08,14.17,17.092,1.356382,48361496568.84,48361496568.84,3412949652,3412949652,False
2025-05-09,13.94,16.814572,1.334366,47576518148.88,47576518148.88,3412949652,3412949652,False
2025-05-12,14.09,16.995503,1.348725,48088460596.68,48088460596.68,3412949652,3412949652,False
2025-05-13,14.05,16.947255,1.344896,47951942610.6,47951942610.6,3412949652,3412949652,False
2025-05-14,14.08,16.983441,1.347767,48054331100.16,48054331100.16,3412949652,3412949652,False
2025-05-15,13.72,16.549206,1.313308,46825669225.44,46825669225.44,3412949652,3412949652,False
2025-05-16,13.68,16.500957,1.309479,46689151239.36,46689151239.36,3412949652,3412949652,False
2025-05-19,13.76,16.597454,1.317136,46962187211.52,46962187211.52,3412949652,3412949652,False
2025-05-20,13.74,16.57333,1.315222,46893928218.48,46893928218.48,3412949652,3412949652,False
2025-05-21,13.47,16.247653,1.289377,45972431812.44,45972431812.44,3412949652,3412949652,False
2025-05-22,13.4,16.163218,1.282676,45733525336.8,45733525336.8,3412949652,3412949652,False
2025-05-23,13.2,15.921976,1.263532,45050935406.4,45050935406.4,3412949652,3412949652,False
2025-05-26,13.28,16.018473,1.27119,45323971378.56,45323971378.56,3412949652,3412949652,False
2025-05-27,13.21,15.934038,1.264489,45085064902.92,45085064902.92,3412949652,3412949652,False
2025-05-28,13.26,15.994349,1.269275,45255712385.52,45255712385.52,3412949652,3412949652,False
2025-05-29,13.51,16.295901,1.293206,46108949798.52,46108949798.52,3412949652,3412949652,False
2025-05-30,13.31,16.054659,1.274061,45426359868.12,45426359868.12,3412949652,3412949652,False
2025-06-03,13.2,15.921976,1.263532,45050935406.4,45050935406.4,3412949652,3412949652,False
2025-06-04,13.2,15.921976,1.263532,45050935406.4,45050935406.4,3412949652,3412949652,False
2025-06-05,13.29,16.030535,1.272147,45358100875.08,45358100875.08,3412949652,3412949652,False
2025-06-06,13.61,16.416522,1.302778,46450244763.72,46450244763.72,3412949652,3412949652,False
2025-06-09,13.75,16.585392,1.316179,46928057715.0,46928057715.0,3412949652,3412949652,False
2025-06-10,13.63,16.440647,1.304693,46518503756.76,46518503756.76,3412949652,3412949652,False
2025-06-11,13.65,16.464771,1.306607,46586762749.8,46586762749.8,3412949652,3412949652,False
2025-06-12,13.67,16.488895,1.308521,46655021742.84,46655021742.84,3412949652,3412949652,False
2025-06-13,13.5,16.283839,1.292249,46074820302.0,46074820302.0,3412949652,3412949652,False
2025-06-16,13.77,16.609516,1.318094,46996316708.04,46996316708.04,3412949652,3412949652,False
2025-06-17,13.8,16.645702,1.320965,47098705197.6,47098705197.6,3412949652,3412949652,False
2025-06-18,13.85,16.706013,1.325751,47269352680.2,47269352680.2,3412949652,3412949652,False
2025-06-19,13.56,16.356212,1.297992,46279597281.12,46279597281.12,3412949652,3412949652,False
2025-06-20,13.52,16.307963,1.294163,46143079295.04,46143079295.04,3412949652,3412949652,False
2025-06-23,13.72,16.549206,1.313308,46825669225.44,46825669225.44,3412949652,3412949652,False
2025-06-24,13.89,16.754261,1.32958,47405870666.28,47405870666.28,3412949652,3412949652,False
2025-06-25,13.97,16.850758,1.337238,47678906638.44,47678906638.44,3412949652,3412949652,False
2025-06-26,14.04,16.935193,1.343939,47917813114.08,47917813114.08,3412949652,3412949652,False
2025-06-27,14.09,16.995503,1.348725,48088460596.68,48088460596.68,3412949652,3412949652,False
2025-06-30,14.46,17.441801,1.384142,49351251967.92,49351251967.92,3412949652,3412949652,False
2025-07-01,14.43,17.405615,1.38127,49248863478.36,49248863478.36,3412949652,3412949652,False
2025-07-02,14.4,17.369429,1.378399,49146474988.8,49146474988.8,3412949652,3412949652,False
2025-07-03,14.46,17.441801,1.384142,49351251967.92,49351251967.92,3412949652,3412949652,False
2025-07-04,14.22,17.152311,1.361169,48532144051.44,48532144051.44,3412949652,3412949652,False
2025-07-07,14.07,16.971379,1.34681,48020201603.64,48020201603.64,3412949652,3412949652,False
2025-07-08,14.38,17.345304,1.376484,49078215995.76,49078215995.76,3412949652,3412949652,False
2025-07-09,14.29,17.236745,1.367869,48771050527.08,48771050527.08,3412949652,3412949652,False
2025-07-10,14.24,17.176435,1.363083,48600403044.48,48600403044.48,3412949652,3412949652,False
2025-07-11,14.15,17.067876,1.354468,48293237575.8,48293237575.8,3412949652,3412949652,False
2025-07-14,14.2,17.128186,1.359254,48463885058.4,48463885058.4,3412949652,3412949652,False
2025-07-15,14.06,16.959317,1.345853,47986072107.12,47986072107.12,3412949652,3412949652,False
2025-07-16,14.01,16.899007,1.341067,47815424624.52,47815424624.52,3412949652,3412949652,False
2025-07-17,14.27,17.212621,1.365955,48702791534.04,48702791534.04,3412949652,3412949652,False
2025-07-18,14.07,16.971379,1.34681,48020201603.64,48020201603.64,3412949652,3412949652,False
2025-07-21,14.41,17.381491,1.379356,49180604485.32,49180604485.32,3412949652,3412949652,False
2025-07-22,14.45,17.429739,1.383185,49317122471.4,49317122471.4,3412949652,3412949652,False
2025-07-23,14.27,17.212621,1.365955,48702791534.04,48702791534.04,3412949652,3412949652,False
2025-07-24,14.34,17.297056,1.372655,48941698009.68,48941698009.68,3412949652,3412949652,False
2025-07-25,13.92,16.790448,1.332452,47508259155.84,47508259155.84,3412949652,3412949652,False
2025-07-28,13.97,16.850758,1.337238,47678906638.44,47678906638.44,3412949652,3412949652,False
2025-07-29,13.94,16.814572,1.334366,47576518148.88,47576518148.88,3412949652,3412949652,False
2025-07-30,13.94,16.814572,1.334366,47576518148.88,47576518148.88,3412949652,3412949652,False
2025-07-31,13.85,16.706013,1.325751,47269352680.2,47269352680.2,3412949652,3412949652,False
2025-08-01,14.02,16.911069,1.342024,47849554121.04,47849554121.04,3412949652,3412949652,False
2025-08-04,13.94,16.814572,1.334366,47576518148.88,47576518148.88,3412949652,3412949652,False
2025-08-05,14.25,17.188497,1.36404,48634532541.0,48634532541.0,3412949652,3412949652,False
2025-08-06,14.14,17.055814,1.353511,48259108079.28,48259108079.28,3412949652,3412949652,False
2025-08-07,14.05,16.947255,1.344896,47951942610.6,47951942610.6,3412949652,3412949652,False
2025-08-08,14.31,17.26087,1.369784,48839309520.12,48839309520.12,3412949652,3412949652,False
2025-08-11,14.53,17.526236,1.390842,49590158443.56,49590158443.56,3412949652,3412949652,False
2025-08-12,14.59,17.598609,1.396586,49794935422.68,49794935422.68,3412949652,3412949652,False
2025-08-13,14.74,17.77954,1.410944,50306877870.48,50306877870.48,3412949652,3412949652,False
2025-08-14,14.5,17.49005,1.387971,49487769954.0,49487769954.0,3412949652,3412949652,False
2025-08-15,15.19,18.322335,1.454019,51842705213.88,51842705213.88,3412949652,3412949652,False
2025-08-18,15.28,18.430894,1.462634,52149870682.56,52149870682.56,3412949652,3412949652,False
2025-08-19,15.4,18.575639,1.474121,52559424640.8,52559424640.8,3412949652,3412949652,False
2025-08-20,15.3,18.455018,1.464548,52218129675.6,52218129675.6,3412949652,3412949652,False
2025-08-21,15.05,18.153465,1.440618,51364892262.6,51364892262.6,3412949652,3412949652,False
2025-08-22,15.21,18.346459,1.455933,51910964206.92,51910964206.92,3412949652,3412949652,False
2025-08-25,15.85,19.118433,1.517196,54095251984.2,54095251984.2,3412949652,3412949652,False
2025-08-26,15.98,18.515268,1.532975,54538935438.96,54538935438.96,3412949652,3412949652,False
2025-08-27,15.76,18.260364,1.51187,53788086515.52,53788086515.52,3412949652,3412949652,False
2025-08-28,16.41,19.013489,1.574225,56006503789.32,56006503789.32,3412949652,3412949652,False
2025-08-29,16.24,18.816518,1.557917,55426302348.48,55426302348.48,3412949652,3412949652,False
2025-09-01,16.15,18.712239,1.549283,55119136879.8,55119136879.8,3412949652,3412949652,False
2025-09-02,15.6,18.07498,1.496521,53242014571.2,53242014571.2,3412949652,3412949652,False
2025-09-03,15.73,18.225605,1.508992,53685698025.96,53685698025.96,3412949652,3412949652,False
2025-09-04,15.46,17.912769,1.483091,52764201619.92,52764201619.92,3412949652,3412949652,False
2025-09-05,16.29,18.87445,1.562713,55596949831.08,55596949831.08,3412949652,3412949652,False
2025-09-08,16.24,18.816518,1.557917,55426302348.48,55426302348.48,3412949652,3412949652,False
2025-09-09,15.88,18.399403,1.523382,54197640473.76,54197640473.76,3412949652,3412949652,False
2025-09-10,15.95,18.480508,1.530097,54436546949.4,54436546949.4,3412949652,3412949652,False
2025-09-11,16.3,18.886037,1.563673,55631079327.6,55631079327.6,3412949652,3412949652,False
2025-09-12,16.16,18.723825,1.550242,55153266376.32,55153266376.32,3412949652,3412949652,False
2025-09-15,15.7,18.190845,1.506114,53583309536.4,53583309536.4,3412949652,3412949652,False
2025-09-16,15.65,18.132913,1.501318,53412662053.8,53412662053.8,3412949652,3412949652,False
2025-09-17,15.79,18.295124,1.514748,53890475005.08,53890475005.08,3412949652,3412949652,False
2025-09-18,16.89,19.569642,1.620272,57644719622.28,57644719622.28,3412949652,3412949652,False
2025-09-19,16.74,19.395844,1.605882,57132777174.48,57132777174.48,3412949652,3412949652,False
2025-09-22,17.18,19.905651,1.648092,58634475021.36,58634475021.36,3412949652,3412949652,False
2025-09-23,17.24,19.97517,1.653848,58839252000.48,58839252000.48,3412949652,3412949652,False
2025-09-24,18.15,21.029544,1.741145,61945036183.8,61945036183.8,3412949652,3412949652,False
2025-09-25,18.2,21.087477,1.745941,62115683666.4,62115683666.4,3412949652,3412949652,False
2025-09-26,18.26,21.156996,1.751697,62320460645.52,62320460645.52,3412949652,3412949652,False
2025-09-29,18.52,21.458245,1.776639,63207827555.04,63207827555.04,3412949652,3412949652,False
2025-09-30,18.92,21.921706,1.815012,64573007415.84,64573007415.84,3412949652,3412949652,False
2025-10-09,20.0,23.173051,1.918617,68258993040.0,68258993040.0,3412949652,3412949652,False
2025-10-10,18.59,21.539351,1.783354,63446734030.68,63446734030.68,3412949652,3412949652,False
2025-10-13,18.92,21.921706,1.815012,64573007415.84,64573007415.84,3412949652,3412949652,False
2025-10-14,17.94,20.786227,1.720999,61228316756.88,61228316756.88,3412949652,3412949652,False
2025-10-15,18.32,21.226515,1.757453,62525237624.64,62525237624.64,3412949652,3412949652,False
2025-10-16,17.82,20.647189,1.709488,60818762798.64,60818762798.64,3412949652,3412949652,False
2025-10-17,16.9,19.581228,1.621231,57678849118.8,57678849118.8,3412949652,3412949652,False
2025-10-20,17.32,20.067862,1.661522,59112287972.64,59112287972.64,3412949652,3412949652,False
2025-10-21,17.76,20.57767,1.703732,60613985819.52,60613985819.52,3412949652,3412949652,False
2025-10-22,17.47,20.24166,1.675912,59624230420.44,59624230420.44,3412949652,3412949652,False
2025-10-23,17.61,20.403872,1.689342,60102043371.72,60102043371.72,3412949652,3412949652,False
2025-10-24,17.89,20.728294,1.716203,61057669274.28,61057669274.28,3412949652,3412949652,False
2025-10-27,17.92,20.763054,1.719081,61160057763.84,61160057763.84,3412949652,3412949652,False
2025-10-28,17.05,20.307639,1.589084,58190791566.6,58190791566.6,3412949652,3412949652,False
2025-10-29,17.41,20.736422,1.622637,59419453441.32,59419453441.32,3412949652,3412949652,False
2025-10-30,17.01,20.259996,1.585356,58054273580.52,58054273580.52,3412949652,3412949652,False
2025-10-31,16.95,20.188532,1.579764,57849496601.4,57849496601.4,3412949652,3412949652,False
2025-11-03,16.8,20.009873,1.565784,57337554153.6,57337554153.6,3412949652,3412949652,False
2025-11-04,16.35,19.473894,1.523843,55801726810.2,55801726810.2,3412949652,3412949652,False
2025-11-05,16.59,19.759749,1.546211,56620834726.68,56620834726.68,3412949652,3412949652,False
2025-11-06,17.52,20.867439,1.632889,59794877903.04,59794877903.04,3412949652,3412949652,False
2025-11-07,17.64,21.010366,1.644073,60204431861.28,60204431861.28,3412949652,3412949652,False
2025-11-10,17.21,20.498209,1.603996,58736863510.92,58736863510.92,3412949652,3412949652,False
2025-11-11,17.04,20.295728,1.588152,58156662070.08,58156662070.08,3412949652,3412949652,False
2025-11-12,16.64,19.819302,1.550872,56791482209.28,56791482209.28,3412949652,3412949652,False
2025-11-13,16.82,20.033694,1.567648,57405813146.64,57405813146.64,3412949652,3412949652,False
2025-11-14,16.6,19.77166,1.547144,56654964223.2,56654964223.2,3412949652,3412949652,False
2025-11-17,16.35,19.473894,1.523843,55801726810.2,55801726810.2,3412949652,3412949652,False
2025-11-18,16.33,19.450073,1.521979,55733467817.16,55733467817.16,3412949652,3412949652,False
2025-11-19,16.22,19.319056,1.511727,55358043355.44,55358043355.44,3412949652,3412949652,False
2025-11-20,16.05,19.116575,1.495883,54777841914.6,54777841914.6,3412949652,3412949652,False
2025-11-21,15.39,18.330473,1.43437,52525295144.28,52525295144.28,3412949652,3412949652,False
2025-11-24,15.71,18.711613,1.464194,53617439032.92,53617439032.92,3412949652,3412949652,False
2025-11-25,15.81,18.830719,1.473514,53958733998.12,53958733998.12,3412949652,3412949652,False
2025-11-26,15.88,18.914094,1.480038,54197640473.76,54197640473.76,3412949652,3412949652,False
2025-11-27,15.82,18.84263,1.474446,53992863494.64,53992863494.64,3412949652,3412949652,False
2025-11-28,15.83,18.854541,1.475378,54026992991.16,54026992991.16,3412949652,3412949652,False
2025-12-01,16.82,20.033694,1.567648,57405813146.64,57405813146.64,3412949652,3412949652,False
2025-12-02,16.74,19.938409,1.560192,57132777174.48,57132777174.48,3412949652,3412949652,False
2025-12-03,16.49,19.640643,1.536891,56279539761.48,56279539761.48,3412949652,3412949652,False
2025-12-04,16.59,19.759749,1.546211,56620834726.68,56620834726.68,3412949652,3412949652,False
2025-12-05,16.76,19.96223,1.562056,57201036167.52,57201036167.52,3412949652,3412949652,False
2025-12-08,16.85,20.069426,1.570444,57508201636.2,57508201636.2,3412949652,3412949652,False
2025-12-09,16.72,19.914588,1.558328,57064518181.44,57064518181.44,3412949652,3412949652,False
2025-12-10,17.22,20.510119,1.604928,58770993007.44,58770993007.44,3412949652,3412949652,False
2025-12-11,17.05,20.307639,1.589084,58190791566.6,58190791566.6,3412949652,3412949652,False
2025-12-12,17.69,21.069919,1.648733,60375079343.88,60375079343.88,3412949652,3412949652,False
2025-12-15,17.58,20.938902,1.638481,59999654882.16,59999654882.16,3412949652,3412949652,False
2025-12-16,16.84,20.057515,1.569512,57474072139.68,57474072139.68,3412949652,3412949652,False
2025-12-17,17.78,21.177115,1.657121,60682244812.56,60682244812.56,3412949652,3412949652,False
2025-12-18,18.02,21.462971,1.67949,61501352729.04,61501352729.04,3412949652,3412949652,False
2025-12-19,18.37,21.879843,1.71211,62695885107.24,62695885107.24,3412949652,3412949652,False
2025-12-22,19.72,23.487779,1.837932,67303367137.44,67303367137.44,3412949652,3412949652,False
2025-12-23,19.01,22.642124,1.771759,64880172884.52,64880172884.52,3412949652,3412949652,False
2025-12-24,19.22,22.892247,1.791331,65596892311.44,65596892311.44,3412949652,3412949652,False
2025-12-25,18.5,22.034681,1.724226,63139568562.0,63139568562.0,3412949652,3412949652,False
2025-12-26,18.4,21.915575,1.714906,62798273596.8,62798273596.8,3412949652,3412949652,False
2025-12-29,18.1,21.558256,1.686946,61774388701.2,61774388701.2,3412949652,3412949652,False
2025-12-30,18.08,21.534434,1.685082,61706129708.16,61706129708.16,3412949652,3412949652,False
2025-12-31,18.12,21.582077,1.68881,61842647694.24,61842647694.24,3412949652,3412949652,False
2026-01-05,18.3,21.796468,1.705586,62456978631.6,62456978631.6,3412949652,3412949652,False
2026-01-06,18.26,21.748826,1.701858,62320460645.52,62320460645.52,3412949652,3412949652,False
2026-01-07,18.33,21.8322,1.708382,62559367121.16,62559367121.16,3412949652,3412949652,False
2026-01-08,18.22,21.701183,1.69813,62183942659.44,62183942659.44,3412949652,3412949652,False
2026-01-09,18.48,22.01086,1.722362,63071309568.96,63071309568.96,3412949652,3412949652,False
2026-01-12,18.61,22.165698,1.734478,63514993023.72,63514993023.72,3412949652,3412949652,False
2026-01-13,17.98,21.415328,1.675761,61364834742.96,61364834742.96,3412949652,3412949652,False
2026-01-14,18.06,21.510613,1.683218,61637870715.12,61637870715.12,3412949652,3412949652,False
2026-01-15,18.04,21.486792,1.681354,61569611722.08,61569611722.08,3412949652,3412949652,False
2026-01-16,18.53,22.070413,1.727022,63241957051.56,63241957051.56,3412949652,3412949652,False
2026-01-19,19.25,22.927979,1.794127,65699280801.0,65699280801.0,3412949652,3412949652,False
2026-01-20,19.2,22.868426,1.789467,65528633318.4,65528633318.4,3412949652,3412949652,False
2026-01-21,19.2,22.868426,1.789467,65528633318.4,65528633318.4,3412949652,3412949652,False
2026-01-22,18.88,22.487285,1.759643,64436489429.76,64436489429.76,3412949652,3412949652,False
2026-01-23,19.79,23.571154,1.844456,67542273613.08,67542273613.08,3412949652,3412949652,False
2026-01-26,20.95,24.952788,1.95257,71501295209.4,71501295209.4,3412949652,3412949652,False
2026-01-27,21.14,25.17909,1.970278,72149755643.28,72149755643.28,3412949652,3412949652,False
2026-01-28,21.85,26.024745,2.036451,74572949896.2,74572949896.2,3412949652,3412949652,False
2026-01-29,21.07,25.095715,1.963754,71910849167.64,71910849167.64,3412949652,3412949652,False
2026-01-30,22.34,26.608366,2.08212,76245295225.68,76245295225.68,3412949652,3412949652,False
2026-02-02,21.44,25.536409,1.998238,73173640538.88,73173640538.88,3412949652,3412949652,False
2026-02-03,22.39,26.66792,2.08678,76415942708.28,76415942708.28,3412949652,3412949652,False
2026-02-04,22.5,26.798937,2.097032,76791367170.0,76791367170.0,3412949652,3412949652,False
2026-02-05,20.86,24.845592,1.944182,71194129740.72,71194129740.72,3412949652,3412949652,False
2026-02-06,21.91,26.096209,2.042043,74777726875.32,74777726875.32,3412949652,3412949652,False
2026-02-09,23.46,27.942358,2.186505,80067798835.92,80067798835.92,3412949652,3412949652,False
2026-02-10,24.34,28.990494,2.268522,83071194529.68,83071194529.68,3412949652,3412949652,False
2026-02-11,24.81,29.550294,2.312327,84675280866.12,84675280866.12,3412949652,3412949652,False
2026-02-12,25.21,30.02672,2.349608,86040460726.92,86040460726.92,3412949652,3412949652,False
2026-02-13,24.42,29.085779,2.275979,83344230501.84,83344230501.84,3412949652,3412949652,False
2026-02-24,25.63,30.526966,2.388752,87473899580.76,87473899580.76,3412949652,3412949652,False
2026-02-25,25.08,29.871881,2.337492,85596777272.16,85596777272.16,3412949652,3412949652,False
2026-02-26,27.59,32.861452,2.571427,94163280898.68,94163280898.68,3412949652,3412949652,False
2026-02-27,29.14,34.7076,2.715889,99453352859.28,99453352859.28,3412949652,3412949652,False
2026-03-02,30.2,35.970128,2.814683,103071079490.4,103071079490.4,3412949652,3412949652,False
2026-03-03,28.79,34.290728,2.683269,98258820481.08,98258820481.08,3412949652,3412949652,False
2026-03-04,28.83,34.338371,2.686997,98395338467.16,98395338467.16,3412949652,3412949652,False
2026-03-05,28.82,34.32646,2.686065,98361208970.64,98361208970.64,3412949652,3412949652,False
2026-03-06,27.38,32.611328,2.551855,93446561471.76,93446561471.76,3412949652,3412949652,False
2026-03-09,27.2,32.396937,2.535079,92832230534.4,92832230534.4,3412949652,3412949652,False
2026-03-10,28.9,34.421745,2.693521,98634244942.8,98634244942.8,3412949652,3412949652,False
2026-03-11,30.01,35.743826,2.796974,102422619056.52,102422619056.52,3412949652,3412949652,False
2026-03-12,30.24,36.017771,2.818411,103207597476.48,103207597476.48,3412949652,3412949652,False
2026-03-13,29.75,35.434149,2.772742,101535252147.0,101535252147.0,3412949652,3412949652,False
2026-03-16,28.28,33.683286,2.635736,96518216158.56,96518216158.56,3412949652,3412949652,False
2026-03-17,26.12,31.110588,2.434421,89146244910.24,89146244910.24,3412949652,3412949652,False
2026-03-18,26.6,31.682298,2.479158,90784460743.2,90784460743.2,3412949652,3412949652,False
2026-03-19,25.9,30.848554,2.413917,88395395986.8,88395395986.8,3412949652,3412949652,False
2026-03-20,25.7,30.610341,2.395276,87712806056.4,87712806056.4,3412949652,3412949652,False
2026-03-23,25.1,29.895703,2.339356,85665036265.2,85665036265.2,3412949652,3412949652,False
2026-03-24,26.1,31.086766,2.432557,89077985917.2,89077985917.2,3412949652,3412949652,False
2026-03-25,27.67,32.956737,2.578883,94436316870.84,94436316870.84,3412949652,3412949652,False
2026-03-26,26.77,31.884779,2.495002,91364662184.04,91364662184.04,3412949652,3412949652,False
2026-03-27,27.05,32.218277,2.521098,92320288086.6,92320288086.6,3412949652,3412949652,False
2026-03-30,28.99,34.528941,2.701909,98941410411.48,98941410411.48,3412949652,3412949652,False
2026-03-31,30.09,35.839111,2.804431,102695655028.68,102695655028.68,3412949652,3412949652,False
2026-04-01,29.16,34.731422,2.717753,99521611852.32,99521611852.32,3412949652,3412949652,False
2026-04-02,29.32,34.921992,2.732666,100067683796.64,100067683796.64,3412949652,3412949652,False
2026-04-03,30.67,36.529928,2.858487,104675165826.84,104675165826.84,3412949652,3412949652,False
2026-04-07,30.25,36.029681,2.819343,103241726973.0,103241726973.0,3412949652,3412949652,False
2026-04-08,30.7,36.56566,2.861283,104777554316.4,104777554316.4,3412949652,3412949652,False
2026-04-09,31.4,37.399405,2.926524,107166619072.8,107166619072.8,3412949652,3412949652,False
2026-04-10,29.8,35.493703,2.777402,101705899629.6,101705899629.6,3412949652,3412949652,False
2026-04-13,28.52,33.969141,2.658104,97337324075.04,97337324075.04,3412949652,3412949652,False
2026-04-14,28.33,33.742839,2.640396,96688863641.16,96688863641.16,3412949652,3412949652,False
2026-04-15,27.8,33.111575,2.590999,94880000325.6,94880000325.6,3412949652,3412949652,False
2026-04-16,28.0,33.349788,2.60964,95562590256.0,95562590256.0,3412949652,3412949652,False
2026-04-17,28.14,33.516537,2.622688,96040403207.28,96040403207.28,3412949652,3412949652,False
2026-04-20,30.95,36.863426,2.884584,105630791729.4,105630791729.4,3412949652,3412949652,False
2026-04-21,32.44,38.638111,3.023454,110716086710.88,110716086710.88,3412949652,3412949652,False
2026-04-22,34.82,41.472843,3.245273,118838906882.64,118838906882.64,3412949652,3412949652,False
2026-04-23,34.07,40.579545,3.175372,116279194643.64,116279194643.64,3412949652,3412949652,False
2026-04-24,33.21,39.55523,3.095219,113344057942.92,113344057942.92,3412949652,3412949652,False
2026-04-27,35.78,38.2371,3.2125,122115338549.0,122115338549.0,3412949652,3412949652,False
2026-04-28,35.0,37.4035,3.1424,119453237820.0,119453237820.0,3412949652,3412949652,False
2026-04-29,34.28,36.6341,3.0778,116995914071.0,116995914071.0,3412949652,3412949652,False
2026-04-30,33.12,35.3944,2.9736,113036892474.0,113036892474.0,3412949652,3412949652,False
2026-05-06,34.89,37.286,3.1326,119077813358.0,119077813358.0,3412949652,3412949652,False
2026-05-07,38.38,41.0157,3.4459,130989007644.0,130989007644.0,3412949652,3412949652,False
2026-05-08,40.9,43.7087,3.6722,139589640767.0,139589640767.0,3412949652,3412949652,False
2026-05-11,43.86,46.872,3.9379,149691971737.0,149691971737.0,3412949652,3412949652,False
2026-05-12,44.08,47.1071,3.9577,150442820660.0,150442820660.0,3412949652,3412949652,False
2026-05-13,43.6,46.5941,3.9146,148804604827.0,148804604827.0,3412949652,3412949652,False
2026-05-14,44.1,47.1285,3.9595,150511079653.0,150511079653.0,3412949652,3412949652,False
2026-05-15,40.99,43.8049,3.6802,139896806235.0,139896806235.0,3412949652,3412949652,False
2026-05-18,43.95,46.9682,3.946,149999137205.0,149999137205.0,3412949652,3412949652,False
2026-05-19,44.55,47.6094,3.9999,152046906997.0,152046906997.0,3412949652,3412949652,False
2026-05-20,45.41,48.5284,4.0771,154982043697.0,154982043697.0,3412949652,3412949652,False
2026-05-21,41.9,44.7774,3.762,143002590419.0,143002590419.0,3412949652,3412949652,False
2026-05-22,43.82,46.8292,3.9343,149555453751.0,149555453751.0,3412949652,3412949652,False
2026-05-25,42.89,45.8354,3.8508,146381410574.0,146381410574.0,3412949652,3412949652,False
2026-05-26,40.48,43.2599,3.6345,138156201913.0,138156201913.0,3412949652,3412949652,False
2026-05-27,39.05,41.7317,3.5061,133275683911.0,133275683911.0,3412949652,3412949652,False
2026-05-28,40.52,43.3026,3.6381,138292719899.0,138292719899.0,3412949652,3412949652,False
2026-05-29,42.19,45.0873,3.788,143992345818.0,143992345818.0,3412949652,3412949652,False
2026-06-01,39.39,42.095,3.5366,134436086792.0,134436086792.0,3412949652,3412949652,False
2026-06-02,42.89,45.8354,3.8508,146381410574.0,146381410574.0,3412949652,3412949652,False
2026-06-03,44.98,48.0689,4.0385,153514475347.0,153514475347.0,3412949652,3412949652,False
2026-06-04,46.06,49.2231,4.1355,157200460971.0,157200460971.0,3412949652,3412949652,False
2026-06-05,46.07,49.2337,4.1364,157234590468.0,157234590468.0,3412949652,3412949652,False
2026-06-08,49.53,52.9314,4.447,169043396264.0,169043396264.0,3412949652,3412949652,False
2026-06-09,54.48,58.2213,4.8914,185937497041.0,185937497041.0,3412949652,3412949652,False
2026-06-10,50.2,53.6474,4.5072,171330072530.0,171330072530.0,3412949652,3412949652,False
2026-06-11,49.27,52.6535,4.4237,168156029354.0,168156029354.0,3412949652,3412949652,False
2026-06-12,48.6,51.9375,4.3635,165869353087.0,165869353087.0,3412949652,3412949652,False
2026-06-15,51.35,54.8763,4.6104,175254967095.0,175254967095.0,3412949652,3412949652,False
2026-06-16,54.15,57.8686,4.8618,184811226255.0,184811226255.0,3412949652,3412949652,False
2026-06-17,54.91,58.6808,4.93,187405068027.0,187405068027.0,3412949652,3412949652,False
2026-06-18,56.55,60.4334,5.0773,193002305535.0,193002305535.0,3412949652,3412949652,False
2026-06-22,59.63,63.7249,5.3538,203514190611.0,203514190611.0,3412949652,3412949652,False
2026-06-23,61.73,65.9692,5.5424,210681384981.0,210681384981.0,3412949652,3412949652,False
2026-06-24,61.91,66.16,5.56,211296000000.0,211296000000.0,3412949652,3412949652,False
2026-06-25,68.1,72.78,6.11,232422000000.0,232422000000.0,3412949652,3412949652,False
2026-06-26,61.29,65.5,5.5,209180000000.0,209180000000.0,3412949652,3412949652,False
2026-06-29,58.84,62.88,5.28,200818000000.0,200818000000.0,3412949652,3412949652,False
2026-06-30,60.68,64.85,5.45,207098000000.0,207098000000.0,3412949652,3412949652,False
2026-07-01,55.42,59.23,4.98,189146000000.0,189146000000.0,3412949652,3412949652,False
2026-07-02,51.58,55.12,4.63,176040000000.0,176040000000.0,3412949652,3412949652,False
2026-07-03,50.22,53.67,4.51,171398000000.0,171398000000.0,3412949652,3412949652,False
2026-07-06,48.03,51.33,4.31,163924000000.0,163924000000.0,3412949652,3412949652,False
2026-07-07,47.27,50.52,4.24,161330000000.0,161330000000.0,3412949652,3412949652,False
2026-07-08,44.86,47.94,4.03,153105000000.0,153105000000.0,3412949652,3412949652,False
2026-07-09,47.14,50.38,4.23,160886000000.0,160886000000.0,3412949652,3412949652,False
2026-07-10,45.91,49.06,4.12,156689000000.0,156689000000.0,3412949652,3412949652,False
2026-07-13,41.32,44.16,3.71,141023000000.0,141023000000.0,3412949652,3412949652,False
2026-07-14,42.85,45.79,3.85,146245000000.0,146245000000.0,3412949652,3412949652,False
2026-07-15,40.7,43.49,3.74,138907000000.0,138907000000.0,3412949652,3412949652,False
2026-07-16,37.39,39.96,3.44,127610000000.0,127610000000.0,3412949652,3412949652,False
2026-07-17,33.65,35.96,3.09,114846000000.0,114846000000.0,3412949652,3412949652,False
2026-07-20,32.22,34.43,2.96,109965000000.0,109965000000.0,3412949652,3412949652,False
2026-07-21,34.63,37.01,3.18,118190000000.0,118190000000.0,3412949652,3412949652,False
2026-07-22,32.5,34.73,2.99,110921000000.0,110921000000.0,3412949652,3412949652,False
2026-07-23,32.99,35.26,3.03,112593000000.0,112593000000.0,3412949652,3412949652,False
2026-07-24,31.39,33.55,2.89,107132000000.0,107132000000.0,3412949652,3412949652,False
2026-07-27,32.66,34.9,3.0,111467000000.0,111467000000.0,3412949652,3412949652,False
2026-07-28,29.96,32.02,2.75,102252000000.0,102252000000.0,3412949652,3412949652,False
2026-07-29,29.34,31.35,2.7,100136000000.0,100136000000.0,3412949652,3412949652,False
2026-07-30,27.7,29.6,2.55,94539000000.0,94539000000.0,3412949652,3412949652,False
2026-07-31,28.52,30.48,2.62,97337000000.0,97337000000.0,3412949652,3412949652,False
2026-08-03,28.39,30.34,2.61,96894000000.0,96894000000.0,3412949652,3412949652,False
2026-08-04,29.94,32.0,2.75,102184000000.0,102184000000.0,3412949652,3412949652,False
2026-08-05,32.0,34.2,2.94,109214000000.0,109214000000.0,3412949652,3412949652,False
2026-08-06,32.29,34.51,2.97,110204000000.0,110204000000.0,3412949652,3412949652,False
2026-08-07,33.67,35.98,3.1,114914000000.0,114914000000.0,3412949652,3412949652,False
2026-08-10,32.92,35.18,3.03,112354000000.0,112354000000.0,3412949652,3412949652,False
2026-08-11,32.34,34.56,2.97,110375000000.0,110375000000.0,3412949652,3412949652,False
2026-08-12,33.55,35.85,3.08,114504000000.0,114504000000.0,3412949652,3412949652,False
2026-08-13,32.9,35.16,3.02,112286000000.0,112286000000.0,3412949652,3412949652,False
2026-08-14,35.55,37.99,3.27,121330000000.0,121330000000.0,3412949652,3412949652,False
2026-08-17,35.9,38.37,3.3,122525000000.0,122525000000.0,3412949652,3412949652,False
2026-08-18,35.29,37.71,3.24,120443000000.0,120443000000.0,3412949652,3412949652,False
2026-08-19,32.02,34.22,2.94,109283000000.0,109283000000.0,3412949652,3412949652,False
2026-08-20,32.84,35.1,3.02,112081000000.0,112081000000.0,3412949652,3412949652,False
2026-08-21,33.43,35.73,3.07,114095000000.0,114095000000.0,3412949652,3412949652,False
2026-08-24,32.53,34.76,2.99,111023000000.0,111023000000.0,3412949652,3412949652,False
2026-08-25,33.89,36.22,3.12,115665000000.0,115665000000.0,3412949652,3412949652,False
2026-08-26,33.41,35.7,3.07,114027000000.0,114027000000.0,3412949652,3412949652,False
2026-08-27,36.08,38.56,3.32,123139000000.0,123139000000.0,3412949652,3412949652,False
2026-08-28,35.04,32.13,3.11,119590000000.0,119590000000.0,3412949652,3412949652,False
