date,close,pe_ttm,pb,total_mv,float_mv,total_share,float_share,is_st
2020-01-02,5.1,-96.723051,2.936643,7864832467.342,7213523933.861,1555169374,1426381496,False
2020-01-03,5.26,-99.7575,3.028773,8111572309.455,7439830567.08,1555169374,1426381496,False
2020-01-06,5.79,-109.809111,3.333954,8928898036.453,8189471289.619,1555169374,1426381496,False
2020-01-07,5.88,-111.515989,3.385777,9067689197.641,8316768770.804,1555169374,1426381496,False
2020-01-08,6.47,-122.705518,3.725506,9977542365.432,9151274480.8,1555169374,1426381496,False
2020-01-09,5.96,-113.033213,3.431842,9191059118.698,8429922087.414,1555169374,1426381496,False
2020-01-10,5.73,-108.671193,3.299405,8836370595.661,8104606302.161,1555169374,1426381496,False
2020-01-13,5.68,-107.722928,3.270614,8759264395.0,8033885479.28,1555169374,1426381496,False
2020-01-14,5.76,-109.240152,3.316679,8882634316.057,8147038795.89,1555169374,1426381496,False
2020-01-15,5.6,-106.205704,3.224549,8635894473.944,7920732162.671,1555169374,1426381496,False
2020-01-16,5.44,-103.171255,3.132419,8389154631.831,7694425529.452,1555169374,1426381496,False
2020-01-17,5.56,-105.447091,3.201517,8574209513.416,7864155504.366,1555169374,1426381496,False
2020-01-20,5.61,-106.395357,3.230307,8651315714.076,7934876327.247,1555169374,1426381496,False
2020-01-21,5.72,-108.48154,3.293647,8820949355.529,8090462137.585,1555169374,1426381496,False
2020-01-22,5.61,-106.395357,3.230307,9256241083.437,7934876327.247,1663911378,1426381496,False
2020-01-23,5.74,-116.472716,3.53627,9470735083.588,8118750466.738,1663911378,1426381496,False
2020-02-03,5.67,-115.052317,3.493144,9355238314.276,8019741314.704,1663911378,1426381496,False
2020-02-04,5.78,-117.284372,3.560913,9536733237.48,8175327125.042,1663911378,1426381496,False
2020-02-05,6.18,-125.400938,3.807343,10196714776.406,8741093708.09,1663911378,1426381496,False
2020-02-06,6.28,-127.430079,3.86895,10361710161.138,8882535353.852,1663911378,1426381496,False
2020-02-07,6.54,-132.705847,4.02913,10790698161.44,9250283632.833,1663911378,1426381496,False
2020-02-10,7.05,-143.054468,4.343328,11632174623.57,9971636026.219,1663911378,1426381496,False
2020-02-11,6.62,-134.32916,4.078416,10922694469.225,9363436949.443,1663911378,1426381496,False
2020-02-12,6.75,-136.967044,4.158505,11137188469.376,9547311088.934,1663911378,1426381496,False
2020-02-13,7.26,-147.315665,4.472703,11978664931.506,10268663482.32,1663911378,1426381496,False
2020-02-14,7.09,-143.866125,4.367971,11698172777.463,10028212684.524,1663911378,1426381496,False
2020-02-17,7.17,-145.489438,4.417257,11830169085.248,10141366001.134,1663911378,1426381496,False
2020-02-18,7.47,-151.576862,4.602079,12325155239.442,10565690938.42,1663911378,1426381496,False
2020-02-19,8.0,-151.576862,4.602079,13199630778.519,11315331660.958,1663911378,1426381496,False
2020-02-20,7.98,-161.925483,4.916277,13166631701.573,11287043331.806,1663911378,1426381496,False
2020-02-21,8.73,-177.144043,5.378334,14404097087.059,12347855675.021,1663911378,1426381496,False
2020-02-24,9.22,-187.086836,5.68021,15212574472.244,13040919739.254,1663911378,1426381496,False
2020-02-25,9.28,-188.304321,5.717175,15311571703.083,13125784726.712,1663911378,1426381496,False
2020-02-26,8.78,-178.158614,5.409137,14486594779.425,12418576497.902,1663911378,1426381496,False
2020-02-27,9.27,-188.101407,5.711014,15295072164.609,13111640562.135,1663911378,1426381496,False
2020-02-28,8.95,-181.608154,5.51387,14767086933.469,12659027295.697,1663911378,1426381496,False
2020-03-02,8.6,-174.50616,5.298244,14189603086.908,12163981535.53,1663911378,1426381496,False
2020-03-03,8.6,-174.50616,5.298244,14189603086.908,12163981535.53,1663911378,1426381496,False
2020-03-04,8.41,-170.650791,5.18119,13876111855.919,11895242408.582,1663911378,1426381496,False
2020-03-05,8.36,-169.63622,5.150386,13793614163.553,11824521585.701,1663911378,1426381496,False
2020-03-06,8.39,-170.244963,5.168868,13843112778.972,11866954079.43,1663911378,1426381496,False
2020-03-09,7.64,-155.026402,4.706812,12605647393.486,10806141736.215,1663911378,1426381496,False
2020-03-10,7.5,-152.185604,4.620561,12374653854.862,10608123432.148,1663911378,1426381496,False
2020-03-11,7.83,-158.881771,4.823866,12919138624.476,11074880863.163,1663911378,1426381496,False
2020-03-12,7.36,-149.344806,4.534311,12143660316.238,10410105128.082,1663911378,1426381496,False
2020-03-13,7.0,-142.039897,4.312524,11549676931.204,9900915203.339,1663911378,1426381496,False
2020-03-16,6.94,-140.822412,4.27556,11450679700.366,9816050215.881,1663911378,1426381496,False
2020-03-17,6.67,-135.343731,4.109219,11005192161.591,9434157772.324,1663911378,1426381496,False
2020-03-18,6.59,-133.720418,4.059933,10873195853.805,9321004455.714,1663911378,1426381496,False
2020-03-19,6.74,-136.76413,4.152345,11120688930.903,9533166924.357,1663911378,1426381496,False
2020-03-20,7.39,-149.953549,4.552793,12193158931.657,10452537621.81,1663911378,1426381496,False
2020-03-23,7.49,-151.98269,4.614401,12358154316.389,10593979267.572,1663911378,1426381496,False
2020-03-24,8.24,-167.201251,5.076457,13595619701.875,11654791610.787,1663911378,1426381496,False
2020-03-25,8.48,-172.07119,5.224315,13991608625.231,11994251560.616,1663911378,1426381496,False
2020-03-26,8.47,-171.868276,5.218154,13975109086.757,11980107396.04,1663911378,1426381496,False
2020-03-27,8.83,-179.173185,5.439941,14569092471.791,12489297320.783,1663911378,1426381496,False
2020-03-30,8.56,-173.694503,5.273601,14123604933.016,12107404877.225,1663911378,1426381496,False
2020-03-31,8.39,-170.244963,5.168868,13843112778.972,11866954079.43,1663911378,1426381496,False
2020-04-01,8.9,-180.593584,5.483066,14684589241.103,12588306472.816,1663911378,1426381496,False
2020-04-02,8.6,-174.50616,5.298244,14189603086.908,12163981535.53,1663911378,1426381496,False
2020-04-03,8.73,-177.144043,5.378334,14404097087.059,12347855675.021,1663911378,1426381496,False
2020-04-07,9.2,-186.681008,5.667889,15179575395.297,13012631410.102,1663911378,1426381496,False
2020-04-08,9.05,-183.637296,5.575477,14932082318.2,12800468941.459,1663911378,1426381496,False
2020-04-09,9.18,-186.27518,5.655567,15146576318.351,12984343080.95,1663911378,1426381496,False
2020-04-10,9.02,-183.028553,5.556995,14882583702.781,12758036447.73,1663911378,1426381496,False
2020-04-13,8.95,-181.608154,5.51387,14767086933.469,12659027295.697,1663911378,1426381496,False
2020-04-14,9.11,-184.854781,5.612442,15031079549.039,12885333928.916,1663911378,1426381496,False
2020-04-15,8.74,-177.346957,5.384494,14420596625.532,12361999839.597,1663911378,1426381496,False
2020-04-16,8.85,-179.579013,5.452263,14602091548.737,12517585649.935,1663911378,1426381496,False
2020-04-17,8.46,-171.665362,5.211993,13958609548.284,11965963231.463,1663911378,1426381496,False
2020-04-20,8.4,-170.447877,5.175029,13859612317.445,11881098244.006,1663911378,1426381496,False
2020-04-21,8.37,-169.839134,5.156547,13810113702.026,11838665750.278,1663911378,1426381496,False
2020-04-22,8.35,-169.433306,5.144225,13777114625.08,11810377421.125,1663911378,1426381496,False
2020-04-23,8.9,-180.593584,5.483066,14684589241.103,12588306472.816,1663911378,1426381496,False
2020-04-24,9.17,-186.072265,5.649406,15130076779.878,12970198916.373,1663911378,1426381496,False
2020-04-27,8.91,-180.796498,5.489227,14701088779.576,12602450637.392,1663911378,1426381496,False
2020-04-28,8.39,-170.244963,5.168868,13843112778.972,11866954079.43,1663911378,1426381496,False
2020-04-29,8.43,-171.056619,5.193511,13909110932.865,11923530737.735,1663911378,1426381496,False
2020-04-30,8.33,98.786744,3.981267,13744115548.133,11782089091.973,1663911378,1426381496,False
2020-05-06,8.35,99.023927,3.990826,13777114625.08,11810377421.125,1663911378,1426381496,False
2020-05-07,8.32,98.668152,3.976487,13727616009.66,11767944927.397,1663911378,1426381496,False
2020-05-08,8.74,103.648997,4.177224,14420596625.532,12361999839.597,1663911378,1426381496,False
2020-05-11,8.6,101.988715,4.110311,14189603086.908,12163981535.53,1663911378,1426381496,False
2020-05-12,8.55,101.395757,4.086414,14107105394.543,12093260712.649,1663911378,1426381496,False
2020-05-13,8.65,102.581673,4.134209,14272100779.274,12234702358.411,1663911378,1426381496,False
2020-05-14,8.95,106.139419,4.277592,14767086933.469,12659027295.697,1663911378,1426381496,False
2020-05-15,9.34,110.764488,4.463989,15410568933.921,13210649714.169,1663911378,1426381496,False
2020-05-18,10.27,121.7935,4.908477,16945026011.924,14526057019.755,1663911378,1426381496,False
2020-05-19,10.07,119.42167,4.812888,16615035242.461,14243173728.231,1663911378,1426381496,False
2020-05-20,9.93,117.761388,4.745976,16384041703.837,14045155424.164,1663911378,1426381496,False
2020-05-21,9.39,111.357446,4.487887,15493066626.287,13281370537.05,1663911378,1426381496,False
2020-05-22,9.5,112.661953,4.54046,15674561549.492,13436956347.388,1663911378,1426381496,False
2020-05-25,9.44,111.950404,4.511784,15575564318.653,13352091359.931,1663911378,1426381496,False
2020-05-26,9.58,113.610685,4.578696,15806557857.277,13550109663.998,1663911378,1426381496,False
2020-05-27,9.38,111.238854,4.483107,15476567087.814,13267226372.474,1663911378,1426381496,False
2020-05-28,9.97,118.235755,4.765094,16450039857.73,14101732082.469,1663911378,1426381496,False
2020-05-29,9.98,118.354346,4.769873,16466539396.203,14115876247.045,1663911378,1426381496,False
2020-06-01,10.11,119.896036,4.832006,16681033396.354,14299750386.536,1663911378,1426381496,False
2020-06-02,9.95,117.998572,4.755535,16417040780.784,14073443753.317,1663911378,1426381496,False
2020-06-03,9.84,116.694065,4.702961,16235545857.579,13917857942.979,1663911378,1426381496,False
2020-06-04,9.6,113.847868,4.588255,15839556934.223,13578397993.15,1663911378,1426381496,False
2020-06-05,9.38,111.238854,4.483107,15476567087.814,13267226372.474,1663911378,1426381496,False
2020-06-08,9.6,113.847868,4.588255,15839556934.223,13578397993.15,1663911378,1426381496,False
2020-06-09,9.42,111.71322,4.502225,15542565241.707,13323803030.778,1663911378,1426381496,False
2020-06-10,9.58,113.610685,4.578696,15806557857.277,13550109663.998,1663911378,1426381496,False
2020-06-11,9.98,118.354346,4.769873,16466539396.203,14115876247.045,1663911378,1426381496,False
2020-06-12,9.86,116.931248,4.71252,16268544934.525,13946146272.131,1663911378,1426381496,False
2020-06-15,9.59,113.729276,4.583475,15823057395.75,13564253828.574,1663911378,1426381496,False
2020-06-16,9.64,114.322234,4.607372,15905555088.116,13634974651.455,1663911378,1426381496,False
2020-06-17,9.66,114.559417,4.616931,15938554165.062,13663262980.607,1663911378,1426381496,False
2020-06-18,9.41,111.594629,4.497445,15526065703.233,13309658866.202,1663911378,1426381496,False
2020-06-19,9.7,115.033783,4.636049,16004552318.955,13719839638.912,1663911378,1426381496,False
2020-06-22,10.49,124.402514,5.013624,17308015858.334,14837228640.432,1663911378,1426381496,False
2020-06-23,10.72,127.130119,5.123551,17687505243.216,15162544425.684,1663911378,1426381496,False
2020-06-24,11.57,137.210399,5.529803,19089966013.434,16364798414.661,1663911378,1426381496,False
2020-06-29,11.88,140.886737,5.677965,19601451706.101,16803267516.523,1663911378,1426381496,False
2020-06-30,11.9,141.12392,5.687524,19634450783.048,16831555845.675,1663911378,1426381496,False
2020-07-01,11.94,141.598286,5.706642,19700448936.94,16888132503.98,1663911378,1426381496,False
2020-07-02,11.6,137.566174,5.544141,19139464628.853,16407230908.39,1663911378,1426381496,False
2020-07-03,11.58,137.328991,5.534582,19106465551.907,16378942579.237,1663911378,1426381496,False
2020-07-06,11.75,139.345047,5.615833,19386957705.95,16619393377.032,1663911378,1426381496,False
2020-07-07,12.49,148.12082,5.96951,20607923552.963,17666061555.671,1663911378,1426381496,False
2020-07-08,12.68,150.374059,6.06032,20921414783.953,17934800682.619,1663911378,1426381496,False
2020-07-09,13.95,165.435183,6.667308,23016856170.043,19731109583.796,1663911378,1426381496,False
2020-07-10,13.01,154.287579,6.218041,21465899553.567,18401558113.633,1663911378,1426381496,False
2020-07-13,13.47,159.74279,6.437895,22224878323.332,19052189684.139,1663911378,1426381496,False
2020-07-14,13.29,157.608142,6.351865,21927886630.815,18797594721.767,1663911378,1426381496,False
2020-07-15,13.66,161.996029,6.528704,22538369554.322,19320928811.086,1663911378,1426381496,False
2020-07-16,12.75,151.2042,6.093776,21036911553.265,18033809834.652,1663911378,1426381496,False
2020-07-17,12.59,149.306735,6.017305,20772918937.695,17807503201.433,1663911378,1426381496,False
2020-07-20,13.49,159.979973,6.447454,22257877400.278,19080478013.291,1663911378,1426381496,False
2020-07-21,14.6,173.143633,6.977971,24089326170.798,20650480281.249,1663911378,1426381496,False
2020-07-22,15.2,180.259124,7.264737,25079298479.187,21499130155.821,1663911378,1426381496,False
2020-07-23,15.2,180.259124,7.264737,25079298479.187,21499130155.821,1663911378,1426381496,False
2020-07-24,16.22,192.35546,7.752239,26762251403.448,22941834942.593,1663911378,1426381496,False
2020-07-27,17.84,211.567288,8.526507,29435176636.098,25233189603.937,1663911378,1426381496,False
2020-07-28,17.08,202.554332,8.16327,28181211712.139,24158233096.146,1663911378,1426381496,False
2020-07-29,17.3,205.163345,8.268417,28544201558.548,24469404716.822,1663911378,1426381496,False
2020-07-30,16.7,198.047854,7.981651,27554229250.159,23620754842.25,1663911378,1426381496,False
2020-07-31,18.3,109.003911,8.266751,30194155405.863,25883821174.442,1663911378,1426381496,False
2020-08-03,18.79,111.922595,8.488101,31002632791.047,26576885238.676,1663911378,1426381496,False
2020-08-04,19.13,113.947804,8.641691,31563617099.135,27057786834.267,1663911378,1426381496,False
2020-08-05,21.04,125.324715,9.504505,34715028947.506,29759322268.32,1663911378,1426381496,False
2020-08-06,23.14,137.83336,10.453149,38179932026.867,32729596829.322,1663911378,1426381496,False
2020-08-07,23.61,140.632914,10.665464,38955410335.105,33394372564.403,1663911378,1426381496,False
2020-08-10,23.51,140.037265,10.62029,38790414950.374,33252930918.641,1663911378,1426381496,False
2020-08-11,21.16,126.039495,9.558713,34913023409.184,29929052243.235,1663911378,1426381496,False
2020-08-12,19.04,113.411719,8.601035,31415121252.876,26930489353.081,1663911378,1426381496,False
2020-08-13,19.08,113.649979,8.619104,31481119406.769,26987066011.386,1663911378,1426381496,False
2020-08-14,19.55,116.449533,8.83142,32256597715.007,27651841746.467,1663911378,1426381496,False
2020-08-17,21.5,128.064704,9.712303,35474007717.271,30409953838.825,1663911378,1426381496,False
2020-08-18,23.65,140.871174,10.683533,39021408488.998,33450949222.708,1663911378,1426381496,False
2020-08-19,22.57,134.438157,10.19566,37239458333.898,31923379448.479,1663911378,1426381496,False
2020-08-20,21.6,128.660354,9.757477,35639003102.002,30551395484.587,1663911378,1426381496,False
2020-08-21,21.01,125.14602,9.490953,34665530332.087,29716889774.592,1663911378,1426381496,False
2020-08-24,21.62,128.779484,9.766511,35672002178.949,30579683813.74,1663911378,1426381496,False
2020-08-25,20.35,121.214731,9.192808,33576560792.859,28783374912.563,1663911378,1426381496,False
2020-08-26,19.32,115.079539,8.727521,31877108330.124,27326525961.214,1663911378,1426381496,False
2020-08-27,20.02,119.249087,9.043735,33032076023.245,28316617481.548,1663911378,1426381496,False
2020-08-28,20.23,120.499952,9.1386,33378566331.181,28613644937.648,1663911378,1426381496,False
2020-08-31,20.74,123.537766,9.368984,34220042793.312,29334997331.034,1663911378,1426381496,False
2020-09-01,22.1,131.638603,9.983344,36463980025.66,31258603713.397,1663911378,1426381496,False
2020-09-02,21.09,125.62254,9.527092,34797526639.872,29830043091.201,1663911378,1426381496,False
2020-09-03,20.34,121.155166,9.18829,33560061254.386,28769230747.986,1663911378,1426381496,False
2020-09-04,20.53,122.286901,9.27412,33873552485.375,29037969874.934,1663911378,1426381496,False
2020-09-07,18.97,112.994764,8.569413,31299624483.564,26831480201.047,1663911378,1426381496,False
2020-09-08,17.76,105.787402,8.022814,29303180328.313,25120036287.327,1663911378,1426381496,False
2020-09-09,17.1,101.856113,7.724669,28214210789.085,24186521425.298,1663911378,1426381496,False
2020-09-10,17.12,101.975243,7.733704,28247209866.032,24214809754.451,1663911378,1426381496,False
2020-09-11,16.93,100.843509,7.647874,27933718635.042,23946070627.503,1663911378,1426381496,False
2020-09-14,17.16,102.213503,7.751773,28313208019.924,24271386412.756,1663911378,1426381496,False
2020-09-15,18.32,109.123041,8.275786,30227154482.809,25912109503.594,1663911378,1426381496,False
2020-09-16,17.81,106.085227,8.045401,29385678020.679,25190757110.208,1663911378,1426381496,False
2020-09-17,16.81,100.128729,7.593666,27735724173.364,23776340652.589,1663911378,1426381496,False
2020-09-18,17.28,102.928283,7.805981,28511202481.602,24441116387.67,1663911378,1426381496,False
2020-09-21,17.18,102.332633,7.760808,28346207096.87,24299674741.908,1663911378,1426381496,False
2020-09-22,16.49,98.22265,7.449111,27207738942.223,23323727386.15,1663911378,1426381496,False
2020-09-23,16.33,97.26961,7.376833,26943746326.653,23097420752.931,1663911378,1426381496,False
2020-09-24,15.89,94.648751,7.17807,26217766633.834,22475077511.578,1663911378,1426381496,False
2020-09-25,16.26,96.852655,7.345212,26828249557.341,22998411600.898,1663911378,1426381496,False
2020-09-28,17.33,103.226108,7.828568,28593700173.968,24511837210.551,1663911378,1426381496,False
2020-09-29,17.54,104.476972,7.923432,28940190481.904,24808864666.651,1663911378,1426381496,False
2020-09-30,17.53,104.417407,7.918915,28923690943.431,24794720502.075,1663911378,1426381496,False
2020-10-09,18.05,107.514786,8.153817,29781666944.034,25530217060.037,1663911378,1426381496,False
2020-10-12,18.74,111.62477,8.465514,30920135098.682,26506164415.795,1663911378,1426381496,False
2020-10-13,18.46,109.95695,8.339029,30458148021.434,26110127807.661,1663911378,1426381496,False
2020-10-14,18.29,108.944346,8.262234,30177655867.39,25869677009.866,1663911378,1426381496,False
2020-10-15,18.16,108.170001,8.203508,29963161867.239,25685802870.375,1663911378,1426381496,False
2020-10-16,18.43,109.778256,8.325477,30408649406.014,26067695313.933,1663911378,1426381496,False
2020-10-19,19.25,61.146282,8.242633,31761611560.812,27227516809.181,1663911378,1426381496,False
2020-10-20,18.71,59.43101,8.011411,30870636483.262,26463731922.066,1663911378,1426381496,False
2020-10-21,18.99,60.32041,8.131304,31332623560.51,26859768530.2,1663911378,1426381496,False
2020-10-22,18.67,59.303953,7.994284,30804638329.37,26407155263.761,1663911378,1426381496,False
2020-10-23,17.9,56.858101,7.664579,29534173866.937,25318054591.394,1663911378,1426381496,False
2020-10-26,17.7,56.222815,7.578941,29204183097.474,25035171299.87,1663911378,1426381496,False
2020-10-27,18.49,58.732195,7.91721,30507646636.853,26152560301.39,1663911378,1426381496,False
2020-10-28,18.4,58.446317,7.878673,30359150790.595,26025262820.204,1663911378,1426381496,False
2020-10-29,18.04,57.302802,7.724525,29765167405.561,25516072895.461,1663911378,1426381496,False
2020-10-30,17.74,56.349873,7.596068,29270181251.367,25091747958.175,1663911378,1426381496,False
2020-11-02,18.41,58.478081,7.882955,30375650329.068,26039406984.78,1663911378,1426381496,False
2020-11-03,19.17,60.892168,8.208378,31629615253.027,27114363492.571,1663911378,1426381496,False
2020-11-04,18.68,59.335717,7.998566,30821137867.843,26421299428.338,1663911378,1426381496,False
2020-11-05,18.93,60.129825,8.105613,31233626329.672,26774903542.743,1663911378,1426381496,False
2020-11-06,19.87,63.115669,8.50811,32784582946.148,28104455012.905,1663911378,1426381496,False
2020-11-09,20.3,64.481534,8.692232,33494063100.493,28712654089.682,1663911378,1426381496,False
2020-11-10,19.05,60.510996,8.156996,31431620791.349,26944633517.657,1663911378,1426381496,False
2020-11-11,18.65,59.240424,7.98572,30771639252.423,26378866934.609,1663911378,1426381496,False
2020-11-12,18.65,59.240424,7.98572,30771639252.423,26378866934.609,1663911378,1426381496,False
2020-11-13,18.63,59.176896,7.977156,30738640175.477,26350578605.457,1663911378,1426381496,False
2020-11-16,19.32,61.368632,8.272607,31877108330.124,27326525961.214,1663911378,1426381496,False
2020-11-17,18.7,59.399246,8.00713,30854136944.789,26449587757.49,1663911378,1426381496,False
2020-11-18,18.52,58.827488,7.930056,30557145252.272,26194992795.118,1663911378,1426381496,False
2020-11-19,18.21,57.842795,7.797317,30045659559.605,25756523693.256,1663911378,1426381496,False
2020-11-20,18.37,58.351024,7.865827,30309652175.175,25982830326.475,1663911378,1426381496,False
2020-11-23,18.24,57.938088,7.810163,30095158175.024,25798956186.985,1663911378,1426381496,False
2020-11-24,17.22,54.698129,7.37341,28412205250.763,24356251400.213,1663911378,1426381496,False
2020-11-25,17.1,54.316957,7.322028,28214210789.085,24186521425.298,1663911378,1426381496,False
2020-11-26,16.94,53.808728,7.253517,27950218173.515,23960214792.079,1663911378,1426381496,False
2020-11-27,17.09,54.285193,7.317746,28197711250.612,24172377260.722,1663911378,1426381496,False
2020-11-30,17.34,55.079301,7.424793,28610199712.441,24525981375.127,1663911378,1426381496,False
2020-12-01,17.24,54.761657,7.381974,28445204327.709,24384539729.365,1663911378,1426381496,False
2020-12-02,17.43,55.365179,7.46333,28758695558.699,24653278856.313,1663911378,1426381496,False
2020-12-03,17.42,55.333415,7.459048,28742196020.226,24639134691.737,1663911378,1426381496,False
2020-12-04,17.21,54.666365,7.369128,28395705712.29,24342107235.637,1663911378,1426381496,False
2020-12-07,17.27,54.85695,7.39482,28494702943.129,24426972223.094,1663911378,1426381496,False
2020-12-08,18.03,57.271037,7.720243,29748667867.088,25501928730.885,1663911378,1426381496,False
2020-12-09,17.34,55.079301,7.424793,28610199712.441,24525981375.127,1663911378,1426381496,False
2020-12-10,17.04,54.126371,7.296336,28115213558.246,24101656437.841,1663911378,1426381496,False
2020-12-11,16.83,53.459321,7.206417,27768723250.31,23804628981.741,1663911378,1426381496,False
2020-12-14,16.62,52.792271,7.116497,27422232942.374,23507601525.641,1663911378,1426381496,False
2020-12-15,17.2,54.6346,7.364846,28379206173.817,24327963071.06,1663911378,1426381496,False
2020-12-16,17.34,55.079301,7.424793,28610199712.441,24525981375.127,1663911378,1426381496,False
2020-12-17,17.75,56.381637,7.60035,29286680789.84,25105892122.751,1663911378,1426381496,False
2020-12-18,17.94,56.985159,7.681706,29600172020.83,25374631249.699,1663911378,1426381496,False
2020-12-21,18.83,59.812182,8.062794,31068630944.94,26633461896.981,1663911378,1426381496,False
2020-12-22,17.81,56.572223,7.626042,29385678020.679,25190757110.208,1663911378,1426381496,False
2020-12-23,17.72,56.286344,7.587505,29237182174.42,25063459629.023,1663911378,1426381496,False
2020-12-24,17.9,56.858101,7.664579,29534173866.937,25318054591.394,1663911378,1426381496,False
2020-12-25,17.96,57.048687,7.69027,29633171097.776,25402919578.851,1663911378,1426381496,False
2020-12-28,18.12,57.556916,7.75878,29897163713.346,25629226212.071,1663911378,1426381496,False
2020-12-29,17.4,55.269886,7.450484,28709196943.28,24610846362.584,1663911378,1426381496,False
2020-12-30,17.8,56.540458,7.62176,29369178482.206,25176612945.632,1663911378,1426381496,False
2020-12-31,17.91,56.889866,7.66886,29550673405.41,25332198755.97,1663911378,1426381496,False
2021-01-04,18.8,59.716889,8.049948,31019132329.521,26591029403.252,1663911378,1426381496,False
2021-01-05,19.23,61.082754,8.23407,31728612483.866,27199228480.028,1663911378,1426381496,False
2021-01-06,19.08,60.606289,8.169841,31481119406.769,26987066011.386,1663911378,1426381496,False
2021-01-07,18.98,60.288646,8.127022,31316124022.037,26845624365.624,1663911378,1426381496,False
2021-01-08,18.1,57.493388,7.750216,29864164636.4,25600937882.918,1663911378,1426381496,False
2021-01-11,17.14,54.444014,7.339155,28280208942.978,24243098083.603,1663911378,1426381496,False
2021-01-12,17.19,54.602836,7.360565,28362706635.344,24313818906.484,1663911378,1426381496,False
2021-01-13,16.99,53.96755,7.274927,28032715865.881,24030935614.96,1663911378,1426381496,False
2021-01-14,16.59,52.696978,7.103651,27372734326.955,23465169031.912,1663911378,1426381496,False
2021-01-15,16.79,53.332264,7.189289,27702725096.418,23748052323.436,1663911378,1426381496,False
2021-01-18,16.78,53.3005,7.185007,27686225557.944,23733908158.86,1663911378,1426381496,False
2021-01-19,16.92,53.7452,7.244954,27917219096.569,23931926462.927,1663911378,1426381496,False
2021-01-20,17.03,54.094607,7.292054,28098714019.773,24087512273.265,1663911378,1426381496,False
2021-01-21,17.0,53.999314,7.279209,28049215404.354,24045079779.536,1663911378,1426381496,False
2021-01-22,16.67,52.951092,7.137906,27504730634.74,25375845683.146,1663911378,1535123500,False
2021-01-25,16.45,52.252278,7.043705,27141740788.331,25040951498.965,1663911378,1535123500,False
2021-01-26,16.98,53.935786,7.270645,28016216327.407,25847742033.583,1663911378,1535123500,False
2021-01-27,16.59,52.696978,7.103651,27372734326.955,25254065979.808,1663911378,1535123500,False
2021-01-28,16.27,51.68052,6.966631,26844749095.814,24766947166.454,1663911378,1535123500,False
2021-01-29,16.38,52.029927,7.013732,27026244019.018,24934394258.544,1663911378,1535123500,False
2021-02-01,17.0,53.999314,7.279209,28049215404.354,25878186959.417,1663911378,1535123500,False
2021-02-02,16.72,53.109914,7.159316,27587228327.106,25451957997.733,1663911378,1535123500,False
2021-02-03,16.3,51.775813,6.979477,26894247711.233,24812614555.206,1663911378,1535123500,False
2021-02-04,15.2,48.28174,6.508469,25079298479.187,23138143634.302,1663911378,1535123500,False
2021-02-05,14.0,44.470024,5.994642,23099353862.409,21311448084.226,1663911378,1535123500,False
2021-02-08,14.81,47.042932,6.341475,24435816478.734,22544467580.528,1663911378,1535123500,False
2021-02-09,15.72,49.933484,6.731127,25937274479.791,23929711706.002,1663911378,1535123500,False
2021-02-10,15.86,50.378184,6.791073,26168268018.415,24142826186.844,1663911378,1535123500,False
2021-02-18,16.25,51.616992,6.958067,26811750018.868,24736502240.619,1663911378,1535123500,False
2021-02-19,16.82,53.427557,7.202135,27752223711.837,25604182626.906,1663911378,1535123500,False
2021-02-22,17.25,54.793422,7.386256,28461703866.182,26258748532.35,1663911378,1535123500,False
2021-02-23,18.47,58.668667,7.908646,30474647559.907,28115889008.261,1663911378,1535123500,False
2021-02-24,17.57,55.809879,7.523276,28989689097.323,26745867345.703,1663911378,1535123500,False
2021-02-25,17.33,55.047536,7.420511,28593700173.968,26380528235.688,1663911378,1535123500,False
2021-02-26,16.79,53.332264,7.189289,27702725096.418,25558515238.154,1663911378,1535123500,False
2021-03-01,16.82,53.427557,7.202135,27752223711.837,25604182626.906,1663911378,1535123500,False
2021-03-02,15.94,50.632298,6.825329,26300264326.2,24264605890.183,1663911378,1535123500,False
2021-03-03,15.87,50.409948,6.795355,26184767556.888,24158048649.762,1663911378,1535123500,False
2021-03-04,15.23,48.377033,6.521315,25128797094.606,23183811023.054,1663911378,1535123500,False
2021-03-05,15.48,49.17114,6.628362,25541285556.435,23564372595.987,1663911378,1535123500,False
2021-03-08,15.01,47.678218,6.427113,24765807248.197,22848916838.874,1663911378,1535123500,False
2021-03-09,14.58,46.312353,6.242992,24056327093.852,22194350933.43,1663911378,1535123500,False
2021-03-10,14.68,46.629996,6.285811,24221322478.583,22346575562.603,1663911378,1535123500,False
2021-03-11,15.49,49.202905,6.632644,25557785094.908,23579595058.904,1663911378,1535123500,False
2021-03-12,15.04,47.773511,6.439959,24815305863.616,22894584227.626,1663911378,1535123500,False
2021-03-15,15.34,48.72644,6.568415,25310292017.811,23351258115.145,1663911378,1535123500,False
2021-03-16,15.2,48.28174,6.508469,25079298479.187,23138143634.302,1663911378,1535123500,False
2021-03-17,15.3,48.599383,6.551288,25244293863.918,23290368263.475,1663911378,1535123500,False
2021-03-18,15.72,49.933484,6.731127,25937274479.791,23929711706.002,1663911378,1535123500,False
2021-03-19,15.61,49.584076,6.684026,25755779556.586,23762264613.912,1663911378,1535123500,False
2021-03-22,15.63,33.171061,6.362073,25788778633.532,23792709539.746,1663911378,1535123500,False
2021-03-23,15.38,32.640494,6.260313,25376290171.704,23412147966.814,1663911378,1535123500,False
2021-03-24,15.4,32.682939,6.268454,25409289248.65,23442592892.648,1663911378,1535123500,False
2021-03-25,14.76,31.324687,6.007946,24353318786.368,22468355265.941,1663911378,1535123500,False
2021-03-26,14.88,31.579359,6.056791,24551313248.046,22651024820.949,1663911378,1535123500,False
2021-03-29,14.76,31.324687,6.007946,24353318786.368,22468355265.941,1663911378,1535123500,False
2021-03-30,14.63,31.048792,5.955031,24138824786.217,22270463248.016,1663911378,1535123500,False
2021-03-31,14.52,30.815343,5.910256,23957329863.013,22103016155.926,1663911378,1535123500,False
2021-04-01,14.9,31.621805,6.064932,24584312324.992,22681469746.783,1663911378,1535123500,False
2021-04-02,15.51,32.916389,6.313228,25590784171.854,23610039984.739,1663911378,1535123500,False
2021-04-06,15.4,32.682939,6.268454,25409289248.65,23442592892.648,1663911378,1535123500,False
2021-04-07,15.51,32.916389,6.313228,25590784171.854,23610039984.739,1663911378,1535123500,False
2021-04-08,15.56,33.022502,6.33358,25673281864.22,23686152299.325,1663911378,1535123500,False
2021-04-09,15.86,33.659183,6.455693,26168268018.415,24142826186.844,1663911378,1535123500,False
2021-04-12,15.41,32.704162,6.272524,25425788787.123,23457815355.566,1663911378,1535123500,False
2021-04-13,14.95,31.727918,6.085284,24666810017.358,22757582061.37,1663911378,1535123500,False
2021-04-14,15.05,31.940145,6.125989,24831805402.09,22909806690.543,1663911378,1535123500,False
2021-04-15,15.12,32.088704,6.154482,24947302171.402,23016363930.964,1663911378,1535123500,False
2021-04-16,16.0,33.9563,6.512679,26399261557.039,24355940667.687,1663911378,1535123500,False
2021-04-19,16.22,34.4232,6.602228,26762251403.448,24690834851.867,1663911378,1535123500,False
2021-04-20,16.09,34.147305,6.549313,26547757403.297,24492942833.942,1663911378,1535123500,False
2021-04-21,16.45,34.911321,6.695848,27141740788.331,25040951498.965,1663911378,1535123500,False
2021-04-22,16.33,34.656649,6.647003,26943746326.653,24858281943.958,1663911378,1535123500,False
2021-04-23,16.08,34.126082,6.545242,26531257864.824,24477720371.025,1663911378,1535123500,False
2021-04-26,15.87,33.680405,6.459764,26184767556.888,24158048649.762,1663911378,1535123500,False
2021-04-27,15.59,27.475566,7.142987,25722780479.64,23731819688.077,1663911378,1535123500,False
2021-04-28,15.22,26.823484,6.973461,25112297556.133,23168588560.137,1663911378,1535123500,False
2021-04-29,15.37,27.087841,7.042188,25359790633.23,23396925503.897,1663911378,1535123500,False
2021-04-30,15.16,26.717741,6.945971,25013300325.294,23077253782.633,1663911378,1535123500,False
2021-05-06,15.58,27.457942,7.138405,25706280941.167,23716597225.16,1663911378,1535123500,False
2021-05-07,17.14,30.207261,7.853162,28280208942.978,26091301440.259,1663911378,1535123500,False
2021-05-10,18.81,33.150442,8.618318,31035631867.994,28633452747.449,1663911378,1535123500,False
2021-05-11,18.27,32.198755,8.370903,30144656790.444,27811439749.915,1663911378,1535123500,False
2021-05-12,18.42,32.463112,8.439629,30392149867.541,28039776693.674,1663911378,1535123500,False
2021-05-13,17.72,31.229444,8.118905,29237182174.42,26974204289.463,1663911378,1535123500,False
2021-05-14,17.76,31.299939,8.137232,29303180328.313,27035094141.132,1663911378,1535123500,False
2021-05-17,18.43,32.480736,8.444211,30408649406.014,28054999156.592,1663911378,1535123500,False
2021-05-18,18.7,32.95658,8.567919,30854136944.789,28466005655.359,1663911378,1535123500,False
2021-05-19,19.09,33.64391,8.746608,31497618945.242,29059681709.134,1663911378,1535123500,False
2021-05-20,18.5,32.604103,8.476283,30524146175.326,28161556397.013,1663911378,1535123500,False
2021-05-21,17.89,31.529049,8.196795,29517674328.464,27232986159.057,1663911378,1535123500,False
2021-05-24,18.21,32.093012,8.343412,30045659559.605,27720104972.411,1663911378,1535123500,False
2021-05-25,18.09,31.881526,8.288431,29847665097.927,27537435417.403,1663911378,1535123500,False
2021-05-26,18.9,33.309057,8.659554,31184127714.252,28770454913.705,1663911378,1535123500,False
2021-05-27,18.5,32.604103,8.476283,30524146175.326,28161556397.013,1663911378,1535123500,False
2021-05-28,18.0,31.722911,8.247195,29699169251.669,27400433251.148,1663911378,1535123500,False
2021-05-31,18.43,32.480736,8.444211,30408649406.014,28054999156.592,1663911378,1535123500,False
2021-06-01,18.76,33.062323,8.59541,30953134175.628,28557340432.863,1663911378,1535123500,False
2021-06-02,17.67,31.141324,8.095996,29154684482.055,26898091974.877,1663911378,1535123500,False
2021-06-03,17.44,30.735976,7.990615,28775195097.172,26547975327.779,1663911378,1535123500,False
2021-06-04,16.8,29.60805,7.697382,27719224634.891,25573737701.071,1663911378,1535123500,False
2021-06-07,16.93,29.83716,7.756945,27933718635.042,25771629718.996,1663911378,1535123500,False
2021-06-08,16.6,29.255574,7.605746,27389233865.428,25269288442.725,1663911378,1535123500,False
2021-06-09,16.77,29.555179,7.683636,27669726019.471,25528070312.319,1663911378,1535123500,False
2021-06-10,16.69,29.414188,7.646982,27537729711.686,25406290608.981,1663911378,1535123500,False
2021-06-11,17.11,30.154389,7.839417,28230710327.558,26045634051.507,1663911378,1535123500,False
2021-06-15,16.2,28.55062,7.422475,26729252326.502,24660389926.033,1663911378,1535123500,False
2021-06-16,16.11,28.392006,7.381239,26580756480.243,24523387759.777,1663911378,1535123500,False
2021-06-17,15.63,27.546061,7.161314,25788778633.532,23792709539.746,1663911378,1535123500,False
2021-06-18,15.54,27.387447,7.120078,25640282787.274,23655707373.491,1663911378,1535123500,False
2021-06-21,15.36,27.070218,7.037606,25343291094.757,23381703040.979,1663911378,1535123500,False
2021-06-22,15.36,27.070218,7.037606,25343291094.757,23381703040.979,1663911378,1535123500,False
2021-06-23,15.48,27.281704,7.092587,25541285556.435,23564372595.987,1663911378,1535123500,False
2021-06-24,15.44,27.211208,7.07426,25475287402.542,23503482744.318,1663911378,1535123500,False
2021-06-25,15.67,27.616557,7.179641,25854776787.425,23853599391.416,1663911378,1535123500,False
2021-06-28,15.34,27.03497,7.028443,25310292017.811,23351258115.145,1663911378,1535123500,False
2021-06-29,15.01,26.453383,6.877244,24765807248.197,22848916838.874,1663911378,1535123500,False
2021-06-30,14.99,26.418135,6.86808,24732808171.251,22818471913.039,1663911378,1535123500,False
2021-07-01,15.2,26.788236,6.964298,25079298479.187,23138143634.302,1663911378,1535123500,False
2021-07-02,15.01,26.453383,6.877244,24765807248.197,22848916838.874,1663911378,1535123500,False
2021-07-05,15.18,26.752988,6.955134,25046299402.241,23107698708.468,1663911378,1535123500,False
2021-07-06,15.89,28.004281,7.28044,26217766633.834,24188493575.596,1663911378,1535123500,False
2021-07-07,15.66,27.598933,7.175059,25838277248.952,23838376928.498,1663911378,1535123500,False
2021-07-08,15.24,26.858731,6.982625,25145296633.079,23199033485.972,1663911378,1535123500,False
2021-07-09,15.56,27.422694,7.129242,25673281864.22,23686152299.325,1663911378,1535123500,False
2021-07-12,15.42,27.175961,7.065097,25442288325.596,23473037818.483,1663911378,1535123500,False
2021-07-13,15.55,27.405071,7.12466,25656782325.747,23670929836.408,1663911378,1535123500,False
2021-07-14,15.43,27.193584,7.069679,25458787864.069,23488260281.4,1663911378,1535123500,False
2021-07-15,15.7,27.669428,7.193386,25904275402.844,23899266780.168,1663911378,1535123500,False
2021-07-16,15.45,27.228832,7.078842,25491786941.016,23518705207.235,1663911378,1535123500,False
2021-07-19,15.01,26.453383,6.877244,24765807248.197,22848916838.874,1663911378,1535123500,False
2021-07-20,15.28,26.929227,7.000952,25211294786.972,23259923337.641,1663911378,1535123500,False
2021-07-21,15.11,26.629622,6.923062,24930802632.929,23001141468.047,1663911378,1535123500,False
2021-07-22,15.12,26.647245,6.927644,24947302171.402,23016363930.964,1663911378,1535123500,False
2021-07-23,15.16,26.717741,6.945971,25013300325.294,23077253782.633,1663911378,1535123500,False
2021-07-26,14.99,26.418135,6.86808,24732808171.251,22818471913.039,1663911378,1535123500,False
2021-07-27,15.13,26.664869,6.932225,24963801709.875,23031586393.881,1663911378,1535123500,False
2021-07-28,14.67,25.854173,6.721464,24204822940.11,22331353099.685,1663911378,1535123500,False
2021-07-29,15.51,27.334575,7.106333,25590784171.854,23610039984.739,1663911378,1535123500,False
2021-07-30,15.78,27.810419,7.230041,26036271710.63,24021046483.506,1663911378,1535123500,False
2021-08-02,16.36,28.270455,7.140881,26993244942.072,24903949332.71,1663911378,1535123500,False
2021-08-03,15.28,26.404191,6.669478,25211294786.972,23259923337.641,1663911378,1535123500,False
2021-08-04,15.46,26.715235,6.748045,25508286479.489,23533927670.152,1663911378,1535123500,False
2021-08-05,15.21,26.283229,6.638924,25095798017.66,23153366097.22,1663911378,1535123500,False
2021-08-06,15.12,26.127707,6.599641,24947302171.402,23016363930.964,1663911378,1535123500,False
2021-08-09,14.78,25.540179,6.451236,24386317863.315,22498800191.776,1663911378,1535123500,False
2021-08-10,14.84,25.64386,6.477425,24485315094.153,22590134969.279,1663911378,1535123500,False
2021-08-11,15.06,26.024026,6.573452,24848304940.563,22925029153.46,1663911378,1535123500,False
2021-08-12,15.35,26.525152,6.700032,25326791556.284,23366480578.062,1663911378,1535123500,False
2021-08-13,15.42,26.646114,6.730586,25442288325.596,23473037818.483,1663911378,1535123500,False
2021-08-16,15.09,26.075866,6.586546,24897803555.982,22970696542.212,1663911378,1535123500,False
2021-08-17,15.23,26.317789,6.647654,25128797094.606,23183811023.054,1663911378,1535123500,False
2021-08-18,15.14,26.162267,6.60837,24980301248.348,23046808856.799,1663911378,1535123500,False
2021-08-19,14.92,25.782102,6.512344,24617311401.939,22711914672.618,1663911378,1535123500,False
2021-08-20,14.85,25.661141,6.48179,24501814632.627,22605357432.197,1663911378,1535123500,False
2021-08-23,14.88,25.712981,6.494884,24551313248.046,22651024820.949,1663911378,1535123500,False
2021-08-24,14.91,25.764822,6.507979,24600811863.466,22696692209.701,1663911378,1535123500,False
2021-08-25,14.77,25.522899,6.446871,24369818324.841,22483577728.858,1663911378,1535123500,False
2021-08-26,14.66,25.332816,6.398858,24188323401.637,22316130636.768,1663911378,1535123500,False
2021-08-27,14.96,25.851223,6.529803,24683309555.831,22772804524.287,1663911378,1535123500,False
2021-08-30,14.89,25.730262,6.499249,24567812786.519,22666247283.866,1663911378,1535123500,False
2021-08-31,15.35,26.525152,6.700032,25326791556.284,23366480578.062,1663911378,1535123500,False
2021-09-01,15.09,26.075866,6.586546,24897803555.982,22970696542.212,1663911378,1535123500,False
2021-09-02,15.09,26.075866,6.586546,24897803555.982,22970696542.212,1663911378,1535123500,False
2021-09-03,15.57,26.905317,6.796058,25689781402.693,23701374762.243,1663911378,1535123500,False
2021-09-06,15.81,27.320043,6.900815,26085770326.049,24066713872.258,1663911378,1535123500,False
2021-09-07,15.73,27.181801,6.865896,25953774018.264,23944934168.92,1663911378,1535123500,False
2021-09-08,15.7,27.12996,6.852801,25904275402.844,23899266780.168,1663911378,1535123500,False
2021-09-09,16.61,28.702461,7.250002,27405733403.901,25284510905.642,1663911378,1535123500,False
2021-09-10,16.81,29.048066,7.337299,27735724173.364,25588960163.988,1663911378,1535123500,False
2021-09-13,17.73,30.637847,7.738864,29253681712.894,26989426752.38,1663911378,1535123500,False
2021-09-14,16.7,28.857983,7.289286,27554229250.159,25421513071.898,1663911378,1535123500,False
2021-09-15,17.14,29.618313,7.481339,28280208942.978,26091301440.259,1663911378,1535123500,False
2021-09-16,16.82,29.065346,7.341664,27752223711.837,25604182626.906,1663911378,1535123500,False
2021-09-17,15.97,27.596526,6.970652,26349762941.619,24310273278.935,1663911378,1535123500,False
2021-09-22,15.88,27.441004,6.931369,26201267095.361,24173271112.679,1663911378,1535123500,False
2021-09-23,15.67,27.07812,6.839707,25854776787.425,23853599391.416,1663911378,1535123500,False
2021-09-24,15.23,26.317789,6.647654,25128797094.606,23183811023.054,1663911378,1535123500,False
2021-09-27,15.14,26.162267,6.60837,24980301248.348,23046808856.799,1663911378,1535123500,False
2021-09-28,15.12,26.127707,6.599641,24947302171.402,23016363930.964,1663911378,1535123500,False
2021-09-29,15.4,26.611553,6.721856,25409289248.65,23442592892.648,1663911378,1535123500,False
2021-09-30,15.35,26.525152,6.700032,25326791556.284,23366480578.062,1663911378,1535123500,False
2021-10-08,15.52,26.818916,6.774234,25607283710.328,23625262447.656,1663911378,1535123500,False
2021-10-11,15.79,27.285482,6.892085,26052771249.103,24036268946.423,1663911378,1535123500,False
2021-10-12,15.61,26.974438,6.813518,25755779556.586,23762264613.912,1663911378,1535123500,False
2021-10-13,15.32,26.473312,6.686937,25277292940.865,23320813189.31,1663911378,1535123500,False
2021-10-14,16.52,28.546939,7.210718,27257237557.643,25147508739.387,1663911378,1535123500,False
2021-10-15,16.3,28.166774,7.114692,26894247711.233,24812614555.206,1663911378,1535123500,False
2021-10-18,16.2,27.993972,7.071043,26729252326.502,24660389926.033,1663911378,1535123500,False
2021-10-19,17.1,29.549192,7.463879,28214210789.085,26030411588.59,1663911378,1535123500,False
2021-10-20,16.65,28.771582,7.267461,27471731557.793,25345400757.311,1663911378,1535123500,False
2021-10-21,17.69,30.568726,7.721405,29187683559.001,26928536900.711,1663911378,1535123500,False
2021-10-22,17.3,29.894797,7.551176,28544201558.548,26334860846.936,1663911378,1535123500,False
2021-10-25,16.98,34.110574,6.108591,28016216327.407,25847742033.583,1663911378,1535123500,False
2021-10-26,16.9,33.949864,6.079811,27884220019.622,25725962330.244,1663911378,1535123500,False
2021-10-27,16.59,33.327115,5.968288,27372734326.955,25254065979.808,1663911378,1535123500,False
2021-10-28,16.3,32.744544,5.86396,26894247711.233,24812614555.206,1663911378,1535123500,False
2021-10-29,16.33,32.80481,5.874752,26943746326.653,24858281943.958,1663911378,1535123500,False
2021-11-01,17.04,34.231106,6.130176,28115213558.246,25939076811.086,1663911378,1535123500,False
2021-11-02,16.73,33.608357,6.018653,27603727865.579,25467180460.65,1663911378,1535123500,False
2021-11-03,16.44,33.025785,5.914325,27125241249.857,25025729036.048,1663911378,1535123500,False
2021-11-04,16.29,32.724455,5.860362,26877748172.76,24797392092.289,1663911378,1535123500,False
2021-11-05,16.34,32.824898,5.87835,26960245865.126,24873504406.875,1663911378,1535123500,False
2021-11-08,16.94,34.030219,6.094201,27950218173.515,25786852181.913,1663911378,1535123500,False
2021-11-09,17.02,34.190928,6.122981,28082214481.3,25908631885.252,1663911378,1535123500,False
2021-11-10,17.59,35.335983,6.32804,29022688174.27,26776312271.538,1663911378,1535123500,False
2021-11-11,18.15,36.460949,6.529501,29946662328.766,27628770194.907,1663911378,1535123500,False
2021-11-12,17.86,35.878377,6.425173,29468175713.045,27187318770.305,1663911378,1535123500,False
2021-11-15,17.12,34.391815,6.158956,28247209866.032,26060856514.425,1663911378,1535123500,False
2021-11-16,17.11,34.371726,6.155359,28230710327.558,26045634051.507,1663911378,1535123500,False
2021-11-17,16.9,33.949864,6.079811,27884220019.622,25725962330.244,1663911378,1535123500,False
2021-11-18,16.9,33.949864,6.079811,27884220019.622,25725962330.244,1663911378,1535123500,False
2021-11-19,17.07,34.291372,6.140969,28164712173.666,25984744199.838,1663911378,1535123500,False
2021-11-22,16.76,33.668623,6.029446,27653226480.998,25512847849.402,1663911378,1535123500,False
2021-11-23,16.68,33.507913,6.000665,27521230173.213,25391068146.063,1663911378,1535123500,False
2021-11-24,16.61,33.367293,5.975483,27405733403.901,25284510905.642,1663911378,1535123500,False
2021-11-25,16.84,33.829332,6.058226,27785222788.783,25634627552.74,1663911378,1535123500,False
2021-11-26,16.98,34.110574,6.108591,28016216327.407,25847742033.583,1663911378,1535123500,False
2021-11-29,16.61,33.367293,5.975483,27405733403.901,25284510905.642,1663911378,1535123500,False
2021-11-30,16.72,33.588268,6.015056,27587228327.106,25451957997.733,1663911378,1535123500,False
2021-12-01,16.28,32.704366,5.856765,26861248634.287,24782169629.371,1663911378,1535123500,False
2021-12-02,15.94,32.021351,5.734449,26300264326.2,24264605890.183,1663911378,1535123500,False
2021-12-03,16.06,32.262415,5.777619,26498258787.878,24447275445.191,1663911378,1535123500,False
2021-12-06,16.13,32.403036,5.802802,26613755557.19,24553832685.612,1663911378,1535123500,False
2021-12-07,16.03,32.202149,5.766827,26448760172.458,24401608056.439,1663911378,1535123500,False
2021-12-08,16.24,32.624012,5.842375,26795250480.394,24721279777.702,1663911378,1535123500,False
2021-12-09,16.3,32.744544,5.86396,26894247711.233,24812614555.206,1663911378,1535123500,False
2021-12-10,16.11,32.362859,5.795607,26580756480.243,24523387759.777,1663911378,1535123500,False
2021-12-13,15.99,32.121795,5.752436,26382762018.566,24340718204.769,1663911378,1535123500,False
2021-12-14,15.97,32.081617,5.745241,26349762941.619,24310273278.935,1663911378,1535123500,False
2021-12-15,15.74,31.619578,5.662498,25970273556.737,23960156631.837,1663911378,1535123500,False
2021-12-16,15.89,31.920908,5.716461,26217766633.834,24188493575.596,1663911378,1535123500,False
2021-12-17,16.01,32.161972,5.759632,26415761095.512,24371163130.604,1663911378,1535123500,False
2021-12-20,15.44,31.016917,5.554573,25475287402.542,23503482744.318,1663911378,1535123500,False
2021-12-21,15.27,30.67541,5.493415,25194795248.499,23244700874.724,1663911378,1535123500,False
2021-12-22,15.4,30.936563,5.540183,25409289248.65,23442592892.648,1663911378,1535123500,False
2021-12-23,15.33,30.795942,5.515,25293792479.338,23336035652.227,1663911378,1535123500,False
2021-12-24,15.28,30.695499,5.497012,25211294786.972,23259923337.641,1663911378,1535123500,False
2021-12-27,15.24,30.615144,5.482622,25145296633.079,23199033485.972,1663911378,1535123500,False
2021-12-28,15.37,30.876297,5.52939,25359790633.23,23396925503.897,1663911378,1535123500,False
2021-12-29,15.12,30.37408,5.439452,24947302171.402,23016363930.964,1663911378,1535123500,False
2021-12-30,15.03,30.193282,5.407074,24798806325.143,22879361764.708,1663911378,1535123500,False
2021-12-31,14.9,29.932129,5.360307,24584312324.992,22681469746.783,1663911378,1535123500,False
2022-01-04,14.95,30.032572,5.378294,24666810017.358,22757582061.37,1663911378,1535123500,False
2022-01-05,15.19,30.5147,5.464635,25062798940.714,23122921171.385,1663911378,1535123500,False
2022-01-06,14.91,29.952218,5.363904,24600811863.466,22696692209.701,1663911378,1535123500,False
2022-01-07,14.8,29.731242,5.324331,24419316940.261,22529245117.61,1663911378,1535123500,False
2022-01-10,14.88,29.891951,5.353112,24551313248.046,22651024820.949,1663911378,1535123500,False
2022-01-11,15.16,30.454434,5.453842,25013300325.294,23077253782.633,1663911378,1535123500,False
2022-01-12,15.23,30.595055,5.479025,25128797094.606,23183811023.054,1663911378,1535123500,False
2022-01-13,15.27,30.67541,5.493415,25194795248.499,23244700874.724,1663911378,1535123500,False
2022-01-14,15.12,30.37408,5.439452,24947302171.402,23016363930.964,1663911378,1535123500,False
2022-01-17,15.0,30.133016,5.396282,24749307709.724,22833694375.956,1663911378,1535123500,False
2022-01-18,15.13,30.394168,5.44305,24963801709.875,23031586393.881,1663911378,1535123500,False
2022-01-19,15.07,30.273636,5.421465,24864804479.036,22940251616.377,1663911378,1535123500,False
2022-01-20,15.35,30.836119,5.522195,25326791556.284,23366480578.062,1663911378,1535123500,False
2022-01-21,15.44,31.016917,5.554573,25475287402.542,23503482744.318,1663911378,1535123500,False
2022-01-24,15.32,30.775853,5.511403,25277292940.865,23320813189.31,1663911378,1535123500,False
2022-01-25,15.72,31.5794,5.655303,25937274479.791,23929711706.002,1663911378,1535123500,False
2022-01-26,15.31,30.755765,5.507805,25260793402.391,23305590726.393,1663911378,1535123500,False
2022-01-27,14.22,28.566099,5.115675,23462343708.818,21646342268.407,1663911378,1535123500,False
2022-01-28,14.04,28.204503,5.05092,23165352016.302,21372337935.895,1663911378,1535123500,False
2022-02-07,14.58,29.289291,5.245186,24056327093.852,22194350933.43,1663911378,1535123500,False
2022-02-08,14.65,29.429912,5.270369,24171823863.164,22300908173.851,1663911378,1535123500,False
2022-02-09,15.14,30.414257,5.446647,24980301248.348,23046808856.799,1663911378,1535123500,False
2022-02-10,14.98,30.092838,5.389087,24716308632.778,22803249450.122,1663911378,1535123500,False
2022-02-11,14.78,29.691065,5.317136,24386317863.315,22498800191.776,1663911378,1535123500,False
2022-02-14,15.02,30.173193,5.403477,24782306786.67,22864139301.791,1663911378,1535123500,False
2022-02-15,15.24,30.615144,5.482622,25145296633.079,23199033485.972,1663911378,1535123500,False
2022-02-16,14.91,29.952218,5.363904,24600811863.466,22696692209.701,1663911378,1535123500,False
2022-02-17,15.41,30.956651,5.54378,25425788787.123,23457815355.566,1663911378,1535123500,False
2022-02-18,15.19,30.5147,5.464635,25062798940.714,23122921171.385,1663911378,1535123500,False
2022-02-21,14.95,30.032572,5.378294,24666810017.358,22757582061.37,1663911378,1535123500,False
2022-02-22,15.56,31.257982,5.597743,25673281864.22,23686152299.325,1663911378,1535123500,False
2022-02-23,15.06,30.253548,5.417867,24848304940.563,22925029153.46,1663911378,1535123500,False
2022-02-24,16.13,32.403036,5.802802,26613755557.19,24553832685.612,1663911378,1535123500,False
2022-02-25,15.7,31.539223,5.648108,25904275402.844,23899266780.168,1663911378,1535123500,False
2022-02-28,15.81,31.760198,5.687681,26085770326.049,24066713872.258,1663911378,1535123500,False
2022-03-01,15.59,31.318248,5.608536,25722780479.64,23731819688.077,1663911378,1535123500,False
2022-03-02,15.64,31.418691,5.626523,25805278172.005,23807932002.664,1663911378,1535123500,False
2022-03-03,15.73,31.599489,5.658901,25953774018.264,23944934168.92,1663911378,1535123500,False
2022-03-04,15.77,31.679844,5.673291,26019772172.156,24005824020.589,1663911378,1535123500,False
2022-03-07,16.94,34.030219,6.094201,27950218173.515,25786852181.913,1663911378,1535123500,False
2022-03-08,17.23,34.612791,6.198529,28428704789.236,26228303606.515,1663911378,1535123500,False
2022-03-09,17.77,35.697579,6.392795,29319679866.786,27050316604.05,1663911378,1535123500,False
2022-03-10,17.32,34.793589,6.230907,28577200635.494,26365305772.771,1663911378,1535123500,False
2022-03-11,17.38,34.914121,6.252492,28676197866.333,26456640550.275,1663911378,1535123500,False
2022-03-14,17.84,35.8382,6.417978,29435176636.098,27156873844.471,1663911378,1535123500,False
2022-03-15,16.07,32.282504,5.781217,26514758326.351,24462497908.108,1663911378,1535123500,False
2022-03-16,16.05,32.242327,5.774022,26481759249.405,24432052982.273,1663911378,1535123500,False
2022-03-17,16.79,33.728889,6.040238,27702725096.418,25558515238.154,1663911378,1535123500,False
2022-03-18,17.32,34.793589,6.230907,28577200635.494,26365305772.771,1663911378,1535123500,False
2022-03-21,17.59,35.335983,6.32804,29022688174.27,26776312271.538,1663911378,1535123500,False
2022-03-22,17.84,35.8382,6.417978,29435176636.098,27156873844.471,1663911378,1535123500,False
2022-03-23,17.69,35.53687,6.364015,29187683559.001,26928536900.711,1663911378,1535123500,False
2022-03-24,18.71,37.585915,6.730962,30870636483.262,28481228118.276,1663911378,1535123500,False
2022-03-25,19.25,38.670703,6.925228,31761611560.812,29303241115.811,1663911378,1535123500,False
2022-03-28,18.8,37.766713,6.76334,31019132329.521,28618230284.532,1663911378,1535123500,False
2022-03-29,18.65,37.465383,6.709377,30771639252.423,28389893340.772,1663911378,1535123500,False
2022-03-30,18.09,36.340417,6.507916,29847665097.927,27537435417.403,1663911378,1535123500,False
2022-03-31,18.13,36.420772,6.522306,29913663251.82,27598325269.073,1663911378,1535123500,False
2022-04-01,18.58,37.324762,6.684194,30656142483.111,28283336100.351,1663911378,1535123500,False
2022-04-06,18.68,37.525649,6.72017,30821137867.843,28435560729.524,1663911378,1535123500,False
2022-04-07,18.99,38.148398,6.831693,31332623560.51,28907457079.961,1663911378,1535123500,False
2022-04-08,20.89,41.965246,7.515222,34467535870.409,31799725034.248,1663911378,1535123500,False
2022-04-11,21.73,43.652695,7.817414,35853497102.153,33078411919.302,1663911378,1535123500,False
2022-04-12,21.13,42.447375,7.601562,34863524793.764,32165064144.264,1663911378,1535123500,False
2022-04-13,21.6,43.391542,7.770646,35639003102.002,32880519901.377,1663911378,1535123500,False
2022-04-14,21.5,43.190656,7.734671,35474007717.271,32728295272.204,1663911378,1535123500,False
2022-04-15,20.69,41.563473,7.443271,34137545100.946,31495275775.902,1663911378,1535123500,False
2022-04-18,21.45,43.090212,7.716683,35391510024.905,32652182957.618,1663911378,1535123500,False
2022-04-19,21.55,43.291099,7.752658,35556505409.637,32804407586.791,1663911378,1535123500,False
2022-04-20,20.28,40.739837,7.295773,33461064023.547,30871154796.293,1663911378,1535123500,False
2022-04-21,19.03,38.228752,6.846083,31398621714.403,28968346931.63,1663911378,1535123500,False
2022-04-22,19.6,39.373807,7.051142,32339095407.373,29836027317.916,1663911378,1535123500,False
2022-04-25,17.73,35.617224,6.378405,29253681712.894,26989426752.38,1663911378,1535123500,False
2022-04-26,17.1,34.351638,6.151761,28214210789.085,26030411588.59,1663911378,1535123500,False
2022-04-27,17.62,35.396249,6.338832,29072186789.689,26821979660.29,1663911378,1535123500,False
2022-04-28,16.69,33.528002,6.004263,27537729711.686,25406290608.981,1663911378,1535123500,False
2022-04-29,18.36,36.882811,6.605049,30293152636.702,27948441916.171,1663911378,1535123500,False
2022-05-05,17.25,48.811781,6.081159,28461703866.182,26258748532.35,1663911378,1535123500,False
2022-05-06,16.18,45.784035,5.703951,26696253249.555,24629945000.198,1663911378,1535123500,False
2022-05-09,15.91,45.020025,5.608768,26250765710.78,24218938501.431,1663911378,1535123500,False
2022-05-10,15.4,43.576894,5.428977,25409289248.65,23442592892.648,1663911378,1535123500,False
2022-05-11,15.69,44.397498,5.531211,25887775864.371,23884044317.25,1663911378,1535123500,False
2022-05-12,15.48,43.803268,5.45718,25541285556.435,23564372595.987,1663911378,1535123500,False
2022-05-13,15.5,43.859861,5.46423,25574284633.381,23594817521.822,1663911378,1535123500,False
2022-05-16,15.2,43.01096,5.358471,25079298479.187,23138143634.302,1663911378,1535123500,False
2022-05-17,15.26,43.18074,5.379623,25178295710.026,23229478411.806,1663911378,1535123500,False
2022-05-18,15.03,42.529917,5.298541,24798806325.143,22879361764.708,1663911378,1535123500,False
2022-05-19,15.14,42.84118,5.337319,24980301248.348,23046808856.799,1663911378,1535123500,False
2022-05-20,15.64,44.256014,5.513584,25805278172.005,23807932002.664,1663911378,1535123500,False
2022-05-23,16.14,45.670849,5.68985,26630255095.663,24569055148.529,1663911378,1535123500,False
2022-05-24,15.61,44.171124,5.503009,25755779556.586,23762264613.912,1663911378,1535123500,False
2022-05-25,16.45,46.548046,5.799135,27141740788.331,25040951498.965,1663911378,1535123500,False
2022-05-26,16.23,45.925519,5.721578,26778750941.921,24706057314.785,1663911378,1535123500,False
2022-05-27,16.34,46.236782,5.760356,26960245865.126,24873504406.875,1663911378,1535123500,False
2022-05-30,16.37,46.321672,5.770932,27009744480.545,24919171795.627,1663911378,1535123500,False
2022-05-31,15.92,45.048322,5.612293,26267265249.254,24234160964.348,1663911378,1535123500,False
2022-06-01,15.45,43.718377,5.446604,25491786941.016,23518705207.235,1663911378,1535123500,False
2022-06-02,15.42,43.633487,5.436028,25442288325.596,23473037818.483,1663911378,1535123500,False
2022-06-06,15.57,44.057938,5.488907,25689781402.693,23701374762.243,1663911378,1535123500,False
2022-06-07,15.48,43.803268,5.45718,25541285556.435,23564372595.987,1663911378,1535123500,False
2022-06-08,15.51,43.888158,5.467755,25590784171.854,23610039984.739,1663911378,1535123500,False
2022-06-09,15.93,45.076618,5.615818,26283764787.727,24249383427.266,1663911378,1535123500,False
2022-06-10,15.64,44.256014,5.513584,25805278172.005,23807932002.664,1663911378,1535123500,False
2022-06-13,16.79,47.510133,5.918995,27702725096.418,25558515238.154,1663911378,1535123500,False
2022-06-14,16.3,46.123596,5.746255,26894247711.233,24812614555.206,1663911378,1535123500,False
2022-06-15,16.5,46.689529,5.816761,27224238480.696,25117063813.552,1663911378,1535123500,False
2022-06-16,16.43,46.491453,5.792084,27108741711.384,25010506573.131,1663911378,1535123500,False
2022-06-17,17.01,48.13266,5.996552,28065714942.827,25893409422.334,1663911378,1535123500,False
2022-06-20,16.49,46.661233,5.813236,27207738942.223,25101841350.635,1663911378,1535123500,False
2022-06-21,16.16,45.727442,5.696901,26663254172.609,24599500074.364,1663911378,1535123500,False
2022-06-22,15.96,45.161508,5.626394,26333263403.146,24295050816.017,1663911378,1535123500,False
2022-06-23,16.25,45.982112,5.728628,26811750018.868,24736502240.619,1663911378,1535123500,False
2022-06-24,16.03,45.359585,5.651072,26448760172.458,24401608056.439,1663911378,1535123500,False
2022-06-27,16.45,46.548046,5.799135,27141740788.331,25040951498.965,1663911378,1535123500,False
2022-06-28,16.35,46.265079,5.763881,26976745403.599,24888726869.792,1663911378,1535123500,False
2022-06-29,15.94,45.104915,5.619344,26300264326.2,24264605890.183,1663911378,1535123500,False
2022-06-30,15.95,45.133212,5.622869,26316763864.673,24279828353.1,1663911378,1535123500,False
2022-07-01,15.72,44.482388,5.541787,25937274479.791,23929711706.002,1663911378,1535123500,False
2022-07-04,15.95,45.133212,5.622869,26316763864.673,24279828353.1,1663911378,1535123500,False
2022-07-05,15.82,44.765355,5.57704,26102269864.522,24081936335.175,1663911378,1535123500,False
2022-07-06,15.61,44.171124,5.503009,25755779556.586,23762264613.912,1663911378,1535123500,False
2022-07-07,15.57,44.057938,5.488907,25689781402.693,23701374762.243,1663911378,1535123500,False
2022-07-08,15.51,43.888158,5.467755,25590784171.854,23610039984.739,1663911378,1535123500,False
2022-07-11,15.08,42.6714,5.316167,24881304017.509,22955474079.295,1663911378,1535123500,False
2022-07-12,15.23,43.09585,5.369047,25128797094.606,23183811023.054,1663911378,1535123500,False
2022-07-13,15.48,43.803268,5.45718,25541285556.435,23564372595.987,1663911378,1535123500,False
2022-07-14,15.62,44.199421,5.506534,25772279095.059,23777487076.829,1663911378,1535123500,False
2022-07-15,15.45,43.718377,5.446604,25491786941.016,23518705207.235,1663911378,1535123500,False
2022-07-18,15.66,44.312608,5.520635,25838277248.952,23838376928.498,1663911378,1535123500,False
2022-07-19,15.74,44.538981,5.548838,25970273556.737,23960156631.837,1663911378,1535123500,False
2022-07-20,15.86,44.878542,5.591141,26168268018.415,24142826186.844,1663911378,1535123500,False
2022-07-21,15.92,45.048322,5.612293,26267265249.254,24234160964.348,1663911378,1535123500,False
2022-07-22,16.01,45.302992,5.644021,26415761095.512,24371163130.604,1663911378,1535123500,False
2022-07-25,16.65,47.11398,5.869641,27471731557.793,25345400757.311,1663911378,1535123500,False
2022-07-26,17.01,48.13266,5.996552,28065714942.827,25893409422.334,1663911378,1535123500,False
2022-07-27,17.3,48.953264,6.098786,28544201558.548,26334860846.936,1663911378,1535123500,False
2022-07-28,17.72,50.141725,6.246849,29237182174.42,26974204289.463,1663911378,1535123500,False
2022-07-29,18.26,51.669746,6.437216,30128157251.971,27796217286.997,1663911378,1535123500,False
2022-08-01,17.66,49.971945,6.225697,29138184943.582,26882869511.959,1663911378,1535123500,False
2022-08-02,17.65,49.943648,6.222172,29121685405.108,26867647049.042,1663911378,1535123500,False
2022-08-03,17.6,49.802165,6.204545,29039187712.743,26791534734.455,1663911378,1535123500,False
2022-08-04,17.86,50.537878,6.296203,29468175713.045,27187318770.305,1663911378,1535123500,False
2022-08-05,19.26,54.499414,6.789747,31778111099.285,29318463578.728,1663911378,1535123500,False
2022-08-08,19.21,54.357931,6.77212,31695613406.92,29242351264.141,1663911378,1535123500,False
2022-08-09,19.09,54.018371,6.729816,31497618945.242,29059681709.134,1663911378,1535123500,False
2022-08-10,20.99,58.9368,6.637502,34632531255.14,31951949663.422,1663911378,1535123500,False
2022-08-11,19.92,55.932399,6.299145,32867080638.513,30323146131.27,1663911378,1535123500,False
2022-08-12,21.5,60.368804,6.798776,35474007717.271,32728295272.204,1663911378,1535123500,False
2022-08-15,21.9,61.491945,6.925264,36133989256.197,33337193788.896,1663911378,1535123500,False
2022-08-16,21.52,60.424961,6.8051,35507006794.217,32758740198.039,1663911378,1535123500,False
2022-08-17,21.27,59.722998,6.726044,35094518332.388,32378178625.106,1663911378,1535123500,False
2022-08-18,20.53,57.645188,6.49204,33873552485.375,31251716369.226,1663911378,1535123500,False
2022-08-19,20.04,56.269341,6.337091,33065075100.191,30505815686.278,1663911378,1535123500,False
2022-08-22,20.68,58.066366,6.539473,34121045562.473,31480053312.985,1663911378,1535123500,False
2022-08-23,20.0,56.157027,6.324442,32999076946.298,30444925834.608,1663911378,1535123500,False
2022-08-24,20.09,56.409734,6.352902,33147572792.557,30581928000.864,1663911378,1535123500,False
2022-08-25,21.06,59.13335,6.659638,34748028024.452,32058506903.843,1663911378,1535123500,False
2022-08-26,20.86,58.571779,6.596393,34418037254.989,31754057645.497,1663911378,1535123500,False
2022-08-29,20.5,57.560953,6.482553,33824053869.956,31206048980.474,1663911378,1535123500,False
2022-08-30,20.38,57.224011,6.444607,33626059408.278,31023379425.466,1663911378,1535123500,False
2022-08-31,19.48,54.696945,6.160007,32141100945.695,29653357762.909,1663911378,1535123500,False
2022-09-01,19.42,54.528473,6.141034,32042103714.856,29562022985.405,1663911378,1535123500,False
2022-09-02,19.3,54.191531,6.103087,31844109253.178,29379353430.397,1663911378,1535123500,False
2022-09-05,19.98,56.10087,6.318118,32966077869.352,30414480908.774,1663911378,1535123500,False
2022-09-06,21.0,58.964879,6.640664,34649030793.613,31967172126.339,1663911378,1535123500,False
2022-09-07,20.74,58.234837,6.558447,34220042793.312,31571388090.489,1663911378,1535123500,False
2022-09-08,21.26,59.69492,6.722882,35078018793.915,32362956162.189,1663911378,1535123500,False
2022-09-09,21.5,60.368804,6.798776,35474007717.271,32728295272.204,1663911378,1535123500,False
2022-09-13,22.75,63.878619,7.194053,37536450026.415,34631103136.867,1663911378,1535123500,False
2022-09-14,22.48,63.120499,7.108673,37090962487.64,34220096638.1,1663911378,1535123500,False
2022-09-15,21.65,60.789982,6.846209,35721500794.368,32956632215.964,1663911378,1535123500,False
2022-09-16,21.09,59.217585,6.669124,34797526639.872,32104174292.595,1663911378,1535123500,False
2022-09-19,20.78,58.347151,6.571096,34286040947.204,31632277942.158,1663911378,1535123500,False
2022-09-20,21.25,59.666841,6.71972,35061519255.442,32347733699.271,1663911378,1535123500,False
2022-09-21,21.8,61.21116,6.893642,35968993871.465,33184969159.723,1663911378,1535123500,False
2022-09-22,21.6,60.649589,6.830398,35639003102.002,32880519901.377,1663911378,1535123500,False
2022-09-23,21.54,60.481118,6.811424,35540005871.163,32789185123.873,1663911378,1535123500,False
2022-09-26,20.38,57.224011,6.444607,33626059408.278,31023379425.466,1663911378,1535123500,False
2022-09-27,20.31,57.027461,6.422471,33510562638.966,30916822185.045,1663911378,1535123500,False
2022-09-28,19.67,55.230436,6.220089,32454592176.685,29942584558.337,1663911378,1535123500,False
2022-09-29,20.17,56.634362,6.3782,33279569100.342,30703707704.203,1663911378,1535123500,False
2022-09-30,20.28,56.943226,6.412985,33461064023.547,30871154796.293,1663911378,1535123500,False
2022-10-10,20.14,56.550126,6.368713,33230070484.923,30658040315.451,1663911378,1535123500,False
2022-10-11,20.19,56.690519,6.384525,33312568177.288,30734152630.037,1663911378,1535123500,False
2022-10-12,21.0,58.964879,6.640664,34649030793.613,31967172126.339,1663911378,1535123500,False
2022-10-13,20.1,56.437812,6.356065,33164072331.03,30597150463.781,1663911378,1535123500,False
2022-10-14,20.29,56.971304,6.416147,33477563562.02,30886377259.21,1663911378,1535123500,False
2022-10-17,20.0,56.157027,6.324442,32999076946.298,30444925834.608,1663911378,1535123500,False
2022-10-18,19.4,54.472316,6.134709,32009104637.91,29531578059.57,1663911378,1535123500,False
2022-10-19,18.42,51.720622,5.824811,30392149867.541,28039776693.674,1663911378,1535123500,False
2022-10-20,18.27,51.299444,5.777378,30144656790.444,27811439749.915,1663911378,1535123500,False
2022-10-21,17.73,49.783205,5.606618,29253681712.894,26989426752.38,1663911378,1535123500,False
2022-10-24,18.84,52.89992,5.957625,31085130483.413,28679120136.201,1663911378,1535123500,False
2022-10-25,18.41,51.692544,5.821649,30375650329.068,28024554230.757,1663911378,1535123500,False
2022-10-26,18.51,51.973329,5.853271,30540645713.799,28176778859.93,1663911378,1535123500,False
2022-10-27,19.32,54.247688,6.109411,31877108330.124,29409798356.232,1663911378,1535123500,False
2022-10-28,20.43,57.364403,6.460418,33708557100.644,31099491740.052,1663911378,1535123500,False
2022-10-31,18.82,73.208358,5.701367,31052131406.467,28648675210.367,1663911378,1535123500,False
2022-11-01,19.38,75.386715,5.871014,31976105560.963,29501133133.736,1663911378,1535123500,False
2022-11-02,19.9,77.409476,6.028544,32834081561.567,30292701205.435,1663911378,1535123500,False
2022-11-03,19.36,75.308917,5.864955,31943106484.017,29470688207.901,1663911378,1535123500,False
2022-11-04,19.45,75.65901,5.89222,32091602330.275,29607690374.157,1663911378,1535123500,False
2022-11-07,20.28,78.887647,6.143662,33461064023.547,30871154796.293,1663911378,1535123500,False
2022-11-08,20.01,77.837367,6.061868,33015576484.772,30460148297.526,1663911378,1535123500,False
2022-11-09,20.1,78.18746,6.089132,33164072331.03,30597150463.781,1663911378,1535123500,False
2022-11-10,20.35,79.159941,6.164868,33576560792.859,30977712036.714,1663911378,1535123500,False
2022-11-11,21.18,82.388578,6.41631,34946022486.13,32241176458.85,1663911378,1535123500,False
2022-11-14,20.51,79.782329,6.213339,33840553408.429,33840553408.429,1663911378,1663911378,False
2022-11-15,20.03,77.915166,6.067927,33048575561.718,33048575561.718,1663911378,1663911378,False
2022-11-16,19.9,77.409476,6.028544,32834081561.567,32834081561.567,1663911378,1663911378,False
2022-11-17,19.18,74.608731,5.810426,31646114791.5,31646114791.5,1663911378,1663911378,False
2022-11-18,19.12,74.375335,5.792249,31547117560.661,31547117560.661,1663911378,1663911378,False
2022-11-21,19.48,75.775708,5.901308,32141100945.695,32141100945.695,1663911378,1663911378,False
2022-11-22,19.3,75.075522,5.846779,31844109253.178,31844109253.178,1663911378,1663911378,False
2022-11-23,19.17,74.569832,5.807396,31629615253.027,31629615253.027,1663911378,1663911378,False
2022-11-24,20.24,78.73205,6.131544,33395065869.654,33395065869.654,1663911378,1663911378,False
2022-11-25,20.81,80.949306,6.304221,34335539562.624,34335539562.624,1663911378,1663911378,False
2022-11-28,20.35,79.159941,6.164868,33576560792.859,33576560792.859,1663911378,1663911378,False
2022-11-29,19.99,77.759569,6.055809,32982577407.825,32982577407.825,1663911378,1663911378,False
2022-11-30,19.71,76.67039,5.970985,32520590330.577,32520590330.577,1663911378,1663911378,False
2022-12-01,20.28,78.887647,6.143662,33461064023.547,33461064023.547,1663911378,1663911378,False
2022-12-02,19.56,76.086902,5.925544,32273097253.48,32273097253.48,1663911378,1663911378,False
2022-12-05,19.4,75.464514,5.877073,32009104637.91,32009104637.91,1663911378,1663911378,False
2022-12-06,19.13,74.414235,5.795279,31563617099.135,31563617099.135,1663911378,1663911378,False
2022-12-07,19.17,74.569832,5.807396,31629615253.027,31629615253.027,1663911378,1663911378,False
2022-12-08,19.16,74.530932,5.804367,31613115714.554,31613115714.554,1663911378,1663911378,False
2022-12-09,18.61,72.391474,5.637749,30705641098.531,30705641098.531,1663911378,1663911378,False
2022-12-12,18.08,70.329815,5.47719,29831165559.454,29831165559.454,1663911378,1663911378,False
2022-12-13,18.77,73.013862,5.68622,30969633714.101,30969633714.101,1663911378,1663911378,False
2022-12-14,18.76,72.974963,5.68319,30953134175.628,30953134175.628,1663911378,1663911378,False
2022-12-15,18.31,71.224497,5.546866,30210654944.336,30210654944.336,1663911378,1663911378,False
2022-12-16,18.38,71.496792,5.568072,30326151713.648,30326151713.648,1663911378,1663911378,False
2022-12-19,18.27,71.0689,5.534749,30144656790.444,30144656790.444,1663911378,1663911378,False
2022-12-20,18.33,71.302296,5.552925,30243654021.283,30243654021.283,1663911378,1663911378,False
2022-12-21,18.59,72.313676,5.63169,30672642021.584,30672642021.584,1663911378,1663911378,False
2022-12-22,18.64,72.508172,5.646837,30755139713.95,30755139713.95,1663911378,1663911378,False
2022-12-23,18.15,70.60211,5.498396,29946662328.766,29946662328.766,1663911378,1663911378,False
2022-12-26,18.31,71.224497,5.546866,30210654944.336,30210654944.336,1663911378,1663911378,False
2022-12-27,18.28,71.1078,5.537778,30161156328.917,30161156328.917,1663911378,1663911378,False
2022-12-28,18.26,71.030001,5.531719,30128157251.971,30128157251.971,1663911378,1663911378,False
2022-12-29,18.01,70.05752,5.455984,29715668790.142,29715668790.142,1663911378,1663911378,False
2022-12-30,18.05,70.213117,5.468102,29781666944.034,29781666944.034,1663911378,1663911378,False
2023-01-03,18.8,73.13056,5.695308,31019132329.521,31019132329.521,1663911378,1663911378,False
2023-01-04,19.27,74.958824,5.837691,31794610637.759,31794610637.759,1663911378,1663911378,False
2023-01-05,19.12,74.375335,5.792249,31547117560.661,31547117560.661,1663911378,1663911378,False
2023-01-06,18.75,72.936064,5.680161,30936634637.155,30936634637.155,1663911378,1663911378,False
2023-01-09,19.82,77.098282,6.004309,32702085253.782,32702085253.782,1663911378,1663911378,False
2023-01-10,19.76,76.864886,5.986132,32603088022.943,32603088022.943,1663911378,1663911378,False
2023-01-11,19.49,75.814607,5.904338,32157600484.168,32157600484.168,1663911378,1663911378,False
2023-01-12,19.37,75.347816,5.867985,31959606022.49,31959606022.49,1663911378,1663911378,False
2023-01-13,19.28,74.997723,5.84072,31811110176.232,31811110176.232,1663911378,1663911378,False
2023-01-16,19.43,75.581212,5.886161,32058603253.329,32058603253.329,1663911378,1663911378,False
2023-01-17,19.13,74.414235,5.795279,31563617099.135,31563617099.135,1663911378,1663911378,False
2023-01-18,19.41,75.503413,5.880103,32025604176.383,32025604176.383,1663911378,1663911378,False
2023-01-19,19.35,75.270018,5.861926,31926606945.544,31926606945.544,1663911378,1663911378,False
2023-01-20,20.3,78.965445,6.149721,33494063100.493,33494063100.493,1663911378,1663911378,False
2023-01-30,20.05,77.992964,6.073985,33081574638.664,33081574638.664,1663911378,1663911378,False
2023-01-31,19.9,77.409476,6.028544,32834081561.567,32834081561.567,1663911378,1663911378,False
2023-02-01,20.2,78.576453,6.119427,33329067715.761,33329067715.761,1663911378,1663911378,False
2023-02-02,20.8,80.910407,6.301192,34319040024.15,34319040024.15,1663911378,1663911378,False
2023-02-03,20.18,78.498654,6.113368,33296068638.815,33296068638.815,1663911378,1663911378,False
2023-02-06,19.2,74.686529,5.816485,31679113868.447,31679113868.447,1663911378,1663911378,False
2023-02-07,19.43,75.581212,5.886161,32058603253.329,32058603253.329,1663911378,1663911378,False
2023-02-08,19.24,74.842126,5.828602,31745112022.339,31745112022.339,1663911378,1663911378,False
2023-02-09,19.41,75.503413,5.880103,32025604176.383,32025604176.383,1663911378,1663911378,False
2023-02-10,19.09,74.258638,5.783161,31497618945.242,31497618945.242,1663911378,1663911378,False
2023-02-13,19.06,74.14194,5.774073,31448120329.822,31448120329.822,1663911378,1663911378,False
2023-02-14,19.2,74.686529,5.816485,31679113868.447,31679113868.447,1663911378,1663911378,False
2023-02-15,18.84,73.286157,5.707426,31085130483.413,31085130483.413,1663911378,1663911378,False
2023-02-16,18.61,72.391474,5.637749,30705641098.531,30705641098.531,1663911378,1663911378,False
2023-02-17,18.56,72.196978,5.622602,30623143406.165,30623143406.165,1663911378,1663911378,False
2023-02-20,18.66,72.585971,5.652896,30788138790.896,30788138790.896,1663911378,1663911378,False
2023-02-21,18.77,73.013862,5.68622,30969633714.101,30969633714.101,1663911378,1663911378,False
2023-02-22,18.92,73.597351,5.731661,31217126791.198,31217126791.198,1663911378,1663911378,False
2023-02-23,19.0,73.908545,5.755896,31349123098.984,31349123098.984,1663911378,1663911378,False
2023-02-24,18.78,73.052761,5.689249,30986133252.574,30986133252.574,1663911378,1663911378,False
2023-02-27,18.52,72.041381,5.610484,30557145252.272,30557145252.272,1663911378,1663911378,False
2023-02-28,18.52,72.041381,5.610484,30557145252.272,30557145252.272,1663911378,1663911378,False
2023-03-01,18.73,72.858265,5.674102,30903635560.209,30903635560.209,1663911378,1663911378,False
2023-03-02,18.58,72.274777,5.628661,30656142483.111,30656142483.111,1663911378,1663911378,False
2023-03-03,18.64,72.508172,5.646837,30755139713.95,30755139713.95,1663911378,1663911378,False
2023-03-06,19.11,74.336436,5.78922,31530618022.188,31530618022.188,1663911378,1663911378,False
2023-03-07,19.19,74.64763,5.813455,31662614329.973,31662614329.973,1663911378,1663911378,False
2023-03-08,18.69,72.702668,5.661984,30837637406.316,30837637406.316,1663911378,1663911378,False
2023-03-09,18.64,72.508172,5.646837,30755139713.95,30755139713.95,1663911378,1663911378,False
2023-03-10,18.83,73.247258,5.704396,31068630944.94,31068630944.94,1663911378,1663911378,False
2023-03-13,19.45,75.65901,5.89222,32091602330.275,32091602330.275,1663911378,1663911378,False
2023-03-14,19.57,76.125801,5.928573,32289596791.953,32289596791.953,1663911378,1663911378,False
2023-03-15,19.35,75.270018,5.861926,31926606945.544,31926606945.544,1663911378,1663911378,False
2023-03-16,19.45,75.65901,5.89222,32091602330.275,32091602330.275,1663911378,1663911378,False
2023-03-17,19.48,75.775708,5.901308,32141100945.695,32141100945.695,1663911378,1663911378,False
2023-03-20,21.4,83.244361,6.482957,35309012332.539,35309012332.539,1663911378,1663911378,False
2023-03-21,20.69,80.482515,6.267868,34137545100.946,34137545100.946,1663911378,1663911378,False
2023-03-22,20.59,80.093523,6.237574,33972549716.214,33972549716.214,1663911378,1663911378,False
2023-03-23,20.85,81.104903,6.316339,34401537716.516,34401537716.516,1663911378,1663911378,False
2023-03-24,20.33,79.082143,6.158809,33543561715.912,33543561715.912,1663911378,1663911378,False
2023-03-27,19.96,77.642871,6.046721,32933078792.406,32933078792.406,1663911378,1663911378,False
2023-03-28,19.66,76.475894,5.955838,32438092638.211,32438092638.211,1663911378,1663911378,False
2023-03-29,19.48,75.775708,5.901308,32141100945.695,32141100945.695,1663911378,1663911378,False
2023-03-30,19.26,74.919925,5.834661,31778111099.285,31778111099.285,1663911378,1663911378,False
2023-03-31,18.15,66.945158,5.821607,29946662328.766,29946662328.766,1663911378,1663911378,False
2023-04-03,18.0,66.391892,5.773495,29699169251.669,29699169251.669,1663911378,1663911378,False
2023-04-04,18.47,68.125458,5.924247,30474647559.907,30474647559.907,1663911378,1663911378,False
2023-04-06,18.75,69.158221,6.014057,30936634637.155,30936634637.155,1663911378,1663911378,False
2023-04-07,18.2,67.12958,5.837645,30029160021.132,30029160021.132,1663911378,1663911378,False
2023-04-10,18.06,66.613198,5.79274,29798166482.508,29798166482.508,1663911378,1663911378,False
2023-04-11,18.53,68.346764,5.943492,30573644790.746,30573644790.746,1663911378,1663911378,False
2023-04-12,18.94,69.859024,6.074999,31250125868.145,31250125868.145,1663911378,1663911378,False
2023-04-13,18.56,68.457417,5.953114,30623143406.165,30623143406.165,1663911378,1663911378,False
2023-04-14,18.66,68.826261,5.985189,30788138790.896,30788138790.896,1663911378,1663911378,False
2023-04-17,18.35,67.682845,5.885757,30276653098.229,30276653098.229,1663911378,1663911378,False
2023-04-18,18.18,67.055811,5.83123,29996160944.185,29996160944.185,1663911378,1663911378,False
2023-04-19,18.09,66.723851,5.802362,29847665097.927,29847665097.927,1663911378,1663911378,False
2023-04-20,17.87,65.912395,5.731797,29484675251.518,29484675251.518,1663911378,1663911378,False
2023-04-21,17.64,65.064054,5.658025,29105185866.635,29105185866.635,1663911378,1663911378,False
2023-04-24,16.44,60.637928,5.273125,27125241249.857,27125241249.857,1663911378,1663911378,False
2023-04-25,16.23,59.863356,5.205768,26778750941.921,26778750941.921,1663911378,1663911378,False
2023-04-26,16.35,60.305968,5.244258,26976745403.599,26976745403.599,1663911378,1663911378,False
2023-04-27,16.53,60.969887,5.301993,27273737096.116,27273737096.116,1663911378,1663911378,False
2023-04-28,16.57,61.117425,5.314823,27339735250.008,27339735250.008,1663911378,1663911378,False
2023-05-04,17.0,80.299008,5.437626,28049215404.354,28049215404.354,1663911378,1663911378,False
2023-05-05,16.83,79.496018,5.383249,27768723250.31,27768723250.31,1663911378,1663911378,False
2023-05-08,16.73,79.023671,5.351263,27603727865.579,27603727865.579,1663911378,1663911378,False
2023-05-09,16.33,77.134283,5.223319,26943746326.653,26943746326.653,1663911378,1663911378,False
2023-05-10,16.37,77.323221,5.236114,27009744480.545,27009744480.545,1663911378,1663911378,False
2023-05-11,16.23,76.661935,5.191333,26778750941.921,26778750941.921,1663911378,1663911378,False
2023-05-12,16.14,76.236823,5.162546,26630255095.663,26630255095.663,1663911378,1663911378,False
2023-05-15,16.42,77.559395,5.252107,27092242172.911,27092242172.911,1663911378,1663911378,False
2023-05-16,16.17,76.378527,5.172141,26679753711.082,26679753711.082,1663911378,1663911378,False
2023-05-17,16.17,76.378527,5.172141,26679753711.082,26679753711.082,1663911378,1663911378,False
2023-05-18,16.1,76.047884,5.149751,26564256941.77,26564256941.77,1663911378,1663911378,False
2023-05-19,16.16,76.331292,5.168943,26663254172.609,26663254172.609,1663911378,1663911378,False
2023-05-22,16.28,76.898109,5.207326,26861248634.287,26861248634.287,1663911378,1663911378,False
2023-05-23,16.16,76.331292,5.168943,26663254172.609,26663254172.609,1663911378,1663911378,False
2023-05-24,16.34,77.181517,5.226518,26960245865.126,26960245865.126,1663911378,1663911378,False
2023-05-25,15.88,75.008721,5.079382,26201267095.361,26201267095.361,1663911378,1663911378,False
2023-05-26,15.93,75.244894,5.095375,26283764787.727,26283764787.727,1663911378,1663911378,False
2023-05-29,15.8,74.630843,5.053793,26069270787.576,26069270787.576,1663911378,1663911378,False
2023-05-30,15.59,73.638914,4.986622,25722780479.64,25722780479.64,1663911378,1663911378,False
2023-05-31,16.03,75.717241,5.127361,26448760172.458,26448760172.458,1663911378,1663911378,False
2023-06-01,15.86,74.914251,5.072985,26168268018.415,26168268018.415,1663911378,1663911378,False
2023-06-02,16.28,76.898109,5.207326,26861248634.287,26861248634.287,1663911378,1663911378,False
2023-06-05,15.88,75.008721,5.079382,26201267095.361,26201267095.361,1663911378,1663911378,False
2023-06-06,15.71,74.205731,5.025006,25920774941.317,25920774941.317,1663911378,1663911378,False
2023-06-07,15.71,74.205731,5.025006,25920774941.317,25920774941.317,1663911378,1663911378,False
2023-06-08,15.42,72.835924,4.932246,25442288325.596,25442288325.596,1663911378,1663911378,False
2023-06-09,15.74,74.347435,5.034602,25970273556.737,25970273556.737,1663911378,1663911378,False
2023-06-12,15.5,73.213802,4.957835,25574284633.381,25574284633.381,1663911378,1663911378,False
2023-06-13,15.48,73.119332,4.951438,25541285556.435,25541285556.435,1663911378,1663911378,False
2023-06-14,15.0,70.852066,4.797905,24749307709.724,24749307709.724,1663911378,1663911378,False
2023-06-15,14.39,67.970749,4.60279,23742835862.862,23742835862.862,1663911378,1663911378,False
2023-06-16,14.42,68.112453,4.612386,23792334478.281,23792334478.281,1663911378,1663911378,False
2023-06-19,14.23,67.214993,4.551612,23478843247.291,23478843247.291,1663911378,1663911378,False
2023-06-20,14.2,67.073289,4.542017,23429344631.872,23429344631.872,1663911378,1663911378,False
2023-06-21,13.75,64.947727,4.398079,22686865400.58,22686865400.58,1663911378,1663911378,False
2023-06-26,13.47,63.625155,4.308519,22224878323.332,22224878323.332,1663911378,1663911378,False
2023-06-27,13.5,63.766859,4.318114,22274376938.751,22274376938.751,1663911378,1663911378,False
2023-06-28,13.49,63.719625,4.314916,22257877400.278,22257877400.278,1663911378,1663911378,False
2023-06-29,13.4,63.294512,4.286128,22109381554.02,22109381554.02,1663911378,1663911378,False
2023-06-30,13.46,63.577921,4.30532,22208378784.859,22208378784.859,1663911378,1663911378,False
2023-07-03,13.64,64.428145,4.362895,22505370477.376,22505370477.376,1663911378,1663911378,False
2023-07-04,13.37,63.152808,4.276533,22059882938.601,22059882938.601,1663911378,1663911378,False
2023-07-05,13.28,62.727696,4.247745,21911387092.342,21911387092.342,1663911378,1663911378,False
2023-07-06,13.18,62.255349,4.215759,21746391707.611,21746391707.611,1663911378,1663911378,False
2023-07-07,13.09,61.830236,4.186972,21597895861.352,21597895861.352,1663911378,1663911378,False
2023-07-10,13.35,63.058339,4.270135,22026883861.654,22026883861.654,1663911378,1663911378,False
2023-07-11,13.63,64.380911,4.359696,22488870938.902,22488870938.902,1663911378,1663911378,False
2023-07-12,13.57,64.097502,4.340505,22389873708.064,22389873708.064,1663911378,1663911378,False
2023-07-13,13.92,65.750717,4.452456,22967357554.624,22967357554.624,1663911378,1663911378,False
2023-07-14,14.02,66.223064,4.484442,23132352939.355,23132352939.355,1663911378,1663911378,False
2023-07-17,14.83,70.049076,4.743529,24468815555.68,24468815555.68,1663911378,1663911378,False
2023-07-18,14.81,69.954607,4.737131,24435816478.734,24435816478.734,1663911378,1663911378,False
2023-07-19,15.04,71.041005,4.810699,24815305863.616,24815305863.616,1663911378,1663911378,False
2023-07-20,14.83,70.049076,4.743529,24468815555.68,24468815555.68,1663911378,1663911378,False
2023-07-21,14.79,69.860137,4.730734,24402817401.788,24402817401.788,1663911378,1663911378,False
2023-07-24,14.68,69.340555,4.69555,24221322478.583,24221322478.583,1663911378,1663911378,False
2023-07-25,14.55,68.726504,4.653968,24006828478.432,24006828478.432,1663911378,1663911378,False
2023-07-26,14.76,69.718433,4.721138,24353318786.368,24353318786.368,1663911378,1663911378,False
2023-07-27,14.73,69.576729,4.711543,24303820170.949,24303820170.949,1663911378,1663911378,False
2023-07-28,14.64,69.151616,4.682755,24155324324.69,24155324324.69,1663911378,1663911378,False
2023-07-31,14.8,69.907372,4.733933,24419316940.261,24419316940.261,1663911378,1663911378,False
2023-08-01,14.98,70.757597,4.791508,24716308632.778,24716308632.778,1663911378,1663911378,False
2023-08-02,15.01,70.899301,4.801103,24765807248.197,24765807248.197,1663911378,1663911378,False
2023-08-03,14.88,70.28525,4.759522,24551313248.046,24551313248.046,1663911378,1663911378,False
2023-08-04,15.03,70.99377,4.807501,24798806325.143,24798806325.143,1663911378,1663911378,False
2023-08-07,15.24,71.985699,4.874671,25145296633.079,25145296633.079,1663911378,1663911378,False
2023-08-08,15.5,73.213802,4.957835,25574284633.381,25574284633.381,1663911378,1663911378,False
2023-08-09,15.62,73.780618,4.996218,25772279095.059,25772279095.059,1663911378,1663911378,False
2023-08-10,15.49,73.166567,4.954636,25557785094.908,25557785094.908,1663911378,1663911378,False
2023-08-11,15.05,71.08824,4.813898,24831805402.09,24831805402.09,1663911378,1663911378,False
2023-08-14,15.21,71.843995,4.865076,25095798017.66,25095798017.66,1663911378,1663911378,False
2023-08-15,14.88,70.28525,4.759522,24551313248.046,24551313248.046,1663911378,1663911378,False
2023-08-16,14.93,70.521423,4.775515,24633810940.412,24633810940.412,1663911378,1663911378,False
2023-08-17,15.09,71.277178,4.826692,24897803555.982,24897803555.982,1663911378,1663911378,False
2023-08-18,14.72,69.529494,4.708344,24287320632.476,24287320632.476,1663911378,1663911378,False
2023-08-21,14.74,69.639941,4.354929,24320319709.422,24320319709.422,1663911378,1663911378,False
2023-08-22,15.11,71.388026,4.464245,24930802632.929,24930802632.929,1663911378,1663911378,False
2023-08-23,14.88,70.301379,4.396292,24551313248.046,24551313248.046,1663911378,1663911378,False
2023-08-24,15.42,72.852638,4.555834,25442288325.596,25442288325.596,1663911378,1663911378,False
2023-08-25,15.08,71.24629,4.455382,24881304017.509,24881304017.509,1663911378,1663911378,False
2023-08-28,15.12,71.435272,4.4672,24947302171.402,24947302171.402,1663911378,1663911378,False
2023-08-29,15.32,72.380183,4.52629,25277292940.865,25277292940.865,1663911378,1663911378,False
2023-08-30,15.38,72.663656,4.544017,25376290171.704,25376290171.704,1663911378,1663911378,False
2023-08-31,15.13,71.482517,4.470154,24963801709.875,24963801709.875,1663911378,1663911378,False
2023-09-01,15.16,71.624254,4.479018,25013300325.294,25013300325.294,1663911378,1663911378,False
2023-09-04,15.26,72.09671,4.508563,25178295710.026,25178295710.026,1663911378,1663911378,False
2023-09-05,15.14,71.529763,4.473109,24980301248.348,24980301248.348,1663911378,1663911378,False
2023-09-06,14.76,69.734432,4.360838,24353318786.368,24353318786.368,1663911378,1663911378,False
2023-09-07,14.56,68.789521,4.301748,24023328016.905,24023328016.905,1663911378,1663911378,False
2023-09-08,14.87,70.254133,4.393337,24534813709.573,24534813709.573,1663911378,1663911378,False
2023-09-11,15.18,71.718745,4.484927,25046299402.241,25046299402.241,1663911378,1663911378,False
2023-09-12,14.93,70.537606,4.411064,24633810940.412,24633810940.412,1663911378,1663911378,False
2023-09-13,15.02,70.962816,4.437655,24782306786.67,24782306786.67,1663911378,1663911378,False
2023-09-14,15.44,72.94713,4.561743,25475287402.542,25475287402.542,1663911378,1663911378,False
2023-09-15,15.53,73.372339,4.588334,25623783248.801,25623783248.801,1663911378,1663911378,False
2023-09-18,15.3,72.285692,4.520381,25244293863.918,25244293863.918,1663911378,1663911378,False
2023-09-19,15.54,73.419585,4.591288,25640282787.274,25640282787.274,1663911378,1663911378,False
2023-09-20,15.38,72.663656,4.544017,25376290171.704,25376290171.704,1663911378,1663911378,False
2023-09-21,15.03,71.010062,4.440609,24798806325.143,24798806325.143,1663911378,1663911378,False
2023-09-22,14.92,70.490361,4.40811,24617311401.939,24617311401.939,1663911378,1663911378,False
2023-09-25,15.02,70.962816,4.437655,24782306786.67,24782306786.67,1663911378,1663911378,False
2023-09-26,14.84,70.112396,4.384474,24485315094.153,24485315094.153,1663911378,1663911378,False
2023-09-27,14.67,69.309222,4.334247,24204822940.11,24204822940.11,1663911378,1663911378,False
2023-09-28,14.54,68.69503,4.295839,23990328939.959,23990328939.959,1663911378,1663911378,False
2023-10-09,14.41,68.080838,4.25743,23775834939.808,23775834939.808,1663911378,1663911378,False
2023-10-10,14.7,69.450959,4.343111,24254321555.529,24254321555.529,1663911378,1663911378,False
2023-10-11,14.32,67.655628,4.23084,23627339093.55,23627339093.55,1663911378,1663911378,False
2023-10-12,14.45,68.26982,4.269248,23841833093.701,23841833093.701,1663911378,1663911378,False
2023-10-13,14.35,67.797365,4.239703,23676837708.969,23676837708.969,1663911378,1663911378,False
2023-10-16,14.81,69.97066,4.37561,24435816478.734,24435816478.734,1663911378,1663911378,False
2023-10-17,14.67,69.309222,4.334247,24204822940.11,24204822940.11,1663911378,1663911378,False
2023-10-18,14.59,68.931258,4.310611,24072826632.325,24072826632.325,1663911378,1663911378,False
2023-10-19,14.41,68.080838,4.25743,23775834939.808,23775834939.808,1663911378,1663911378,False
2023-10-20,14.55,68.742276,4.298793,24006828478.432,24006828478.432,1663911378,1663911378,False
2023-10-23,14.3,67.561137,4.224931,23594340016.603,23594340016.603,1663911378,1663911378,False
2023-10-24,14.34,67.750119,4.236749,23660338170.496,23660338170.496,1663911378,1663911378,False
2023-10-25,14.31,67.608382,4.227885,23610839555.077,23610839555.077,1663911378,1663911378,False
2023-10-26,14.52,68.600539,4.28993,23957329863.013,23957329863.013,1663911378,1663911378,False
2023-10-27,14.68,69.356468,4.337202,24221322478.583,24221322478.583,1663911378,1663911378,False
2023-10-30,14.7,42.548822,4.331902,24254321555.529,24254321555.529,1663911378,1663911378,False
2023-10-31,14.79,42.809325,4.358424,24402817401.788,24402817401.788,1663911378,1663911378,False
2023-11-01,14.55,42.11465,4.287699,24006828478.432,24006828478.432,1663911378,1663911378,False
2023-11-02,14.42,41.738368,4.249389,23792334478.281,23792334478.281,1663911378,1663911378,False
2023-11-03,14.47,41.883092,4.264124,23874832170.647,23874832170.647,1663911378,1663911378,False
2023-11-06,14.64,42.375153,4.314221,24155324324.69,24155324324.69,1663911378,1663911378,False
2023-11-07,14.42,41.738368,4.249389,23792334478.281,23792334478.281,1663911378,1663911378,False
2023-11-08,14.15,40.956859,4.169824,23346846939.506,23346846939.506,1663911378,1663911378,False
2023-11-09,14.0,40.522687,4.125621,23099353862.409,23099353862.409,1663911378,1663911378,False
2023-11-10,14.03,40.609522,4.134461,23148852477.828,23148852477.828,1663911378,1663911378,False
2023-11-13,14.18,41.043693,4.178664,23396345554.926,23396345554.926,1663911378,1663911378,False
2023-11-14,14.09,40.78319,4.152143,23247849708.667,23247849708.667,1663911378,1663911378,False
2023-11-15,14.18,41.043693,4.178664,23396345554.926,23396345554.926,1663911378,1663911378,False
2023-11-16,14.02,40.580577,4.131515,23132352939.355,23132352939.355,1663911378,1663911378,False
2023-11-17,14.1,40.812135,4.155089,23264349247.14,23264349247.14,1663911378,1663911378,False
2023-11-20,13.96,40.406908,4.113833,23033355708.516,23033355708.516,1663911378,1663911378,False
2023-11-21,13.98,40.464798,4.119727,23066354785.463,23066354785.463,1663911378,1663911378,False
2023-11-22,13.78,39.885902,4.06079,22736364016.0,22736364016.0,1663911378,1663911378,False
2023-11-23,13.59,39.335951,4.004799,22422872785.01,22422872785.01,1663911378,1663911378,False
2023-11-24,13.44,38.90178,3.960596,22175379707.913,22175379707.913,1663911378,1663911378,False
2023-11-27,13.63,39.451731,4.016587,22488870938.902,22488870938.902,1663911378,1663911378,False
2023-11-28,13.71,39.683289,4.040161,22620867246.688,22620867246.688,1663911378,1663911378,False
2023-11-29,13.99,40.493743,4.122674,23082854323.936,23082854323.936,1663911378,1663911378,False
2023-11-30,13.91,40.262184,4.099099,22950858016.151,22950858016.151,1663911378,1663911378,False
2023-12-01,14.03,40.609522,4.134461,23148852477.828,23148852477.828,1663911378,1663911378,False
2023-12-04,14.87,43.040883,4.381999,24534813709.573,24534813709.573,1663911378,1663911378,False
2023-12-05,14.27,41.304196,4.205186,23544841401.184,23544841401.184,1663911378,1663911378,False
2023-12-06,14.39,41.651534,4.240549,23742835862.862,23742835862.862,1663911378,1663911378,False
2023-12-07,14.3,41.391031,4.214027,23594340016.603,23594340016.603,1663911378,1663911378,False
2023-12-08,14.31,41.419975,4.216974,23610839555.077,23610839555.077,1663911378,1663911378,False
2023-12-11,14.2,41.101583,4.184558,23429344631.872,23429344631.872,1663911378,1663911378,False
2023-12-12,14.22,41.159472,4.190452,23462343708.818,23462343708.818,1663911378,1663911378,False
2023-12-13,14.02,40.580577,4.131515,23132352939.355,23132352939.355,1663911378,1663911378,False
2023-12-14,14.13,40.898969,4.16393,23313847862.56,23313847862.56,1663911378,1663911378,False
2023-12-15,14.01,40.551632,4.128568,23115853400.882,23115853400.882,1663911378,1663911378,False
2023-12-18,13.82,40.001681,4.072577,22802362169.892,22802362169.892,1663911378,1663911378,False
2023-12-19,13.79,39.914847,4.063736,22752863554.473,22752863554.473,1663911378,1663911378,False
2023-12-20,13.95,40.377963,4.110886,23016856170.043,23016856170.043,1663911378,1663911378,False
2023-12-21,13.74,39.770123,4.049002,22670365862.107,22670365862.107,1663911378,1663911378,False
2023-12-22,13.62,39.422786,4.01364,22472371400.429,22472371400.429,1663911378,1663911378,False
2023-12-25,13.66,39.538565,4.025427,22538369554.322,22538369554.322,1663911378,1663911378,False
2023-12-26,13.76,39.828013,4.054896,22703364939.053,22703364939.053,1663911378,1663911378,False
2023-12-27,13.76,39.828013,4.054896,22703364939.053,22703364939.053,1663911378,1663911378,False
2023-12-28,13.96,40.406908,4.113833,23033355708.516,23033355708.516,1663911378,1663911378,False
2023-12-29,14.01,40.551632,4.128568,23115853400.882,23115853400.882,1663911378,1663911378,False
2024-01-02,14.52,42.027816,4.278858,23957329863.013,23957329863.013,1663911378,1663911378,False
2024-01-03,14.51,41.998871,4.275911,23940830324.54,23940830324.54,1663911378,1663911378,False
2024-01-04,14.68,42.490932,4.326008,24221322478.583,24221322478.583,1663911378,1663911378,False
2024-01-05,14.74,42.664601,4.343689,24320319709.422,24320319709.422,1663911378,1663911378,False
2024-01-08,14.45,41.825202,4.25823,23841833093.701,23841833093.701,1663911378,1663911378,False
2024-01-09,14.37,41.593644,4.234655,23709836785.915,23709836785.915,1663911378,1663911378,False
2024-01-10,14.26,41.275252,4.202239,23528341862.711,23528341862.711,1663911378,1663911378,False
2024-01-11,14.1,40.812135,4.155089,23264349247.14,23264349247.14,1663911378,1663911378,False
2024-01-12,14.14,40.927914,4.166877,23330347401.033,23330347401.033,1663911378,1663911378,False
2024-01-15,14.08,40.754246,4.149196,23231350170.194,23231350170.194,1663911378,1663911378,False
2024-01-16,13.94,40.349019,4.10794,23000356631.57,23000356631.57,1663911378,1663911378,False
2024-01-17,13.4,38.786001,3.948808,22109381554.02,22109381554.02,1663911378,1663911378,False
2024-01-18,13.17,38.120271,3.88103,21729892169.138,21729892169.138,1663911378,1663911378,False
2024-01-19,13.08,37.859768,3.854509,21581396322.879,21581396322.879,1663911378,1663911378,False
2024-01-22,12.12,35.081069,3.571609,19997440629.457,19997440629.457,1663911378,1663911378,False
2024-01-23,12.26,35.486296,3.612865,20228434168.081,20228434168.081,1663911378,1663911378,False
2024-01-24,12.32,35.659965,3.630546,20327431398.92,20327431398.92,1663911378,1663911378,False
2024-01-25,12.45,36.036247,3.668856,20541925399.071,20541925399.071,1663911378,1663911378,False
2024-01-26,12.37,35.804689,3.645281,20409929091.286,20409929091.286,1663911378,1663911378,False
2024-01-29,12.54,36.29675,3.695377,20690421245.329,20690421245.329,1663911378,1663911378,False
2024-01-30,12.35,35.746799,3.639387,20376930014.339,20376930014.339,1663911378,1663911378,False
2024-01-31,12.0,34.733732,3.536246,19799446167.779,19799446167.779,1663911378,1663911378,False
2024-02-01,12.01,34.762677,3.539193,19815945706.252,19815945706.252,1663911378,1663911378,False
2024-02-02,12.0,34.733732,3.536246,19799446167.779,19799446167.779,1663911378,1663911378,False
2024-02-05,11.76,34.039057,3.465521,19403457244.424,19403457244.424,1663911378,1663911378,False
2024-02-06,12.38,35.833633,3.648228,20426428629.759,20426428629.759,1663911378,1663911378,False
2024-02-07,13.28,38.438663,3.913446,21911387092.342,21911387092.342,1663911378,1663911378,False
2024-02-08,13.54,39.191228,3.990065,22340375092.644,22340375092.644,1663911378,1663911378,False
2024-02-19,13.15,38.062381,3.875137,21696893092.191,21696893092.191,1663911378,1663911378,False
2024-02-20,13.16,38.091326,3.878084,21713392630.664,21713392630.664,1663911378,1663911378,False
2024-02-21,13.07,37.830823,3.851562,21564896784.406,21564896784.406,1663911378,1663911378,False
2024-02-22,13.1,37.917657,3.860402,21614395399.826,21614395399.826,1663911378,1663911378,False
2024-02-23,13.02,37.686099,3.836827,21482399092.04,21482399092.04,1663911378,1663911378,False
2024-02-26,12.89,37.309817,3.798518,21267905091.889,21267905091.889,1663911378,1663911378,False
2024-02-27,13.01,37.657154,3.83388,21465899553.567,21465899553.567,1663911378,1663911378,False
2024-02-28,12.74,36.875645,3.754315,21020412014.792,21020412014.792,1663911378,1663911378,False
2024-02-29,12.92,37.396651,3.807359,21317403707.309,21317403707.309,1663911378,1663911378,False
2024-03-01,13.29,38.467608,3.916393,21927886630.815,21927886630.815,1663911378,1663911378,False
2024-03-04,13.63,39.451731,4.016587,22488870938.902,22488870938.902,1663911378,1663911378,False
2024-03-05,13.94,40.349019,4.10794,23000356631.57,23000356631.57,1663911378,1663911378,False
2024-03-06,14.24,41.217362,4.196346,23495342785.765,23495342785.765,1663911378,1663911378,False
2024-03-07,14.55,42.11465,4.287699,24006828478.432,24006828478.432,1663911378,1663911378,False
2024-03-08,14.36,41.564699,4.231708,23693337247.442,23693337247.442,1663911378,1663911378,False
2024-03-11,14.38,41.622589,4.237602,23726336324.389,23726336324.389,1663911378,1663911378,False
2024-03-12,14.09,40.78319,4.152143,23247849708.667,23247849708.667,1663911378,1663911378,False
2024-03-13,14.09,40.78319,4.152143,23247849708.667,23247849708.667,1663911378,1663911378,False
2024-03-14,14.13,40.898969,4.16393,23313847862.56,23313847862.56,1663911378,1663911378,False
2024-03-15,14.78,42.78038,4.355477,24386317863.315,24386317863.315,1663911378,1663911378,False
2024-03-18,14.64,42.375153,4.314221,24155324324.69,24155324324.69,1663911378,1663911378,False
2024-03-19,14.56,42.143595,4.290646,24023328016.905,24023328016.905,1663911378,1663911378,False
2024-03-20,14.47,41.883092,4.264124,23874832170.647,23874832170.647,1663911378,1663911378,False
2024-03-21,14.7,42.548822,4.331902,24254321555.529,24254321555.529,1663911378,1663911378,False
2024-03-22,14.32,41.44892,4.219921,23627339093.55,23627339093.55,1663911378,1663911378,False
2024-03-25,14.55,42.11465,4.287699,24006828478.432,24006828478.432,1663911378,1663911378,False
2024-03-26,14.45,41.825202,4.25823,23841833093.701,23841833093.701,1663911378,1663911378,False
2024-03-27,14.38,41.622589,4.237602,23726336324.389,23726336324.389,1663911378,1663911378,False
2024-03-28,14.86,43.011938,4.379052,24518314171.1,24518314171.1,1663911378,1663911378,False
2024-03-29,16.35,47.32471,4.818136,26976745403.599,26976745403.599,1663911378,1663911378,False
2024-04-01,17.28,35.764629,4.673673,28511202481.602,28511202481.602,1663911378,1663911378,False
2024-04-02,17.44,36.095783,4.716947,28775195097.172,28775195097.172,1663911378,1663911378,False
2024-04-03,18.15,37.565279,4.908979,29946662328.766,29946662328.766,1663911378,1663911378,False
2024-04-08,19.0,39.324535,5.138876,31349123098.984,31349123098.984,1663911378,1663911378,False
2024-04-09,18.88,39.076169,5.10642,31151128637.306,31151128637.306,1663911378,1663911378,False
2024-04-10,19.21,39.759174,5.195674,31695613406.92,31695613406.92,1663911378,1663911378,False
2024-04-11,19.17,39.676386,5.184856,31629615253.027,31629615253.027,1663911378,1663911378,False
2024-04-12,21.01,43.484657,5.682515,34665530332.087,34665530332.087,1663911378,1663911378,False
2024-04-15,20.19,41.787492,5.460732,33312568177.288,33312568177.288,1663911378,1663911378,False
2024-04-16,18.85,39.014078,5.098306,31101630021.886,31101630021.886,1663911378,1663911378,False
2024-04-17,19.2,39.738477,5.19297,31679113868.447,31679113868.447,1663911378,1663911378,False
2024-04-18,19.15,39.634992,5.179446,31596616176.081,31596616176.081,1663911378,1663911378,False
2024-04-19,19.31,39.966146,5.222721,31860608791.651,31860608791.651,1663911378,1663911378,False
2024-04-22,18.25,37.77225,4.936026,30111657713.497,30111657713.497,1663911378,1663911378,False
2024-04-23,17.95,37.151337,4.854886,29616671559.303,29616671559.303,1663911378,1663911378,False
2024-04-24,18.4,38.082707,4.976596,30359150790.595,30359150790.595,1663911378,1663911378,False
2024-04-25,18.42,38.124102,4.982005,30392149867.541,30392149867.541,1663911378,1663911378,False
2024-04-26,19.14,39.614294,5.176742,31580116637.608,31580116637.608,1663911378,1663911378,False
2024-04-29,18.69,38.682924,5.055031,30837637406.316,30837637406.316,1663911378,1663911378,False
2024-04-30,17.92,32.089922,4.691683,29567172943.883,29567172943.883,1663911378,1663911378,False
2024-05-06,18.0,32.233181,4.712628,29699169251.669,29699169251.669,1663911378,1663911378,False
2024-05-07,18.07,32.358532,4.730955,29814666020.981,29814666020.981,1663911378,1663911378,False
2024-05-08,17.9,32.054108,4.686447,29534173866.937,29534173866.937,1663911378,1663911378,False
2024-05-09,18.2,32.591327,4.76499,30029160021.132,30029160021.132,1663911378,1663911378,False
2024-05-10,18.44,33.021103,4.827826,30425148944.487,30425148944.487,1663911378,1663911378,False
2024-05-13,18.06,32.340625,4.728337,29798166482.508,29798166482.508,1663911378,1663911378,False
2024-05-14,17.94,32.125737,4.696919,29600172020.83,29600172020.83,1663911378,1663911378,False
2024-05-15,18.09,32.394347,4.736191,29847665097.927,29847665097.927,1663911378,1663911378,False
2024-05-16,17.92,32.089922,4.691683,29567172943.883,29567172943.883,1663911378,1663911378,False
2024-05-17,17.99,32.215274,4.71001,29682669713.195,29682669713.195,1663911378,1663911378,False
2024-05-20,19.06,34.131357,4.990149,31448120329.822,31448120329.822,1663911378,1663911378,False
2024-05-21,17.9,32.054108,4.686447,29534173866.937,29534173866.937,1663911378,1663911378,False
2024-05-22,17.8,31.875035,4.660265,29369178482.206,29369178482.206,1663911378,1663911378,False
2024-05-23,17.22,30.83641,4.508414,28412205250.763,28412205250.763,1663911378,1663911378,False
2024-05-24,17.4,31.158742,4.55554,28709196943.28,28709196943.28,1663911378,1663911378,False
2024-05-27,17.49,31.319908,4.579104,28857692789.538,28857692789.538,1663911378,1663911378,False
2024-05-28,17.33,31.03339,4.537213,28593700173.968,28593700173.968,1663911378,1663911378,False
2024-05-29,17.85,31.964571,4.673356,29451676174.571,29451676174.571,1663911378,1663911378,False
2024-05-30,17.13,30.675244,4.484851,28263709404.505,28263709404.505,1663911378,1663911378,False
2024-05-31,17.5,31.337815,4.581722,28874192328.011,28874192328.011,1663911378,1663911378,False
2024-06-03,17.07,30.5678,4.469142,28164712173.666,28164712173.666,1663911378,1663911378,False
2024-06-04,17.73,31.749683,4.641939,29253681712.894,29253681712.894,1663911378,1663911378,False
2024-06-05,17.62,31.552703,4.613139,29072186789.689,29072186789.689,1663911378,1663911378,False
2024-06-06,18.08,32.37644,4.733573,29831165559.454,29831165559.454,1663911378,1663911378,False
2024-06-07,17.91,32.072015,4.689065,29550673405.41,29550673405.41,1663911378,1663911378,False
2024-06-11,16.66,29.8336,4.361799,27488231096.267,27488231096.267,1663911378,1663911378,False
2024-06-12,16.98,30.406634,4.445579,28016216327.407,28016216327.407,1663911378,1663911378,False
2024-06-13,16.64,29.797785,4.356563,27455232019.32,27455232019.32,1663911378,1663911378,False
2024-06-14,16.79,30.066395,4.395835,27702725096.418,27702725096.418,1663911378,1663911378,False
2024-06-17,16.46,29.475453,4.309436,27158240326.804,27158240326.804,1663911378,1663911378,False
2024-06-18,16.73,29.958951,4.380126,27603727865.579,27603727865.579,1663911378,1663911378,False
2024-06-19,16.7,29.905229,4.372272,27554229250.159,27554229250.159,1663911378,1663911378,False
2024-06-20,16.62,29.76197,4.351326,27422232942.374,27422232942.374,1663911378,1663911378,False
2024-06-21,17.0,30.442449,4.450815,28049215404.354,28049215404.354,1663911378,1663911378,False
2024-06-24,16.66,29.8336,4.361799,27488231096.267,27488231096.267,1663911378,1663911378,False
2024-06-25,16.44,29.439639,4.3042,27125241249.857,27125241249.857,1663911378,1663911378,False
2024-06-26,16.41,29.385917,4.296346,27075742634.438,27075742634.438,1663911378,1663911378,False
2024-06-27,16.05,28.741253,4.202093,26481759249.405,26481759249.405,1663911378,1663911378,False
2024-06-28,16.34,29.260565,4.278019,26960245865.126,26960245865.126,1663911378,1663911378,False
2024-07-01,17.24,30.872224,4.51365,28445204327.709,28445204327.709,1663911378,1663911378,False
2024-07-02,17.33,31.03339,4.537213,28593700173.968,28593700173.968,1663911378,1663911378,False
2024-07-03,17.4,31.158742,4.55554,28709196943.28,28709196943.28,1663911378,1663911378,False
2024-07-04,17.33,31.03339,4.537213,28593700173.968,28593700173.968,1663911378,1663911378,False
2024-07-05,18.16,32.519698,4.754518,29963161867.239,29963161867.239,1663911378,1663911378,False
2024-07-08,18.2,32.591327,4.76499,30029160021.132,30029160021.132,1663911378,1663911378,False
2024-07-09,18.85,33.755303,4.935169,31101630021.886,31101630021.886,1663911378,1663911378,False
2024-07-10,18.85,33.755303,4.935169,31101630021.886,31101630021.886,1663911378,1663911378,False
2024-07-11,19.5,34.919279,5.105347,32174100022.641,32174100022.641,1663911378,1663911378,False
2024-07-12,19.78,35.420684,5.178655,32636087099.889,32636087099.889,1663911378,1663911378,False
2024-07-15,20.2,36.172792,5.288616,33329067715.761,33329067715.761,1663911378,1663911378,False
2024-07-16,20.81,37.265139,5.448322,34335539562.624,34335539562.624,1663911378,1663911378,False
2024-07-17,20.78,37.211417,5.440467,34286040947.204,34286040947.204,1663911378,1663911378,False
2024-07-18,20.95,37.515841,5.484975,34566533101.248,34566533101.248,1663911378,1663911378,False
2024-07-19,20.28,36.316051,5.309561,33461064023.547,33461064023.547,1663911378,1663911378,False
2024-07-22,20.08,35.957904,5.257198,33131073254.084,33131073254.084,1663911378,1663911378,False
2024-07-23,19.26,34.489504,5.042512,31778111099.285,31778111099.285,1663911378,1663911378,False
2024-07-24,19.54,34.990909,5.115819,32240098176.534,32240098176.534,1663911378,1663911378,False
2024-07-25,18.69,33.468786,4.893279,30837637406.316,30837637406.316,1663911378,1663911378,False
2024-07-26,18.92,33.880655,4.953496,31217126791.198,31217126791.198,1663911378,1663911378,False
2024-07-29,18.9,33.84484,4.948259,31184127714.252,31184127714.252,1663911378,1663911378,False
2024-07-30,19.0,34.023913,4.974441,31349123098.984,31349123098.984,1663911378,1663911378,False
2024-07-31,19.6,35.098353,5.131528,32339095407.373,32339095407.373,1663911378,1663911378,False
2024-08-01,19.63,35.152075,5.139383,32388594022.792,32388594022.792,1663911378,1663911378,False
2024-08-02,19.93,35.689294,5.217926,32883580176.986,32883580176.986,1663911378,1663911378,False
2024-08-05,19.01,34.041821,4.977059,31365622637.457,31365622637.457,1663911378,1663911378,False
2024-08-06,18.55,33.218084,4.856625,30606643867.692,30606643867.692,1663911378,1663911378,False
2024-08-07,18.5,33.128547,4.843534,30524146175.326,30524146175.326,1663911378,1663911378,False
2024-08-08,18.07,32.358532,4.730955,29814666020.981,29814666020.981,1663911378,1663911378,False
2024-08-09,17.76,31.803405,4.649793,29303180328.313,29303180328.313,1663911378,1663911378,False
2024-08-12,17.98,32.197366,4.707392,29666170174.722,29666170174.722,1663911378,1663911378,False
2024-08-13,17.98,32.197366,4.707392,29666170174.722,29666170174.722,1663911378,1663911378,False
2024-08-14,18.0,32.233181,4.712628,29699169251.669,29699169251.669,1663911378,1663911378,False
2024-08-15,17.85,31.964571,4.673356,29451676174.571,29451676174.571,1663911378,1663911378,False
2024-08-16,17.55,31.427351,4.594812,28956690020.377,28956690020.377,1663911378,1663911378,False
2024-08-19,18.41,32.967381,4.819971,30375650329.068,30375650329.068,1663911378,1663911378,False
2024-08-20,18.11,32.430162,4.741427,29880664174.873,29880664174.873,1663911378,1663911378,False
2024-08-21,18.88,33.809025,4.943023,31151128637.306,31151128637.306,1663911378,1663911378,False
2024-08-22,18.6,33.30762,4.869716,30689141560.058,30689141560.058,1663911378,1663911378,False
2024-08-23,18.35,32.859937,4.804262,30276653098.229,30276653098.229,1663911378,1663911378,False
2024-08-26,18.15,32.501791,4.7519,29946662328.766,29946662328.766,1663911378,1663911378,False
2024-08-27,17.93,32.10783,4.694301,29583672482.357,29583672482.357,1663911378,1663911378,False
2024-08-28,17.71,31.713869,4.636702,29220682635.947,29220682635.947,1663911378,1663911378,False
2024-08-29,18.0,32.233181,4.712628,29699169251.669,29699169251.669,1663911378,1663911378,False
2024-08-30,17.39,31.140834,4.552922,28692697404.807,28692697404.807,1663911378,1663911378,False
2024-09-02,17.0,23.523658,4.155049,28049215404.354,28049215404.354,1663911378,1663911378,False
2024-09-03,16.89,23.371446,4.128164,27867720481.149,27867720481.149,1663911378,1663911378,False
2024-09-04,16.71,23.122372,4.084169,27570728788.632,27570728788.632,1663911378,1663911378,False
2024-09-05,16.86,23.329933,4.120831,27818221865.73,27818221865.73,1663911378,1663911378,False
2024-09-06,17.27,23.897269,4.221041,28494702943.129,28494702943.129,1663911378,1663911378,False
2024-09-09,16.77,23.205396,4.098834,27669726019.471,27669726019.471,1663911378,1663911378,False
2024-09-10,16.79,23.233071,4.103722,27702725096.418,27702725096.418,1663911378,1663911378,False
2024-09-11,16.93,23.426795,4.13794,27933718635.042,27933718635.042,1663911378,1663911378,False
2024-09-12,16.67,23.067022,4.074393,27504730634.74,27504730634.74,1663911378,1663911378,False
2024-09-13,17.27,23.897269,4.221041,28494702943.129,28494702943.129,1663911378,1663911378,False
2024-09-18,17.0,23.523658,4.155049,28049215404.354,28049215404.354,1663911378,1663911378,False
2024-09-19,17.16,23.745057,4.194156,28313208019.924,28313208019.924,1663911378,1663911378,False
2024-09-20,17.9,24.769028,4.375023,29534173866.937,29534173866.937,1663911378,1663911378,False
2024-09-23,18.56,25.682299,4.536336,30623143406.165,30623143406.165,1663911378,1663911378,False
2024-09-24,18.77,25.972885,4.587663,30969633714.101,30969633714.101,1663911378,1663911378,False
2024-09-25,18.83,26.05591,4.602328,31068630944.94,31068630944.94,1663911378,1663911378,False
2024-09-26,19.09,26.415684,4.665876,31497618945.242,31497618945.242,1663911378,1663911378,False
2024-09-27,19.03,26.332659,4.651211,31398621714.403,31398621714.403,1663911378,1663911378,False
2024-09-30,20.17,27.910128,4.929844,33279569100.342,33279569100.342,1663911378,1663911378,False
2024-10-08,19.64,27.176743,4.800304,32405093561.265,32405093561.265,1663911378,1663911378,False
2024-10-09,17.97,24.86589,4.392132,29649670636.249,29649670636.249,1663911378,1663911378,False
2024-10-10,17.93,24.81054,4.382355,29583672482.357,29583672482.357,1663911378,1663911378,False
2024-10-11,18.18,25.156476,4.443459,29996160944.185,29996160944.185,1663911378,1663911378,False
2024-10-14,19.0,26.291147,4.643879,31349123098.984,31349123098.984,1663911378,1663911378,False
2024-10-15,18.26,25.267176,4.463012,30128157251.971,30128157251.971,1663911378,1663911378,False
2024-10-16,19.57,27.079881,4.783195,32289596791.953,32289596791.953,1663911378,1663911378,False
2024-10-17,19.19,26.554058,4.690318,31662614329.973,31662614329.973,1663911378,1663911378,False
2024-10-18,19.66,27.204418,4.805193,32438092638.211,32438092638.211,1663911378,1663911378,False
2024-10-21,20.43,28.269901,4.993392,33708557100.644,33708557100.644,1663911378,1663911378,False
2024-10-22,20.32,28.117689,4.966506,33527062177.439,33527062177.439,1663911378,1663911378,False
2024-10-23,20.1,27.813266,4.912735,33164072331.03,33164072331.03,1663911378,1663911378,False
2024-10-24,19.59,27.107556,4.788083,32322595868.899,32322595868.899,1663911378,1663911378,False
2024-10-25,18.98,26.263472,4.638991,31316124022.037,31316124022.037,1663911378,1663911378,False
2024-10-28,19.01,26.304984,4.646323,31365622637.457,31365622637.457,1663911378,1663911378,False
2024-10-29,19.57,27.079881,4.783195,32289596791.953,32289596791.953,1663911378,1663911378,False
2024-10-30,19.99,27.661054,4.885849,32982577407.825,32982577407.825,1663911378,1663911378,False
2024-10-31,19.0,22.756721,4.442406,31349123098.984,31349123098.984,1663911378,1663911378,False
2024-11-01,18.78,22.493222,4.390968,30986133252.574,30986133252.574,1663911378,1663911378,False
2024-11-04,18.73,22.433336,4.379277,30903635560.209,30903635560.209,1663911378,1663911378,False
2024-11-05,18.87,22.601017,4.412011,31134629098.833,31134629098.833,1663911378,1663911378,False
2024-11-06,18.74,22.445314,4.381615,30920135098.682,30920135098.682,1663911378,1663911378,False
2024-11-07,17.87,21.403295,4.1782,29484675251.518,29484675251.518,1663911378,1663911378,False
2024-11-08,17.58,21.055956,4.110395,29006188635.796,29006188635.796,1663911378,1663911378,False
2024-11-11,17.34,20.768503,4.05428,28610199712.441,28610199712.441,1663911378,1663911378,False
2024-11-12,17.0,20.361277,3.974785,28049215404.354,28049215404.354,1663911378,1663911378,False
2024-11-13,17.18,20.576867,4.01687,28346207096.87,28346207096.87,1663911378,1663911378,False
2024-11-14,17.16,20.552913,4.012194,28313208019.924,28313208019.924,1663911378,1663911378,False
2024-11-15,17.2,20.600821,4.021547,28379206173.817,28379206173.817,1663911378,1663911378,False
2024-11-18,16.92,20.265459,3.95608,27917219096.569,27917219096.569,1663911378,1663911378,False
2024-11-19,17.4,20.840366,4.068309,28709196943.28,28709196943.28,1663911378,1663911378,False
2024-11-20,17.36,20.792457,4.058956,28643198789.387,28643198789.387,1663911378,1663911378,False
2024-11-21,17.87,21.403295,4.1782,29484675251.518,29484675251.518,1663911378,1663911378,False
2024-11-22,17.66,21.151774,4.1291,29138184943.582,29138184943.582,1663911378,1663911378,False
2024-11-25,17.24,20.64873,4.030899,28445204327.709,28445204327.709,1663911378,1663911378,False
2024-11-26,16.85,20.181619,3.939713,27801722327.256,27801722327.256,1663911378,1663911378,False
2024-11-27,17.11,20.493026,4.000504,28230710327.558,28230710327.558,1663911378,1663911378,False
2024-11-28,16.84,20.169641,3.937375,27785222788.783,27785222788.783,1663911378,1663911378,False
2024-11-29,16.96,20.313368,3.965432,27983217250.461,27983217250.461,1663911378,1663911378,False
2024-12-02,16.85,20.181619,3.939713,27801722327.256,27801722327.256,1663911378,1663911378,False
2024-12-03,16.92,20.265459,3.95608,27917219096.569,27917219096.569,1663911378,1663911378,False
2024-12-04,16.81,20.13371,3.93036,27735724173.364,27735724173.364,1663911378,1663911378,False
2024-12-05,16.79,20.109755,3.925684,27702725096.418,27702725096.418,1663911378,1663911378,False
2024-12-06,16.81,20.13371,3.93036,27735724173.364,27735724173.364,1663911378,1663911378,False
2024-12-09,17.11,20.493026,4.000504,28230710327.558,28230710327.558,1663911378,1663911378,False
2024-12-10,17.07,20.445118,3.991151,28164712173.666,28164712173.666,1663911378,1663911378,False
2024-12-11,17.2,20.600821,4.021547,28379206173.817,28379206173.817,1663911378,1663911378,False
2024-12-12,17.28,20.696639,4.040252,28511202481.602,28511202481.602,1663911378,1663911378,False
2024-12-13,16.88,20.21755,3.946727,27851220942.676,27851220942.676,1663911378,1663911378,False
2024-12-16,16.62,19.906143,3.885936,27422232942.374,27422232942.374,1663911378,1663911378,False
2024-12-17,16.49,19.750439,3.855541,27207738942.223,27207738942.223,1663911378,1663911378,False
2024-12-18,16.45,19.70253,3.846189,27141740788.331,27141740788.331,1663911378,1663911378,False
2024-12-19,16.2,19.403099,3.787736,26729252326.502,26729252326.502,1663911378,1663911378,False
2024-12-20,16.19,19.391122,3.785398,26712752788.029,26712752788.029,1663911378,1663911378,False
2024-12-23,16.09,19.27135,3.762017,26547757403.297,26547757403.297,1663911378,1663911378,False
2024-12-24,15.95,19.103669,3.729283,26316763864.673,26316763864.673,1663911378,1663911378,False
2024-12-25,15.82,18.947965,3.698888,26102269864.522,26102269864.522,1663911378,1663911378,False
2024-12-26,16.07,19.247395,3.75734,26514758326.351,26514758326.351,1663911378,1663911378,False
2024-12-27,16.01,19.175532,3.743312,26415761095.512,26415761095.512,1663911378,1663911378,False
2024-12-30,15.91,19.05576,3.719931,26250765710.78,26250765710.78,1663911378,1663911378,False
2024-12-31,15.61,18.696443,3.649787,25755779556.586,25755779556.586,1663911378,1663911378,False
2025-01-02,16.24,19.451008,3.797088,26795250480.394,26795250480.394,1663911378,1663911378,False
2025-01-03,16.55,19.822302,3.86957,27306736173.062,27306736173.062,1663911378,1663911378,False
2025-01-06,16.26,19.474963,3.801764,26828249557.341,26828249557.341,1663911378,1663911378,False
2025-01-07,16.53,19.798348,3.864893,27273737096.116,27273737096.116,1663911378,1663911378,False
2025-01-08,16.31,19.534849,3.813455,26910747249.706,26910747249.706,1663911378,1663911378,False
2025-01-09,16.18,19.379145,3.78306,26696253249.555,26696253249.555,1663911378,1663911378,False
2025-01-10,16.28,19.498917,3.806441,26861248634.287,26861248634.287,1663911378,1663911378,False
2025-01-13,16.95,20.301391,3.963094,27966717711.988,27966717711.988,1663911378,1663911378,False
2025-01-14,16.92,20.265459,3.95608,27917219096.569,27917219096.569,1663911378,1663911378,False
2025-01-15,16.68,19.978006,3.899965,27521230173.213,27521230173.213,1663911378,1663911378,False
2025-01-16,16.97,20.325345,3.96777,27999716788.934,27999716788.934,1663911378,1663911378,False
2025-01-17,17.16,20.552913,4.012194,28313208019.924,28313208019.924,1663911378,1663911378,False
2025-01-20,17.0,20.361277,3.974785,28049215404.354,28049215404.354,1663911378,1663911378,False
2025-01-21,17.4,20.840366,4.068309,28709196943.28,28709196943.28,1663911378,1663911378,False
2025-01-22,17.87,21.403295,4.1782,29484675251.518,29484675251.518,1663911378,1663911378,False
2025-01-23,17.79,21.307477,4.159495,29352678943.733,29352678943.733,1663911378,1663911378,False
2025-01-24,17.91,21.451204,4.187552,29550673405.41,29550673405.41,1663911378,1663911378,False
2025-01-27,17.88,21.415272,4.180538,29501174789.991,29501174789.991,1663911378,1663911378,False
2025-02-05,19.39,23.223833,4.533592,31992605099.436,31992605099.436,1663911378,1663911378,False
2025-02-06,19.55,23.415469,4.571002,32256597715.007,32256597715.007,1663911378,1663911378,False
2025-02-07,19.72,23.619081,4.61075,32537089869.05,32537089869.05,1663911378,1663911378,False
2025-02-10,19.79,23.702922,4.627117,32652586638.362,32652586638.362,1663911378,1663911378,False
2025-02-11,20.17,24.158056,4.715965,33279569100.342,33279569100.342,1663911378,1663911378,False
2025-02-12,19.87,23.79874,4.645822,32784582946.148,32784582946.148,1663911378,1663911378,False
2025-02-13,19.87,23.79874,4.645822,32784582946.148,32784582946.148,1663911378,1663911378,False
2025-02-14,19.95,23.894557,4.664527,32916579253.933,32916579253.933,1663911378,1663911378,False
2025-02-17,19.31,23.128015,4.514888,31860608791.651,31860608791.651,1663911378,1663911378,False
2025-02-18,19.56,23.427446,4.57334,32273097253.48,32273097253.48,1663911378,1663911378,False
2025-02-19,19.72,23.619081,4.61075,32537089869.05,32537089869.05,1663911378,1663911378,False
2025-02-20,20.14,24.122125,4.708951,33230070484.923,33230070484.923,1663911378,1663911378,False
2025-02-21,19.46,23.307674,4.549959,32108101868.748,32108101868.748,1663911378,1663911378,False
2025-02-24,19.66,23.547218,4.596721,32438092638.211,32438092638.211,1663911378,1663911378,False
2025-02-25,19.42,23.259765,4.540607,32042103714.856,32042103714.856,1663911378,1663911378,False
2025-02-26,19.18,22.972311,4.484492,31646114791.5,31646114791.5,1663911378,1663911378,False
2025-02-27,18.77,22.481245,4.38863,30969633714.101,30969633714.101,1663911378,1663911378,False
2025-02-28,18.22,21.822498,4.260034,30062159098.078,30062159098.078,1663911378,1663911378,False
2025-03-03,18.16,21.750635,4.246005,29963161867.239,29963161867.239,1663911378,1663911378,False
2025-03-04,18.66,22.349496,4.362911,30788138790.896,30788138790.896,1663911378,1663911378,False
2025-03-05,19.27,23.080106,4.505535,31794610637.759,31794610637.759,1663911378,1663911378,False
2025-03-06,19.23,23.032197,4.496183,31728612483.866,31728612483.866,1663911378,1663911378,False
2025-03-07,19.28,25.946162,5.065026,35742821033.228,31811110176.232,1869563378,1663911378,False
2025-03-10,19.08,25.677011,5.012484,35372044881.431,31481119406.769,1869563378,1663911378,False
2025-03-11,18.84,25.354029,4.949434,34927113499.275,31085130483.413,1869563378,1663911378,False
2025-03-12,18.88,25.40786,4.959943,35001268729.634,31151128637.306,1869563378,1663911378,False
2025-03-13,19.0,25.56935,4.991468,35223734420.712,31349123098.984,1869563378,1663911378,False
2025-03-14,19.73,26.551752,5.183245,36577067374.77101,32553589407.523,1869563378,1663911378,False
2025-03-17,19.44,26.161483,5.10706,36039441954.666,32075102791.802,1869563378,1663911378,False
2025-03-18,20.92,28.1532,5.495869,38783185477.963,34517034485.828,1869563378,1663911378,False
2025-03-19,21.28,28.637672,5.590444,39450582551.198,35111017870.862,1869563378,1663911378,False
2025-03-20,21.52,28.960654,5.653494,39895513933.354,35507006794.217,1869563378,1663911378,False
2025-03-21,21.26,28.610757,5.58519,39413504936.018,35078018793.915,1869563378,1663911378,False
2025-03-24,20.91,28.139743,5.493242,38764646670.373,34500534947.355,1869563378,1663911378,False
2025-03-25,20.87,28.085913,5.482733,38690491440.014,34434536793.462,1869563378,1663911378,False
2025-03-26,20.6,27.722559,5.411802,38189943635.088,33989049254.687,1869563378,1663911378,False
2025-03-27,20.84,28.04554,5.474852,38634875017.245,34385038178.043,1869563378,1663911378,False
2025-03-28,21.64,29.122144,5.685019,40117979624.432,35705001255.895,1869563378,1663911378,False
2025-03-31,22.9,24.265737,5.407859,42453869380.753,37783943103.512,1869563378,1663911378,False
2025-04-01,22.75,24.106791,5.372437,42175787266.906,37536450026.415,1869563378,1663911378,False
2025-04-02,21.9,23.206098,5.171708,40599988621.768,36133989256.197,1869563378,1663911378,False
2025-04-03,22.29,23.619357,5.263807,41323002117.773,36777471256.65,1869563378,1663911378,False
2025-04-07,21.2,22.46435,5.006403,39302272090.47899,34979021563.076,1869563378,1663911378,False
2025-04-08,21.27,22.538525,5.022933,39432043743.608,35094518332.388,1869563378,1663911378,False
2025-04-09,22.12,23.825965,5.309852,41684471881.666,36496979102.606,1900411178,1663911378,False
2025-04-10,23.87,25.710931,5.729935,44982294024.203,39384398335.407,1900411178,1663911378,False
2025-04-11,25.7,27.682066,6.169222,48430873750.399,42403813875.994,1900411178,1663911378,False
2025-04-14,27.59,29.717829,6.622912,51992521664.338,45522226647.419,1900411178,1663911378,False
2025-04-15,27.71,29.847084,6.651718,52218658039.827,45720221109.097,1900411178,1663911378,False
2025-04-16,29.95,32.25984,7.189424,56439870382.274,49416117727.082,1900411178,1663911378,False
2025-04-17,28.85,31.075004,6.925372,54366953606.96499,47601168495.036,1900411178,1663911378,False
2025-04-18,28.18,30.353332,6.76454,53104358843.822,46495699417.335,1900411178,1663911378,False
2025-04-21,31.0,33.390819,7.441474,58418563667.796,51148569266.763,1900411178,1663911378,False
2025-04-22,31.3,33.713956,7.513489,58983904606.517,51643555420.957,1900411178,1663911378,False
2025-04-23,28.17,30.342561,6.76214,53085514145.865,46479199878.861,1900411178,1663911378,False
2025-04-24,27.65,29.782457,6.637315,52105589852.082,45621223878.258,1900411178,1663911378,False
2025-04-25,27.1,29.190039,6.505289,51069131464.428,44713749262.234,1900411178,1663911378,False
2025-04-28,26.68,24.766395,4.653782,50277654150.219,44020768646.362,1900411178,1663911378,False
2025-04-29,26.53,24.627154,4.627618,49994983680.859,43773275569.265,1900411178,1663911378,False
2025-04-30,26.27,24.385802,4.582266,49505021533.968,43344287568.963,1900411178,1663911378,False
2025-05-06,27.24,25.286229,4.751463,51332957235.831,44944742800.859,1900411178,1663911378,False
2025-05-07,27.44,25.471884,4.786349,51709851194.978,45274733570.322,1900411178,1663911378,False
2025-05-08,26.66,24.747829,4.650294,50239964754.304,43987769569.416,1900411178,1663911378,False
2025-05-09,26.87,24.942767,4.686924,50635703411.409,44334259877.352,1900411178,1663911378,False
2025-05-12,26.48,24.58074,4.618896,49900760191.072,43690777876.899,1900411178,1663911378,False
2025-05-13,26.76,24.840657,4.667736,50428411733.878,44152764954.147,1900411178,1663911378,False
2025-05-14,26.33,24.441498,4.592732,49618089721.712,43443284799.802,1900411178,1663911378,False
2025-05-15,26.08,24.20943,4.549124,49146972272.778,43030796337.973,1900411178,1663911378,False
2025-05-16,26.03,24.163016,4.540403,49052748782.991,42948298645.607,1900411178,1663911378,False
2025-05-19,26.03,24.163016,4.540403,49052748782.991,42948298645.607,1900411178,1663911378,False
2025-05-20,26.34,24.450781,4.594476,49636934419.669,43459784338.275,1900411178,1663911378,False
2025-05-21,27.82,25.824629,4.852632,52425949717.357,45901716032.301,1900411178,1663911378,False
2025-05-22,27.49,25.518298,4.79507,51804074684.765,45357231262.68699,1900411178,1663911378,False
2025-05-23,28.36,26.325898,4.946824,53443563407.055,46792691109.851,1900411178,1663911378,False
2025-05-26,27.91,25.908174,4.868331,52595551998.974,46050211878.56,1900411178,1663911378,False
2025-05-27,26.72,24.803526,4.660759,50353032942.04901,44086766800.255,1900411178,1663911378,False
2025-05-28,26.91,24.979898,4.693901,50711082203.238,44400258031.245,1900411178,1663911378,False
2025-05-29,26.54,24.636436,4.629362,50013828378.816,43789775107.738,1900411178,1663911378,False
2025-05-30,26.26,24.376519,4.580522,49486176836.01,43327788030.49,1900411178,1663911378,False
2025-06-03,27.44,25.471884,4.786349,51709851194.978,45274733570.322,1900411178,1663911378,False
2025-06-04,27.44,25.471884,4.786349,51709851194.978,45274733570.322,1900411178,1663911378,False
2025-06-05,27.02,25.082009,4.713088,50918373880.769,44581752954.449,1900411178,1663911378,False
2025-06-06,27.32,25.360491,4.765417,51483714819.49,45076739108.644,1900411178,1663911378,False
2025-06-09,26.83,24.905636,4.679947,50560324619.579,44268261723.459,1900411178,1663911378,False
2025-06-10,26.9,24.970616,4.692157,50692237505.281,44383758492.77101,1900411178,1663911378,False
2025-06-11,26.95,25.017029,4.700878,50786460995.068,44466256185.137,1900411178,1663911378,False
2025-06-12,27.78,25.787498,4.845655,52350570925.528,45835717878.409,1900411178,1663911378,False
2025-06-13,29.24,27.142781,5.100322,55101896827.302,48244650495.488,1900411178,1663911378,False
2025-06-16,28.34,26.307333,4.943335,53405874011.14,46759692032.905,1900411178,1663911378,False
2025-06-17,28.19,26.168091,4.917171,53123203541.78,46512198955.808,1900411178,1663911378,False
2025-06-18,28.16,26.140243,4.911938,53066669447.908,46462700340.388,1900411178,1663911378,False
2025-06-19,27.52,25.546146,4.800303,51860608778.637,45406729878.107,1900411178,1663911378,False
2025-06-20,27.0,25.063443,4.7096,50880684484.854,44548753877.503,1900411178,1663911378,False
2025-06-23,26.81,24.887071,4.676458,50522635223.665,44235262646.513,1900411178,1663911378,False
2025-06-24,25.6,23.763857,4.465398,48242426770.825,42238818491.262,1900411178,1663911378,False
2025-06-25,25.5,23.67103,4.447955,48053979791.251,42073823106.531,1900411178,1663911378,False
2025-06-26,25.4,23.578202,4.430512,47865532811.678,41908827721.79901,1900411178,1663911378,False
2025-06-27,24.79,23.011954,4.32411,46716006236.279,40902355874.93699,1900411178,1663911378,False
2025-06-30,24.88,23.095499,4.339809,46885608517.896,41050851721.195,1900411178,1663911378,False
2025-07-01,25.31,23.494657,4.414814,47695930530.062,41760331875.541,1900411178,1663911378,False
2025-07-02,24.8,23.021237,4.325854,46734850934.237,40918855413.41,1900411178,1663911378,False
2025-07-03,24.9,23.114064,4.343297,46923297913.81,41083850798.142,1900411178,1663911378,False
2025-07-04,24.38,22.631361,4.252594,45943373620.028,40225874797.538,1900411178,1663911378,False
2025-07-07,24.13,22.399292,4.208987,45472256171.094,39813386335.709,1900411178,1663911378,False
2025-07-08,24.33,22.584947,4.243873,45849150130.241,40143377105.172,1900411178,1663911378,False
2025-07-09,23.85,22.139375,4.160146,44944604628.288,39351399258.461,1900411178,1663911378,False
2025-07-10,24.02,22.297182,4.189799,45264964493.56301,39631891412.504,1900411178,1663911378,False
2025-07-11,24.29,22.547816,4.236895,45773771338.412,40077378951.28,1900411178,1663911378,False
2025-07-14,24.51,22.752037,4.27527,46188354693.473,40440368797.689,1900411178,1663911378,False
2025-07-15,23.98,22.260051,4.182822,45189585701.734,39565893258.612,1900411178,1663911378,False
2025-07-16,24.14,22.408575,4.210731,45491100869.051,39829885874.182,1900411178,1663911378,False
2025-07-17,23.66,21.963002,4.127005,44586555367.098,39037908027.471,1900411178,1663911378,False
2025-07-18,23.75,22.046547,4.142703,44756157648.71499,39186403873.72899,1900411178,1663911378,False
2025-07-21,23.91,22.195071,4.170612,45057672816.032,39450396489.3,1900411178,1663911378,False
2025-07-22,24.39,22.640644,4.254338,45962218317.985,40242374336.011,1900411178,1663911378,False
2025-07-23,24.25,22.510685,4.229918,45698392546.582,40011380797.387,1900411178,1663911378,False
2025-07-24,24.05,22.32503,4.195032,45321498587.435,39681390027.924,1900411178,1663911378,False
2025-07-25,23.75,22.046547,4.142703,44756157648.71499,39186403873.72899,1900411178,1663911378,False
2025-07-28,23.38,21.703085,4.078164,44058903824.293,38575920950.223,1900411178,1663911378,False
2025-07-29,23.31,21.638106,4.065954,43926990938.591,38460424180.911,1900411178,1663911378,False
2025-07-30,23.25,21.582409,4.055489,43813922750.847,38361426950.072,1900411178,1663911378,False
2025-07-31,22.89,21.24823,3.992694,43135513624.382,37767443565.039,1900411178,1663911378,False
2025-08-01,22.85,21.211099,3.985717,43060134832.553,37701445411.146,1900411178,1663911378,False
2025-08-04,24.55,22.789168,4.282247,46263733485.303,40506366951.581,1900411178,1663911378,False
2025-08-05,24.64,22.872713,4.297946,46433335766.919,40654862797.84,1900411178,1663911378,False
2025-08-06,24.74,22.96554,4.315389,46621782746.49299,40819858182.571,1900411178,1663911378,False
2025-08-07,25.55,23.717443,4.456677,48148203281.038,42156320798.896,1900411178,1663911378,False
2025-08-08,25.9,24.04234,4.517727,48807767709.546,42733804645.457,1900411178,1663911378,False
2025-08-11,24.52,22.761319,4.277014,46207199391.431,40456868336.162,1900411178,1663911378,False
2025-08-12,24.58,22.817016,4.28748,46320267579.175,40555865567.001,1900411178,1663911378,False
2025-08-13,24.94,23.151195,4.350275,46998676705.64,41149848952.034,1900411178,1663911378,False
2025-08-14,24.64,22.872713,4.297946,46433335766.919,40654862797.84,1900411178,1663911378,False
2025-08-15,24.58,22.817016,4.28748,46320267579.175,40555865567.001,1900411178,1663911378,False
2025-08-18,24.43,22.677775,4.261315,46037597109.815,40308372489.904,1900411178,1663911378,False
2025-08-19,24.19,22.454988,4.219452,45585324358.838,39912383566.548,1900411178,1663911378,False
2025-08-20,24.38,22.631361,4.252594,45943373620.028,40225874797.538,1900411178,1663911378,False
2025-08-21,24.23,22.49212,4.22643,45660703150.668,39978381720.441,1900411178,1663911378,False
2025-08-22,24.32,22.575664,4.242128,45830305432.284,40126877566.699,1900411178,1663911378,False
2025-08-25,25.3,22.251806,4.142561,47677085832.104,41743832337.068,1900411178,1663911378,False
2025-08-26,25.57,22.489276,4.18677,48185892676.953,42189319875.843,1900411178,1663911378,False
2025-08-27,24.81,21.820842,4.062329,46753695632.194,40935354951.883,1900411178,1663911378,False
2025-08-28,25.08,22.058312,4.106538,47262502477.043,41380842490.658,1900411178,1663911378,False
2025-08-29,25.97,22.841083,4.252265,48939680595.247,42849301414.769,1900411178,1663911378,False
2025-09-01,28.05,24.67048,4.592839,52859377770.377,46281205417.184,1900411178,1663911378,False
2025-09-02,27.81,24.459396,4.553542,52407105019.4,45885216493.828,1900411178,1663911378,False
2025-09-03,28.02,24.644095,4.587927,52802843676.505,46231706801.764,1900411178,1663911378,False
2025-09-04,26.56,23.359998,4.34887,50051517774.731,43822774184.684,1900411178,1663911378,False
2025-09-05,27.85,24.494577,4.560092,52482483811.23,45951214647.721,1900411178,1663911378,False
2025-09-08,28.0,24.626504,4.584652,52765154280.59,46198707724.818,1900411178,1663911378,False
2025-09-09,30.8,27.089155,5.043117,58041669708.649,50818578497.3,1900411178,1663911378,False
2025-09-10,30.25,26.60542,4.953062,57005211320.994,49911103881.276,1900411178,1663911378,False
2025-09-11,29.77,26.183251,4.874468,56100665819.041,49119126034.565,1900411178,1663911378,False
2025-09-12,29.75,26.165661,4.871193,56062976423.127,49086126957.619,1900411178,1663911378,False
2025-09-15,29.3,25.769878,4.797511,55214965015.046,48343647726.327,1900411178,1663911378,False
2025-09-16,29.58,26.016143,4.843358,55742616557.852,48805634803.575,1900411178,1663911378,False
2025-09-17,28.5,25.066263,4.666521,53707389178.458,47023684648.475,1900411178,1663911378,False
2025-09-18,27.4,24.098793,4.48641,51634472403.149,45208735416.429,1900411178,1663911378,False
2025-09-19,27.6,24.274697,4.519157,52011366362.296,45538726185.892,1900411178,1663911378,False
2025-09-22,28.8,25.330119,4.715642,54272730117.178,47518670802.67,1900411178,1663911378,False
2025-09-23,28.95,25.462046,4.740203,54555400586.538,47766163879.767,1900411178,1663911378,False
2025-09-24,29.19,25.673131,4.7795,55007673337.515,48162152803.123,1900411178,1663911378,False
2025-09-25,28.23,24.828793,4.622312,53198582333.609,46578197109.7,1900411178,1663911378,False
2025-09-26,28.1,24.714456,4.601026,52953601260.163,46363703109.54901,1900411178,1663911378,False
2025-09-29,29.0,25.506022,4.74839,54649624076.325,47848661572.133,1900411178,1663911378,False
2025-09-30,29.58,26.016143,4.843358,55742616557.852,48805634803.575,1900411178,1663911378,False
2025-10-09,32.1,28.232528,5.255976,60491480443.105,52963518498.809,1900411178,1663911378,False
2025-10-10,29.86,26.262408,4.889204,56270268100.658,49267621880.824,1900411178,1663911378,False
2025-10-13,32.1,28.232528,5.255976,60491480443.105,52963518498.809,1900411178,1663911378,False
2025-10-14,30.58,26.895661,5.007095,57627086353.587,50455588650.89,1900411178,1663911378,False
2025-10-15,31.55,27.748793,5.165921,59455022055.45,52056043882.786,1900411178,1663911378,False
2025-10-16,31.13,27.379396,5.097151,58663544741.242,51363063266.914,1900411178,1663911378,False
2025-10-17,31.0,27.265058,5.075865,58418563667.796,51148569266.763,1900411178,1663911378,False
2025-10-20,28.88,25.40048,4.728741,54423487700.837,47650667110.455,1900411178,1663911378,False
2025-10-21,29.47,25.919396,4.825346,55535324880.321,48624139880.371,1900411178,1663911378,False
2025-10-22,28.47,25.039878,4.661609,53650855084.585,46974186033.056,1900411178,1663911378,False
2025-10-23,28.78,25.312528,4.712368,54235040721.263,47485671725.724,1900411178,1663911378,False
2025-10-24,28.88,25.40048,4.728741,54423487700.837,47650667110.455,1900411178,1663911378,False
2025-10-27,29.76,20.814494,4.516976,56081821121.084,49102626496.092,1900411178,1663911378,False
2025-10-28,28.48,19.919247,4.322697,53669699782.543,46990685571.529,1900411178,1663911378,False
2025-10-29,29.61,20.709582,4.494209,55799150651.724,48855133418.995,1900411178,1663911378,False
2025-10-30,29.66,20.744553,4.501798,55893374141.511,48937631111.361,1900411178,1663911378,False
2025-10-31,29.79,20.835476,4.521529,56138355214.956,49152125111.512,1900411178,1663911378,False
2025-11-03,29.92,20.9264,4.54126,56383336288.402,49366619111.663,1900411178,1663911378,False
2025-11-04,28.57,19.982194,4.336357,53839302064.159,47139181417.787,1900411178,1663911378,False
2025-11-05,29.26,20.464788,4.441086,55139586223.216,48277649572.435,1900411178,1663911378,False
2025-11-06,29.7,20.772529,4.507869,55968752933.34,49003629265.253,1900411178,1663911378,False
2025-11-07,29.63,20.72357,4.497244,55836840047.638,48888132495.941,1900411178,1663911378,False
2025-11-10,30.93,21.632806,4.694558,58286650782.094,51033072497.45099,1900411178,1663911378,False
2025-11-11,30.58,21.388012,4.641435,57627086353.587,50455588650.89,1900411178,1663911378,False
2025-11-12,30.49,21.325065,4.627775,57457484071.971,50307092804.632,1900411178,1663911378,False
2025-11-13,31.44,21.989506,4.771966,59247730377.919,51874548959.581,1900411178,1663911378,False
2025-11-14,30.62,21.415988,4.647506,57702465145.416,50521586804.783,1900411178,1663911378,False
2025-11-17,29.96,20.954376,4.547332,56458715080.231,49432617265.555,1900411178,1663911378,False
2025-11-18,29.3,20.492765,4.447157,55214965015.046,48343647726.327,1900411178,1663911378,False
2025-11-19,31.35,21.926559,4.758306,59078128096.303,51726053113.323,1900411178,1663911378,False
2025-11-20,30.95,21.646794,4.697594,58324340178.009,51066071574.397,1900411178,1663911378,False
2025-11-21,30.25,21.157206,4.591348,57005211320.994,49911103881.276,1900411178,1663911378,False
2025-11-24,29.77,20.821488,4.518493,56100665819.041,49119126034.565,1900411178,1663911378,False
2025-11-25,30.67,21.450959,4.655095,57796688635.203,50604084497.149,1900411178,1663911378,False
2025-11-26,30.73,21.492923,4.664202,57909756822.947,50703081727.988,1900411178,1663911378,False
2025-11-27,31.08,21.737718,4.717325,58569321251.455,51280565574.548,1900411178,1663911378,False
2025-11-28,32.0,22.381176,4.856963,60303033463.531,52798523114.078,1900411178,1663911378,False
2025-12-01,32.2,22.521059,4.887319,60679927422.678,53128513883.541,1900411178,1663911378,False
2025-12-02,31.61,22.108406,4.797769,59568090243.194,52155041113.625,1900411178,1663911378,False
2025-12-03,30.88,21.597835,4.686969,58192427292.308,50950574805.085,1900411178,1663911378,False
2025-12-04,30.37,21.241135,4.609561,57231347696.483,50109098342.954,1900411178,1663911378,False
2025-12-05,31.04,21.709741,4.711254,58493942459.625,51214567420.655,1900411178,1663911378,False
2025-12-08,30.74,21.499918,4.66572,57928601520.905,50719581266.461,1900411178,1663911378,False
2025-12-09,29.81,20.849465,4.524565,56176044610.871,49185124188.458,1900411178,1663911378,False
2025-12-10,30.32,21.206165,4.601972,57137124206.696,50026600650.589,1900411178,1663911378,False
2025-12-11,30.56,21.374023,4.6384,57589396957.672,50422589573.944,1900411178,1663911378,False
2025-12-12,31.2,21.821647,4.735539,58795457626.943,51478560036.226,1900411178,1663911378,False
2025-12-15,32.69,22.86377,4.961691,61603317622.589,53936991268.725,1900411178,1663911378,False
2025-12-16,30.93,21.632806,4.694558,58286650782.094,51033072497.45099,1900411178,1663911378,False
2025-12-17,32.0,22.381176,4.856963,60303033463.531,52798523114.078,1900411178,1663911378,False
2025-12-18,32.26,22.563023,4.896426,60792995610.422,53227511114.379,1900411178,1663911378,False
2025-12-19,31.95,22.346206,4.849374,60208809973.744,52716025421.712,1900411178,1663911378,False
2025-12-22,33.1,23.150529,5.023921,62375950238.84,54613472346.124,1900411178,1663911378,False
2025-12-23,33.36,23.332376,5.063384,62865912385.731,55042460346.426,1900411178,1663911378,False
2025-12-24,32.63,22.821806,4.952584,61490249434.845,53837994037.886,1900411178,1663911378,False
2025-12-25,31.79,22.2343,4.825089,59907294806.427,52452032806.141,1900411178,1663911378,False
2025-12-26,32.27,22.570018,4.897944,60811840308.38,53244010652.853,1900411178,1663911378,False
2025-12-29,31.74,22.199329,4.8175,59813071316.64,52369535113.776,1900411178,1663911378,False
2025-12-30,31.63,22.122394,4.800804,59605779639.109,52188040190.571,1900411178,1663911378,False
2025-12-31,31.24,21.849623,4.74161,58870836418.772,51544558190.118,1900411178,1663911378,False
2026-01-05,31.99,22.374182,4.855445,60284188765.574,52782023575.604,1900411178,1663911378,False
2026-01-06,32.01,22.38817,4.858481,60321878161.489,52815022652.551,1900411178,1663911378,False
2026-01-07,31.01,21.688759,4.706701,58437408365.753,51165068805.236,1900411178,1663911378,False
2026-01-08,30.41,21.269112,4.615633,57306726488.312,50175096496.847,1900411178,1663911378,False
2026-01-09,31.03,21.702747,4.709736,58475097761.668,51198067882.182,1900411178,1663911378,False
2026-01-12,31.28,21.8776,4.747681,58946215210.602,51610556344.011,1900411178,1663911378,False
2026-01-13,31.81,22.248288,4.828125,59944984202.342,52485031883.088,1900411178,1663911378,False
2026-01-14,32.32,22.604988,4.905533,60906063798.167,53326508345.218,1900411178,1663911378,False
2026-01-15,32.94,23.038623,4.999636,62074435071.522,54349479730.554,1900411178,1663911378,False
2026-01-16,32.3,22.591,4.902497,60868374402.252,53293509268.272,1900411178,1663911378,False
2026-01-19,33.38,23.346365,5.06642,62903601781.646,55075459423.372,1900411178,1663911378,False
2026-01-20,34.96,24.451435,5.306232,65881064058.908,57682386502.13,1900411178,1663911378,False
2026-01-21,38.39,26.850418,5.826838,72344795458.28,63341728198.42,1900411178,1663911378,False
2026-01-22,37.33,26.109041,5.665951,70347257474.801,61592777120.266,1900411178,1663911378,False
2026-01-23,38.82,27.151165,5.892103,73155117470.446,64051208352.765,1900411178,1663911378,False
2026-01-26,42.69,29.857888,6.479492,80448015579.942,70436529741.874,1900411178,1663911378,False
2026-01-27,42.6,29.794941,6.465832,80278413298.326,70288033895.616,1900411178,1663911378,False
2026-01-28,46.86,32.774435,7.112415,88306254628.159,77316837285.177,1900411178,1663911378,False
2026-01-29,48.0,33.571765,7.285445,90454550195.297,79197784671.116,1900411178,1663911378,False
2026-01-30,43.2,30.214588,6.5569,81409095175.767,71278006204.005,1900411178,1663911378,False
2026-02-02,38.88,27.193129,5.90121,73268185658.19,64150205583.604,1900411178,1663911378,False
2026-02-03,39.78,27.8226,6.037812,74964208474.352,65635164046.188,1900411178,1663911378,False
2026-02-04,38.53,26.948335,5.848087,72608621229.683,63572721737.044,1900411178,1663911378,False
2026-02-05,36.83,25.759335,5.590061,69405022576.933,60767800196.609,1900411178,1663911378,False
2026-02-06,37.01,25.885229,5.617381,69744227140.165,61064791889.125,1900411178,1663911378,False
2026-02-09,37.13,25.969159,5.635595,69970363515.654,61262786350.803,1900411178,1663911378,False
2026-02-10,36.78,25.724365,5.582472,69310799087.146,60685302504.24299,1900411178,1663911378,False
2026-02-11,38.22,26.731518,5.801035,72024435593.005,63061236044.376,1900411178,1663911378,False
2026-02-12,38.25,26.7525,5.805589,72080969686.877,63110734659.796,1900411178,1663911378,False
2026-02-13,37.3,26.088059,5.661398,70290723380.929,61543278504.847,1900411178,1663911378,False
2026-02-24,39.33,27.507865,5.969511,74116197066.271,64892684814.896,1900411178,1663911378,False
2026-02-25,39.2,27.416941,5.94978,73871215992.826,64678190814.745,1900411178,1663911378,False
2026-02-26,38.77,27.116194,5.884514,73060893980.66,63968710660.4,1900411178,1663911378,False
2026-02-27,39.92,27.920518,6.059061,75228034245.755,65866157584.812,1900411178,1663911378,False
2026-03-02,43.91,30.71117,6.664664,82747068730.739,72449473435.598,1900411178,1663911378,False
2026-03-03,42.7,29.864882,6.48101,80466860277.9,70453029280.347,1900411178,1663911378,False
2026-03-04,41.58,29.081541,6.311016,78356254106.676,68605080971.355,1900411178,1663911378,False
2026-03-05,40.34,28.21427,6.122809,76019511559.964,66559138200.684,1900411178,1663911378,False
2026-03-06,39.94,27.934506,6.062097,75265723641.67,65899156661.758,1900411178,1663911378,False
2026-03-09,40.55,28.361147,6.154683,76415250217.069,66905628508.62,1900411178,1663911378,False
2026-03-10,40.86,28.577965,6.201735,76999435853.746,67417114201.288,1900411178,1663911378,False
2026-03-11,41.73,29.186453,6.333783,78638924576.036,68852574048.452,1900411178,1663911378,False
2026-03-12,42.35,29.620088,6.427887,79807295849.392,69875545433.787,1900411178,1663911378,False
2026-03-13,40.91,28.612935,6.209324,77093659343.533,67499611893.654,1900411178,1663911378,False
2026-03-16,39.6,27.696706,6.010492,74625003911.12,65338172353.671,1900411178,1663911378,False
2026-03-17,40.01,27.983465,6.072722,75397636527.371,66014653431.07,1900411178,1663911378,False
2026-03-18,40.82,28.549988,6.195663,76924057061.917,67351116047.395,1900411178,1663911378,False
2026-03-23,36.74,22.651777,5.204631,69235420295.317,60619304350.35,1900411178,1663911378,False
2026-03-24,36.12,22.26952,5.116801,68067049021.961,59596332965.015,1900411178,1663911378,False
2026-03-25,38.33,23.632079,5.429872,72231727270.536,63242730967.581,1900411178,1663911378,False
2026-03-26,37.3,22.997041,5.283961,70290723380.929,61543278504.847,1900411178,1663911378,False
2026-03-27,39.8,24.538397,5.638114,75001897870.267,65668163123.134,1900411178,1663911378,False
2026-03-30,42.94,26.474341,6.08293,80919133028.876,70849018203.703,1900411178,1663911378,False
2026-03-31,43.15,26.603815,6.112679,81314871685.98,71195508511.639,1900411178,1663911378,False
2026-04-01,45.35,27.960209,6.424333,85460705236.598,74825406975.732,1900411178,1663911378,False
2026-04-02,45.0,27.744419,6.374752,84801140808.091,74247923129.172,1900411178,1663911378,False
2026-04-03,45.25,27.898554,6.410167,85272258257.025,74660411591.0,1900411178,1663911378,False
2026-04-07,43.69,26.936748,6.189176,82332485375.678,72086483589.189,1900411178,1663911378,False
2026-04-08,47.36,29.199459,6.709072,89248489526.026,78141814208.835,1900411178,1663911378,False
2026-04-09,45.85,28.26848,6.495164,86402940134.466,75650383899.389,1900411178,1663911378,False
2026-04-10,45.08,27.793742,6.386085,84951898391.75,74379919436.957,1900411178,1663911378,False
2026-04-13,44.18,27.238854,6.25859,83255875575.588,72894960974.373,1900411178,1663911378,False
2026-04-14,44.01,27.134042,6.234508,82935515710.313,72614468820.33,1900411178,1663911378,False
2026-04-15,43.3,26.696296,6.133928,81597542155.341,71443001588.736,1900411178,1663911378,False
2026-04-16,44.1,27.18953,6.247257,83105117991.929,72762964666.588,1900411178,1663911378,False
2026-04-17,43.42,26.770281,6.150927,81823678530.829,71640996050.414,1900411178,1663911378,False
2026-04-20,44.24,27.275846,6.26709,83368943763.332,72993958205.212,1900411178,1663911378,False
2026-04-21,44.33,27.331335,6.279839,83538546044.948,73142454051.471,1900411178,1663911378,False
2026-04-22,43.22,26.646973,6.122595,81446784571.682,71311005280.951,1900411178,1663911378,False
2026-04-23,41.17,25.383061,5.83219,77583621490.424,67928599893.955,1900411178,1663911378,False
2026-04-24,40.69,25.08712,5.764192,76679075988.471,67136622047.244,1900411178,1663911378,False
2026-04-27,38.98,20.6507,5.1843,73456632637.328,64315200967.899,1900411178,1663911378,False
2026-04-28,37.37,19.7977,4.9701,70422636266.769,61658775274.298,1900411178,1663911378,False
2026-04-29,38.88,20.5977,5.171,73268185658.547,64150205583.961,1900411178,1663911378,False
2026-04-30,38.0,20.1315,5.0539,71609852237.943,62698246197.967,1900411178,1663911378,False
2026-05-06,41.11,21.7791,5.4675,77470553303.097,67829602663.533,1900411178,1663911378,False
2026-05-07,42.36,22.4413,5.6338,79826140547.27,69892044972.181,1900411178,1663911378,False
2026-05-08,44.4,23.5221,5.9051,83670458930.451,73257950820.584,1900411178,1663911378,False
2026-05-11,42.04,22.2718,5.5912,79223110212.595,69364059741.0,1900411178,1663911378,False
2026-05-12,40.95,21.6943,5.4463,77169038135.264,67565610047.447,1900411178,1663911378,False
2026-05-13,40.8,21.6149,5.4263,76886367665.606,67318116970.052,1900411178,1663911378,False
2026-05-14,39.68,21.0215,5.2774,74775761494.739,65470168661.417,1900411178,1663911378,False
2026-05-15,37.64,19.9408,5.006,70931443111.558,62104262813.013,1900411178,1663911378,False
2026-05-18,36.66,19.4216,4.8757,69084662711.182,60487308042.089,1900411178,1663911378,False
2026-05-19,36.26,19.2097,4.8225,68330874793.086,59827326503.362,1900411178,1663911378,False
2026-05-20,35.68,18.9024,4.7454,67237882311.798,58870353272.157,1900411178,1663911378,False
2026-05-21,34.5,18.2773,4.5884,65014207952.87,56923407732.365,1900411178,1663911378,False
2026-05-22,35.15,18.6216,4.6749,66239113320.395,57995877733.417,1900411178,1663911378,False
2026-05-25,36.03,19.0878,4.7919,67897446740.008,59447837118.42,1900411178,1663911378,False
2026-05-26,38.17,20.2216,5.0765,71930212102.961,62978738351.753,1900411178,1663911378,False
2026-05-27,35.74,18.9342,4.9646,67920695502.0,59468192650.0,1900411178,1663911378,False
2026-05-28,34.0,18.0124,4.7229,64613980052.0,56572986852.0,1900411178,1663911378,False
2026-05-29,33.37,17.6786,4.6354,63416721010.0,55524722684.0,1900411178,1663911378,False
2026-06-01,33.5,17.7475,4.6535,63663774463.0,55741031163.0,1900411178,1663911378,False
2026-06-02,34.15,18.0919,4.7438,64899041729.0,56822573559.0,1900411178,1663911378,False
2026-06-03,33.45,17.721,4.6465,63568753904.0,55657835594.0,1900411178,1663911378,False
2026-06-04,32.23,17.0747,4.4771,61250252267.0,53627863713.0,1900411178,1663911378,False
2026-06-05,31.36,16.6138,4.3562,59596894542.0,52180260814.0,1900411178,1663911378,False
2026-06-08,29.2,15.4695,4.0562,55492006398.0,48586212238.0,1900411178,1663911378,False
2026-06-09,29.37,15.5595,4.0798,55815076298.0,48869077172.0,1900411178,1663911378,False
2026-06-10,28.17,14.9238,3.9131,53534582884.0,46872383518.0,1900411178,1663911378,False
2026-06-11,28.26,14.9715,3.9256,53705619890.0,47022135542.0,1900411178,1663911378,False
2026-06-12,30.37,16.0893,4.2187,57715487476.0,50532988550.0,1900411178,1663911378,False
2026-06-15,32.63,17.2866,4.3397,62010417456.0,54293428982.0,1900411178,1663911378,False
2026-06-16,31.98,16.9423,4.2533,60775150176.0,53211886572.0,1900411178,1663911378,False
2026-06-17,32.5,17.2177,4.3224,61763364000.0,54077120500.0,1900411178,1663911378,False
2026-06-18,30.59,16.2059,4.0684,58133578608.0,50899049726.0,1900411178,1663911378,False
2026-06-22,31.09,16.4708,4.1349,59083784208.0,51731005426.0,1900411178,1663911378,False
2026-06-23,27.98,14.8231,3.7213,53173505376.0,46556240972.0,1900411178,1663911378,False
2026-06-24,28.19,14.93,3.92,53573000000.0,46906000000.0,1900411178,1663911378,False
2026-06-25,26.62,14.1,3.7,50589000000.0,44293000000.0,1900411178,1663911378,False
2026-06-26,25.93,13.74,3.6,49278000000.0,43145000000.0,1900411178,1663911378,False
2026-06-29,26.68,14.13,3.71,50703000000.0,44393000000.0,1900411178,1663911378,False
2026-06-30,26.32,13.94,3.66,50019000000.0,43794000000.0,1900411178,1663911378,False
2026-07-01,25.81,13.67,3.59,49050000000.0,42946000000.0,1900411178,1663911378,False
2026-07-02,28.39,15.04,3.94,53953000000.0,47238000000.0,1900411178,1663911378,False
2026-07-03,31.23,16.54,4.34,59350000000.0,51964000000.0,1900411178,1663911378,False
2026-07-06,31.6,16.74,4.39,60053000000.0,52580000000.0,1900411178,1663911378,False
2026-07-07,30.42,16.12,4.23,57811000000.0,50616000000.0,1900411178,1663911378,False
2026-07-08,31.32,16.59,4.35,59521000000.0,52114000000.0,1900411178,1663911378,False
2026-07-09,31.35,16.61,4.35,59578000000.0,52164000000.0,1900411178,1663911378,False
2026-07-10,32.84,17.4,4.56,62410000000.0,54643000000.0,1900411178,1663911378,False
2026-07-13,32.33,17.13,4.49,61440000000.0,53794000000.0,1900411178,1663911378,False
2026-07-14,34.95,18.52,4.85,66419000000.0,58154000000.0,1900411178,1663911378,False
2026-07-15,33.4,17.69,4.64,63474000000.0,55575000000.0,1900411178,1663911378,False
2026-07-16,34.62,18.34,4.81,65792000000.0,57605000000.0,1900411178,1663911378,False
2026-07-17,31.74,16.82,4.41,60319000000.0,52813000000.0,1900411178,1663911378,False
2026-07-20,32.25,17.09,4.48,61288000000.0,53661000000.0,1900411178,1663911378,False
2026-07-21,35.48,18.8,4.93,67427000000.0,59036000000.0,1900411178,1663911378,False
2026-07-22,38.22,20.25,5.31,72634000000.0,63595000000.0,1900411178,1663911378,False
2026-07-23,38.83,20.57,5.39,73793000000.0,64610000000.0,1900411178,1663911378,False
2026-07-24,36.49,19.33,5.07,69346000000.0,60716000000.0,1900411178,1663911378,False
2026-07-27,38.14,20.21,5.3,72482000000.0,63462000000.0,1900411178,1663911378,False
2026-07-28,37.29,19.76,5.18,70866000000.0,62047000000.0,1900411178,1663911378,False
2026-07-29,37.86,20.06,5.26,71950000000.0,62996000000.0,1900411178,1663911378,False
2026-07-30,37.17,19.69,5.16,70638000000.0,61848000000.0,1900411178,1663911378,False
2026-07-31,39.56,20.96,5.5,75180000000.0,65824000000.0,1900411178,1663911378,False
2026-08-03,38.86,20.59,5.4,73850000000.0,64660000000.0,1900411178,1663911378,False
2026-08-04,37.75,20.0,5.24,71741000000.0,62813000000.0,1900411178,1663911378,False
2026-08-05,40.84,21.64,5.67,77613000000.0,67954000000.0,1900411178,1663911378,False
2026-08-06,41.3,21.88,5.74,78487000000.0,68720000000.0,1900411178,1663911378,False
2026-08-07,42.09,22.3,5.85,79988000000.0,70034000000.0,1900411178,1663911378,False
2026-08-10,43.73,23.17,6.07,83105000000.0,72763000000.0,1900411178,1663911378,False
2026-08-11,40.3,21.35,5.6,76587000000.0,67056000000.0,1900411178,1663911378,False
2026-08-12,40.98,21.71,5.69,77879000000.0,68187000000.0,1900411178,1663911378,False
2026-08-13,38.66,20.48,5.37,73470000000.0,64327000000.0,1900411178,1663911378,False
2026-08-14,39.78,21.07,5.53,75598000000.0,66190000000.0,1900411178,1663911378,False
2026-08-17,40.78,21.6,5.66,77499000000.0,67854000000.0,1900411178,1663911378,False
2026-08-18,42.21,22.36,5.86,80216000000.0,70234000000.0,1900411178,1663911378,False
2026-08-19,42.72,22.63,5.93,81186000000.0,71082000000.0,1900411178,1663911378,False
2026-08-20,46.1,24.42,6.4,87609000000.0,76706000000.0,1900411178,1663911378,False
2026-08-21,49.43,26.19,6.87,93937000000.0,82247000000.0,1900411178,1663911378,False
2026-08-24,48.77,25.84,6.77,92683000000.0,81149000000.0,1900411178,1663911378,False
2026-08-25,47.66,25.25,6.62,90574000000.0,79302000000.0,1900411178,1663911378,False
2026-08-26,46.85,24.82,6.51,89034000000.0,77954000000.0,1900411178,1663911378,False
2026-08-27,48.22,25.55,6.7,91638000000.0,80234000000.0,1900411178,1663911378,False
2026-08-28,49.09,26.01,6.82,93291000000.0,81681000000.0,1900411178,1663911378,False
