date,close,pe_ttm,pb,total_mv,float_mv,total_share,float_share,is_st
2020-01-02,7.21,14.845052,1.981014,18926320030.73,18926320030.73,2625009713,2625009713,False
2020-01-03,7.21,14.845052,1.981014,18926320030.73,18926320030.73,2625009713,2625009713,False
2020-01-06,7.22,14.865642,1.983762,18952570127.86,18952570127.86,2625009713,2625009713,False
2020-01-07,7.25,14.92741,1.992005,19031320419.25,19031320419.25,2625009713,2625009713,False
2020-01-08,7.16,14.742159,1.967284,18795069545.08,18795069545.08,2625009713,2625009713,False
2020-01-09,7.34,15.112772,2.01674,19267571293.42,19267571293.42,2625009713,2625009713,False
2020-01-10,7.27,14.968645,1.997507,19083820613.51,19083820613.51,2625009713,2625009713,False
2020-01-13,7.3,15.030413,2.00575,19162570904.9,19162570904.9,2625009713,2625009713,False
2020-01-14,7.26,14.948055,1.99476,19057570516.38,19057570516.38,2625009713,2625009713,False
2020-01-15,7.21,14.845107,1.981022,18926320030.73,18926320030.73,2625009713,2625009713,False
2020-01-16,7.16,14.742159,1.967284,18795069545.08,18795069545.08,2625009713,2625009713,False
2020-01-17,7.13,14.68039,1.959041,18716319253.69,18716319253.69,2625009713,2625009713,False
2020-01-20,7.19,14.803928,1.975526,18873819836.47,18873819836.47,2625009713,2625009713,False
2020-01-21,7.09,14.598032,1.94805,18611318865.17,18611318865.17,2625009713,2625009713,False
2020-01-22,7.07,14.556852,1.942555,18558818670.91,18558818670.91,2625009713,2625009713,False
2020-01-23,6.83,14.062702,1.876613,17928816339.79,17928816339.79,2625009713,2625009713,False
2020-02-03,6.15,12.662609,1.689776,16143809734.95,16143809734.95,2625009713,2625009713,False
2020-02-04,6.09,12.539071,1.67329,15986309152.17,15986309152.17,2625009713,2625009713,False
2020-02-05,6.19,12.744967,1.700766,16248810123.47,16248810123.47,2625009713,2625009713,False
2020-02-06,6.22,12.806736,1.709009,16327560414.86,16327560414.86,2625009713,2625009713,False
2020-02-07,6.16,12.683198,1.692523,16170059832.08,16170059832.08,2625009713,2625009713,False
2020-02-10,6.22,12.806736,1.709009,16327560414.86,16327560414.86,2625009713,2625009713,False
2020-02-11,6.33,13.033221,1.739233,16616311483.29,16616311483.29,2625009713,2625009713,False
2020-02-12,6.32,13.012632,1.736485,16590061386.16,16590061386.16,2625009713,2625009713,False
2020-02-13,6.26,12.889094,1.719999,16432560803.38,16432560803.38,2625009713,2625009713,False
2020-02-14,6.23,12.827325,1.711757,16353810511.99,16353810511.99,2625009713,2625009713,False
2020-02-17,6.41,13.197938,1.761213,16826312260.33,16826312260.33,2625009713,2625009713,False
2020-02-18,6.55,13.486193,1.79968,17193813620.15,17193813620.15,2625009713,2625009713,False
2020-02-19,6.51,13.486193,1.79968,17088813231.63,17088813231.63,2625009713,2625009713,False
2020-02-20,6.6,13.589141,1.813418,17325064105.8,17325064105.8,2625009713,2625009713,False
2020-02-21,6.63,13.65091,1.821661,17403814397.19,17403814397.19,2625009713,2625009713,False
2020-02-24,6.54,13.465603,1.796932,17167563523.02,17167563523.02,2625009713,2625009713,False
2020-02-25,6.4,13.177349,1.758466,16800062163.2,16800062163.2,2625009713,2625009713,False
2020-02-26,6.59,13.568551,1.81067,17298814008.67,17298814008.67,2625009713,2625009713,False
2020-02-27,6.65,13.692089,1.827156,17456314591.45,17456314591.45,2625009713,2625009713,False
2020-02-28,6.4,13.177349,1.758466,16800062163.2,16800062163.2,2625009713,2625009713,False
2020-03-02,6.84,14.083291,1.87936,17955066436.92,17955066436.92,2625009713,2625009713,False
2020-03-03,6.97,14.350956,1.915079,18296317699.61,18296317699.61,2625009713,2625009713,False
2020-03-04,7.07,14.556852,1.942555,18558818670.91,18558818670.91,2625009713,2625009713,False
2020-03-05,7.09,14.598032,1.94805,18611318865.17,18611318865.17,2625009713,2625009713,False
2020-03-06,6.95,14.309777,1.909584,18243817505.35,18243817505.35,2625009713,2625009713,False
2020-03-09,6.68,13.753858,1.835399,17535064882.84,17535064882.84,2625009713,2625009713,False
2020-03-10,6.82,14.042112,1.873865,17902566242.66,17902566242.66,2625009713,2625009713,False
2020-03-11,6.75,13.897985,1.854632,17718815562.75,17718815562.75,2625009713,2625009713,False
2020-03-12,6.65,13.692089,1.827156,17456314591.45,17456314591.45,2625009713,2625009713,False
2020-03-13,6.54,13.465603,1.796932,17167563523.02,17167563523.02,2625009713,2625009713,False
2020-03-16,6.31,12.992042,1.733737,16563811289.03,16563811289.03,2625009713,2625009713,False
2020-03-17,6.27,12.909684,1.722747,16458810900.51,16458810900.51,2625009713,2625009713,False
2020-03-18,6.2,12.765557,1.703514,16275060220.6,16275060220.6,2625009713,2625009713,False
2020-03-19,6.27,12.909684,1.722747,16458810900.51,16458810900.51,2625009713,2625009713,False
2020-03-20,6.31,12.992042,1.733737,16563811289.03,16563811289.03,2625009713,2625009713,False
2020-03-23,6.1,12.559661,1.676038,16012559249.3,16012559249.3,2625009713,2625009713,False
2020-03-24,6.18,12.724377,1.698019,16222560026.34,16222560026.34,2625009713,2625009713,False
2020-03-25,6.26,12.889094,1.719999,16432560803.38,16432560803.38,2625009713,2625009713,False
2020-03-26,6.16,12.683198,1.692523,16170059832.08,16170059832.08,2625009713,2625009713,False
2020-03-27,6.22,12.806736,1.709009,16327560414.86,16327560414.86,2625009713,2625009713,False
2020-03-30,6.25,12.868505,1.717252,16406310706.25,16406310706.25,2625009713,2625009713,False
2020-03-31,6.18,12.724377,1.698019,16222568140.68,16222568140.68,2625011026,2625011026,False
2020-04-01,6.16,12.683198,1.692523,16170067920.16,16170067920.16,2625011026,2625011026,False
2020-04-02,6.25,12.868505,1.717252,16406318912.5,16406318912.5,2625011026,2625011026,False
2020-04-03,6.18,12.724384,1.698019,16222568140.68,16222568140.68,2625011026,2625011026,False
2020-04-07,6.29,12.95087,1.728243,16511319353.54,16511319353.54,2625011026,2625011026,False
2020-04-08,6.28,12.93028,1.725495,16485069243.28,16485069243.28,2625011026,2625011026,False
2020-04-09,6.3,12.971459,1.730991,16537569463.8,16537569463.8,2625011026,2625011026,False
2020-04-10,6.2,12.765563,1.703515,16275068361.2,16275068361.2,2625011026,2625011026,False
2020-04-13,6.18,12.724384,1.698019,16222568140.68,16222568140.68,2625011026,2625011026,False
2020-04-14,6.23,12.827332,1.711757,16353818691.98,16353818691.98,2625011026,2625011026,False
2020-04-15,6.19,12.744973,1.700767,16248818250.94,16248818250.94,2625011026,2625011026,False
2020-04-16,6.2,12.765563,1.703515,16275068361.2,16275068361.2,2625011026,2625011026,False
2020-04-17,6.22,12.806742,1.70901,16327568581.72,16327568581.72,2625011026,2625011026,False
2020-04-20,6.24,12.847921,1.714505,16380068802.24,16380068802.24,2625011026,2625011026,False
2020-04-21,6.18,12.724384,1.698019,16222568140.68,16222568140.68,2625011026,2625011026,False
2020-04-22,6.18,12.724384,1.698019,16222568140.68,16222568140.68,2625011026,2625011026,False
2020-04-23,6.16,12.683205,1.692524,16170067920.16,16170067920.16,2625011026,2625011026,False
2020-04-24,6.1,12.559667,1.676039,16012567258.6,16012567258.6,2625011026,2625011026,False
2020-04-27,6.16,12.683205,1.692524,16170067920.16,16170067920.16,2625011026,2625011026,False
2020-04-28,6.02,12.39495,1.654058,15802566376.52,15802566376.52,2625011026,2625011026,False
2020-04-29,6.07,13.202898,1.593955,15933816927.82,15933816927.82,2625011026,2625011026,False
2020-04-30,6.25,14.291867,1.617154,16406318912.5,16406318912.5,2625011026,2625011026,False
2020-05-06,6.29,14.383335,1.627504,16511320624.12,16511320624.12,2625011228,2625011228,False
2020-05-07,6.23,14.246133,1.61198,16512337316.44,16353819950.44,2650455428,2625011228,False
2020-05-08,6.27,14.337601,1.622329,16618355533.56,16458820399.56,2650455428,2625011228,False
2020-05-11,6.37,14.707463,1.66418,16883401076.36,16721321522.36,2650455428,2625011228,False
2020-05-12,6.62,15.284678,1.729493,17546014933.36,17377574329.36,2650455428,2625011228,False
2020-05-13,6.5,15.007615,1.698143,17227960282.0,17062572982.0,2650455428,2625011228,False
2020-05-14,6.39,14.75364,1.669405,16936410184.92,16773821746.92,2650455428,2625011228,False
2020-05-15,6.32,14.592019,1.651117,16750878304.96,16590070960.96,2650455428,2625011228,False
2020-05-18,6.49,14.984526,1.69553,17201455727.72,17036322869.72,2650455428,2625011228,False
2020-05-19,6.44,14.869083,1.682468,17068932956.32,16905072308.32,2650455428,2625011228,False
2020-05-20,6.37,14.707463,1.66418,16883401076.36,16721321522.36,2650455428,2625011228,False
2020-05-21,6.34,14.638197,1.656342,16803887413.52,16642571185.52,2650455428,2625011228,False
2020-05-22,6.19,14.291867,1.617155,16406319099.32,16248819501.32,2650455428,2625011228,False
2020-05-25,6.19,14.291867,1.617155,16406319099.32,16248819501.32,2650455428,2625011228,False
2020-05-26,6.23,14.384222,1.627605,16512337316.44,16353819950.44,2650455428,2625011228,False
2020-05-27,6.15,14.199513,1.606704,16300300882.2,16143819052.2,2650455428,2625011228,False
2020-05-28,6.11,14.107158,1.596254,16194282665.08,16038818603.08,2650455428,2625011228,False
2020-05-29,6.12,14.130247,1.598867,16220787219.36,16065068715.36,2650455428,2625011228,False
2020-06-01,6.24,14.40731,1.630217,16538841870.72,16380070062.72,2650455428,2625011228,False
2020-06-02,6.26,14.453488,1.635442,16591850979.28,16432570287.28,2650455428,2625011228,False
2020-06-03,6.29,14.522753,1.64328,16671364642.12,16511320624.12,2650455428,2625011228,False
2020-06-04,6.29,14.522753,1.64328,16671364642.12,16511320624.12,2650455428,2625011228,False
2020-06-05,6.27,14.476576,1.638055,16618355533.56,16458820399.56,2650455428,2625011228,False
2020-06-08,6.26,14.453488,1.635442,16591850979.28,16432570287.28,2650455428,2625011228,False
2020-06-09,6.22,14.361133,1.624992,16485832762.16,16327569838.16,2650455428,2625011228,False
2020-06-10,6.19,14.291867,1.617155,16406319099.32,16248819501.32,2650455428,2625011228,False
2020-06-11,6.25,14.430399,1.63283,16565346425.0,16406320175.0,2650455428,2625011228,False
2020-06-12,6.36,14.684374,1.661567,16856896522.08,16695071410.08,2650455428,2625011228,False
2020-06-15,6.38,14.730551,1.666793,16909905630.64,16747571634.64,2650455428,2625011228,False
2020-06-16,6.37,14.707463,1.66418,16883401076.36,16721321522.36,2650455428,2625011228,False
2020-06-17,6.38,14.730551,1.666793,16909905630.64,16747571634.64,2650455428,2625011228,False
2020-06-18,6.37,14.707463,1.66418,16883401076.36,16721321522.36,2650455428,2625011228,False
2020-06-19,6.37,14.707463,1.66418,16883401076.36,16721321522.36,2650455428,2625011228,False
2020-06-22,6.32,14.592019,1.651117,16750878304.96,16590070960.96,2650455428,2625011228,False
2020-06-23,6.25,14.430399,1.63283,16565346425.0,16406320175.0,2650455428,2625011228,False
2020-06-24,6.24,14.40731,1.630217,16538841870.72,16380070062.72,2650455428,2625011228,False
2020-06-29,6.15,14.199513,1.606704,16300300882.2,16143819052.2,2650455428,2625011228,False
2020-06-30,6.18,14.268778,1.614542,16379814545.04,16222569389.04,2650455428,2625011228,False
2020-07-01,6.26,14.453488,1.635442,16591850979.28,16432570287.28,2650455428,2625011228,False
2020-07-02,6.37,14.707463,1.66418,16883401076.36,16721321522.36,2650455428,2625011228,False
2020-07-03,6.53,15.076881,1.70598,17307473944.84,17141323318.84,2650455428,2625011228,False
2020-07-06,6.81,15.723363,1.779131,18049601464.68,17876326462.68,2650455428,2625011228,False
2020-07-07,6.72,15.515565,1.755618,17811060476.16,17640075452.16,2650455428,2625011228,False
2020-07-08,6.87,15.861894,1.794806,18208628790.36,18033827136.36,2650455428,2625011228,False
2020-07-09,7.03,16.231313,1.836607,18632701658.84,18453828932.84,2650455428,2625011228,False
2020-07-10,6.8,15.700274,1.776519,18023096910.4,17850076350.4,2650455428,2625011228,False
2020-07-13,7.05,16.27749,1.841832,18685710767.4,18506329157.4,2650455428,2625011228,False
2020-07-14,6.98,16.115869,1.823544,18500178887.44,18322578371.44,2650455428,2625011228,False
2020-07-15,6.77,15.631008,1.768681,17943583247.56,17771326013.56,2650455428,2625011228,False
2020-07-16,6.59,15.215413,1.721656,17466501270.52,17298823992.52,2650455428,2625011228,False
2020-07-17,6.62,15.284678,1.729493,17546014933.36,17377574329.36,2650455428,2625011228,False
2020-07-20,6.9,15.93116,1.802644,18288142453.2,18112577473.2,2650455428,2625011228,False
2020-07-21,6.88,15.884983,1.797419,18235133344.64,18060077248.64,2650455428,2625011228,False
2020-07-22,6.81,15.723363,1.779131,18049601464.68,17876326462.68,2650455428,2625011228,False
2020-07-23,7.21,16.646908,1.883632,19109783635.88,18926330953.88,2650455428,2625011228,False
2020-07-24,6.98,16.115869,1.823544,18500178887.44,18322578371.44,2650455428,2625011228,False
2020-07-27,7.27,16.78544,1.899307,19268810961.56,19083831627.56,2650455428,2625011228,False
2020-07-28,7.15,16.508376,1.867957,18950756310.2,18768830280.2,2650455428,2625011228,False
2020-07-29,7.2,16.62382,1.88102,19083279081.6,18900080841.6,2650455428,2625011228,False
2020-07-30,7.13,16.462199,1.862732,18897747201.64,18716330055.64,2650455428,2625011228,False
2020-07-31,7.08,16.346756,1.849669,18765224430.24,18585079494.24,2650455428,2625011228,False
2020-08-03,7.2,16.62382,1.88102,19083279081.6,18900080841.6,2650455428,2625011228,False
2020-08-04,7.03,16.231313,1.836607,18632701658.84,18453828932.84,2650455428,2625011228,False
2020-08-05,7.0,16.162047,1.828769,18553187996.0,18375078596.0,2650455428,2625011228,False
2020-08-06,7.09,16.369844,1.852282,18791728984.52,18611329606.52,2650455428,2625011228,False
2020-08-07,6.98,16.115869,1.823544,18500178887.44,18322578371.44,2650455428,2625011228,False
2020-08-10,7.68,17.732074,2.006421,20355497687.04,20160086231.04,2650455428,2625011228,False
2020-08-11,8.45,19.509899,2.207586,22396348366.6,22181344876.6,2650455428,2625011228,False
2020-08-12,9.3,21.472434,2.429651,24649235480.4,24412604420.4,2650455428,2625011228,False
2020-08-13,9.49,21.911118,2.479289,25152822011.72,24911356553.72,2650455428,2625011228,False
2020-08-14,8.57,19.786963,2.238936,22714403017.96,22496346223.96,2650455428,2625011228,False
2020-08-17,8.74,20.17947,2.283349,23164980440.72,22942598132.72,2650455428,2625011228,False
2020-08-18,9.61,22.188181,2.510639,25470876663.08,25226357901.08,2650455428,2625011228,False
2020-08-19,9.36,21.610965,2.445326,24808262806.08,24570105094.08,2650455428,2625011228,False
2020-08-20,9.03,20.84904,2.359112,23933612514.84,23703851388.84,2650455428,2625011228,False
2020-08-21,8.88,20.502711,2.319924,23536044200.64,23310099704.64,2650455428,2625011228,False
2020-08-24,8.81,20.34109,2.301637,23350512320.68,23126348918.68,2650455428,2625011228,False
2020-08-25,8.47,19.556077,2.212811,22449357475.16,22233845101.16,2650455428,2625011228,False
2020-08-26,8.31,19.186658,2.17101,22025284606.68,21813843304.68,2650455428,2625011228,False
2020-08-27,8.34,19.255924,2.178848,22104798269.52,21892593641.52,2650455428,2625011228,False
2020-08-28,8.25,18.225052,2.112659,21866257281.0,21656342631.0,2650455428,2625011228,False
2020-08-31,8.52,18.821509,2.181801,22581880246.56,22365095662.56,2650455428,2625011228,False
2020-09-01,8.57,18.931963,2.194605,22714403017.96,22496346223.96,2650455428,2625011228,False
2020-09-02,8.44,18.644781,2.161314,22369843812.32,22155094764.32,2650455428,2625011228,False
2020-09-03,8.34,18.423871,2.135706,22104798269.52,21892593641.52,2650455428,2625011228,False
2020-09-04,7.91,17.473959,2.025592,20965102435.48,20763838813.48,2650455428,2625011228,False
2020-09-07,7.64,16.877503,1.95645,20249479469.92,20055085781.92,2650455428,2625011228,False
2020-09-08,7.77,17.164686,1.989741,20594038675.56,20396337241.56,2650455428,2625011228,False
2020-09-09,7.62,16.833321,1.951329,20196470361.36,20002585557.36,2650455428,2625011228,False
2020-09-10,7.35,16.236865,1.882187,19480847395.8,19293832525.8,2650455428,2625011228,False
2020-09-11,7.44,16.435684,1.905234,19719388384.32,19530083536.32,2650455428,2625011228,False
2020-09-14,7.4,16.34732,1.894991,19613370167.2,19425083087.2,2650455428,2625011228,False
2020-09-15,7.42,16.391502,1.900113,19666379275.76,19477583311.76,2650455428,2625011228,False
2020-09-16,7.34,16.214774,1.879626,19454342841.52,19267582413.52,2650455428,2625011228,False
2020-09-17,7.32,16.170592,1.874505,19401333732.96,19215082188.96,2650455428,2625011228,False
2020-09-18,7.57,16.722866,1.938525,20063947589.96,19871334995.96,2650455428,2625011228,False
2020-09-21,7.57,16.722866,1.938525,20063947589.96,19871334995.96,2650455428,2625011228,False
2020-09-22,7.38,16.303138,1.889869,19560361058.64,19372582862.64,2650455428,2625011228,False
2020-09-23,7.36,16.258956,1.884748,19507351950.08,19320082638.08,2650455428,2625011228,False
2020-09-24,7.14,15.772954,1.82841,18924251755.92,18742580167.92,2650455428,2625011228,False
2020-09-25,7.3,16.12641,1.869383,19348324624.4,19162581964.4,2650455428,2625011228,False
2020-09-28,7.18,15.861318,1.838654,19030269973.04,18847580617.04,2650455428,2625011228,False
2020-09-29,7.27,16.060137,1.861701,19268810961.56,19083831627.56,2650455428,2625011228,False
2020-09-30,7.28,16.082228,1.864261,19295380839.28,19110147063.28,2650464401,2625020201,False
2020-10-09,7.48,16.524047,1.915477,19825473719.48,19635151103.48,2650464401,2625020201,False
2020-10-12,7.66,16.921742,1.961578,20302557311.66,20107654739.66,2650464401,2625020201,False
2020-10-13,7.56,16.700832,1.93597,20037510871.56,19845152719.56,2650464401,2625020201,False
2020-10-14,8.03,17.739111,2.056328,21283229140.03,21078912214.03,2650464401,2625020201,False
2020-10-15,7.81,17.253108,1.999991,20700126971.81,20501407769.81,2650464401,2625020201,False
2020-10-16,7.78,17.186835,1.992308,20620613039.78,20422657163.78,2650464401,2625020201,False
2020-10-19,7.89,17.429836,2.020477,20912164123.89,20711409385.89,2650464401,2625020201,False
2020-10-20,7.85,17.341472,2.010234,20806145547.85,20606408577.85,2650464401,2625020201,False
2020-10-21,7.76,17.142653,1.987187,20567603751.76,20370156759.76,2650464401,2625020201,False
2020-10-22,7.61,16.811287,1.948774,20170034091.61,19976403729.61,2650464401,2625020201,False
2020-10-23,7.87,17.385654,2.015355,20859154835.87,20658908981.87,2650464401,2625020201,False
2020-10-26,7.74,17.098471,1.982065,20514594463.74,20317656355.74,2650464401,2625020201,False
2020-10-27,7.69,16.988015,1.969261,20382071243.69,20186405345.69,2650464401,2625020201,False
2020-10-28,7.39,16.325284,1.892437,19586931923.39,19398899285.39,2650464401,2625020201,False
2020-10-29,7.42,16.391557,1.900119,19666445855.42,19477649891.42,2650464401,2625020201,False
2020-10-30,7.2,15.075196,1.769705,19083343687.2,18900145447.2,2650464401,2625020201,False
2020-11-02,7.18,15.033321,1.764789,19030334399.18,18847645043.18,2650464401,2625020201,False
2020-11-03,7.33,15.347387,1.801658,19427904059.33,19241398073.33,2650464401,2625020201,False
2020-11-04,7.24,15.158947,1.779536,19189362263.24,19005146255.24,2650464401,2625020201,False
2020-11-05,7.39,15.473014,1.816405,19586931923.39,19398899285.39,2650464401,2625020201,False
2020-11-06,7.34,15.368325,1.804115,19454408703.34,19267648275.34,2650464401,2625020201,False
2020-11-09,7.53,15.766143,1.850816,19957996939.53,19766402113.53,2650464401,2625020201,False
2020-11-10,7.5,15.703329,1.843442,19878483007.5,19687651507.5,2650464401,2625020201,False
2020-11-11,7.53,15.766143,1.850816,19957996939.53,19766402113.53,2650464401,2625020201,False
2020-11-12,7.45,15.598641,1.831153,19745959787.45,19556400497.45,2650464401,2625020201,False
2020-11-13,7.27,15.221761,1.78691,19268876195.27,19083896861.27,2650464401,2625020201,False
2020-11-16,7.45,15.598641,1.831153,19745959787.45,19556400497.45,2650464401,2625020201,False
2020-11-17,7.38,15.452076,1.813947,19560427279.38,19372649083.38,2650464401,2625020201,False
2020-11-18,7.41,15.51489,1.821321,19639941211.41,19451399689.41,2650464401,2625020201,False
2020-11-19,7.32,15.32645,1.7992,19401399415.32,19215147871.32,2650464401,2625020201,False
2020-11-20,7.27,15.221761,1.78691,19268876195.27,19083896861.27,2650464401,2625020201,False
2020-11-23,7.54,15.787081,1.853274,19984501583.54,19792652315.54,2650464401,2625020201,False
2020-11-24,7.67,16.059272,1.885227,20329061955.67,20133904941.67,2650464401,2625020201,False
2020-11-25,7.54,15.787081,1.853274,19984501583.54,19792652315.54,2650464401,2625020201,False
2020-11-26,7.58,15.870832,1.863106,20090520159.58,19897653123.58,2650464401,2625020201,False
2020-11-27,7.8,16.331463,1.91718,20673622327.8,20475157567.8,2650464401,2625020201,False
2020-11-30,7.76,16.247712,1.907348,20567603751.76,20370156759.76,2650464401,2625020201,False
2020-12-01,7.8,16.331463,1.91718,20673622327.8,20475157567.8,2650464401,2625020201,False
2020-12-02,7.93,16.603654,1.949133,21018182699.93,20816410193.93,2650464401,2625020201,False
2020-12-03,7.94,16.624591,1.951591,21044687343.94,20842660395.94,2650464401,2625020201,False
2020-12-04,7.82,16.373338,1.922096,20726631615.82,20527657971.82,2650464401,2625020201,False
2020-12-07,7.65,16.017396,1.880311,20276052667.65,20081404537.65,2650464401,2625020201,False
2020-12-08,7.57,15.849894,1.860648,20064015515.57,19871402921.57,2650464401,2625020201,False
2020-12-09,7.33,15.347387,1.801658,19427904059.33,19241398073.33,2650464401,2625020201,False
2020-12-10,7.33,15.347387,1.801658,19427904059.33,19241398073.33,2650464401,2625020201,False
2020-12-11,7.1,14.865819,1.745125,18818297247.1,18637643427.1,2650464401,2625020201,False
2020-12-14,7.1,14.865819,1.745125,18818297247.1,18637643427.1,2650464401,2625020201,False
2020-12-15,7.15,14.970507,1.757415,18950820467.15,18768894437.15,2650464401,2625020201,False
2020-12-16,7.06,14.782067,1.735294,18712278671.06,18532642619.06,2650464401,2625020201,False
2020-12-17,7.19,15.054259,1.767247,19056839043.19,18873895245.19,2650464401,2625020201,False
2020-12-18,7.2,15.075196,1.769705,19083343687.2,18900145447.2,2650464401,2625020201,False
2020-12-21,7.24,15.158947,1.779536,19189362263.24,19005146255.24,2650464401,2625020201,False
2020-12-22,6.96,14.57269,1.710714,18447232230.96,18270140598.96,2650464401,2625020201,False
2020-12-23,7.1,14.865819,1.745125,18818297247.1,18637643427.1,2650464401,2625020201,False
2020-12-24,7.06,14.782067,1.735294,18712278671.06,18532642619.06,2650464401,2625020201,False
2020-12-25,7.2,15.075196,1.769705,19083343687.2,18900145447.2,2650464401,2625020201,False
2020-12-28,7.19,15.054259,1.767247,19056839043.19,18873895245.19,2650464401,2625020201,False
2020-12-29,7.39,15.473014,1.816405,19586931923.39,19398899285.39,2650464401,2625020201,False
2020-12-30,7.31,15.305512,1.796742,19374894771.31,19188897669.31,2650464401,2625020201,False
2020-12-31,7.28,15.242698,1.789368,19295384552.08,19110150776.08,2650464911,2625020711,False
2021-01-04,7.28,15.242698,1.789368,19295384552.08,19110150776.08,2650464911,2625020711,False
2021-01-05,8.01,16.771159,1.968797,21230223937.11,21026415895.11,2650464911,2625020711,False
2021-01-06,7.83,16.394279,1.924554,20753140253.13,20553912167.13,2650464911,2625020711,False
2021-01-07,7.67,16.059275,1.885227,20329065867.37,20133908853.37,2650464911,2625020711,False
2021-01-08,7.57,15.849897,1.860648,20064019376.27,19871406782.27,2650464911,2625020711,False
2021-01-11,7.54,15.787084,1.853274,19984505428.94,19792656160.94,2650464911,2625020711,False
2021-01-12,7.58,15.870835,1.863106,20090524025.38,19897656989.38,2650464911,2625020711,False
2021-01-13,8.2,17.168977,2.015497,21733812270.2,21525169830.2,2650464911,2625020711,False
2021-01-14,8.37,17.524919,2.057282,22184391305.07,21971423351.07,2650464911,2625020711,False
2021-01-15,8.09,16.933257,1.987826,21435419416.99,21236417551.99,2649619211,2625020711,False
2021-01-18,8.09,16.933257,1.987826,21435419416.99,21236417551.99,2649619211,2625020711,False
2021-01-19,7.83,16.389048,1.92394,20746518422.13,20553912167.13,2649619211,2625020711,False
2021-01-20,7.91,16.556497,1.943597,20958487959.01,20763913824.01,2649619211,2625020711,False
2021-01-21,8.05,16.849532,1.977997,21329434648.55,21131416723.55,2649619211,2625020711,False
2021-01-22,7.83,16.389048,1.92394,20746518422.13,20553912167.13,2649619211,2625020711,False
2021-01-25,8.0,16.744877,1.965711,21196953688.0,21000165688.0,2649619211,2625020711,False
2021-01-26,8.17,17.100705,2.007483,21647388953.87,21446419208.87,2649619211,2625020711,False
2021-01-27,8.18,17.121636,2.00994,21673885145.98,21472669415.98,2649619211,2625020711,False
2021-01-28,8.16,17.079774,2.005026,21620892761.76,21420169001.76,2649619211,2625020711,False
2021-01-29,8.4,17.582121,2.063997,22256801372.4,22050173972.4,2649619211,2625020711,False
2021-02-01,8.4,17.582121,2.063997,22256801372.4,22050173972.4,2649619211,2625020711,False
2021-02-02,8.2,17.163499,2.014854,21726877530.2,21525169830.2,2649619211,2625020711,False
2021-02-03,7.66,16.033219,1.882169,20296083156.26,20107658646.26,2649619211,2625020711,False
2021-02-04,6.89,14.421525,1.692969,18255876363.79,18086392698.79,2649619211,2625020711,False
2021-02-05,6.63,13.877317,1.629083,17566975368.93,17403887313.93,2649619211,2625020711,False
2021-02-08,6.57,13.75173,1.61434,17407998216.27,17246386071.27,2649619211,2625020711,False
2021-02-09,6.73,14.086628,1.653655,17831937290.03,17666389385.03,2649619211,2625020711,False
2021-02-10,6.67,13.961041,1.638912,17672960137.37,17508888142.37,2649619211,2625020711,False
2021-02-18,6.83,14.295939,1.678226,18096899211.13,17928891456.13,2649619211,2625020711,False
2021-02-19,7.17,15.007596,1.761769,18997769742.87,18821398497.87,2649619211,2625020711,False
2021-02-22,7.23,15.133182,1.776512,19156746895.53,18978899740.53,2649619211,2625020711,False
2021-02-23,7.15,14.965734,1.756855,18944777358.65,18768898083.65,2649619211,2625020711,False
2021-02-24,7.19,15.049458,1.766683,19050762127.09,18873898912.09,2649619211,2625020711,False
2021-02-25,7.15,14.965734,1.756855,18944777358.65,18768898083.65,2649619211,2625020711,False
2021-02-26,7.06,14.777354,1.73474,18706311629.66,18532646219.66,2649619211,2625020711,False
2021-03-01,7.3,15.2797,1.793712,19342220240.3,19162651190.3,2649619211,2625020711,False
2021-03-02,7.17,15.007596,1.761769,18997769742.87,18821398497.87,2649619211,2625020711,False
2021-03-03,7.25,15.175045,1.781426,19209739279.75,19031400154.75,2649619211,2625020711,False
2021-03-04,7.14,14.944802,1.754397,18918281166.54,18742647876.54,2649619211,2625020711,False
2021-03-05,7.22,15.112251,1.774055,19130250703.42,18952649533.42,2649619211,2625020711,False
2021-03-08,7.94,16.61929,1.950969,21037976535.34,20842664445.34,2649619211,2625020711,False
2021-03-09,7.72,16.158806,1.896911,20455060308.92,20265159888.92,2649619211,2625020711,False
2021-03-10,7.9,16.535566,1.94114,20931991766.9,20737663616.9,2649619211,2625020711,False
2021-03-11,7.99,16.723946,1.963254,21170457495.89,20973915480.89,2649619211,2625020711,False
2021-03-12,8.1,16.954188,1.990283,21461915609.1,21262667759.1,2649619211,2625020711,False
2021-03-15,8.15,17.058843,2.002568,21594396569.65,21393918794.65,2649619211,2625020711,False
2021-03-16,8.15,17.058843,2.002568,21594396569.65,21393918794.65,2649619211,2625020711,False
2021-03-17,7.81,16.347186,1.919026,20693526037.91,20501411752.91,2649619211,2625020711,False
2021-03-18,7.8,16.326255,1.916569,20667029845.8,20475161545.8,2649619211,2625020711,False
2021-03-19,7.77,16.263462,1.909197,20587541269.47,20396410924.47,2649619211,2625020711,False
2021-03-22,8.14,17.037912,2.000111,21567900377.54,21367668587.54,2649619211,2625020711,False
2021-03-23,8.0,16.744877,1.965711,21196953688.0,21000165688.0,2649619211,2625020711,False
2021-03-24,7.99,16.723946,1.963254,21170457495.89,20973915480.89,2649619211,2625020711,False
2021-03-25,7.64,15.991357,1.877254,20243090772.04,20055158232.04,2649619211,2625020711,False
2021-03-26,8.19,17.142568,2.012397,21700381338.09,21498919623.09,2649619211,2625020711,False
2021-03-29,8.09,16.933257,1.987826,21435419416.99,21236417551.99,2649619211,2625020711,False
2021-03-30,7.93,16.598359,1.948511,21011480343.23,20816414238.23,2649619211,2625020711,False
2021-03-31,8.37,17.519327,2.056626,22177316219.4,21971426774.4,2649619620,2625021120,False
2021-04-01,8.31,17.393741,2.041883,22018339042.2,21813925507.2,2649619620,2625021120,False
2021-04-02,8.22,17.205363,2.019769,21779873276.4,21577673606.4,2649619620,2625021120,False
2021-04-06,8.2,17.163501,2.014854,21726880884.0,21525173184.0,2649619620,2625021120,False
2021-04-07,8.2,17.163501,2.014854,21726880884.0,21525173184.0,2649619620,2625021120,False
2021-04-08,8.03,16.807673,1.973083,21276445548.6,21078919593.6,2649619620,2625021120,False
2021-04-09,8.02,16.786742,1.970626,21249949352.4,21052669382.4,2649619620,2625021120,False
2021-04-12,8.2,17.163501,2.014854,21726880884.0,21525173184.0,2649619620,2625021120,False
2021-04-13,7.9,16.535568,1.94114,20931994998.0,20737666848.0,2649619620,2625021120,False
2021-04-14,8.69,18.189125,2.135254,23025194497.8,22811433532.8,2649619620,2625021120,False
2021-04-15,8.13,17.016984,1.997655,21541407510.6,21341421705.6,2649619620,2625021120,False
2021-04-16,8.34,17.456537,2.049254,22097827630.8,21892676140.8,2649619620,2625021120,False
2021-04-19,8.37,17.51933,2.056626,22177316219.4,21971426774.4,2649619620,2625021120,False
2021-04-20,8.23,17.226295,2.022226,21806369472.6,21603923817.6,2649619620,2625021120,False
2021-04-21,8.19,17.14257,2.012397,21700384687.8,21498922972.8,2649619620,2625021120,False
2021-04-22,8.13,17.016984,1.997655,21541407510.6,21341421705.6,2649619620,2625021120,False
2021-04-23,8.02,16.786742,1.970626,21249949352.4,21052669382.4,2649619620,2625021120,False
2021-04-26,7.93,15.450856,1.826064,21011483586.6,20816417481.6,2649619620,2625021120,False
2021-04-27,7.81,15.217048,1.798432,20693529232.2,20501414947.2,2649619620,2625021120,False
2021-04-28,7.93,15.450856,1.826064,21011483586.6,20816417481.6,2649619620,2625021120,False
2021-04-29,7.89,13.363682,1.765793,20905498801.8,20711416636.8,2649619620,2625021120,False
2021-04-30,7.68,13.007995,1.718794,20349078681.6,20160162201.6,2649619620,2625021120,False
2021-05-06,7.73,13.092682,1.729984,20481559662.6,20291413257.6,2649619620,2625021120,False
2021-05-07,7.85,13.295932,1.756841,20799514017.0,20606415792.0,2649619620,2625021120,False
2021-05-10,7.85,13.295932,1.756841,20799514017.0,20606415792.0,2649619620,2625021120,False
2021-05-11,7.79,13.194307,1.743413,20640536839.8,20448914524.8,2649619620,2625021120,False
2021-05-12,7.23,12.245807,1.618084,19156749852.6,18978902697.6,2649619620,2625021120,False
2021-05-13,7.15,12.110307,1.60018,18944780283.0,18768901008.0,2649619620,2625021120,False
2021-05-14,7.3,12.36437,1.63375,19342223226.0,19162654176.0,2649619620,2625021120,False
2021-05-17,7.31,12.381307,1.635988,19368719422.2,19188904387.2,2649619620,2625021120,False
2021-05-18,7.49,12.686182,1.676272,19845650953.8,19661408188.8,2649619620,2625021120,False
2021-05-19,7.47,12.652307,1.671796,19792658561.4,19608907766.4,2649619620,2625021120,False
2021-05-20,7.32,12.398245,1.638226,19395215618.4,19215154598.4,2649619620,2625021120,False
2021-05-21,7.23,12.245807,1.618084,19156749852.6,18978902697.6,2649619620,2625021120,False
2021-05-24,7.24,12.262745,1.620322,19183246048.8,19005152908.8,2649619620,2625021120,False
2021-05-25,7.31,12.381307,1.635988,19368719422.2,19188904387.2,2649619620,2625021120,False
2021-05-26,7.34,12.43212,1.642702,19448208010.8,19267655020.8,2649619620,2625021120,False
2021-05-27,7.32,12.398245,1.638226,19395215618.4,19215154598.4,2649619620,2625021120,False
2021-05-28,7.24,12.262745,1.620322,19183246048.8,19005152908.8,2649619620,2625021120,False
2021-05-31,7.38,12.49987,1.651654,19554192795.6,19372655865.6,2649619620,2625021120,False
2021-06-01,7.33,12.415182,1.640464,19421711814.6,19241404809.6,2649619620,2625021120,False
2021-06-02,7.27,12.313557,1.627036,19262734637.4,19083903542.4,2649619620,2625021120,False
2021-06-03,7.25,12.279682,1.62256,19209742245.0,19031403120.0,2649619620,2625021120,False
2021-06-04,7.2,12.194995,1.61137,19077261264.0,18900152064.0,2649619620,2625021120,False
2021-06-07,7.16,12.127245,1.602418,18971276479.2,18795151219.2,2649619620,2625021120,False
2021-06-08,7.22,12.22887,1.615846,19130253656.4,18952652486.4,2649619620,2625021120,False
2021-06-09,7.26,12.29662,1.624798,19236238441.2,19057653331.2,2649619620,2625021120,False
2021-06-10,7.23,12.245807,1.618084,19156749852.6,18978902697.6,2649619620,2625021120,False
2021-06-11,7.18,12.16112,1.606894,19024268871.6,18847651641.6,2649619620,2625021120,False
2021-06-15,7.09,12.008682,1.586752,18785803105.8,18611399740.8,2649619620,2625021120,False
2021-06-16,7.1,12.02562,1.58899,18812299302.0,18637649952.0,2649619620,2625021120,False
2021-06-17,7.07,11.974807,1.582276,18732810713.4,18558899318.4,2649619620,2625021120,False
2021-06-18,7.2,12.194995,1.61137,19077261264.0,18900152064.0,2649619620,2625021120,False
2021-06-21,7.32,12.398245,1.638226,19395215618.4,19215154598.4,2649619620,2625021120,False
2021-06-22,7.32,12.398245,1.638226,19395215618.4,19215154598.4,2649619620,2625021120,False
2021-06-23,7.33,12.415182,1.640464,19421711814.6,19241404809.6,2649619620,2625021120,False
2021-06-24,7.36,12.465995,1.647178,19501200403.2,19320155443.2,2649619620,2625021120,False
2021-06-25,7.32,12.398245,1.638226,19395215618.4,19215154598.4,2649619620,2625021120,False
2021-06-28,7.36,12.465995,1.647178,19501200403.2,19320155443.2,2649619620,2625021120,False
2021-06-29,7.2,12.194995,1.61137,19077261264.0,18900152064.0,2649619620,2625021120,False
2021-06-30,7.22,12.22887,1.615846,19130260298.8,18952659128.8,2649620540,2625022040,False
2021-07-01,7.13,12.076432,1.595704,18891794450.2,18716407145.2,2649620540,2625022040,False
2021-07-02,7.07,11.974812,1.582276,18732817217.8,18558905822.8,2649620540,2625022040,False
2021-07-05,7.08,11.991749,1.584514,18759313423.2,18585156043.2,2649620540,2625022040,False
2021-07-06,7.11,12.042562,1.591228,18838802039.4,18663906704.4,2649620540,2625022040,False
2021-07-07,7.07,11.974812,1.582276,18732817217.8,18558905822.8,2649620540,2625022040,False
2021-07-08,6.97,11.805437,1.559896,18467855163.8,18296403618.8,2649620540,2625022040,False
2021-07-09,7.0,11.856249,1.56661,18547343780.0,18375154280.0,2649620540,2625022040,False
2021-07-12,7.1,12.025624,1.58899,18812305834.0,18637656484.0,2649620540,2625022040,False
2021-07-13,7.02,11.890124,1.571086,18600336190.8,18427654720.8,2649620540,2625022040,False
2021-07-14,6.94,11.754624,1.553182,18388366547.6,18217652957.6,2649620540,2625022040,False
2021-07-15,6.94,11.754624,1.553182,18388366547.6,18217652957.6,2649620540,2625022040,False
2021-07-16,6.94,11.754624,1.553182,18388366547.6,18217652957.6,2649620540,2625022040,False
2021-07-19,6.81,11.534437,1.524088,18043915877.4,17876400092.4,2649620540,2625022040,False
2021-07-20,6.9,11.686874,1.54423,18282381726.0,18112652076.0,2649620540,2625022040,False
2021-07-21,6.91,11.703812,1.546468,18308877931.4,18138902296.4,2649620540,2625022040,False
2021-07-22,6.98,11.822374,1.562134,18494351369.2,18322653839.2,2649620540,2625022040,False
2021-07-23,7.08,11.991749,1.584514,18759313423.2,18585156043.2,2649620540,2625022040,False
2021-07-26,7.08,11.991749,1.584514,18759313423.2,18585156043.2,2649620540,2625022040,False
2021-07-27,6.93,11.737687,1.550944,18361870342.2,18191402737.2,2649620540,2625022040,False
2021-07-28,6.77,11.466687,1.515136,17937931055.8,17771399210.8,2649620540,2625022040,False
2021-07-29,6.78,11.483624,1.517374,17964427261.2,17797649431.2,2649620540,2625022040,False
2021-07-30,7.04,11.920884,1.57515,18648455513.6,18480155161.6,2648928340,2625022040,False
2021-08-02,7.11,12.039416,1.590812,18833880497.4,18663906704.4,2648928340,2625022040,False
2021-08-03,7.3,12.361144,1.633324,19337176882.0,19162660892.0,2648928340,2625022040,False
2021-08-04,7.21,12.208746,1.613187,19098773331.4,18926408908.4,2648928340,2625022040,False
2021-08-05,7.21,12.208746,1.613187,19098773331.4,18926408908.4,2648928340,2625022040,False
2021-08-06,7.23,12.242612,1.617662,19151751898.2,18978909349.2,2648928340,2625022040,False
2021-08-09,7.24,12.259546,1.619899,19178241181.6,19005159569.6,2648928340,2625022040,False
2021-08-10,7.32,12.39501,1.637799,19390155448.8,19215161332.8,2648928340,2625022040,False
2021-08-11,7.28,12.327278,1.628849,19284198315.2,19110160451.2,2648928340,2625022040,False
2021-08-12,7.27,12.310345,1.626611,19257709031.8,19083910230.8,2648928340,2625022040,False
2021-08-13,7.15,12.107148,1.599762,18939837631.0,18768907586.0,2648928340,2625022040,False
2021-08-16,7.17,12.141014,1.604237,18992816197.8,18821408026.8,2648928340,2625022040,False
2021-08-17,7.21,12.208746,1.613187,19098773331.4,18926408908.4,2648928340,2625022040,False
2021-08-18,7.93,13.427928,1.774282,21006001736.2,20816424777.2,2648928340,2625022040,False
2021-08-19,7.78,13.173932,1.74072,20608662485.2,20422671471.2,2648928340,2625022040,False
2021-08-20,8.14,13.783522,1.821268,21562276687.6,21367679405.6,2648928340,2625022040,False
2021-08-23,8.09,13.698857,1.810081,21429830270.6,21236428303.6,2648928340,2625022040,False
2021-08-24,7.93,13.427928,1.774282,21006001736.2,20816424777.2,2648928340,2625022040,False
2021-08-25,8.5,14.393113,1.901815,22515890890.0,22312687340.0,2648928340,2625022040,False
2021-08-26,8.58,14.528577,1.919715,22727805157.2,22522689103.2,2648928340,2625022040,False
2021-08-27,8.41,14.240715,1.881678,22277487339.4,22076435356.4,2648928340,2625022040,False
2021-08-30,8.29,14.657199,1.845461,21959615938.6,21761432711.6,2648928340,2625022040,False
2021-08-31,8.48,14.99313,1.887758,22462912323.2,22260186899.2,2648928340,2625022040,False
2021-09-01,8.79,15.541228,1.956768,23284080108.6,23073943731.6,2648928340,2625022040,False
2021-09-02,9.12,16.124687,2.03023,24158226460.8,23940201004.8,2648928340,2625022040,False
2021-09-03,8.85,15.647312,1.970125,23443015809.0,23231445054.0,2648928340,2625022040,False
2021-09-06,8.99,15.89484,2.00129,23813865776.6,23598948139.6,2648928340,2625022040,False
2021-09-07,9.06,16.018604,2.016873,23999290760.4,23782699682.4,2648928340,2625022040,False
2021-09-08,9.69,17.13248,2.15712,25668115614.6,25436463567.6,2648928340,2625022040,False
2021-09-09,9.68,17.1148,2.154893,25641626331.2,25410213347.2,2648928340,2625022040,False
2021-09-10,9.75,17.238564,2.170476,25827051315.0,25593964890.0,2648928340,2625022040,False
2021-09-13,10.73,18.971261,2.388637,28423001088.2,28166486489.2,2648928340,2625022040,False
2021-09-14,10.17,17.981148,2.263974,26939601217.8,26696474146.8,2648928340,2625022040,False
2021-09-15,10.29,18.193315,2.290687,27257472618.6,27011476791.6,2648928340,2625022040,False
2021-09-16,9.7,17.150161,2.159346,25694604898.0,25462713788.0,2648928340,2625022040,False
2021-09-17,9.87,17.450731,2.19719,26144922715.8,25908967534.8,2648928340,2625022040,False
2021-09-22,10.86,19.201108,2.417577,28767361772.4,28507739354.4,2648928340,2625022040,False
2021-09-23,11.2,19.802248,2.493265,29667997408.0,29400246848.0,2648928340,2625022040,False
2021-09-24,10.97,19.395594,2.442064,29058743889.8,28796491778.8,2648928340,2625022040,False
2021-09-27,9.87,17.450731,2.19719,26144922715.8,25908967534.8,2648928340,2625022040,False
2021-09-28,10.07,17.804342,2.241712,26674708383.8,26433971942.8,2648928340,2625022040,False
2021-09-29,10.01,17.698259,2.228356,26515772683.4,26276470620.4,2648928340,2625022040,False
2021-09-30,9.72,17.185522,2.163798,25747642542.96,25515273306.96,2648934418,2625028118,False
2021-10-08,8.99,15.89484,2.00129,23813920417.82,23599002780.82,2648934418,2625028118,False
2021-10-11,8.66,15.311381,1.927828,22939772059.88,22732743501.88,2648934418,2625028118,False
2021-10-12,8.4,14.851686,1.869949,22251049111.2,22050236191.2,2648934418,2625028118,False
2021-10-13,8.37,14.798644,1.86327,22171581078.66,21971485347.66,2648934418,2625028118,False
2021-10-14,8.39,14.834039,1.867727,22224559767.02,22023985910.02,2648934418,2625028118,False
2021-10-15,8.26,14.604191,1.838787,21880198292.68,21682732254.68,2648934418,2625028118,False
2021-10-18,8.4,14.85172,1.869953,22251049111.2,22050236191.2,2648934418,2625028118,False
2021-10-19,8.69,15.364458,1.934511,23019240092.42,22811494345.42,2648934418,2625028118,False
2021-10-20,8.78,15.523583,1.954546,23257644190.04,23047746876.04,2648934418,2625028118,False
2021-10-21,8.68,15.346777,1.932285,22992750748.24,22785244064.24,2648934418,2625028118,False
2021-10-22,8.48,14.993165,1.887762,22462963864.64,22260238440.64,2648934418,2625028118,False
2021-10-25,8.6,15.205332,1.914476,22780835994.8,22575241814.8,2648934418,2625028118,False
2021-10-26,8.77,15.505903,1.95232,23231154845.86,23021496594.86,2648934418,2625028118,False
2021-10-27,8.9,15.735751,1.98126,23575516320.2,23362750250.2,2648934418,2625028118,False
2021-10-28,8.63,15.258374,1.921154,22860304027.34,22653992658.34,2648934418,2625028118,False
2021-10-29,8.36,14.780997,1.861049,22145091734.48,21945235066.48,2648934418,2625028118,False
2021-11-01,8.61,15.721055,1.833188,22807325338.98,22601492095.98,2648934418,2625028118,False
2021-11-02,8.44,15.410651,1.796992,22357006487.92,22155237315.92,2648934418,2625028118,False
2021-11-03,8.96,16.360123,1.907708,23734452385.28,23520251937.28,2648934418,2625028118,False
2021-11-04,9.36,17.090485,1.992873,24794026152.48,24570263184.48,2648934418,2625028118,False
2021-11-05,8.96,16.360123,1.907708,23734452385.28,23520251937.28,2648934418,2625028118,False
2021-11-08,9.15,16.707045,1.948161,24237749924.7,24019007279.7,2648934418,2625028118,False
2021-11-09,9.29,16.962672,1.977969,24608600743.22,24386511216.22,2648934418,2625028118,False
2021-11-10,9.09,16.59749,1.935386,24078813859.62,23861505592.62,2648934418,2625028118,False
2021-11-11,9.01,16.451418,1.918353,23866899106.18,23651503343.18,2648934418,2625028118,False
2021-11-12,9.18,16.761822,1.954549,24317217957.24,24097758123.24,2648934418,2625028118,False
2021-11-15,9.0,16.433159,1.916224,23840409762.0,23625253062.0,2648934418,2625028118,False
2021-11-16,8.44,15.410651,1.796992,22357006487.92,22155237315.92,2648934418,2625028118,False
2021-11-17,8.5,15.520206,1.809767,22515942553.0,22312739003.0,2648934418,2625028118,False
2021-11-18,8.52,15.556724,1.814026,22568921241.36,22365239565.36,2648934418,2625028118,False
2021-11-19,8.63,15.757573,1.837446,22860304027.34,22653992658.34,2648934418,2625028118,False
2021-11-22,9.17,16.743563,1.95242,24290728613.06,24071507842.06,2648934418,2625028118,False
2021-11-23,9.28,16.944413,1.97584,24582111399.04,24360260935.04,2648934418,2625028118,False
2021-11-24,9.28,16.944413,1.97584,24582111399.04,24360260935.04,2648934418,2625028118,False
2021-11-25,9.59,17.510444,2.041843,25403281068.62,25174019651.62,2648934418,2625028118,False
2021-11-26,9.34,17.053967,1.988615,24741047464.12,24517762622.12,2648934418,2625028118,False
2021-11-29,10.04,18.332102,2.137655,26595301556.72,26355282304.72,2648934418,2625028118,False
2021-11-30,9.97,18.204288,2.122751,26409876147.46,26171530336.46,2648934418,2625028118,False
2021-12-01,10.07,18.386879,2.144042,26674769589.26,26434033148.26,2648934418,2625028118,False
2021-12-02,9.99,18.240806,2.127009,26462854835.82,26224030898.82,2648934418,2625028118,False
2021-12-03,10.29,18.78611,2.190595,27253954241.22,27011539334.22,2648586418,2625028118,False
2021-12-06,9.96,18.18364,2.120343,26379920723.28,26145280055.28,2648586418,2625028118,False
2021-12-07,10.0,18.256667,2.128858,26485864180.0,26250281180.0,2648586418,2625028118,False
2021-12-08,9.81,17.90979,2.08841,25982632760.58,25751525837.58,2648586418,2625028118,False
2021-12-09,9.67,17.654197,2.058606,25611830662.06,25384021901.06,2648586418,2625028118,False
2021-12-10,9.58,17.489887,2.039446,25373457884.44,25147769370.44,2648586418,2625028118,False
2021-12-13,9.89,18.055843,2.105441,26194519674.02,25961528087.02,2648586418,2625028118,False
2021-12-14,9.68,17.672453,2.060735,25638316526.24,25410272182.24,2648586418,2625028118,False
2021-12-15,9.81,17.90979,2.08841,25982632760.58,25751525837.58,2648586418,2625028118,False
2021-12-16,10.32,18.84088,2.196982,27333411833.76,27090290177.76,2648586418,2625028118,False
2021-12-17,10.67,19.479863,2.271492,28260417080.06,28009050019.06,2648586418,2625028118,False
2021-12-20,10.73,19.589403,2.284265,28419332265.14,28166551706.14,2648586418,2625028118,False
2021-12-21,10.83,19.77197,2.305554,28684190906.94,28429054517.94,2648586418,2625028118,False
2021-12-22,10.48,19.132987,2.231044,27757185660.64,27510294676.64,2648586418,2625028118,False
2021-12-23,10.51,19.187757,2.23743,27836643253.18,27589045520.18,2648586418,2625028118,False
2021-12-24,10.35,18.89565,2.203368,27412869426.3,27169041021.3,2648586418,2625028118,False
2021-12-27,10.36,18.913907,2.205497,27439355290.48,27195291302.48,2648586418,2625028118,False
2021-12-28,10.0,18.256667,2.128858,26485864180.0,26250281180.0,2648586418,2625028118,False
2021-12-29,9.9,18.0741,2.10757,26221005538.2,25987778368.2,2648586418,2625028118,False
2021-12-30,10.02,18.29318,2.133116,26538835908.36,26302781742.36,2648586418,2625028118,False
2021-12-31,9.97,18.201897,2.122472,26406499079.15,26171622828.15,2648595695,2625037395,False
2022-01-04,9.93,18.12887,2.113956,26300555251.35,26066621332.35,2648595695,2625037395,False
2022-01-05,9.36,17.08824,1.992611,24790855705.2,24570350017.2,2648595695,2625037395,False
2022-01-06,9.62,17.562913,2.047962,25479490585.9,25252859739.9,2648595695,2625037395,False
2022-01-07,9.45,17.25261,2.011778,25029229317.75,24806603382.75,2648595695,2625037395,False
2022-01-10,9.54,17.416921,2.030938,25267602930.3,25042856748.3,2648595695,2625037395,False
2022-01-11,9.55,17.435178,2.033067,25294088887.25,25069107122.25,2648595695,2625037395,False
2022-01-12,9.49,17.325637,2.020294,25135173145.55,24911604878.55,2648595695,2625037395,False
2022-01-13,9.14,16.686652,1.945783,24208164652.3,23992841790.3,2648595695,2625037395,False
2022-01-14,8.92,16.285004,1.898948,23625473599.4,23415333563.4,2648595695,2625037395,False
2022-01-17,8.93,16.30326,1.901077,23651959556.35,23441583937.35,2648595695,2625037395,False
2022-01-18,9.15,16.704909,1.947912,24234650609.25,24019092164.25,2648595695,2625037395,False
2022-01-19,9.14,16.686652,1.945783,24208164652.3,23992841790.3,2648595695,2625037395,False
2022-01-20,9.26,16.905733,1.97133,24525996135.7,24307846277.7,2648595695,2625037395,False
2022-01-21,8.89,16.230234,1.892562,23546015728.55,23336582441.55,2648595695,2625037395,False
2022-01-24,9.02,16.467571,1.920237,23890333168.9,23677837302.9,2648595695,2625037395,False
2022-01-25,8.72,15.919869,1.856371,23095754460.4,22890326084.4,2648595695,2625037395,False
2022-01-26,8.79,16.047666,1.871273,23281156159.05,23074078702.05,2648595695,2625037395,False
2022-01-27,8.68,15.846842,1.847855,22989810632.6,22785324588.6,2648595695,2625037395,False
2022-01-28,8.43,15.390424,1.794634,22327661708.85,22129065239.85,2648595695,2625037395,False
2022-02-07,8.97,16.376287,1.909593,23757903384.15,23546585433.15,2648595695,2625037395,False
2022-02-08,9.22,16.832706,1.962814,24420052307.9,24202844781.9,2648595695,2625037395,False
2022-02-09,9.28,16.942246,1.975587,24578968049.6,24360347025.6,2648595695,2625037395,False
2022-02-10,9.42,17.19784,2.005392,24949771446.9,24727852260.9,2648595695,2625037395,False
2022-02-11,9.21,16.814449,1.960685,24393566350.95,24176594407.95,2648595695,2625037395,False
2022-02-14,9.12,16.650138,1.941526,24155192738.4,23940341042.4,2648595695,2625037395,False
2022-02-15,9.03,16.485828,1.922366,23916819125.85,23704087676.85,2648595695,2625037395,False
2022-02-16,9.25,16.887476,1.969201,24499510178.75,24281595903.75,2648595695,2625037395,False
2022-02-17,9.19,16.777935,1.956428,24340594437.05,24124093660.05,2648595695,2625037395,False
2022-02-18,9.33,17.03353,1.986232,24711397834.35,24491598895.35,2648595695,2625037395,False
2022-02-21,9.24,16.869219,1.967072,24473024221.8,24255345529.8,2648595695,2625037395,False
2022-02-22,8.91,16.266747,1.896819,23598987642.45,23389083189.45,2648595695,2625037395,False
2022-02-23,8.96,16.358031,1.907464,23731417427.2,23520335059.2,2648595695,2625037395,False
2022-02-24,8.65,15.792072,1.841469,22910352761.75,22706573466.75,2648595695,2625037395,False
2022-02-25,8.91,16.266747,1.896819,23598987642.45,23389083189.45,2648595695,2625037395,False
2022-02-28,9.02,16.467571,1.920237,23890333168.9,23677837302.9,2648595695,2625037395,False
2022-03-01,9.13,16.668395,1.943654,24181678695.35,23966591416.35,2648595695,2625037395,False
2022-03-02,9.15,16.704909,1.947912,24234650609.25,24019092164.25,2648595695,2625037395,False
2022-03-03,9.35,17.070043,1.990489,24764369748.25,24544099643.25,2648595695,2625037395,False
2022-03-04,9.27,16.923989,1.973459,24552482092.65,24334096651.65,2648595695,2625037395,False
2022-03-07,9.08,16.577111,1.93301,24049248910.6,23835339546.6,2648595695,2625037395,False
2022-03-08,8.66,15.810329,1.843598,22936838718.7,22732823840.7,2648595695,2625037395,False
2022-03-09,8.78,16.02941,1.869144,23254670202.1,23047828328.1,2648595695,2625037395,False
2022-03-10,9.1,16.613625,1.937268,24102220824.5,23887840294.5,2648595695,2625037395,False
2022-03-11,8.85,16.157207,1.884046,23440071900.75,23231580945.75,2648595695,2625037395,False
2022-03-14,8.54,15.591248,1.818051,22619007235.3,22417819353.3,2648595695,2625037395,False
2022-03-15,7.69,14.039426,1.637098,20367700894.55,20186537567.55,2648595695,2625037395,False
2022-03-16,7.8,14.24025,1.660515,20659046421.0,20475291681.0,2648595695,2625037395,False
2022-03-17,7.75,14.148966,1.649871,20526616636.25,20344039811.25,2648595695,2625037395,False
2022-03-18,7.89,14.40456,1.679675,20897420033.55,20711545046.55,2648595695,2625037395,False
2022-03-21,7.91,14.441074,1.683933,20950391947.45,20764045794.45,2648595695,2625037395,False
2022-03-22,7.97,14.550614,1.696706,21109307689.15,20921548038.15,2648595695,2625037395,False
2022-03-23,8.02,14.641898,1.70735,21241737473.9,21052799907.9,2648595695,2625037395,False
2022-03-24,7.85,14.331534,1.67116,20791476205.75,20606543550.75,2648595695,2625037395,False
2022-03-25,7.76,14.167223,1.652,20553102593.2,20370290185.2,2648595695,2625037395,False
2022-03-28,7.93,14.477587,1.688191,21003363861.35,20816546542.35,2648595695,2625037395,False
2022-03-29,7.92,14.459331,1.686062,20976877904.4,20790296168.4,2648595695,2625037395,False
2022-03-30,8.1,14.787952,1.724381,21453625129.5,21262802899.5,2648595695,2625037395,False
2022-03-31,7.97,14.550614,1.696706,21109720965.53,20921961314.53,2648647549,2625089249,False
2022-04-01,8.01,14.623641,1.705221,21215666867.49,21026964884.49,2648647549,2625089249,False
2022-04-06,8.14,14.860979,1.732897,21559991048.86,21368226486.86,2648647549,2625089249,False
2022-04-07,7.96,14.532358,1.694577,21083234490.04,20895710422.04,2648647549,2625089249,False
2022-04-08,8.22,15.007033,1.749928,21771882852.78,21578233626.78,2648647549,2625089249,False
2022-04-11,8.21,14.988776,1.747799,21745396377.29,21551982734.29,2648647549,2625089249,False
2022-04-12,8.1,14.788241,1.724415,21454045146.9,21263222916.9,2648647549,2625089249,False
2022-04-13,7.95,14.514385,1.692481,21056748014.55,20869459529.55,2648647549,2625089249,False
2022-04-14,8.18,14.934298,1.741446,21665936950.82,21473230056.82,2648647549,2625089249,False
2022-04-15,8.1,14.788241,1.724415,21454045146.9,21263222916.9,2648647549,2625089249,False
2022-04-18,8.33,15.208154,1.77338,22063234083.17,21866993444.17,2648647549,2625089249,False
2022-04-19,8.89,16.230551,1.892599,23546476710.61,23337043423.61,2648647549,2625089249,False
2022-04-20,8.95,16.340094,1.905372,23705395563.55,23494548778.55,2648647549,2625089249,False
2022-04-21,8.34,15.226411,1.775509,22089720558.66,21893244336.66,2648647549,2625089249,False
2022-04-22,8.45,15.427239,1.798927,22381071789.05,22182004154.05,2648647549,2625089249,False
2022-04-25,7.82,14.277043,1.664806,20712423833.18,20528197927.18,2648647549,2625089249,False
2022-04-26,7.45,13.601531,1.586036,19732424240.05,19556914905.05,2648647549,2625089249,False
2022-04-27,7.77,14.185757,1.654161,20579991455.73,20396943464.73,2648647549,2625089249,False
2022-04-28,7.63,13.930158,1.624356,20209180798.87,20029430969.87,2648647549,2625089249,False
2022-04-29,7.87,14.368328,1.67545,20844856210.63,20659452389.63,2648647549,2625089249,False
2022-05-05,8.26,13.509031,1.654274,21877828754.74,21683237196.74,2648647549,2625089249,False
2022-05-06,8.03,13.132872,1.608211,21268639818.47,21079466669.47,2648647549,2625089249,False
2022-05-09,8.2,13.410902,1.642257,21718909901.8,21525731841.8,2648647549,2625089249,False
2022-05-10,8.5,13.901545,1.70234,22513504166.5,22313258616.5,2648647549,2625089249,False
2022-05-11,8.34,13.639869,1.670296,22089720558.66,21893244336.66,2648647549,2625089249,False
2022-05-12,8.4,13.737998,1.682312,22248639411.6,22050749691.6,2648647549,2625089249,False
2022-05-13,8.34,13.639869,1.670296,22089720558.66,21893244336.66,2648647549,2625089249,False
2022-05-16,8.34,13.639869,1.670296,22089720558.66,21893244336.66,2648647549,2625089249,False
2022-05-17,8.47,13.852481,1.696332,22434044740.03,22234505939.03,2648647549,2625089249,False
2022-05-18,8.33,13.623514,1.668293,22063234083.17,21866993444.17,2648647549,2625089249,False
2022-05-19,8.38,13.705288,1.678307,22195666460.62,21998247906.62,2648647549,2625089249,False
2022-05-20,8.64,14.130512,1.730379,22884314823.36,22680771111.36,2648647549,2625089249,False
2022-05-23,8.53,13.95061,1.708348,22592963592.97,22392011293.97,2648647549,2625089249,False
2022-05-24,8.0,13.083807,1.602202,21189180392.0,21000713992.0,2648647549,2625089249,False
2022-05-25,8.21,13.427257,1.64426,21745396377.29,21551982734.29,2648647549,2625089249,False
2022-05-26,8.46,13.836126,1.694329,22407558264.54,22208255046.54,2648647549,2625089249,False
2022-05-27,8.4,13.737998,1.682312,22248639411.6,22050749691.6,2648647549,2625089249,False
2022-05-30,8.49,13.885191,1.700337,22487017691.01,22287007724.01,2648647549,2625089249,False
2022-05-31,8.5,13.901545,1.70234,22513504166.5,22313258616.5,2648647549,2625089249,False
2022-06-01,8.47,13.852481,1.696332,22434044740.03,22234505939.03,2648647549,2625089249,False
2022-06-02,8.47,13.852481,1.696332,22434044740.03,22234505939.03,2648647549,2625089249,False
2022-06-06,8.53,13.95061,1.708348,22592963592.97,22392011293.97,2648647549,2625089249,False
2022-06-07,8.48,13.868836,1.698334,22460531215.52,22260756831.52,2648647549,2625089249,False
2022-06-08,8.53,13.95061,1.708348,22592963592.97,22392011293.97,2648647549,2625089249,False
2022-06-09,8.7,14.22864,1.742395,23043233676.3,22838276466.3,2648647549,2625089249,False
2022-06-10,8.81,14.408543,1.764425,23334584906.69,23127036283.69,2648647549,2625089249,False
2022-06-13,8.65,14.146867,1.732381,22910801298.85,22707022003.85,2648647549,2625089249,False
2022-06-14,8.63,14.114157,1.728376,22857828347.87,22654520218.87,2648647549,2625089249,False
2022-06-15,8.8,14.392188,1.762423,23308098431.2,23100785391.2,2648647549,2625089249,False
2022-06-16,8.64,14.130512,1.730379,22884314823.36,22680771111.36,2648647549,2625089249,False
2022-06-17,8.55,13.983319,1.712354,22645936543.95,22444513078.95,2648647549,2625089249,False
2022-06-20,8.49,13.885191,1.700337,22487017691.01,22287007724.01,2648647549,2625089249,False
2022-06-21,8.41,13.754352,1.684315,22275125887.09,22077000584.09,2648647549,2625089249,False
2022-06-22,8.27,13.525386,1.656277,21904315230.23,21709488089.23,2648647549,2625089249,False
2022-06-23,8.35,13.656224,1.672299,22116207034.15,21919495229.15,2648647549,2625089249,False
2022-06-24,8.36,13.672579,1.674301,22142693509.64,21945746121.64,2648647549,2625089249,False
2022-06-27,8.38,13.705288,1.678307,22195666460.62,21998247906.62,2648647549,2625089249,False
2022-06-28,8.42,13.770707,1.686318,22301612362.58,22103251476.58,2648647549,2625089249,False
2022-06-29,8.39,13.721643,1.68031,22222152936.11,22024498799.11,2648647549,2625089249,False
2022-06-30,8.39,13.721643,1.68031,22222153800.28,22024499663.28,2648647652,2625089352,False
2022-07-01,8.4,13.737998,1.682312,22248640276.8,22050750556.8,2648647652,2625089352,False
2022-07-04,8.51,13.9179,1.704343,22539991518.52,22339510385.52,2648647652,2625089352,False
2022-07-05,8.56,13.999674,1.714356,22672423901.12,22470764853.12,2648647652,2625089352,False
2022-07-06,8.61,14.081448,1.72437,22804856283.72,22602019320.72,2648647652,2625089352,False
2022-07-07,8.67,14.179576,1.736387,22963775142.84,22759524681.84,2648647652,2625089352,False
2022-07-08,8.85,14.473962,1.772436,23440531720.2,23232040765.2,2648647652,2625089352,False
2022-07-11,8.89,14.539381,1.780447,23546477626.28,23337044339.28,2648647652,2625089352,False
2022-07-12,8.84,14.457608,1.770434,23414045243.68,23205789871.68,2648647652,2625089352,False
2022-07-13,8.86,14.490317,1.774439,23467018196.72,23258291658.72,2648647652,2625089352,False
2022-07-14,8.7,14.228641,1.742395,23043234572.4,22838277362.4,2648647652,2625089352,False
2022-07-15,8.48,13.868836,1.698335,22460532088.96,22260757704.96,2648647652,2625089352,False
2022-07-18,8.63,14.114158,1.728376,22857829236.76,22654521107.76,2648647652,2625089352,False
2022-07-19,8.54,13.966965,1.710351,22619450948.08,22418263066.08,2648647652,2625089352,False
2022-07-20,8.67,14.179577,1.736387,22963775142.84,22759524681.84,2648647652,2625089352,False
2022-07-21,8.55,13.98332,1.712354,22645937424.6,22444513959.6,2648647652,2625089352,False
2022-07-22,8.46,13.836127,1.694329,22407559135.92,22208255917.92,2648647652,2625089352,False
2022-07-25,8.35,13.656224,1.672299,22116207894.2,21919496089.2,2648647652,2625089352,False
2022-07-26,8.38,13.705289,1.678307,22195667323.76,21998248769.76,2648647652,2625089352,False
2022-07-27,8.32,13.60716,1.66629,22036748464.64,21840743408.64,2648647652,2625089352,False
2022-07-28,8.4,13.737998,1.682313,22248640276.8,22050750556.8,2648647652,2625089352,False
2022-07-29,8.31,13.590805,1.664288,22010261988.12,21814492515.12,2648647652,2625089352,False
2022-08-01,8.04,13.149227,1.610213,21295127122.08,21105718390.08,2648647652,2625089352,False
2022-08-02,7.83,12.805777,1.568156,20738911115.16,20554449626.16,2648647652,2625089352,False
2022-08-03,7.86,12.854841,1.574164,20818370544.72,20633202306.72,2648647652,2625089352,False
2022-08-04,7.91,12.936615,1.584178,20950802927.32,20764456774.32,2648647652,2625089352,False
2022-08-05,7.96,13.018389,1.594191,21083235309.92,20895711241.92,2648647652,2625089352,False
2022-08-08,7.95,13.002034,1.592189,21056748833.4,20869460348.4,2648647652,2625089352,False
2022-08-09,7.89,12.903905,1.580172,20897829974.28,20711954987.28,2648647652,2625089352,False
2022-08-10,7.87,12.871196,1.576167,20844857021.24,20659453200.24,2648647652,2625089352,False
2022-08-11,7.98,13.051098,1.598197,21136208262.96,20948213028.96,2648647652,2625089352,False
2022-08-12,8.05,13.165582,1.612216,21321613598.6,21131969283.6,2648647652,2625089352,False
2022-08-15,8.04,13.149227,1.610213,21295127122.08,21105718390.08,2648647652,2625089352,False
2022-08-16,8.11,13.26371,1.624233,21480532457.72,21289474644.72,2648647652,2625089352,False
2022-08-17,8.15,13.329129,1.632244,21586478363.8,21394478218.8,2648647652,2625089352,False
2022-08-18,8.06,13.181936,1.614219,21348100075.12,21158220177.12,2648647652,2625089352,False
2022-08-19,8.12,13.280065,1.626235,21507018934.24,21315725538.24,2648647652,2625089352,False
2022-08-22,8.21,13.427258,1.64426,21745397222.92,21551983579.92,2648647652,2625089352,False
2022-08-23,8.14,13.312774,1.630241,21559991887.28,21368227325.28,2648647652,2625089352,False
2022-08-24,7.91,12.936615,1.584178,20950802927.32,20764456774.32,2648647652,2625089352,False
2022-08-25,7.99,13.067453,1.6002,21162694739.48,20974463922.48,2648647652,2625089352,False
2022-08-26,7.96,13.018389,1.594191,21083235309.92,20895711241.92,2648647652,2625089352,False
2022-08-29,8.18,13.378193,1.638252,21665937793.36,21473230899.36,2648647652,2625089352,False
2022-08-30,8.52,12.574433,1.674642,22566477995.04,22365761279.04,2648647652,2625089352,False
2022-08-31,8.48,12.515398,1.666779,22460532088.96,22260757704.96,2648647652,2625089352,False
2022-09-01,8.5,12.544915,1.67071,22513505042.0,22313259492.0,2648647652,2625089352,False
2022-09-02,8.57,12.648226,1.684469,22698910377.64,22497015746.64,2648647652,2625089352,False
2022-09-05,8.67,12.795813,1.704125,22963775142.84,22759524681.84,2648647652,2625089352,False
2022-09-06,8.89,13.120505,1.747367,23546477626.28,23337044339.28,2648647652,2625089352,False
2022-09-07,8.98,13.253334,1.765056,23784855914.96,23573302380.96,2648647652,2625089352,False
2022-09-08,8.91,13.150023,1.751298,23599450579.32,23389546126.32,2648647652,2625089352,False
2022-09-09,8.86,13.076229,1.74147,23467018196.72,23258291658.72,2648647652,2625089352,False
2022-09-13,8.95,13.209058,1.75916,23705396485.4,23494549700.4,2648647652,2625089352,False
2022-09-14,8.85,13.061471,1.739504,23440531720.2,23232040765.2,2648647652,2625089352,False
2022-09-15,8.7,12.84009,1.710021,23043234572.4,22838277362.4,2648647652,2625089352,False
2022-09-16,8.39,12.382569,1.64909,22222153800.28,22087841654.67,2648647652,2632639053,False
2022-09-19,8.29,12.234982,1.629434,21957289035.08,21824577749.37,2648647652,2632639053,False
2022-09-20,8.3,12.249741,1.6314,21983775511.6,21850904139.9,2648647652,2632639053,False
2022-09-21,8.38,12.367811,1.647124,22195667323.76,22061515264.14,2648647652,2632639053,False
2022-09-22,8.31,12.264499,1.633365,22010261988.12,21877230530.43,2648647652,2632639053,False
2022-09-23,8.34,12.308776,1.639262,22089721417.68,21956209702.02,2648647652,2632639053,False
2022-09-26,7.98,11.777462,1.568502,21136208262.96,21008459642.94,2648647652,2632639053,False
2022-09-27,8.07,11.91029,1.586192,21374586551.64,21245397157.71,2648647652,2632639053,False
2022-09-28,7.82,11.541322,1.537054,20712424638.64,20587237394.46,2648647652,2632639053,False
2022-09-29,7.8,11.511805,1.533123,20659451685.6,20534584613.4,2648647652,2632639053,False
2022-09-30,7.7,11.364217,1.513467,20394587713.5,20271321501.2,2648647755,2632639156,False
2022-10-10,7.69,11.349459,1.511502,20368101235.95,20244995109.64,2648647755,2632639156,False
2022-10-11,7.87,11.615116,1.546881,20844857831.85,20718870157.72,2648647755,2632639156,False
2022-10-12,7.94,11.718427,1.56064,21030263174.7,20903154898.64,2648647755,2632639156,False
2022-10-13,7.92,11.68891,1.556709,20977290219.6,20850502115.52,2648647755,2632639156,False
2022-10-14,8.03,11.851256,1.57833,21268641472.65,21140092422.68,2648647755,2632639156,False
2022-10-17,8.01,11.821738,1.574399,21215668517.55,21087439639.56,2648647755,2632639156,False
2022-10-18,7.95,11.733186,1.562606,21056749652.25,20929481290.2,2648647755,2632639156,False
2022-10-19,7.9,11.659392,1.552778,20924317264.5,20797849332.4,2648647755,2632639156,False
2022-10-20,7.87,11.615116,1.546881,20844857831.85,20718870157.72,2648647755,2632639156,False
2022-10-21,7.98,11.777462,1.568502,21136209084.9,21008460464.88,2648647755,2632639156,False
2022-10-24,7.96,11.747945,1.564571,21083236129.8,20955807681.76,2648647755,2632639156,False
2022-10-25,7.91,11.674151,1.554744,20950803742.05,20824175723.96,2648647755,2632639156,False
2022-10-26,7.89,11.644633,1.550812,20897830786.95,20771522940.84,2648647755,2632639156,False
2022-10-27,7.96,11.747945,1.564571,21083236129.8,20955807681.76,2648647755,2632639156,False
2022-10-28,7.63,11.422331,1.433189,20209182370.65,20087036760.28,2648647755,2632639156,False
2022-10-31,7.46,11.167836,1.401257,19758912252.3,19639488103.76,2648647755,2632639156,False
2022-11-01,7.62,11.407361,1.431311,20182695893.1,20060710368.72,2648647755,2632639156,False
2022-11-02,7.64,11.437302,1.435068,20235668848.2,20113363151.84,2648647755,2632639156,False
2022-11-03,7.58,11.34748,1.423797,20076749982.9,19955404802.48,2648647755,2632639156,False
2022-11-04,7.71,11.542094,1.448216,20421074191.05,20297647892.76,2648647755,2632639156,False
2022-11-07,7.73,11.572034,1.451973,20474047146.15,20350300675.88,2648647755,2632639156,False
2022-11-08,7.7,11.527123,1.446338,20394587713.5,20271321501.2,2648647755,2632639156,False
2022-11-09,7.71,11.542094,1.448216,20421074191.05,20297647892.76,2648647755,2632639156,False
2022-11-10,7.63,11.422331,1.433189,20209182370.65,20087036760.28,2648647755,2632639156,False
2022-11-11,7.74,11.587005,1.453851,20500533623.7,20376627067.44,2648647755,2632639156,False
2022-11-14,7.77,11.631915,1.459486,20579993056.35,20455606242.12,2648647755,2632639156,False
2022-11-15,7.92,11.85647,1.487662,20977290219.6,20850502115.52,2648647755,2632639156,False
2022-11-16,7.85,11.751678,1.474513,20791884876.75,20666217374.6,2648647755,2632639156,False
2022-11-17,7.87,11.781618,1.47827,20844857831.85,20718870157.72,2648647755,2632639156,False
2022-11-18,7.76,11.616945,1.457608,20553506578.8,20429279850.56,2648647755,2632639156,False
2022-11-21,7.69,11.512153,1.444459,20368101235.95,20244995109.64,2648647755,2632639156,False
2022-11-22,8.01,11.988608,1.504241,21211078787.55,21087439639.56,2648074755,2632639156,False
2022-11-23,8.2,12.272982,1.539923,21714212991.0,21587641079.2,2648074755,2632639156,False
2022-11-24,7.98,11.943707,1.498608,21131636544.9,21008460464.88,2648074755,2632639156,False
2022-11-25,8.08,12.093378,1.517387,21396444020.4,21271724380.48,2648074755,2632639156,False
2022-11-28,7.99,11.958674,1.500486,21158117292.45,21034786856.44,2648074755,2632639156,False
2022-11-29,8.14,12.18318,1.528655,21555328505.7,21429682729.84,2648074755,2632639156,False
2022-11-30,8.07,12.078411,1.515509,21369963272.85,21245397988.92,2648074755,2632639156,False
2022-12-01,8.05,12.048476,1.511753,21317001777.75,21192745205.8,2648074755,2632639156,False
2022-12-02,8.02,12.003575,1.506119,21237559535.1,21113766031.12,2648074755,2632639156,False
2022-12-05,8.48,12.69206,1.592505,22455673922.4,22324780042.88,2648074755,2632639156,False
2022-12-06,8.34,12.482521,1.566214,22084943456.7,21956210561.04,2648074755,2632639156,False
2022-12-07,8.27,12.377752,1.553068,21899578223.85,21771925820.12,2648074755,2632639156,False
2022-12-08,8.27,12.377752,1.553068,21899578223.85,21771925820.12,2648074755,2632639156,False
2022-12-09,8.15,12.198147,1.530533,21581809253.25,21456009121.4,2648074755,2632639156,False
2022-12-12,8.01,11.988608,1.504241,21211078787.55,21087439639.56,2648074755,2632639156,False
2022-12-13,8.26,12.362784,1.55119,21873097476.3,21745599428.56,2648074755,2632639156,False
2022-12-14,8.05,12.048476,1.511753,21317001777.75,21192745205.8,2648074755,2632639156,False
2022-12-15,8.05,12.048476,1.511753,21317001777.75,21192745205.8,2648074755,2632639156,False
2022-12-16,8.04,12.033509,1.509875,21290521030.2,21166418814.24,2648074755,2632639156,False
2022-12-19,7.74,11.584498,1.453537,20496098603.7,20376627067.44,2648074755,2632639156,False
2022-12-20,7.71,11.539597,1.447903,20416656361.05,20297647892.76,2648074755,2632639156,False
2022-12-21,7.65,11.449794,1.436635,20257771875.75,20139689543.4,2648074755,2632639156,False
2022-12-22,7.57,11.330058,1.421611,20045925895.35,19929078410.92,2648074755,2632639156,False
2022-12-23,7.61,11.389926,1.429123,20151848885.55,20034383977.16,2648074755,2632639156,False
2022-12-26,7.63,11.41986,1.432879,20204810380.65,20087036760.28,2648074755,2632639156,False
2022-12-27,7.68,11.494696,1.442269,20337214118.4,20218668718.08,2648074755,2632639156,False
2022-12-28,7.63,11.41986,1.432879,20204810380.65,20087036760.28,2648074755,2632639156,False
2022-12-29,7.57,11.330058,1.421611,20045925895.35,19929078410.92,2648074755,2632639156,False
2022-12-30,7.6,11.374959,1.427245,20125369711.2,20008059158.8,2648074962,2632639363,False
2023-01-03,7.7,11.52463,1.446025,20390177207.4,20271323095.1,2648074962,2632639363,False
2023-01-04,7.69,11.509663,1.444147,20363696457.78,20244996701.47,2648074962,2632639363,False
2023-01-05,7.72,11.554564,1.449781,20443138706.64,20323975882.36,2648074962,2632639363,False
2023-01-06,7.72,11.554564,1.449781,20443138706.64,20323975882.36,2648074962,2632639363,False
2023-01-09,7.73,11.569531,1.451659,20469619456.26,20350302275.99,2648074962,2632639363,False
2023-01-10,7.67,11.479729,1.440391,20310734958.54,20192343914.21,2648074962,2632639363,False
2023-01-11,7.62,11.404894,1.431001,23010223941.36,20060711946.06,3019714428,2632639363,False
2023-01-12,7.63,11.419861,1.432879,23040421085.64,20087038339.69,3019714428,2632639363,False
2023-01-13,7.7,13.142035,1.648965,23251801095.6,20271323095.1,3019714428,2632639363,False
2023-01-16,7.76,13.24444,1.661814,23432983961.28,20429281456.88,3019714428,2632639363,False
2023-01-17,7.75,13.227373,1.659672,23402786817.0,20402955063.25,3019714428,2632639363,False
2023-01-18,7.78,13.278575,1.666097,23493378249.84,20481934244.14,3019714428,2632639363,False
2023-01-19,7.8,13.31271,1.67038,23553772538.4,20534587031.4,3019714428,2632639363,False
2023-01-20,7.91,13.500454,1.693937,23885941125.48,20824177361.33,3019714428,2632639363,False
2023-01-30,7.88,13.449251,1.687512,23795349692.64,20745198180.44,3019714428,2632639363,False
2023-01-31,7.94,13.551657,1.700361,23976532558.32,20903156542.22,3019714428,2632639363,False
2023-02-01,8.02,13.688197,1.717493,24218109712.56,21113767691.26,3019714428,2632639363,False
2023-02-02,7.98,13.619927,1.708927,24097321135.44,21008462116.74,3019714428,2632639363,False
2023-02-03,7.9,13.483386,1.691795,23855743981.2,20797850967.7,3019714428,2632639363,False
2023-02-06,7.9,13.483386,1.691795,23855743981.2,20797850967.7,3019714428,2632639363,False
2023-02-07,8.0,13.654062,1.71321,24157715424.0,21061114904.0,3019714428,2632639363,False
2023-02-08,7.92,13.517521,1.696078,23916138269.76,20850503754.96,3019714428,2632639363,False
2023-02-09,7.96,13.585792,1.704644,24036926846.88,20955809329.48,3019714428,2632639363,False
2023-02-10,7.96,13.585792,1.704644,24036926846.88,20955809329.48,3019714428,2632639363,False
2023-02-13,8.04,13.722332,1.721776,24278504001.12,21166420478.52,3019714428,2632639363,False
2023-02-14,8.0,13.654062,1.71321,24157715424.0,21061114904.0,3019714428,2632639363,False
2023-02-15,7.96,13.585792,1.704644,24036926846.88,20955809329.48,3019714428,2632639363,False
2023-02-16,7.88,13.449251,1.687512,23795349692.64,20745198180.44,3019714428,2632639363,False
2023-02-17,7.8,13.31271,1.67038,23553772538.4,20534587031.4,3019714428,2632639363,False
2023-02-20,7.98,13.619927,1.708927,24097321135.44,21008462116.74,3019714428,2632639363,False
2023-02-21,8.05,13.7394,1.723918,24308701145.4,21192746872.15,3019714428,2632639363,False
2023-02-22,8.07,13.773535,1.728201,24369095433.96,21245399659.41,3019714428,2632639363,False
2023-02-23,8.04,13.722332,1.721776,24278504001.12,21166420478.52,3019714428,2632639363,False
2023-02-24,8.03,13.705265,1.719635,24248306856.84,21140094084.89,3019714428,2632639363,False
2023-02-27,7.99,13.636994,1.711069,24127518279.72,21034788510.37,3019714428,2632639363,False
2023-02-28,8.06,13.756467,1.726059,24338898289.68,21219073265.78,3019714428,2632639363,False
2023-03-01,8.14,13.893008,1.743191,24580475443.92,21429684414.82,3019714428,2632639363,False
2023-03-02,8.23,14.046616,1.762465,24852249742.44,21666621957.49,3019714428,2632639363,False
2023-03-03,8.44,14.405035,1.807437,25486389772.32,22219476223.72,3019714428,2632639363,False
2023-03-06,8.36,14.268495,1.790305,25244812618.08,22008865074.68,3019714428,2632639363,False
2023-03-07,8.32,14.200224,1.781739,25124024040.96,21903559500.16,3019714428,2632639363,False
2023-03-08,8.31,14.183157,1.779597,25093826896.68,21877233106.53,3019714428,2632639363,False
2023-03-09,8.25,14.080751,1.766748,24912644031.0,21719274744.75,3019714428,2632639363,False
2023-03-10,8.1,13.824738,1.734625,24459686866.8,21324378840.3,3019714428,2632639363,False
2023-03-13,8.29,14.149022,1.775314,25033432608.12,21824580319.27,3019714428,2632639363,False
2023-03-14,8.23,14.046616,1.762465,24852249742.44,21666621957.49,3019714428,2632639363,False
2023-03-15,8.6,14.678117,1.841701,25969544080.8,22640698521.8,3019714428,2632639363,False
2023-03-16,8.43,14.387968,1.805295,25456192628.04,22193149830.09,3019714428,2632639363,False
2023-03-17,8.58,14.643982,1.837418,25909149792.24,22588045734.54,3019714428,2632639363,False
2023-03-20,8.56,14.609846,1.833135,25848755503.68,22535392947.28,3019714428,2632639363,False
2023-03-21,8.49,14.490373,1.818144,25637375493.72,22351108191.87,3019714428,2632639363,False
2023-03-22,8.51,14.524508,1.822427,25697769782.28,22403760979.13,3019714428,2632639363,False
2023-03-23,8.57,14.626914,1.835276,25878952647.96,22561719340.91,3019714428,2632639363,False
2023-03-24,8.35,14.251427,1.788163,25214615473.8,21982538681.05,3019714428,2632639363,False
2023-03-27,8.29,14.149022,1.775314,25033432608.12,21824580319.27,3019714428,2632639363,False
2023-03-28,8.25,14.080751,1.766748,24912644031.0,21719274744.75,3019714428,2632639363,False
2023-03-29,8.16,13.927143,1.747474,24640869732.48,21482337202.08,3019714428,2632639363,False
2023-03-30,8.21,14.012481,1.758182,24791855453.88,21613969170.23,3019714428,2632639363,False
2023-03-31,8.24,14.063684,1.764607,24882446886.72,21692948351.12,3019714428,2632639363,False
2023-04-03,8.31,14.183157,1.779597,25093826896.68,21877233106.53,3019714428,2632639363,False
2023-04-04,8.52,14.541576,1.824569,25727966926.56,22430087372.76,3019714428,2632639363,False
2023-04-06,8.49,14.490373,1.818144,25637375493.72,22351108191.87,3019714428,2632639363,False
2023-04-07,8.42,14.3709,1.803154,25425995483.76,22166823436.46,3019714428,2632639363,False
2023-04-10,8.46,14.439171,1.81172,25546784060.88,22272129010.98,3019714428,2632639363,False
2023-04-11,8.59,14.661049,1.83956,25939346936.52,22614372128.17,3019714428,2632639363,False
2023-04-12,8.63,14.729319,1.848126,26060135513.64,22719677702.69,3019714428,2632639363,False
2023-04-13,8.64,14.746387,1.850267,26090332657.92,22746004096.32,3019714428,2632639363,False
2023-04-14,8.74,14.917063,1.871682,26392304100.72,23009268032.62,3019714428,2632639363,False
2023-04-17,8.83,15.070671,1.890956,26664078399.24,23246205575.29,3019714428,2632639363,False
2023-04-18,8.75,14.93413,1.873824,26422501245.0,23035594426.25,3019714428,2632639363,False
2023-04-19,8.67,14.79759,1.856692,26180924090.76,22824983277.21,3019714428,2632639363,False
2023-04-20,8.8,15.019468,1.884531,26573486966.4,23167226394.4,3019714428,2632639363,False
2023-04-21,8.57,14.626914,1.835276,25878952647.96,22561719340.91,3019714428,2632639363,False
2023-04-24,8.58,14.643982,1.837418,25909149792.24,22588045734.54,3019714428,2632639363,False
2023-04-25,8.53,14.558644,1.82671,25758164070.84,22456413766.39,3019714428,2632639363,False
2023-04-26,8.45,14.420943,1.809433,25514535408.7,22245802617.35,3019471646,2632639363,False
2023-04-27,8.62,14.711069,1.845836,26027845588.52,22693351309.06,3019471646,2632639363,False
2023-04-28,8.73,14.898797,1.86939,26359987469.58,22982941638.99,3019471646,2632639363,False
2023-05-04,9.28,15.23039,1.583969,28020696874.88,24430893288.64,3019471646,2632639363,False
2023-05-05,9.2,15.099094,1.570314,27779139143.2,24220282139.6,3019471646,2632639363,False
2023-05-08,9.31,15.279626,1.58909,28111281024.26,24509872469.53,3019471646,2632639363,False
2023-05-09,9.41,15.443747,1.606158,28413228188.86,24773136405.83,3019471646,2632639363,False
2023-05-10,9.38,15.394511,1.601038,28322644039.48,24694157224.94,3019471646,2632639363,False
2023-05-11,9.16,15.033446,1.563487,27658360277.36,24114976565.08,3019471646,2632639363,False
2023-05-12,9.01,14.787265,1.537884,27205439530.46,23720080660.63,3019471646,2632639363,False
2023-05-15,9.0,14.770853,1.536177,27175244814.0,23693754267.0,3019471646,2632639363,False
2023-05-16,8.94,14.67238,1.525936,26994076515.24,23535795905.22,3019471646,2632639363,False
2023-05-17,8.9,14.606732,1.519108,26873297649.4,23430490330.7,3019471646,2632639363,False
2023-05-18,9.01,14.787265,1.537884,27205439530.46,23720080660.63,3019471646,2632639363,False
2023-05-19,8.75,14.360551,1.493505,26420376902.5,23035594426.25,3019471646,2632639363,False
2023-05-22,8.74,14.344139,1.491798,26390182186.04,23009268032.62,3019471646,2632639363,False
2023-05-23,8.47,13.901014,1.445713,25574924841.62,22298455404.61,3019471646,2632639363,False
2023-05-24,8.33,13.671245,1.421817,25152198811.18,21929885893.79,3019471646,2632639363,False
2023-05-25,8.34,13.687657,1.423524,25182393527.64,21956212287.42,3019471646,2632639363,False
2023-05-26,8.39,13.769717,1.432058,25333367109.94,22087844255.57,3019471646,2632639363,False
2023-05-29,8.48,13.917426,1.44742,25605119558.08,22324781798.24,3019471646,2632639363,False
2023-05-30,8.56,14.048722,1.461075,25846677289.76,22535392947.28,3019471646,2632639363,False
2023-05-31,8.53,13.999486,1.455954,25756093140.38,22456413766.39,3019471646,2632639363,False
2023-06-01,8.45,13.868189,1.442299,25514535408.7,22245802617.35,3019471646,2632639363,False
2023-06-02,8.44,13.851777,1.440593,25484340692.24,22219476223.72,3019471646,2632639363,False
2023-06-05,8.31,13.638421,1.418403,25091809378.26,21877233106.53,3019471646,2632639363,False
2023-06-06,8.26,13.55636,1.409869,24940835795.96,21745601138.38,3019471646,2632639363,False
2023-06-07,8.17,13.408652,1.394507,24669083347.82,21508663595.71,3019471646,2632639363,False
2023-06-08,8.34,13.687657,1.423524,25182393527.64,21956212287.42,3019471646,2632639363,False
2023-06-09,8.48,13.917426,1.44742,25605119558.08,22324781798.24,3019471646,2632639363,False
2023-06-12,8.38,13.753305,1.430351,25303172393.48,22061517861.94,3019471646,2632639363,False
2023-06-13,8.35,13.704069,1.425231,25212588244.1,21982538681.05,3019471646,2632639363,False
2023-06-14,8.29,13.605597,1.41499,25031419945.34,21824580319.27,3019471646,2632639363,False
2023-06-15,8.35,13.704069,1.425231,25212588244.1,21982538681.05,3019471646,2632639363,False
2023-06-16,8.5,13.95025,1.450834,25665508991.0,22377434585.5,3019471646,2632639363,False
2023-06-19,8.47,13.901014,1.445713,25574924841.62,22298455404.61,3019471646,2632639363,False
2023-06-20,8.4,13.786129,1.433765,25363561826.4,22114170649.2,3019471646,2632639363,False
2023-06-21,8.32,13.654833,1.42011,25122004094.72,21903559500.16,3019471646,2632639363,False
2023-06-26,8.2,13.457888,1.399628,24759667497.2,21587642776.6,3019471646,2632639363,False
2023-06-27,8.33,13.671245,1.421817,25152198811.18,21929885893.79,3019471646,2632639363,False
2023-06-28,8.41,13.802541,1.435472,25393756542.86,22140497042.83,3019471646,2632639363,False
2023-06-29,8.39,13.769717,1.432058,25333367109.94,22087844255.57,3019471646,2632639363,False
2023-06-30,8.45,13.868189,1.442299,25514535408.7,22245802617.35,3019471646,2632639363,False
2023-07-03,8.52,13.983074,1.454247,25725898423.92,22430087372.76,3019471646,2632639363,False
2023-07-04,8.51,13.966662,1.452541,25695703707.46,22403760979.13,3019471646,2632639363,False
2023-07-05,8.48,13.917426,1.44742,25605119558.08,22324781798.24,3019471646,2632639363,False
2023-07-06,8.44,13.851777,1.440593,25484340692.24,22219476223.72,3019471646,2632639363,False
2023-07-07,8.48,13.917426,1.44742,25605119558.08,22324781798.24,3019471646,2632639363,False
2023-07-10,8.43,13.835365,1.438886,25454145975.78,22193149830.09,3019471646,2632639363,False
2023-07-11,7.93,13.014762,1.353543,23944410152.78,23119042232.13,3019471646,2915389941,False
2023-07-12,7.86,12.899878,1.341594,23733047137.56,22914964936.26,3019471646,2915389941,False
2023-07-13,7.89,12.949114,1.346715,23823631286.94,23002426634.49,3019471646,2915389941,False
2023-07-14,7.89,12.949114,1.346715,23823631286.94,23002426634.49,3019471646,2915389941,False
2023-07-17,7.86,12.899878,1.341594,23733047137.56,22914964936.26,3019471646,2915389941,False
2023-07-18,7.86,12.899878,1.341594,23733047137.56,22914964936.26,3019471646,2915389941,False
2023-07-19,7.85,12.883466,1.339888,23702852421.1,22885811036.85,3019471646,2915389941,False
2023-07-20,7.82,12.83423,1.334767,23612268271.72,22798349338.62,3019471646,2915389941,False
2023-07-21,7.83,12.850642,1.336474,23642462988.18,22827503238.03,3019471646,2915389941,False
2023-07-24,7.91,12.981938,1.350129,23884020719.86,23060734433.31,3019471646,2915389941,False
2023-07-25,7.96,13.063999,1.358663,24034994302.16,23206503930.36,3019471646,2915389941,False
2023-07-26,7.95,13.047587,1.356956,24004799585.7,23177350030.95,3019471646,2915389941,False
2023-07-27,8.05,13.211707,1.374025,24306746750.3,23468889025.05,3019471646,2915389941,False
2023-07-28,8.14,13.359416,1.389387,24578499198.44,23731274119.74,3019471646,2915389941,False
2023-07-31,8.2,13.457888,1.399628,24759667497.2,23906197516.2,3019471646,2915389941,False
2023-08-01,8.14,13.359416,1.389387,24578499198.44,23731274119.74,3019471646,2915389941,False
2023-08-02,8.17,13.408652,1.394507,24669083347.82,23818735817.97,3019471646,2915389941,False
2023-08-03,8.19,13.441476,1.397921,24729472780.74,23877043616.79,3019471646,2915389941,False
2023-08-04,8.18,13.425064,1.396214,24699278064.28,23847889717.38,3019471646,2915389941,False
2023-08-07,8.16,13.39224,1.3928,24638888631.36,23789581918.56,3019471646,2915389941,False
2023-08-08,8.13,13.343004,1.38768,24548304481.98,23702120220.33,3019471646,2915389941,False
2023-08-09,8.07,13.244531,1.377439,24367136183.22,23527196823.87,3019471646,2915389941,False
2023-08-10,8.06,13.228119,1.375732,24336941466.76,23498042924.46,3019471646,2915389941,False
2023-08-11,7.88,12.932702,1.345008,23793436570.48,22973272735.08,3019471646,2915389941,False
2023-08-14,7.89,12.949114,1.346715,23823631286.94,23002426634.49,3019471646,2915389941,False
2023-08-15,7.85,12.883466,1.339888,23702852421.1,22885811036.85,3019471646,2915389941,False
2023-08-16,7.79,12.784994,1.329646,23521684122.34,22710887640.39,3019471646,2915389941,False
2023-08-17,7.82,12.831678,1.334502,23607573128.08,22798349338.62,3018871244,2915389941,False
2023-08-18,7.75,12.716816,1.322556,23396252141.0,22594272042.75,3018871244,2915389941,False
2023-08-21,7.65,12.552728,1.305491,23094365016.6,22302733048.65,3018871244,2915389941,False
2023-08-22,7.72,12.66759,1.317436,23305686003.68,22506810344.52,3018871244,2915389941,False
2023-08-23,7.63,12.519911,1.302078,23033987591.72,22244425249.83,3018871244,2915389941,False
2023-08-24,7.33,12.027647,1.250882,22128326218.52,21369808267.53,3018871244,2915389941,False
2023-08-25,7.35,12.060464,1.254295,22188703643.4,21428116066.35,3018871244,2915389941,False
2023-08-28,7.59,12.454275,1.295252,22913232741.96,22127809652.19,3018871244,2915389941,False
2023-08-29,7.51,12.323005,1.281599,22671723042.44,21894578456.91,3018871244,2915389941,False
2023-08-30,7.4,12.307233,1.253583,22339647205.6,21627579697.0,3018871244,2922645905,False
2023-08-31,7.33,12.190813,1.241724,22128326218.52,21422994483.65,3018871244,2922645905,False
2023-09-01,7.39,12.290601,1.251889,22309458493.16,21598353237.95,3018871244,2922645905,False
2023-09-04,7.49,12.456915,1.268829,22611345617.56,21890617828.45,3018871244,2922645905,False
2023-09-05,7.46,12.407021,1.263747,22520779480.24,21802938451.3,3018871244,2922645905,False
2023-09-06,7.52,12.506809,1.273911,22701911754.88,21978297205.6,3018871244,2922645905,False
2023-09-07,7.41,12.323864,1.255277,22369835918.04,21656806156.05,3018871244,2922645905,False
2023-09-08,7.33,12.190813,1.241724,22128326218.52,21422994483.65,3018871244,2922645905,False
2023-09-11,7.45,12.39039,1.262053,22490590767.8,21773711992.25,3018871244,2922645905,False
2023-09-12,7.47,12.423652,1.265441,22550968192.68,21832164910.35,3018871244,2922645905,False
2023-09-13,7.42,12.340495,1.256971,22400024630.48,21686032615.1,3018871244,2922645905,False
2023-09-14,7.43,12.357127,1.258665,22430213342.92,21715259074.15,3018871244,2922645905,False
2023-09-15,7.44,12.373758,1.260359,22460402055.36,21744485533.2,3018871244,2922645905,False
2023-09-18,7.43,12.357127,1.258665,22430213342.92,21715259074.15,3018871244,2922645905,False
2023-09-19,7.4,12.307233,1.253583,22339647205.6,21627579697.0,3018871244,2922645905,False
2023-09-20,7.38,12.27397,1.250195,22279269780.72,21569126778.9,3018871244,2922645905,False
2023-09-21,7.29,12.124287,1.234948,22007571368.76,21306088647.45,3018871244,2922645905,False
2023-09-22,7.37,12.257338,1.248501,22249081068.28,21539900319.85,3018871244,2922645905,False
2023-09-25,7.3,12.140919,1.236642,22037760081.2,21335315106.5,3018871244,2922645905,False
2023-09-26,7.26,12.074393,1.229866,21917005231.44,21218409270.3,3018871244,2922645905,False
2023-09-27,7.3,12.140919,1.236642,22037760081.2,21335315106.5,3018871244,2922645905,False
2023-09-28,7.33,12.190813,1.241724,22128326218.52,21422994483.65,3018871244,2922645905,False
2023-10-09,7.3,12.140919,1.236642,22037760081.2,21335315106.5,3018871244,2922645905,False
2023-10-10,7.06,11.741765,1.195986,21313230982.64,20633880089.3,3018871244,2922645905,False
2023-10-11,7.06,11.741765,1.195986,21313230982.64,20633880089.3,3018871244,2922645905,False
2023-10-12,7.12,11.841554,1.20615,21494363257.28,20809238843.6,3018871244,2922645905,False
2023-10-13,7.06,11.741765,1.195986,21313230982.64,20633880089.3,3018871244,2922645905,False
2023-10-16,6.98,11.608714,1.182433,21071721283.12,20400068416.9,3018871244,2922645905,False
2023-10-17,7.02,11.67524,1.18921,21192476132.88,20516974253.1,3018871244,2922645905,False
2023-10-18,6.9,11.475663,1.168881,20830211583.6,20166256744.5,3018871244,2922645905,False
2023-10-19,6.84,11.375874,1.158717,20649079308.96,19990897990.2,3018871244,2922645905,False
2023-10-20,6.86,11.409137,1.162105,20709456733.84,20049350908.3,3018871244,2922645905,False
2023-10-23,6.66,11.076509,1.128224,20105682485.04,19464821727.3,3018871244,2922645905,False
2023-10-24,6.74,11.20956,1.141777,20347192184.56,19698633399.7,3018871244,2922645905,False
2023-10-25,6.88,11.4424,1.165493,20769834158.72,20107803826.4,3018871244,2922645905,False
2023-10-26,6.9,11.475663,1.168881,20830211583.6,20166256744.5,3018871244,2922645905,False
2023-10-27,6.96,11.575451,1.179045,21011343858.24,20341615498.8,3018871244,2922645905,False
2023-10-30,6.96,11.575451,1.179045,21011343858.24,20341615498.8,3018871244,2922645905,False
2023-10-31,6.98,11.207354,1.149672,21071721283.12,20400068416.9,3018871244,2922645905,False
2023-11-01,7.06,11.335805,1.162849,21313230982.64,20633880089.3,3018871244,2922645905,False
2023-11-02,7.02,11.27158,1.15626,21192476132.88,20516974253.1,3018871244,2922645905,False
2023-11-03,7.03,11.287636,1.157907,21222664845.32,20546200712.15,3018871244,2922645905,False
2023-11-06,7.1,11.400031,1.169437,21433985832.4,20750785925.5,3018871244,2922645905,False
2023-11-07,7.06,11.335805,1.162849,21313230982.64,20633880089.3,3018871244,2922645905,False
2023-11-08,7.0,11.239467,1.152966,21132098708.0,20458521335.0,3018871244,2922645905,False
2023-11-09,6.98,11.207354,1.149672,21071721283.12,20400068416.9,3018871244,2922645905,False
2023-11-10,6.98,11.207354,1.149672,21071721283.12,20400068416.9,3018871244,2922645905,False
2023-11-13,7.05,11.319749,1.161202,21283042270.2,20604653630.25,3018871244,2922645905,False
2023-11-14,7.09,11.383974,1.16779,21403797119.96,20721559466.45,3018871244,2922645905,False
2023-11-15,7.08,11.367918,1.166143,21373608407.52,20692333007.4,3018871244,2922645905,False
2023-11-16,7.06,11.335805,1.162849,21313230982.64,20633880089.3,3018871244,2922645905,False
2023-11-17,7.05,11.319749,1.161202,21283042270.2,20604653630.25,3018871244,2922645905,False
2023-11-20,7.08,11.367918,1.166143,21373608407.52,20692333007.4,3018871244,2922645905,False
2023-11-21,7.07,11.351862,1.164496,21343419695.08,20663106548.35,3018871244,2922645905,False
2023-11-22,6.99,11.22341,1.151319,21101909995.56,20429294875.95,3018871244,2922645905,False
2023-11-23,7.04,11.303692,1.159555,21252853557.76,20575427171.2,3018871244,2922645905,False
2023-11-24,6.99,11.22341,1.151319,21101909995.56,20429294875.95,3018871244,2922645905,False
2023-11-27,6.93,11.127072,1.141436,20920777720.92,20253936121.65,3018871244,2922645905,False
2023-11-28,6.96,11.175241,1.146378,21011343858.24,20341615498.8,3018871244,2922645905,False
2023-11-29,6.88,11.04679,1.133201,20769834158.72,20107803826.4,3018871244,2922645905,False
2023-11-30,6.85,10.998621,1.12826,20679268021.4,20020124449.25,3018871244,2922645905,False
2023-12-01,6.93,11.127072,1.141436,20920777720.92,20253936121.65,3018871244,2922645905,False
2023-12-04,6.94,11.143129,1.143084,20950966433.36,20283162580.7,3018871244,2922645905,False
2023-12-05,6.88,11.04679,1.133201,20769834158.72,20107803826.4,3018871244,2922645905,False
2023-12-06,6.83,10.966508,1.124966,20618890596.52,19961671531.15,3018871244,2922645905,False
2023-12-07,6.76,10.854114,1.113436,20407569609.44,19757086317.8,3018871244,2922645905,False
2023-12-08,6.7,10.757775,1.103553,20226437334.8,19581727563.5,3018871244,2922645905,False
2023-12-11,6.84,10.982565,1.126613,20649079308.96,19990897990.2,3018871244,2922645905,False
2023-12-12,6.95,11.159185,1.144731,20981155145.8,20312389039.75,3018871244,2922645905,False
2023-12-13,6.95,11.159185,1.144731,20981155145.8,20312389039.75,3018871244,2922645905,False
2023-12-14,6.92,11.111016,1.139789,20890589008.48,20224709662.6,3018871244,2922645905,False
2023-12-15,6.89,11.062847,1.134848,20800022871.16,20137030285.45,3018871244,2922645905,False
2023-12-18,6.85,10.998621,1.12826,20679268021.4,20020124449.25,3018871244,2922645905,False
2023-12-19,6.78,10.886226,1.11673,20467947034.32,19815539235.9,3018871244,2922645905,False
2023-12-20,6.71,10.773832,1.1052,20256626047.24,19610954022.55,3018871244,2922645905,False
2023-12-21,6.77,10.87017,1.115083,20437758321.88,19786312776.85,3018871244,2922645905,False
2023-12-22,6.8,10.918339,1.120024,20528324459.2,19873992154.0,3018871244,2922645905,False
2023-12-25,6.71,10.773832,1.1052,20256626047.24,19610954022.55,3018871244,2922645905,False
2023-12-26,6.64,10.661437,1.093671,20045305060.16,19406368809.2,3018871244,2922645905,False
2023-12-27,6.81,10.934396,1.121671,20558513171.64,19903218613.05,3018871244,2922645905,False
2023-12-28,6.85,10.998621,1.12826,20679268021.4,20020124449.25,3018871244,2922645905,False
2023-12-29,6.93,11.127072,1.141436,20920777720.92,20253936121.65,3018871244,2922645905,False
2024-01-02,7.04,11.303692,1.159555,21252853557.76,20575427171.2,3018871244,2922645905,False
2024-01-03,7.15,11.480313,1.177673,21584929394.6,20896918220.75,3018871244,2922645905,False
2024-01-04,7.06,11.335805,1.162849,21313230982.64,20633880089.3,3018871244,2922645905,False
2024-01-05,7.01,11.255523,1.154613,21162287420.44,20487747794.05,3018871244,2922645905,False
2024-01-08,6.91,11.094959,1.138142,20860400296.04,20195483203.55,3018871244,2922645905,False
2024-01-09,6.91,11.094959,1.138142,20860400296.04,20195483203.55,3018871244,2922645905,False
2024-01-10,6.8,10.918339,1.120024,20528324459.2,19873992154.0,3018871244,2922645905,False
2024-01-11,6.83,10.966508,1.124966,20618890596.52,19961671531.15,3018871244,2922645905,False
2024-01-12,6.9,11.078903,1.136495,20830211583.6,20166256744.5,3018871244,2922645905,False
2024-01-15,6.87,11.030734,1.131554,20739645446.28,20078577367.35,3018871244,2922645905,False
2024-01-16,6.85,10.998621,1.12826,20679268021.4,20020124449.25,3018871244,2922645905,False
2024-01-17,6.71,10.773832,1.1052,20256626047.24,19610954022.55,3018871244,2922645905,False
2024-01-18,6.59,10.581155,1.085435,19894361497.96,19260236513.95,3018871244,2922645905,False
2024-01-19,6.48,10.404535,1.067317,19562285661.12,18938745464.4,3018871244,2922645905,False
2024-01-22,6.14,9.858618,1.011316,18535869438.16,17945045856.7,3018871244,2922645905,False
2024-01-23,6.23,10.003126,1.02614,18807567850.12,18208083988.15,3018871244,2922645905,False
2024-01-24,6.58,10.565099,1.083788,19864172785.52,19231010054.9,3018871244,2922645905,False
2024-01-25,7.02,11.27158,1.15626,21192476132.88,20516974253.1,3018871244,2922645905,False
2024-01-26,6.94,11.143129,1.143084,20950966433.36,20283162580.7,3018871244,2922645905,False
2024-01-29,7.09,11.383974,1.16779,21403797119.96,20721559466.45,3018871244,2922645905,False
2024-01-30,6.94,11.143129,1.143084,20950966433.36,20283162580.7,3018871244,2922645905,False
2024-01-31,6.8,10.918339,1.120024,20528324459.2,19873992154.0,3018871244,2922645905,False
2024-02-01,6.6,10.597212,1.087082,19924550210.4,19289462973.0,3018871244,2922645905,False
2024-02-02,6.51,10.452704,1.072259,19652851798.44,19026424841.55,3018871244,2922645905,False
2024-02-05,6.25,10.035238,1.029434,18867945275.0,18266536906.25,3018871244,2922645905,False
2024-02-06,6.67,10.709606,1.098612,20135871197.48,19494048186.35,3018871244,2922645905,False
2024-02-07,7.1,11.400031,1.169437,21433985832.4,20750785925.5,3018871244,2922645905,False
2024-02-08,7.03,11.287636,1.157907,21222664845.32,20546200712.15,3018871244,2922645905,False
2024-02-19,7.03,11.287636,1.157907,21222664845.32,20546200712.15,3018871244,2922645905,False
2024-02-20,7.01,11.255523,1.154613,21162287420.44,20487747794.05,3018871244,2922645905,False
2024-02-21,7.06,11.335805,1.162849,21313230982.64,20633880089.3,3018871244,2922645905,False
2024-02-22,7.1,11.400031,1.169437,21433985832.4,20750785925.5,3018871244,2922645905,False
2024-02-23,7.08,11.367918,1.166143,21373608407.52,20692333007.4,3018871244,2922645905,False
2024-02-26,7.01,11.255523,1.154613,21162287420.44,20487747794.05,3018871244,2922645905,False
2024-02-27,7.08,11.367918,1.166143,21373608407.52,20692333007.4,3018871244,2922645905,False
2024-02-28,7.07,11.351862,1.164496,21343419695.08,20663106548.35,3018871244,2922645905,False
2024-02-29,7.22,11.592707,1.189202,21796250381.68,21101503434.1,3018871244,2922645905,False
2024-03-01,7.24,11.62482,1.192496,21856627806.56,21159956352.2,3018871244,2922645905,False
2024-03-04,7.19,11.544538,1.184261,21705684244.36,21013824056.95,3018871244,2922645905,False
2024-03-05,7.19,11.544538,1.184261,21705684244.36,21013824056.95,3018871244,2922645905,False
2024-03-06,7.29,11.705102,1.200732,22007571368.76,21306088647.45,3018871244,2922645905,False
2024-03-07,7.17,11.512426,1.180967,21645307593.84,20955371913.21,3018871352,2922646013,False
2024-03-08,7.22,11.592708,1.189202,21796251161.44,21101504213.86,3018871352,2922646013,False
2024-03-11,7.28,11.68691,1.198866,21973367175.76,21276862974.64,3018319667,2922646013,False
2024-03-12,7.23,11.606643,1.190632,21822451192.41,21130730673.99,3018319667,2922646013,False
2024-03-13,7.15,11.478215,1.177457,21580985619.05,20896918992.95,3018319667,2922646013,False
2024-03-14,7.13,11.446108,1.174164,21520619225.71,20838466072.69,3018319667,2922646013,False
2024-03-15,7.12,11.430055,1.172517,21490436029.04,20809239612.56,3018319667,2922646013,False
2024-03-18,7.28,11.68691,1.198866,21973367175.76,21276862974.64,3018319667,2922646013,False
2024-03-19,7.14,11.462162,1.175811,21550802422.38,20867692532.82,3018319667,2922646013,False
2024-03-20,7.44,11.943765,1.225214,22456298322.48,21744486336.72,3018319667,2922646013,False
2024-03-21,7.41,11.895605,1.220274,22365748732.47,21656806956.33,3018319667,2922646013,False
2024-03-22,7.26,11.654803,1.195572,21913000782.42,21218410054.38,3018319667,2922646013,False
2024-03-25,7.11,11.414001,1.17087,21460252832.37,20780013152.43,3018319667,2922646013,False
2024-03-26,7.12,11.430055,1.172517,21490436029.04,20809239612.56,3018319667,2922646013,False
2024-03-27,6.96,11.1732,1.146168,21007504882.32,20341616250.48,3018319667,2922646013,False
2024-03-28,7.04,11.301627,1.159343,21248970455.68,20575427931.52,3018319667,2922646013,False
2024-03-29,7.15,11.478215,1.177457,21580985619.05,20896918992.95,3018319667,2922646013,False
2024-04-01,7.23,11.606643,1.190632,21822451192.41,21130730673.99,3018319667,2922646013,False
2024-04-02,7.23,11.606643,1.190632,21822451192.41,21130730673.99,3018319667,2922646013,False
2024-04-03,7.18,11.526375,1.182398,21671535209.06,20984598373.34,3018319667,2922646013,False
2024-04-08,7.27,11.670856,1.197219,21943183979.09,21247636514.51,3018319667,2922646013,False
2024-04-09,7.18,11.526375,1.182398,21671535209.06,20984598373.34,3018319667,2922646013,False
2024-04-10,7.07,11.349787,1.164283,21339520045.69,20663107311.91,3018319667,2922646013,False
2024-04-11,7.15,11.478215,1.177457,21580985619.05,20896918992.95,3018319667,2922646013,False
2024-04-12,7.07,11.349787,1.164283,21339520045.69,20663107311.91,3018319667,2922646013,False
2024-04-15,7.39,11.863498,1.21698,22305382339.13,21598354036.07,3018319667,2922646013,False
2024-04-16,7.44,11.943765,1.225214,22456298322.48,21744486336.72,3018319667,2922646013,False
2024-04-17,7.83,12.569849,1.289439,23633442992.61,22884318281.79,3018319667,2922646013,False
2024-04-18,7.71,12.377208,1.269678,23271244632.57,22533600760.23,3018319667,2922646013,False
2024-04-19,7.88,12.650117,1.297673,23784358975.96,23030450582.44,3018319667,2922646013,False
2024-04-22,7.91,12.698277,1.302614,23874908565.97,23118129962.83,3018319667,2922646013,False
2024-04-23,7.64,12.264834,1.25815,23059962255.88,22329015539.32,3018319667,2922646013,False
2024-04-24,7.71,12.377208,1.269678,23271244632.57,22533600760.23,3018319667,2922646013,False
2024-04-25,7.6,12.20062,1.251563,22939229469.2,22212109698.8,3018319667,2922646013,False
2024-04-26,7.62,12.232727,1.254857,22999595862.54,22270562619.06,3018319667,2922646013,False
2024-04-29,7.8,12.521689,1.284499,23542893402.6,22796638901.4,3018319667,2922646013,False
2024-04-30,7.77,11.106368,1.208433,23452343812.59,22708959521.01,3018319667,2922646013,False
2024-05-06,7.87,11.249307,1.223986,23754175779.29,23001224122.31,3018319667,2922646013,False
2024-05-07,7.88,11.263601,1.225541,23784358975.96,23030450582.44,3018319667,2922646013,False
2024-05-08,7.7,11.006311,1.197547,23241061435.9,22504374300.1,3018319667,2922646013,False
2024-05-09,7.94,11.349365,1.234873,23965458155.98,23205809343.22,3018319667,2922646013,False
2024-05-10,7.97,11.392246,1.239539,24056007745.99,23293488723.61,3018319667,2922646013,False
2024-05-13,7.99,11.420834,1.242649,24116374139.33,23351941643.87,3018319667,2922646013,False
2024-05-14,8.1,11.578067,1.259757,24448389302.7,23673432705.3,3018319667,2922646013,False
2024-05-15,7.89,11.277895,1.227096,23814542172.63,23059677042.57,3018319667,2922646013,False
2024-05-16,7.9,11.292189,1.228652,23844725369.3,23088903502.7,3018319667,2922646013,False
2024-05-17,7.95,11.363659,1.236428,23995641352.65,23235035803.35,3018319667,2922646013,False
2024-05-20,7.89,11.277895,1.227096,23814542172.63,23059677042.57,3018319667,2922646013,False
2024-05-21,7.83,11.192132,1.217765,23633442992.61,22884318281.79,3018319667,2922646013,False
2024-05-22,7.77,11.106368,1.208433,23452343812.59,22708959521.01,3018319667,2922646013,False
2024-05-23,7.62,10.89196,1.185105,22999595862.54,22270562619.06,3018319667,2922646013,False
2024-05-24,7.65,10.934841,1.18977,23090145452.55,22358241999.45,3018319667,2922646013,False
2024-05-27,7.73,11.049193,1.202212,23331611025.91,22592053680.49,3018319667,2922646013,False
2024-05-28,7.77,11.106368,1.208433,23452343812.59,22708959521.01,3018319667,2922646013,False
2024-05-29,7.8,11.14925,1.213099,23542893402.6,22796638901.4,3018319667,2922646013,False
2024-05-30,7.67,10.963429,1.192881,23150511845.89,22416694919.71,3018319667,2922646013,False
2024-05-31,7.99,11.420834,1.242649,24116374139.33,23351941643.87,3018319667,2922646013,False
2024-06-03,8.18,11.692418,1.272199,24689854876.06,23907244386.34,3018319667,2922646013,False
2024-06-04,8.2,11.721006,1.275309,24750221269.4,23965697306.6,3018319667,2922646013,False
2024-06-05,8.33,11.906827,1.295528,25142602826.11,24345641288.29,3018319667,2922646013,False
2024-06-06,8.12,11.606655,1.262867,24508755696.04,23731885625.56,3018319667,2922646013,False
2024-06-07,8.15,11.649537,1.267533,24599305286.05,23819565005.95,3018319667,2922646013,False
2024-06-11,8.14,11.635243,1.265978,24569122089.38,23790338545.82,3018319667,2922646013,False
2024-06-12,8.11,11.592361,1.261312,24478572499.37,23702659165.43,3018319667,2922646013,False
2024-06-13,8.2,11.721006,1.275309,24750221269.4,23965697306.6,3018319667,2922646013,False
2024-06-14,8.06,11.520892,1.253536,24327656516.02,23556526864.78,3018319667,2922646013,False
2024-06-17,8.39,11.992591,1.304859,25323702006.13,24521000049.07,3018319667,2922646013,False
2024-06-18,8.4,12.006884,1.306415,25353885202.8,24550226509.2,3018319667,2922646013,False
2024-06-19,8.27,11.821064,1.286196,24961503646.09,24170282527.51,3018319667,2922646013,False
2024-06-20,8.19,11.706712,1.273754,24720038072.73,23936470846.47,3018319667,2922646013,False
2024-06-21,8.35,11.935415,1.298638,25202969219.45,24404094208.55,3018319667,2922646013,False
2024-06-24,8.11,11.592361,1.261312,24478572499.37,23702659165.43,3018319667,2922646013,False
2024-06-25,7.96,11.377952,1.237983,24025824549.32,23264262263.48,3018319667,2922646013,False
2024-06-26,8.16,11.663831,1.269088,24629488482.72,23848791466.08,3018319667,2922646013,False
2024-06-27,7.96,11.377952,1.237983,24025824549.32,23264262263.48,3018319667,2922646013,False
2024-06-28,8.09,11.563773,1.258202,24418206106.03,23644206245.17,3018319667,2922646013,False
2024-07-01,8.51,12.164117,1.323522,25685901285.25,24871718489.71,3018319775,2922646121,False
2024-07-02,8.39,11.992591,1.304859,25323702912.25,24521000955.19,3018319775,2922646121,False
2024-07-03,8.14,11.635243,1.265978,24569122968.5,23790339424.94,3018319775,2922646121,False
2024-07-04,8.11,11.592362,1.261312,24478573375.25,23702660041.31,3018319775,2922646121,False
2024-07-05,8.03,11.47801,1.24887,24237107793.25,23468848351.63,3018319775,2922646121,False
2024-07-08,8.0,11.435128,1.244204,24146558200.0,23381168968.0,3018319775,2922646121,False
2024-07-09,8.02,11.463716,1.247315,24206924595.5,23439621890.42,3018319775,2922646121,False
2024-07-10,7.77,11.106369,1.208433,23452344651.75,22708960360.17,3018319775,2922646121,False
2024-07-11,8.0,11.409424,1.241408,24092280072.0,24092280072.0,3011535009,3011535009,False
2024-07-12,7.99,11.395162,1.239856,24062164721.91,24062164721.91,3011535009,3011535009,False
2024-07-15,8.14,11.609089,1.263132,24513894973.26,24513894973.26,3011535009,3011535009,False
2024-07-16,8.07,11.509256,1.25227,24303087522.63,24303087522.63,3011535009,3011535009,False
2024-07-17,8.07,11.509256,1.25227,24303087522.63,24303087522.63,3011535009,3011535009,False
2024-07-18,8.0,11.409424,1.241408,24092280072.0,24092280072.0,3011535009,3011535009,False
2024-07-19,7.99,11.395162,1.239856,24062164721.91,24062164721.91,3011535009,3011535009,False
2024-07-22,7.79,11.109927,1.208821,23459857720.11,23459857720.11,3011535009,3011535009,False
2024-07-23,7.58,10.810429,1.176234,22827435368.22,22827435368.22,3011535009,3011535009,False
2024-07-24,7.64,10.896,1.185544,23008127468.76,23008127468.76,3011535009,3011535009,False
2024-07-25,7.6,10.838953,1.179337,22887666068.4,22887666068.4,3011535009,3011535009,False
2024-07-26,7.64,10.896,1.185544,23008127468.76,23008127468.76,3011535009,3011535009,False
2024-07-29,7.77,11.081403,1.205717,23399627019.93,23399627019.93,3011535009,3011535009,False
2024-07-30,7.87,11.224021,1.221235,23700780520.83,23700780520.83,3011535009,3011535009,False
2024-07-31,8.02,11.437947,1.244511,24152510772.18,24152510772.18,3011535009,3011535009,False
2024-08-01,8.14,11.609089,1.263132,24513894973.26,24513894973.26,3011535009,3011535009,False
2024-08-02,8.07,11.509256,1.25227,24303087522.63,24303087522.63,3011535009,3011535009,False
2024-08-05,7.88,11.238283,1.222786,23730895870.92,23730895870.92,3011535009,3011535009,False
2024-08-06,7.88,11.238283,1.222786,23730895870.92,23730895870.92,3011535009,3011535009,False
2024-08-07,7.82,11.152712,1.213476,23550203770.38,23550203770.38,3011535009,3011535009,False
2024-08-08,7.79,11.109927,1.208821,23459857720.11,23459857720.11,3011535009,3011535009,False
2024-08-09,7.8,11.124188,1.210372,23489973070.2,23489973070.2,3011535009,3011535009,False
2024-08-12,7.77,11.081403,1.205717,23399627019.93,23399627019.93,3011535009,3011535009,False
2024-08-13,7.82,11.152712,1.213476,23550203770.38,23550203770.38,3011535009,3011535009,False
2024-08-14,8.02,11.437947,1.244511,24152510772.18,24152510772.18,3011535009,3011535009,False
2024-08-15,8.29,11.823016,1.286409,24965625224.61,24965625224.61,3011535009,3011535009,False
2024-08-16,8.26,11.78023,1.281753,24875279174.34,24875279174.34,3011535009,3011535009,False
2024-08-19,8.34,11.894324,1.294167,25116201975.06,25116201975.06,3011535009,3011535009,False
2024-08-20,7.99,11.395162,1.239856,24062164721.91,24062164721.91,3011535009,3011535009,False
2024-08-21,7.75,11.052879,1.202614,23339396319.75,23339396319.75,3011535009,3011535009,False
2024-08-22,7.87,11.224021,1.221235,23700780520.83,23700780520.83,3011535009,3011535009,False
2024-08-23,7.86,11.209759,1.219683,23670665170.74,23670665170.74,3011535009,3011535009,False
2024-08-26,7.83,11.166974,1.215028,23580319120.47,23580319120.47,3011535009,3011535009,False
2024-08-27,7.72,11.010094,1.197958,23249050269.48,23249050269.48,3011535009,3011535009,False
2024-08-28,7.67,10.938785,1.190199,23098473519.03,23098473519.03,3011535009,3011535009,False
2024-08-29,7.5,10.632334,1.15598,22586512567.5,22586512567.5,3011535009,3011535009,False
2024-08-30,7.56,10.717392,1.165228,22767204668.04,22767204668.04,3011535009,3011535009,False
2024-09-02,7.3,10.348805,1.125154,21984205565.7,21984205565.7,3011535009,3011535009,False
2024-09-03,7.17,10.164511,1.105117,21592706014.53,21592706014.53,3011535009,3011535009,False
2024-09-04,6.99,9.909335,1.077373,21050629712.91,21050629712.91,3011535009,3011535009,False
2024-09-05,6.94,9.838453,1.069667,20900052962.46,20900052962.46,3011535009,3011535009,False
2024-09-06,6.87,9.739218,1.058877,20689245511.83,20689245511.83,3011535009,3011535009,False
2024-09-09,6.84,9.696688,1.054254,20598899461.56,20598899461.56,3011535009,3011535009,False
2024-09-10,6.91,9.795923,1.065043,20809706912.19,20809706912.19,3011535009,3011535009,False
2024-09-11,6.8,9.639982,1.048088,20478438061.2,20478438061.2,3011535009,3011535009,False
2024-09-12,6.86,9.725041,1.057336,20659130161.74,20659130161.74,3011535009,3011535009,False
2024-09-13,6.82,9.668335,1.051171,20538668761.38,20538668761.38,3011535009,3011535009,False
2024-09-18,6.83,9.682512,1.052712,20568784111.47,20568784111.47,3011535009,3011535009,False
2024-09-19,6.98,9.895158,1.075832,21020514362.82,21020514362.82,3011535009,3011535009,False
2024-09-20,6.92,9.8101,1.066584,20839822262.28,20839822262.28,3011535009,3011535009,False
2024-09-23,6.98,9.895158,1.075832,21020514362.82,21020514362.82,3011535009,3011535009,False
2024-09-24,7.19,10.192864,1.108199,21652936714.71,21652936714.71,3011535009,3011535009,False
2024-09-25,7.22,10.235393,1.112823,21743282764.98,21743282764.98,3011535009,3011535009,False
2024-09-26,7.52,10.660686,1.159062,22646743267.68,22646743267.68,3011535009,3011535009,False
2024-09-27,7.69,10.901686,1.185265,23158704219.21,23158704219.21,3011535009,3011535009,False
2024-09-30,8.31,11.780626,1.280826,25025856830.58,25025856830.58,3011535118,3011535118,False
2024-10-08,8.71,12.347683,1.342478,26230470877.78,26230470877.78,3011535118,3011535118,False
2024-10-09,8.02,11.369509,1.236128,24152511646.36,24152511646.36,3011535118,3011535118,False
2024-10-10,8.63,12.234272,1.330147,25989548068.34,25989548068.34,3011535118,3011535118,False
2024-10-11,8.19,11.610509,1.26233,24664472616.42,24664472616.42,3011535118,3011535118,False
2024-10-14,8.54,12.106684,1.316276,25718509907.72,25718509907.72,3011535118,3011535118,False
2024-10-15,8.31,11.780626,1.280826,25025856830.58,25025856830.58,3011535118,3011535118,False
2024-10-16,8.29,11.752273,1.277743,24965626128.22,24965626128.22,3011535118,3011535118,False
2024-10-17,8.31,11.780626,1.280826,25025856830.58,25025856830.58,3011535118,3011535118,False
2024-10-18,8.42,11.936567,1.29778,25357125693.56,25357125693.56,3011535118,3011535118,False
2024-10-21,8.48,12.021626,1.307028,25537817800.64,25537817800.64,3011535118,3011535118,False
2024-10-22,8.66,12.276802,1.334771,26079894121.88,26079894121.88,3011535118,3011535118,False
2024-10-23,8.86,12.560331,1.365598,26682201145.48,26682201145.48,3011535118,3011535118,False
2024-10-24,8.63,12.234272,1.330147,25989548068.34,25989548068.34,3011535118,3011535118,False
2024-10-25,8.62,12.220096,1.328606,25959432717.16,25959432717.16,3011535118,3011535118,False
2024-10-28,8.81,12.489448,1.357891,26531624389.58,26531624389.58,3011535118,3011535118,False
2024-10-29,8.59,12.177566,1.323982,25869086663.62,25869086663.62,3011535118,3011535118,False
2024-10-30,8.63,12.234272,1.330147,25989548068.34,25989548068.34,3011535118,3011535118,False
2024-10-31,8.54,12.209904,1.281912,25718509907.72,25718509907.72,3011535118,3011535118,False
2024-11-01,8.75,12.510147,1.313434,26350932282.5,26350932282.5,3011535118,3011535118,False
2024-11-04,9.03,12.910472,1.355464,27194162115.54,27194162115.54,3011535118,3011535118,False
2024-11-05,9.05,12.939066,1.358466,27254392817.9,27254392817.9,3011535118,3011535118,False
2024-11-06,9.1,13.010553,1.365971,27404969573.8,27404969573.8,3011535118,3011535118,False
2024-11-07,9.44,13.496662,1.417008,28428891513.92,28428891513.92,3011535118,3011535118,False
2024-11-08,9.48,13.553851,1.423012,28549352918.64,28549352918.64,3011535118,3011535118,False
2024-11-11,9.6,13.725419,1.441025,28910737132.8,28910737132.8,3011535118,3011535118,False
2024-11-12,9.21,13.167823,1.382483,27736238436.78,27736238436.78,3011535118,3011535118,False
2024-11-13,9.26,13.23931,1.389989,27886815192.68,27886815192.68,3011535118,3011535118,False
2024-11-14,9.08,12.981958,1.362969,27344738871.44,27344738871.44,3011535118,3011535118,False
2024-11-15,9.0,12.86758,1.350961,27103816062.0,27103816062.0,3011535118,3011535118,False
2024-11-18,9.09,12.996256,1.36447,27374854222.62,27374854222.62,3011535118,3011535118,False
2024-11-19,9.02,12.896174,1.353963,27164046764.36,27164046764.36,3011535118,3011535118,False
2024-11-20,9.03,12.910472,1.355464,27194162115.54,27194162115.54,3011535118,3011535118,False
2024-11-21,9.23,13.196418,1.385485,27796469139.14,27796469139.14,3011535118,3011535118,False
2024-11-22,8.8,12.581634,1.320939,26501509038.4,26501509038.4,3011535118,3011535118,False
2024-11-25,8.53,12.195606,1.280411,25688394556.54,25688394556.54,3011535118,3011535118,False
2024-11-26,8.52,12.181309,1.27891,25658279205.36,25658279205.36,3011535118,3011535118,False
2024-11-27,8.66,12.381471,1.299925,26079894121.88,26079894121.88,3011535118,3011535118,False
2024-11-28,8.62,12.324282,1.29392,25959432717.16,25959432717.16,3011535118,3011535118,False
2024-11-29,8.68,12.410066,1.302927,26140124824.24,26140124824.24,3011535118,3011535118,False
2024-12-02,8.86,12.667418,1.329946,26682201145.48,26682201145.48,3011535118,3011535118,False
2024-12-03,8.89,12.710309,1.334449,26772547199.02,26772547199.02,3011535118,3011535118,False
2024-12-04,8.68,12.410066,1.302927,26140124824.24,26140124824.24,3011535118,3011535118,False
2024-12-05,8.63,12.338579,1.295421,25989548068.34,25989548068.34,3011535118,3011535118,False
2024-12-06,8.81,12.595931,1.322441,26531624389.58,26531624389.58,3011535118,3011535118,False
2024-12-09,8.71,12.452958,1.30743,26230470877.78,26230470877.78,3011535118,3011535118,False
2024-12-10,8.65,12.367174,1.298423,26049778770.7,26049778770.7,3011535118,3011535118,False
2024-12-11,8.69,12.424363,1.304428,26170240175.42,26170240175.42,3011535118,3011535118,False
2024-12-12,8.75,12.510147,1.313434,26350932282.5,26350932282.5,3011535118,3011535118,False
2024-12-13,8.53,12.195606,1.280411,25688394556.54,25688394556.54,3011535118,3011535118,False
2024-12-16,8.54,12.209904,1.281912,25718509907.72,25718509907.72,3011535118,3011535118,False
2024-12-17,8.39,11.995444,1.259396,25266779640.02,25266779640.02,3011535118,3011535118,False
2024-12-18,8.57,12.252795,1.286415,25808855961.26,25808855961.26,3011535118,3011535118,False
2024-12-19,8.58,12.267093,1.287916,25838971312.44,25838971312.44,3011535118,3011535118,False
2024-12-20,8.52,12.181309,1.27891,25658279205.36,25658279205.36,3011535118,3011535118,False
2024-12-23,8.6,12.295687,1.290918,25899202014.8,25899202014.8,3011535118,3011535118,False
2024-12-24,8.71,12.452958,1.30743,26230470877.78,26230470877.78,3011535118,3011535118,False
2024-12-25,9.01,12.881877,1.352462,27133931413.18,27133931413.18,3011535118,3011535118,False
2024-12-26,9.01,12.881877,1.352462,27133931413.18,27133931413.18,3011535118,3011535118,False
2024-12-27,9.26,13.23931,1.389989,27886815192.68,27886815192.68,3011535118,3011535118,False
2024-12-30,9.33,13.339391,1.400496,28097622650.94,28097622650.94,3011535118,3011535118,False
2024-12-31,9.04,12.924769,1.356965,27224418056.8,27224418056.8,3011550670,3011550670,False
2025-01-02,8.55,12.224201,1.283413,25748758228.5,25748758228.5,3011550670,3011550670,False
2025-01-03,8.31,11.881065,1.247387,25025986067.7,25025986067.7,3011550670,3011550670,False
2025-01-06,8.39,11.995506,1.259402,25266910121.3,25266910121.3,3011550670,3011550670,False
2025-01-07,8.35,11.938316,1.253398,25146448094.5,25146448094.5,3011550670,3011550670,False
2025-01-08,8.27,11.823937,1.241389,24905524040.9,24905524040.9,3011550670,3011550670,False
2025-01-09,8.1,11.580882,1.215871,24393560427.0,24393560427.0,3011550670,3011550670,False
2025-01-10,8.01,11.452205,1.202361,24122520866.7,24122520866.7,3011550670,3011550670,False
2025-01-13,7.88,11.266339,1.182847,23731019279.6,23731019279.6,3011550670,3011550670,False
2025-01-14,8.1,11.580882,1.215871,24393560427.0,24393560427.0,3011550670,3011550670,False
2025-01-15,7.97,11.395016,1.196357,24002058839.9,24002058839.9,3011550670,3011550670,False
2025-01-16,8.01,11.452205,1.202361,24122520866.7,24122520866.7,3011550670,3011550670,False
2025-01-17,8.06,11.523692,1.209867,24273098400.2,24273098400.2,3011550670,3011550670,False
2025-01-20,8.04,11.495097,1.206865,24212867386.8,24212867386.8,3011550670,3011550670,False
2025-01-21,8.09,11.566584,1.21437,24363444920.3,24363444920.3,3011550670,3011550670,False
2025-01-22,8.05,11.509395,1.208366,24242982893.5,24242982893.5,3011550670,3011550670,False
2025-01-23,8.13,11.623774,1.220374,24483906947.1,24483906947.1,3011550670,3011550670,False
2025-01-24,8.2,11.723856,1.230882,24694715494.0,24694715494.0,3011550670,3011550670,False
2025-01-27,8.15,11.652369,1.223376,24544137960.5,24544137960.5,3011550670,3011550670,False
2025-02-05,8.07,11.53799,1.211368,24303213906.9,24303213906.9,3011550670,3011550670,False
2025-02-06,8.17,11.680963,1.226379,24604368973.9,24604368973.9,3011550670,3011550670,False
2025-02-07,8.2,11.723856,1.230882,24694715494.0,24694715494.0,3011550670,3011550670,False
2025-02-10,8.2,11.723856,1.230882,24694715494.0,24694715494.0,3011550670,3011550670,False
2025-02-11,8.19,11.709558,1.229381,24664599987.3,24664599987.3,3011550670,3011550670,False
2025-02-12,8.18,11.695261,1.22788,24634484480.6,24634484480.6,3011550670,3011550670,False
2025-02-13,8.17,11.680963,1.226379,24604368973.9,24604368973.9,3011550670,3011550670,False
2025-02-14,8.1,11.580882,1.215871,24393560427.0,24393560427.0,3011550670,3011550670,False
2025-02-17,8.32,11.895424,1.248895,25056101574.4,25056101574.4,3011550670,3011550670,False
2025-02-18,8.17,11.680963,1.226379,24604368973.9,24604368973.9,3011550670,3011550670,False
2025-02-19,8.22,11.75245,1.233884,24754946507.4,24754946507.4,3011550670,3011550670,False
2025-02-20,8.2,11.723856,1.230882,24694715494.0,24694715494.0,3011550670,3011550670,False
2025-02-21,8.23,11.766748,1.235385,24785062014.1,24785062014.1,3011550670,3011550670,False
2025-02-24,8.29,11.852532,1.244391,24965755054.3,24965755054.3,3011550670,3011550670,False
2025-02-25,8.17,11.680963,1.226379,24604368973.9,24604368973.9,3011550670,3011550670,False
2025-02-26,8.2,11.723856,1.230882,24694715494.0,24694715494.0,3011550670,3011550670,False
2025-02-27,8.12,11.609476,1.218873,24453791440.4,24453791440.4,3011550670,3011550670,False
2025-02-28,8.01,11.452205,1.202361,24122520866.7,24122520866.7,3011550670,3011550670,False
2025-03-03,8.81,12.595996,1.322447,26531761402.7,26531761402.7,3011550670,3011550670,False
2025-03-04,8.76,12.524509,1.314942,26381183869.2,26381183869.2,3011550670,3011550670,False
2025-03-05,9.0,12.867646,1.350968,27103956030.0,27103956030.0,3011550670,3011550670,False
2025-03-06,8.94,12.781862,1.341961,26923262989.8,26923262989.8,3011550670,3011550670,False
2025-03-07,8.88,12.696078,1.332955,26742569949.6,26742569949.6,3011550670,3011550670,False
2025-03-10,8.79,12.567401,1.319445,26471530389.3,26471530389.3,3011550670,3011550670,False
2025-03-11,8.79,12.567401,1.319445,26471530389.3,26471530389.3,3011550670,3011550670,False
2025-03-12,8.88,12.696078,1.332955,26742569949.6,26742569949.6,3011550670,3011550670,False
2025-03-13,8.99,12.853349,1.349467,27073840523.3,27073840523.3,3011550670,3011550670,False
2025-03-14,9.07,12.967728,1.361475,27314764576.9,27314764576.9,3011550670,3011550670,False
2025-03-17,9.0,12.867646,1.350968,27103956030.0,27103956030.0,3011550670,3011550670,False
2025-03-18,8.98,12.839052,1.347966,27043725016.6,27043725016.6,3011550670,3011550670,False
2025-03-19,8.91,12.73897,1.337458,26832916469.7,26832916469.7,3011550670,3011550670,False
2025-03-20,8.99,12.853349,1.349467,27073840523.3,27073840523.3,3011550670,3011550670,False
2025-03-21,8.9,12.724672,1.335957,26802800963.0,26802800963.0,3011550670,3011550670,False
2025-03-24,8.81,12.595996,1.322447,26531761402.7,26531761402.7,3011550670,3011550670,False
2025-03-25,9.28,13.267973,1.392998,27947190217.6,27947190217.6,3011550670,3011550670,False
2025-03-26,9.08,12.982025,1.362976,27344880083.6,27344880083.6,3011550670,3011550670,False
2025-03-27,8.81,12.595996,1.322447,26531761402.7,26531761402.7,3011550670,3011550670,False
2025-03-28,9.02,12.896241,1.35397,27164187043.4,27164187043.4,3011550670,3011550670,False
2025-03-31,8.72,12.46732,1.308938,26262026450.32,26262026450.32,3011700281,3011700281,False
2025-04-01,9.38,13.410947,1.408009,28249748635.78,28249748635.78,3011700281,3011700281,False
2025-04-02,9.06,12.954074,1.360042,27286004545.86,27286004545.86,3011700281,3011700281,False
2025-04-03,9.13,13.054161,1.37055,27496823565.53,27496823565.53,3011700281,3011700281,False
2025-04-07,8.22,11.753034,1.233945,24773717222.64,24773717222.64,3013834212,3013834212,False
2025-04-08,8.4,12.0104,1.260966,25316207380.8,25316207380.8,3013834212,3013834212,False
2025-04-09,8.75,12.519698,1.314437,26371049355.0,26371049355.0,3013834212,3013834212,False
2025-04-10,8.81,12.605547,1.32345,26551879407.72,26551879407.72,3013834212,3013834212,False
2025-04-11,8.74,12.505389,1.312935,26340911012.88,26340911012.88,3013834212,3013834212,False
2025-04-14,8.86,12.677088,1.330961,26702571118.32,26702571118.32,3013834212,3013834212,False
2025-04-15,8.67,12.405232,1.302419,26129942618.04,26129942618.04,3013834212,3013834212,False
2025-04-16,8.57,12.26215,1.287397,25828559196.84,25828559196.84,3013834212,3013834212,False
2025-04-17,8.61,12.319383,1.293406,25949112565.32,25949112565.32,3013834212,3013834212,False
2025-04-18,8.7,12.448157,1.306926,26220357644.4,26220357644.4,3013834212,3013834212,False
2025-04-21,8.73,12.491081,1.311432,26310772670.76,26310772670.76,3013834212,3013834212,False
2025-04-22,8.72,12.476773,1.30993,26280634328.64,26280634328.64,3013834212,3013834212,False
2025-04-23,8.94,12.791554,1.342979,26943677855.28,26943677855.28,3013834212,3013834212,False
2025-04-24,8.99,12.863095,1.35049,27094369565.88,27094369565.88,3013834212,3013834212,False
2025-04-25,8.91,12.748629,1.338472,26853262828.92,26853262828.92,3013834212,3013834212,False
2025-04-28,8.82,12.619855,1.324952,26582017749.84,26582017749.84,3013834212,3013834212,False
2025-04-29,8.62,12.333691,1.294908,25979250907.44,25979250907.44,3013834212,3013834212,False
2025-04-30,8.52,12.473568,1.207026,25677867486.24,25677867486.24,3013834212,3013834212,False
2025-05-06,8.98,13.147024,1.272194,27064231223.76,27064231223.76,3013834212,3013834212,False
2025-05-07,8.98,13.147024,1.272194,27064231223.76,27064231223.76,3013834212,3013834212,False
2025-05-08,9.0,13.176304,1.275028,27124507908.0,27124507908.0,3013834212,3013834212,False
2025-05-09,8.91,13.044541,1.262277,26853262828.92,26853262828.92,3013834212,3013834212,False
2025-05-12,9.03,13.220225,1.279278,27214922934.36,27214922934.36,3013834212,3013834212,False
2025-05-13,9.0,13.176304,1.275028,27124507908.0,27124507908.0,3013834212,3013834212,False
2025-05-14,9.04,13.234866,1.280694,27245061276.48,27245061276.48,3013834212,3013834212,False
2025-05-15,8.86,12.97134,1.255194,26702571118.32,26702571118.32,3013834212,3013834212,False
2025-05-16,8.92,13.059182,1.263694,26883401171.04,26883401171.04,3013834212,3013834212,False
2025-05-19,9.02,13.205585,1.277861,27184784592.24,27184784592.24,3013834212,3013834212,False
2025-05-20,8.96,13.117743,1.269361,27003954539.52,27003954539.52,3013834212,3013834212,False
2025-05-21,8.93,13.073822,1.265111,26913539513.16,26913539513.16,3013834212,3013834212,False
2025-05-22,8.76,12.824936,1.241027,26401187697.12,26401187697.12,3013834212,3013834212,False
2025-05-23,8.78,12.854217,1.24386,26461464381.36,26461464381.36,3013834212,3013834212,False
2025-05-26,9.36,13.703357,1.326029,28209488224.32,28209488224.32,3013834212,3013834212,False
2025-05-27,9.25,13.542313,1.310445,27877966461.0,27877966461.0,3013834212,3013834212,False
2025-05-28,9.24,13.527673,1.309028,27847828118.88,27847828118.88,3013834212,3013834212,False
2025-05-29,9.3,13.615515,1.317528,28028658171.6,28028658171.6,3013834212,3013834212,False
2025-05-30,9.08,13.293427,1.286361,27365614644.96,27365614644.96,3013834212,3013834212,False
2025-06-03,9.02,13.205585,1.277861,27184784592.24,27184784592.24,3013834212,3013834212,False
2025-06-04,9.03,13.220225,1.279278,27214922934.36,27214922934.36,3013834212,3013834212,False
2025-06-05,9.01,13.190945,1.276444,27154646250.12,27154646250.12,3013834212,3013834212,False
2025-06-06,9.01,13.190945,1.276444,27154646250.12,27154646250.12,3013834212,3013834212,False
2025-06-09,9.06,13.264146,1.283528,27305337960.72,27305337960.72,3013834212,3013834212,False
2025-06-10,8.95,13.103103,1.267944,26973816197.4,26973816197.4,3013834212,3013834212,False
2025-06-11,8.97,13.132383,1.270777,27034092881.64,27034092881.64,3013834212,3013834212,False
2025-06-12,9.01,13.190945,1.276444,27154646250.12,27154646250.12,3013834212,3013834212,False
2025-06-13,8.98,13.147024,1.272194,27064231223.76,27064231223.76,3013834212,3013834212,False
2025-06-16,9.02,13.205585,1.277861,27184784592.24,27184784592.24,3013834212,3013834212,False
2025-06-17,9.2,13.469111,1.303361,27727274750.4,27727274750.4,3013834212,3013834212,False
2025-06-18,9.18,13.439831,1.300528,27666998066.16,27666998066.16,3013834212,3013834212,False
2025-06-19,8.95,13.103103,1.267944,26973816197.4,26973816197.4,3013834212,3013834212,False
2025-06-20,8.88,13.00062,1.258027,26762847802.56,26762847802.56,3013834212,3013834212,False
2025-06-23,8.98,13.147024,1.272194,27064231223.76,27064231223.76,3013834212,3013834212,False
2025-06-24,9.0,13.176304,1.275028,27124507908.0,27124507908.0,3013834212,3013834212,False
2025-06-25,9.13,13.366629,1.293445,27516306355.56,27516306355.56,3013834212,3013834212,False
2025-06-26,9.08,13.293427,1.286361,27365614644.96,27365614644.96,3013834212,3013834212,False
2025-06-27,9.08,13.293427,1.286361,27365614644.96,27365614644.96,3013834212,3013834212,False
2025-06-30,9.19,13.454471,1.301945,27697136408.28,27697136408.28,3013834212,3013834212,False
2025-07-01,9.2,13.469111,1.303361,27727274750.4,27727274750.4,3013834212,3013834212,False
2025-07-02,9.19,13.454471,1.301945,27697136408.28,27697136408.28,3013834212,3013834212,False
2025-07-03,9.16,13.41055,1.297695,27606721381.92,27606721381.92,3013834212,3013834212,False
2025-07-04,9.15,13.39591,1.296278,27576583039.8,27576583039.8,3013834212,3013834212,False
2025-07-07,9.18,13.439831,1.300528,27666998066.16,27666998066.16,3013834212,3013834212,False
2025-07-08,9.19,13.454471,1.301945,27697136408.28,27697136408.28,3013834212,3013834212,False
2025-07-09,9.18,13.439831,1.300528,27666998066.16,27666998066.16,3013834212,3013834212,False
2025-07-10,9.2,13.469111,1.303361,27727274750.4,27727274750.4,3013834212,3013834212,False
2025-07-11,9.27,13.571594,1.313278,27938243145.24,27938243145.24,3013834212,3013834212,False
2025-07-14,9.69,14.186488,1.37278,29204053514.28,29204053514.28,3013834212,3013834212,False
2025-07-15,9.39,13.747278,1.330279,28299903250.68,28299903250.68,3013834212,3013834212,False
2025-07-16,9.32,13.644795,1.320362,28088934855.84,28088934855.84,3013834212,3013834212,False
2025-07-17,9.33,13.659436,1.321779,28119073197.96,28119073197.96,3013834212,3013834212,False
2025-07-18,9.29,13.600874,1.316112,27998519829.48,27998519829.48,3013834212,3013834212,False
2025-07-21,9.68,14.171847,1.371363,29173915172.16,29173915172.16,3013834212,3013834212,False
2025-07-22,9.88,14.464654,1.399697,29776682014.56,29776682014.56,3013834212,3013834212,False
2025-07-23,9.86,14.435374,1.396864,29716405330.32,29716405330.32,3013834212,3013834212,False
2025-07-24,9.89,14.479295,1.401114,29806820356.68,29806820356.68,3013834212,3013834212,False
2025-07-25,9.65,14.127926,1.367113,29083500145.8,29083500145.8,3013834212,3013834212,False
2025-07-28,9.56,13.996163,1.354363,28812255066.72,28812255066.72,3013834212,3013834212,False
2025-07-29,9.56,13.996163,1.354363,28812255066.72,28812255066.72,3013834212,3013834212,False
2025-07-30,9.48,13.879041,1.343029,28571148329.76,28571148329.76,3013834212,3013834212,False
2025-07-31,9.31,13.630155,1.318945,28058796513.72,28058796513.72,3013834212,3013834212,False
2025-08-01,9.29,13.600874,1.316112,27998519829.48,27998519829.48,3013834212,3013834212,False
2025-08-04,9.38,13.732637,1.328862,28269764908.56,28269764908.56,3013834212,3013834212,False
2025-08-05,9.42,13.791199,1.334529,28390318277.04,28390318277.04,3013834212,3013834212,False
2025-08-06,9.42,13.791199,1.334529,28390318277.04,28390318277.04,3013834212,3013834212,False
2025-08-07,9.3,13.615515,1.317528,28028658171.6,28028658171.6,3013834212,3013834212,False
2025-08-08,9.38,13.732637,1.328862,28269764908.56,28269764908.56,3013834212,3013834212,False
2025-08-11,9.38,13.732637,1.328862,28269764908.56,28269764908.56,3013834212,3013834212,False
2025-08-12,9.31,13.630155,1.318945,28058796513.72,28058796513.72,3013834212,3013834212,False
2025-08-13,9.34,13.674076,1.323195,28149211540.08,28149211540.08,3013834212,3013834212,False
2025-08-14,9.21,13.483752,1.304778,27757413092.52,27757413092.52,3013834212,3013834212,False
2025-08-15,9.28,13.586234,1.314695,27968381487.36,27968381487.36,3013834212,3013834212,False
2025-08-18,9.32,13.644795,1.320362,28088934855.84,28088934855.84,3013834212,3013834212,False
2025-08-19,9.23,13.513032,1.307612,27817689776.76,27817689776.76,3013834212,3013834212,False
2025-08-20,9.28,13.586234,1.314695,27968381487.36,27968381487.36,3013834212,3013834212,False
2025-08-21,9.43,13.805839,1.335946,28420456619.16,28420456619.16,3013834212,3013834212,False
2025-08-22,9.46,13.84976,1.340196,28510871645.52,28510871645.52,3013834212,3013834212,False
2025-08-25,9.58,14.025444,1.357196,28872531750.96,28872531750.96,3013834212,3013834212,False
2025-08-26,9.5,13.908321,1.345862,28631425014.0,28631425014.0,3013834212,3013834212,False
2025-08-27,9.3,13.615515,1.317528,28028658171.6,28028658171.6,3013834212,3013834212,False
2025-08-28,9.28,13.586234,1.314695,27968381487.36,27968381487.36,3013834212,3013834212,False
2025-08-29,9.11,14.399153,1.271938,27456029671.32,27456029671.32,3013834212,3013834212,False
2025-09-01,9.13,14.430764,1.274731,27516306355.56,27516306355.56,3013834212,3013834212,False
2025-09-02,8.97,14.17787,1.252391,27034092881.64,27034092881.64,3013834212,3013834212,False
2025-09-03,8.79,13.893365,1.22726,26491602723.48,26491602723.48,3013834212,3013834212,False
2025-09-04,8.75,13.830141,1.221675,26371049355.0,26371049355.0,3013834212,3013834212,False
2025-09-05,8.85,13.9882,1.235637,26672432776.2,26672432776.2,3013834212,3013834212,False
2025-09-08,8.96,14.162064,1.250995,27003954539.52,27003954539.52,3013834212,3013834212,False
2025-09-09,8.95,14.146259,1.249599,26973816197.4,26973816197.4,3013834212,3013834212,False
2025-09-10,8.85,13.9882,1.235637,26672432776.2,26672432776.2,3013834212,3013834212,False
2025-09-11,8.91,14.083035,1.244014,26853262828.92,26853262828.92,3013834212,3013834212,False
2025-09-12,8.92,14.098841,1.24541,26883401171.04,26883401171.04,3013834212,3013834212,False
2025-09-15,8.96,14.162064,1.250995,27003954539.52,27003954539.52,3013834212,3013834212,False
2025-09-16,8.92,14.098841,1.24541,26883401171.04,26883401171.04,3013834212,3013834212,False
2025-09-17,8.91,14.083035,1.244014,26853262828.92,26853262828.92,3013834212,3013834212,False
2025-09-18,8.74,13.814335,1.220279,26340911012.88,26340911012.88,3013834212,3013834212,False
2025-09-19,8.79,13.893365,1.22726,26491602723.48,26491602723.48,3013834212,3013834212,False
2025-09-22,8.64,13.656276,1.206317,26039527591.68,26039527591.68,3013834212,3013834212,False
2025-09-23,8.63,13.640471,1.204921,26009389249.56,26009389249.56,3013834212,3013834212,False
2025-09-24,8.61,13.608859,1.202128,25949112565.32,25949112565.32,3013834212,3013834212,False
2025-09-25,8.69,13.735306,1.213298,26190219302.28,26190219302.28,3013834212,3013834212,False
2025-09-26,8.63,13.640471,1.204921,26009389249.56,26009389249.56,3013834212,3013834212,False
2025-09-29,8.66,13.687888,1.209109,26099804275.92,26099804275.92,3013834212,3013834212,False
2025-09-30,8.85,13.9882,1.235637,26672432776.2,26672432776.2,3013834212,3013834212,False
2025-10-09,9.74,15.394923,1.359899,29354745224.88,29354745224.88,3013834212,3013834212,False
2025-10-10,10.71,16.928093,1.49533,32278164410.52,32278164410.52,3013834212,3013834212,False
2025-10-13,10.72,16.943898,1.496726,32308302752.64,32308302752.64,3013834212,3013834212,False
2025-10-14,11.25,17.78161,1.570725,33905634885.0,33905634885.0,3013834212,3013834212,False
2025-10-15,12.38,19.567674,1.728496,37311267544.56,37311267544.56,3013834212,3013834212,False
2025-10-16,11.44,18.081922,1.597253,34478263385.28,34478263385.28,3013834212,3013834212,False
2025-10-17,10.77,17.022928,1.503707,32458994463.24,32458994463.24,3013834212,3013834212,False
2025-10-20,10.62,16.78584,1.482764,32006919331.44,32006919331.44,3013834212,3013834212,False
2025-10-21,10.97,17.339045,1.531631,33061761305.64,33061761305.64,3013834212,3013834212,False
2025-10-22,11.29,17.844833,1.57631,34026188253.48,34026188253.48,3013834212,3013834212,False
2025-10-23,12.42,19.630897,1.73408,37431820913.04,37431820913.04,3013834212,3013834212,False
2025-10-24,13.29,21.006008,1.85555,40053856677.48,40053856677.48,3013834212,3013834212,False
2025-10-27,13.93,22.017585,1.944907,41982710573.16,41982710573.16,3013834212,3013834212,False
2025-10-28,13.38,21.148261,1.868116,40325101756.56,40325101756.56,3013834212,3013834212,False
2025-10-29,14.55,22.997549,2.031471,43851287784.6,43851287784.6,3013834212,3013834212,False
2025-10-30,14.76,23.329472,2.060791,44484192969.12,44484192969.12,3013834212,3013834212,False
2025-10-31,13.28,23.329625,1.839264,40023718335.36,40023718335.36,3013834212,3013834212,False
2025-11-03,13.36,23.470165,1.850343,40264825072.32,40264825072.32,3013834212,3013834212,False
2025-11-04,12.97,22.785033,1.796329,39089429729.64,39089429729.64,3013834212,3013834212,False
2025-11-05,13.73,24.120162,1.901588,41379943730.76,41379943730.76,3013834212,3013834212,False
2025-11-06,13.68,24.032325,1.894663,41229252020.16,41229252020.16,3013834212,3013834212,False
2025-11-07,13.16,23.118815,1.822644,39662058229.92,39662058229.92,3013834212,3013834212,False
2025-11-10,13.03,22.890438,1.804639,39270259782.36,39270259782.36,3013834212,3013834212,False
2025-11-11,13.94,24.489079,1.930673,42012848915.28,42012848915.28,3013834212,3013834212,False
2025-11-12,13.05,22.925573,1.807409,39330536466.6,39330536466.6,3013834212,3013834212,False
2025-11-13,13.21,23.206653,1.829569,39812749940.52,39812749940.52,3013834212,3013834212,False
2025-11-14,12.48,21.924226,1.728465,37612650965.76,37612650965.76,3013834212,3013834212,False
2025-11-17,12.14,21.326932,1.681375,36587947333.68,36587947333.68,3013834212,3013834212,False
2025-11-18,11.94,20.975582,1.653675,35985180491.28,35985180491.28,3013834212,3013834212,False
2025-11-19,12.07,21.203959,1.67168,36376978938.84,36376978938.84,3013834212,3013834212,False
2025-11-20,11.68,20.518827,1.617666,35201583596.16,35201583596.16,3013834212,3013834212,False
2025-11-21,11.2,19.675588,1.551186,33754943174.4,33754943174.4,3013834212,3013834212,False
2025-11-24,11.53,20.255315,1.596891,34749508464.36,34749508464.36,3013834212,3013834212,False
2025-11-25,11.78,20.694502,1.631515,35502967017.36,35502967017.36,3013834212,3013834212,False
2025-11-26,11.45,20.114775,1.585811,34508401727.4,34508401727.4,3013834212,3013834212,False
2025-11-27,11.33,19.903965,1.569191,34146741621.96,34146741621.96,3013834212,3013834212,False
2025-11-28,11.59,20.36072,1.605201,34930338517.08,34930338517.08,3013834212,3013834212,False
2025-12-01,11.69,20.536395,1.61905,35231721938.28,35231721938.28,3013834212,3013834212,False
2025-12-02,11.51,20.22018,1.594121,34689231780.12,34689231780.12,3013834212,3013834212,False
2025-12-03,11.35,19.9391,1.571961,34207018306.2,34207018306.2,3013834212,3013834212,False
2025-12-04,11.96,21.010717,1.656445,36045457175.52,36045457175.52,3013834212,3013834212,False
2025-12-05,12.24,21.502606,1.695225,36889330754.88,36889330754.88,3013834212,3013834212,False
2025-12-08,12.19,21.414769,1.6883,36738639044.28,36738639044.28,3013834212,3013834212,False
2025-12-09,11.83,20.782339,1.63844,35653658727.96,35653658727.96,3013834212,3013834212,False
2025-12-10,11.77,20.676934,1.63013,35472828675.24,35472828675.24,3013834212,3013834212,False
2025-12-11,11.83,20.782339,1.63844,35653658727.96,35653658727.96,3013834212,3013834212,False
2025-12-12,13.01,22.855303,1.801869,39209983098.12,39209983098.12,3013834212,3013834212,False
2025-12-15,12.81,22.503953,1.774169,38607216255.72,38607216255.72,3013834212,3013834212,False
2025-12-16,12.31,21.625579,1.70492,37100299149.72,37100299149.72,3013834212,3013834212,False
2025-12-17,12.39,21.766119,1.716,37341405886.68,37341405886.68,3013834212,3013834212,False
2025-12-18,12.12,21.291797,1.678605,36527670649.44,36527670649.44,3013834212,3013834212,False
2025-12-19,12.71,22.328278,1.760319,38305832834.52,38305832834.52,3013834212,3013834212,False
2025-12-22,12.84,22.556656,1.778324,38697631282.08,38697631282.08,3013834212,3013834212,False
2025-12-23,12.73,22.363413,1.763089,38366109518.76,38366109518.76,3013834212,3013834212,False
2025-12-24,12.91,22.679628,1.788019,38908599676.92,38908599676.92,3013834212,3013834212,False
2025-12-25,13.19,23.171518,1.826799,39752473256.28,39752473256.28,3013834212,3013834212,False
2025-12-26,13.69,24.049892,1.896048,41259390362.28,41259390362.28,3013834212,3013834212,False
2025-12-29,13.2,23.189085,1.828184,39782611598.4,39782611598.4,3013834212,3013834212,False
2025-12-30,12.96,22.767466,1.794944,39059291387.52,39059291387.52,3013834212,3013834212,False
2025-12-31,13.48,23.680975,1.866963,40626485177.76,40626485177.76,3013834212,3013834212,False
2026-01-05,13.98,24.559349,1.936213,42133402283.76,42133402283.76,3013834212,3013834212,False
2026-01-06,13.99,24.576917,1.937598,42163540625.88,42163540625.88,3013834212,3013834212,False
2026-01-07,15.39,27.036365,2.131496,46382908522.68,46382908522.68,3013834212,3013834212,False
2026-01-08,16.93,29.741759,2.344784,51024213209.16,51024213209.16,3013834212,3013834212,False
2026-01-09,18.13,31.849857,2.510983,54640814263.56,54640814263.56,3013834212,3013834212,False
2026-01-12,19.94,35.029573,2.761665,60095854187.28,60095854187.28,3013834212,3013834212,False
2026-01-13,17.95,31.533643,2.486053,54098324105.4,54098324105.4,3013834212,3013834212,False
2026-01-14,18.03,31.674182,2.497133,54339430842.36,54339430842.36,3013834212,3013834212,False
2026-01-15,17.47,30.690403,2.419573,52651683683.64,52651683683.64,3013834212,3013834212,False
2026-01-16,17.18,30.180946,2.379409,51777671762.16,51777671762.16,3013834212,3013834212,False
2026-01-19,16.97,29.812029,2.350324,51144766577.64,51144766577.64,3013834212,3013834212,False
2026-01-20,16.44,28.880952,2.27692,49547434445.28,49547434445.28,3013834212,3013834212,False
2026-01-21,16.41,28.828249,2.272765,49457019418.92,49457019418.92,3013834212,3013834212,False
2026-01-22,17.5,30.743106,2.423728,52742098710.0,52742098710.0,3013834212,3013834212,False
2026-01-23,17.4,30.567431,2.409878,52440715288.8,52440715288.8,3013834212,3013834212,False
2026-01-26,16.73,29.390409,2.317084,50421446366.76,50421446366.76,3013834212,3013834212,False
2026-01-27,16.23,28.512034,2.247835,48914529260.76,48914529260.76,3013834212,3013834212,False
2026-01-28,16.01,28.12555,2.217365,48251485734.12,48251485734.12,3013834212,3013834212,False
2026-01-29,15.77,27.70393,2.184125,47528165523.24,47528165523.24,3013834212,3013834212,False
2026-01-30,15.49,27.21204,2.145346,46684291943.88,46684291943.88,3013834212,3013834212,False
2026-02-02,15.33,26.93096,2.123186,46202078469.96,46202078469.96,3013834212,3013834212,False
2026-02-03,15.88,27.897172,2.19936,47859687286.56,47859687286.56,3013834212,3013834212,False
2026-02-04,15.88,27.897172,2.19936,47859687286.56,47859687286.56,3013834212,3013834212,False
2026-02-05,15.57,27.35258,2.156426,46925398680.84,46925398680.84,3013834212,3013834212,False
2026-02-06,15.4,27.053933,2.132881,46413046864.8,46413046864.8,3013834212,3013834212,False
2026-02-09,15.77,27.70393,2.184125,47528165523.24,47528165523.24,3013834212,3013834212,False
2026-02-10,15.47,27.176905,2.142576,46624015259.64,46624015259.64,3013834212,3013834212,False
2026-02-11,15.3,26.878258,2.119031,46111663443.6,46111663443.6,3013834212,3013834212,False
2026-02-12,15.51,27.247175,2.148116,46744568628.12,46744568628.12,3013834212,3013834212,False
2026-02-13,15.15,26.614746,2.098256,45659588311.8,45659588311.8,3013834212,3013834212,False
2026-02-24,15.51,27.247175,2.148116,46744568628.12,46744568628.12,3013834212,3013834212,False
2026-02-25,16.01,28.12555,2.217365,48251485734.12,48251485734.12,3013834212,3013834212,False
2026-02-26,16.18,28.424197,2.24091,48763837550.16,48763837550.16,3013834212,3013834212,False
2026-02-27,16.38,28.775547,2.26861,49366604392.56,49366604392.56,3013834212,3013834212,False
2026-03-02,17.02,29.899866,2.357249,51295458288.24,51295458288.24,3013834212,3013834212,False
2026-03-03,15.48,27.194473,2.143961,46654153601.76,46654153601.76,3013834212,3013834212,False
2026-03-04,15.69,27.56339,2.173046,47287058786.28,47287058786.28,3013834212,3013834212,False
2026-03-05,16.79,29.495814,2.325394,50602276419.48,50602276419.48,3013834212,3013834212,False
2026-03-06,16.56,29.091762,2.293539,49909094550.72,49909094550.72,3013834212,3013834212,False
2026-03-09,17.23,30.268783,2.386334,51928363472.76,51928363472.76,3013834212,3013834212,False
2026-03-10,17.4,30.567431,2.409878,52440715288.8,52440715288.8,3013834212,3013834212,False
2026-03-11,17.28,30.356621,2.393259,52079055183.36,52079055183.36,3013834212,3013834212,False
2026-03-12,17.46,30.672836,2.418188,52621545341.52,52621545341.52,3013834212,3013834212,False
2026-03-13,19.21,33.747146,2.660561,57895755212.52,57895755212.52,3013834212,3013834212,False
2026-03-16,17.9,31.445805,2.479128,53947632394.8,53947632394.8,3013834212,3013834212,False
2026-03-17,16.43,28.863384,2.275535,49517296103.16,49517296103.16,3013834212,3013834212,False
2026-03-18,16.13,28.33636,2.233985,48613145839.56,48613145839.56,3013834212,3013834212,False
2026-03-19,15.48,27.194473,2.143961,46654153601.76,46654153601.76,3013834212,3013834212,False
2026-03-20,14.75,25.912046,2.042857,44454054627.0,44454054627.0,3013834212,3013834212,False
2026-03-23,14.42,25.332319,1.997152,43459489337.04,43459489337.04,3013834212,3013834212,False
2026-03-24,14.52,25.507994,2.011002,43760872758.24,43760872758.24,3013834212,3013834212,False
2026-03-25,14.94,26.245828,2.069171,45026683127.28,45026683127.28,3013834212,3013834212,False
2026-03-26,14.28,25.086374,1.977762,43037552547.36,43037552547.36,3013834212,3013834212,False
2026-03-27,14.29,25.103942,1.979147,43067690889.48,43067690889.48,3013834212,3013834212,False
2026-03-30,14.15,24.857997,1.959757,42645754099.8,42645754099.8,3013834212,3013834212,False
2026-03-31,14.01,24.612052,1.940368,42223817310.12,42223817310.12,3013834212,3013834212,False
2026-04-01,14.55,25.560696,2.015157,43851287784.6,43851287784.6,3013834212,3013834212,False
2026-04-02,14.14,24.840429,1.958372,42615615757.68,42615615757.68,3013834212,3013834212,False
2026-04-03,13.29,23.347193,1.840649,40053856677.48,40053856677.48,3013834212,3013834212,False
2026-04-07,13.26,23.29449,1.836494,39963441651.12,39963441651.12,3013834212,3013834212,False
2026-04-08,14.08,24.735024,1.950063,42434785704.96,42434785704.96,3013834212,3013834212,False
2026-04-09,13.82,24.27827,1.914053,41651188809.84,41651188809.84,3013834212,3013834212,False
2026-04-10,14.18,24.910699,1.963912,42736169126.16,42736169126.16,3013834212,3013834212,False
2026-04-13,14.11,24.787727,1.954218,42525200731.32,42525200731.32,3013834212,3013834212,False
2026-04-14,14.17,24.893132,1.962527,42706030784.04,42706030784.04,3013834212,3013834212,False
2026-04-15,14.37,25.244482,1.990227,43308797626.44,43308797626.44,3013834212,3013834212,False
2026-04-16,14.41,25.314751,1.995767,43429350994.92,43429350994.92,3013834212,3013834212,False
2026-04-17,14.27,25.068807,1.976377,43007414205.24,43007414205.24,3013834212,3013834212,False
2026-04-20,14.45,25.385021,2.001307,43549904363.4,43549904363.4,3013834212,3013834212,False
2026-04-21,14.25,25.033672,1.973607,42947137521.0,42947137521.0,3013834212,3013834212,False
2026-04-22,14.18,24.910699,1.963912,42736169126.16,42736169126.16,3013834212,3013834212,False
2026-04-23,14.03,24.647187,1.943138,42284093994.36,42284093994.36,3013834212,3013834212,False
2026-04-24,13.74,24.13773,1.902973,41410082072.88,41410082072.88,3013834212,3013834212,False
2026-04-27,13.47,34.6813,1.8028,40596346836.0,40596346836.0,3013834212,3013834212,False
2026-04-28,12.94,33.3167,1.7319,38999014703.0,38999014703.0,3013834212,3013834212,False
2026-04-29,13.1,33.7287,1.7533,39481228177.0,39481228177.0,3013834212,3013834212,False
2026-04-30,13.34,34.3466,1.7854,40204548388.0,40204548388.0,3013834212,3013834212,False
2026-05-06,13.43,34.5783,1.7974,40475793467.0,40475793467.0,3013834212,3013834212,False
2026-05-07,13.84,35.6339,1.8523,41711465494.0,41711465494.0,3013834212,3013834212,False
2026-05-08,13.6,35.016,1.8202,40988145283.0,40988145283.0,3013834212,3013834212,False
2026-05-11,13.82,35.5824,1.8496,41651188810.0,41651188810.0,3013834212,3013834212,False
2026-05-12,13.69,35.2477,1.8322,41259390362.0,41259390362.0,3013834212,3013834212,False
2026-05-13,13.83,35.6082,1.851,41681327152.0,41681327152.0,3013834212,3013834212,False
2026-05-14,13.23,34.0634,1.7707,39873026625.0,39873026625.0,3013834212,3013834212,False
2026-05-15,12.99,33.4454,1.7386,39149706414.0,39149706414.0,3013834212,3013834212,False
2026-05-18,12.84,33.0592,1.7185,38697631282.0,38697631282.0,3013834212,3013834212,False
2026-05-19,13.12,33.7802,1.756,39541504861.0,39541504861.0,3013834212,3013834212,False
2026-05-20,12.7,32.6988,1.6997,38275694492.0,38275694492.0,3013834212,3013834212,False
2026-05-21,12.37,31.8491,1.6556,37281129202.0,37281129202.0,3013834212,3013834212,False
2026-05-22,12.38,31.8749,1.6569,37311267545.0,37311267545.0,3013834212,3013834212,False
2026-05-25,12.06,31.051,1.6141,36346840597.0,36346840597.0,3013834212,3013834212,False
2026-05-26,11.92,30.6905,1.5953,35924903807.0,35924903807.0,3013834212,3013834212,False
2026-05-27,11.98,30.845,1.6034,36105733860.0,36105733860.0,3013834212,3013834212,False
2026-05-28,12.54,32.2868,1.6783,37793481018.0,37793481018.0,3013834212,3013834212,False
2026-05-29,12.03,30.9737,1.6101,36256425570.0,36256425570.0,3013834212,3013834212,False
2026-06-01,11.78,30.33,1.5766,35502967017.0,35502967017.0,3013834212,3013834212,False
2026-06-02,11.56,29.7636,1.5472,34839923491.0,34839923491.0,3013834212,3013834212,False
2026-06-03,11.55,29.7379,1.5458,34809785149.0,34809785149.0,3013834212,3013834212,False
2026-06-04,11.27,29.0169,1.5084,33965911569.0,33965911569.0,3013834212,3013834212,False
2026-06-05,11.1,28.5792,1.4856,33453559753.0,33453559753.0,3013834212,3013834212,False
2026-06-08,10.68,27.4979,1.4294,32187749384.0,32187749384.0,3013834212,3013834212,False
2026-06-09,10.92,28.1158,1.4615,32911069595.0,32911069595.0,3013834212,3013834212,False
2026-06-10,10.6,27.2919,1.4187,31946642647.0,31946642647.0,3013834212,3013834212,False
2026-06-11,10.46,26.9314,1.3999,31524705858.0,31524705858.0,3013834212,3013834212,False
2026-06-12,10.72,27.6009,1.4347,32308302753.0,32308302753.0,3013834212,3013834212,False
2026-06-15,11.17,28.7595,1.495,33664528014.0,33664528014.0,3013834212,3013834212,False
2026-06-16,11.36,29.2487,1.5204,34237156512.0,34237156512.0,3013834212,3013834212,False
2026-06-17,11.63,29.9438,1.5565,35050891746.0,35050891746.0,3013834212,3013834212,False
2026-06-18,11.02,28.3733,1.4749,33212452884.0,33212452884.0,3013834212,3013834212,False
2026-06-22,11.16,28.7337,1.4936,33634389672.0,33634389672.0,3013834212,3013834212,False
2026-06-23,10.76,27.7038,1.4401,32428855992.0,32428855992.0,3013834212,3013834212,False
2026-06-24,10.53,27.11,1.41,31736000000.0,31736000000.0,3013834212,3013834212,False
2026-06-25,10.43,26.85,1.4,31434000000.0,31434000000.0,3013834212,3013834212,False
2026-06-26,10.09,25.98,1.35,30410000000.0,30410000000.0,3013834212,3013834212,False
2026-06-29,11.1,28.58,1.49,33454000000.0,33454000000.0,3013834212,3013834212,False
2026-06-30,11.15,28.71,1.49,33604000000.0,33604000000.0,3013834212,3013834212,False
2026-07-01,11.28,29.04,1.51,33996000000.0,33996000000.0,3013834212,3013834212,False
2026-07-02,10.7,27.55,1.44,32248000000.0,32248000000.0,3013834212,3013834212,False
2026-07-03,10.83,27.88,1.46,32640000000.0,32640000000.0,3013834212,3013834212,False
2026-07-06,10.61,27.32,1.43,31977000000.0,31977000000.0,3013834212,3013834212,False
2026-07-07,10.33,26.6,1.39,31133000000.0,31133000000.0,3013834212,3013834212,False
2026-07-08,10.02,25.8,1.35,30199000000.0,30199000000.0,3013834212,3013834212,False
2026-07-09,10.08,25.95,1.36,30379000000.0,30379000000.0,3013834212,3013834212,False
2026-07-10,10.32,26.57,1.39,31103000000.0,31103000000.0,3013834212,3013834212,False
2026-07-13,9.87,25.41,1.33,29747000000.0,29747000000.0,3013834212,3013834212,False
2026-07-14,9.77,25.15,1.32,29445000000.0,29445000000.0,3013834212,3013834212,False
2026-07-15,9.86,25.39,1.33,29716000000.0,29716000000.0,3013834212,3013834212,False
2026-07-16,9.79,25.21,1.32,29505000000.0,29505000000.0,3013834212,3013834212,False
2026-07-17,9.7,24.97,1.31,29234000000.0,29234000000.0,3013834212,3013834212,False
2026-07-20,10.05,25.88,1.35,30289000000.0,30289000000.0,3013834212,3013834212,False
2026-07-21,10.09,25.98,1.36,30410000000.0,30410000000.0,3013834212,3013834212,False
2026-07-22,10.17,26.18,1.37,30651000000.0,30651000000.0,3013834212,3013834212,False
2026-07-23,10.41,26.8,1.4,31374000000.0,31374000000.0,3013834212,3013834212,False
2026-07-24,10.01,25.77,1.35,30168000000.0,30168000000.0,3013834212,3013834212,False
2026-07-27,10.27,26.44,1.38,30952000000.0,30952000000.0,3013834212,3013834212,False
2026-07-28,10.25,26.39,1.38,30892000000.0,30892000000.0,3013834212,3013834212,False
2026-07-29,10.52,27.09,1.42,31706000000.0,31706000000.0,3013834212,3013834212,False
2026-07-30,10.49,27.01,1.41,31615000000.0,31615000000.0,3013834212,3013834212,False
2026-07-31,10.55,27.16,1.42,31796000000.0,31796000000.0,3013834212,3013834212,False
2026-08-03,11.61,29.89,1.56,34991000000.0,34991000000.0,3013834212,3013834212,False
2026-08-04,12.12,31.21,1.63,36528000000.0,36528000000.0,3013834212,3013834212,False
2026-08-05,12.7,32.7,1.71,38276000000.0,38276000000.0,3013834212,3013834212,False
2026-08-06,11.98,30.84,1.61,36106000000.0,36106000000.0,3013834212,3013834212,False
2026-08-07,11.69,30.1,1.58,35232000000.0,35232000000.0,3013834212,3013834212,False
2026-08-10,11.91,30.66,1.6,35895000000.0,35895000000.0,3013834212,3013834212,False
2026-08-11,11.7,30.12,1.58,35262000000.0,35262000000.0,3013834212,3013834212,False
2026-08-12,11.6,29.87,1.56,34960000000.0,34960000000.0,3013834212,3013834212,False
2026-08-13,11.17,28.76,1.51,33665000000.0,33665000000.0,3013834212,3013834212,False
2026-08-14,11.28,29.04,1.52,33996000000.0,33996000000.0,3013834212,3013834212,False
2026-08-17,11.32,29.15,1.53,34117000000.0,34117000000.0,3013834212,3013834212,False
2026-08-18,11.06,28.48,1.49,33333000000.0,33333000000.0,3013834212,3013834212,False
2026-08-19,10.69,27.52,1.44,32218000000.0,32218000000.0,3013834212,3013834212,False
2026-08-20,10.72,27.6,1.44,32308000000.0,32308000000.0,3013834212,3013834212,False
2026-08-21,10.71,27.58,1.44,32278000000.0,32278000000.0,3013834212,3013834212,False
2026-08-24,10.56,27.19,1.42,31826000000.0,31826000000.0,3013834212,3013834212,False
2026-08-25,10.63,27.37,1.43,32037000000.0,32037000000.0,3013834212,3013834212,False
2026-08-26,11.01,28.35,1.48,33182000000.0,33182000000.0,3013834212,3013834212,False
2026-08-27,10.86,27.96,1.46,32730000000.0,32730000000.0,3013834212,3013834212,False
2026-08-28,10.96,28.22,1.48,33032000000.0,33032000000.0,3013834212,3013834212,False
