date,close,pe_ttm,pb,total_mv,float_mv,total_share,float_share,is_st
2021-08-20,6.11,22.638531,1.495355,549898399620.464,34838788031.155,91328503588,5786113180,False
2021-08-23,5.5,20.378383,1.346064,494998559396.49,31360611157.34,91328503588,5786113180,False
2021-08-24,4.95,18.340545,1.211458,445498703456.841,28224550041.606,91328503588,5786113180,False
2021-08-25,4.83,17.895926,1.182089,434698734888.19,27540318525.446,91328503588,5786113180,False
2021-08-26,4.71,17.451306,1.152721,423898766319.54,26856087009.286,91328503588,5786113180,False
2021-08-27,4.61,17.08079,1.128247,414898792512.33093,26285894079.153,91328503588,5786113180,False
2021-08-30,4.64,17.191945,1.135589,417598784654.493,26456951958.193,91328503588,5786113180,False
2021-08-31,4.56,16.895532,1.11601,410398805608.726,26000797614.086,91328503588,5786113180,False
2021-09-01,4.58,16.969636,1.120904,412198800370.168,26114836200.113,91328503588,5786113180,False
2021-09-02,4.56,16.895532,1.11601,410398805608.726,26000797614.086,91328503588,5786113180,False
2021-09-03,4.54,16.821429,1.111115,408598810847.284,25886759028.059,91328503588,5786113180,False
2021-09-06,4.55,16.858481,1.113562,409498808228.005,25943778321.073,91328503588,5786113180,False
2021-09-07,4.54,16.821429,1.111115,408598810847.284,25886759028.059,91328503588,5786113180,False
2021-09-08,4.54,16.821429,1.111115,408598810847.284,25886759028.059,91328503588,5786113180,False
2021-09-09,4.54,16.821429,1.111115,408598810847.284,25886759028.059,91328503588,5786113180,False
2021-09-10,4.53,16.784378,1.108667,407698813466.564,25829739735.046,91328503588,5786113180,False
2021-09-13,4.54,16.821429,1.111115,408598810847.284,25886759028.059,91328503588,5786113180,False
2021-09-14,4.53,16.784378,1.108667,407698813466.564,25829739735.046,91328503588,5786113180,False
2021-09-15,4.53,16.784378,1.108667,407698813466.564,25829739735.046,91328503588,5786113180,False
2021-09-16,4.53,16.784378,1.108667,407698813466.564,25829739735.046,91328503588,5786113180,False
2021-09-17,4.53,16.784378,1.108667,407698813466.564,25829739735.046,91328503588,5786113180,False
2021-09-22,4.63,17.154894,1.133141,417513834397.002,20099912779.516,91507138699,4405328291,False
2021-09-23,4.55,16.858481,1.113562,410299772463.576,19752614070.583,91507138699,4405328291,False
2021-09-24,4.44,16.450913,1.086641,400380437305.116,19275078345.8,91507138699,4405328291,False
2021-09-27,4.31,16.000477,1.056888,388657586663.299,18710717943.783,91507138699,4405328291,False
2021-09-28,4.34,16.11185,1.064245,391362859888.334,18840954959.633,91507138699,4405328291,False
2021-09-29,4.26,15.814857,1.044627,384148797954.909,18493656250.7,91507138699,4405328291,False
2021-09-30,4.29,15.926229,1.051984,386854071179.94293,18623893266.55,91507138699,4405328291,False
2021-10-08,4.34,16.11185,1.064245,391362859888.334,18840954959.633,91507138699,4405328291,False
2021-10-11,4.33,16.074726,1.061792,390461102146.656,18797542621.016,91507138699,4405328291,False
2021-10-12,4.28,15.889105,1.049532,385952313438.265,18580480927.933,91507138699,4405328291,False
2021-10-13,4.27,15.851981,1.047079,385050555696.587,18537068589.316,91507138699,4405328291,False
2021-10-14,4.26,15.814857,1.044627,384148797954.909,18493656250.7,91507138699,4405328291,False
2021-10-15,4.26,15.814857,1.044627,384148797954.909,18493656250.7,91507138699,4405328291,False
2021-10-18,4.22,15.666361,1.034819,380541766988.196,18320006896.233,91507138699,4405328291,False
2021-10-19,4.2,15.592113,1.029914,378738251504.839,18233182219.0,91507138699,4405328291,False
2021-10-20,4.19,15.554988,1.027462,377836493763.161,18189769880.383,91507138699,4405328291,False
2021-10-21,4.17,15.48074,1.022558,376032978279.80493,18102945203.15,91507138699,4405328291,False
2021-10-22,4.14,15.369368,1.015201,373327705054.77,17972708187.3,91507138699,4405328291,False
2021-10-25,4.22,15.157861,0.906025,380541766988.196,18320006896.233,91507138699,4405328291,False
2021-10-26,4.2,15.086023,0.901731,378738251504.839,18233182219.0,91507138699,4405328291,False
2021-10-27,4.23,15.19378,0.908172,381443524729.874,18363419234.85,91507138699,4405328291,False
2021-10-28,4.41,15.840324,0.946818,397675164080.08093,19144841329.95,91507138699,4405328291,False
2021-10-29,4.39,15.768486,0.942524,395871648596.725,19058016652.716,91507138699,4405328291,False
2021-11-01,4.33,15.552971,0.929642,390461102146.656,18797542621.016,91507138699,4405328291,False
2021-11-02,4.22,15.157861,0.906025,380541766988.196,18320006896.233,91507138699,4405328291,False
2021-11-03,4.21,15.121942,0.903878,379640009246.518,18276594557.616,91507138699,4405328291,False
2021-11-04,4.19,15.050104,0.899584,377836493763.161,18189769880.383,91507138699,4405328291,False
2021-11-05,4.24,15.229699,0.910319,382345282471.552,18406831573.466,91507138699,4405328291,False
2021-11-08,4.21,15.121942,0.903878,379640009246.518,18276594557.616,91507138699,4405328291,False
2021-11-09,4.22,15.157861,0.906025,380541766988.196,18320006896.233,91507138699,4405328291,False
2021-11-10,4.21,15.121942,0.903878,379640009246.518,18276594557.616,91507138699,4405328291,False
2021-11-11,4.21,15.121942,0.903878,379640009246.518,18276594557.616,91507138699,4405328291,False
2021-11-12,4.21,15.121942,0.903878,379640009246.518,18276594557.616,91507138699,4405328291,False
2021-11-15,4.22,15.157861,0.906025,380541766988.196,18320006896.233,91507138699,4405328291,False
2021-11-16,4.21,15.121942,0.903878,379640009246.518,18276594557.616,91507138699,4405328291,False
2021-11-17,4.21,15.121942,0.903878,379640009246.518,18276594557.616,91507138699,4405328291,False
2021-11-18,4.18,15.014185,0.897437,376934736021.483,18146357541.766,91507138699,4405328291,False
2021-11-19,4.19,15.050104,0.899584,377836493763.161,18189769880.383,91507138699,4405328291,False
2021-11-22,4.4,15.804405,0.944671,396773406338.403,19101428991.333,91507138699,4405328291,False
2021-11-23,4.3,15.445214,0.923201,387755828921.621,18667305605.166,91507138699,4405328291,False
2021-11-24,4.29,15.409295,0.921054,386854071179.94293,18623893266.55,91507138699,4405328291,False
2021-11-25,4.28,15.373376,0.918907,385952313438.265,18580480927.933,91507138699,4405328291,False
2021-11-26,4.28,15.373376,0.918907,385952313438.265,18580480927.933,91507138699,4405328291,False
2021-11-29,4.28,15.373376,0.918907,385952313438.265,18580480927.933,91507138699,4405328291,False
2021-11-30,4.28,15.373376,0.918907,385952313438.265,18580480927.933,91507138699,4405328291,False
2021-12-01,4.29,15.409295,0.921054,386854071179.94293,18623893266.55,91507138699,4405328291,False
2021-12-02,4.28,15.373376,0.918907,385952313438.265,18580480927.933,91507138699,4405328291,False
2021-12-03,4.32,15.517052,0.927495,389559344404.978,18754130282.4,91507138699,4405328291,False
2021-12-06,4.33,15.552971,0.929642,390461102146.656,18797542621.016,91507138699,4405328291,False
2021-12-07,4.33,15.552971,0.929642,390461102146.656,18797542621.016,91507138699,4405328291,False
2021-12-08,4.34,15.58889,0.931789,391362859888.334,18840954959.633,91507138699,4405328291,False
2021-12-09,4.42,15.876243,0.948965,398576921821.76,19188253668.566,91507138699,4405328291,False
2021-12-10,4.44,15.948081,0.953259,400380437305.116,19275078345.8,91507138699,4405328291,False
2021-12-13,4.4,15.804405,0.944671,396773406338.403,19101428991.333,91507138699,4405328291,False
2021-12-14,4.34,15.58889,0.931789,391362859888.334,18840954959.633,91507138699,4405328291,False
2021-12-15,4.35,15.624809,0.933936,392264617630.012,18884367298.25,91507138699,4405328291,False
2021-12-16,4.36,15.660729,0.936083,393166375371.69,18927779636.866,91507138699,4405328291,False
2021-12-17,4.35,15.624809,0.933936,392264617630.012,18884367298.25,91507138699,4405328291,False
2021-12-20,4.42,15.876243,0.948965,398576921821.76,19188253668.566,91507138699,4405328291,False
2021-12-21,4.43,15.912162,0.951112,399478679563.438,19231666007.183,91507138699,4405328291,False
2021-12-22,4.36,15.660729,0.936083,393166375371.69,18927779636.866,91507138699,4405328291,False
2021-12-23,4.35,15.624809,0.933936,392264617630.012,18884367298.25,91507138699,4405328291,False
2021-12-24,4.31,15.481133,0.925348,388657586663.299,18710717943.783,91507138699,4405328291,False
2021-12-27,4.32,15.517052,0.927495,389559344404.978,18754130282.4,91507138699,4405328291,False
2021-12-28,4.32,15.517052,0.927495,389559344404.978,18754130282.4,91507138699,4405328291,False
2021-12-29,4.31,15.481133,0.925348,388657586663.299,18710717943.783,91507138699,4405328291,False
2021-12-30,4.31,15.481133,0.925348,388657586663.299,18710717943.783,91507138699,4405328291,False
2021-12-31,4.33,15.552971,0.929642,390461102146.656,18797542621.016,91507138699,4405328291,False
2022-01-04,4.38,15.732567,0.940377,394969890855.047,19014604314.1,91507138699,4405328291,False
2022-01-05,4.3,15.445214,0.923201,387755828921.621,18667305605.166,91507138699,4405328291,False
2022-01-06,4.3,15.445214,0.923201,387755828921.621,18667305605.166,91507138699,4405328291,False
2022-01-07,4.29,15.409295,0.921054,386854071179.94293,18623893266.55,91507138699,4405328291,False
2022-01-10,4.32,15.517052,0.927495,389559344404.978,18754130282.4,91507138699,4405328291,False
2022-01-11,4.31,15.481133,0.925348,388657586663.299,18710717943.783,91507138699,4405328291,False
2022-01-12,4.31,15.481133,0.925348,388657586663.299,18710717943.783,91507138699,4405328291,False
2022-01-13,4.3,15.445214,0.923201,387755828921.621,18667305605.166,91507138699,4405328291,False
2022-01-14,4.26,15.301538,0.914613,384148797954.909,18493656250.7,91507138699,4405328291,False
2022-01-17,4.27,15.337457,0.91676,385050555696.587,18537068589.316,91507138699,4405328291,False
2022-01-18,4.29,15.409295,0.921054,386854071179.94293,18623893266.55,91507138699,4405328291,False
2022-01-19,4.26,15.301538,0.914613,384148797954.909,18493656250.7,91507138699,4405328291,False
2022-01-20,4.28,15.373376,0.918907,385952313438.265,18580480927.933,91507138699,4405328291,False
2022-01-21,4.27,15.337457,0.91676,385050555696.587,18537068589.316,91507138699,4405328291,False
2022-01-24,4.28,15.373376,0.918907,385952313438.265,18580480927.933,91507138699,4405328291,False
2022-01-25,4.2,15.086023,0.901731,378738251504.839,18233182219.0,91507138699,4405328291,False
2022-01-26,4.21,15.121942,0.903878,379640009246.518,18276594557.616,91507138699,4405328291,False
2022-01-27,4.15,14.906427,0.890996,374229462796.448,18016120525.916,91507138699,4405328291,False
2022-01-28,4.16,14.942347,0.893143,375131220538.127,18059532864.533,91507138699,4405328291,False
2022-02-07,4.21,15.121942,0.903878,379640009246.518,18276594557.616,91507138699,4405328291,False
2022-02-08,4.29,15.409295,0.921054,386854071179.94293,18623893266.55,91507138699,4405328291,False
2022-02-09,4.41,15.840324,0.946818,397675164080.08093,19144841329.95,91507138699,4405328291,False
2022-02-10,4.32,15.517052,0.927495,389559344404.978,18754130282.4,91507138699,4405328291,False
2022-02-11,4.31,15.481133,0.925348,388657586663.299,18710717943.783,91507138699,4405328291,False
2022-02-14,4.26,15.301538,0.914613,384148797954.909,18493656250.7,91507138699,4405328291,False
2022-02-15,4.24,15.229699,0.910319,382345282471.552,18406831573.466,91507138699,4405328291,False
2022-02-16,4.25,15.265618,0.912466,383247040213.23,18450243912.083,91507138699,4405328291,False
2022-02-17,4.22,15.157861,0.906025,380541766988.196,18320006896.233,91507138699,4405328291,False
2022-02-18,4.26,15.301538,0.914613,384148797954.909,18493656250.7,91507138699,4405328291,False
2022-02-21,4.19,15.050104,0.899584,377836493763.161,22261943568.04,91507138699,5391556378,False
2022-02-22,4.16,14.942347,0.893143,375131220538.127,22102550177.338,91507138699,5391556378,False
2022-02-23,4.18,15.014185,0.897437,376934736021.483,22208812437.806,91507138699,5391556378,False
2022-02-24,4.13,14.834589,0.886703,372425947313.092,21943156786.636,91507138699,5391556378,False
2022-02-25,4.14,14.870508,0.888849,373327705054.77,21996287916.87,91507138699,5391556378,False
2022-02-28,4.12,14.79867,0.884556,371524189571.414,21890025656.402,91507138699,5391556378,False
2022-03-01,4.13,14.834589,0.886703,372425947313.092,21943156786.636,91507138699,5391556378,False
2022-03-02,4.13,14.834589,0.886703,372425947313.092,21943156786.636,91507138699,5391556378,False
2022-03-03,4.14,14.870508,0.888849,373327705054.77,21996287916.87,91507138699,5391556378,False
2022-03-04,4.12,14.79867,0.884556,371524189571.414,21890025656.402,91507138699,5391556378,False
2022-03-07,4.07,14.619075,0.873821,367015400863.023,21624370005.232,91507138699,5391556378,False
2022-03-08,4.01,14.40356,0.860939,361604854412.954,21305583223.828,91507138699,5391556378,False
2022-03-09,3.95,14.188045,0.848057,356194307962.885,20986796442.424,91507138699,5391556378,False
2022-03-10,3.99,14.331722,0.856645,359801338929.597,21199320963.36,91507138699,5391556378,False
2022-03-11,3.96,14.223964,0.850204,357096065704.563,21039927572.658,91507138699,5391556378,False
2022-03-14,3.97,14.259884,0.852351,357997823446.241,21093058702.892,91507138699,5391556378,False
2022-03-15,3.9,14.00845,0.837322,351685519254.494,20721140791.254,91507138699,5391556378,False
2022-03-16,3.94,14.152126,0.84591,355292550221.206,20933665312.19,91507138699,5391556378,False
2022-03-17,4.04,14.511317,0.86738,364310127637.988,21464976614.53,91507138699,5391556378,False
2022-03-18,4.05,14.280374,0.864521,365211885379.66693,21518107744.764,91507138699,5391556378,False
2022-03-21,4.03,14.209854,0.860251,363408369896.31,21411845484.296,91507138699,5391556378,False
2022-03-22,4.05,14.280374,0.864521,365211885379.66693,21518107744.764,91507138699,5391556378,False
2022-03-23,4.05,14.280374,0.864521,365211885379.66693,21518107744.764,91507138699,5391556378,False
2022-03-24,4.08,14.386155,0.870925,367917158604.701,21677501135.466,91507138699,5391556378,False
2022-03-25,4.03,14.209854,0.860251,363408369896.31,21411845484.296,91507138699,5391556378,False
2022-03-28,4.01,14.139333,0.855982,361604854412.954,21305583223.828,91507138699,5391556378,False
2022-03-29,4.01,14.139333,0.855982,361604854412.954,21305583223.828,91507138699,5391556378,False
2022-03-30,4.02,14.174594,0.858117,362506612154.632,21358714354.062,91507138699,5391556378,False
2022-03-31,4.0,14.104073,0.853848,360703096671.276,21252452093.594,91507138699,5391556378,False
2022-04-01,4.01,14.139333,0.855982,361604854412.954,21305583223.828,91507138699,5391556378,False
2022-04-06,4.03,14.209854,0.860251,363408369896.31,21411845484.296,91507138699,5391556378,False
2022-04-07,4.0,14.104073,0.853848,360703096671.276,21252452093.594,91507138699,5391556378,False
2022-04-08,4.01,14.139333,0.855982,361604854412.954,21305583223.828,91507138699,5391556378,False
2022-04-11,3.97,13.998293,0.847444,357997823446.241,21093058702.892,91507138699,5391556378,False
2022-04-12,4.0,14.104073,0.853848,360703096671.276,21252452093.594,91507138699,5391556378,False
2022-04-13,4.02,14.174594,0.858117,362506612154.632,21358714354.062,91507138699,5391556378,False
2022-04-14,4.02,14.174594,0.858117,362506612154.632,21358714354.062,91507138699,5391556378,False
2022-04-15,4.01,14.139333,0.855982,361604854412.954,21305583223.828,91507138699,5391556378,False
2022-04-18,3.97,13.998293,0.847444,357997823446.241,21093058702.892,91507138699,5391556378,False
2022-04-19,3.99,14.068813,0.851713,359801338929.597,21199320963.36,91507138699,5391556378,False
2022-04-20,3.97,13.998293,0.847444,357997823446.241,21093058702.892,91507138699,5391556378,False
2022-04-21,3.92,13.417728,0.8233,353489034737.85,20827403051.722,91507138699,5391556378,False
2022-04-22,3.96,13.554644,0.831701,357096065704.563,21039927572.658,91507138699,5391556378,False
2022-04-25,3.9,13.349271,0.8191,351685519254.494,20721140791.254,91507138699,5391556378,False
2022-04-26,3.86,13.212355,0.810699,348078488287.781,20508616270.318,91507138699,5391556378,False
2022-04-27,3.87,13.246584,0.812799,348980246029.459,20561747400.552,91507138699,5391556378,False
2022-04-28,3.85,13.178126,0.808598,347176730546.103,20455485140.084,91507138699,5391556378,False
2022-04-29,3.89,13.315042,0.816999,350783761512.815,20668009661.02,91507138699,5391556378,False
2022-05-05,3.87,13.246584,0.812799,348980246029.459,20561747400.552,91507138699,5391556378,False
2022-05-06,3.84,13.143897,0.806498,346274972804.425,20402354009.85,91507138699,5391556378,False
2022-05-09,3.85,13.178126,0.808598,347176730546.103,20455485140.084,91507138699,5391556378,False
2022-05-10,3.86,13.212355,0.810699,348078488287.781,20508616270.318,91507138699,5391556378,False
2022-05-11,3.84,13.143897,0.806498,346274972804.425,20402354009.85,91507138699,5391556378,False
2022-05-12,3.84,13.143897,0.806498,346274972804.425,20402354009.85,91507138699,5391556378,False
2022-05-13,3.85,13.178126,0.808598,347176730546.103,20455485140.084,91507138699,5391556378,False
2022-05-16,3.85,13.178126,0.808598,347176730546.103,20455485140.084,91507138699,5391556378,False
2022-05-17,3.85,13.178126,0.808598,347176730546.103,20455485140.084,91507138699,5391556378,False
2022-05-18,3.86,13.212355,0.810699,348078488287.781,20508616270.318,91507138699,5391556378,False
2022-05-19,3.85,13.178126,0.808598,347176730546.103,20455485140.084,91507138699,5391556378,False
2022-05-20,3.86,13.212355,0.810699,348078488287.781,20508616270.318,91507138699,5391556378,False
2022-05-23,3.88,13.280813,0.814899,349882003771.137,20614878530.786,91507138699,5391556378,False
2022-05-24,3.84,13.143897,0.806498,346274972804.425,20402354009.85,91507138699,5391556378,False
2022-05-25,3.86,13.212355,0.810699,348078488287.781,20508616270.318,91507138699,5391556378,False
2022-05-26,3.87,13.246584,0.812799,348980246029.459,20561747400.552,91507138699,5391556378,False
2022-05-27,3.86,13.212355,0.810699,348078488287.781,20508616270.318,91507138699,5391556378,False
2022-05-30,3.86,13.212355,0.810699,348078488287.781,20508616270.318,91507138699,5391556378,False
2022-05-31,3.87,13.246584,0.812799,348980246029.459,20561747400.552,91507138699,5391556378,False
2022-06-01,3.89,13.315042,0.816999,350783761512.815,20668009661.02,91507138699,5391556378,False
2022-06-02,3.91,13.383499,0.8212,352587276996.172,20774271921.488,91507138699,5391556378,False
2022-06-06,3.91,13.383499,0.8212,352587276996.172,20774271921.488,91507138699,5391556378,False
2022-06-07,3.91,13.383499,0.8212,352587276996.172,20774271921.488,91507138699,5391556378,False
2022-06-08,3.74,12.801608,0.785495,337257395387.643,19871042707.51,91507138699,5391556378,False
2022-06-09,3.75,12.835837,0.787596,338159153129.321,19924173837.744,91507138699,5391556378,False
2022-06-10,3.78,12.938524,0.793896,340864426354.355,20083567228.446,91507138699,5391556378,False
2022-06-13,3.75,12.835837,0.787596,338159153129.321,19924173837.744,91507138699,5391556378,False
2022-06-14,3.75,12.835837,0.787596,338159153129.321,19924173837.744,91507138699,5391556378,False
2022-06-15,3.82,13.075439,0.802298,344471457321.068,20296091749.382,91507138699,5391556378,False
2022-06-16,3.77,12.904295,0.791796,339962668612.677,20030436098.212,91507138699,5391556378,False
2022-06-17,3.75,12.835837,0.787596,338159153129.321,19924173837.744,91507138699,5391556378,False
2022-06-20,3.75,12.835837,0.787596,338159153129.321,19924173837.744,91507138699,5391556378,False
2022-06-21,3.75,12.835837,0.787596,338159153129.321,19924173837.744,91507138699,5391556378,False
2022-06-22,3.73,12.767379,0.783395,336355637645.965,19817911577.276,91507138699,5391556378,False
2022-06-23,3.74,12.801608,0.785495,337257395387.643,19871042707.51,91507138699,5391556378,False
2022-06-24,3.74,12.801608,0.785495,337257395387.643,19871042707.51,91507138699,5391556378,False
2022-06-27,3.74,12.801608,0.785495,337257395387.643,19871042707.51,91507138699,5391556378,False
2022-06-28,3.75,12.835837,0.787596,338159153129.321,19924173837.744,91507138699,5391556378,False
2022-06-29,3.74,12.801608,0.785495,337257395387.643,19871042707.51,91507138699,5391556378,False
2022-06-30,3.73,12.767379,0.783395,336355637645.965,19817911577.276,91507138699,5391556378,False
2022-07-01,3.72,12.73315,0.781295,335453879904.286,19764780447.042,91507138699,5391556378,False
2022-07-04,3.73,12.767379,0.783395,336355637645.965,19817911577.276,91507138699,5391556378,False
2022-07-05,3.71,12.698921,0.779195,334552122162.608,19711649316.809,91507138699,5391556378,False
2022-07-06,3.7,12.664693,0.777094,333650364420.93,19658518186.575,91507138699,5391556378,False
2022-07-07,3.7,12.664693,0.777094,333650364420.93,19658518186.575,91507138699,5391556378,False
2022-07-08,3.71,12.698921,0.779195,334552122162.608,19711649316.809,91507138699,5391556378,False
2022-07-11,3.72,12.73315,0.781295,335453879904.286,19764780447.042,91507138699,5391556378,False
2022-07-12,3.74,12.801608,0.785495,337257395387.643,19871042707.51,91507138699,5391556378,False
2022-07-13,3.75,12.835837,0.787596,338159153129.321,19924173837.744,91507138699,5391556378,False
2022-07-14,3.72,12.73315,0.781295,335453879904.286,19764780447.042,91507138699,5391556378,False
2022-07-15,3.71,12.698921,0.779195,334552122162.608,19711649316.809,91507138699,5391556378,False
2022-07-18,3.74,12.801608,0.785495,337257395387.643,19871042707.51,91507138699,5391556378,False
2022-07-19,3.74,12.801608,0.785495,337257395387.643,19871042707.51,91507138699,5391556378,False
2022-07-20,3.73,12.767379,0.783395,336355637645.965,19817911577.276,91507138699,5391556378,False
2022-07-21,3.74,12.801608,0.785495,337257395387.643,19871042707.51,91507138699,5391556378,False
2022-07-22,3.74,12.801608,0.785495,337257395387.643,19871042707.51,91507138699,5391556378,False
2022-07-25,3.72,12.73315,0.781295,335453879904.286,19764780447.042,91507138699,5391556378,False
2022-07-26,3.74,12.801608,0.785495,337257395387.643,19871042707.51,91507138699,5391556378,False
2022-07-27,3.73,12.767379,0.783395,336355637645.965,19817911577.276,91507138699,5391556378,False
2022-07-28,3.73,12.767379,0.783395,336355637645.965,19817911577.276,91507138699,5391556378,False
2022-07-29,3.71,12.698921,0.779195,334552122162.608,19711649316.809,91507138699,5391556378,False
2022-08-01,3.71,12.698921,0.779195,334552122162.608,19711649316.809,91507138699,5391556378,False
2022-08-02,3.7,12.664693,0.777094,333650364420.93,19658518186.575,91507138699,5391556378,False
2022-08-03,3.68,12.596235,0.772894,331846848937.574,19552255926.107,91507138699,5391556378,False
2022-08-04,3.68,12.596235,0.772894,331846848937.574,19552255926.107,91507138699,5391556378,False
2022-08-05,3.7,12.664693,0.777094,333650364420.93,19658518186.575,91507138699,5391556378,False
2022-08-08,3.7,12.664693,0.777094,333650364420.93,19658518186.575,91507138699,5391556378,False
2022-08-09,3.73,12.767379,0.783395,336355637645.965,19817911577.276,91507138699,5391556378,False
2022-08-10,3.72,12.73315,0.781295,335453879904.286,19764780447.042,91507138699,5391556378,False
2022-08-11,3.74,12.801608,0.785495,337257395387.643,19871042707.51,91507138699,5391556378,False
2022-08-12,3.75,12.835837,0.787596,338159153129.321,19924173837.744,91507138699,5391556378,False
2022-08-15,3.76,12.870066,0.789696,339060910870.999,19977304967.978,91507138699,5391556378,False
2022-08-16,3.75,12.835837,0.787596,338159153129.321,19924173837.744,91507138699,5391556378,False
2022-08-17,3.77,13.0182,0.799307,339962668612.677,20030436098.212,91507138699,5391556378,False
2022-08-18,3.77,13.0182,0.799307,339962668612.677,20030436098.212,91507138699,5391556378,False
2022-08-19,3.8,13.121794,0.805667,342667941837.712,20189829488.914,91507138699,5391556378,False
2022-08-22,3.83,13.225387,0.812028,345373215062.746,73939676126.078,91507138699,19590425382,False
2022-08-23,3.8,13.121794,0.805667,342667941837.712,73360514172.088,91507138699,19590425382,False
2022-08-24,3.74,12.914607,0.792946,337257395387.643,72202190264.108,91507138699,19590425382,False
2022-08-25,3.76,12.983669,0.797187,339060910870.999,72588298233.434,91507138699,19590425382,False
2022-08-26,3.74,12.914607,0.792946,337257395387.643,72202190264.108,91507138699,19590425382,False
2022-08-29,3.74,12.914607,0.792946,337257395387.643,72202190264.108,91507138699,19590425382,False
2022-08-30,3.74,12.914607,0.792946,337257395387.643,72202190264.108,91507138699,19590425382,False
2022-08-31,3.75,12.949138,0.795066,338159153129.321,72395244248.771,91507138699,19590425382,False
2022-09-01,3.76,12.983669,0.797187,339060910870.999,72588298233.434,91507138699,19590425382,False
2022-09-02,3.79,13.087262,0.803547,341766184096.034,73167460187.425,91507138699,19590425382,False
2022-09-05,3.82,13.190856,0.809908,344471457321.068,73746622141.415,91507138699,19590425382,False
2022-09-06,3.81,13.156325,0.807787,343569699579.39,73553568156.751,91507138699,19590425382,False
2022-09-07,3.82,13.190856,0.809908,344471457321.068,73746622141.415,91507138699,19590425382,False
2022-09-08,3.75,12.949138,0.795066,338159153129.321,72395244248.771,91507138699,19590425382,False
2022-09-09,3.8,13.121794,0.805667,342667941837.712,73360514172.088,91507138699,19590425382,False
2022-09-13,3.81,13.156325,0.807787,343569699579.39,73553568156.751,91507138699,19590425382,False
2022-09-14,3.81,13.156325,0.807787,343569699579.39,73553568156.751,91507138699,19590425382,False
2022-09-15,3.78,13.052731,0.801427,340864426354.355,72974406202.761,91507138699,19590425382,False
2022-09-16,3.75,12.949138,0.795066,338159153129.321,72395244248.771,91507138699,19590425382,False
2022-09-19,3.74,12.914607,0.792946,337257395387.643,72202190264.108,91507138699,19590425382,False
2022-09-20,3.73,12.880076,0.790826,336355637645.965,72009136279.444,91507138699,19590425382,False
2022-09-21,3.74,12.914607,0.792946,337257395387.643,72202190264.108,91507138699,19590425382,False
2022-09-22,3.76,12.983669,0.797187,339060910870.999,72588298233.434,91507138699,19590425382,False
2022-09-23,3.86,13.32898,0.818388,348078488287.781,74518838080.068,91507138699,19590425382,False
2022-09-26,3.82,13.190856,0.809908,344471457321.068,73746622141.415,91507138699,19590425382,False
2022-09-27,3.85,13.294449,0.816268,347176730546.103,74325784095.405,91507138699,19590425382,False
2022-09-28,3.83,13.225387,0.812028,345373215062.746,73939676126.078,91507138699,19590425382,False
2022-09-29,3.81,13.156325,0.807787,343569699579.39,73553568156.751,91507138699,19590425382,False
2022-09-30,3.83,13.225387,0.812028,345373215062.746,73939676126.078,91507138699,19590425382,False
2022-10-10,3.88,13.398042,0.822629,349882003771.137,74904946049.395,91507138699,19590425382,False
2022-10-11,3.88,13.398042,0.822629,349882003771.137,74904946049.395,91507138699,19590425382,False
2022-10-12,3.94,13.605228,0.83535,355292550221.206,76063269957.375,91507138699,19590425382,False
2022-10-13,3.96,13.67429,0.83959,357096065704.563,76449377926.702,91507138699,19590425382,False
2022-10-14,3.92,13.536166,0.831109,353489034737.85,75677161988.049,91507138699,19590425382,False
2022-10-17,3.94,13.605228,0.83535,355292550221.206,76063269957.375,91507138699,19590425382,False
2022-10-18,3.91,13.501635,0.828989,352587276996.172,75484108003.385,91507138699,19590425382,False
2022-10-19,3.92,13.536166,0.831109,353489034737.85,75677161988.049,91507138699,19590425382,False
2022-10-20,3.92,13.536166,0.831109,353489034737.85,75677161988.049,91507138699,19590425382,False
2022-10-21,3.89,13.102084,0.833548,350783761512.815,75098000034.058,91507138699,19590425382,False
2022-10-24,3.85,12.967359,0.824977,347176730546.103,74325784095.405,91507138699,19590425382,False
2022-10-25,3.87,13.034722,0.829262,348980246029.459,74711892064.732,91507138699,19590425382,False
2022-10-26,3.87,13.034722,0.829262,348980246029.459,74711892064.732,91507138699,19590425382,False
2022-10-27,3.95,13.304173,0.846405,356194307962.885,76256323942.039,91507138699,19590425382,False
2022-10-28,3.91,13.169447,0.837833,352587276996.172,75484108003.385,91507138699,19590425382,False
2022-10-31,3.93,13.23681,0.842119,354390792479.528,75870215972.712,91507138699,19590425382,False
2022-11-01,3.96,13.337855,0.848547,357096065704.563,76449377926.702,91507138699,19590425382,False
2022-11-02,4.03,13.573625,0.863547,363408369896.31,77800755819.346,91507138699,19590425382,False
2022-11-03,3.95,13.304173,0.846405,356194307962.885,76256323942.039,91507138699,19590425382,False
2022-11-04,3.97,13.371536,0.85069,357997823446.241,76642431911.366,91507138699,19590425382,False
2022-11-07,3.95,13.304173,0.846405,356194307962.885,76256323942.039,91507138699,19590425382,False
2022-11-08,3.94,13.270492,0.844262,355292550221.206,76063269957.375,91507138699,19590425382,False
2022-11-09,3.94,13.270492,0.844262,355292550221.206,76063269957.375,91507138699,19590425382,False
2022-11-10,3.96,13.337855,0.848547,357096065704.563,76449377926.702,91507138699,19590425382,False
2022-11-11,3.98,13.405218,0.852833,358899581187.919,76835485896.029,91507138699,19590425382,False
2022-11-14,3.92,13.203129,0.839976,353489034737.85,75677161988.049,91507138699,19590425382,False
2022-11-15,3.9,13.135766,0.835691,351685519254.494,75291054018.722,91507138699,19590425382,False
2022-11-16,3.9,13.135766,0.835691,351685519254.494,75291054018.722,91507138699,19590425382,False
2022-11-17,3.91,13.169447,0.837833,352587276996.172,75484108003.385,91507138699,19590425382,False
2022-11-18,3.92,13.203129,0.839976,353489034737.85,75677161988.049,91507138699,19590425382,False
2022-11-21,3.89,13.102084,0.833548,350783761512.815,75098000034.058,91507138699,19590425382,False
2022-11-22,4.03,13.573625,0.863547,363408369896.31,77800755819.346,91507138699,19590425382,False
2022-11-23,4.03,13.573625,0.863547,363408369896.31,77800755819.346,91507138699,19590425382,False
2022-11-24,4.02,13.539943,0.861404,362506612154.632,77607701834.683,91507138699,19590425382,False
2022-11-25,4.19,14.112528,0.897832,377836493763.161,80889619573.96,91507138699,19590425382,False
2022-11-28,4.2,14.146209,0.899974,378738251504.839,81082673558.624,91507138699,19590425382,False
2022-11-29,4.18,14.078847,0.895689,376934736021.483,80696565589.297,91507138699,19590425382,False
2022-11-30,4.34,14.61775,0.929974,391362859888.334,83785429343.911,91507138699,19590425382,False
2022-12-01,4.38,14.752476,0.938545,394969890855.047,84557645282.565,91507138699,19590425382,False
2022-12-02,4.34,14.61775,0.929974,391362859888.334,83785429343.911,91507138699,19590425382,False
2022-12-05,4.59,15.459786,0.983544,413906803430.289,88611778960.496,91507138699,19590425382,False
2022-12-06,4.5,15.156653,0.964258,405790983755.185,86874293098.525,91507138699,19590425382,False
2022-12-07,4.39,14.786157,0.940688,395871648596.725,84750699267.228,91507138699,19590425382,False
2022-12-08,4.36,14.685113,0.934259,393166375371.69,84171537313.238,91507138699,19590425382,False
2022-12-09,4.4,14.819838,0.94283,396773406338.403,84943753251.891,91507138699,19590425382,False
2022-12-12,4.47,15.055609,0.95783,403085710530.151,86295131144.535,91507138699,19590425382,False
2022-12-13,4.43,14.920883,0.949259,399478679563.438,85522915205.882,91507138699,19590425382,False
2022-12-14,4.35,14.651431,0.932116,392264617630.012,83978483328.574,91507138699,19590425382,False
2022-12-15,4.34,14.61775,0.929974,391362859888.334,83785429343.911,91507138699,19590425382,False
2022-12-16,4.32,14.550387,0.925688,389559344404.978,83399321374.584,91507138699,19590425382,False
2022-12-19,4.17,14.045165,0.893546,376032978279.80493,80503511604.633,91507138699,19590425382,False
2022-12-20,4.17,14.045165,0.893546,376032978279.80493,80503511604.633,91507138699,19590425382,False
2022-12-21,4.14,13.944121,0.887118,373327705054.77,79924349650.643,91507138699,19590425382,False
2022-12-22,4.13,13.910439,0.884975,372425947313.092,79731295665.98,91507138699,19590425382,False
2022-12-23,4.23,14.247254,0.906403,381443524729.874,81661835512.614,91507138699,19590425382,False
2022-12-26,4.21,14.179891,0.902117,379640009246.518,81275727543.287,91507138699,19590425382,False
2022-12-27,4.24,14.280935,0.908546,382345282471.552,81854889497.277,91507138699,19590425382,False
2022-12-28,4.23,14.247254,0.906403,381443524729.874,81661835512.614,91507138699,19590425382,False
2022-12-29,4.2,14.146209,0.899974,378738251504.839,81082673558.624,91507138699,19590425382,False
2022-12-30,4.19,14.112528,0.897832,377836493763.161,80889619573.96,91507138699,19590425382,False
2023-01-03,4.35,14.651431,0.932116,392264617630.012,83978483328.574,91507138699,19590425382,False
2023-01-04,4.38,14.752476,0.938545,394969890855.047,84557645282.565,91507138699,19590425382,False
2023-01-05,4.36,14.685113,0.934259,393166375371.69,84171537313.238,91507138699,19590425382,False
2023-01-06,4.3,14.483024,0.921402,387755828921.621,83013213405.257,91507138699,19590425382,False
2023-01-09,4.35,14.651431,0.932116,392264617630.012,83978483328.574,91507138699,19590425382,False
2023-01-10,4.31,14.516705,0.923545,388657586663.299,83206267389.921,91507138699,19590425382,False
2023-01-11,4.35,14.651431,0.932116,392264617630.012,83978483328.574,91507138699,19590425382,False
2023-01-12,4.4,14.819838,0.94283,396773406338.403,84943753251.891,91507138699,19590425382,False
2023-01-13,4.44,14.954564,0.951402,400380437305.116,85715969190.545,91507138699,19590425382,False
2023-01-16,4.35,14.651431,0.932116,392264617630.012,83978483328.574,91507138699,19590425382,False
2023-01-17,4.3,14.483024,0.921402,387755828921.621,83013213405.257,91507138699,19590425382,False
2023-01-18,4.39,14.786157,0.940688,395871648596.725,84750699267.228,91507138699,19590425382,False
2023-01-19,4.41,14.85352,0.944973,397675164080.08093,85136807236.555,91507138699,19590425382,False
2023-01-20,4.85,16.335504,1.039256,437352504713.922,93631182561.744,91507138699,19590425382,False
2023-01-30,5.0,16.840726,1.071398,450878870839.094,96526992331.695,91507138699,19590425382,False
2023-01-31,5.0,16.840726,1.071398,450878870839.094,96526992331.695,91507138699,19590425382,False
2023-02-01,5.03,16.94177,1.077827,453584144064.129,97106154285.685,91507138699,19590425382,False
2023-02-02,5.14,17.312266,1.101397,463503479222.589,99229748116.982,91507138699,19590425382,False
2023-02-03,5.13,17.278584,1.099255,462601721480.911,99036694132.319,91507138699,19590425382,False
2023-02-06,5.05,17.009133,1.082112,455387659547.485,97492262255.012,91507138699,19590425382,False
2023-02-07,5.03,16.94177,1.077827,453584144064.129,97106154285.685,91507138699,19590425382,False
2023-02-08,4.88,16.436548,1.045685,440057777938.956,94210344515.734,91507138699,19590425382,False
2023-02-09,5.03,16.94177,1.077827,453584144064.129,97106154285.685,91507138699,19590425382,False
2023-02-10,5.01,16.874407,1.073541,451780628580.773,96720046316.358,91507138699,19590425382,False
2023-02-13,5.08,17.110177,1.088541,458092932772.52,98071424209.002,91507138699,19590425382,False
2023-02-14,5.07,17.076496,1.086398,457191175030.842,97878370224.338,91507138699,19590425382,False
2023-02-15,5.27,17.750125,1.129254,475226329864.406,101739449917.606,91507138699,19590425382,False
2023-02-16,5.7,19.198427,1.221394,514001912756.568,110040771258.132,91507138699,19590425382,False
2023-02-17,5.45,18.356391,1.167824,491457969214.613,105214421641.547,91507138699,19590425382,False
2023-02-20,6.0,20.208871,1.285678,541054645006.913,115832390798.034,91507138699,19590425382,False
2023-02-21,6.15,20.714092,1.31782,554581011132.086,118728200567.984,91507138699,19590425382,False
2023-02-22,5.68,19.131064,1.217108,512198397273.211,109654663288.805,91507138699,19590425382,False
2023-02-23,5.45,18.356391,1.167824,491457969214.613,105214421641.547,91507138699,19590425382,False
2023-02-24,5.53,18.625842,1.184966,498672031148.039,106758853518.854,91507138699,19590425382,False
2023-02-27,5.5,18.524798,1.178538,495966757923.004,106179691564.864,91507138699,19590425382,False
2023-02-28,5.85,19.703649,1.253536,527528278881.741,112936581028.083,91507138699,19590425382,False
2023-03-01,6.35,21.387721,1.360676,572616165965.65,122589280261.252,91507138699,19590425382,False
2023-03-02,6.28,21.151951,1.345676,566303861773.903,121237902368.609,91507138699,19590425382,False
2023-03-03,6.38,21.488766,1.367104,575321439190.685,123168442215.242,91507138699,19590425382,False
2023-03-06,6.42,21.623492,1.375675,578928470157.397,123940658153.896,91507138699,19590425382,False
2023-03-07,6.16,20.747774,1.319963,555482768873.764,118921254552.648,91507138699,19590425382,False
2023-03-08,6.45,21.724536,1.382104,581633743382.432,124519820107.886,91507138699,19590425382,False
2023-03-09,6.8,22.903387,1.457102,613195264341.168,131276709571.105,91507138699,19590425382,False
2023-03-10,6.63,22.330802,1.420674,597865382732.639,127994791831.827,91507138699,19590425382,False
2023-03-13,7.26,24.452733,1.55567,654676120458.365,140157192865.621,91507138699,19590425382,False
2023-03-14,7.28,24.520096,1.559956,656479635941.722,140543300834.947,91507138699,19590425382,False
2023-03-15,7.15,24.082238,1.532099,644756785299.905,138033599034.323,91507138699,19590425382,False
2023-03-16,7.04,23.711742,1.508529,634837450141.445,135910005203.026,91507138699,19590425382,False
2023-03-17,7.25,24.419052,1.553527,653774362716.687,139964138880.957,91507138699,19590425382,False
2023-03-20,6.53,21.993988,1.399246,588847805315.857,126064251985.193,91507138699,19590425382,False
2023-03-21,6.62,22.297121,1.418531,596963624990.961,127801737847.164,91507138699,19590425382,False
2023-03-22,6.7,22.566572,1.435674,604177686924.387,129346169724.471,91507138699,19590425382,False
2023-03-23,6.89,22.849076,1.459153,621311084016.272,133014195433.075,91507138699,19590425382,False
2023-03-24,6.63,21.986847,1.40409,597865382732.639,127994791831.827,91507138699,19590425382,False
2023-03-27,6.35,21.058293,1.344792,572616165965.65,122589280261.252,91507138699,19590425382,False
2023-03-28,6.42,21.290431,1.359617,578928470157.397,123940658153.896,91507138699,19590425382,False
2023-03-29,6.32,20.958805,1.338439,569910892740.615,122010118307.262,91507138699,19590425382,False
2023-03-30,6.08,20.162901,1.287612,548268706940.339,117376822675.341,91507138699,19590425382,False
2023-03-31,6.33,20.991967,1.340557,570812650482.294,122203172291.925,91507138699,19590425382,False
2023-04-03,6.52,21.622058,1.380795,587946047574.179,125871198000.53,91507138699,19590425382,False
2023-04-04,6.97,23.114378,1.476095,628525145949.698,134558627310.382,91507138699,19590425382,False
2023-04-06,6.92,22.948564,1.465506,624016357241.307,133593357387.065,91507138699,19590425382,False
2023-04-07,6.98,23.14754,1.478213,629426903691.376,134751681295.046,91507138699,19590425382,False
2023-04-10,6.89,22.849076,1.459153,621311084016.272,133014195433.075,91507138699,19590425382,False
2023-04-11,6.62,21.953685,1.401972,596963624990.961,127801737847.164,91507138699,19590425382,False
2023-04-12,7.02,23.280191,1.486684,633033934658.089,135523897233.699,91507138699,19590425382,False
2023-04-13,6.8,22.550612,1.440093,613195264341.168,131276709571.105,91507138699,19590425382,False
2023-04-14,6.89,22.849076,1.459153,621311084016.272,133014195433.075,91507138699,19590425382,False
2023-04-17,7.03,23.313354,1.488802,633935692399.767,135716951218.363,91507138699,19590425382,False
2023-04-18,7.08,23.479167,1.49939,638444481108.158,136682221141.68,91507138699,19590425382,False
2023-04-19,6.77,22.451125,1.433739,610489991116.134,130697547617.115,91507138699,19590425382,False
2023-04-20,6.82,22.616938,1.444328,614998779824.525,131662817540.432,91507138699,19590425382,False
2023-04-21,6.64,21.4293,1.380973,598767140474.318,128187845816.491,91507138699,19590425382,False
2023-04-24,6.66,21.493846,1.385133,600570655957.674,128573953785.817,91507138699,19590425382,False
2023-04-25,6.51,21.00975,1.353936,587044289832.501,125678144015.867,91507138699,19590425382,False
2023-04-26,6.49,20.945204,1.349777,585240774349.145,125292036046.54,91507138699,19590425382,False
2023-04-27,6.53,21.074296,1.358096,588847805315.857,126064251985.193,91507138699,19590425382,False
2023-04-28,6.69,21.590665,1.391372,603275929182.708,129153115739.808,91507138699,19590425382,False
2023-05-04,6.65,21.461573,1.383053,599668898215.996,128380899801.154,91507138699,19590425382,False
2023-05-05,6.61,21.33248,1.374734,596061867249.283,127608683862.5,91507138699,19590425382,False
2023-05-08,6.89,22.236126,1.432968,621311084016.272,133014195433.075,91507138699,19590425382,False
2023-05-09,6.65,21.461573,1.383053,599668898215.996,128380899801.154,91507138699,19590425382,False
2023-05-10,6.75,21.784303,1.403851,608686475632.778,130311439647.788,91507138699,19590425382,False
2023-05-11,6.55,21.138842,1.362255,590651320799.214,126450359954.52,91507138699,19590425382,False
2023-05-12,6.39,20.622473,1.328979,576223196932.363,123361496199.906,91507138699,19590425382,False
2023-05-15,6.24,20.138378,1.297782,562696830807.19,120465686429.955,91507138699,19590425382,False
2023-05-16,6.11,19.718828,1.270745,550973980165.374,117955984629.331,91507138699,19590425382,False
2023-05-17,5.85,18.879729,1.216671,527528278881.741,112936581028.083,91507138699,19590425382,False
2023-05-18,5.9,19.041094,1.22707,532037067590.131,113901850951.4,91507138699,19590425382,False
2023-05-19,5.84,18.847456,1.214591,526626521140.062,112743527043.419,91507138699,19590425382,False
2023-05-22,5.89,19.008821,1.22499,531135309848.453,113708796966.736,91507138699,19590425382,False
2023-05-23,5.7,18.395634,1.185474,514001912756.568,110040771258.132,91507138699,19590425382,False
2023-05-24,5.64,18.201995,1.172995,508591366306.499,108882447350.152,91507138699,19590425382,False
2023-05-25,5.67,18.298815,1.179235,511296639531.533,109461609304.142,91507138699,19590425382,False
2023-05-26,5.75,18.556999,1.195873,518510701464.959,111006041181.449,91507138699,19590425382,False
2023-05-29,5.81,18.750637,1.208352,523921247915.028,112164365089.429,91507138699,19590425382,False
2023-05-30,6.0,19.363825,1.247867,541054645006.913,115832390798.034,91507138699,19590425382,False
2023-05-31,6.09,19.654282,1.266586,549170464682.017,117569876660.004,91507138699,19590425382,False
2023-06-01,6.18,19.94474,1.285304,557286284357.121,119307362521.975,91507138699,19590425382,False
2023-06-02,6.18,19.94474,1.285304,557286284357.121,119307362521.975,91507138699,19590425382,False
2023-06-05,6.15,19.847921,1.279064,554581011132.086,118728200567.984,91507138699,19590425382,False
2023-06-06,6.1,19.686555,1.268665,550072222423.695,117762930644.668,91507138699,19590425382,False
2023-06-07,6.12,19.751101,1.272825,551875737907.052,118149038613.994,91507138699,19590425382,False
2023-06-08,6.17,19.912467,1.283224,556384526615.443,119114308537.311,91507138699,19590425382,False
2023-06-09,6.49,20.945204,1.349777,585240774349.145,125292036046.54,91507138699,19590425382,False
2023-06-12,6.28,20.26747,1.306101,566303861773.903,121237902368.609,91507138699,19590425382,False
2023-06-13,6.18,19.94474,1.285304,557286284357.121,119307362521.975,91507138699,19590425382,False
2023-06-14,6.05,19.52519,1.258266,545563433715.304,116797660721.351,91507138699,19590425382,False
2023-06-15,5.99,19.331552,1.245788,540152887265.235,115639336813.37,91507138699,19590425382,False
2023-06-16,5.96,19.234733,1.239548,537447614040.201,115060174859.38,91507138699,19590425382,False
2023-06-19,6.09,19.654282,1.266586,549170464682.017,117569876660.004,91507138699,19590425382,False
2023-06-20,6.06,19.557463,1.260346,546465191456.982,116990714706.014,91507138699,19590425382,False
2023-06-21,5.67,18.298815,1.179235,511296639531.533,109461609304.142,91507138699,19590425382,False
2023-06-26,5.65,18.234268,1.175075,509493124048.177,109075501334.815,91507138699,19590425382,False
2023-06-27,5.74,18.524726,1.193793,517608943723.28107,110812987196.786,91507138699,19590425382,False
2023-06-28,5.62,18.137449,1.168836,506787850823.142,108496339380.825,91507138699,19590425382,False
2023-06-29,5.67,18.298815,1.179235,511296639531.533,109461609304.142,91507138699,19590425382,False
2023-06-30,5.63,18.169722,1.170916,507689608564.82,108689393365.488,91507138699,19590425382,False
2023-07-03,5.74,18.524726,1.193793,517608943723.28107,110812987196.786,91507138699,19590425382,False
2023-07-04,5.8,18.718364,1.206272,523019490173.35,111971311104.766,91507138699,19590425382,False
2023-07-05,5.79,18.686091,1.204192,522117732431.671,111778257120.102,91507138699,19590425382,False
2023-07-06,5.79,18.686091,1.204192,522117732431.671,111778257120.102,91507138699,19590425382,False
2023-07-07,5.73,18.492453,1.191713,516707185981.602,110619933212.122,91507138699,19590425382,False
2023-07-10,5.73,18.492453,1.191713,516707185981.602,110619933212.122,91507138699,19590425382,False
2023-07-11,5.7,18.395634,1.185474,514001912756.568,110040771258.132,91507138699,19590425382,False
2023-07-12,5.47,17.653354,1.137639,493261484697.96893,105600529610.874,91507138699,19590425382,False
2023-07-13,5.57,17.976084,1.158437,502279062114.751,107531069457.508,91507138699,19590425382,False
2023-07-14,5.91,19.073367,1.229149,532938825331.81,114094904936.063,91507138699,19590425382,False
2023-07-17,5.86,18.912002,1.218751,528430036623.41907,113129635012.746,91507138699,19590425382,False
2023-07-18,5.78,18.653818,1.202112,521215974689.993,111585203135.439,91507138699,19590425382,False
2023-07-19,5.84,18.847456,1.214591,526626521140.062,112743527043.419,91507138699,19590425382,False
2023-07-20,5.75,18.556999,1.195873,518510701464.959,111006041181.449,91507138699,19590425382,False
2023-07-21,5.75,18.556999,1.195873,518510701464.959,111006041181.449,91507138699,19590425382,False
2023-07-24,5.79,18.686091,1.204192,522117732431.671,111778257120.102,91507138699,19590425382,False
2023-07-25,5.82,18.78291,1.210431,524823005656.706,112357419074.093,91507138699,19590425382,False
2023-07-26,5.71,18.427907,1.187554,514903670498.246,110233825242.795,91507138699,19590425382,False
2023-07-27,5.62,18.137449,1.168836,506787850823.142,108496339380.825,91507138699,19590425382,False
2023-07-28,5.82,18.78291,1.210431,524823005656.706,112357419074.093,91507138699,19590425382,False
2023-07-31,5.68,18.331088,1.181315,512198397273.211,109654663288.805,91507138699,19590425382,False
2023-08-01,5.73,18.492453,1.191713,516707185981.602,110619933212.122,91507138699,19590425382,False
2023-08-02,5.67,18.298815,1.179235,511296639531.533,109461609304.142,91507138699,19590425382,False
2023-08-03,5.64,18.201995,1.172995,508591366306.499,108882447350.152,91507138699,19590425382,False
2023-08-04,5.88,18.976548,1.22291,530233552106.775,113515742982.073,91507138699,19590425382,False
2023-08-07,5.78,18.653818,1.202112,521215974689.993,111585203135.439,91507138699,19590425382,False
2023-08-08,5.8,18.718364,1.206272,523019490173.35,111971311104.766,91507138699,19590425382,False
2023-08-09,5.74,17.832178,1.178835,517608943723.28107,110812987196.786,91507138699,19590425382,False
2023-08-10,5.85,18.17391,1.201425,527528278881.741,112936581028.083,91507138699,19590425382,False
2023-08-11,5.85,18.17391,1.201425,527528278881.741,112936581028.083,91507138699,19590425382,False
2023-08-14,6.0,18.639908,1.232231,541054645006.913,115832390798.034,91507138699,19590425382,False
2023-08-15,5.94,18.453508,1.219909,535644098556.844,114674066890.053,91507138699,19590425382,False
2023-08-16,5.77,17.925378,1.184996,520314216948.315,111392149150.776,91507138699,19590425382,False
2023-08-17,5.76,17.894311,1.182942,519412459206.637,111199095166.112,91507138699,19590425382,False
2023-08-18,5.62,17.45938,1.15419,506787850823.142,108496339380.825,91507138699,19590425382,False
2023-08-21,5.68,17.645779,1.166512,512198397273.211,109654663288.805,91507138699,19590425382,False
2023-08-22,5.99,18.608841,1.230178,540152887265.235,115639336813.37,91507138699,19590425382,False
2023-08-23,5.93,18.422442,1.217855,534742340815.166,114481012905.39,91507138699,19590425382,False
2023-08-24,5.8,18.018577,1.191157,523019490173.35,111971311104.766,91507138699,19590425382,False
2023-08-25,5.79,17.987511,1.189103,522117732431.671,111778257120.102,91507138699,19590425382,False
2023-08-28,5.95,18.484575,1.221963,536545856298.522,114867120874.717,91507138699,19590425382,False
2023-08-29,6.01,18.670974,1.234285,541956402748.592,116025444782.697,91507138699,19590425382,False
2023-08-30,5.93,18.422442,1.217855,534742340815.166,114481012905.39,91507138699,19590425382,False
2023-08-31,5.76,17.894311,1.182942,519412459206.637,111199095166.112,91507138699,19590425382,False
2023-09-01,5.72,17.770045,1.174727,515805428239.924,110426879227.459,91507138699,19590425382,False
2023-09-04,5.91,18.360309,1.213748,532938825331.81,114094904936.063,91507138699,19590425382,False
2023-09-05,5.79,17.987511,1.189103,522117732431.671,111778257120.102,91507138699,19590425382,False
2023-09-06,5.83,18.111777,1.197318,525724763398.384,112550473058.756,91507138699,19590425382,False
2023-09-07,5.85,18.17391,1.201425,527528278881.741,112936581028.083,91507138699,19590425382,False
2023-09-08,5.91,18.360309,1.213748,532938825331.81,114094904936.063,91507138699,19590425382,False
2023-09-11,5.91,18.360309,1.213748,532938825331.81,114094904936.063,91507138699,19590425382,False
2023-09-12,6.0,18.639908,1.232231,541054645006.913,115832390798.034,91507138699,19590425382,False
2023-09-13,6.02,18.702041,1.236339,542858160490.27,116218498767.36,91507138699,19590425382,False
2023-09-14,6.2,19.261238,1.273306,559089799840.477,119693470491.301,91507138699,19590425382,False
2023-09-15,6.14,19.074839,1.260983,553679253390.408,118535146583.321,91507138699,19590425382,False
2023-09-18,6.01,18.670974,1.234285,541956402748.592,116025444782.697,91507138699,19590425382,False
2023-09-19,6.03,18.733107,1.238392,543759918231.948,116411552752.024,91507138699,19590425382,False
2023-09-20,5.95,18.484575,1.221963,536545856298.522,114867120874.717,91507138699,19590425382,False
2023-09-21,6.0,18.639908,1.232231,541054645006.913,115832390798.034,91507138699,19590425382,False
2023-09-22,6.04,18.764174,1.240446,544661675973.626,116604606736.687,91507138699,19590425382,False
2023-09-25,5.98,18.577775,1.228124,539251129523.55707,115446282828.707,91507138699,19590425382,False
2023-09-26,5.83,18.111777,1.197318,525724763398.384,112550473058.756,91507138699,19590425382,False
2023-09-27,5.86,18.204976,1.203479,528430036623.41907,113129635012.746,91507138699,19590425382,False
2023-09-28,5.79,17.987511,1.189103,522117732431.671,111778257120.102,91507138699,19590425382,False
2023-10-09,5.86,18.204976,1.203479,528430036623.41907,113129635012.746,91507138699,19590425382,False
2023-10-10,5.83,18.111777,1.197318,525724763398.384,112550473058.756,91507138699,19590425382,False
2023-10-11,5.79,17.987511,1.189103,522117732431.671,111778257120.102,91507138699,19590425382,False
2023-10-12,5.9,18.329242,1.211694,532037067590.131,113901850951.4,91507138699,19590425382,False
2023-10-13,5.9,18.329242,1.211694,532037067590.131,113901850951.4,91507138699,19590425382,False
2023-10-16,5.95,18.484575,1.221963,536545856298.522,114867120874.717,91507138699,19590425382,False
2023-10-17,6.11,18.981639,1.254822,550973980165.374,117955984629.331,91507138699,19590425382,False
2023-10-18,6.12,19.012706,1.256876,551875737907.052,118149038613.994,91507138699,19590425382,False
2023-10-19,5.97,18.546708,1.22607,538349371781.879,115253228844.043,91507138699,19590425382,False
2023-10-20,5.74,17.832178,1.178835,517608943723.28107,110812987196.786,91507138699,19590425382,False
2023-10-23,5.68,17.2386,1.18319,512198397273.211,109654663288.805,91507138699,19590425382,False
2023-10-24,5.59,16.965453,1.164442,504082577598.108,107917177426.835,91507138699,19590425382,False
2023-10-25,5.4,16.38881,1.124864,486949180506.222,104249151718.23,91507138699,19590425382,False
2023-10-26,5.42,16.449509,1.12903,488752695989.578,104635259687.557,91507138699,19590425382,False
2023-10-27,5.42,16.449509,1.12903,488752695989.578,104635259687.557,91507138699,19590425382,False
2023-10-30,5.31,16.115663,1.106116,478833360831.118,102511665856.26,91507138699,19590425382,False
2023-10-31,5.33,16.176362,1.110282,480636876314.475,102897773825.587,91507138699,19590425382,False
2023-11-01,5.32,16.146013,1.108199,479735118572.797,102704719840.923,91507138699,19590425382,False
2023-11-02,5.33,16.176362,1.110282,480636876314.475,102897773825.587,91507138699,19590425382,False
2023-11-03,5.34,16.206712,1.112365,481538634056.153,103090827810.25,91507138699,19590425382,False
2023-11-06,5.28,16.024614,1.099867,476128087606.084,101932503902.27,91507138699,19590425382,False
2023-11-07,5.26,15.963915,1.0957,474324572122.727,101546395932.943,91507138699,19590425382,False
2023-11-08,5.24,15.903215,1.091534,472521056639.371,101160287963.616,91507138699,19590425382,False
2023-11-09,5.26,15.963915,1.0957,474324572122.727,101546395932.943,91507138699,19590425382,False
2023-11-10,5.23,15.872866,1.089451,471619298897.69293,100967233978.953,91507138699,19590425382,False
2023-11-13,5.28,16.024614,1.099867,476128087606.084,101932503902.27,91507138699,19590425382,False
2023-11-14,5.27,15.994264,1.097784,475226329864.406,101739449917.606,91507138699,19590425382,False
2023-11-15,5.24,15.903215,1.091534,472521056639.371,101160287963.616,91507138699,19590425382,False
2023-11-16,5.13,15.569369,1.06862,462601721480.911,99036694132.319,91507138699,19590425382,False
2023-11-17,5.06,15.356922,1.054039,456289417289.164,97685316239.675,91507138699,19590425382,False
2023-11-20,5.06,15.356922,1.054039,456289417289.164,97685316239.675,91507138699,19590425382,False
2023-11-21,5.06,15.356922,1.054039,456289417289.164,97685316239.675,91507138699,19590425382,False
2023-11-22,5.17,15.690768,1.076953,466208752447.624,99808910070.972,91507138699,19590425382,False
2023-11-23,5.18,15.721118,1.079036,467110510189.302,100001964055.636,91507138699,19590425382,False
2023-11-24,5.16,15.660418,1.07487,465306994705.946,99615856086.309,91507138699,19590425382,False
2023-11-27,5.1,15.47832,1.062371,459896448255.876,98457532178.329,91507138699,19590425382,False
2023-11-28,5.07,15.387271,1.056122,457191175030.842,97878370224.338,91507138699,19590425382,False
2023-11-29,5.08,15.417621,1.058205,458092932772.52,98071424209.002,91507138699,19590425382,False
2023-11-30,5.19,15.751467,1.081119,468012267930.98,100195018040.299,91507138699,19590425382,False
2023-12-01,5.27,15.994264,1.097784,475226329864.406,101739449917.606,91507138699,19590425382,False
2023-12-04,5.24,15.903215,1.091534,472521056639.371,101160287963.616,91507138699,19590425382,False
2023-12-05,5.17,15.690768,1.076953,466208752447.624,99808910070.972,91507138699,19590425382,False
2023-12-06,5.12,15.53902,1.066537,461699963739.233,98843640147.655,91507138699,19590425382,False
2023-12-07,5.06,15.356922,1.054039,456289417289.164,97685316239.675,91507138699,19590425382,False
2023-12-08,5.16,15.660418,1.07487,465306994705.946,99615856086.309,91507138699,19590425382,False
2023-12-11,5.19,15.751467,1.081119,468012267930.98,100195018040.299,91507138699,19590425382,False
2023-12-12,5.25,15.933565,1.093617,473422814381.049,101353341948.279,91507138699,19590425382,False
2023-12-13,5.18,15.721118,1.079036,467110510189.302,100001964055.636,91507138699,19590425382,False
2023-12-14,5.17,15.690768,1.076953,466208752447.624,99808910070.972,91507138699,19590425382,False
2023-12-15,5.16,15.660418,1.07487,465306994705.946,99615856086.309,91507138699,19590425382,False
2023-12-18,5.13,15.569369,1.06862,462601721480.911,99036694132.319,91507138699,19590425382,False
2023-12-19,5.19,15.751467,1.081119,468012267930.98,100195018040.299,91507138699,19590425382,False
2023-12-20,5.13,15.569369,1.06862,462601721480.911,99036694132.319,91507138699,19590425382,False
2023-12-21,5.16,15.660418,1.07487,465306994705.946,99615856086.309,91507138699,19590425382,False
2023-12-22,5.18,15.721118,1.079036,467110510189.302,100001964055.636,91507138699,19590425382,False
2023-12-25,5.15,15.630069,1.072787,464405236964.267,99422802101.646,91507138699,19590425382,False
2023-12-26,5.21,15.812167,1.085285,469815783414.336,100581126009.626,91507138699,19590425382,False
2023-12-27,5.35,16.237062,1.114448,482440391797.83093,103283881794.913,91507138699,19590425382,False
2023-12-28,5.35,16.237062,1.114448,482440391797.83093,103283881794.913,91507138699,19590425382,False
2023-12-29,5.41,16.419159,1.126947,487850938247.9,104442205702.894,91507138699,19590425382,False
2024-01-02,5.37,16.297761,1.118614,484243907281.188,103669989764.24,91507138699,19590425382,False
2024-01-03,5.39,16.35846,1.12278,486047422764.544,104056097733.567,91507138699,19590425382,False
2024-01-04,5.34,16.206712,1.112365,481538634056.153,103090827810.25,91507138699,19590425382,False
2024-01-05,5.34,16.206712,1.112365,481538634056.153,103090827810.25,91507138699,19590425382,False
2024-01-08,5.35,16.237062,1.114448,482440391797.83093,103283881794.913,91507138699,19590425382,False
2024-01-09,5.29,16.054964,1.10195,477029845347.762,102125557886.933,91507138699,19590425382,False
2024-01-10,5.19,15.751467,1.081119,468012267930.98,100195018040.299,91507138699,19590425382,False
2024-01-11,5.11,15.50867,1.064454,460798205997.55493,98650586162.992,91507138699,19590425382,False
2024-01-12,5.11,15.50867,1.064454,460798205997.55493,98650586162.992,91507138699,19590425382,False
2024-01-15,5.23,15.872866,1.089451,471619298897.69293,100967233978.953,91507138699,19590425382,False
2024-01-16,5.25,15.933565,1.093617,473422814381.049,101353341948.279,91507138699,19590425382,False
2024-01-17,5.2,15.781817,1.083202,468914025672.658,100388072024.962,91507138699,19590425382,False
2024-01-18,5.28,16.024614,1.099867,476128087606.084,101932503902.27,91507138699,19590425382,False
2024-01-19,5.29,16.054964,1.10195,477029845347.762,102125557886.933,91507138699,19590425382,False
2024-01-22,5.31,16.115663,1.106116,478833360831.118,102511665856.26,91507138699,19590425382,False
2024-01-23,5.25,15.933565,1.093617,473422814381.049,101353341948.279,91507138699,19590425382,False
2024-01-24,5.39,16.35846,1.12278,486047422764.544,104056097733.567,91507138699,19590425382,False
2024-01-25,5.77,17.511747,1.201938,520314216948.315,111392149150.776,91507138699,19590425382,False
2024-01-26,5.75,17.451047,1.197771,518510701464.959,111006041181.449,91507138699,19590425382,False
2024-01-29,5.79,17.572446,1.206104,522117732431.671,111778257120.102,91507138699,19590425382,False
2024-01-30,5.79,17.572446,1.206104,522117732431.671,111778257120.102,91507138699,19590425382,False
2024-01-31,5.75,17.451047,1.197771,518510701464.959,111006041181.449,91507138699,19590425382,False
2024-02-01,5.71,17.329649,1.189439,514903670498.246,110233825242.795,91507138699,19590425382,False
2024-02-02,5.83,17.693845,1.214436,525724763398.384,112550473058.756,91507138699,19590425382,False
2024-02-05,5.87,17.815243,1.222768,529331794365.097,113322688997.41,91507138699,19590425382,False
2024-02-06,5.85,17.754544,1.218602,527528278881.741,112936581028.083,91507138699,19590425382,False
2024-02-07,5.87,17.815243,1.222768,529331794365.097,113322688997.41,91507138699,19590425382,False
2024-02-08,5.84,17.724194,1.216519,526626521140.062,112743527043.419,91507138699,19590425382,False
2024-02-19,6.0,18.209789,1.249848,541054645006.913,115832390798.034,91507138699,19590425382,False
2024-02-20,6.02,18.270488,1.254015,542858160490.27,116218498767.36,91507138699,19590425382,False
2024-02-21,5.98,18.149089,1.245682,539251129523.55707,115446282828.707,91507138699,19590425382,False
2024-02-22,6.15,18.665033,1.281095,554581011132.086,118728200567.984,91507138699,19590425382,False
2024-02-23,6.03,18.300838,1.256098,543759918231.948,116411552752.024,91507138699,19590425382,False
2024-02-26,5.85,17.754544,1.218602,527528278881.741,112936581028.083,91507138699,19590425382,False
2024-02-27,5.89,17.875943,1.226935,531135309848.453,113708796966.736,91507138699,19590425382,False
2024-02-28,5.83,17.693845,1.214436,525724763398.384,112550473058.756,91507138699,19590425382,False
2024-02-29,5.85,17.754544,1.218602,527528278881.741,112936581028.083,91507138699,19590425382,False
2024-03-01,5.86,17.784894,1.220685,528430036623.41907,113129635012.746,91507138699,19590425382,False
2024-03-04,5.95,18.05804,1.239433,536545856298.522,114867120874.717,91507138699,19590425382,False
2024-03-05,5.94,17.852999,1.23735,535644098556.844,114674066890.053,91507138699,19590425382,False
2024-03-06,5.92,17.792888,1.233184,533840583073.488,114287958920.727,91507138699,19590425382,False
2024-03-07,5.81,17.462277,1.21027,523921247915.028,112164365089.429,91507138699,19590425382,False
2024-03-08,5.95,17.883054,1.239433,536545856298.522,114867120874.717,91507138699,19590425382,False
2024-03-11,5.88,17.672666,1.224851,530233552106.775,113515742982.073,91507138699,19590425382,False
2024-03-12,5.68,17.071554,1.18319,512198397273.211,109654663288.805,91507138699,19590425382,False
2024-03-13,5.62,16.891221,1.170691,506787850823.142,108496339380.825,91507138699,19590425382,False
2024-03-14,5.64,16.951332,1.174858,508591366306.499,108882447350.152,91507138699,19590425382,False
2024-03-15,5.64,16.951332,1.174858,508591366306.499,108882447350.152,91507138699,19590425382,False
2024-03-18,5.72,17.191777,1.191522,515805428239.924,110426879227.459,91507138699,19590425382,False
2024-03-19,5.71,17.161721,1.189439,514903670498.246,110233825242.795,91507138699,19590425382,False
2024-03-20,5.81,17.462277,1.21027,523921247915.028,112164365089.429,91507138699,19590425382,False
2024-03-21,5.77,17.342054,1.201938,520314216948.315,111392149150.776,91507138699,19590425382,False
2024-03-22,5.82,17.492332,1.212353,524823005656.706,112357419074.093,91507138699,19590425382,False
2024-03-25,5.85,17.582499,1.218602,527528278881.741,112936581028.083,91507138699,19590425382,False
2024-03-26,5.87,17.64261,1.222768,529331794365.097,113322688997.41,91507138699,19590425382,False
2024-03-27,5.94,17.853183,1.227185,535644098556.844,114674066890.053,91507138699,19590425382,False
2024-03-28,5.98,17.973406,1.235449,539251129523.55707,115446282828.707,91507138699,19590425382,False
2024-03-29,6.08,18.273965,1.256109,548268706940.339,117376822675.341,91507138699,19590425382,False
2024-04-01,6.02,18.09363,1.243713,542858160490.27,116218498767.36,91507138699,19590425382,False
2024-04-02,6.01,18.063574,1.241647,541956402748.592,116025444782.697,91507138699,19590425382,False
2024-04-03,6.0,18.033518,1.239581,541054645006.913,115832390798.034,91507138699,19590425382,False
2024-04-08,6.04,18.153742,1.247845,544661675973.626,116604606736.687,91507138699,19590425382,False
2024-04-09,5.93,17.823127,1.225119,534742340815.166,114481012905.39,91507138699,19590425382,False
2024-04-10,5.95,17.883239,1.229251,536545856298.522,114867120874.717,91507138699,19590425382,False
2024-04-11,5.95,17.883239,1.229251,536545856298.522,114867120874.717,91507138699,19590425382,False
2024-04-12,5.96,17.913295,1.231317,537447614040.201,115060174859.38,91507138699,19590425382,False
2024-04-15,6.14,18.4543,1.268504,553679253390.408,118535146583.321,91507138699,19590425382,False
2024-04-16,6.14,18.4543,1.268504,553679253390.408,118535146583.321,91507138699,19590425382,False
2024-04-17,6.33,19.025362,1.307758,570812650482.294,122203172291.925,91507138699,19590425382,False
2024-04-18,6.21,18.664691,1.282966,559991557582.155,119886524475.965,91507138699,19590425382,False
2024-04-19,6.25,18.784915,1.29123,563598588548.868,120658740414.618,91507138699,19590425382,False
2024-04-22,6.24,18.754859,1.289164,562696830807.19,120465686429.955,91507138699,19590425382,False
2024-04-23,6.1,18.334077,1.26024,550072222423.695,117762930644.668,91507138699,19590425382,False
2024-04-24,6.09,17.942716,1.234626,549170464682.017,117569876660.004,91507138699,19590425382,False
2024-04-25,6.09,17.942716,1.234626,549170464682.017,117569876660.004,91507138699,19590425382,False
2024-04-26,6.08,17.913254,1.232599,548268706940.339,117376822675.341,91507138699,19590425382,False
2024-04-29,5.97,17.589165,1.210299,538349371781.879,115253228844.043,91507138699,19590425382,False
2024-04-30,6.0,17.677553,1.21638,541054645006.913,115832390798.034,91507138699,19590425382,False
2024-05-06,5.89,17.353464,1.19408,531135309848.453,113708796966.736,91507138699,19590425382,False
2024-05-07,5.9,17.382927,1.196107,532037067590.131,113901850951.4,91507138699,19590425382,False
2024-05-08,5.96,17.559703,1.208271,537447614040.201,115060174859.38,91507138699,19590425382,False
2024-05-09,5.93,17.471315,1.202189,534742340815.166,114481012905.39,91507138699,19590425382,False
2024-05-10,5.99,17.64809,1.214353,540152887265.235,115639336813.37,91507138699,19590425382,False
2024-05-13,5.94,17.500777,1.204217,535644098556.844,114674066890.053,91507138699,19590425382,False
2024-05-14,5.92,17.441852,1.200162,533840583073.488,114287958920.727,91507138699,19590425382,False
2024-05-15,5.87,17.294539,1.190026,529331794365.097,113322688997.41,91507138699,19590425382,False
2024-05-16,5.83,17.176689,1.181916,525724763398.384,112550473058.756,91507138699,19590425382,False
2024-05-17,5.89,17.353464,1.19408,531135309848.453,113708796966.736,91507138699,19590425382,False
2024-05-20,5.91,17.41239,1.198135,532938825331.81,114094904936.063,91507138699,19590425382,False
2024-05-21,5.94,17.500777,1.204217,535644098556.844,114674066890.053,91507138699,19590425382,False
2024-05-22,5.98,17.618628,1.212326,539251129523.55707,115446282828.707,91507138699,19590425382,False
2024-05-23,5.95,17.53024,1.206244,536545856298.522,114867120874.717,91507138699,19590425382,False
2024-05-24,5.94,17.500777,1.204217,535644098556.844,114674066890.053,91507138699,19590425382,False
2024-05-27,6.04,17.795403,1.22449,544661675973.626,116604606736.687,91507138699,19590425382,False
2024-05-28,5.95,17.53024,1.206244,536545856298.522,114867120874.717,91507138699,19590425382,False
2024-05-29,5.91,17.41239,1.198135,532938825331.81,114094904936.063,91507138699,19590425382,False
2024-05-30,5.93,17.471315,1.202189,534742340815.166,114481012905.39,91507138699,19590425382,False
2024-05-31,5.94,17.500777,1.204217,535644098556.844,114674066890.053,91507138699,19590425382,False
2024-06-03,5.95,17.53024,1.206244,536545856298.522,114867120874.717,91507138699,19590425382,False
2024-06-04,5.93,17.471315,1.202189,534742340815.166,114481012905.39,91507138699,19590425382,False
2024-06-05,5.87,17.294539,1.190026,529331794365.097,113322688997.41,91507138699,19590425382,False
2024-06-06,5.9,17.382927,1.196107,532037067590.131,113901850951.4,91507138699,19590425382,False
2024-06-07,5.97,17.589165,1.210299,538349371781.879,115253228844.043,91507138699,19590425382,False
2024-06-11,5.84,17.206151,1.183944,526626521140.062,112743527043.419,91507138699,19590425382,False
2024-06-12,5.82,17.147226,1.179889,524823005656.706,112357419074.093,91507138699,19590425382,False
2024-06-13,5.77,16.999913,1.169753,520314216948.315,111392149150.776,91507138699,19590425382,False
2024-06-14,5.73,16.882063,1.161643,516707185981.602,110619933212.122,91507138699,19590425382,False
2024-06-17,5.68,16.73475,1.151507,512198397273.211,109654663288.805,91507138699,19590425382,False
2024-06-18,5.7,16.793675,1.155561,514001912756.568,110040771258.132,91507138699,19590425382,False
2024-06-19,5.78,17.029376,1.17178,521215974689.993,111585203135.439,91507138699,19590425382,False
2024-06-20,5.76,16.970451,1.167725,519412459206.637,111199095166.112,91507138699,19590425382,False
2024-06-21,5.82,17.147226,1.179889,524823005656.706,112357419074.093,91507138699,19590425382,False
2024-06-24,5.82,17.147226,1.179889,524823005656.706,112357419074.093,91507138699,19590425382,False
2024-06-25,5.84,17.206151,1.183944,526626521140.062,112743527043.419,91507138699,19590425382,False
2024-06-26,5.85,17.235614,1.185971,527528278881.741,112936581028.083,91507138699,19590425382,False
2024-06-27,5.98,17.618628,1.212326,539251129523.55707,115446282828.707,91507138699,19590425382,False
2024-06-28,6.15,18.119492,1.24679,554581011132.086,118728200567.984,91507138699,19590425382,False
2024-07-01,6.1,17.972179,1.236654,550072222423.695,117762930644.668,91507138699,19590425382,False
2024-07-02,6.15,18.119492,1.24679,554581011132.086,118728200567.984,91507138699,19590425382,False
2024-07-03,6.19,18.237342,1.254899,558188042098.799,119500416506.638,91507138699,19590425382,False
2024-07-04,6.17,18.178417,1.250845,556384526615.443,119114308537.311,91507138699,19590425382,False
2024-07-05,6.18,18.207879,1.252872,557286284357.121,119307362521.975,91507138699,19590425382,False
2024-07-08,6.23,18.355192,1.263008,561795073065.512,120272632445.292,91507138699,19590425382,False
2024-07-09,6.27,18.473043,1.271118,565402104032.224,121044848383.945,91507138699,19590425382,False
2024-07-10,6.21,18.296267,1.258954,559991557582.155,119886524475.965,91507138699,19590425382,False
2024-07-11,6.17,18.178417,1.250845,556384526615.443,119114308537.311,91507138699,19590425382,False
2024-07-12,6.26,18.44358,1.26909,564500346290.546,120851794399.282,91507138699,19590425382,False
2024-07-15,6.29,18.531968,1.275172,567205619515.581,121430956353.272,91507138699,19590425382,False
2024-07-16,6.35,18.708743,1.287336,572616165965.65,122589280261.252,91507138699,19590425382,False
2024-07-17,6.2,18.266805,1.256927,559089799840.477,119693470491.301,91507138699,19590425382,False
2024-07-18,6.33,18.649818,1.283281,570812650482.294,122203172291.925,91507138699,19590425382,False
2024-07-19,6.38,18.797131,1.293418,575321439190.685,123168442215.242,91507138699,19590425382,False
2024-07-22,6.32,18.620356,1.281254,569910892740.615,122010118307.262,91507138699,19590425382,False
2024-07-23,6.32,18.620356,1.281254,569910892740.615,122010118307.262,91507138699,19590425382,False
2024-07-24,6.4,18.856056,1.297473,577124954674.041,123554550184.569,91507138699,19590425382,False
2024-07-25,6.29,18.531968,1.275172,567205619515.581,121430956353.272,91507138699,19590425382,False
2024-07-26,6.02,17.736478,1.220435,542858160490.27,116218498767.36,91507138699,19590425382,False
2024-07-29,6.05,17.824866,1.226517,545563433715.304,116797660721.351,91507138699,19590425382,False
2024-07-30,6.16,18.148954,1.248817,555482768873.764,118921254552.648,91507138699,19590425382,False
2024-07-31,6.02,17.736478,1.220435,542858160490.27,116218498767.36,91507138699,19590425382,False
2024-08-01,6.03,17.765941,1.222462,543759918231.948,116411552752.024,91507138699,19590425382,False
2024-08-02,6.06,17.854328,1.228544,546465191456.982,116990714706.014,91507138699,19590425382,False
2024-08-05,5.97,17.589165,1.210299,538349371781.879,115253228844.043,91507138699,19590425382,False
2024-08-06,5.96,17.559703,1.208271,537447614040.201,115060174859.38,91507138699,19590425382,False
2024-08-07,5.91,17.41239,1.198135,532938825331.81,114094904936.063,91507138699,19590425382,False
2024-08-08,5.89,17.353464,1.19408,531135309848.453,113708796966.736,91507138699,19590425382,False
2024-08-09,5.78,17.029376,1.17178,521215974689.993,111585203135.439,91507138699,19590425382,False
2024-08-12,5.69,16.764213,1.153534,513100155014.89,109847717273.469,91507138699,19590425382,False
2024-08-13,5.73,16.882063,1.161643,516707185981.602,110619933212.122,91507138699,19590425382,False
2024-08-14,5.8,17.088301,1.175834,523019490173.35,111971311104.766,91507138699,19590425382,False
2024-08-15,5.91,17.41239,1.198135,532938825331.81,114094904936.063,91507138699,19590425382,False
2024-08-16,5.98,17.618628,1.212326,539251129523.55707,115446282828.707,91507138699,19590425382,False
2024-08-19,6.03,17.765941,1.222462,543759918231.948,116411552752.024,91507138699,19590425382,False
2024-08-20,6.04,17.795403,1.22449,544661675973.626,120546399694.502,91507138699,20252675382,False
2024-08-21,6.18,17.614737,1.239405,557286284357.121,123340521541.726,91507138699,20252675382,False
2024-08-22,6.23,17.757251,1.249432,561795073065.512,124338422201.449,91507138699,20252675382,False
2024-08-23,6.22,17.728748,1.247427,560893315323.834,124138842069.504,91507138699,20252675382,False
2024-08-26,6.24,17.785753,1.251438,562696830807.19,124538002333.393,91507138699,20252675382,False
2024-08-27,6.32,18.013776,1.267482,569910892740.615,126134643388.949,91507138699,20252675382,False
2024-08-28,6.22,17.728748,1.247427,560893315323.834,124138842069.504,91507138699,20252675382,False
2024-08-29,6.18,17.614737,1.239405,557286284357.121,123340521541.726,91507138699,20252675382,False
2024-08-30,6.1,17.386714,1.223361,550072222423.695,121743880486.17,91507138699,20252675382,False
2024-09-02,6.19,17.643239,1.24141,558188042098.799,123540101673.67,91507138699,20252675382,False
2024-09-03,6.23,17.757251,1.249432,561795073065.512,124338422201.449,91507138699,20252675382,False
2024-09-04,6.23,17.757251,1.249432,561795073065.512,124338422201.449,91507138699,20252675382,False
2024-09-05,6.16,17.557731,1.235394,555482768873.764,122941361277.837,91507138699,20252675382,False
2024-09-06,6.1,17.386714,1.223361,550072222423.695,121743880486.17,91507138699,20252675382,False
2024-09-09,6.16,17.557731,1.235394,555482768873.764,122941361277.837,91507138699,20252675382,False
2024-09-10,6.19,17.643239,1.24141,558188042098.799,123540101673.67,91507138699,20252675382,False
2024-09-11,6.05,17.2442,1.213333,545563433715.304,120745979826.447,91507138699,20252675382,False
2024-09-12,5.88,16.759652,1.17924,530233552106.775,117353117583.39,91507138699,20252675382,False
2024-09-13,5.95,16.959172,1.193278,536545856298.522,118750178507.001,91507138699,20252675382,False
2024-09-18,5.93,16.902166,1.189267,534742340815.166,118351018243.112,91507138699,20252675382,False
2024-09-19,5.87,16.731149,1.177234,529331794365.097,117153537451.445,91507138699,20252675382,False
2024-09-20,6.02,17.158692,1.207317,542858160490.27,120147239430.613,91507138699,20252675382,False
2024-09-23,6.06,17.272703,1.215339,546465191456.982,120945559958.391,91507138699,20252675382,False
2024-09-24,6.25,17.814256,1.253443,563598588548.868,124737582465.338,91507138699,20252675382,False
2024-09-25,6.19,17.643239,1.24141,558188042098.799,123540101673.67,91507138699,20252675382,False
2024-09-26,6.37,18.15629,1.27751,574419681449.006,127132544048.672,91507138699,20252675382,False
2024-09-27,6.33,18.042279,1.269488,570812650482.294,126334223520.894,91507138699,20252675382,False
2024-09-30,6.71,19.125386,1.345697,605079444666.065,133918268534.787,91507138699,20252675382,False
2024-10-08,6.66,18.982871,1.335669,600570655957.674,132920367875.064,91507138699,20252675382,False
2024-10-09,6.32,18.013776,1.267482,569910892740.615,126134643388.949,91507138699,20252675382,False
2024-10-10,6.64,18.925866,1.331658,598767140474.318,132521207611.175,91507138699,20252675382,False
2024-10-11,6.3,17.95677,1.263471,568107377257.259,125735483125.06,91507138699,20252675382,False
2024-10-14,6.52,18.583832,1.307592,587946047574.179,130126246027.84,91507138699,20252675382,False
2024-10-15,6.43,18.327307,1.289543,579830227899.075,128330024840.339,91507138699,20252675382,False
2024-10-16,6.47,18.441318,1.297565,583437258865.788,129128345368.118,91507138699,20252675382,False
2024-10-17,6.41,18.270301,1.285532,578026712415.719,127930864576.45,91507138699,20252675382,False
2024-10-18,6.53,18.612335,1.309598,588847805315.857,130325826159.785,91507138699,20252675382,False
2024-10-21,6.66,18.982871,1.335669,600570655957.674,132920367875.064,91507138699,20252675382,False
2024-10-22,6.65,18.954369,1.333664,599668898215.996,132720787743.119,91507138699,20252675382,False
2024-10-23,6.59,18.473068,1.344699,594258351765.927,131523306951.452,91507138699,20252675382,False
2024-10-24,6.5,18.220781,1.326334,586142532090.823,129727085763.951,91507138699,20252675382,False
2024-10-25,6.47,18.136685,1.320213,583437258865.788,129128345368.118,91507138699,20252675382,False
2024-10-28,6.52,18.276845,1.330415,587946047574.179,130126246027.84,91507138699,20252675382,False
2024-10-29,6.52,18.276845,1.330415,587946047574.179,130126246027.84,91507138699,20252675382,False
2024-10-30,6.47,18.136685,1.320213,583437258865.788,129128345368.118,91507138699,20252675382,False
2024-10-31,6.36,17.828333,1.297767,573517923707.328,126932963916.728,91507138699,20252675382,False
2024-11-01,6.41,17.968493,1.30797,578026712415.719,127930864576.45,91507138699,20252675382,False
2024-11-04,6.39,17.912429,1.303889,576223196932.363,127531704312.561,91507138699,20252675382,False
2024-11-05,6.42,17.996525,1.31001,578928470157.397,128130444708.395,91507138699,20252675382,False
2024-11-06,6.45,18.080621,1.316132,581633743382.432,128729185104.229,91507138699,20252675382,False
2024-11-07,6.57,18.417004,1.340618,592454836282.57,131124146687.563,91507138699,20252675382,False
2024-11-08,6.51,18.248813,1.328375,587044289832.501,129926665895.896,91507138699,20252675382,False
2024-11-11,6.52,18.276845,1.330415,587946047574.179,130126246027.84,91507138699,20252675382,False
2024-11-12,6.36,17.828333,1.297767,573517923707.328,126932963916.728,91507138699,20252675382,False
2024-11-13,6.7,18.78142,1.367145,604177686924.387,133718688402.842,91507138699,20252675382,False
2024-11-14,6.56,18.388972,1.338577,591553078540.892,130924566555.618,91507138699,20252675382,False
2024-11-15,6.7,18.78142,1.367145,604177686924.387,133718688402.842,91507138699,20252675382,False
2024-11-18,6.75,18.92158,1.377347,608686475632.778,134716589062.565,91507138699,20252675382,False
2024-11-19,6.53,18.304877,1.332456,588847805315.857,130325826159.785,91507138699,20252675382,False
2024-11-20,6.63,18.585196,1.352861,597865382732.639,132321627479.23,91507138699,20252675382,False
2024-11-21,6.52,18.276845,1.330415,587946047574.179,130126246027.84,91507138699,20252675382,False
2024-11-22,6.42,17.996525,1.31001,578928470157.397,128130444708.395,91507138699,20252675382,False
2024-11-25,6.38,17.884397,1.301848,575321439190.685,127332124180.617,91507138699,20252675382,False
2024-11-26,6.43,18.024557,1.312051,579830227899.075,128330024840.339,91507138699,20252675382,False
2024-11-27,6.53,18.304877,1.332456,588847805315.857,130325826159.785,91507138699,20252675382,False
2024-11-28,6.44,18.052589,1.314091,580731985640.754,128529604972.284,91507138699,20252675382,False
2024-11-29,6.47,18.136685,1.320213,583437258865.788,129128345368.118,91507138699,20252675382,False
2024-12-02,6.49,18.192749,1.324294,585240774349.145,129527505632.007,91507138699,20252675382,False
2024-12-03,6.53,18.304877,1.332456,588847805315.857,130325826159.785,91507138699,20252675382,False
2024-12-04,6.66,18.669292,1.358983,600570655957.674,132920367875.064,91507138699,20252675382,False
2024-12-05,6.62,18.557164,1.350821,596963624990.961,132122047347.286,91507138699,20252675382,False
2024-12-06,6.63,18.585196,1.352861,597865382732.639,132321627479.23,91507138699,20252675382,False
2024-12-09,6.73,18.865516,1.373266,606882960149.421,134317428798.676,91507138699,20252675382,False
2024-12-10,6.7,18.78142,1.367145,604177686924.387,133718688402.842,91507138699,20252675382,False
2024-12-11,6.72,18.837484,1.371226,605981202407.743,134117848666.731,91507138699,20252675382,False
2024-12-12,6.82,19.117804,1.391631,614998779824.525,136113649986.176,91507138699,20252675382,False
2024-12-13,6.79,19.033708,1.385509,612293506599.49,135514909590.343,91507138699,20252675382,False
2024-12-16,6.98,19.566315,1.424279,629426903691.376,139306932097.289,91507138699,20252675382,False
2024-12-17,6.98,19.566315,1.424279,629426903691.376,139306932097.289,91507138699,20252675382,False
2024-12-18,7.01,19.650411,1.430401,632132176916.411,139905672493.123,91507138699,20252675382,False
2024-12-19,7.09,19.874667,1.446725,639346238849.836,141502313548.679,91507138699,20252675382,False
2024-12-20,7.05,19.762539,1.438563,635739207883.123,140703993020.901,91507138699,20252675382,False
2024-12-23,7.06,19.790571,1.440603,636640965624.801,140903573152.845,91507138699,20252675382,False
2024-12-24,7.09,19.874667,1.446725,639346238849.836,141502313548.679,91507138699,20252675382,False
2024-12-25,7.21,20.211051,1.471211,650167331749.974,143897275132.014,91507138699,20252675382,False
2024-12-26,7.23,20.267114,1.475292,651970847233.331,144296435395.903,91507138699,20252675382,False
2024-12-27,7.17,20.098923,1.463049,646560300783.261,143098954604.235,91507138699,20252675382,False
2024-12-30,7.26,20.35121,1.481413,654676120458.365,144895175791.736,91507138699,20252675382,False
2024-12-31,7.22,20.239082,1.473251,651069089491.652,144096855263.958,91507138699,20252675382,False
2025-01-02,7.11,19.930731,1.450806,641149754333.192,141901473812.568,91507138699,20252675382,False
2025-01-03,7.01,19.650411,1.430401,632132176916.411,139905672493.123,91507138699,20252675382,False
2025-01-06,7.0,19.622379,1.42836,631230419174.732,139706092361.178,91507138699,20252675382,False
2025-01-07,7.0,19.622379,1.42836,631230419174.732,139706092361.178,91507138699,20252675382,False
2025-01-08,7.16,20.070891,1.461008,645658543041.583,142899374472.291,91507138699,20252675382,False
2025-01-09,7.07,19.818603,1.442644,637542723366.48,141103153284.79,91507138699,20252675382,False
2025-01-10,6.98,19.566315,1.424279,629426903691.376,139306932097.289,91507138699,20252675382,False
2025-01-13,6.83,19.145836,1.393671,615900537566.203,136313230118.121,91507138699,20252675382,False
2025-01-14,6.89,19.314027,1.405914,621311084016.272,137510710909.788,91507138699,20252675382,False
2025-01-15,6.88,19.285996,1.403874,620409326274.594,137311130777.844,91507138699,20252675382,False
2025-01-16,6.95,19.482219,1.418158,626721630466.341,138708191701.456,91507138699,20252675382,False
2025-01-17,6.94,19.454187,1.416117,625819872724.663,138508611569.511,91507138699,20252675382,False
2025-01-20,6.87,19.257964,1.401833,619507568532.916,137111550645.899,91507138699,20252675382,False
2025-01-21,6.69,18.753388,1.365104,603275929182.708,133519108270.897,91507138699,20252675382,False
2025-01-22,6.76,18.949612,1.379388,609588233374.456,134916169194.509,91507138699,20252675382,False
2025-01-23,6.85,19.2019,1.397752,617704053049.559,136712390382.01,91507138699,20252675382,False
2025-01-24,6.91,19.370091,1.409995,623114599499.629,137909871173.677,91507138699,20252675382,False
2025-01-27,7.06,19.790571,1.440603,636640965624.801,140903573152.845,91507138699,20252675382,False
2025-02-05,6.97,19.538283,1.422239,628525145949.698,139107351965.345,91507138699,20252675382,False
2025-02-06,7.09,19.874667,1.446725,639346238849.836,141502313548.679,91507138699,20252675382,False
2025-02-07,7.13,19.986795,1.454887,642953269816.549,142300634076.457,91507138699,20252675382,False
2025-02-10,7.6,21.304297,1.550791,685335883675.424,151680900277.851,91507138699,20252675382,False
2025-02-11,7.8,21.864937,1.591601,703371038508.987,155672502916.741,91507138699,20252675382,False
2025-02-12,7.74,21.696745,1.579358,697960492058.918,154475022125.074,91507138699,20252675382,False
2025-02-13,7.76,21.752809,1.583439,699764007542.275,154874182388.963,91507138699,20252675382,False
2025-02-14,7.9,22.145256,1.612006,712388615925.769,157668304236.187,91507138699,20252675382,False
2025-02-17,8.15,22.846056,1.663019,734932559467.724,162657807534.8,91507138699,20252675382,False
2025-02-18,8.15,22.846056,1.663019,734932559467.724,162657807534.8,91507138699,20252675382,False
2025-02-19,8.06,22.593768,1.644655,726816739792.62,160861586347.3,91507138699,20252675382,False
2025-02-20,7.82,21.921001,1.595682,705174553992.344,598232117080.306,91507138699,77629728699,False
2025-02-21,8.6,24.107494,1.754842,775511657843.243,657902328246.884,91507138699,77629728699,False
2025-02-24,8.36,23.434727,1.70587,753869472042.966,639542263272.552,91507138699,77629728699,False
2025-02-25,8.12,22.76196,1.656898,732227286242.689,621182198298.221,91507138699,77629728699,False
2025-02-26,8.06,22.593768,1.644655,726816739792.62,616592182054.638,91507138699,77629728699,False
2025-02-27,7.9,22.145256,1.612006,712388615925.769,604352138738.417,91507138699,77629728699,False
2025-02-28,7.75,21.724777,1.581399,698862249800.596,592877098129.459,91507138699,77629728699,False
2025-03-03,7.92,22.20132,1.616087,714192131409.126,605882144152.944,91507138699,77629728699,False
2025-03-04,7.8,21.864937,1.591601,703371038508.987,596702111665.778,91507138699,77629728699,False
2025-03-05,8.04,22.537704,1.640574,725013224309.264,615062176640.11,91507138699,77629728699,False
2025-03-06,8.26,23.154407,1.685465,744851894626.184,631892236199.914,91507138699,77629728699,False
2025-03-07,8.22,23.04228,1.677303,741244863659.4708,628832225370.859,91507138699,77629728699,False
2025-03-10,7.96,22.313448,1.624249,717799162375.839,608942154982.0,91507138699,77629728699,False
2025-03-11,8.04,22.537704,1.640574,725013224309.264,615062176640.11,91507138699,77629728699,False
2025-03-12,7.93,22.229352,1.618128,715093889150.804,606647146860.208,91507138699,77629728699,False
2025-03-13,7.83,21.949033,1.597723,706076311734.022,598997119787.57,91507138699,77629728699,False
2025-03-14,7.82,21.921001,1.595682,705174553992.344,598232117080.306,91507138699,77629728699,False
2025-03-17,7.81,21.892969,1.593642,704272796250.666,597467114373.042,91507138699,77629728699,False
2025-03-18,7.86,22.033129,1.603844,708781584959.057,601292127909.361,91507138699,77629728699,False
2025-03-19,7.64,21.416425,1.558953,688942914642.136,584462068349.557,91507138699,77629728699,False
2025-03-20,7.51,21.05201,1.532426,677220064000.32,574517033155.128,91507138699,77629728699,False
2025-03-21,7.52,21.080042,1.534467,678121821741.998,575282035862.391,91507138699,77629728699,False
2025-03-24,7.61,21.332329,1.552831,686237641417.102,582167060227.766,91507138699,77629728699,False
2025-03-25,7.57,21.220201,1.544669,682630610450.389,579107049398.711,91507138699,77629728699,False
2025-03-26,7.65,21.205263,1.547404,689844672383.815,585227071056.821,91507138699,77629728699,False
2025-03-27,7.71,21.371578,1.55954,695255218833.884,589817087300.404,91507138699,77629728699,False
2025-03-28,7.72,21.399298,1.561563,696156976575.562,590582090007.668,91507138699,77629728699,False
2025-03-31,7.85,21.759649,1.587859,707879827217.378,600527125202.098,91507138699,77629728699,False
2025-04-01,7.81,21.648771,1.579768,704272796250.666,597467114373.042,91507138699,77629728699,False
2025-04-02,7.88,21.842806,1.593927,710585100442.413,602822133323.889,91507138699,77629728699,False
2025-04-03,8.03,22.258596,1.624268,724111466567.586,614297173932.846,91507138699,77629728699,False
2025-04-07,7.87,21.815087,1.591904,709683342700.735,602057130616.625,91507138699,77629728699,False
2025-04-08,8.22,22.785263,1.662701,741244863659.4708,628832225370.859,91507138699,77629728699,False
2025-04-09,8.3,23.007017,1.678883,748458925592.897,634952247028.969,91507138699,77629728699,False
2025-04-10,8.18,22.674385,1.65461,737637832692.759,625772214541.803,91507138699,77629728699,False
2025-04-11,7.93,21.981403,1.604041,715093889150.804,606647146860.208,91507138699,77629728699,False
2025-04-14,7.89,21.870526,1.59595,711486858184.091,603587136031.153,91507138699,77629728699,False
2025-04-15,7.98,22.119999,1.614155,719602677859.195,610472160396.527,91507138699,77629728699,False
2025-04-16,8.12,22.50807,1.642473,732227286242.689,621182198298.221,91507138699,77629728699,False
2025-04-17,8.06,22.341754,1.630337,726816739792.62,616592182054.638,91507138699,77629728699,False
2025-04-18,7.97,22.09228,1.612132,718700920117.517,609707157689.263,91507138699,77629728699,False
2025-04-21,7.93,21.981403,1.604041,715093889150.804,606647146860.208,91507138699,77629728699,False
2025-04-22,7.87,21.815087,1.591904,709683342700.735,602057130616.625,91507138699,77629728699,False
2025-04-23,7.76,21.510175,1.569654,699764007542.275,593642100836.723,91507138699,77629728699,False
2025-04-24,7.77,21.537894,1.571677,700665765283.953,594407103543.987,91507138699,77629728699,False
2025-04-25,7.7,21.343859,1.557518,694353461092.206,589052084593.14,91507138699,77629728699,False
2025-04-28,7.76,21.337491,1.539304,699764007542.275,593642100836.723,91507138699,77629728699,False
2025-04-29,7.73,21.255001,1.533353,697058734317.24,591347092714.932,91507138699,77629728699,False
2025-04-30,7.69,21.145014,1.525419,693451703350.527,588287081885.876,91507138699,77629728699,False
2025-05-06,7.78,21.392485,1.543272,701567523025.631,595172106251.251,91507138699,77629728699,False
2025-05-07,7.91,21.749943,1.569059,713290373667.448,605117141445.68,91507138699,77629728699,False
2025-05-08,7.81,21.474975,1.549223,704272796250.666,597467114373.042,91507138699,77629728699,False
2025-05-09,7.81,21.474975,1.549223,704272796250.666,597467114373.042,91507138699,77629728699,False
2025-05-12,7.8,21.447478,1.547239,703371038508.987,596702111665.778,91507138699,77629728699,False
2025-05-13,7.76,21.337491,1.539304,699764007542.275,593642100836.723,91507138699,77629728699,False
2025-05-14,7.87,21.639956,1.561124,709683342700.735,602057130616.625,91507138699,77629728699,False
2025-05-15,7.92,21.777439,1.571043,714192131409.126,605882144152.944,91507138699,77629728699,False
2025-05-16,7.82,21.502472,1.551206,705174553992.344,598232117080.306,91507138699,77629728699,False
2025-05-19,7.77,21.364988,1.541288,700665765283.953,594407103543.987,91507138699,77629728699,False
2025-05-20,7.86,21.612459,1.559141,708781584959.057,601292127909.361,91507138699,77629728699,False
2025-05-21,7.92,21.777439,1.571043,714192131409.126,605882144152.944,91507138699,77629728699,False
2025-05-22,7.9,21.722446,1.567075,712388615925.769,604352138738.417,91507138699,77629728699,False
2025-05-23,7.92,21.777439,1.571043,714192131409.126,605882144152.944,91507138699,77629728699,False
2025-05-26,7.85,21.584962,1.557157,707879827217.378,600527125202.098,91507138699,77629728699,False
2025-05-27,7.93,21.804936,1.573026,715093889150.804,606647146860.208,91507138699,77629728699,False
2025-05-28,7.91,21.749943,1.569059,713290373667.448,605117141445.68,91507138699,77629728699,False
2025-05-29,8.04,22.107401,1.594846,725013224309.264,615062176640.11,91507138699,77629728699,False
2025-05-30,8.03,22.079904,1.592863,724111466567.586,614297173932.846,91507138699,77629728699,False
2025-06-03,7.95,21.85993,1.576994,716897404634.16,608177152274.736,91507138699,77629728699,False
2025-06-04,7.89,21.694949,1.565092,711486858184.091,603587136031.153,91507138699,77629728699,False
2025-06-05,7.96,21.887427,1.578977,717799162375.839,608942154982.0,91507138699,77629728699,False
2025-06-06,8.02,22.052407,1.590879,723209708825.908,613532171225.582,91507138699,77629728699,False
2025-06-09,8.0,21.997414,1.586912,721406193342.551,612002165811.055,91507138699,77629728699,False
2025-06-10,7.88,21.667452,1.563108,710585100442.413,602822133323.889,91507138699,77629728699,False
2025-06-11,7.76,21.337491,1.539304,699764007542.275,593642100836.723,91507138699,77629728699,False
2025-06-12,7.62,20.952536,1.511533,687139399158.78,582932062935.03,91507138699,77629728699,False
2025-06-13,7.67,21.09002,1.521452,691648187867.171,586757076471.349,91507138699,77629728699,False
2025-06-16,7.75,21.309994,1.537321,698862249800.596,592877098129.459,91507138699,77629728699,False
2025-06-17,7.76,21.337491,1.539304,699764007542.275,593642100836.723,91507138699,77629728699,False
2025-06-18,7.81,21.474975,1.549223,704272796250.666,597467114373.042,91507138699,77629728699,False
2025-06-19,7.84,21.557465,1.555173,706978069475.7,599762122494.834,91507138699,77629728699,False
2025-06-20,7.9,21.722446,1.567075,712388615925.769,604352138738.417,91507138699,77629728699,False
2025-06-23,7.86,21.612459,1.559141,708781584959.057,601292127909.361,91507138699,77629728699,False
2025-06-24,7.91,21.749943,1.569059,713290373667.448,605117141445.68,91507138699,77629728699,False
2025-06-25,7.88,21.667452,1.563108,710585100442.413,602822133323.889,91507138699,77629728699,False
2025-06-26,7.83,21.529969,1.55319,706076311734.022,598997119787.57,91507138699,77629728699,False
2025-06-27,7.75,21.309994,1.537321,698862249800.596,592877098129.459,91507138699,77629728699,False
2025-06-30,7.75,21.309994,1.537321,698862249800.596,592877098129.459,91507138699,77629728699,False
2025-07-01,7.74,21.282498,1.535337,697960492058.918,592112095422.196,91507138699,77629728699,False
2025-07-02,7.73,21.255001,1.533353,697058734317.24,591347092714.932,91507138699,77629728699,False
2025-07-03,7.68,21.117517,1.523435,692549945608.849,587522079178.613,91507138699,77629728699,False
2025-07-04,7.7,21.172511,1.527403,694353461092.206,589052084593.14,91507138699,77629728699,False
2025-07-07,7.65,21.035027,1.517484,689844672383.815,585227071056.821,91507138699,77629728699,False
2025-07-08,7.63,20.980033,1.513517,688041156900.458,583697065642.294,91507138699,77629728699,False
2025-07-09,7.69,21.145014,1.525419,693451703350.527,588287081885.876,91507138699,77629728699,False
2025-07-10,7.69,21.145014,1.525419,693451703350.527,588287081885.876,91507138699,77629728699,False
2025-07-11,7.52,20.677569,1.491697,678121821741.998,575282035862.391,91507138699,77629728699,False
2025-07-14,7.63,20.980033,1.513517,688041156900.458,583697065642.294,91507138699,77629728699,False
2025-07-15,7.67,21.09002,1.521452,691648187867.171,586757076471.349,91507138699,77629728699,False
2025-07-16,7.64,21.00753,1.515501,688942914642.136,584462068349.557,91507138699,77629728699,False
2025-07-17,7.58,20.842549,1.503599,683532368192.067,579872052105.974,91507138699,77629728699,False
2025-07-18,7.62,20.952536,1.511533,687139399158.78,582932062935.03,91507138699,77629728699,False
2025-07-21,7.59,20.870046,1.505582,684434125933.745,580637054813.238,91507138699,77629728699,False
2025-07-22,7.58,20.842549,1.503599,683532368192.067,579872052105.974,91507138699,77629728699,False
2025-07-23,7.58,20.842549,1.503599,683532368192.067,579872052105.974,91507138699,77629728699,False
2025-07-24,7.54,20.732562,1.495664,679925337225.354,576812041276.919,91507138699,77629728699,False
2025-07-25,7.38,20.292614,1.463926,665497213358.503,564571997960.698,91507138699,77629728699,False
2025-07-28,7.3,20.07264,1.448057,658283151425.078,558451976302.588,91507138699,77629728699,False
2025-07-29,7.39,20.320111,1.46591,666398971100.182,565337000667.962,91507138699,77629728699,False
2025-07-30,7.49,20.595078,1.485746,675416548516.964,572987027740.6,91507138699,77629728699,False
2025-07-31,7.49,20.595078,1.485746,675416548516.964,572987027740.6,91507138699,77629728699,False
2025-08-01,7.45,20.485091,1.477812,671809517550.251,569927016911.545,91507138699,77629728699,False
2025-08-04,7.4,20.347608,1.467893,667300728841.86,566102003375.226,91507138699,77629728699,False
2025-08-05,7.41,20.375104,1.469877,668202486583.538,566867006082.49,91507138699,77629728699,False
2025-08-06,7.35,20.210124,1.457975,662791940133.469,562276989838.907,91507138699,77629728699,False
2025-08-07,7.3,20.07264,1.448057,658283151425.078,558451976302.588,91507138699,77629728699,False
2025-08-08,7.38,20.292614,1.463926,665497213358.503,564571997960.698,91507138699,77629728699,False
2025-08-11,7.38,20.292614,1.463926,665497213358.503,564571997960.698,91507138699,77629728699,False
2025-08-12,7.37,20.265117,1.461942,664595455616.825,563806995253.434,91507138699,77629728699,False
2025-08-13,7.37,20.265117,1.461942,664595455616.825,563806995253.434,91507138699,77629728699,False
2025-08-14,7.4,20.347608,1.467893,667300728841.86,566102003375.226,91507138699,77629728699,False
2025-08-15,7.32,19.575843,1.434726,660086666908.434,559981981717.115,91507138699,77629728699,False
2025-08-18,7.47,19.976988,1.464126,673613033033.607,571457022326.073,91507138699,77629728699,False
2025-08-19,7.38,19.736301,1.446486,665497213358.503,564571997960.698,91507138699,77629728699,False
2025-08-20,7.38,19.736301,1.446486,665497213358.503,564571997960.698,91507138699,77629728699,False
2025-08-21,7.53,20.137445,1.475886,679023579483.676,576047038569.655,91507138699,77629728699,False
2025-08-22,7.6,20.324646,1.489606,685335883675.424,581402057520.502,91507138699,77629728699,False
2025-08-25,7.67,20.511847,1.503326,691648187867.171,586757076471.349,91507138699,77629728699,False
2025-08-26,7.58,20.27116,1.485686,683532368192.067,579872052105.974,91507138699,77629728699,False
2025-08-27,7.48,20.003731,1.466086,674514790775.285,572222025033.336,91507138699,77629728699,False
2025-08-28,7.58,20.27116,1.485686,683532368192.067,579872052105.974,91507138699,77629728699,False
2025-08-29,7.61,20.351389,1.491566,686237641417.102,582167060227.766,91507138699,77629728699,False
2025-09-01,7.58,20.27116,1.485686,683532368192.067,579872052105.974,91507138699,77629728699,False
2025-09-02,7.62,20.378132,1.493526,687139399158.78,582932062935.03,91507138699,77629728699,False
2025-09-03,7.58,20.27116,1.485686,683532368192.067,579872052105.974,91507138699,77629728699,False
2025-09-04,7.4,19.789787,1.450406,667300728841.86,566102003375.226,91507138699,77629728699,False
2025-09-05,7.26,19.415386,1.422966,654676120458.365,555391965473.532,91507138699,77629728699,False
2025-09-08,7.27,19.442129,1.424926,655577878200.043,556156968180.796,91507138699,77629728699,False
2025-09-09,7.2,19.254928,1.411205,649265574008.296,550801949229.949,91507138699,77629728699,False
2025-09-10,7.29,19.495615,1.428846,657381393683.4,557686973595.324,91507138699,77629728699,False
2025-09-11,7.33,19.602586,1.436686,660988424650.113,560746984424.379,91507138699,77629728699,False
2025-09-12,7.23,19.335157,1.417085,651970847233.331,553096957351.741,91507138699,77629728699,False
2025-09-15,7.13,19.067727,1.397485,642953269816.549,545446930279.103,91507138699,77629728699,False
2025-09-16,7.0,18.720069,1.372005,631230419174.732,535501895084.673,91507138699,77629728699,False
2025-09-17,6.95,18.586354,1.362205,626721630466.341,531676881548.354,91507138699,77629728699,False
2025-09-18,6.77,18.104981,1.326925,610489991116.134,517906832817.605,91507138699,77629728699,False
2025-09-19,6.78,18.131724,1.328885,611391748857.812,518671835524.869,91507138699,77629728699,False
2025-09-22,6.73,17.998009,1.319085,606882960149.421,514846821988.55,91507138699,77629728699,False
2025-09-23,6.69,17.891037,1.311245,603275929182.708,511786811159.495,91507138699,77629728699,False
2025-09-24,6.72,17.971266,1.317125,605981202407.743,514081819281.286,91507138699,77629728699,False
2025-09-25,6.69,17.891037,1.311245,603275929182.708,511786811159.495,91507138699,77629728699,False
2025-09-26,6.67,17.837551,1.307325,601472413699.352,510256805744.967,91507138699,77629728699,False
2025-09-29,6.66,17.810808,1.305365,600570655957.674,509491803037.703,91507138699,77629728699,False
2025-09-30,6.66,17.810808,1.305365,600570655957.674,509491803037.703,91507138699,77629728699,False
2025-10-09,6.76,18.078238,1.324965,609588233374.456,517141830110.341,91507138699,77629728699,False
2025-10-10,6.76,18.078238,1.324965,609588233374.456,517141830110.341,91507138699,77629728699,False
2025-10-13,6.83,18.265439,1.338685,615900537566.203,522496849061.188,91507138699,77629728699,False
2025-10-14,6.84,18.292182,1.340645,616802295307.881,523261851768.452,91507138699,77629728699,False
2025-10-15,6.8,18.18521,1.332805,613195264341.168,520201840939.397,91507138699,77629728699,False
2025-10-16,6.83,18.265439,1.338685,615900537566.203,522496849061.188,91507138699,77629728699,False
2025-10-17,6.91,18.479382,1.354365,623114599499.629,528616870719.299,91507138699,77629728699,False
2025-10-20,6.85,18.318925,1.342605,617704053049.559,524026854475.716,91507138699,77629728699,False
2025-10-21,6.82,18.238696,1.336725,614998779824.525,521731846353.924,91507138699,77629728699,False
2025-10-22,6.86,18.202336,1.370242,618605810791.238,524791857182.979,91507138699,77629728699,False
2025-10-23,6.9,18.308472,1.378232,622212841757.95,527851868012.035,91507138699,77629728699,False
2025-10-24,6.87,18.22887,1.37224,619507568532.916,525556859890.243,91507138699,77629728699,False
2025-10-27,6.89,18.281938,1.376235,621311084016.272,527086865304.771,91507138699,77629728699,False
2025-10-28,6.88,18.255404,1.374237,620409326274.594,526321862597.507,91507138699,77629728699,False
2025-10-29,6.85,18.175802,1.368245,617704053049.559,524026854475.716,91507138699,77629728699,False
2025-10-30,6.84,18.149268,1.366247,616802295307.881,523261851768.452,91507138699,77629728699,False
2025-10-31,6.69,17.751257,1.336286,603275929182.708,511786811159.495,91507138699,77629728699,False
2025-11-03,6.74,17.883928,1.346273,607784717891.099,515611824695.814,91507138699,77629728699,False
2025-11-04,6.75,17.910462,1.34827,608686475632.778,516376827403.078,91507138699,77629728699,False
2025-11-05,6.74,17.883928,1.346273,607784717891.099,515611824695.814,91507138699,77629728699,False
2025-11-06,6.76,17.936996,1.350268,609588233374.456,517141830110.341,91507138699,77629728699,False
2025-11-07,6.86,18.202336,1.370242,618605810791.238,524791857182.979,91507138699,77629728699,False
2025-11-10,6.89,18.281938,1.376235,621311084016.272,527086865304.771,91507138699,77629728699,False
2025-11-11,6.88,18.255404,1.374237,620409326274.594,526321862597.507,91507138699,77629728699,False
2025-11-12,6.9,18.308472,1.378232,622212841757.95,527851868012.035,91507138699,77629728699,False
2025-11-13,6.84,18.149268,1.366247,616802295307.881,523261851768.452,91507138699,77629728699,False
2025-11-14,6.82,18.0962,1.362253,614998779824.525,521731846353.924,91507138699,77629728699,False
2025-11-17,6.76,17.936996,1.350268,609588233374.456,517141830110.341,91507138699,77629728699,False
2025-11-18,6.75,17.910462,1.34827,608686475632.778,516376827403.078,91507138699,77629728699,False
2025-11-19,6.8,18.043132,1.358258,613195264341.168,520201840939.397,91507138699,77629728699,False
2025-11-20,6.84,18.149268,1.366247,616802295307.881,523261851768.452,91507138699,77629728699,False
2025-11-21,6.79,18.016598,1.35626,612293506599.49,519436838232.133,91507138699,77629728699,False
2025-11-24,6.85,18.175802,1.368245,617704053049.559,524026854475.716,91507138699,77629728699,False
2025-11-25,6.83,18.122734,1.36425,615900537566.203,522496849061.188,91507138699,77629728699,False
2025-11-26,6.83,18.122734,1.36425,615900537566.203,522496849061.188,91507138699,77629728699,False
2025-11-27,6.77,17.96353,1.352265,610489991116.134,517906832817.605,91507138699,77629728699,False
2025-11-28,6.86,18.202336,1.370242,618605810791.238,524791857182.979,91507138699,77629728699,False
2025-12-01,6.88,18.255404,1.374237,620409326274.594,526321862597.507,91507138699,77629728699,False
2025-12-02,6.96,18.467676,1.390217,627623388208.02,532441884255.618,91507138699,77629728699,False
2025-12-03,6.94,18.414608,1.386222,625819872724.663,530911878841.09,91507138699,77629728699,False
2025-12-04,6.9,18.308472,1.378232,622212841757.95,527851868012.035,91507138699,77629728699,False
2025-12-05,6.87,18.22887,1.37224,619507568532.916,525556859890.243,91507138699,77629728699,False
2025-12-08,6.82,18.0962,1.362253,614998779824.525,521731846353.924,91507138699,77629728699,False
2025-12-09,6.82,18.0962,1.362253,614998779824.525,521731846353.924,91507138699,77629728699,False
2025-12-10,6.8,18.043132,1.358258,613195264341.168,520201840939.397,91507138699,77629728699,False
2025-12-11,6.79,18.016598,1.35626,612293506599.49,519436838232.133,91507138699,77629728699,False
2025-12-12,6.7,17.777791,1.338283,604177686924.387,512551813866.758,91507138699,77629728699,False
2025-12-15,6.62,17.565519,1.322304,596963624990.961,506431792208.648,91507138699,77629728699,False
2025-12-16,6.7,17.777791,1.338283,604177686924.387,512551813866.758,91507138699,77629728699,False
2025-12-17,6.68,17.724723,1.334288,602374171441.03,511021808452.231,91507138699,77629728699,False
2025-12-18,6.67,17.698189,1.332291,601472413699.352,510256805744.967,91507138699,77629728699,False
2025-12-19,6.78,17.990064,1.354263,611391748857.812,518671835524.869,91507138699,77629728699,False
2025-12-22,6.64,17.618587,1.326299,598767140474.318,507961797623.175,91507138699,77629728699,False
2025-12-23,6.56,17.406315,1.310319,591553078540.892,501841775965.065,91507138699,77629728699,False
2025-12-24,6.49,17.220577,1.296337,585240774349.145,496486757014.218,91507138699,77629728699,False
2025-12-25,6.47,17.167509,1.292342,583437258865.788,494956751599.691,91507138699,77629728699,False
2025-12-26,6.42,17.034839,1.282355,578928470157.397,491131738063.372,91507138699,77629728699,False
2025-12-29,6.28,16.663363,1.254391,566303861773.903,480421700161.678,91507138699,77629728699,False
2025-12-30,6.24,16.557227,1.246401,562696830807.19,477361689332.623,91507138699,77629728699,False
2025-12-31,6.3,16.716431,1.258386,568107377257.259,481951705576.206,91507138699,77629728699,False
2026-01-05,6.34,16.822567,1.266376,571714408223.972,485011716405.261,91507138699,77629728699,False
2026-01-06,6.35,16.849101,1.268373,572616165965.65,485776719112.525,91507138699,77629728699,False
2026-01-07,6.26,16.610295,1.250396,564500346290.546,478891694747.15,91507138699,77629728699,False
2026-01-08,6.28,16.663363,1.254391,566303861773.903,480421700161.678,91507138699,77629728699,False
2026-01-09,6.32,16.769499,1.262381,569910892740.615,483481710990.733,91507138699,77629728699,False
2026-01-12,6.37,16.902169,1.272368,574419681449.006,487306724527.052,91507138699,77629728699,False
2026-01-13,6.32,16.769499,1.262381,569910892740.615,483481710990.733,91507138699,77629728699,False
2026-01-14,6.26,16.610295,1.250396,564500346290.546,478891694747.15,91507138699,77629728699,False
2026-01-15,6.1,16.18575,1.218437,550072222423.695,466651651430.929,91507138699,77629728699,False
2026-01-16,5.97,15.840808,1.19247,538349371781.879,456706616236.5,91507138699,77629728699,False
2026-01-19,5.94,15.761206,1.186478,535644098556.844,454411608114.708,91507138699,77629728699,False
2026-01-20,5.95,15.78774,1.188475,536545856298.522,455176610821.972,91507138699,77629728699,False
2026-01-21,5.8,15.38973,1.158514,523019490173.35,443701570213.015,91507138699,77629728699,False
2026-01-22,5.83,15.469332,1.164506,525724763398.384,445996578334.806,91507138699,77629728699,False
2026-01-23,5.81,15.416264,1.160511,523921247915.028,444466572920.27893,91507138699,77629728699,False
2026-01-26,5.79,15.363196,1.156516,522117732431.671,442936567505.751,91507138699,77629728699,False
2026-01-27,5.76,15.283594,1.150524,519412459206.637,440641559383.959,91507138699,77629728699,False
2026-01-28,5.93,15.734672,1.184481,534742340815.166,453646605407.444,91507138699,77629728699,False
2026-01-29,5.94,15.761206,1.186478,535644098556.844,454411608114.708,91507138699,77629728699,False
2026-01-30,6.0,15.92041,1.198463,541054645006.913,459001624358.291,91507138699,77629728699,False
2026-02-02,5.74,15.230526,1.146529,517608943723.28107,439111553969.432,91507138699,77629728699,False
2026-02-03,5.66,15.018254,1.13055,510394881789.855,432991532311.321,91507138699,77629728699,False
2026-02-04,5.75,15.25706,1.148527,518510701464.959,439876556676.696,91507138699,77629728699,False
2026-02-05,5.82,15.442798,1.162509,524823005656.706,445231575627.542,91507138699,77629728699,False
2026-02-06,5.78,15.336662,1.154519,521215974689.993,442171564798.487,91507138699,77629728699,False
2026-02-09,5.76,15.283594,1.150524,519412459206.637,440641559383.959,91507138699,77629728699,False
2026-02-10,5.75,15.25706,1.148527,518510701464.959,439876556676.696,91507138699,77629728699,False
2026-02-11,5.73,15.203992,1.144532,516707185981.602,438346551262.168,91507138699,77629728699,False
2026-02-12,5.69,15.097856,1.136542,513100155014.89,435286540433.113,91507138699,77629728699,False
2026-02-13,5.67,15.044788,1.132547,511296639531.533,433756535018.585,91507138699,77629728699,False
2026-02-24,5.73,15.203992,1.144532,516707185981.602,438346551262.168,91507138699,77629728699,False
2026-02-25,5.73,15.203992,1.144532,516707185981.602,438346551262.168,91507138699,77629728699,False
2026-02-26,5.68,15.071322,1.134545,512198397273.211,434521537725.849,91507138699,77629728699,False
2026-02-27,5.79,15.363196,1.156516,522117732431.671,442936567505.751,91507138699,77629728699,False
2026-03-02,5.87,15.575468,1.172496,529331794365.097,449056589163.861,91507138699,77629728699,False
2026-03-03,5.88,15.602002,1.174493,530233552106.775,449821591871.125,91507138699,77629728699,False
2026-03-04,5.87,15.575468,1.172496,529331794365.097,449056589163.861,91507138699,77629728699,False
2026-03-05,5.94,15.761206,1.186478,535644098556.844,454411608114.708,91507138699,77629728699,False
2026-03-06,5.97,15.840808,1.19247,538349371781.879,456706616236.5,91507138699,77629728699,False
2026-03-09,6.01,15.946944,1.20046,541956402748.592,459766627065.55493,91507138699,77629728699,False
2026-03-10,5.95,15.78774,1.188475,536545856298.522,455176610821.972,91507138699,77629728699,False
2026-03-11,6.0,15.92041,1.198463,541054645006.913,459001624358.291,91507138699,77629728699,False
2026-03-12,6.0,15.92041,1.198463,541054645006.913,459001624358.291,91507138699,77629728699,False
2026-03-13,6.18,16.398023,1.234417,557286284357.121,472771673089.04,91507138699,77629728699,False
2026-03-16,6.11,16.212284,1.220434,550973980165.374,467416654138.19293,91507138699,77629728699,False
2026-03-17,6.1,16.18575,1.218437,550072222423.695,466651651430.929,91507138699,77629728699,False
2026-03-18,6.07,16.106148,1.212445,547366949198.661,464356643309.138,91507138699,77629728699,False
2026-03-19,6.11,16.212284,1.220434,550973980165.374,467416654138.19293,91507138699,77629728699,False
2026-03-20,5.94,15.761206,1.186478,535644098556.844,454411608114.708,91507138699,77629728699,False
2026-03-23,5.79,15.363196,1.156516,522117732431.671,442936567505.751,91507138699,77629728699,False
2026-03-24,5.85,15.5224,1.168501,527528278881.741,447526583749.334,91507138699,77629728699,False
2026-03-25,5.83,16.076267,1.15767,525724763398.384,445996578334.806,91507138699,77629728699,False
2026-03-26,5.73,15.800516,1.137813,516707185981.602,438346551262.168,91507138699,77629728699,False
2026-03-27,5.7,15.717791,1.131856,514001912756.568,436051543140.377,91507138699,77629728699,False
2026-03-30,5.66,15.60749,1.123913,510394881789.855,432991532311.321,91507138699,77629728699,False
2026-03-31,5.67,15.635065,1.125899,511296639531.533,433756535018.585,91507138699,77629728699,False
2026-04-01,5.69,15.690216,1.12987,513100155014.89,435286540433.113,91507138699,77629728699,False
2026-04-02,5.68,15.66264,1.127885,512198397273.211,434521537725.849,91507138699,77629728699,False
2026-04-03,5.7,15.717791,1.131856,514001912756.568,436051543140.377,91507138699,77629728699,False
2026-04-07,5.75,15.855666,1.141785,518510701464.959,439876556676.696,91507138699,77629728699,False
2026-04-08,5.79,15.965966,1.149728,522117732431.671,442936567505.751,91507138699,77629728699,False
2026-04-09,5.74,15.828091,1.139799,517608943723.28107,439111553969.432,91507138699,77629728699,False
2026-04-10,5.79,15.965966,1.149728,522117732431.671,442936567505.751,91507138699,77629728699,False
2026-04-13,5.8,15.993541,1.151713,523019490173.35,443701570213.015,91507138699,77629728699,False
2026-04-14,5.79,15.965966,1.149728,522117732431.671,442936567505.751,91507138699,77629728699,False
2026-04-15,5.83,16.076267,1.15767,525724763398.384,445996578334.806,91507138699,77629728699,False
2026-04-16,5.85,16.131417,1.161642,527528278881.741,447526583749.334,91507138699,77629728699,False
2026-04-17,5.87,16.186567,1.165613,529331794365.097,449056589163.861,91507138699,77629728699,False
2026-04-20,5.84,16.103842,1.159656,526626521140.062,446761581042.07,91507138699,77629728699,False
2026-04-21,6.0,16.545043,1.191428,541054645006.913,459001624358.291,91507138699,77629728699,False
2026-04-22,5.93,16.352017,1.177528,534742340815.166,453646605407.444,91507138699,77629728699,False
2026-04-23,5.96,16.434742,1.183485,537447614040.201,455941613529.236,91507138699,77629728699,False
2026-04-24,5.91,17.075996,1.154761,532938825331.81,452116599992.91693,91507138699,77629728699,False
2026-04-27,5.99,17.3071,1.1704,540152887265.225,458236621651.017,91507138699,77629728699,False
2026-04-28,5.98,17.2782,1.1684,539251129523.537,457471618943.744,91507138699,77629728699,False
2026-04-29,6.04,17.4516,1.1802,544661675973.666,462061635187.386,91507138699,77629728699,False
2026-04-30,6.03,17.4227,1.1782,543759918231.978,461296632480.112,91507138699,77629728699,False
2026-05-06,5.95,17.1916,1.1626,536545856298.473,455176610821.923,91507138699,77629728699,False
2026-05-07,5.99,17.3071,1.1704,540152887265.225,458236621651.017,91507138699,77629728699,False
2026-05-08,6.05,17.4805,1.1821,545563433715.354,462826637894.659,91507138699,77629728699,False
2026-05-11,6.14,17.7405,1.1997,553679253390.546,469711662260.123,91507138699,77629728699,False
2026-05-12,6.12,17.6828,1.1958,551875737907.17,468181656845.575,91507138699,77629728699,False
2026-05-13,6.21,17.9428,1.2134,559991557582.362,475066681211.038,91507138699,77629728699,False
2026-05-14,6.26,18.0873,1.2231,564500346290.802,478891694747.407,91507138699,77629728699,False
2026-05-15,6.33,18.2895,1.2368,570812650482.619,484246713698.322,91507138699,77629728699,False
2026-05-18,6.82,19.7053,1.3326,614998779824.348,521731846353.7471,91507138699,77629728699,False
2026-05-19,7.12,20.5721,1.3912,642051512074.989,544681927571.957,91507138699,77629728699,False
2026-05-20,6.66,19.243,1.3013,600570655957.339,509491803037.368,91507138699,77629728699,False
2026-05-21,6.35,18.3473,1.2407,572616165965.995,485776719112.87,91507138699,77629728699,False
2026-05-22,6.15,17.7694,1.2017,554581011132.234,470476664967.396,91507138699,77629728699,False
2026-05-25,6.13,17.7117,1.1977,552777495648.858,468946659552.849,91507138699,77629728699,False
2026-05-26,6.08,17.5672,1.188,548268706940.418,465121646016.48,91507138699,77629728699,False
2026-05-27,5.96,17.2205,1.1645,537447614040.161,455941613529.196,91507138699,77629728699,False
2026-05-28,5.97,17.2494,1.1665,538349371781.849,456706616236.47,91507138699,77629728699,False
2026-05-29,6.05,17.4805,1.1821,545563433715.354,462826637894.659,91507138699,77629728699,False
2026-06-01,6.05,17.4805,1.1821,545563433715.354,462826637894.659,91507138699,77629728699,False
2026-06-02,6.16,17.7983,1.2036,555482768873.922,471241667674.67,91507138699,77629728699,False
2026-06-03,6.12,17.6828,1.1958,551875737907.17,468181656845.575,91507138699,77629728699,False
2026-06-04,6.01,17.3649,1.1743,541956402748.601,459766627065.565,91507138699,77629728699,False
2026-06-05,6.11,17.6539,1.1938,550973980165.482,467416654138.302,91507138699,77629728699,False
2026-06-08,6.21,17.9428,1.2134,559991557582.362,475066681211.038,91507138699,77629728699,False
2026-06-09,6.19,17.885,1.2095,558188042098.986,473536675796.491,91507138699,77629728699,False
2026-06-10,6.28,18.1451,1.2492,574664831030.0,487514696230.0,91507138699,77629728699,False
2026-06-11,6.24,18.0295,1.2413,571004545482.0,484409507082.0,91507138699,77629728699,False
2026-06-12,6.05,17.4805,1.2035,553618189129.0,469659858629.0,91507138699,77629728699,False
2026-06-15,6.05,17.4805,1.1821,553618189135.0,469659858635.0,91507138699,77629728699,False
2026-06-16,5.96,17.2205,1.1645,545382546652.0,462673183052.0,91507138699,77629728699,False
2026-06-17,5.79,16.7293,1.1313,529826333073.0,449476129173.0,91507138699,77629728699,False
2026-06-18,5.68,16.4114,1.1098,519760547816.0,440936859016.0,91507138699,77629728699,False
2026-06-22,5.68,16.4114,1.1098,519760547816.0,440936859016.0,91507138699,77629728699,False
2026-06-23,5.56,16.0647,1.0864,508779691172.0,431621291572.0,91507138699,77629728699,False
2026-06-24,5.39,15.57,1.07,493223000000.0,418424000000.0,91507138699,77629728699,False
2026-06-25,5.36,15.49,1.07,490478000000.0,416095000000.0,91507138699,77629728699,False
2026-06-26,5.32,15.37,1.06,486818000000.0,412990000000.0,91507138699,77629728699,False
2026-06-29,5.29,15.28,1.05,484073000000.0,410661000000.0,91507138699,77629728699,False
2026-06-30,5.19,15.0,1.03,474922000000.0,402898000000.0,91507138699,77629728699,False
2026-07-01,5.27,15.23,1.05,482243000000.0,409109000000.0,91507138699,77629728699,False
2026-07-02,5.42,15.66,1.08,495969000000.0,420753000000.0,91507138699,77629728699,False
2026-07-03,5.43,15.69,1.08,496884000000.0,421529000000.0,91507138699,77629728699,False
2026-07-06,5.57,16.09,1.11,509695000000.0,432398000000.0,91507138699,77629728699,False
2026-07-07,5.52,15.95,1.1,505119000000.0,428516000000.0,91507138699,77629728699,False
2026-07-08,5.57,16.09,1.11,509695000000.0,432398000000.0,91507138699,77629728699,False
2026-07-09,5.57,16.09,1.11,509695000000.0,432398000000.0,91507138699,77629728699,False
2026-07-10,5.64,16.3,1.12,516100000000.0,437832000000.0,91507138699,77629728699,False
2026-07-13,5.71,16.5,1.14,522506000000.0,443266000000.0,91507138699,77629728699,False
2026-07-14,5.75,16.61,1.14,526166000000.0,446371000000.0,91507138699,77629728699,False
2026-07-15,5.88,16.99,1.17,538062000000.0,456463000000.0,91507138699,77629728699,False
2026-07-16,5.89,17.02,1.17,538977000000.0,457239000000.0,91507138699,77629728699,False
2026-07-17,6.01,17.36,1.2,549958000000.0,466555000000.0,91507138699,77629728699,False
2026-07-20,6.24,18.03,1.24,571005000000.0,484410000000.0,91507138699,77629728699,False
2026-07-21,6.1,17.62,1.21,558194000000.0,473541000000.0,91507138699,77629728699,False
2026-07-22,6.02,17.39,1.2,550873000000.0,467331000000.0,91507138699,77629728699,False
2026-07-23,6.04,17.45,1.2,552703000000.0,468884000000.0,91507138699,77629728699,False
2026-07-24,6.16,17.8,1.23,563684000000.0,478199000000.0,91507138699,77629728699,False
2026-07-27,6.12,17.68,1.22,560024000000.0,475094000000.0,91507138699,77629728699,False
2026-07-28,6.3,18.2,1.25,576495000000.0,489067000000.0,91507138699,77629728699,False
2026-07-29,6.24,18.03,1.24,571005000000.0,484410000000.0,91507138699,77629728699,False
2026-07-30,6.49,18.75,1.29,593881000000.0,503817000000.0,91507138699,77629728699,False
2026-07-31,6.3,18.2,1.25,576495000000.0,489067000000.0,91507138699,77629728699,False
2026-08-03,6.47,18.69,1.29,592051000000.0,502264000000.0,91507138699,77629728699,False
2026-08-04,6.29,18.17,1.25,575580000000.0,488291000000.0,91507138699,77629728699,False
2026-08-05,6.23,18.0,1.24,570089000000.0,483633000000.0,91507138699,77629728699,False
2026-08-06,6.3,18.2,1.25,576495000000.0,489067000000.0,91507138699,77629728699,False
2026-08-07,6.18,17.86,1.23,565514000000.0,479752000000.0,91507138699,77629728699,False
2026-08-10,6.27,18.12,1.25,573750000000.0,486738000000.0,91507138699,77629728699,False
2026-08-11,6.32,18.26,1.26,578325000000.0,490620000000.0,91507138699,77629728699,False
2026-08-12,6.3,18.2,1.25,576495000000.0,489067000000.0,91507138699,77629728699,False
2026-08-13,6.43,18.58,1.28,588391000000.0,499159000000.0,91507138699,77629728699,False
2026-08-14,6.57,18.98,1.31,601202000000.0,510027000000.0,91507138699,77629728699,False
2026-08-17,6.61,19.1,1.31,604862000000.0,513133000000.0,91507138699,77629728699,False
2026-08-18,6.57,18.98,1.31,601202000000.0,510027000000.0,91507138699,77629728699,False
2026-08-19,6.65,19.21,1.32,608522000000.0,516238000000.0,91507138699,77629728699,False
2026-08-20,6.56,18.95,1.3,600287000000.0,509251000000.0,91507138699,77629728699,False
2026-08-21,6.43,19.77,1.25,588391000000.0,499159000000.0,91507138699,77629728699,False
2026-08-24,6.47,19.9,1.25,592051000000.0,502264000000.0,91507138699,77629728699,False
2026-08-25,6.45,19.84,1.25,590221000000.0,500712000000.0,91507138699,77629728699,False
2026-08-26,6.42,19.74,1.24,587476000000.0,498383000000.0,91507138699,77629728699,False
2026-08-27,6.35,19.53,1.23,581070000000.0,492949000000.0,91507138699,77629728699,False
2026-08-28,6.3,19.37,1.22,576495000000.0,489067000000.0,91507138699,77629728699,False
