date,close,pe_ttm,pb,total_mv,float_mv,total_share,float_share,is_st
2020-01-02,4.37,54.156771,2.347263,93044998318.704,76100443159.911,21599240583,17665772583,False
2020-01-03,4.48,55.519985,2.406348,95387092097.893,78016014955.699,21599240583,17665772583,False
2020-01-06,4.49,55.643914,2.411719,95600009714.183,78190157846.225,21599240583,17665772583,False
2020-01-07,4.42,54.776414,2.37412,94109586400.154,76971157612.542,21599240583,17665772583,False
2020-01-08,4.46,55.272128,2.395605,94961256865.314,77667729174.646,21599240583,17665772583,False
2020-01-09,4.42,54.776414,2.37412,94109586400.154,76971157612.542,21599240583,17665772583,False
2020-01-10,4.38,54.2807,2.352635,93257915934.994,76274586050.438,21599240583,17665772583,False
2020-01-13,4.39,54.404629,2.358006,93470833551.284,76448728940.964,21599240583,17665772583,False
2020-01-14,4.71,58.370342,2.529888,100284197272.562,82021301437.799,21599240583,17665772583,False
2020-01-15,4.56,56.511414,2.449318,97090433028.213,79409158079.908,21599240583,17665772583,False
2020-01-16,4.49,55.643914,2.411719,95600009714.183,78190157846.225,21599240583,17665772583,False
2020-01-17,4.42,54.776414,2.37412,94109586400.154,76971157612.542,21599240583,17665772583,False
2020-01-20,4.38,54.2807,2.352635,93257915934.994,76274586050.438,21599240583,17665772583,False
2020-01-21,4.2,52.049986,2.255951,89425398841.775,73140014020.967,21599240583,17665772583,False
2020-01-22,4.33,53.661057,2.325778,92193327853.544,75403871597.807,21599240583,17665772583,False
2020-01-23,4.12,51.058558,2.212981,87722057911.456,71746870896.759,21599240583,17665772583,False
2020-02-03,3.71,45.977488,1.992757,78992435643.568,64607012385.188,21599240583,17665772583,False
2020-02-04,3.78,46.844988,2.030356,80482858957.598,65826012618.871,21599240583,17665772583,False
2020-02-05,3.97,49.19963,2.132411,84528293667.106,69134727538.867,21599240583,17665772583,False
2020-02-06,3.97,49.19963,2.132411,84528293667.106,69134727538.867,21599240583,17665772583,False
2020-02-07,3.88,48.084273,2.084069,82612035120.497,67567441524.132,21599240583,17665772583,False
2020-02-10,4.08,50.562844,2.191495,86870387446.296,71050299334.654,21599240583,17665772583,False
2020-02-11,4.28,53.041415,2.298921,91128739772.095,74533157145.176,21599240583,17665772583,False
2020-02-12,4.71,58.370342,2.529888,100284197272.562,82021301437.799,21599240583,17665772583,False
2020-02-13,5.02,62.212126,2.696399,106884643377.55,87419731044.109,21599240583,17665772583,False
2020-02-14,5.42,67.169268,2.911251,115401348029.148,94385446665.153,21599240583,17665772583,False
2020-02-17,5.4,66.921411,2.900508,114975512796.568,94037160884.101,21599240583,17665772583,False
2020-02-18,5.25,65.062483,2.819939,111781748552.219,91425017526.209,21599240583,17665772583,False
2020-02-19,4.73,65.062483,2.819939,100710032505.142,82369587218.851,21599240583,17665772583,False
2020-02-20,4.68,57.998556,2.513774,99645444423.692,81498872766.221,21599240583,17665772583,False
2020-02-21,4.6,57.007128,2.470803,97942103493.373,80105729642.012,21599240583,17665772583,False
2020-02-24,4.41,54.652486,2.368749,93896668783.864,76797014722.016,21599240583,17665772583,False
2020-02-25,4.6,57.007128,2.470803,97942103493.373,80105729642.012,21599240583,17665772583,False
2020-02-26,4.38,54.2807,2.352635,93257915934.994,76274586050.438,21599240583,17665772583,False
2020-02-27,4.38,54.2807,2.352635,93257915934.994,76274586050.438,21599240583,17665772583,False
2020-02-28,4.07,50.438915,2.186124,86657469830.006,70876156444.128,21599240583,17665772583,False
2020-03-02,4.22,52.297843,2.266694,89851234074.355,73488299802.02,21599240583,17665772583,False
2020-03-03,4.27,52.917486,2.29355,90915822155.805,74359014254.65,21599240583,17665772583,False
2020-03-04,4.29,53.165343,2.304293,91341657388.385,74707300035.702,21599240583,17665772583,False
2020-03-05,4.32,53.537129,2.320407,91980410237.254,75229728707.281,21599240583,17665772583,False
2020-03-06,4.33,53.661057,2.325778,92193327853.544,75403871597.807,21599240583,17665772583,False
2020-03-09,4.17,51.678201,2.239837,88786645992.905,72617585349.389,21599240583,17665772583,False
2020-03-10,4.22,52.297843,2.266694,89851234074.355,73488299802.02,21599240583,17665772583,False
2020-03-11,4.08,50.562844,2.191495,86870387446.296,71050299334.654,21599240583,17665772583,False
2020-03-12,3.93,48.703916,2.110926,83676623201.947,68438155976.762,21599240583,17665772583,False
2020-03-13,3.85,47.712487,2.067955,81973282271.627,67045012852.554,21599240583,17665772583,False
2020-03-16,3.69,45.729631,1.982014,78566600410.988,64258726604.136,21599240583,17665772583,False
2020-03-17,3.75,46.473202,2.014242,79844106108.728,65303583947.292,21599240583,17665772583,False
2020-03-18,3.6,44.614274,1.933672,76650341864.379,62691440589.401,21599240583,17665772583,False
2020-03-19,3.56,44.11856,1.912187,75798671399.219,61994869027.296,21599240583,17665772583,False
2020-03-20,3.58,44.366417,1.92293,76224506631.799,62343154808.348,21599240583,17665772583,False
2020-03-23,3.41,42.259632,1.831617,72604907154.87,59382725669.405,21599240583,17665772583,False
2020-03-24,3.53,43.746774,1.896073,75159918550.349,61472440355.718,21599240583,17665772583,False
2020-03-25,3.6,44.614274,1.933672,76650341864.379,62691440589.401,21599240583,17665772583,False
2020-03-26,3.51,43.498917,1.88533,74734083317.769,61124154574.666,21599240583,17665772583,False
2020-03-27,3.47,43.003203,1.863845,73882412852.609,60427583012.561,21599240583,17665772583,False
2020-03-30,3.43,39.894899,1.815695,73030742387.45,59731011450.457,21599240583,17665772583,False
2020-03-31,3.47,40.360146,1.836869,73882412852.609,60427583012.561,21599240583,17665772583,False
2020-04-01,3.55,41.290639,1.879218,75585753782.929,61820726136.77,21599240583,17665772583,False
2020-04-02,3.6,41.872198,1.905686,76650341864.379,62691440589.401,21599240583,17665772583,False
2020-04-03,3.53,41.058016,1.868631,75159918550.349,61472440355.718,21599240583,17665772583,False
2020-04-07,3.63,42.221133,1.921566,77289094713.248,63213869260.97899,21599240583,17665772583,False
2020-04-08,3.64,42.337444,1.92686,77502012329.538,63388012151.505,21599240583,17665772583,False
2020-04-09,3.63,42.221133,1.921566,77289094713.248,63213869260.97899,21599240583,17665772583,False
2020-04-10,3.53,41.058016,1.868631,75159918550.349,61472440355.718,21599240583,17665772583,False
2020-04-13,3.49,40.592769,1.847456,74308248085.189,60775868793.613,21599240583,17665772583,False
2020-04-14,3.63,42.221133,1.921566,77289094713.248,63213869260.97899,21599240583,17665772583,False
2020-04-15,3.57,41.523263,1.889805,76011589015.509,62169011917.822,21599240583,17665772583,False
2020-04-16,3.55,41.290639,1.879218,75585753782.929,61820726136.77,21599240583,17665772583,False
2020-04-17,3.57,41.523263,1.889805,76011589015.509,62169011917.822,21599240583,17665772583,False
2020-04-20,3.53,41.058016,1.868631,75159918550.349,61472440355.718,21599240583,17665772583,False
2020-04-21,3.46,40.243834,1.831576,73669495236.319,60253440122.03501,21599240583,17665772583,False
2020-04-22,3.48,40.476458,1.842163,74095330468.899,60601725903.087,21599240583,17665772583,False
2020-04-23,3.47,40.360146,1.836869,73882412852.609,60427583012.561,21599240583,17665772583,False
2020-04-24,3.43,39.894899,1.815695,73030742387.45,59731011450.457,21599240583,17665772583,False
2020-04-27,3.42,39.778588,1.810401,72817824771.16,59556868559.931,21599240583,17665772583,False
2020-04-28,3.35,38.964406,1.773346,71327401457.13,58337868326.248,21599240583,17665772583,False
2020-04-29,3.35,38.964406,1.773346,71327401457.13,58337868326.248,21599240583,17665772583,False
2020-04-30,3.48,37.899192,1.841887,74095330468.899,60601725903.087,21599240583,17665772583,False
2020-05-06,3.65,39.750589,1.931864,77714929945.828,63562155042.031,21599240583,17665772583,False
2020-05-07,3.61,39.314966,1.910693,76863259480.669,62865583479.927,21599240583,17665772583,False
2020-05-08,3.65,39.750589,1.931864,77714929945.828,63562155042.031,21599240583,17665772583,False
2020-05-11,3.58,38.988249,1.894815,76224506631.799,62343154808.348,21599240583,17665772583,False
2020-05-12,3.54,38.552626,1.873644,75372836166.639,61646583246.244,21599240583,17665772583,False
2020-05-13,3.55,38.661532,1.878937,75585753782.929,61820726136.77,21599240583,17665772583,False
2020-05-14,3.47,37.790286,1.836594,73882412852.609,60427583012.561,21599240583,17665772583,False
2020-05-15,3.48,37.899192,1.841887,74095330468.899,60601725903.087,21599240583,17665772583,False
2020-05-18,3.56,38.770437,1.884229,75798671399.219,61994869027.296,21599240583,17665772583,False
2020-05-19,3.55,38.661532,1.878937,75585753782.929,61820726136.77,21599240583,17665772583,False
2020-05-20,3.55,38.661532,1.878937,75585753782.929,61820726136.77,21599240583,17665772583,False
2020-05-21,3.49,38.008097,1.84718,74308248085.189,60775868793.613,21599240583,17665772583,False
2020-05-22,3.42,37.245757,1.810131,72817824771.16,59556868559.931,21599240583,17665772583,False
2020-05-25,3.37,36.701229,1.783667,71753236689.71,58686154107.3,21599240583,17665772583,False
2020-05-26,3.42,37.245757,1.810131,72817824771.16,59556868559.931,21599240583,17665772583,False
2020-05-27,3.38,36.810134,1.788959,71966154306.0,58860296997.826,21599240583,17665772583,False
2020-05-28,3.43,37.354663,1.815423,73030742387.45,59731011450.457,21599240583,17665772583,False
2020-05-29,3.42,37.245757,1.810131,72817824771.16,59556868559.931,21599240583,17665772583,False
2020-06-01,3.54,38.552626,1.873644,75372836166.639,61646583246.244,21599240583,17665772583,False
2020-06-02,3.52,38.334814,1.863058,74947000934.059,61298297465.192,21599240583,17665772583,False
2020-06-03,3.5,38.117003,1.852473,74521165701.479,60950011684.14,21599240583,17665772583,False
2020-06-04,3.68,40.077306,1.947743,78353682794.698,64084583713.61,21599240583,17665772583,False
2020-06-05,3.61,39.314966,1.910693,76863259480.669,62865583479.927,21599240583,17665772583,False
2020-06-08,3.71,40.404023,1.963621,78992435643.568,64607012385.188,21599240583,17665772583,False
2020-06-09,3.72,40.512929,1.968914,79205353259.858,64781155275.714,21599240583,17665772583,False
2020-06-10,3.62,39.423872,1.915986,77076177096.959,63039726370.453,21599240583,17665772583,False
2020-06-11,3.61,39.314966,1.910693,76863259480.669,62865583479.927,21599240583,17665772583,False
2020-06-12,3.57,38.879343,1.889522,76011589015.509,62169011917.822,21599240583,17665772583,False
2020-06-15,3.52,38.334814,1.863058,74947000934.059,61298297465.192,21599240583,17665772583,False
2020-06-16,3.77,41.057458,1.995378,80269941341.308,65651869728.345,21599240583,17665772583,False
2020-06-17,3.78,41.166363,2.000671,80482858957.598,65826012618.871,21599240583,17665772583,False
2020-06-18,3.78,41.166363,2.000671,80482858957.598,65826012618.871,21599240583,17665772583,False
2020-06-19,3.79,41.275269,2.005963,80695776573.887,66000155509.397,21599240583,17665772583,False
2020-06-22,3.78,41.166363,2.000671,80482858957.598,65826012618.871,21599240583,17665772583,False
2020-06-23,3.74,40.73074,1.979499,79631188492.438,65129441056.766,21599240583,17665772583,False
2020-06-24,3.7,40.295117,1.958328,78779518027.278,64432869494.662,21599240583,17665772583,False
2020-06-29,3.66,39.859495,1.937157,77927847562.118,63736297932.557,21599240583,17665772583,False
2020-06-30,3.67,39.9684,1.94245,78140765178.408,63910440823.083,21599240583,17665772583,False
2020-07-01,3.75,40.839646,1.984792,79844106108.728,65303583947.292,21599240583,17665772583,False
2020-07-02,3.87,42.146515,2.048306,82399117504.207,67393298633.606,21599240583,17665772583,False
2020-07-03,4.07,44.324629,2.154161,86657469830.006,70876156444.128,21599240583,17665772583,False
2020-07-06,4.35,47.373989,2.302359,92619163086.124,75752157378.859,21599240583,17665772583,False
2020-07-07,4.31,46.938367,2.281188,91767492620.964,75055585816.755,21599240583,17665772583,False
2020-07-08,4.44,48.354141,2.349994,94535421632.734,77319443393.594,21599240583,17665772583,False
2020-07-09,4.52,49.225387,2.392336,96238762563.053,78712586517.803,21599240583,17665772583,False
2020-07-10,4.29,46.720555,2.270602,91341657388.385,74707300035.702,21599240583,17665772583,False
2020-07-13,4.72,51.403501,2.498192,100497114888.852,82195444328.325,21599240583,17665772583,False
2020-07-14,4.7,51.18569,2.487606,100071279656.272,81847158547.273,21599240583,17665772583,False
2020-07-15,4.41,48.027424,2.334116,93896668783.864,76797014722.016,21599240583,17665772583,False
2020-07-16,4.13,44.978064,2.185918,87934975527.745,71921013787.285,21599240583,17665772583,False
2020-07-17,4.12,44.869158,2.180625,87722057911.456,71746870896.759,21599240583,17665772583,False
2020-07-20,4.5,49.007575,2.381751,95812927330.473,78364300736.751,21599240583,17665772583,False
2020-07-21,4.46,48.571952,2.36058,94961256865.314,77667729174.646,21599240583,17665772583,False
2020-07-22,4.44,48.354141,2.349994,94535421632.734,77319443393.594,21599240583,17665772583,False
2020-07-23,4.44,48.354141,2.349994,94535421632.734,77319443393.594,21599240583,17665772583,False
2020-07-24,4.22,45.958215,2.233553,89851234074.355,73488299802.02,21599240583,17665772583,False
2020-07-27,4.39,47.809612,2.32353,93470833551.284,76448728940.964,21599240583,17665772583,False
2020-07-28,4.53,49.334292,2.397629,96451680179.343,78886729408.329,21599240583,17665772583,False
2020-07-29,4.55,49.552104,2.408215,96877515411.923,79235015189.381,21599240583,17665772583,False
2020-07-30,4.47,48.680858,2.365872,95174174481.603,77841872065.173,21599240583,17665772583,False
2020-07-31,4.4,47.918518,2.328823,93683751167.574,76622871831.49,21599240583,17665772583,False
2020-08-03,4.54,49.443198,2.402922,96664597795.633,79060872298.855,21599240583,17665772583,False
2020-08-04,4.68,50.967878,2.477021,99645444423.692,81498872766.221,21599240583,17665772583,False
2020-08-05,4.85,52.819276,2.566998,103265043900.621,84459301905.165,21599240583,17665772583,False
2020-08-06,4.92,53.581616,2.604047,104755467214.651,85678302138.848,21599240583,17665772583,False
2020-08-07,4.76,51.839124,2.519363,101348785354.012,82892015890.43,21599240583,17665772583,False
2020-08-10,4.57,49.769915,2.4188,97303350644.503,79583300970.434,21599240583,17665772583,False
2020-08-11,4.43,48.245235,2.344701,94322504016.444,77145300503.068,21599240583,17665772583,False
2020-08-12,4.38,47.700707,2.318237,93257915934.994,76274586050.438,21599240583,17665772583,False
2020-08-13,4.31,46.938367,2.281188,91767492620.964,75055585816.755,21599240583,17665772583,False
2020-08-14,4.35,47.373989,2.302359,92619163086.124,75752157378.859,21599240583,17665772583,False
2020-08-17,4.47,48.680858,2.365872,95174174481.603,77841872065.173,21599240583,17665772583,False
2020-08-18,4.45,48.463047,2.355287,94748339249.024,77493586284.12,21599240583,17665772583,False
2020-08-19,4.42,48.13633,2.339408,94109586400.154,76971157612.542,21599240583,17665772583,False
2020-08-20,4.48,48.789764,2.371165,95387092097.893,78016014955.699,21599240583,17665772583,False
2020-08-21,4.48,48.789764,2.371165,95387092097.893,78016014955.699,21599240583,17665772583,False
2020-08-24,4.4,47.918518,2.328823,93683751167.574,76622871831.49,21599240583,17665772583,False
2020-08-25,4.28,46.611649,2.26531,91128739772.095,74533157145.176,21599240583,17665772583,False
2020-08-26,4.16,45.304781,2.201796,88573728376.615,72443442458.863,21599240583,17665772583,False
2020-08-27,4.19,45.631498,2.217675,89212481225.485,72965871130.441,21599240583,17665772583,False
2020-08-28,4.23,46.067121,2.238846,90064151690.645,73662442692.546,21599240583,17665772583,False
2020-08-31,4.28,44.944947,2.269572,91128739772.095,74533157145.176,21599240583,17665772583,False
2020-09-01,4.37,45.890051,2.317297,93044998318.704,76100443159.911,21599240583,17665772583,False
2020-09-02,4.23,44.419889,2.243058,90064151690.645,73662442692.546,21599240583,17665772583,False
2020-09-03,4.19,43.999843,2.221847,89212481225.485,72965871130.441,21599240583,17665772583,False
2020-09-04,4.17,43.78982,2.211242,88786645992.905,72617585349.389,21599240583,17665772583,False
2020-09-07,4.12,43.264762,2.184728,87722057911.456,71746870896.759,21599240583,17665772583,False
2020-09-08,4.1,43.054739,2.174123,87296222678.876,71398585115.706,21599240583,17665772583,False
2020-09-09,4.02,42.214647,2.131701,85592881748.556,70005441991.497,21599240583,17665772583,False
2020-09-10,4.01,42.109635,2.126398,85379964132.266,69831299100.971,21599240583,17665772583,False
2020-09-11,3.98,41.7946,2.11049,84741211283.396,69308870429.393,21599240583,17665772583,False
2020-09-14,4.03,42.319658,2.137004,85805799364.846,70179584882.024,21599240583,17665772583,False
2020-09-15,4.05,42.529681,2.147609,86231634597.426,70527870663.076,21599240583,17665772583,False
2020-09-16,4.04,42.42467,2.142306,86018716981.136,70353727772.55,21599240583,17665772583,False
2020-09-17,3.99,41.899612,2.115793,84954128899.686,69483013319.919,21599240583,17665772583,False
2020-09-18,4.11,43.159751,2.179426,87509140295.166,71572728006.232,21599240583,17665772583,False
2020-09-21,4.07,42.739705,2.158215,86657469830.006,70876156444.128,21599240583,17665772583,False
2020-09-22,3.98,41.7946,2.11049,84741211283.396,69308870429.393,21599240583,17665772583,False
2020-09-23,3.94,41.374554,2.089279,83889540818.237,68612298867.289,21599240583,17665772583,False
2020-09-24,3.81,40.009404,2.020343,81121611806.467,66348441290.449,21599240583,17665772583,False
2020-09-25,3.76,39.484346,1.99383,80057023725.018,65477726837.819,21599240583,17665772583,False
2020-09-28,3.72,39.0643,1.972619,79205353259.858,64781155275.714,21599240583,17665772583,False
2020-09-29,3.75,39.379335,1.988527,79844106108.728,65303583947.292,21599240583,17665772583,False
2020-09-30,3.72,39.0643,1.972619,79205353259.858,64781155275.714,21599240583,17665772583,False
2020-10-09,3.88,40.744485,2.057463,82612035120.497,67567441524.132,21599240583,17665772583,False
2020-10-12,3.96,41.584577,2.099884,84315376050.816,68960584648.341,21599240583,17665772583,False
2020-10-13,3.95,41.479566,2.094582,84102458434.527,68786441757.815,21599240583,17665772583,False
2020-10-14,3.89,40.849496,2.062765,82824952736.787,67741584414.658,21599240583,17665772583,False
2020-10-15,3.89,40.849496,2.062765,82824952736.787,67741584414.658,21599240583,17665772583,False
2020-10-16,3.9,40.954508,2.068068,83037870353.077,67915727305.184,21599240583,17665772583,False
2020-10-19,3.91,41.05952,2.073371,83250787969.367,68089870195.71,21599240583,17665772583,False
2020-10-20,3.98,41.7946,2.11049,84741211283.396,69308870429.393,21599240583,17665772583,False
2020-10-21,3.96,41.584577,2.099884,84315376050.816,68960584648.341,21599240583,17665772583,False
2020-10-22,3.94,41.374554,2.089279,83889540818.237,68612298867.289,21599240583,17665772583,False
2020-10-23,3.92,41.164531,2.078674,83463705585.657,68264013086.236,21599240583,17665772583,False
2020-10-26,3.89,40.849496,2.062765,82824952736.787,67741584414.658,21599240583,17665772583,False
2020-10-27,3.94,41.374554,2.089279,83889540818.237,68612298867.289,21599240583,17665772583,False
2020-10-28,3.93,41.269543,2.083976,83676623201.947,68438155976.762,21599240583,17665772583,False
2020-10-29,4.02,39.070202,2.150768,85592881748.556,70005441991.497,21599240583,17665772583,False
2020-10-30,3.95,38.389875,2.113317,84102458434.527,68786441757.815,21599240583,17665772583,False
2020-11-02,4.03,39.167391,2.156118,85805799364.846,70179584882.024,21599240583,17665772583,False
2020-11-03,4.19,40.722424,2.241721,89212481225.485,72965871130.441,21599240583,17665772583,False
2020-11-04,4.14,40.236477,2.21497,88147893144.035,72095156677.811,21599240583,17665772583,False
2020-11-05,4.2,40.819614,2.247071,89425398841.775,73140014020.967,21599240583,17665772583,False
2020-11-06,4.24,41.208372,2.268472,90277069306.935,73836585583.072,21599240583,17665772583,False
2020-11-09,4.34,42.180268,2.321973,92406245469.834,75578014488.333,21599240583,17665772583,False
2020-11-10,4.22,41.013993,2.257771,89851234074.355,73488299802.02,21599240583,17665772583,False
2020-11-11,4.2,40.819614,2.247071,89425398841.775,73140014020.967,21599240583,17665772583,False
2020-11-12,4.22,41.013993,2.257771,89851234074.355,73488299802.02,21599240583,17665772583,False
2020-11-13,4.35,42.277457,2.327324,92619163086.124,75752157378.859,21599240583,17665772583,False
2020-11-16,4.62,44.901575,2.471778,98367938725.953,80454015423.064,21599240583,17665772583,False
2020-11-17,4.48,43.540922,2.396876,95387092097.893,78016014955.699,21599240583,17665772583,False
2020-11-18,4.57,44.415628,2.445027,97303350644.503,79583300970.434,21599240583,17665772583,False
2020-11-19,4.57,44.415628,2.445027,97303350644.503,79583300970.434,21599240583,17665772583,False
2020-11-20,4.73,45.97066,2.53063,100710032505.142,82369587218.851,21599240583,17665772583,False
2020-11-23,4.8,46.650987,2.568081,102200455819.171,83588587452.534,21599240583,17665772583,False
2020-11-24,4.86,47.234125,2.600182,103477961516.911,84633444795.691,21599240583,17665772583,False
2020-11-25,4.63,44.998765,2.477128,98580856342.242,80628158313.59,21599240583,17665772583,False
2020-11-26,4.58,44.512817,2.450378,97516268260.793,79757443860.96,21599240583,17665772583,False
2020-11-27,4.57,44.415628,2.445027,97303350644.503,79583300970.434,21599240583,17665772583,False
2020-11-30,4.59,44.610007,2.455728,97729185877.083,79931586751.48598,21599240583,17665772583,False
2020-12-01,4.61,44.804386,2.466428,98155021109.663,80279872532.538,21599240583,17665772583,False
2020-12-02,4.65,45.193144,2.487829,99006691574.822,80976444094.643,21599240583,17665772583,False
2020-12-03,4.53,44.026869,2.423627,96451680179.343,78886729408.329,21599240583,17665772583,False
2020-12-04,4.66,45.290334,2.493179,99219609191.112,81150586985.169,21599240583,17665772583,False
2020-12-07,4.56,44.318438,2.439677,97090433028.213,79409158079.908,21599240583,17665772583,False
2020-12-08,4.49,43.638111,2.402226,95600009714.183,78190157846.225,21599240583,17665772583,False
2020-12-09,4.53,44.026869,2.423627,96451680179.343,78886729408.329,21599240583,17665772583,False
2020-12-10,4.38,42.569026,2.343374,93257915934.994,76274586050.438,21599240583,17665772583,False
2020-12-11,4.31,41.888699,2.305923,91767492620.964,75055585816.755,21599240583,17665772583,False
2020-12-14,4.64,45.095954,2.482479,98793773958.532,80802301204.116,21599240583,17665772583,False
2020-12-15,4.72,45.873471,2.52528,100497114888.852,82195444328.325,21599240583,17665772583,False
2020-12-16,4.65,45.193144,2.487829,99006691574.822,80976444094.643,21599240583,17665772583,False
2020-12-17,5.12,49.761053,2.739287,109013819540.45,89161159949.37,21599240583,17665772583,False
2020-12-18,5.06,49.177916,2.707186,107736313842.71,88116302606.213,21599240583,17665772583,False
2020-12-21,5.18,50.34419,2.771388,110291325238.189,90206017292.527,21599240583,17665772583,False
2020-12-22,4.83,46.942556,2.584132,102839208668.041,84111016124.113,21599240583,17665772583,False
2020-12-23,4.88,47.428504,2.610883,103903796749.491,84981730576.743,21599240583,17665772583,False
2020-12-24,4.92,47.817262,2.632283,104755467214.651,85678302138.848,21599240583,17665772583,False
2020-12-25,5.41,52.57955,2.894442,115188430412.858,94211303774.627,21599240583,17665772583,False
2020-12-28,5.95,57.827786,3.183351,126685981692.515,103615019863.037,21599240583,17665772583,False
2020-12-29,5.71,55.495237,3.054947,121575958901.556,99435590490.411,21599240583,17665772583,False
2020-12-30,5.86,56.95308,3.135199,124769723145.905,102047733848.302,21599240583,17665772583,False
2020-12-31,6.25,60.743473,3.343856,133073510181.213,108839306578.821,21599240583,17665772583,False
2021-01-04,6.53,63.464781,3.49366,139035203437.331,113715307513.552,21599240583,17665772583,False
2021-01-05,6.37,61.909748,3.408058,135628521576.692,110929021265.134,21599240583,17665772583,False
2021-01-06,6.75,65.602951,3.611364,143719390995.71,117546451105.126,21599240583,17665772583,False
2021-01-07,7.36,71.531514,3.937725,156707365589.396,128169167427.219,21599240583,17665772583,False
2021-01-08,7.4,71.920272,3.959125,157559036054.556,128865738989.324,21599240583,17665772583,False
2021-01-11,6.76,65.70014,3.616714,143932308612.0,117720593995.652,21599240583,17665772583,False
2021-01-12,6.88,66.866415,3.680916,146487320007.479,119810308681.966,21599240583,17665772583,False
2021-01-13,6.44,62.590075,3.445509,137118944890.722,112148021498.817,21599240583,17665772583,False
2021-01-14,6.27,60.937852,3.354556,133499345413.793,109187592359.873,21599240583,17665772583,False
2021-01-15,6.36,61.812558,3.402708,135415603960.402,110754878374.608,21599240583,17665772583,False
2021-01-18,6.24,60.646284,3.338506,132860592564.923,108665163688.295,21599240583,17665772583,False
2021-01-19,5.89,57.244649,3.15125,125408475994.775,102570162519.881,21599240583,17665772583,False
2021-01-20,6.2,60.257525,3.317105,132008922099.763,107968592126.19,21599240583,17665772583,False
2021-01-21,6.31,61.32661,3.375957,134351015878.953,109884163921.977,21599240583,17665772583,False
2021-01-22,6.51,63.270402,3.48296,138609368204.751,113367021732.5,21599240583,17665772583,False
2021-01-25,6.7,65.117003,3.584613,142654802914.26,116675736652.496,21599240583,17665772583,False
2021-01-26,6.28,61.035042,3.359906,133712263030.083,109361735250.399,21599240583,17665772583,False
2021-01-27,6.37,61.909748,3.408058,135628521576.692,110929021265.134,21599240583,17665772583,False
2021-01-28,5.93,57.633407,3.17265,126260146459.935,103266734081.985,21599240583,17665772583,False
2021-01-29,6.06,58.896872,3.242203,129028075471.704,105530591658.824,21599240583,17665772583,False
2021-02-01,5.96,57.924976,3.188701,126898899308.805,103789162753.563,21599240583,17665772583,False
2021-02-02,6.17,59.965957,3.301054,131370169250.893,107446163454.612,21599240583,17665772583,False
2021-02-03,6.64,64.533866,3.552512,141377297216.521,115630879309.339,21599240583,17665772583,False
2021-02-04,6.16,59.868767,3.295704,131157251634.603,107272020564.086,21599240583,17665772583,False
2021-02-05,5.74,55.786806,3.070997,122214711750.426,99958019161.989,21599240583,17665772583,False
2021-02-08,6.08,59.091251,3.252903,129453910704.284,105878877439.877,21599240583,17665772583,False
2021-02-09,6.39,62.104127,3.418758,136054356809.272,111277307046.186,21599240583,17665772583,False
2021-02-10,6.58,63.950728,3.520411,140099791518.781,114586021966.182,21599240583,17665772583,False
2021-02-18,7.24,70.365239,3.873523,154152354193.917,126079452740.906,21599240583,17665772583,False
2021-02-19,7.13,69.296154,3.814671,151810260414.728,124163880945.119,21599240583,17665772583,False
2021-02-22,7.6,73.864063,4.066129,161817388380.355,132348596799.846,21599240583,17665772583,False
2021-02-23,7.47,72.600599,3.996576,159049459368.586,130084739223.006,21599240583,17665772583,False
2021-02-24,7.32,71.142756,3.916324,155855695124.237,127472595865.115,21599240583,17665772583,False
2021-02-25,7.3,70.948377,3.905624,155429859891.657,127124310084.063,21599240583,17665772583,False
2021-02-26,6.7,65.117003,3.584613,142654802914.26,116675736652.496,21599240583,17665772583,False
2021-03-01,7.06,68.615827,3.777219,150319837100.698,122944880711.436,21599240583,17665772583,False
2021-03-02,6.7,65.117003,3.584613,142654802914.26,116675736652.496,21599240583,17665772583,False
2021-03-03,6.82,66.283278,3.648815,145209814309.74,118765451338.809,21599240583,17665772583,False
2021-03-04,6.37,61.909748,3.408058,135628521576.692,110929021265.134,21599240583,17665772583,False
2021-03-05,6.08,59.091251,3.252903,129453910704.284,105878877439.877,21599240583,17665772583,False
2021-03-08,5.91,57.439028,3.16195,125834311227.355,102918448300.933,21599240583,17665772583,False
2021-03-09,5.96,57.924976,3.188701,126898899308.805,103789162753.563,21599240583,17665772583,False
2021-03-10,5.82,56.564322,3.113798,123918052680.745,101351162286.198,21599240583,17665772583,False
2021-03-11,6.15,59.771578,3.290354,130944334018.313,107097877673.56,21599240583,17665772583,False
2021-03-12,5.98,58.119355,3.199401,127324734541.384,104137448534.616,21599240583,17665772583,False
2021-03-15,5.96,57.924976,3.188701,126898899308.805,103789162753.563,21599240583,17665772583,False
2021-03-16,5.72,55.592427,3.060297,121788876517.846,99609733380.937,21599240583,17665772583,False
2021-03-17,5.75,55.883995,3.076347,122427629366.716,100132162052.515,21599240583,17665772583,False
2021-03-18,5.72,55.592427,3.060297,121788876517.846,99609733380.937,21599240583,17665772583,False
2021-03-19,5.56,54.037394,2.974694,118382194657.207,96823447132.519,21599240583,17665772583,False
2021-03-22,5.6,54.426152,2.996095,119233865122.367,97520018694.623,21599240583,17665772583,False
2021-03-23,5.37,49.806142,2.982325,114336759947.698,93514732212.523,21599240583,17665772583,False
2021-03-24,5.19,48.136663,2.882359,110504242854.479,90380160183.053,21599240583,17665772583,False
2021-03-25,5.23,48.507658,2.904573,111355913319.639,91076731745.157,21599240583,17665772583,False
2021-03-26,5.41,50.177138,3.004539,115188430412.858,94211303774.627,21599240583,17665772583,False
2021-03-29,5.37,49.806142,2.982325,114336759947.698,93514732212.523,21599240583,17665772583,False
2021-03-30,5.4,50.084389,2.998986,114975512796.568,94037160884.101,21599240583,17665772583,False
2021-03-31,5.28,48.971402,2.932342,112420501401.089,91947446197.788,21599240583,17665772583,False
2021-04-01,5.31,49.249649,2.949003,113059254249.958,92469874869.366,21599240583,17665772583,False
2021-04-02,5.35,49.620644,2.971217,113910924715.118,93166446431.47,21599240583,17665772583,False
2021-04-06,5.47,50.733631,3.037862,116465936110.598,95256161117.784,21599240583,17665772583,False
2021-04-07,5.6,51.939366,3.110059,119233865122.367,97520018694.623,21599240583,17665772583,False
2021-04-08,5.72,53.052353,3.176703,121788876517.846,99609733380.937,21599240583,17665772583,False
2021-04-09,5.58,51.753868,3.098952,118808029889.787,97171732913.571,21599240583,17665772583,False
2021-04-12,5.65,52.40311,3.137828,120298453203.816,98390733147.254,21599240583,17665772583,False
2021-04-13,5.55,51.475622,3.082291,118169277040.917,96649304241.993,21599240583,17665772583,False
2021-04-14,5.65,52.40311,3.137828,120298453203.816,98390733147.254,21599240583,17665772583,False
2021-04-15,5.67,52.588608,3.148935,120724288436.396,98739018928.306,21599240583,17665772583,False
2021-04-16,5.59,51.846617,3.104506,119020947506.077,97345875804.097,21599240583,17665772583,False
2021-04-19,5.77,53.516097,3.204472,122853464599.296,100480447833.567,21599240583,17665772583,False
2021-04-20,5.69,52.774106,3.160042,121150123668.976,99087304709.358,21599240583,17665772583,False
2021-04-21,5.6,51.939366,3.110059,119233865122.367,97520018694.623,21599240583,17665772583,False
2021-04-22,5.66,52.495859,3.143381,120511370820.106,98564876037.78,21599240583,17665772583,False
2021-04-23,5.77,53.516097,3.204472,122853464599.296,100480447833.567,21599240583,17665772583,False
2021-04-26,5.79,53.701595,3.215579,123279299831.876,100828733614.619,21599240583,17665772583,False
2021-04-27,5.76,53.423348,3.198918,122640546983.006,100306304943.041,21599240583,17665772583,False
2021-04-28,5.67,42.403911,3.16814,120724288436.396,98739018928.306,21599240583,17665772583,False
2021-04-29,5.78,43.226561,3.229603,123066382215.586,100654590724.093,21599240583,17665772583,False
2021-04-30,5.81,43.450921,3.246365,123705135064.455,101177019395.672,21599240583,17665772583,False
2021-05-06,5.98,44.72229,3.341354,127324734541.384,104137448534.616,21599240583,17665772583,False
2021-05-07,6.22,46.517165,3.475455,132434757332.343,108316877907.242,21599240583,17665772583,False
2021-05-10,6.53,48.835544,3.648669,139035203437.331,113715307513.552,21599240583,17665772583,False
2021-05-11,6.18,46.218019,3.453105,131583086867.183,107620306345.138,21599240583,17665772583,False
2021-05-12,6.18,46.218019,3.453105,131583086867.183,107620306345.138,21599240583,17665772583,False
2021-05-13,5.8,43.376134,3.240778,123492217448.166,101002876505.146,21599240583,17665772583,False
2021-05-14,5.76,43.076989,3.218428,122640546983.006,100306304943.041,21599240583,17665772583,False
2021-05-17,5.93,44.348358,3.313416,126260146459.935,103266734081.985,21599240583,17665772583,False
2021-05-18,6.0,44.871863,3.352529,127750569773.964,104485734315.668,21599240583,17665772583,False
2021-05-19,6.03,45.096222,3.369291,128389322622.834,105008162987.246,21599240583,17665772583,False
2021-05-20,5.72,42.777843,3.196077,121788876517.846,99609733380.937,21599240583,17665772583,False
2021-05-21,5.82,43.525707,3.251953,123918052680.745,101351162286.198,21599240583,17665772583,False
2021-05-24,5.63,42.104765,3.145789,119872617971.237,98042447366.202,21599240583,17665772583,False
2021-05-25,5.68,42.478697,3.173727,120937206052.686,98913161818.832,21599240583,17665772583,False
2021-05-26,5.65,42.254338,3.156964,120298453203.816,98390733147.254,21599240583,17665772583,False
2021-05-27,5.61,41.955192,3.134614,119446782738.657,97694161585.149,21599240583,17665772583,False
2021-05-28,5.74,42.927416,3.207252,122214711750.426,99958019161.989,21599240583,17665772583,False
2021-05-31,5.81,43.450921,3.246365,123705135064.455,101177019395.672,21599240583,17665772583,False
2021-06-01,5.75,43.002202,3.21284,122427629366.716,100132162052.515,21599240583,17665772583,False
2021-06-02,5.69,42.553484,3.179315,121150123668.976,99087304709.358,21599240583,17665772583,False
2021-06-03,5.71,42.703056,3.19049,121575958901.556,99435590490.411,21599240583,17665772583,False
2021-06-04,5.67,42.403911,3.16814,120724288436.396,98739018928.306,21599240583,17665772583,False
2021-06-07,5.59,41.805619,3.123439,119020947506.077,97345875804.097,21599240583,17665772583,False
2021-06-08,5.43,40.609036,3.034038,115614265645.438,94559589555.679,21599240583,17665772583,False
2021-06-09,5.46,40.833395,3.050801,116253018494.308,95082018227.258,21599240583,17665772583,False
2021-06-10,5.45,40.758609,3.045214,116040100878.018,94907875336.732,21599240583,17665772583,False
2021-06-11,5.45,40.758609,3.045214,116040100878.018,94907875336.732,21599240583,17665772583,False
2021-06-15,5.17,38.664589,2.888762,110078407621.899,90031874402.0,21599240583,17665772583,False
2021-06-16,5.05,37.767151,2.821712,107523396226.42,87942159715.687,21599240583,17665772583,False
2021-06-17,5.05,37.767151,2.821712,107523396226.42,87942159715.687,21599240583,17665772583,False
2021-06-18,5.19,38.814162,2.899937,110504242854.479,90380160183.053,21599240583,17665772583,False
2021-06-21,5.1,38.141084,2.849649,108587984307.87,88812874168.318,21599240583,17665772583,False
2021-06-22,5.12,38.290657,2.860824,109013819540.45,89161159949.37,21599240583,17665772583,False
2021-06-23,5.19,38.814162,2.899937,110504242854.479,90380160183.053,21599240583,17665772583,False
2021-06-24,5.16,38.589802,2.883175,109865490005.609,89857731511.474,21599240583,17665772583,False
2021-06-25,5.36,40.085531,2.994926,114123842331.408,93340589321.997,21599240583,17665772583,False
2021-06-28,5.27,39.412453,2.944638,112207583784.799,91773303307.262,21599240583,17665772583,False
2021-06-29,5.14,38.440229,2.872,109439654773.029,89509445730.422,21599240583,17665772583,False
2021-06-30,5.16,38.589802,2.883175,109865490005.609,89857731511.474,21599240583,17665772583,False
2021-07-01,5.06,37.841938,2.827299,107736313842.71,88116302606.213,21599240583,17665772583,False
2021-07-02,5.11,38.21587,2.855237,108800901924.16,88987017058.844,21599240583,17665772583,False
2021-07-05,5.59,41.805619,3.123439,119020947506.077,97345875804.097,21599240583,17665772583,False
2021-07-06,5.71,42.703056,3.19049,121575958901.556,99435590490.411,21599240583,17665772583,False
2021-07-07,6.2,46.367592,3.46428,132008922099.763,107968592126.19,21599240583,17665772583,False
2021-07-08,6.29,47.04067,3.514568,133925180646.373,109535878140.925,21599240583,17665772583,False
2021-07-09,6.65,49.732982,3.715719,141590214832.811,115805022199.865,21599240583,17665772583,False
2021-07-12,6.9,51.602643,3.855408,146913155240.059,120158594463.018,21599240583,17665772583,False
2021-07-13,6.55,48.985117,3.659844,139461038669.911,114063593294.604,21599240583,17665772583,False
2021-07-14,6.62,49.508622,3.698957,140951461983.941,115282593528.287,21599240583,17665772583,False
2021-07-15,6.72,50.256487,3.754832,143080638146.84,117024022433.548,21599240583,17665772583,False
2021-07-16,6.73,50.331273,3.76042,143293555763.13,117198165324.074,21599240583,17665772583,False
2021-07-19,6.81,50.929565,3.80512,144996896693.45,118591308448.283,21599240583,17665772583,False
2021-07-20,6.7,50.106914,3.743657,142654802914.26,116675736652.496,21599240583,17665772583,False
2021-07-21,7.04,52.649653,3.933634,149894001868.118,122596594930.384,21599240583,17665772583,False
2021-07-22,6.91,51.677429,3.860995,147126072856.349,120332737353.544,21599240583,17665772583,False
2021-07-23,7.06,52.799226,3.944809,150319837100.698,122944880711.436,21599240583,17665772583,False
2021-07-26,7.29,54.519314,4.073322,155216942275.367,126950167193.536,21599240583,17665772583,False
2021-07-27,6.92,51.752215,3.866583,147338990472.639,120506880244.07,21599240583,17665772583,False
2021-07-28,6.48,48.461612,3.620731,137970615355.882,112844593060.921,21599240583,17665772583,False
2021-07-29,6.95,51.976575,3.883346,147977743321.509,121029308915.649,21599240583,17665772583,False
2021-07-30,6.91,51.677429,3.860995,147126072856.349,120332737353.544,21599240583,17665772583,False
2021-08-02,6.85,51.22871,3.82747,145848567158.609,119287880010.387,21599240583,17665772583,False
2021-08-03,6.2,46.367592,3.46428,132008922099.763,107968592126.19,21599240583,17665772583,False
2021-08-04,6.51,48.685971,3.637494,138609368204.751,113367021732.5,21599240583,17665772583,False
2021-08-05,6.31,47.190243,3.525743,134351015878.953,109884163921.977,21599240583,17665772583,False
2021-08-06,6.94,51.901788,3.877758,147764825705.219,120855166025.122,21599240583,17665772583,False
2021-08-09,7.2,53.846236,4.023034,153300683728.757,125382881178.801,21599240583,17665772583,False
2021-08-10,6.93,51.827002,3.872171,147551908088.929,120681023134.596,21599240583,17665772583,False
2021-08-11,6.8,50.854778,3.799532,144783979077.16,118417165557.757,21599240583,17665772583,False
2021-08-12,6.98,52.200934,3.900108,148616496170.379,121551737587.227,21599240583,17665772583,False
2021-08-13,7.26,54.294954,4.05656,154578189426.497,126427738521.958,21599240583,17665772583,False
2021-08-16,6.93,51.827002,3.872171,147551908088.929,120681023134.596,21599240583,17665772583,False
2021-08-17,7.06,52.799226,3.944809,150319837100.698,122944880711.436,21599240583,17665772583,False
2021-08-18,7.02,52.50008,3.922459,149468166635.538,122248309149.331,21599240583,17665772583,False
2021-08-19,6.74,50.40606,3.766007,143506473379.42,117372308214.6,21599240583,17665772583,False
2021-08-20,6.64,49.658195,3.710132,141377297216.521,115630879309.339,21599240583,17665772583,False
2021-08-23,6.74,39.03374,3.796532,143506473379.42,117372308214.6,21599240583,17665772583,False
2021-08-24,7.1,41.118629,3.999314,151171507565.858,123641452273.54,21599240583,17665772583,False
2021-08-25,7.32,42.392727,4.123237,155855695124.237,127472595865.115,21599240583,17665772583,False
2021-08-26,7.36,42.624381,4.145768,156707365589.396,128169167427.219,21599240583,17665772583,False
2021-08-27,7.76,44.940924,4.371081,165224070240.994,135134883048.264,21599240583,17665772583,False
2021-08-30,7.67,44.419702,4.320386,163307811694.384,133567597033.529,21599240583,17665772583,False
2021-08-31,7.82,45.288405,4.404879,166501575938.734,136179740391.42,21599240583,17665772583,False
2021-09-01,7.28,42.161073,4.100705,155004024659.077,126776024303.01,21599240583,17665772583,False
2021-09-02,7.37,42.682295,4.151401,156920283205.686,128343310317.745,21599240583,17665772583,False
2021-09-03,7.11,41.176542,4.004947,151384425182.148,123815595164.066,21599240583,17665772583,False
2021-09-06,7.12,41.234456,4.01058,151597342798.438,123989738054.592,21599240583,17665772583,False
2021-09-07,7.19,41.639851,4.05001,153087766112.467,125208738288.275,21599240583,17665772583,False
2021-09-08,7.05,40.829061,3.97115,150106919484.408,122770737820.91,21599240583,17665772583,False
2021-09-09,7.32,42.392727,4.123237,155855695124.237,127472595865.115,21599240583,17665772583,False
2021-09-10,7.94,45.983368,4.472473,169056587334.213,138269455077.734,21599240583,17665772583,False
2021-09-13,8.47,49.052786,4.771013,180341220997.58,147499028275.618,21599240583,17665772583,False
2021-09-14,7.89,45.6938,4.444308,167991999252.763,137398740625.103,21599240583,17665772583,False
2021-09-15,7.88,45.635886,4.438676,167779081636.473,137224597734.577,21599240583,17665772583,False
2021-09-16,7.59,43.956393,4.275323,161604470764.065,132174453909.32,21599240583,17665772583,False
2021-09-17,7.28,42.161073,4.100705,155004024659.077,126776024303.01,21599240583,17665772583,False
2021-09-22,7.17,41.524023,4.038744,152661930879.887,124860452507.223,21599240583,17665772583,False
2021-09-23,7.13,41.292369,4.016213,151810260414.728,124163880945.119,21599240583,17665772583,False
2021-09-24,6.82,39.497049,3.841595,145209814309.74,118765451338.809,21599240583,17665772583,False
2021-09-27,6.25,36.195976,3.520523,133073510181.213,108839306578.821,21599240583,17665772583,False
2021-09-28,6.24,36.138062,3.51489,132860592564.923,108665163688.295,21599240583,17665772583,False
2021-09-29,5.9,34.169001,3.323374,125621393611.065,102744305410.407,21599240583,17665772583,False
2021-09-30,6.04,34.979791,3.402234,128602240239.124,105182305877.772,21599240583,17665772583,False
2021-10-08,6.01,34.80605,3.385335,127963487390.254,104659877206.194,21599240583,17665772583,False
2021-10-11,6.35,36.775111,3.576851,135202686344.112,110580735484.082,21599240583,17665772583,False
2021-10-12,6.33,36.659284,3.565586,134776851111.532,110232449703.03,21599240583,17665772583,False
2021-10-13,6.26,36.253889,3.526156,133286427797.503,109013449469.347,21599240583,17665772583,False
2021-10-14,6.45,37.354247,3.63318,137331862507.012,112322164389.343,21599240583,17665772583,False
2021-10-15,6.4,37.064679,3.605016,136267274425.562,111451449936.712,21599240583,17665772583,False
2021-10-18,6.64,38.454605,3.740204,141377297216.521,115630879309.339,21599240583,17665772583,False
2021-10-19,6.65,38.512518,3.745837,141590214832.811,115805022199.865,21599240583,17665772583,False
2021-10-20,6.56,37.991296,3.695141,139673956286.201,114237736185.13,21599240583,17665772583,False
2021-10-21,6.53,37.817556,3.678243,139035203437.331,113715307513.552,21599240583,17665772583,False
2021-10-22,6.3,36.485544,3.548687,134138098262.663,109710021031.451,21599240583,17665772583,False
2021-10-25,6.43,37.23842,3.621914,136906027274.432,111973878608.291,21599240583,17665772583,False
2021-10-26,6.39,37.006766,3.599383,136054356809.272,111277307046.186,21599240583,17665772583,False
2021-10-27,6.25,36.195976,3.520523,133073510181.213,108839306578.821,21599240583,17665772583,False
2021-10-28,5.95,30.044944,3.256322,126685981692.515,103615019863.037,21599240583,17665772583,False
2021-10-29,5.99,30.246927,3.278213,127537652157.674,104311591425.142,21599240583,17665772583,False
2021-11-01,6.0,30.297423,3.283686,127750569773.964,104485734315.668,21599240583,17665772583,False
2021-11-02,5.84,29.489491,3.196121,124343887913.325,101699448067.25,21599240583,17665772583,False
2021-11-03,5.9,29.792465,3.228958,125621393611.065,102744305410.407,21599240583,17665772583,False
2021-11-04,5.67,28.631064,3.103083,120724288436.396,98739018928.306,21599240583,17665772583,False
2021-11-05,5.49,27.722142,3.004573,116891771343.177,95604446898.836,21599240583,17665772583,False
2021-11-08,5.65,28.530073,3.092138,120298453203.816,98390733147.254,21599240583,17665772583,False
2021-11-09,5.64,28.479577,3.086665,120085535587.526,98216590256.728,21599240583,17665772583,False
2021-11-10,5.56,28.075612,3.042882,118382194657.207,96823447132.519,21599240583,17665772583,False
2021-11-11,5.6,28.277594,3.064774,119233865122.367,97520018694.623,21599240583,17665772583,False
2021-11-12,5.55,28.025116,3.03741,118169277040.917,96649304241.993,21599240583,17665772583,False
2021-11-15,5.57,28.126107,3.048355,118595112273.497,96997590023.045,21599240583,17665772583,False
2021-11-16,5.41,27.318176,2.96079,115188430412.858,94211303774.627,21599240583,17665772583,False
2021-11-17,5.47,27.62115,2.993627,116465936110.598,95256161117.784,21599240583,17665772583,False
2021-11-18,5.53,27.924124,3.026464,117743441808.337,96301018460.941,21599240583,17665772583,False
2021-11-19,5.69,28.732056,3.114029,121150123668.976,99087304709.358,21599240583,17665772583,False
2021-11-22,5.88,29.691474,3.218012,125195558378.485,102396019629.354,21599240583,17665772583,False
2021-11-23,5.84,29.489491,3.196121,124343887913.325,101699448067.25,21599240583,17665772583,False
2021-11-24,5.94,29.994448,3.250849,126473064076.225,103440876972.511,21599240583,17665772583,False
2021-11-25,5.88,29.691474,3.218012,125195558378.485,102396019629.354,21599240583,17665772583,False
2021-11-26,5.89,29.74197,3.223485,125408475994.775,102570162519.881,21599240583,17665772583,False
2021-11-29,5.78,29.186517,3.163284,123066382215.586,100654590724.093,21599240583,17665772583,False
2021-11-30,5.89,29.74197,3.223485,125408475994.775,102570162519.881,21599240583,17665772583,False
2021-12-01,6.1,30.80238,3.338414,129879745936.864,106227163220.929,21599240583,17665772583,False
2021-12-02,6.02,30.398414,3.294632,128176405006.544,104834020096.72,21599240583,17665772583,False
2021-12-03,6.09,30.751884,3.332941,129666828320.574,106053020330.403,21599240583,17665772583,False
2021-12-06,5.97,30.145935,3.267268,127111816925.095,103963305644.089,21599240583,17665772583,False
2021-12-07,5.89,29.74197,3.223485,125408475994.775,102570162519.881,21599240583,17665772583,False
2021-12-08,5.98,30.196431,3.27274,127324734541.384,104137448534.616,21599240583,17665772583,False
2021-12-09,5.97,30.145935,3.267268,127111816925.095,103963305644.089,21599240583,17665772583,False
2021-12-10,5.91,29.842961,3.234431,125834311227.355,102918448300.933,21599240583,17665772583,False
2021-12-13,5.91,29.842961,3.234431,125834311227.355,102918448300.933,21599240583,17665772583,False
2021-12-14,5.68,28.68156,3.108556,120937206052.686,98913161818.832,21599240583,17665772583,False
2021-12-15,5.61,28.32809,3.070247,119446782738.657,97694161585.149,21599240583,17665772583,False
2021-12-16,5.72,28.883543,3.130447,121788876517.846,99609733380.937,21599240583,17665772583,False
2021-12-17,5.77,29.136021,3.157811,122853464599.296,100480447833.567,21599240583,17665772583,False
2021-12-20,5.63,28.429081,3.081192,119872617971.237,98042447366.202,21599240583,17665772583,False
2021-12-21,5.68,28.68156,3.108556,120937206052.686,98913161818.832,21599240583,17665772583,False
2021-12-22,5.62,28.378586,3.075719,119659700354.947,97868304475.676,21599240583,17665772583,False
2021-12-23,5.66,28.580569,3.097611,120511370820.106,98564876037.78,21599240583,17665772583,False
2021-12-24,5.54,27.97462,3.031937,117956359424.627,96475161351.467,21599240583,17665772583,False
2021-12-27,5.52,27.873629,3.020991,117530524192.047,96126875570.414,21599240583,17665772583,False
2021-12-28,5.57,28.126107,3.048355,118595112273.497,96997590023.045,21599240583,17665772583,False
2021-12-29,5.53,27.924124,3.026464,117743441808.337,96301018460.941,21599240583,17665772583,False
2021-12-30,5.53,27.924124,3.026464,117743441808.337,96301018460.941,21599240583,17665772583,False
2021-12-31,5.58,28.176603,3.053828,118808029889.787,97171732913.571,21599240583,17665772583,False
2022-01-04,5.64,28.479577,3.086665,120085535587.526,98216590256.728,21599240583,17665772583,False
2022-01-05,5.55,28.025116,3.03741,118169277040.917,96649304241.993,21599240583,17665772583,False
2022-01-06,5.55,28.025116,3.03741,118169277040.917,96649304241.993,21599240583,17665772583,False
2022-01-07,5.55,28.025116,3.03741,118169277040.917,96649304241.993,21599240583,17665772583,False
2022-01-10,5.58,28.176603,3.053828,118808029889.787,97171732913.571,21599240583,17665772583,False
2022-01-11,5.55,28.025116,3.03741,118169277040.917,96649304241.993,21599240583,17665772583,False
2022-01-12,5.76,29.085526,3.152339,122640546983.006,100306304943.041,21599240583,17665772583,False
2022-01-13,5.72,28.883543,3.130447,121788876517.846,99609733380.937,21599240583,17665772583,False
2022-01-14,5.62,28.378586,3.075719,119659700354.947,97868304475.676,21599240583,17665772583,False
2022-01-17,5.57,28.126107,3.048355,118595112273.497,96997590023.045,21599240583,17665772583,False
2022-01-18,5.58,28.176603,3.053828,118808029889.787,97171732913.571,21599240583,17665772583,False
2022-01-19,5.57,28.126107,3.048355,118595112273.497,96997590023.045,21599240583,17665772583,False
2022-01-20,5.65,28.530073,3.092138,120298453203.816,98390733147.254,21599240583,17665772583,False
2022-01-21,5.69,28.732056,3.114029,121150123668.976,99087304709.358,21599240583,17665772583,False
2022-01-24,5.66,28.580569,3.097611,120511370820.106,98564876037.78,21599240583,17665772583,False
2022-01-25,5.46,27.570654,2.988154,116253018494.308,95082018227.258,21599240583,17665772583,False
2022-01-26,5.5,27.772637,3.010046,117104688959.467,95778589789.362,21599240583,17665772583,False
2022-01-27,5.17,26.106279,2.829443,110078407621.899,90031874402.0,21599240583,17665772583,False
2022-01-28,5.17,26.106279,2.829443,110078407621.899,90031874402.0,21599240583,17665772583,False
2022-02-07,5.39,27.217185,2.949845,114762595180.278,93863017993.575,21599240583,17665772583,False
2022-02-08,5.43,27.419167,2.971736,115614265645.438,94559589555.679,21599240583,17665772583,False
2022-02-09,5.61,28.32809,3.070247,119446782738.657,97694161585.149,21599240583,17665772583,False
2022-02-10,5.79,29.237013,3.168757,123279299831.876,100828733614.619,21599240583,17665772583,False
2022-02-11,5.79,29.237013,3.168757,123279299831.876,100828733614.619,21599240583,17665772583,False
2022-02-14,5.69,28.732056,3.114029,121150123668.976,99087304709.358,21599240583,17665772583,False
2022-02-15,5.68,28.68156,3.108556,120937206052.686,98913161818.832,21599240583,17665772583,False
2022-02-16,5.69,28.732056,3.114029,121150123668.976,99087304709.358,21599240583,17665772583,False
2022-02-17,5.79,29.237013,3.168757,123279299831.876,100828733614.619,21599240583,17665772583,False
2022-02-18,5.8,29.287508,3.17423,123492217448.166,101002876505.146,21599240583,17665772583,False
2022-02-21,5.73,28.934039,3.13592,122001794134.136,99783876271.463,21599240583,17665772583,False
2022-02-22,5.76,29.085526,3.152339,122640546983.006,100306304943.041,21599240583,17665772583,False
2022-02-23,5.8,29.287508,3.17423,123492217448.166,101002876505.146,21599240583,17665772583,False
2022-02-24,5.72,28.883543,3.130447,121788876517.846,99609733380.937,21599240583,17665772583,False
2022-02-25,5.74,28.984534,3.141393,122214711750.426,99958019161.989,21599240583,17665772583,False
2022-02-28,6.01,30.347918,3.289159,127963487390.254,104659877206.194,21599240583,17665772583,False
2022-03-01,5.92,29.893457,3.239904,126047228843.645,103092591191.459,21599240583,17665772583,False
2022-03-02,5.93,29.943953,3.245376,126260146459.935,103266734081.985,21599240583,17665772583,False
2022-03-03,6.02,30.398414,3.294632,128176405006.544,104834020096.72,21599240583,17665772583,False
2022-03-04,5.78,29.186517,3.163284,123066382215.586,100654590724.093,21599240583,17665772583,False
2022-03-07,5.73,28.934039,3.13592,122001794134.136,99783876271.463,21599240583,17665772583,False
2022-03-08,5.46,27.570654,2.988154,116253018494.308,95082018227.258,21599240583,17665772583,False
2022-03-09,5.25,26.510245,2.873225,111781748552.219,91425017526.209,21599240583,17665772583,False
2022-03-10,5.28,26.661732,2.889644,112420501401.089,91947446197.788,21599240583,17665772583,False
2022-03-11,5.21,26.308262,2.851334,110930078087.059,90728445964.105,21599240583,17665772583,False
2022-03-14,5.05,25.500331,2.763769,107523396226.42,87942159715.687,21599240583,17665772583,False
2022-03-15,4.62,23.329015,2.528438,98367938725.953,80454015423.064,21599240583,17665772583,False
2022-03-16,4.93,20.854661,2.698095,104968384830.941,85852445029.374,21599240583,17665772583,False
2022-03-17,5.09,21.531485,2.78566,108375066691.58,88638731277.792,21599240583,17665772583,False
2022-03-18,5.17,21.869898,2.829443,110078407621.899,90031874402.0,21599240583,17665772583,False
2022-03-21,5.22,22.081405,2.829645,111142995703.349,90902588854.631,21599240583,17665772583,False
2022-03-22,5.24,22.166008,2.840487,111568830935.929,91250874635.683,21599240583,17665772583,False
2022-03-23,5.31,22.462119,2.878432,113059254249.958,92469874869.366,21599240583,17665772583,False
2022-03-24,5.44,23.012039,2.948903,115827183261.728,94733732446.205,21599240583,17665772583,False
2022-03-25,5.47,23.138944,2.965165,116465936110.598,95256161117.784,21599240583,17665772583,False
2022-03-28,5.33,22.546722,2.889274,113485089482.538,92818160650.418,21599240583,17665772583,False
2022-03-29,5.33,22.546722,2.889274,113485089482.538,92818160650.418,21599240583,17665772583,False
2022-03-30,5.3,22.419818,2.873012,112846336633.669,92295731978.84,21599240583,17665772583,False
2022-03-31,5.21,22.039104,2.824225,110930078087.059,90728445964.105,21599240583,17665772583,False
2022-04-01,5.28,22.335214,2.86217,112420501401.089,91947446197.788,21599240583,17665772583,False
2022-04-06,5.34,22.589024,2.894695,113698007098.828,92992303540.944,21599240583,17665772583,False
2022-04-07,5.26,22.250611,2.851329,111994666168.509,91599160416.735,21599240583,17665772583,False
2022-04-08,5.41,22.885135,2.93264,115188430412.858,94211303774.627,21599240583,17665772583,False
2022-04-11,5.13,21.700691,2.780858,109226737156.74,89335302839.896,21599240583,17665772583,False
2022-04-12,5.21,22.039104,2.824225,110930078087.059,90728445964.105,21599240583,17665772583,False
2022-04-13,5.45,23.054341,2.954323,116040100878.018,94907875336.732,21599240583,17665772583,False
2022-04-14,5.5,23.265848,2.981427,117104688959.467,95778589789.362,21599240583,17665772583,False
2022-04-15,5.52,23.350451,2.992269,117530524192.047,96126875570.414,21599240583,17665772583,False
2022-04-18,5.36,22.673627,2.905536,114123842331.408,93340589321.997,21599240583,17665772583,False
2022-04-19,5.38,22.75823,2.916378,114549677563.988,93688875103.049,21599240583,17665772583,False
2022-04-20,5.18,21.912199,2.807962,110291325238.189,90206017292.527,21599240583,17665772583,False
2022-04-21,4.92,20.812359,2.667022,104755467214.651,85678302138.848,21599240583,17665772583,False
2022-04-22,4.95,20.939264,2.683285,105394220063.521,86200730810.426,21599240583,17665772583,False
2022-04-25,4.61,19.501011,2.498978,98155021109.663,80279872532.538,21599240583,17665772583,False
2022-04-26,4.27,18.062759,2.314672,90915822155.805,74359014254.65,21599240583,17665772583,False
2022-04-27,4.52,16.573579,2.450191,96238762563.053,78712586517.803,21599240583,17665772583,False
2022-04-28,4.46,16.353575,2.417666,94961256865.314,77667729174.646,21599240583,17665772583,False
2022-04-29,4.68,17.160254,2.466645,99645444423.692,81498872766.221,21599240583,17665772583,False
2022-05-05,4.74,17.380257,2.498269,100922950121.432,82543730109.378,21599240583,17665772583,False
2022-05-06,4.55,16.68358,2.398127,96877515411.923,79235015189.381,21599240583,17665772583,False
2022-05-09,4.5,16.500244,2.371774,95812927330.473,78364300736.751,21599240583,17665772583,False
2022-05-10,4.44,16.280241,2.340151,94535421632.734,77319443393.594,21599240583,17665772583,False
2022-05-11,4.53,16.610246,2.387586,96451680179.343,78886729408.329,21599240583,17665772583,False
2022-05-12,4.45,16.316908,2.345421,94748339249.024,77493586284.12,21599240583,17665772583,False
2022-05-13,4.44,16.280241,2.340151,94535421632.734,77319443393.594,21599240583,17665772583,False
2022-05-16,4.46,16.353575,2.350692,94961256865.314,77667729174.646,21599240583,17665772583,False
2022-05-17,4.57,16.756915,2.408669,97303350644.503,79583300970.434,21599240583,17665772583,False
2022-05-18,4.52,16.573579,2.382315,96238762563.053,78712586517.803,21599240583,17665772583,False
2022-05-19,4.47,16.390243,2.355962,95174174481.603,77841872065.173,21599240583,17665772583,False
2022-05-20,4.69,17.196921,2.471916,99858362039.982,81673015656.747,21599240583,17665772583,False
2022-05-23,4.75,17.416924,2.503539,101135867737.722,82717872999.904,21599240583,17665772583,False
2022-05-24,4.54,16.646913,2.392857,96664597795.633,79060872298.855,21599240583,17665772583,False
2022-05-25,4.71,17.270256,2.482457,100284197272.562,82021301437.799,21599240583,17665772583,False
2022-05-26,4.76,17.453592,2.50881,101348785354.012,82892015890.43,21599240583,17665772583,False
2022-05-27,4.75,17.416924,2.503539,101135867737.722,82717872999.904,21599240583,17665772583,False
2022-05-30,4.74,17.380257,2.498269,100922950121.432,82543730109.378,21599240583,17665772583,False
2022-05-31,4.77,17.490259,2.514081,101561702970.302,83066158780.956,21599240583,17665772583,False
2022-06-01,4.78,17.526926,2.519351,101774620586.592,83240301671.482,21599240583,17665772583,False
2022-06-02,4.84,17.746929,2.550975,103052126284.331,84285159014.639,21599240583,17665772583,False
2022-06-06,5.04,18.480274,2.656387,107310478610.13,87768016825.161,21599240583,17665772583,False
2022-06-07,5.04,18.480274,2.656387,107310478610.13,87768016825.161,21599240583,17665772583,False
2022-06-08,5.17,18.956947,2.724905,110078407621.899,90031874402.0,21599240583,17665772583,False
2022-06-09,5.39,19.763626,2.840858,114762595180.278,93863017993.575,21599240583,17665772583,False
2022-06-10,5.68,20.826975,2.993706,120937206052.686,98913161818.832,21599240583,17665772583,False
2022-06-13,5.72,20.973644,3.014789,121788876517.846,99609733380.937,21599240583,17665772583,False
2022-06-14,5.79,21.230314,3.051683,123279299831.876,100828733614.619,21599240583,17665772583,False
2022-06-15,5.82,21.340316,3.067495,123918052680.745,101351162286.198,21599240583,17665772583,False
2022-06-16,5.82,21.340316,3.067495,123918052680.745,101351162286.198,21599240583,17665772583,False
2022-06-17,6.11,22.403665,3.220342,130092663553.154,106401306111.455,21599240583,17665772583,False
2022-06-20,5.76,21.120313,3.035871,122640546983.006,100306304943.041,21599240583,17665772583,False
2022-06-21,5.7,20.900309,3.004247,121363041285.266,99261447599.884,21599240583,17665772583,False
2022-06-22,6.12,22.440332,3.225613,130305581169.444,106575449001.981,21599240583,17665772583,False
2022-06-23,5.98,21.926991,3.151824,127324734541.384,104137448534.616,21599240583,17665772583,False
2022-06-24,5.75,21.083645,3.0306,122427629366.716,100132162052.515,21599240583,17665772583,False
2022-06-27,5.98,21.926991,3.151824,127324734541.384,104137448534.616,21599240583,17665772583,False
2022-06-28,5.9,21.633654,3.10966,125621393611.065,102744305410.407,21599240583,17665772583,False
2022-06-29,5.72,20.973644,3.014789,121788876517.846,99609733380.937,21599240583,17665772583,False
2022-06-30,5.73,21.010311,3.020059,122001794134.136,99783876271.463,21599240583,17665772583,False
2022-07-01,5.71,20.936977,3.009518,121575958901.556,99435590490.411,21599240583,17665772583,False
2022-07-04,5.63,20.643639,2.967353,119872617971.237,98042447366.202,21599240583,17665772583,False
2022-07-05,5.62,20.606972,2.962082,119659700354.947,97868304475.676,21599240583,17665772583,False
2022-07-06,5.27,19.323619,2.777611,112207583784.799,91773303307.262,21599240583,17665772583,False
2022-07-07,5.37,19.690291,2.830317,114336759947.698,93514732212.523,21599240583,17665772583,False
2022-07-08,5.51,20.203632,2.904106,117317606575.757,95952732679.888,21599240583,17665772583,False
2022-07-11,5.31,19.470288,2.798694,113059254249.958,92469874869.366,21599240583,17665772583,False
2022-07-12,5.23,19.176951,2.756529,111355913319.639,91076731745.157,21599240583,17665772583,False
2022-07-13,5.23,19.176951,2.756529,111355913319.639,91076731745.157,21599240583,17665772583,False
2022-07-14,5.14,18.846946,2.709093,109439654773.029,89509445730.422,21599240583,17665772583,False
2022-07-15,5.15,18.883613,2.714364,109652572389.319,89683588620.948,21599240583,17665772583,False
2022-07-18,5.31,19.470288,2.798694,113059254249.958,92469874869.366,21599240583,17665772583,False
2022-07-19,5.24,19.213618,2.761799,111568830935.929,91250874635.683,21599240583,17665772583,False
2022-07-20,5.44,19.946962,2.867212,115827183261.728,94733732446.205,21599240583,17665772583,False
2022-07-21,5.98,21.926991,3.151824,127324734541.384,104137448534.616,21599240583,17665772583,False
2022-07-22,5.56,20.386968,2.930459,118382194657.207,96823447132.519,21599240583,17665772583,False
2022-07-25,5.38,19.726959,2.835588,114549677563.988,93688875103.049,21599240583,17665772583,False
2022-07-26,5.47,20.056964,2.883023,116465936110.598,95256161117.784,21599240583,17665772583,False
2022-07-27,5.52,20.2403,2.909376,117530524192.047,96126875570.414,21599240583,17665772583,False
2022-07-28,5.48,20.093631,2.888294,116678853726.887,95430304008.31,21599240583,17665772583,False
2022-07-29,5.39,19.763626,2.840858,114762595180.278,93863017993.575,21599240583,17665772583,False
2022-08-01,5.44,19.946962,2.867212,115827183261.728,94733732446.205,21599240583,17665772583,False
2022-08-02,5.22,19.140283,2.751258,111142995703.349,90902588854.631,21599240583,17665772583,False
2022-08-03,5.17,18.956947,2.724905,110078407621.899,90031874402.0,21599240583,17665772583,False
2022-08-04,5.2,19.066949,2.740717,110717160470.769,90554303073.579,21599240583,17665772583,False
2022-08-05,5.27,19.323619,2.777611,112207583784.799,91773303307.262,21599240583,17665772583,False
2022-08-08,5.35,19.616957,2.819776,113910924715.118,93166446431.47,21599240583,17665772583,False
2022-08-09,5.36,19.653624,2.825047,114123842331.408,93340589321.997,21599240583,17665772583,False
2022-08-10,5.37,19.690291,2.830317,114336759947.698,93514732212.523,21599240583,17665772583,False
2022-08-11,5.41,19.83696,2.8514,115188430412.858,94211303774.627,21599240583,17665772583,False
2022-08-12,5.46,20.020296,2.877753,116253018494.308,95082018227.258,21599240583,17665772583,False
2022-08-15,5.53,20.276967,2.914647,117743441808.337,96301018460.941,21599240583,17665772583,False
2022-08-16,5.41,19.83696,2.8514,115188430412.858,94211303774.627,21599240583,17665772583,False
2022-08-17,5.32,19.506955,2.803964,113272171866.248,92644017759.892,21599240583,17665772583,False
2022-08-18,5.26,19.286952,2.772341,111994666168.509,91599160416.735,21599240583,17665772583,False
2022-08-19,5.24,19.213618,2.761799,111568830935.929,91250874635.683,21599240583,17665772583,False
2022-08-22,5.36,16.912495,2.490272,114123842331.408,93340589321.997,21599240583,17665772583,False
2022-08-23,5.33,16.817835,2.476334,113485089482.538,92818160650.418,21599240583,17665772583,False
2022-08-24,5.15,16.249878,2.392706,109652572389.319,89683588620.948,21599240583,17665772583,False
2022-08-25,5.22,16.47075,2.425228,111142995703.349,90902588854.631,21599240583,17665772583,False
2022-08-26,5.19,16.376091,2.41129,110504242854.479,90380160183.053,21599240583,17665772583,False
2022-08-29,5.14,16.218325,2.388059,109439654773.029,89509445730.422,21599240583,17665772583,False
2022-08-30,5.09,16.060559,2.364829,108375066691.58,88638731277.792,21599240583,17665772583,False
2022-08-31,4.92,15.524155,2.285847,104755467214.651,85678302138.848,21599240583,17665772583,False
2022-09-01,4.93,15.555709,2.290493,104968384830.941,85852445029.374,21599240583,17665772583,False
2022-09-02,4.9,15.461049,2.276555,104329631982.071,85330016357.795,21599240583,17665772583,False
2022-09-05,4.95,15.618815,2.299785,105394220063.521,86200730810.426,21599240583,17665772583,False
2022-09-06,5.05,15.934347,2.346245,107523396226.42,87942159715.687,21599240583,17665772583,False
2022-09-07,5.12,16.155219,2.378767,109013819540.45,89161159949.37,21599240583,17665772583,False
2022-09-08,5.11,16.123665,2.374121,108800901924.16,88987017058.844,21599240583,17665772583,False
2022-09-09,5.18,16.344538,2.406644,110291325238.189,90206017292.527,21599240583,17665772583,False
2022-09-13,5.22,16.47075,2.425228,111142995703.349,90902588854.631,21599240583,17665772583,False
2022-09-14,5.12,16.155219,2.378767,109013819540.45,89161159949.37,21599240583,17665772583,False
2022-09-15,5.01,15.808134,2.327661,106671725761.26,87245588153.583,21599240583,17665772583,False
2022-09-16,4.85,15.303283,2.253325,103265043900.621,84459301905.165,21599240583,17665772583,False
2022-09-19,4.78,15.082411,2.220802,101774620586.592,83240301671.482,21599240583,17665772583,False
2022-09-20,4.9,15.461049,2.276555,104329631982.071,85330016357.795,21599240583,17665772583,False
2022-09-21,4.9,15.461049,2.276555,104329631982.071,85330016357.795,21599240583,17665772583,False
2022-09-22,4.89,15.429496,2.271909,104116714365.781,85155873467.269,21599240583,17665772583,False
2022-09-23,4.84,15.27173,2.248679,103052126284.331,84285159014.639,21599240583,17665772583,False
2022-09-26,4.69,14.798433,2.178988,99858362039.982,81673015656.747,21599240583,17665772583,False
2022-09-27,4.75,14.987752,2.206864,101135867737.722,82717872999.904,21599240583,17665772583,False
2022-09-28,4.55,14.356688,2.113944,96877515411.923,79235015189.381,21599240583,17665772583,False
2022-09-29,4.72,14.893092,2.192926,100497114888.852,82195444328.325,21599240583,17665772583,False
2022-09-30,4.72,14.893092,2.192926,100497114888.852,82195444328.325,21599240583,17665772583,False
2022-10-10,4.51,14.230476,2.09536,96025844946.763,78538443627.277,21599240583,17665772583,False
2022-10-11,4.56,14.388242,2.11859,97090433028.213,79409158079.908,21599240583,17665772583,False
2022-10-12,4.42,13.946497,2.053545,94109586400.154,76971157612.542,21599240583,17665772583,False
2022-10-13,4.32,13.630966,2.007085,91980410237.254,75229728707.281,21599240583,17665772583,False
2022-10-14,4.46,14.07271,2.072129,94961256865.314,77667729174.646,21599240583,17665772583,False
2022-10-17,4.41,13.914944,2.048899,93896668783.864,76797014722.016,21599240583,17665772583,False
2022-10-18,4.38,13.820285,2.034961,93257915934.994,76274586050.438,21599240583,17665772583,False
2022-10-19,4.3,13.567859,1.997793,91554575004.674,74881442926.229,21599240583,17665772583,False
2022-10-20,4.27,13.4732,1.983855,90915822155.805,74359014254.65,21599240583,17665772583,False
2022-10-21,4.26,13.441647,1.979209,90702904539.515,74184871364.124,21599240583,17665772583,False
2022-10-24,4.15,13.078436,1.762564,88360810760.325,72269299568.337,21599240583,17665772583,False
2022-10-25,4.22,13.299036,1.792294,89851234074.355,73488299802.02,21599240583,17665772583,False
2022-10-26,4.23,13.330551,1.796541,90064151690.645,73662442692.546,21599240583,17665772583,False
2022-10-27,4.29,13.519636,1.822024,91341657388.385,74707300035.702,21599240583,17665772583,False
2022-10-28,4.17,13.141465,1.771058,88786645992.905,72617585349.389,21599240583,17665772583,False
2022-10-31,4.15,13.078436,1.762564,88360810760.325,72269299568.337,21599240583,17665772583,False
2022-11-01,4.31,13.582665,1.830518,91767492620.964,75055585816.755,21599240583,17665772583,False
2022-11-02,4.38,13.803265,1.860248,93257915934.994,76274586050.438,21599240583,17665772583,False
2022-11-03,4.33,13.645694,1.839013,92193327853.544,75403871597.807,21599240583,17665772583,False
2022-11-04,4.48,14.118408,1.90272,95387092097.893,78016014955.699,21599240583,17665772583,False
2022-11-07,4.67,14.71718,1.983416,99432526807.402,81324729875.695,21599240583,17665772583,False
2022-11-08,4.67,14.71718,1.983416,99432526807.402,81324729875.695,21599240583,17665772583,False
2022-11-09,4.62,14.559608,1.96218,98367938725.953,80454015423.064,21599240583,17665772583,False
2022-11-10,4.56,14.370523,1.936697,97090433028.213,79409158079.908,21599240583,17665772583,False
2022-11-11,4.68,14.748694,1.987663,99645444423.692,81498872766.221,21599240583,17665772583,False
2022-11-14,4.7,14.811723,1.996157,100071279656.272,81847158547.273,21599240583,17665772583,False
2022-11-15,4.74,14.93778,2.013146,100922950121.432,82543730109.378,21599240583,17665772583,False
2022-11-16,4.82,15.189894,2.047123,102626291051.751,83936873233.586,21599240583,17665772583,False
2022-11-17,4.75,14.969294,2.017393,101135867737.722,82717872999.904,21599240583,17665772583,False
2022-11-18,4.69,14.780209,1.99191,99858362039.982,81673015656.747,21599240583,17665772583,False
2022-11-21,4.66,14.685666,1.979168,99219609191.112,81150586985.169,21599240583,17665772583,False
2022-11-22,4.64,14.622637,1.970674,98793773958.532,80802301204.116,21599240583,17665772583,False
2022-11-23,4.63,14.591123,1.966427,98580856342.242,80628158313.59,21599240583,17665772583,False
2022-11-24,4.64,14.622637,1.970674,98793773958.532,80802301204.116,21599240583,17665772583,False
2022-11-25,4.65,14.654151,1.974921,99006691574.822,80976444094.643,21599240583,17665772583,False
2022-11-28,4.56,14.370523,1.936697,97090433028.213,79409158079.908,21599240583,17665772583,False
2022-11-29,4.71,14.843237,2.000404,100284197272.562,82021301437.799,21599240583,17665772583,False
2022-11-30,4.66,14.685666,1.979168,99219609191.112,81150586985.169,21599240583,17665772583,False
2022-12-01,4.74,14.93778,2.013146,100922950121.432,82543730109.378,21599240583,17665772583,False
2022-12-02,4.66,14.685666,1.979168,99219609191.112,81150586985.169,21599240583,17665772583,False
2022-12-05,4.82,15.189894,2.047123,102626291051.751,83936873233.586,21599240583,17665772583,False
2022-12-06,4.83,15.221409,2.05137,102839208668.041,84111016124.113,21599240583,17665772583,False
2022-12-07,4.78,15.063837,2.030134,101774620586.592,83240301671.482,21599240583,17665772583,False
2022-12-08,4.79,15.095352,2.034381,101987538202.882,83414444562.008,21599240583,17665772583,False
2022-12-09,5.01,15.788666,2.127818,106671725761.26,87245588153.583,21599240583,17665772583,False
2022-12-12,4.9,15.442009,2.0811,104329631982.071,85330016357.795,21599240583,17665772583,False
2022-12-13,4.95,15.59958,2.102336,105394220063.521,86200730810.426,21599240583,17665772583,False
2022-12-14,4.89,15.410495,2.076853,104116714365.781,85155873467.269,21599240583,17665772583,False
2022-12-15,4.83,15.221409,2.05137,102839208668.041,84111016124.113,21599240583,17665772583,False
2022-12-16,4.79,15.095352,2.034381,101987538202.882,83414444562.008,21599240583,17665772583,False
2022-12-19,4.67,14.71718,1.983416,99432526807.402,81324729875.695,21599240583,17665772583,False
2022-12-20,4.62,14.559608,1.96218,98367938725.953,80454015423.064,21599240583,17665772583,False
2022-12-21,4.6,14.49658,1.953686,97942103493.373,80105729642.012,21599240583,17665772583,False
2022-12-22,4.53,14.27598,1.923956,96451680179.343,78886729408.329,21599240583,17665772583,False
2022-12-23,4.54,14.307494,1.928203,96664597795.633,79060872298.855,21599240583,17665772583,False
2022-12-26,4.53,14.27598,1.923956,96451680179.343,78886729408.329,21599240583,17665772583,False
2022-12-27,4.62,14.559608,1.96218,98367938725.953,80454015423.064,21599240583,17665772583,False
2022-12-28,4.65,14.654151,1.974921,99006691574.822,80976444094.643,21599240583,17665772583,False
2022-12-29,4.57,14.402037,1.940944,97303350644.503,79583300970.434,21599240583,17665772583,False
2022-12-30,4.55,14.339008,1.93245,96877515411.923,79235015189.381,21599240583,17665772583,False
2023-01-03,4.63,14.591123,1.966427,98580856342.242,80628158313.59,21599240583,17665772583,False
2023-01-04,4.57,14.402037,1.940944,97303350644.503,79583300970.434,21599240583,17665772583,False
2023-01-05,4.6,14.49658,1.953686,97942103493.373,80105729642.012,21599240583,17665772583,False
2023-01-06,4.62,14.559608,1.96218,98367938725.953,80454015423.064,21599240583,17665772583,False
2023-01-09,4.84,15.252923,2.055617,103052126284.331,84285159014.639,21599240583,17665772583,False
2023-01-10,4.83,15.221409,2.05137,102839208668.041,84111016124.113,21599240583,17665772583,False
2023-01-11,4.87,15.347466,2.068358,103690879133.201,84807587686.217,21599240583,17665772583,False
2023-01-12,4.92,15.505038,2.089594,104755467214.651,85678302138.848,21599240583,17665772583,False
2023-01-13,4.88,15.37898,2.072606,103903796749.491,84981730576.743,21599240583,17665772583,False
2023-01-16,4.88,15.37898,2.072606,103903796749.491,84981730576.743,21599240583,17665772583,False
2023-01-17,4.85,15.284437,2.059864,103265043900.621,84459301905.165,21599240583,17665772583,False
2023-01-18,4.99,15.725638,2.119324,106245890528.68,86897302372.53,21599240583,17665772583,False
2023-01-19,5.04,15.883209,2.14056,107310478610.13,87768016825.161,21599240583,17665772583,False
2023-01-20,5.13,16.166838,2.178784,109226737156.74,89335302839.896,21599240583,17665772583,False
2023-01-30,5.5,17.332867,2.335928,117104688959.467,95778589789.362,21599240583,17665772583,False
2023-01-31,5.67,17.86861,2.40813,120724288436.396,98739018928.306,21599240583,17665772583,False
2023-02-01,6.01,18.940097,2.552533,127963487390.254,104659877206.194,21599240583,17665772583,False
2023-02-02,5.92,18.656468,2.514308,126047228843.645,103092591191.459,21599240583,17665772583,False
2023-02-03,5.89,18.561925,2.501567,125408475994.775,102570162519.881,21599240583,17665772583,False
2023-02-06,5.71,17.994668,2.425118,121575958901.556,99435590490.411,21599240583,17665772583,False
2023-02-07,5.89,18.561925,2.501567,125408475994.775,102570162519.881,21599240583,17665772583,False
2023-02-08,5.83,18.372839,2.476084,124130970297.035,101525305176.724,21599240583,17665772583,False
2023-02-09,5.84,18.404353,2.480331,124343887913.325,101699448067.25,21599240583,17665772583,False
2023-02-10,5.76,18.152239,2.446354,122640546983.006,100306304943.041,21599240583,17665772583,False
2023-02-13,5.74,18.08921,2.43786,122214711750.426,99958019161.989,21599240583,17665772583,False
2023-02-14,5.93,18.687982,2.518556,126260146459.935,103266734081.985,21599240583,17665772583,False
2023-02-15,5.91,18.624954,2.510061,125834311227.355,102918448300.933,21599240583,17665772583,False
2023-02-16,5.77,18.183753,2.450601,122853464599.296,100480447833.567,21599240583,17665772583,False
2023-02-17,5.83,18.372839,2.476084,124130970297.035,101525305176.724,21599240583,17665772583,False
2023-02-20,5.98,18.845554,2.539791,127324734541.384,104137448534.616,21599240583,17665772583,False
2023-02-21,6.18,19.47584,2.624734,131583086867.183,107620306345.138,21599240583,17665772583,False
2023-02-22,6.14,19.349783,2.607746,130731416402.024,106923734783.033,21599240583,17665772583,False
2023-02-23,6.17,19.444326,2.620487,131370169250.893,107446163454.612,21599240583,17665772583,False
2023-02-24,5.99,18.877068,2.544038,127537652157.674,104311591425.142,21599240583,17665772583,False
2023-02-27,5.87,18.498896,2.493073,124982640762.195,102221876738.828,21599240583,17665772583,False
2023-02-28,5.9,18.593439,2.505814,125621393611.065,102744305410.407,21599240583,17665772583,False
2023-03-01,6.06,19.097668,2.573768,129028075471.704,105530591658.824,21599240583,17665772583,False
2023-03-02,6.09,19.192211,2.58651,129666828320.574,106053020330.403,21599240583,17665772583,False
2023-03-03,5.98,18.845554,2.539791,127324734541.384,104137448534.616,21599240583,17665772583,False
2023-03-06,6.04,19.03464,2.565274,128602240239.124,105182305877.772,21599240583,17665772583,False
2023-03-07,5.97,18.814039,2.535544,127111816925.095,103963305644.089,21599240583,17665772583,False
2023-03-08,5.97,18.814039,2.535544,127111816925.095,103963305644.089,21599240583,17665772583,False
2023-03-09,5.99,18.877068,2.544038,127537652157.674,104311591425.142,21599240583,17665772583,False
2023-03-10,5.87,18.498896,2.493073,124982640762.195,102221876738.828,21599240583,17665772583,False
2023-03-13,5.92,18.656468,2.514308,126047228843.645,103092591191.459,21599240583,17665772583,False
2023-03-14,5.83,18.372839,2.476084,124130970297.035,101525305176.724,21599240583,17665772583,False
2023-03-15,5.84,18.404353,2.480331,124343887913.325,101699448067.25,21599240583,17665772583,False
2023-03-16,5.38,16.954695,2.284963,114549677563.988,93688875103.049,21599240583,17665772583,False
2023-03-17,5.37,16.923181,2.280716,114336759947.698,93514732212.523,21599240583,17665772583,False
2023-03-20,5.35,19.046803,2.279274,113910924715.118,93166446431.47,21599240583,17665772583,False
2023-03-21,5.7,20.292856,2.428386,121363041285.266,99261447599.884,21599240583,17665772583,False
2023-03-22,5.82,20.720074,2.47951,123918052680.745,101351162286.198,21599240583,17665772583,False
2023-03-23,5.84,20.791277,2.48803,124343887913.325,101699448067.25,21599240583,17665772583,False
2023-03-24,5.89,20.969284,2.509332,125408475994.775,102570162519.881,21599240583,17665772583,False
2023-03-27,5.92,21.076089,2.522113,126047228843.645,103092591191.459,21599240583,17665772583,False
2023-03-28,5.89,20.969284,2.509332,125408475994.775,102570162519.881,21599240583,17665772583,False
2023-03-29,5.93,21.11169,2.526373,126260146459.935,103266734081.985,21599240583,17665772583,False
2023-03-30,5.93,21.11169,2.526373,126260146459.935,103266734081.985,21599240583,17665772583,False
2023-03-31,5.99,21.325299,2.551935,127537652157.674,104311591425.142,21599240583,17665772583,False
2023-04-03,5.91,21.040487,2.517853,125834311227.355,102918448300.933,21599240583,17665772583,False
2023-04-04,5.94,21.147292,2.530634,126473064076.225,103440876972.511,21599240583,17665772583,False
2023-04-06,5.97,21.254096,2.543415,127111816925.095,103963305644.089,21599240583,17665772583,False
2023-04-07,5.89,20.969284,2.509332,125408475994.775,102570162519.881,21599240583,17665772583,False
2023-04-10,5.95,21.182893,2.534894,126685981692.515,103615019863.037,21599240583,17665772583,False
2023-04-11,6.12,21.788119,2.60732,130305581169.444,106575449001.981,21599240583,17665772583,False
2023-04-12,6.17,21.966126,2.628621,131370169250.893,107446163454.612,21599240583,17665772583,False
2023-04-13,6.15,21.894923,2.620101,130944334018.313,107097877673.56,21599240583,17665772583,False
2023-04-14,6.41,22.820562,2.730869,136480192041.852,111625592827.238,21599240583,17665772583,False
2023-04-17,6.35,22.606953,2.705307,135202686344.112,110580735484.082,21599240583,17665772583,False
2023-04-18,6.33,22.53575,2.696786,134776851111.532,110232449703.03,21599240583,17665772583,False
2023-04-19,6.92,24.636239,2.948146,147338990472.639,120506880244.07,21599240583,17665772583,False
2023-04-20,6.71,23.888607,2.858679,142867720530.55,116849879543.022,21599240583,17665772583,False
2023-04-21,6.59,23.461389,2.807555,140312709135.071,114760164856.708,21599240583,17665772583,False
2023-04-24,6.26,22.28654,2.666964,133286427797.503,109013449469.347,21599240583,17665772583,False
2023-04-25,6.18,22.001728,2.632882,131583086867.183,107620306345.138,21599240583,17665772583,False
2023-04-26,6.07,21.610111,2.586018,129240993087.994,105704734549.351,21599240583,17665772583,False
2023-04-27,5.89,20.969284,2.509332,125408475994.775,102570162519.881,21599240583,17665772583,False
2023-04-28,5.96,21.218495,2.539154,126898899308.805,103789162753.563,21599240583,17665772583,False
2023-05-04,5.7,26.810871,2.473279,121363041285.266,99261447599.884,21599240583,17665772583,False
2023-05-05,5.62,26.434578,2.438566,119659700354.947,97868304475.676,21599240583,17665772583,False
2023-05-08,5.85,27.51642,2.538365,124556805529.615,101873590957.776,21599240583,17665772583,False
2023-05-09,5.86,27.563457,2.542704,124769723145.905,102047733848.302,21599240583,17665772583,False
2023-05-10,5.81,27.328274,2.521008,123705135064.455,101177019395.672,21599240583,17665772583,False
2023-05-11,5.66,26.622725,2.455922,120511370820.106,98564876037.78,21599240583,17665772583,False
2023-05-12,5.3,24.929407,2.299715,112846336633.669,92295731978.84,21599240583,17665772583,False
2023-05-15,5.46,25.681992,2.36914,116253018494.308,95082018227.258,21599240583,17665772583,False
2023-05-16,5.42,25.493846,2.351784,115401348029.148,94385446665.153,21599240583,17665772583,False
2023-05-17,5.35,25.16459,2.321411,113910924715.118,93166446431.47,21599240583,17665772583,False
2023-05-18,5.4,25.399773,2.343106,114975512796.568,94037160884.101,21599240583,17665772583,False
2023-05-19,5.34,25.117553,2.317071,113698007098.828,92992303540.944,21599240583,17665772583,False
2023-05-22,5.35,25.16459,2.321411,113910924715.118,93166446431.47,21599240583,17665772583,False
2023-05-23,5.24,24.647187,2.273681,111568830935.929,91250874635.683,21599240583,17665772583,False
2023-05-24,5.25,24.694223,2.27802,111781748552.219,91425017526.209,21599240583,17665772583,False
2023-05-25,5.16,24.270894,2.238968,109865490005.609,89857731511.474,21599240583,17665772583,False
2023-05-26,5.25,24.694223,2.27802,111781748552.219,91425017526.209,21599240583,17665772583,False
2023-05-29,5.25,24.694223,2.27802,111781748552.219,91425017526.209,21599240583,17665772583,False
2023-05-30,5.25,24.694223,2.27802,111781748552.219,91425017526.209,21599240583,17665772583,False
2023-05-31,5.24,24.647187,2.273681,111568830935.929,91250874635.683,21599240583,17665772583,False
2023-06-01,5.29,24.88237,2.295376,112633419017.379,92121589088.314,21599240583,17665772583,False
2023-06-02,5.47,25.729029,2.37348,116465936110.598,95256161117.784,21599240583,17665772583,False
2023-06-05,5.44,25.587919,2.360462,115827183261.728,94733732446.205,21599240583,17665772583,False
2023-06-06,5.38,25.305699,2.334428,114549677563.988,93688875103.049,21599240583,17665772583,False
2023-06-07,5.39,25.352736,2.338767,114762595180.278,93863017993.575,21599240583,17665772583,False
2023-06-08,5.41,25.446809,2.347445,115188430412.858,94211303774.627,21599240583,17665772583,False
2023-06-09,5.4,25.399773,2.343106,114975512796.568,94037160884.101,21599240583,17665772583,False
2023-06-12,5.39,25.352736,2.338767,114762595180.278,93863017993.575,21599240583,17665772583,False
2023-06-13,5.37,25.258663,2.330089,114336759947.698,93514732212.523,21599240583,17665772583,False
2023-06-14,5.51,25.917175,2.390836,117317606575.757,95952732679.888,21599240583,17665772583,False
2023-06-15,5.58,26.246432,2.42121,118808029889.787,97171732913.571,21599240583,17665772583,False
2023-06-16,5.66,26.622725,2.455922,120511370820.106,98564876037.78,21599240583,17665772583,False
2023-06-19,5.49,25.823102,2.382158,116891771343.177,95604446898.836,21599240583,17665772583,False
2023-06-20,5.52,25.964212,2.395175,117530524192.047,96126875570.414,21599240583,17665772583,False
2023-06-21,5.34,25.117553,2.317071,113698007098.828,92992303540.944,21599240583,17665772583,False
2023-06-26,5.26,24.74126,2.282359,111994666168.509,91599160416.735,21599240583,17665772583,False
2023-06-27,5.38,25.305699,2.334428,114549677563.988,93688875103.049,21599240583,17665772583,False
2023-06-28,5.37,25.258663,2.330089,114336759947.698,93514732212.523,21599240583,17665772583,False
2023-06-29,5.31,24.976443,2.304054,113059254249.958,92469874869.366,21599240583,17665772583,False
2023-06-30,5.33,25.070516,2.312732,113485089482.538,92818160650.418,21599240583,17665772583,False
2023-07-03,5.56,26.152359,2.412531,118382194657.207,96823447132.519,21599240583,17665772583,False
2023-07-04,5.53,26.011249,2.399514,117743441808.337,96301018460.941,21599240583,17665772583,False
2023-07-05,5.6,26.340505,2.429888,119233865122.367,97520018694.623,21599240583,17665772583,False
2023-07-06,5.51,25.917175,2.390836,117317606575.757,95952732679.888,21599240583,17665772583,False
2023-07-07,5.4,25.399773,2.343106,114975512796.568,94037160884.101,21599240583,17665772583,False
2023-07-10,5.47,25.729029,2.37348,116465936110.598,95256161117.784,21599240583,17665772583,False
2023-07-11,5.53,26.011249,2.399514,117743441808.337,96301018460.941,21599240583,17665772583,False
2023-07-12,5.52,25.964212,2.395175,117530524192.047,96126875570.414,21599240583,17665772583,False
2023-07-13,5.8,27.281237,2.516669,123492217448.166,101002876505.146,21599240583,17665772583,False
2023-07-14,5.84,27.469384,2.534026,124343887913.325,101699448067.25,21599240583,17665772583,False
2023-07-17,5.76,27.093091,2.499313,122640546983.006,100306304943.041,21599240583,17665772583,False
2023-07-18,5.75,27.046054,2.494974,122427629366.716,100132162052.515,21599240583,17665772583,False
2023-07-19,5.85,27.51642,2.538365,124556805529.615,101873590957.776,21599240583,17665772583,False
2023-07-20,5.85,27.51642,2.538365,124556805529.615,101873590957.776,21599240583,17665772583,False
2023-07-21,5.81,27.328274,2.521008,123705135064.455,101177019395.672,21599240583,17665772583,False
2023-07-24,5.75,27.046054,2.494974,122427629366.716,100132162052.515,21599240583,17665772583,False
2023-07-25,5.98,28.127896,2.594773,127324734541.384,104137448534.616,21599240583,17665772583,False
2023-07-26,6.03,28.36308,2.616468,128389322622.834,105008162987.246,21599240583,17665772583,False
2023-07-27,5.92,27.845677,2.568738,126047228843.645,103092591191.459,21599240583,17665772583,False
2023-07-28,6.03,28.36308,2.616468,128389322622.834,105008162987.246,21599240583,17665772583,False
2023-07-31,6.17,29.021592,2.677216,131370169250.893,107446163454.612,21599240583,17665772583,False
2023-08-01,6.25,29.397885,2.711928,133073510181.213,108839306578.821,21599240583,17665772583,False
2023-08-02,6.16,28.974556,2.672876,131157251634.603,107272020564.086,21599240583,17665772583,False
2023-08-03,6.1,28.692336,2.646842,129879745936.864,106227163220.929,21599240583,17665772583,False
2023-08-04,6.1,28.692336,2.646842,129879745936.864,106227163220.929,21599240583,17665772583,False
2023-08-07,6.11,28.739372,2.651181,130092663553.154,106401306111.455,21599240583,17665772583,False
2023-08-08,6.14,28.880482,2.664198,130731416402.024,106923734783.033,21599240583,17665772583,False
2023-08-09,6.13,28.833446,2.659859,130518498785.734,106749591892.507,21599240583,17665772583,False
2023-08-10,6.09,28.645299,2.642503,129666828320.574,106053020330.403,21599240583,17665772583,False
2023-08-11,5.95,27.986787,2.581756,126685981692.515,103615019863.037,21599240583,17665772583,False
2023-08-14,5.87,27.610494,2.547043,124982640762.195,102221876738.828,21599240583,17665772583,False
2023-08-15,5.84,27.469384,2.534026,124343887913.325,101699448067.25,21599240583,17665772583,False
2023-08-16,5.79,27.234201,2.51233,123279299831.876,100828733614.619,21599240583,17665772583,False
2023-08-17,5.8,27.281237,2.516669,123492217448.166,101002876505.146,21599240583,17665772583,False
2023-08-18,5.67,26.669761,2.460261,120724288436.396,98739018928.306,21599240583,17665772583,False
2023-08-21,5.64,26.528651,2.447244,120085535587.526,98216590256.728,21599240583,17665772583,False
2023-08-22,5.82,27.375311,2.525348,123918052680.745,101351162286.198,21599240583,17665772583,False
2023-08-23,5.69,26.763835,2.468939,121150123668.976,99087304709.358,21599240583,17665772583,False
2023-08-24,5.85,27.51642,2.538365,124556805529.615,101873590957.776,21599240583,17665772583,False
2023-08-25,5.8,27.281237,2.516669,123492217448.166,101002876505.146,21599240583,17665772583,False
2023-08-28,5.73,47.199113,2.390173,122001794134.136,99783876271.463,21599240583,17665772583,False
2023-08-29,5.77,47.528601,2.406858,122853464599.296,100480447833.567,21599240583,17665772583,False
2023-08-30,5.78,47.610973,2.411029,123066382215.586,100654590724.093,21599240583,17665772583,False
2023-08-31,5.73,47.199113,2.390173,122001794134.136,99783876271.463,21599240583,17665772583,False
2023-09-01,5.94,48.928924,2.477771,126473064076.225,103440876972.511,21599240583,17665772583,False
2023-09-04,6.17,50.823478,2.573711,131370169250.893,107446163454.612,21599240583,17665772583,False
2023-09-05,6.18,50.90585,2.577883,131583086867.183,107620306345.138,21599240583,17665772583,False
2023-09-06,6.25,51.482453,2.607082,133073510181.213,108839306578.821,21599240583,17665772583,False
2023-09-07,6.16,50.741106,2.56954,131157251634.603,107272020564.086,21599240583,17665772583,False
2023-09-08,6.08,50.08213,2.536169,129453910704.284,105878877439.877,21599240583,17665772583,False
2023-09-11,6.19,50.988222,2.582054,131796004483.473,107794449235.664,21599240583,17665772583,False
2023-09-12,6.17,50.823478,2.573711,131370169250.893,107446163454.612,21599240583,17665772583,False
2023-09-13,6.15,50.658734,2.565369,130944334018.313,107097877673.56,21599240583,17665772583,False
2023-09-14,6.26,51.564825,2.611253,133286427797.503,109013449469.347,21599240583,17665772583,False
2023-09-15,6.35,52.306172,2.648795,135202686344.112,110580735484.082,21599240583,17665772583,False
2023-09-18,6.25,51.482453,2.607082,133073510181.213,108839306578.821,21599240583,17665772583,False
2023-09-19,6.3,51.894313,2.627939,134138098262.663,109710021031.451,21599240583,17665772583,False
2023-09-20,6.23,51.317709,2.598739,132647674948.633,108491020797.768,21599240583,17665772583,False
2023-09-21,6.14,50.576362,2.561197,130731416402.024,106923734783.033,21599240583,17665772583,False
2023-09-22,6.09,50.164502,2.540341,129666828320.574,106053020330.403,21599240583,17665772583,False
2023-09-25,6.08,50.08213,2.536169,129453910704.284,105878877439.877,21599240583,17665772583,False
2023-09-26,6.08,50.08213,2.536169,129453910704.284,105878877439.877,21599240583,17665772583,False
2023-09-27,6.01,49.505527,2.50697,127963487390.254,104659877206.194,21599240583,17665772583,False
2023-09-28,5.91,48.681808,2.465257,125834311227.355,102918448300.933,21599240583,17665772583,False
2023-10-09,5.98,49.258411,2.494456,127324734541.384,104137448534.616,21599240583,17665772583,False
2023-10-10,5.89,48.517064,2.456914,125408475994.775,102570162519.881,21599240583,17665772583,False
2023-10-11,5.84,48.105204,2.436057,124343887913.325,101699448067.25,21599240583,17665772583,False
2023-10-12,5.91,48.681808,2.465257,125834311227.355,102918448300.933,21599240583,17665772583,False
2023-10-13,5.78,47.610973,2.411029,123066382215.586,100654590724.093,21599240583,17665772583,False
2023-10-16,5.78,47.610973,2.411029,123066382215.586,100654590724.093,21599240583,17665772583,False
2023-10-17,5.74,47.281485,2.394344,122214711750.426,99958019161.989,21599240583,17665772583,False
2023-10-18,5.62,46.293022,2.344288,119659700354.947,97868304475.676,21599240583,17665772583,False
2023-10-19,5.52,45.469303,2.302575,117530524192.047,96126875570.414,21599240583,17665772583,False
2023-10-20,5.38,44.316096,2.244176,114549677563.988,93688875103.049,21599240583,17665772583,False
2023-10-23,5.15,42.421541,2.148236,109652572389.319,89683588620.948,21599240583,17665772583,False
2023-10-24,5.31,43.739492,2.214977,113059254249.958,92469874869.366,21599240583,17665772583,False
2023-10-25,5.34,43.986608,2.227491,113698007098.828,92992303540.944,21599240583,17665772583,False
2023-10-26,5.35,44.06898,2.231662,113910924715.118,93166446431.47,21599240583,17665772583,False
2023-10-27,5.43,44.727955,2.265033,115614265645.438,94559589555.679,21599240583,17665772583,False
2023-10-30,5.62,37.884755,2.272809,119659700354.947,97868304475.676,21599240583,17665772583,False
2023-10-31,5.54,37.34547,2.240456,117956359424.627,96475161351.467,21599240583,17665772583,False
2023-11-01,5.43,36.603953,2.19597,115614265645.438,94559589555.679,21599240583,17665772583,False
2023-11-02,5.37,36.19949,2.171705,114336759947.698,93514732212.523,21599240583,17665772583,False
2023-11-03,5.41,36.469132,2.187882,115188430412.858,94211303774.627,21599240583,17665772583,False
2023-11-06,5.31,35.795026,2.147441,113059254249.958,92469874869.366,21599240583,17665772583,False
2023-11-07,5.27,35.525384,2.131264,112207583784.799,91773303307.262,21599240583,17665772583,False
2023-11-08,5.18,34.918688,2.094867,110291325238.189,90206017292.527,21599240583,17665772583,False
2023-11-09,5.2,35.05351,2.102955,110717160470.769,90554303073.579,21599240583,17665772583,False
2023-11-10,5.15,34.716457,2.082734,109652572389.319,89683588620.948,21599240583,17665772583,False
2023-11-13,5.23,35.255741,2.115087,111355913319.639,91076731745.157,21599240583,17665772583,False
2023-11-14,5.22,35.188331,2.111043,111142995703.349,90902588854.631,21599240583,17665772583,False
2023-11-15,5.37,36.19949,2.171705,114336759947.698,93514732212.523,21599240583,17665772583,False
2023-11-16,5.26,35.457973,2.12722,111994666168.509,91599160416.735,21599240583,17665772583,False
2023-11-17,5.25,35.390563,2.123176,111781748552.219,91425017526.209,21599240583,17665772583,False
2023-11-20,5.3,35.727615,2.143396,112846336633.669,92295731978.84,21599240583,17665772583,False
2023-11-21,5.36,36.132079,2.167661,114123842331.408,93340589321.997,21599240583,17665772583,False
2023-11-22,5.3,35.727615,2.143396,112846336633.669,92295731978.84,21599240583,17665772583,False
2023-11-23,5.32,35.862437,2.151485,113272171866.248,92644017759.892,21599240583,17665772583,False
2023-11-24,5.28,35.592794,2.135308,112420501401.089,91947446197.788,21599240583,17665772583,False
2023-11-27,5.25,35.390563,2.123176,111781748552.219,91425017526.209,21599240583,17665772583,False
2023-11-28,5.25,35.390563,2.123176,111781748552.219,91425017526.209,21599240583,17665772583,False
2023-11-29,5.25,35.390563,2.123176,111781748552.219,91425017526.209,21599240583,17665772583,False
2023-11-30,5.21,35.12092,2.106999,110930078087.059,90728445964.105,21599240583,17665772583,False
2023-12-01,5.28,35.592794,2.135308,112420501401.089,91947446197.788,21599240583,17665772583,False
2023-12-04,5.17,34.851278,2.090823,110078407621.899,90031874402.0,21599240583,17665772583,False
2023-12-05,4.94,33.300834,1.997807,105181302447.231,86026587919.9,21599240583,17665772583,False
2023-12-06,5.02,33.840119,2.03016,106884643377.55,87419731044.109,21599240583,17665772583,False
2023-12-07,4.95,33.368245,2.001851,105394220063.521,86200730810.426,21599240583,17665772583,False
2023-12-08,4.9,33.031192,1.981631,104329631982.071,85330016357.795,21599240583,17665772583,False
2023-12-11,4.86,32.761549,1.965454,103477961516.911,84633444795.691,21599240583,17665772583,False
2023-12-12,4.84,32.626728,1.957366,103052126284.331,84285159014.639,21599240583,17665772583,False
2023-12-13,4.72,31.817801,1.908836,100497114888.852,82195444328.325,21599240583,17665772583,False
2023-12-14,4.71,31.75039,1.904792,100284197272.562,82021301437.799,21599240583,17665772583,False
2023-12-15,4.77,32.154854,1.929057,101561702970.302,83066158780.956,21599240583,17665772583,False
2023-12-18,4.66,31.413337,1.884571,99219609191.112,81150586985.169,21599240583,17665772583,False
2023-12-19,4.68,31.548159,1.89266,99645444423.692,81498872766.221,21599240583,17665772583,False
2023-12-20,4.71,31.75039,1.904792,100284197272.562,82021301437.799,21599240583,17665772583,False
2023-12-21,4.84,32.626728,1.957366,103052126284.331,84285159014.639,21599240583,17665772583,False
2023-12-22,4.9,33.031192,1.981631,104329631982.071,85330016357.795,21599240583,17665772583,False
2023-12-25,4.93,33.233423,1.993763,104968384830.941,85852445029.374,21599240583,17665772583,False
2023-12-26,4.92,33.166013,1.989719,104755467214.651,85678302138.848,21599240583,17665772583,False
2023-12-27,5.08,34.244582,2.054425,108162149075.29,88464588387.265,21599240583,17665772583,False
2023-12-28,5.16,34.783867,2.086778,109865490005.609,89857731511.474,21599240583,17665772583,False
2023-12-29,5.2,35.05351,2.102955,110717160470.769,90554303073.579,21599240583,17665772583,False
2024-01-02,5.29,35.660205,2.139352,112633419017.379,92121589088.314,21599240583,17665772583,False
2024-01-03,5.25,35.390563,2.123176,111781748552.219,91425017526.209,21599240583,17665772583,False
2024-01-04,5.2,35.05351,2.102955,110717160470.769,90554303073.579,21599240583,17665772583,False
2024-01-05,5.27,35.525384,2.131264,112207583784.799,91773303307.262,21599240583,17665772583,False
2024-01-08,5.32,35.862437,2.151485,113272171866.248,92644017759.892,21599240583,17665772583,False
2024-01-09,5.35,36.064668,2.163617,113910924715.118,93166446431.47,21599240583,17665772583,False
2024-01-10,5.29,35.660205,2.139352,112633419017.379,92121589088.314,21599240583,17665772583,False
2024-01-11,5.29,35.660205,2.139352,112633419017.379,92121589088.314,21599240583,17665772583,False
2024-01-12,5.32,35.862437,2.151485,113272171866.248,92644017759.892,21599240583,17665772583,False
2024-01-15,5.34,35.997258,2.159573,113698007098.828,92992303540.944,21599240583,17665772583,False
2024-01-16,5.35,36.064668,2.163617,113910924715.118,93166446431.47,21599240583,17665772583,False
2024-01-17,5.23,35.255741,2.115087,111355913319.639,91076731745.157,21599240583,17665772583,False
2024-01-18,5.24,35.323152,2.119132,111568830935.929,91250874635.683,21599240583,17665772583,False
2024-01-19,5.19,34.986099,2.098911,110504242854.479,90380160183.053,21599240583,17665772583,False
2024-01-22,5.02,33.840119,2.03016,106884643377.55,87419731044.109,21599240583,17665772583,False
2024-01-23,5.09,34.311993,2.058469,108375066691.58,88638731277.792,21599240583,17665772583,False
2024-01-24,5.22,35.188331,2.111043,111142995703.349,90902588854.631,21599240583,17665772583,False
2024-01-25,5.42,36.536543,2.191926,115401348029.148,94385446665.153,21599240583,17665772583,False
2024-01-26,5.5,37.075827,2.224279,117104688959.467,95778589789.362,21599240583,17665772583,False
2024-01-29,5.48,36.941006,2.216191,116678853726.887,95430304008.31,21599240583,17665772583,False
2024-01-30,5.43,36.603953,2.19597,115614265645.438,94559589555.679,21599240583,17665772583,False
2024-01-31,5.37,36.19949,2.171705,114336759947.698,93514732212.523,21599240583,17665772583,False
2024-02-01,5.47,36.873596,2.212147,116465936110.598,95256161117.784,21599240583,17665772583,False
2024-02-02,5.43,36.603953,2.19597,115614265645.438,94559589555.679,21599240583,17665772583,False
2024-02-05,5.47,36.873596,2.212147,116465936110.598,95256161117.784,21599240583,17665772583,False
2024-02-06,5.59,37.682523,2.260677,119020947506.077,97345875804.097,21599240583,17665772583,False
2024-02-07,5.57,37.547702,2.252588,118595112273.497,96997590023.045,21599240583,17665772583,False
2024-02-08,5.68,38.289218,2.297074,120937206052.686,98913161818.832,21599240583,17665772583,False
2024-02-19,5.97,40.244125,2.414354,127111816925.095,103963305644.089,21599240583,17665772583,False
2024-02-20,6.03,40.648589,2.438619,128389322622.834,105008162987.246,21599240583,17665772583,False
2024-02-21,6.0,40.446357,2.426487,127750569773.964,104485734315.668,21599240583,17665772583,False
2024-02-22,6.14,41.390105,2.483105,130731416402.024,106923734783.033,21599240583,17665772583,False
2024-02-23,6.35,42.805728,2.568032,135202686344.112,110580735484.082,21599240583,17665772583,False
2024-02-26,6.13,41.322695,2.47906,130518498785.734,106749591892.507,21599240583,17665772583,False
2024-02-27,6.12,41.255284,2.475016,130305581169.444,106575449001.981,21599240583,17665772583,False
2024-02-28,6.01,40.513768,2.430531,127963487390.254,104659877206.194,21599240583,17665772583,False
2024-02-29,6.15,41.457516,2.487149,130944334018.313,107097877673.56,21599240583,17665772583,False
2024-03-01,6.23,41.996801,2.519502,132647674948.633,108491020797.768,21599240583,17665772583,False
2024-03-04,6.28,42.333854,2.539723,133712263030.083,109361735250.399,21599240583,17665772583,False
2024-03-05,6.34,42.738317,2.563988,134989768727.822,110406592593.556,21599240583,17665772583,False
2024-03-06,6.36,42.873139,2.572076,135415603960.402,110754878374.608,21599240583,17665772583,False
2024-03-07,6.62,44.625814,2.677224,140951461983.941,115282593528.287,21599240583,17665772583,False
2024-03-08,6.75,45.502152,2.729797,143719390995.71,117546451105.126,21599240583,17665772583,False
2024-03-11,6.77,45.636973,2.737886,144145226228.29,117894736886.179,21599240583,17665772583,False
2024-03-12,6.4,43.142781,2.588252,136267274425.562,111451449936.712,21599240583,17665772583,False
2024-03-13,6.8,17.803632,2.750018,144783979077.16,118417165557.757,21599240583,17665772583,False
2024-03-14,7.19,18.824723,2.90774,153087766112.467,125208738288.275,21599240583,17665772583,False
2024-03-15,7.74,20.264723,3.130168,164798235008.414,134786597267.211,21599240583,17665772583,False
2024-03-18,7.82,20.474177,3.162521,166501575938.734,136179740391.42,21599240583,17665772583,False
2024-03-19,7.69,20.133813,3.109947,163733646926.964,133915882814.581,21599240583,17665772583,False
2024-03-20,7.59,19.871995,3.069506,161604470764.065,132174453909.32,21599240583,17665772583,False
2024-03-21,7.74,20.264723,3.130168,164798235008.414,134786597267.211,21599240583,17665772583,False
2024-03-22,7.48,19.583995,3.02502,159262376984.876,130258882113.533,21599240583,17665772583,False
2024-03-25,7.82,20.474177,2.885297,166501575938.734,136179740391.42,21599240583,17665772583,False
2024-03-26,7.78,20.36945,2.870538,165649905473.574,135483168829.316,21599240583,17665772583,False
2024-03-27,7.89,20.65745,2.911124,167991999252.763,137398740625.103,21599240583,17665772583,False
2024-03-28,8.17,21.39054,3.014434,173953692508.881,142274741559.834,21599240583,17665772583,False
2024-03-29,8.32,21.783268,3.069779,177147456753.231,144886884917.726,21599240583,17665772583,False
2024-04-01,8.25,21.599995,3.043951,175657033439.201,143667884684.043,21599240583,17665772583,False
2024-04-02,8.34,21.835631,3.077158,177573291985.81,145235170698.778,21599240583,17665772583,False
2024-04-03,8.74,22.882904,3.224744,186089996637.408,152200886319.823,21599240583,17665772583,False
2024-04-08,8.64,22.621086,3.187847,183960820474.509,150459457414.562,21599240583,17665772583,False
2024-04-09,8.48,22.202177,3.128813,180554138613.87,147673171166.144,21599240583,17665772583,False
2024-04-10,8.74,22.882904,3.224744,186089996637.408,152200886319.823,21599240583,17665772583,False
2024-04-11,8.7,22.778177,3.209985,185238326172.248,151504314757.718,21599240583,17665772583,False
2024-04-12,8.96,23.458904,3.305916,190774184195.787,156032029911.397,21599240583,17665772583,False
2024-04-15,9.16,23.98254,3.379708,195032536521.586,159514887721.92,21599240583,17665772583,False
2024-04-16,8.85,23.170904,3.26533,188432090416.59695,154116458115.61,21599240583,17665772583,False
2024-04-17,9.04,23.668358,3.335433,192477525126.106,157425173035.606,21599240583,17665772583,False
2024-04-18,9.47,24.794176,3.494087,201632982626.574,164913317328.229,21599240583,17665772583,False
2024-04-19,9.48,24.820358,3.497777,201845900242.864,165087460218.755,21599240583,17665772583,False
2024-04-22,9.19,24.061085,3.390777,195671289370.455,160037316393.498,21599240583,17665772583,False
2024-04-23,8.6,22.516358,3.173089,183109150009.349,149762885852.457,21599240583,17665772583,False
2024-04-24,8.85,23.170904,3.26533,188432090416.59695,154116458115.61,21599240583,17665772583,False
2024-04-25,8.87,23.223267,3.272709,188857925649.177,154464743896.662,21599240583,17665772583,False
2024-04-26,9.28,24.296722,3.423984,197587547917.065,161604602408.233,21599240583,17665772583,False
2024-04-29,9.01,23.589813,3.324364,191838772277.236,156902744364.028,21599240583,17665772583,False
2024-04-30,8.98,19.387818,3.180925,191200019428.367,156380315692.449,21599240583,17665772583,False
2024-05-06,8.83,19.063968,3.127791,188006255184.018,153768172334.558,21599240583,17665772583,False
2024-05-07,8.83,19.063968,3.127791,188006255184.018,153768172334.558,21599240583,17665772583,False
2024-05-08,8.83,19.063968,3.127791,188006255184.018,153768172334.558,21599240583,17665772583,False
2024-05-09,9.04,19.517358,3.202178,192477525126.106,157425173035.606,21599240583,17665772583,False
2024-05-10,9.2,19.862798,3.258854,195884206986.745,160211459284.024,21599240583,17665772583,False
2024-05-13,9.26,19.992338,3.280107,197161712684.485,161256316627.181,21599240583,17665772583,False
2024-05-14,9.46,20.424138,3.350952,201420065010.284,164739174437.703,21599240583,17665772583,False
2024-05-15,9.13,19.711668,3.234058,194393783672.716,158992459050.341,21599240583,17665772583,False
2024-05-16,8.67,18.718528,3.071115,184599573323.378,150981886086.14,21599240583,17665772583,False
2024-05-17,8.69,18.761708,3.0782,185025408555.958,151330171867.192,21599240583,17665772583,False
2024-05-20,8.94,19.301458,3.166756,190348348963.207,155683744130.345,21599240583,17665772583,False
2024-05-21,8.42,18.178778,2.98256,179276632916.13,146628313822.987,21599240583,17665772583,False
2024-05-22,8.21,17.725388,2.908173,174805362974.041,142971313121.939,21599240583,17665772583,False
2024-05-23,8.17,17.639028,2.894004,173953692508.881,142274741559.834,21599240583,17665772583,False
2024-05-24,8.18,17.660618,2.897546,174166610125.171,142448884450.36,21599240583,17665772583,False
2024-05-27,8.54,18.437858,3.025066,181831644311.609,148718028509.301,21599240583,17665772583,False
2024-05-28,8.54,18.437858,3.025066,181831644311.609,148718028509.301,21599240583,17665772583,False
2024-05-29,8.76,18.912838,3.102996,186515831869.988,152549172100.875,21599240583,17665772583,False
2024-05-30,8.34,18.006058,2.954222,177573291985.81,145235170698.778,21599240583,17665772583,False
2024-05-31,8.34,18.006058,2.954222,177573291985.81,145235170698.778,21599240583,17665772583,False
2024-06-03,8.17,17.639028,2.894004,173953692508.881,142274741559.834,21599240583,17665772583,False
2024-06-04,8.4,18.135598,2.975475,178850797683.55,146280028041.935,21599240583,17665772583,False
2024-06-05,8.03,17.336768,2.844413,170972845880.822,139836741092.469,21599240583,17665772583,False
2024-06-06,8.27,17.854928,2.929426,176082868671.781,144016170465.095,21599240583,17665772583,False
2024-06-07,8.41,18.157188,2.979017,179063715299.84,146454170932.461,21599240583,17665772583,False
2024-06-11,8.13,17.552668,2.879835,173102022043.722,141578169997.73,21599240583,17665772583,False
2024-06-12,8.25,17.811748,2.922342,175657033439.201,143667884684.043,21599240583,17665772583,False
2024-06-13,8.1,17.487898,2.869208,172463269194.852,141055741326.152,21599240583,17665772583,False
2024-06-14,8.28,17.876518,2.932968,176295786288.071,144190313355.622,21599240583,17665772583,False
2024-06-17,8.19,17.682208,2.901088,174379527741.461,142623027340.887,21599240583,17665772583,False
2024-06-18,8.14,17.574258,2.883377,173314939660.012,141752312888.256,21599240583,17665772583,False
2024-06-19,8.4,18.135598,2.975475,178850797683.55,146280028041.935,21599240583,17665772583,False
2024-06-20,8.45,18.243548,2.993186,179915385765.0,147150742494.566,21599240583,17665772583,False
2024-06-21,8.33,17.984468,2.95068,177360374369.521,145061027808.252,21599240583,17665772583,False
2024-06-24,8.25,17.811748,2.922342,175657033439.201,143667884684.043,21599240583,17665772583,False
2024-06-25,8.33,17.984468,2.95068,177360374369.521,145061027808.252,21599240583,17665772583,False
2024-06-26,8.3,17.919698,2.940053,176721621520.651,144538599136.674,21599240583,17665772583,False
2024-06-27,8.19,17.682208,2.901088,174379527741.461,142623027340.887,21599240583,17665772583,False
2024-06-28,8.5,18.351498,3.010897,180979973846.45,148021456947.196,21599240583,17665772583,False
2024-07-01,8.66,18.696938,3.067573,184386655707.089,150807743195.614,21599240583,17665772583,False
2024-07-02,8.54,18.437858,3.025066,181831644311.609,148718028509.301,21599240583,17665772583,False
2024-07-03,8.63,18.632168,3.056946,183747902858.219,150285314524.036,21599240583,17665772583,False
2024-07-04,8.82,19.042378,3.124249,187793337567.728,153594029444.032,21599240583,17665772583,False
2024-07-05,9.09,19.625308,3.219889,193542113207.556,158295887488.237,21599240583,17665772583,False
2024-07-08,8.92,19.258278,3.159671,189922513730.627,155335458349.293,21599240583,17665772583,False
2024-07-09,9.09,19.625308,3.219889,193542113207.556,158295887488.237,21599240583,17665772583,False
2024-07-10,8.78,18.956018,3.11008,186941667102.568,152897457881.927,21599240583,17665772583,False
2024-07-11,9.05,19.538948,3.20572,192690442742.396,157599315926.132,21599240583,17665772583,False
2024-07-12,8.76,18.912838,3.102996,186515831869.988,152549172100.875,21599240583,17665772583,False
2024-07-15,9.13,19.711668,3.234058,194393783672.716,158992459050.341,21599240583,17665772583,False
2024-07-16,9.17,19.798028,3.248227,195245454137.876,159689030612.446,21599240583,17665772583,False
2024-07-17,8.56,18.481038,3.032151,182257479544.189,149066314290.353,21599240583,17665772583,False
2024-07-18,8.62,18.610578,3.053404,183534985241.929,150111171633.509,21599240583,17665772583,False
2024-07-19,8.41,18.157188,2.979017,179063715299.84,146454170932.461,21599240583,17665772583,False
2024-07-22,8.13,17.552668,2.879835,173102022043.722,141578169997.73,21599240583,17665772583,False
2024-07-23,7.56,16.322038,2.677928,160965717915.195,131652025237.741,21599240583,17665772583,False
2024-07-24,7.43,16.041368,2.631879,158197788903.426,129388167660.902,21599240583,17665772583,False
2024-07-25,7.02,15.156178,2.486647,149468166635.538,122248309149.331,21599240583,17665772583,False
2024-07-26,7.27,15.695928,2.575203,154791107042.787,126601881412.484,21599240583,17665772583,False
2024-07-29,7.36,15.890238,2.607083,156707365589.396,128169167427.219,21599240583,17665772583,False
2024-07-30,7.16,15.458438,2.536238,152449013263.597,124686309616.697,21599240583,17665772583,False
2024-07-31,7.47,16.127728,2.646048,159049459368.586,130084739223.006,21599240583,17665772583,False
2024-08-01,7.52,16.235678,2.663759,160114047450.035,130955453675.637,21599240583,17665772583,False
2024-08-02,7.22,15.587978,2.557492,153726518961.337,125731166959.854,21599240583,17665772583,False
2024-08-05,7.03,15.177768,2.490189,149681084251.828,122422452039.857,21599240583,17665772583,False
2024-08-06,6.98,15.069818,2.472478,148616496170.379,121551737587.227,21599240583,17665772583,False
2024-08-07,7.09,15.307308,2.511443,150958589949.568,123467309383.014,21599240583,17665772583,False
2024-08-08,6.95,15.005048,2.461851,147977743321.509,121029308915.649,21599240583,17665772583,False
2024-08-09,7.06,15.242538,2.500816,150319837100.698,122944880711.436,21599240583,17665772583,False
2024-08-12,7.12,15.372078,2.522069,151597342798.438,123989738054.592,21599240583,17665772583,False
2024-08-13,7.18,15.501618,2.543323,152874848496.177,125034595397.749,21599240583,17665772583,False
2024-08-14,7.1,15.328898,2.514985,151171507565.858,123641452273.54,21599240583,17665772583,False
2024-08-15,7.23,15.609568,2.561034,153939436577.627,125905309850.38,21599240583,17665772583,False
2024-08-16,7.43,16.041368,2.631879,158197788903.426,129388167660.902,21599240583,17665772583,False
2024-08-19,7.51,16.214088,2.660216,159901129833.745,130781310785.111,21599240583,17665772583,False
2024-08-20,7.41,15.998188,2.624794,157771953670.846,129039881879.85,21599240583,17665772583,False
2024-08-21,7.43,16.041368,2.631879,158197788903.426,129388167660.902,21599240583,17665772583,False
2024-08-22,7.44,16.062958,2.635421,158410706519.716,129562310551.428,21599240583,17665772583,False
2024-08-23,7.42,16.019778,2.628336,157984871287.136,129214024770.376,21599240583,17665772583,False
2024-08-26,7.64,12.729127,2.705233,162669058845.515,133045168361.95,21599240583,17665772583,False
2024-08-27,7.54,12.562515,2.669825,160539882682.615,131303739456.689,21599240583,17665772583,False
2024-08-28,7.43,12.379242,2.630875,158197788903.426,129388167660.902,21599240583,17665772583,False
2024-08-29,7.42,12.362581,2.627334,157984871287.136,129214024770.376,21599240583,17665772583,False
2024-08-30,7.49,12.479209,2.65212,159475294601.166,130433025004.059,21599240583,17665772583,False
2024-09-02,7.3,12.162647,2.584843,155429859891.657,127124310084.063,21599240583,17665772583,False
2024-09-03,7.3,12.162647,2.584843,155429859891.657,127124310084.063,21599240583,17665772583,False
2024-09-04,6.94,11.562846,2.457372,147764825705.219,120855166025.122,21599240583,17665772583,False
2024-09-05,6.92,11.529523,2.45029,147338990472.639,120506880244.07,21599240583,17665772583,False
2024-09-06,6.91,11.512862,2.446749,147126072856.349,120332737353.544,21599240583,17665772583,False
2024-09-09,6.71,11.179639,2.375931,142867720530.55,116849879543.022,21599240583,17665772583,False
2024-09-10,6.72,11.1963,2.379472,143080638146.84,117024022433.548,21599240583,17665772583,False
2024-09-11,6.56,10.929721,2.322818,139673956286.201,114237736185.13,21599240583,17665772583,False
2024-09-12,6.57,10.946383,2.326359,139886873902.491,114411879075.656,21599240583,17665772583,False
2024-09-13,6.53,10.879738,2.312196,139035203437.331,113715307513.552,21599240583,17665772583,False
2024-09-18,6.74,11.229622,2.386554,143506473379.42,117372308214.6,21599240583,17665772583,False
2024-09-19,7.16,11.929391,2.535271,152449013263.597,124686309616.697,21599240583,17665772583,False
2024-09-20,7.44,12.395904,2.634416,158410706519.716,129562310551.428,21599240583,17665772583,False
2024-09-23,7.39,12.312598,2.616711,157346118438.266,128691596098.798,21599240583,17665772583,False
2024-09-24,7.68,12.795771,2.719397,163520729310.674,133741739924.055,21599240583,17665772583,False
2024-09-25,7.78,12.962383,2.754806,165649905473.574,135483168829.316,21599240583,17665772583,False
2024-09-26,8.12,13.528863,2.875196,172889104427.432,141404027107.204,21599240583,17665772583,False
2024-09-27,8.37,13.945392,2.963718,178212044834.68,145757599370.357,21599240583,17665772583,False
2024-09-30,8.7,14.49521,3.080567,185238326172.248,151504314757.718,21599240583,17665772583,False
2024-10-08,8.63,14.378582,3.055781,183747902858.219,150285314524.036,21599240583,17665772583,False
2024-10-09,7.93,13.2123,2.807919,168843669717.923,138095312187.208,21599240583,17665772583,False
2024-10-10,8.2,13.662152,2.903523,174592445357.751,142797170231.413,21599240583,17665772583,False
2024-10-11,8.05,13.412234,2.85041,171398681113.402,140185026873.521,21599240583,17665772583,False
2024-10-14,8.4,13.995375,2.97434,178850797683.55,146280028041.935,21599240583,17665772583,False
2024-10-15,8.01,13.34559,2.836246,170547010648.242,139488455311.417,21599240583,17665772583,False
2024-10-16,8.02,13.362251,2.839787,170759928264.532,139662598201.943,21599240583,17665772583,False
2024-10-17,7.88,13.128995,2.790215,167779081636.473,137224597734.577,21599240583,17665772583,False
2024-10-18,8.0,13.328929,2.832705,170334093031.952,139314312420.89,21599240583,17665772583,False
2024-10-21,8.32,13.862086,2.946013,177147456753.231,144886884917.726,21599240583,17665772583,False
2024-10-22,8.33,13.878747,2.949554,177360374369.521,145061027808.252,21599240583,17665772583,False
2024-10-23,8.2,13.662152,2.903523,174592445357.751,142797170231.413,21599240583,17665772583,False
2024-10-24,8.02,13.362251,2.839787,170759928264.532,139662598201.943,21599240583,17665772583,False
2024-10-25,7.92,13.195639,2.804378,168630752101.633,137921169296.682,21599240583,17665772583,False
2024-10-28,7.92,13.195639,2.804378,168630752101.633,137921169296.682,21599240583,17665772583,False
2024-10-29,7.66,11.751129,2.621008,163094894078.095,133393454143.003,21599240583,17665772583,False
2024-10-30,7.74,11.873856,2.648381,164798235008.414,134786597267.211,21599240583,17665772583,False
2024-10-31,7.6,11.659083,2.600478,161817388380.355,132348596799.846,21599240583,17665772583,False
2024-11-01,7.93,12.165333,2.713393,168843669717.923,138095312187.208,21599240583,17665772583,False
2024-11-04,8.0,12.272719,2.737345,170334093031.952,139314312420.89,21599240583,17665772583,False
2024-11-05,8.18,12.548855,2.798935,174166610125.171,142448884450.36,21599240583,17665772583,False
2024-11-06,8.2,12.579537,2.805779,174592445357.751,142797170231.413,21599240583,17665772583,False
2024-11-07,8.13,12.472151,2.781827,173102022043.722,141578169997.73,21599240583,17665772583,False
2024-11-08,8.1,12.426128,2.771562,172463269194.852,141055741326.152,21599240583,17665772583,False
2024-11-11,7.92,12.149992,2.709971,168630752101.633,137921169296.682,21599240583,17665772583,False
2024-11-12,7.68,11.78181,2.627851,163520729310.674,133741739924.055,21599240583,17665772583,False
2024-11-13,7.67,11.766469,2.624429,163307811694.384,133567597033.529,21599240583,17665772583,False
2024-11-14,7.44,11.413629,2.545731,158410706519.716,129562310551.428,21599240583,17665772583,False
2024-11-15,7.46,11.444311,2.552574,158836541752.296,129910596332.48,21599240583,17665772583,False
2024-11-18,7.4,11.352265,2.532044,157559036054.556,128865738989.324,21599240583,17665772583,False
2024-11-19,7.64,11.720447,2.614164,162669058845.515,133045168361.95,21599240583,17665772583,False
2024-11-20,7.61,11.674424,2.603899,162030305996.645,132522739690.372,21599240583,17665772583,False
2024-11-21,7.61,11.674424,2.603899,162030305996.645,132522739690.372,21599240583,17665772583,False
2024-11-22,7.32,11.229538,2.504671,155855695124.237,127472595865.115,21599240583,17665772583,False
2024-11-25,7.27,11.152833,2.487562,154791107042.787,126601881412.484,21599240583,17665772583,False
2024-11-26,7.29,11.183515,2.494406,155216942275.367,126950167193.536,21599240583,17665772583,False
2024-11-27,7.3,11.198856,2.497827,155429859891.657,127124310084.063,21599240583,17665772583,False
2024-11-28,7.15,10.968743,2.446502,152236095647.308,124512166726.171,21599240583,17665772583,False
2024-11-29,7.28,11.168174,2.490984,155004024659.077,126776024303.01,21599240583,17665772583,False
2024-12-02,7.48,11.474992,2.559418,159262376984.876,130258882113.533,21599240583,17665772583,False
2024-12-03,7.46,11.444311,2.552574,158836541752.296,129910596332.48,21599240583,17665772583,False
2024-12-04,7.52,11.536356,2.573104,160114047450.035,130955453675.637,21599240583,17665772583,False
2024-12-05,7.37,11.306242,2.521779,156920283205.686,128343310317.745,21599240583,17665772583,False
2024-12-06,7.42,11.382947,2.538887,157984871287.136,129214024770.376,21599240583,17665772583,False
2024-12-09,7.39,11.336924,2.528622,157346118438.266,128691596098.798,21599240583,17665772583,False
2024-12-10,7.4,11.352265,2.532044,157559036054.556,128865738989.324,21599240583,17665772583,False
2024-12-11,7.5,11.505674,2.566261,159688212217.455,130607167894.585,21599240583,17665772583,False
2024-12-12,7.5,11.505674,2.566261,159688212217.455,130607167894.585,21599240583,17665772583,False
2024-12-13,7.22,11.076129,2.470454,153726518961.337,125731166959.854,21599240583,17665772583,False
2024-12-16,7.13,10.938061,2.439659,151810260414.728,124163880945.119,21599240583,17665772583,False
2024-12-17,7.07,10.846016,2.419129,150532754716.988,123119023601.962,21599240583,17665772583,False
2024-12-18,6.99,10.723288,2.391755,148829413786.668,121725880477.753,21599240583,17665772583,False
2024-12-19,7.01,10.75397,2.398598,149255249019.248,122074166258.805,21599240583,17665772583,False
2024-12-20,6.85,10.508516,2.343852,145848567158.609,119287880010.387,21599240583,17665772583,False
2024-12-23,6.91,10.600561,2.364382,147126072856.349,120332737353.544,21599240583,17665772583,False
2024-12-24,6.99,10.723288,2.391755,148829413786.668,121725880477.753,21599240583,17665772583,False
2024-12-25,6.89,10.569879,2.357538,146700237623.769,119984451572.492,21599240583,17665772583,False
2024-12-26,6.95,10.661925,2.378068,147977743321.509,121029308915.649,21599240583,17665772583,False
2024-12-27,6.82,10.462493,2.333587,145209814309.74,118765451338.809,21599240583,17665772583,False
2024-12-30,6.81,10.447152,2.330165,144996896693.45,118591308448.283,21599240583,17665772583,False
2024-12-31,6.65,10.201698,2.275418,141590214832.811,115805022199.865,21599240583,17665772583,False
2025-01-02,6.58,10.094311,2.251466,140099791518.781,114586021966.182,21599240583,17665772583,False
2025-01-03,6.77,10.385789,2.316478,144145226228.29,117894736886.179,21599240583,17665772583,False
2025-01-06,6.81,10.447152,2.330165,144996896693.45,118591308448.283,21599240583,17665772583,False
2025-01-07,7.04,10.799993,2.408864,149894001868.118,122596594930.384,21599240583,17665772583,False
2025-01-08,6.95,10.661925,2.378068,147977743321.509,121029308915.649,21599240583,17665772583,False
2025-01-09,6.94,10.646584,2.374647,147764825705.219,120855166025.122,21599240583,17665772583,False
2025-01-10,6.96,10.677266,2.38149,148190660937.799,121203451806.175,21599240583,17665772583,False
2025-01-13,6.94,10.646584,2.374647,147764825705.219,120855166025.122,21599240583,17665772583,False
2025-01-14,7.05,10.815334,2.412285,150106919484.408,122770737820.91,21599240583,17665772583,False
2025-01-15,6.9,10.58522,2.36096,146913155240.059,120158594463.018,21599240583,17665772583,False
2025-01-16,7.1,10.892038,2.429394,151171507565.858,123641452273.54,21599240583,17665772583,False
2025-01-17,7.16,10.984084,2.449924,152449013263.597,124686309616.697,21599240583,17665772583,False
2025-01-20,7.05,10.815334,2.412285,150106919484.408,122770737820.91,21599240583,17665772583,False
2025-01-21,7.07,10.846016,2.419129,150532754716.988,123119023601.962,21599240583,17665772583,False
2025-01-22,7.11,10.907379,2.432815,151384425182.148,123815595164.066,21599240583,17665772583,False
2025-01-23,7.14,10.953402,2.44308,152023178031.018,124338023835.645,21599240583,17665772583,False
2025-01-24,7.29,11.183515,2.494406,155216942275.367,126950167193.536,21599240583,17665772583,False
2025-01-27,7.24,11.106811,2.477297,154152354193.917,126079452740.906,21599240583,17665772583,False
2025-02-05,7.22,11.076129,2.470454,153726518961.337,125731166959.854,21599240583,17665772583,False
2025-02-06,7.23,11.040119,2.462422,153226729199.94,125192602472.693,21499240619,17565772619,False
2025-02-07,7.29,11.131738,2.482857,154498320313.632,126231545231.802,21499240619,17565772619,False
2025-02-10,7.49,11.437135,2.550974,158736957359.274,129694687762.167,21499240619,17565772619,False
2025-02-11,7.43,11.345516,2.530539,157465366245.581,128655745003.058,21499240619,17565772619,False
2025-02-12,7.29,11.131738,2.482857,154498320313.632,126231545231.802,21499240619,17565772619,False
2025-02-13,7.22,11.024849,2.459016,153014797347.658,125019445346.174,21499240619,17565772619,False
2025-02-14,7.32,11.177548,2.493075,155134115870.479,126751016611.357,21499240619,17565772619,False
2025-02-17,7.08,10.811071,2.411334,150047751415.709,122595245574.919,21499240619,17565772619,False
2025-02-18,6.94,10.597292,2.363653,147080705483.76,120171045803.663,21499240619,17565772619,False
2025-02-19,6.96,10.627832,2.370464,147504569188.324,120517360056.7,21499240619,17565772619,False
2025-02-20,6.93,10.582022,2.360247,146868773631.478,119997888677.145,21499240619,17565772619,False
2025-02-21,6.91,10.551483,2.353435,146444909926.914,119651574424.109,21499240619,17565772619,False
2025-02-24,6.92,10.566753,2.356841,146656841779.196,119824731550.627,21499240619,17565772619,False
2025-02-25,6.77,10.337704,2.305753,143477863994.965,117227374652.853,21499240619,17565772619,False
2025-02-26,6.85,10.459863,2.333,145173318813.221,118612631664.999,21499240619,17565772619,False
2025-02-27,6.76,10.322435,2.302348,143265932142.682,117054217526.335,21499240619,17565772619,False
2025-02-28,6.64,10.139196,2.261477,140722749915.298,114976332008.116,21499240619,17565772619,False
2025-03-03,6.74,10.291895,2.295536,142842068438.118,116707903273.299,21499240619,17565772619,False
2025-03-04,6.79,10.368244,2.312565,143901727699.529,117573688905.89,21499240619,17565772619,False
2025-03-05,6.84,10.444594,2.329594,144961386960.939,118439474538.481,21499240619,17565772619,False
2025-03-06,7.09,10.82634,2.41474,150259683267.991,122768402701.437,21499240619,17565772619,False
2025-03-07,7.19,10.979039,2.448799,152379001790.812,124499973966.62,21499240619,17565772619,False
2025-03-10,7.81,11.925771,2.659961,165518776632.3,135235715810.751,21499240619,17565772619,False
2025-03-11,7.7,11.757803,2.622496,163187526257.197,133330987419.05,21499240619,17565772619,False
2025-03-12,7.8,11.910502,2.656555,165306844780.018,135062558684.233,21499240619,17565772619,False
2025-03-13,7.91,12.07847,2.694019,167638095155.121,136967287075.933,21499240619,17565772619,False
2025-03-14,7.92,12.09374,2.697425,167850027007.403,137140444202.452,21499240619,17565772619,False
2025-03-17,7.73,11.803612,2.632714,163823321814.044,133850458798.605,21499240619,17565772619,False
2025-03-18,7.86,12.002121,2.67699,166578435893.711,136101501443.342,21499240619,17565772619,False
2025-03-19,7.87,12.017391,2.680396,166790367745.993,136274658569.86,21499240619,17565772619,False
2025-03-20,7.91,12.07847,2.694019,167638095155.121,136967287075.933,21499240619,17565772619,False
2025-03-21,7.64,11.666184,2.602061,161915935143.505,132292044659.941,21499240619,17565772619,False
2025-03-24,8.01,12.726018,2.45932,169757413677.942,138698858341.116,21499240619,17565772619,False
2025-03-25,8.08,12.837231,2.480812,171240936643.916,139910958226.744,21499240619,17565772619,False
2025-03-26,7.98,12.678355,2.450109,169121618121.096,138179386961.561,21499240619,17565772619,False
2025-03-27,7.79,12.376489,2.391773,165094912927.736,134889401557.714,21499240619,17565772619,False
2025-03-28,7.71,12.249388,2.36721,163399458109.48,133504144545.568,21499240619,17565772619,False
2025-03-31,7.6,12.074624,2.333437,161068207734.377,131599416153.868,21499240619,17565772619,False
2025-04-01,7.59,12.058736,2.330366,160856275882.095,131426259027.35,21499240619,17565772619,False
2025-04-02,7.53,11.96341,2.311945,159584684768.402,130387316268.24,21499240619,17565772619,False
2025-04-03,7.23,11.48678,2.219835,153226729199.94,125192602472.693,21499240619,17565772619,False
2025-04-07,6.51,10.342868,1.998773,137967635835.631,112725289363.379,21499240619,17565772619,False
2025-04-08,6.21,9.866238,1.906663,131609680267.168,107530575567.831,21499240619,17565772619,False
2025-04-09,6.15,9.770912,1.888242,130338089153.476,106491632808.722,21499240619,17565772619,False
2025-04-10,6.58,10.454082,2.020265,139451158801.605,113937389249.007,21499240619,17565772619,False
2025-04-11,6.59,10.46997,2.023335,139663090653.887,114110546375.525,21499240619,17565772619,False
2025-04-14,6.88,10.930712,2.112374,145809114370.067,119132103044.554,21499240619,17565772619,False
2025-04-15,6.8,10.803611,2.087812,144113659551.811,117746846032.408,21499240619,17565772619,False
2025-04-16,6.65,10.565296,2.041757,140934681767.58,115149489134.634,21499240619,17565772619,False
2025-04-17,6.66,10.581183,2.044827,141146613619.862,115322646261.153,21499240619,17565772619,False
2025-04-18,6.72,10.676509,2.063249,142418204733.554,116361589020.262,21499240619,17565772619,False
2025-04-21,6.92,10.994263,2.124656,146656841779.196,119824731550.627,21499240619,17565772619,False
2025-04-22,7.2,11.439117,2.210624,152590933643.094,124673131093.138,21499240619,17565772619,False
2025-04-23,7.14,11.343791,2.192202,151319342529.401,123634188334.028,21499240619,17565772619,False
2025-04-24,7.06,11.21669,2.16764,149623887711.145,122248931321.882,21499240619,17565772619,False
2025-04-25,7.13,11.327903,2.189132,151107410677.119,123461031207.51,21499240619,17565772619,False
2025-04-28,7.16,9.991618,2.089366,151743206233.965,123980502587.065,21499240619,17565772619,False
2025-04-29,7.13,9.949754,2.080611,151107410677.119,123461031207.51,21499240619,17565772619,False
2025-04-30,7.06,9.852071,2.060185,149623887711.145,122248931321.882,21499240619,17565772619,False
2025-05-06,7.1,9.90789,2.071857,150471615120.273,122941559827.955,21499240619,17565772619,False
2025-05-07,7.29,10.17303,2.127301,154498320313.632,126231545231.802,21499240619,17565772619,False
2025-05-08,7.17,10.005573,2.092284,151955138086.247,124153659713.583,21499240619,17565772619,False
2025-05-09,7.09,9.893935,2.068939,150259683267.991,122768402701.437,21499240619,17565772619,False
2025-05-12,7.28,10.159076,2.124383,154286388461.35,126058388105.284,21499240619,17565772619,False
2025-05-13,7.34,10.242804,2.141892,155557979575.043,127097330864.393,21499240619,17565772619,False
2025-05-14,7.44,10.382352,2.171073,157677298097.863,128828902129.576,21499240619,17565772619,False
2025-05-15,7.31,10.20094,2.133137,154922184018.197,126577859484.839,21499240619,17565772619,False
2025-05-16,7.32,10.214895,2.136055,155134115870.479,126751016611.357,21499240619,17565772619,False
2025-05-19,7.19,10.033483,2.09812,152379001790.812,124499973966.62,21499240619,17565772619,False
2025-05-20,7.26,10.131166,2.118547,153862524756.786,125712073852.247,21499240619,17565772619,False
2025-05-21,7.48,10.438171,2.182745,158525025506.992,129521530635.649,21499240619,17565772619,False
2025-05-22,7.35,10.256759,2.14481,155769911427.325,127270487990.912,21499240619,17565772619,False
2025-05-23,7.23,10.089302,2.109793,153226729199.94,125192602472.693,21499240619,17565772619,False
2025-05-26,7.41,10.340488,2.162318,157041502541.017,128309430750.021,21499240619,17565772619,False
2025-05-27,7.18,10.019528,2.095202,152167069938.53,124326816840.101,21499240619,17565772619,False
2025-05-28,7.22,10.075347,2.106874,153014797347.658,125019445346.174,21499240619,17565772619,False
2025-05-29,7.26,10.131166,2.118547,153862524756.786,125712073852.247,21499240619,17565772619,False
2025-05-30,7.2,10.047437,2.101038,152590933643.094,124673131093.138,21499240619,17565772619,False
2025-06-03,7.23,10.089302,2.109793,153226729199.94,125192602472.693,21499240619,17565772619,False
2025-06-04,7.38,10.298623,2.153564,156405706984.171,127789959370.466,21499240619,17565772619,False
2025-06-05,7.3,10.186985,2.130219,154710252165.914,126404702358.32,21499240619,17565772619,False
2025-06-06,7.59,10.591674,2.214844,160856275882.095,131426259027.35,21499240619,17565772619,False
2025-06-09,7.5,10.466081,2.188581,158948889211.556,129867844888.685,21499240619,17565772619,False
2025-06-10,7.5,10.466081,2.188581,158948889211.556,129867844888.685,21499240619,17565772619,False
2025-06-11,7.73,10.78704,2.255698,163823321814.044,133850458798.605,21499240619,17565772619,False
2025-06-12,7.84,10.940543,2.287797,166154572189.146,135755187190.306,21499240619,17565772619,False
2025-06-13,7.91,11.038226,2.308224,167638095155.121,136967287075.933,21499240619,17565772619,False
2025-06-16,7.85,10.954498,2.290715,166366504041.429,135928344316.824,21499240619,17565772619,False
2025-06-17,7.82,10.912633,2.281961,165730708484.582,135408872937.269,21499240619,17565772619,False
2025-06-18,7.82,10.912633,2.281961,165730708484.582,135408872937.269,21499240619,17565772619,False
2025-06-19,7.75,10.81495,2.261534,164247185518.608,134196773051.641,21499240619,17565772619,False
2025-06-20,7.78,10.856814,2.270288,164882981075.454,134716244431.196,21499240619,17565772619,False
2025-06-23,7.85,10.954498,2.290715,166366504041.429,135928344316.824,21499240619,17565772619,False
2025-06-24,7.89,11.010317,2.302388,167214231450.557,136620972822.897,21499240619,17565772619,False
2025-06-25,7.93,11.066136,2.31406,168061958859.685,137313601328.97,21499240619,17565772619,False
2025-06-26,8.15,11.373141,2.378258,172724459609.891,141123058112.371,21499240619,17565772619,False
2025-06-27,8.3,11.582463,2.42203,175903437394.122,143720415010.145,21499240619,17565772619,False
2025-06-30,8.42,11.74992,2.457047,178446619621.507,145798300528.364,21499240619,17565772619,False
2025-07-01,8.52,11.889468,2.486229,180565938144.328,147529871793.546,21499240619,17565772619,False
2025-07-02,8.64,12.056925,2.521246,183109120371.712,149607757311.765,21499240619,17565772619,False
2025-07-03,8.66,12.084834,2.527082,183532984076.277,149954071564.802,21499240619,17565772619,False
2025-07-04,8.54,11.917377,2.492065,180989801848.892,147876186046.583,21499240619,17565772619,False
2025-07-07,8.42,11.74992,2.457047,178446619621.507,145798300528.364,21499240619,17565772619,False
2025-07-08,8.54,11.917377,2.492065,180989801848.892,147876186046.583,21499240619,17565772619,False
2025-07-09,8.06,11.247548,2.351996,170817072939.352,139564643973.707,21499240619,17565772619,False
2025-07-10,8.07,11.261503,2.354914,171029004791.634,139737801100.225,21499240619,17565772619,False
2025-07-11,8.12,11.331277,2.369504,172088664053.045,140603586732.817,21499240619,17565772619,False
2025-07-14,8.1,11.303367,2.363668,171664800348.48,140257272479.78,21499240619,17565772619,False
2025-07-15,8.1,11.303367,2.363668,171664800348.48,140257272479.78,21499240619,17565772619,False
2025-07-16,8.11,11.262086,2.355036,171037860634.514,139591558040.05,21394310176,17460842176,False
2025-07-17,8.09,11.234313,2.349228,170616065663.775,139247312520.839,21394310176,17460842176,False
2025-07-18,8.21,11.400953,2.384074,173146835488.207,141312785636.104,21394310176,17460842176,False
2025-07-21,8.63,11.984192,2.506037,182004529873.718,148541941539.535,21394310176,17460842176,False
2025-07-22,9.06,12.581319,2.630903,191073121744.599,155943220202.571,21394310176,17460842176,False
2025-07-23,9.0,12.497999,2.61348,189807736832.383,154910483644.938,21394310176,17460842176,False
2025-07-24,9.31,12.928486,2.7035,196345558878.832,160246289192.708,21394310176,17460842176,False
2025-07-25,9.21,12.789619,2.674461,194236584025.138,158525061596.653,21394310176,17460842176,False
2025-07-28,9.16,12.720186,2.659942,193182096598.292,157664447798.626,21394310176,17460842176,False
2025-07-29,9.25,12.845166,2.686076,195080173966.616,159213552635.075,21394310176,17460842176,False
2025-07-30,9.34,12.970146,2.712211,196978251334.939,160762657471.525,21394310176,17460842176,False
2025-07-31,8.94,12.414679,2.596056,188542351920.167,153877747087.305,21394310176,17460842176,False
2025-08-01,8.98,12.470226,2.607672,189385941861.644,154566238125.727,21394310176,17460842176,False
2025-08-04,9.26,12.859052,2.68898,195291071451.985,159385675394.681,21394310176,17460842176,False
2025-08-05,9.38,13.025692,2.723827,197821841276.417,161451148509.946,21394310176,17460842176,False
2025-08-06,9.51,13.206219,2.761577,200563508586.218,163688744384.818,21394310176,17460842176,False
2025-08-07,9.48,13.164559,2.752865,199930816130.11,163172376106.001,21394310176,17460842176,False
2025-08-08,9.76,13.553386,2.834173,205835945720.451,167991813374.955,21394310176,17460842176,False
2025-08-11,9.82,13.636706,2.851597,207101330632.667,169024549932.588,21394310176,17460842176,False
2025-08-12,9.85,13.678366,2.860308,207734023088.774,169540918211.404,21394310176,17460842176,False
2025-08-13,10.59,14.705979,3.075194,223340437006.104,182278002422.21,21394310176,17460842176,False
2025-08-14,10.67,14.817072,3.098425,225027616889.058,183654984499.054,21394310176,17460842176,False
2025-08-15,11.11,15.428086,3.226195,234307106245.308,191228385921.696,21394310176,17460842176,False
2025-08-18,10.77,14.955939,3.127464,227136591742.751,185376212095.109,21394310176,17460842176,False
2025-08-19,10.85,15.067032,3.150695,228823771625.706,186753194171.953,21394310176,17460842176,False
2025-08-20,10.95,15.205899,3.179734,230932746479.399,188474421768.008,21394310176,17460842176,False
2025-08-21,11.06,15.358652,3.211676,233252618818.461,190367772123.668,21394310176,17460842176,False
2025-08-22,11.11,15.428086,3.226195,234307106245.308,191228385921.696,21394310176,17460842176,False
2025-08-25,12.08,15.396325,3.549954,254764162326.132,207924293603.428,21394310176,17460842176,False
2025-08-26,12.05,15.358089,3.541138,254131469870.024,207407925324.611,21394310176,17460842176,False
2025-08-27,11.71,14.924749,3.441222,246960955367.467,201555751498.025,21394310176,17460842176,False
2025-08-28,11.86,15.115929,3.485303,250124417648.007,204137592892.107,21394310176,17460842176,False
2025-08-29,12.36,15.753194,3.632238,260669291916.472,212743730872.381,21394310176,17460842176,False
2025-09-01,13.53,17.244394,3.976066,285344297704.682,232882093746.223,21394310176,17460842176,False
2025-09-02,13.82,17.614008,4.061289,291460324780.392,237873653774.783,21394310176,17460842176,False
2025-09-03,13.65,17.397338,4.011331,287875067529.114,234947566861.489,21394310176,17460842176,False
2025-09-04,12.44,15.855156,3.655748,262356471799.427,214120712949.225,21394310176,17460842176,False
2025-09-05,12.9,16.44144,3.790928,272057756126.415,222038359891.078,21394310176,17460842176,False
2025-09-08,12.55,15.995355,3.688073,264676344138.489,216014063304.886,21394310176,17460842176,False
2025-09-09,12.58,16.03359,3.696889,265309036594.59695,216530431583.702,21394310176,17460842176,False
2025-09-10,12.51,15.944373,3.676318,263832754197.012,215325572266.464,21394310176,17460842176,False
2025-09-11,13.0,16.568893,3.820315,274166730980.108,223759587487.133,21394310176,17460842176,False
2025-09-12,13.42,17.104196,3.943741,283024425365.62,230988743390.563,21394310176,17460842176,False
2025-09-15,13.35,17.014979,3.92317,281548142968.034,229783884073.325,21394310176,17460842176,False
2025-09-16,12.99,16.556148,3.817376,273955833494.739,223587464727.527,21394310176,17460842176,False
2025-09-17,12.8,16.313987,3.761541,269948781272.722,220317132295.023,21394310176,17460842176,False
2025-09-18,12.38,15.778684,3.638115,261091086887.211,213087976391.592,21394310176,17460842176,False
2025-09-19,12.51,15.944373,3.676318,263832754197.012,215325572266.464,21394310176,17460842176,False
2025-09-22,12.71,16.199279,3.735093,268050703904.398,218768027458.573,21394310176,17460842176,False
2025-09-23,12.52,15.957119,3.679257,264043651682.381,215497695026.069,21394310176,17460842176,False
2025-09-24,12.62,16.084572,3.708644,266152626536.074,217218922622.124,21394310176,17460842176,False
2025-09-25,13.87,17.677734,4.075982,292514812207.239,238734267572.81,21394310176,17460842176,False
2025-09-26,13.8,17.588517,4.055411,291038529809.654,237529408255.572,21394310176,17460842176,False
2025-09-29,14.74,18.786576,4.331649,310862893434.369,253708947658.487,21394310176,17460842176,False
2025-09-30,15.7,20.010125,4.613765,331109052029.823,270232732580.614,21394310176,17460842176,False
2025-10-09,17.27,22.011137,5.075142,364219957232.806,297256005838.675,21394310176,17460842176,False
2025-10-10,16.72,21.310146,4.913513,352620595537.493,287789254060.374,21394310176,17460842176,False
2025-10-13,17.24,21.972901,5.066325,363587264776.698,296739637559.859,21394310176,17460842176,False
2025-10-14,16.01,20.405229,4.704865,337646874076.272,275568538128.384,21394310176,17460842176,False
2025-10-15,16.31,20.787588,4.793026,343973798637.351,280732220916.549,21394310176,17460842176,False
2025-10-16,15.7,20.010125,4.613765,331109052029.823,270232732580.614,21394310176,17460842176,False
2025-10-17,15.04,19.168935,4.419811,317189817995.448,258872630446.652,21394310176,17460842176,False
2025-10-20,15.11,19.258152,4.440381,318666100393.034,260077489763.89,21394310176,17460842176,False
2025-10-21,15.45,19.691492,4.540297,325836614895.59,265929663590.477,21394310176,17460842176,False
2025-10-22,15.54,19.8062,4.566746,327734692263.914,267478768426.926,21394310176,17460842176,False
2025-10-23,15.9,20.265031,4.672539,335327001737.21,273675187772.724,21394310176,17460842176,False
2025-10-24,16.78,21.386617,4.931145,353885980449.709,288821990618.007,21394310176,17460842176,False
2025-10-27,17.29,18.931977,4.761515,364641752203.544,297600251357.886,21394310176,17460842176,False
2025-10-28,16.75,18.340694,4.612804,353253287993.601,288305622339.19,21394310176,17460842176,False
2025-10-29,17.55,19.216668,4.833117,370125086823.146,302075443107.629,21394310176,17460842176,False
2025-10-30,17.6,19.271416,4.846887,371179574249.993,302936056905.656,21394310176,17460842176,False
2025-10-31,17.04,18.658235,4.692667,359369315069.311,293297182367.749,21394310176,17460842176,False
2025-11-03,16.37,17.924607,4.508155,345239183549.567,281764957474.182,21394310176,17460842176,False
2025-11-04,15.73,17.223828,4.331905,331741744485.931,270749100859.43,21394310176,17460842176,False
2025-11-05,15.84,17.344275,4.362198,334061616824.994,272642451215.091,21394310176,17460842176,False
2025-11-06,16.57,18.1436,4.563234,349457133256.954,285207412666.291,21394310176,17460842176,False
2025-11-07,16.54,18.110751,4.554972,348824440800.846,284691044387.475,21394310176,17460842176,False
2025-11-10,16.36,17.913657,4.505401,345028286064.198,281592834714.576,21394310176,17460842176,False
2025-11-11,16.11,17.639916,4.436554,339755848929.965,277289765724.439,21394310176,17460842176,False
2025-11-12,16.08,17.607067,4.428292,339123156473.857,276773397445.622,21394310176,17460842176,False
2025-11-13,16.84,18.439241,4.637589,355151365361.925,289854727175.639,21394310176,17460842176,False
2025-11-14,16.78,18.373543,4.621066,353885980449.709,288821990618.007,21394310176,17460842176,False
2025-11-17,16.05,17.574218,4.42003,338490464017.749,276257029166.806,21394310176,17460842176,False
2025-11-18,15.56,17.037684,4.285088,328156487234.653,267823013946.137,21394310176,17460842176,False
2025-11-19,15.88,17.388073,4.373214,334905206766.471,273330942253.513,21394310176,17460842176,False
2025-11-20,15.79,17.289526,4.348428,333007129398.147,271781837417.063,21394310176,17460842176,False
2025-11-21,15.18,16.621597,4.18044,320142382790.619,261282349081.129,21394310176,17460842176,False
2025-11-24,15.35,16.807741,4.227256,323727640041.897,264208435994.422,21394310176,17460842176,False
2025-11-25,15.97,17.48662,4.397999,336803284134.795,274880047089.962,21394310176,17460842176,False
2025-11-26,15.98,17.49757,4.400753,337014181620.164,275052169849.568,21394310176,17460842176,False
2025-11-27,15.95,17.464721,4.392491,336381489164.056,274535801570.751,21394310176,17460842176,False
2025-11-28,16.23,17.771312,4.469601,342286618754.397,279355238839.705,21394310176,17460842176,False
2025-12-01,17.29,18.931977,4.761515,364641752203.544,297600251357.886,21394310176,17460842176,False
2025-12-02,17.19,18.82248,4.733976,362532777349.851,295879023761.831,21394310176,17460842176,False
2025-12-03,17.62,19.293316,4.852394,371601369220.732,303280302424.867,21394310176,17460842176,False
2025-12-04,17.9,19.599906,4.929504,377506498811.072,308099739693.821,21394310176,17460842176,False
2025-12-05,18.42,20.169289,5.072707,388473168050.277,317050123193.306,21394310176,17460842176,False
2025-12-08,18.69,20.46493,5.147063,394167400155.248,321697437702.654,21394310176,17460842176,False
2025-12-09,17.55,19.216668,4.833117,370125086823.146,302075443107.629,21394310176,17460842176,False
2025-12-10,17.63,19.304265,4.855148,371812266706.101,303452425184.473,21394310176,17460842176,False
2025-12-11,17.46,19.118121,4.808332,368227009454.823,300526338271.18,21394310176,17460842176,False
2025-12-12,17.58,19.249517,4.841379,370757779279.254,302591811386.445,21394310176,17460842176,False
2025-12-15,17.93,19.632755,4.937766,378139191267.18,308616107972.638,21394310176,17460842176,False
2025-12-16,17.5,19.16192,4.819347,369070599396.3,301214829309.602,21394310176,17460842176,False
2025-12-17,18.0,19.709403,4.957043,379615473664.766,309820967289.876,21394310176,17460842176,False
2025-12-18,17.89,19.588957,4.92675,377295601325.703,307927616934.216,21394310176,17460842176,False
2025-12-19,18.36,20.103591,5.056184,387207783138.061,316017386635.673,21394310176,17460842176,False
2025-12-22,18.62,20.388282,5.127786,392691117757.663,320492578385.416,21394310176,17460842176,False
2025-12-23,18.55,20.311635,5.108508,391214835360.078,319287719068.178,21394310176,17460842176,False
2025-12-24,18.68,20.45398,5.144309,393956502669.879,321525314943.049,21394310176,17460842176,False
2025-12-25,18.7,20.47588,5.149817,394378297640.618,321869560462.26,21394310176,17460842176,False
2025-12-26,19.75,21.625595,5.438978,416522533604.396,339942450220.836,21394310176,17460842176,False
2025-12-29,18.88,20.672974,5.199387,398174452377.265,324967770135.159,21394310176,17460842176,False
2025-12-30,19.52,21.373753,5.375638,411671891440.901,335983626749.91,21394310176,17460842176,False
2025-12-31,20.0,21.899337,5.507826,421794970738.628,344245519210.973,21394310176,17460842176,False
2026-01-05,20.44,22.381122,5.628998,431074460094.878,351818920633.615,21394310176,17460842176,False
2026-01-06,21.68,23.738881,5.970483,457225748280.673,373162142824.69507,21394310176,17460842176,False
2026-01-07,21.97,24.056421,6.050347,463341775356.383,378153702853.254,21394310176,17460842176,False
2026-01-08,21.68,23.738881,5.970483,457225748280.673,373162142824.69507,21394310176,17460842176,False
2026-01-09,22.78,24.943344,6.273413,480424471671.298,392095646381.299,21394310176,17460842176,False
2026-01-12,22.69,24.844797,6.248628,478526394302.974,390546541544.849,21394310176,17460842176,False
2026-01-13,22.8,24.965244,6.278921,480846266642.036,392439891900.509,21394310176,17460842176,False
2026-01-14,23.3,25.512727,6.416617,491391140910.502,401046029880.784,21394310176,17460842176,False
2026-01-15,24.05,26.333952,6.62316,507208452313.201,413955236851.19507,21394310176,17460842176,False
2026-01-16,24.25,26.552946,6.678239,511426402020.587,417397692043.30493,21394310176,17460842176,False
2026-01-19,23.31,25.523677,6.419371,491602038395.871,401218152640.389,21394310176,17460842176,False
2026-01-20,23.07,25.260885,6.353277,486540498747.008,397087206409.858,21394310176,17460842176,False
2026-01-21,23.23,25.43608,6.39734,489914858512.91693,399841170563.545,21394310176,17460842176,False
2026-01-22,22.7,24.855747,6.251382,478737291788.343,390718664304.455,21394310176,17460842176,False
2026-01-23,22.76,24.921445,6.267906,480002676700.559,391751400862.088,21394310176,17460842176,False
2026-01-26,24.66,27.001882,6.791149,520073198920.729,424454725187.13,21394310176,17460842176,False
2026-01-27,24.48,26.804788,6.741579,516277044184.08093,421356515514.231,21394310176,17460842176,False
2026-01-28,26.88,29.432708,7.402518,566892440672.717,462665977819.548,21394310176,17460842176,False
2026-01-29,27.03,29.596953,7.443826,570055902953.256,465247819213.63,21394310176,17460842176,False
2026-01-30,24.33,26.640543,6.70027,513113581903.541,418774674120.149,21394310176,17460842176,False
2026-02-02,22.09,24.187817,6.083393,465872545180.815,380219175968.52,21394310176,17460842176,False
2026-02-03,23.13,25.326583,6.3698,487805883659.224,398119942967.491,21394310176,17460842176,False
2026-02-04,23.67,25.917865,6.518512,499194347869.16693,407414571986.187,21394310176,17460842176,False
2026-02-05,22.17,24.275415,6.105425,467559725063.77,381596158045.364,21394310176,17460842176,False
2026-02-06,21.99,24.078321,6.055854,463763570327.122,378497948372.465,21394310176,17460842176,False
2026-02-09,22.42,24.549156,6.174273,472832162198.002,385899227035.501,21394310176,17460842176,False
2026-02-10,22.55,24.691502,6.210073,475573829507.803,388136822910.372,21394310176,17460842176,False
2026-02-11,23.21,25.41418,6.391832,489493063542.178,399496925044.334,21394310176,17460842176,False
2026-02-12,23.16,25.359432,6.378062,488438576115.332,398636311246.30707,21394310176,17460842176,False
2026-02-13,21.98,24.067371,6.0531,463552672841.7529,378325825612.86,21394310176,17460842176,False
2026-02-24,22.86,25.030942,6.295445,482111651554.252,393472628458.142,21394310176,17460842176,False
2026-02-25,23.45,25.676972,6.457926,494554603191.042,403627871274.866,21394310176,17460842176,False
2026-02-26,23.03,25.217086,6.342261,485696908805.53107,396398715371.436,21394310176,17460842176,False
2026-02-27,23.99,26.268254,6.606637,505943067400.985,412922500293.562,21394310176,17460842176,False
2026-03-02,24.8,27.155177,6.829704,523025763715.899,426864443821.60693,21394310176,17460842176,False
2026-03-03,23.48,25.709821,6.466187,495187295647.15,404144239553.683,21394310176,17460842176,False
2026-03-04,22.99,25.173287,6.331246,484853318864.053,395710224333.014,21394310176,17460842176,False
2026-03-05,22.63,24.779099,6.232105,477261009390.758,389513804987.216,21394310176,17460842176,False
2026-03-06,22.02,24.11117,6.064116,464396262783.23,379014316651.282,21394310176,17460842176,False
2026-03-09,21.24,23.257096,5.849311,447946258924.423,365588741402.054,21394310176,17460842176,False
2026-03-10,21.74,23.804579,5.987007,458491133192.889,374194879382.328,21394310176,17460842176,False
2026-03-11,21.48,23.519888,5.915405,453007798573.287,369719687632.585,21394310176,17460842176,False
2026-03-12,20.66,22.622015,5.689584,435714204773.0029,355605621344.935,21394310176,17460842176,False
2026-03-13,19.76,21.636545,5.441732,416733431089.765,340114572980.442,21394310176,17460842176,False
2026-03-16,19.36,21.198558,5.331575,408297531674.992,333229662596.222,21394310176,17460842176,False
2026-03-17,19.42,21.264256,5.348099,409562916587.208,334262399153.855,21394310176,17460842176,False
2026-03-18,19.41,21.253306,5.345345,409352019101.839,334090276394.25,21394310176,17460842176,False
2026-03-19,17.85,19.545158,4.915734,376452011384.226,307239125895.794,21394310176,17460842176,False
2026-03-20,17.55,19.216668,4.833117,370125086823.146,302075443107.629,21394310176,17460842176,False
2026-03-23,16.49,18.056003,4.541202,347769953373.999,283830430589.447,21394310176,17460842176,False
2026-03-24,17.37,19.019574,4.783547,366328932086.499,298977233434.73,21394310176,17460842176,False
2026-03-25,17.89,19.588957,4.92675,377295601325.703,307927616934.216,21394310176,17460842176,False
2026-03-26,17.49,19.15097,4.816594,368859701910.93,301042706549.996,21394310176,17460842176,False
2026-03-27,17.58,19.249517,4.841379,370757779279.254,302591811386.445,21394310176,17460842176,False
2026-03-30,17.43,18.334598,4.52358,367594316998.715,300009969992.363,21394310176,17460842176,False
2026-03-31,17.15,18.040067,4.450912,361689187408.374,295190532723.41,21394310176,17460842176,False
2026-04-01,18.24,19.186636,4.733798,384677013313.629,313951913520.408,21394310176,17460842176,False
2026-04-02,17.71,18.62913,4.596247,373499446589.05493,304829407261.317,21394310176,17460842176,False
2026-04-03,17.52,18.429269,4.546937,369492394367.038,301559074828.813,21394310176,17460842176,False
2026-04-07,17.6,18.513421,4.567699,371179574249.993,302936056905.656,21394310176,17460842176,False
2026-04-08,19.14,20.133346,4.967373,403657786996.867,329442961884.901,21394310176,17460842176,False
2026-04-09,19.12,20.112308,4.962182,403235992026.129,329098716365.69,21394310176,17460842176,False
2026-04-10,18.96,19.944004,4.920658,399861632260.22,326344752212.003,21394310176,17460842176,False
2026-04-13,18.86,19.838814,4.894705,397752657406.527,324623524615.948,21394310176,17460842176,False
2026-04-14,19.56,20.575143,5.076375,412515481382.379,336672117788.332,21394310176,17460842176,False
2026-04-15,19.97,21.006422,5.182782,421162278282.52,343729150932.157,21394310176,17460842176,False
2026-04-16,20.29,21.343029,5.265831,427910997814.338,349237079239.532,21394310176,17460842176,False
2026-04-17,20.23,21.279915,5.250259,426645612902.123,348204342681.899,21394310176,17460842176,False
2026-04-20,20.24,21.290434,5.252854,426856510387.492,348376465441.505,21394310176,17460842176,False
2026-04-21,20.08,21.12213,5.21133,423482150621.58307,345622501287.817,21394310176,17460842176,False
2026-04-22,20.09,21.132649,5.213925,423693048106.952,345794624047.423,21394310176,17460842176,False
2026-04-23,19.36,20.364763,5.024469,408297531674.992,333229662596.222,21394310176,17460842176,False
2026-04-24,19.37,20.375282,5.027065,408508429160.362,333401785355.828,21394310176,17460842176,False
2026-04-27,19.0,16.83,4.5742,400705222201.697,327033243250.425,21394310176,17460842176,False
2026-04-28,18.48,16.3694,4.449,389738552962.019,318082859750.466,21394310176,17460842176,False
2026-04-29,19.19,16.9983,4.6199,404712274423.28,330303575682.495,21394310176,17460842176,False
2026-04-30,18.62,16.4934,4.4827,392691117757.545,320492578385.298,21394310176,17460842176,False
2026-05-06,19.48,17.2552,4.6898,410828301498.951,335295135711.015,21394310176,17460842176,False
2026-05-07,19.86,17.5918,4.7812,418842405943.103,341835800576.142,21394310176,17460842176,False
2026-05-08,20.2,17.893,4.8631,426012920445.818,347687974402.886,21394310176,17460842176,False
2026-05-11,20.01,17.7247,4.8174,422005868224.234,344417641970.815,21394310176,17460842176,False
2026-05-12,20.58,18.2296,4.9546,434027024889.97,354228639268.013,21394310176,17460842176,False
2026-05-13,20.99,18.5927,5.0533,442673821789.954,361285672411.68,21394310176,17460842176,False
2026-05-14,20.05,17.7601,4.827,422849458165.672,345106133009.198,21394310176,17460842176,False
2026-05-15,18.88,16.7237,4.5453,398174452377.383,324967770135.277,21394310176,17460842176,False
2026-05-18,18.31,16.2188,4.4081,386153295711.648,315156772838.08,21394310176,17460842176,False
2026-05-19,18.18,16.1037,4.3768,383411628401.729,312919176963.09,21394310176,17460842176,False
2026-05-20,17.96,15.9088,4.3238,378771883723.328,309132476251.493,21394310176,17460842176,False
2026-05-21,17.64,15.6253,4.2468,372023164191.825,303624547944.433,21394310176,17460842176,False
2026-05-22,18.53,16.4137,4.4611,390793040389.063,318943473548.691,21394310176,17460842176,False
2026-05-25,19.34,17.1312,4.6561,407875736704.411,332885417077.169,21394310176,17460842176,False
2026-05-26,20.39,18.0613,4.9088,430019972668.386,350958306835.942,21394310176,17460842176,False
2026-05-27,19.32,17.1135,4.9952,413338072600.0,337343470840.0,21394310176,17460842176,False
2026-05-28,18.8,16.6529,4.8607,402213031309.0,328263832909.0,21394310176,17460842176,False
2026-05-29,18.51,16.396,4.7858,396008681358.0,323200188678.0,21394310176,17460842176,False
2026-06-01,18.42,16.3163,4.7625,394083193442.0,321628712882.0,21394310176,17460842176,False
2026-06-02,19.74,17.4855,5.1038,422323682874.0,344677024554.0,21394310176,17460842176,False
2026-06-03,19.89,17.6184,5.1426,425532829401.0,347296150881.0,21394310176,17460842176,False
2026-06-04,18.74,16.5997,4.8452,400929372698.0,327216182378.0,21394310176,17460842176,False
2026-06-05,18.19,16.1125,4.703,389162502101.0,317612719181.0,21394310176,17460842176,False
2026-06-08,16.89,14.961,4.3669,361349898873.0,294913624353.0,21394310176,17460842176,False
2026-06-09,17.05,15.1027,4.4083,364772988501.0,297707359101.0,21394310176,17460842176,False
2026-06-10,16.79,14.8724,4.3411,359210467855.0,293167540135.0,21394310176,17460842176,False
2026-06-11,17.37,15.3862,4.491,371619167757.0,303294828597.0,21394310176,17460842176,False
2026-06-12,19.11,16.9275,4.9409,408845267463.0,333676693983.0,21394310176,17460842176,False
2026-06-15,20.92,18.5307,5.0364,447568969384.0,365280818824.0,21394310176,17460842176,False
2026-06-16,20.03,17.7424,4.8222,428528033306.0,349740669266.0,21394310176,17460842176,False
2026-06-17,20.17,17.8664,4.8559,431523236734.0,352185187174.0,21394310176,17460842176,False
2026-06-18,20.04,17.7512,4.8246,428741976408.0,349915277688.0,21394310176,17460842176,False
2026-06-22,21.65,19.1774,5.2122,463186815830.0,378027233630.0,21394310176,17460842176,False
2026-06-23,19.49,17.2641,4.6922,416975105798.0,340311814478.0,21394310176,17460842176,False
2026-06-24,18.98,16.81,4.91,406064000000.0,331407000000.0,21394310176,17460842176,False
2026-06-25,18.07,16.01,4.67,386595000000.0,315517000000.0,21394310176,17460842176,False
2026-06-26,17.24,15.27,4.46,368838000000.0,301025000000.0,21394310176,17460842176,False
2026-06-29,18.0,15.94,4.65,385098000000.0,314295000000.0,21394310176,17460842176,False
2026-06-30,17.55,15.55,4.54,375470000000.0,306438000000.0,21394310176,17460842176,False
2026-07-01,17.73,15.71,4.58,379321000000.0,309581000000.0,21394310176,17460842176,False
2026-07-02,18.29,16.2,4.73,391302000000.0,319359000000.0,21394310176,17460842176,False
2026-07-03,18.52,16.4,4.79,396223000000.0,323375000000.0,21394310176,17460842176,False
2026-07-06,18.31,16.22,4.73,391730000000.0,319708000000.0,21394310176,17460842176,False
2026-07-07,17.69,15.67,4.57,378465000000.0,308882000000.0,21394310176,17460842176,False
2026-07-08,17.53,15.53,4.53,375042000000.0,306089000000.0,21394310176,17460842176,False
2026-07-09,17.19,15.23,4.44,367768000000.0,300152000000.0,21394310176,17460842176,False
2026-07-10,17.5,15.5,4.52,374400000000.0,305565000000.0,21394310176,17460842176,False
2026-07-13,16.86,14.93,4.36,360708000000.0,294390000000.0,21394310176,17460842176,False
2026-07-14,18.21,16.13,4.71,389590000000.0,317962000000.0,21394310176,17460842176,False
2026-07-15,17.91,15.86,4.63,383172000000.0,312724000000.0,21394310176,17460842176,False
2026-07-16,18.2,16.12,4.71,389376000000.0,317787000000.0,21394310176,17460842176,False
2026-07-17,17.41,15.42,4.5,372475000000.0,303993000000.0,21394310176,17460842176,False
2026-07-20,17.99,15.94,4.65,384884000000.0,314121000000.0,21394310176,17460842176,False
2026-07-21,18.68,16.55,4.83,399646000000.0,326169000000.0,21394310176,17460842176,False
2026-07-22,19.61,17.37,5.07,419542000000.0,342407000000.0,21394310176,17460842176,False
2026-07-23,20.03,17.74,5.18,428528000000.0,349741000000.0,21394310176,17460842176,False
2026-07-24,19.04,16.87,4.92,407348000000.0,332454000000.0,21394310176,17460842176,False
2026-07-27,19.36,17.15,5.01,414194000000.0,338042000000.0,21394310176,17460842176,False
2026-07-28,19.0,16.83,4.91,406492000000.0,331756000000.0,21394310176,17460842176,False
2026-07-29,19.08,16.9,4.93,408203000000.0,333153000000.0,21394310176,17460842176,False
2026-07-30,18.96,16.79,4.9,405636000000.0,331058000000.0,21394310176,17460842176,False
2026-07-31,19.52,17.29,5.05,417617000000.0,340836000000.0,21394310176,17460842176,False
2026-08-03,19.18,16.99,4.96,410343000000.0,334899000000.0,21394310176,17460842176,False
2026-08-04,19.19,17.0,4.96,410557000000.0,335074000000.0,21394310176,17460842176,False
2026-08-05,20.47,18.13,5.29,437942000000.0,357423000000.0,21394310176,17460842176,False
2026-08-06,20.37,18.04,5.27,435802000000.0,355677000000.0,21394310176,17460842176,False
2026-08-07,20.83,18.45,5.39,445643000000.0,363709000000.0,21394310176,17460842176,False
2026-08-10,20.75,18.38,5.36,443932000000.0,362312000000.0,21394310176,17460842176,False
2026-08-11,19.13,16.95,4.95,409273000000.0,334026000000.0,21394310176,17460842176,False
2026-08-12,19.0,16.83,4.91,406492000000.0,331756000000.0,21394310176,17460842176,False
2026-08-13,18.41,16.31,4.76,393869000000.0,321454000000.0,21394310176,17460842176,False
2026-08-14,18.44,16.33,4.77,394511000000.0,321978000000.0,21394310176,17460842176,False
2026-08-17,19.13,16.95,4.95,409273000000.0,334026000000.0,21394310176,17460842176,False
2026-08-18,18.82,16.67,4.87,402641000000.0,328613000000.0,21394310176,17460842176,False
2026-08-19,18.0,15.94,4.65,385098000000.0,314295000000.0,21394310176,17460842176,False
2026-08-20,18.27,14.05,4.36,390874000000.0,319010000000.0,21394310176,17460842176,False
2026-08-21,18.62,14.32,4.44,398362000000.0,325121000000.0,21394310176,17460842176,False
2026-08-24,18.99,14.6,4.53,406278000000.0,331581000000.0,21394310176,17460842176,False
2026-08-25,18.42,14.17,4.39,394083000000.0,321629000000.0,21394310176,17460842176,False
2026-08-26,19.59,15.07,4.67,419115000000.0,342058000000.0,21394310176,17460842176,False
2026-08-27,19.51,15.0,4.65,417403000000.0,340661000000.0,21394310176,17460842176,False
2026-08-28,19.51,15.0,4.65,417403000000.0,340661000000.0,21394310176,17460842176,False
