date,close,pe_ttm,pb,total_mv,float_mv,total_share,float_share,is_st
2020-01-02,25.66,224.898217,3.214273,12571476192.82,9275408880.96,489925027,361473456,False
2020-01-03,26.79,234.802152,3.355821,13125091473.33,9683873886.24,489925027,361473456,False
2020-01-06,26.77,234.626862,3.353316,13115292972.79,9676644417.12,489925027,361473456,False
2020-01-07,26.97,236.37977,3.378369,13213277978.19,9859022368.53,489925027,365555149,False
2020-01-08,27.25,238.833843,3.413443,13350456985.75,9961377810.25,489925027,365555149,False
2020-01-09,26.54,232.611016,3.324505,13002610216.58,9701833654.46,489925027,365555149,False
2020-01-10,26.4,231.38398,3.306968,12934020712.8,9687413841.6,489925027,366947494,False
2020-01-13,24.99,219.025972,3.130346,12243226424.73,9170017875.06,489925027,366947494,False
2020-01-14,24.72,216.659545,3.096525,12110946667.44,9070942051.68,489925027,366947494,False
2020-01-15,24.92,218.412454,3.121578,12208931672.84,9144331550.48,489925027,366947494,False
2020-01-16,25.54,223.846472,3.199241,12512685189.58,9371838996.76,489925027,366947494,False
2020-01-17,25.25,221.304754,3.162915,12370606931.75,9265424223.5,489925027,366947494,False
2020-01-20,26.16,229.280489,3.276905,12816438706.32,9599346443.04,489925027,366947494,False
2020-01-21,26.26,230.156944,3.289431,12865431209.02,9636041192.44,489925027,366947494,False
2020-01-22,26.84,235.24038,3.362085,13149587724.68,9848870738.96,489925027,366947494,False
2020-01-23,26.75,234.451571,3.350811,13105494472.25,9815845464.5,489925027,366947494,False
2020-02-03,24.08,211.050236,3.016356,11797394650.16,8836095655.52,489925027,366947494,False
2020-02-04,24.49,214.6437,3.067714,11998263911.23,8986544128.06,489925027,366947494,False
2020-02-05,26.5,232.260434,3.319495,12983013215.5,9724108591.0,489925027,366947494,False
2020-02-06,26.75,234.451571,3.350811,13105494472.25,9815845464.5,489925027,366947494,False
2020-02-07,26.99,236.555061,3.380874,13223076478.73,9903912863.06,489925027,366947494,False
2020-02-10,26.77,234.626862,3.353316,13115292972.79,9823184414.38,489925027,366947494,False
2020-02-11,25.72,225.42409,3.221789,12600871694.44,9437889545.68,489925027,366947494,False
2020-02-12,26.51,232.34808,3.320747,12987912465.77,9727778065.94,489925027,366947494,False
2020-02-13,25.86,226.651126,3.239326,12669461198.22,9489262194.84,489925027,366947494,False
2020-02-14,27.38,239.973234,3.429727,13414147239.26,10047022385.72,489925027,366947494,False
2020-02-17,29.3,256.80116,3.670234,14354803291.1,10751561574.2,489925027,366947494,False
2020-02-18,28.79,252.331242,3.606349,14104941527.33,10564418352.26,489925027,366947494,False
2020-02-19,28.08,246.108415,3.517412,13757094758.16,10303885631.52,489925027,366947494,False
2020-02-20,29.84,261.534014,3.737876,14619362805.68,10949713220.96,489925027,366947494,False
2020-02-21,29.69,260.219332,3.719087,14545874051.63,10894671096.86,489925027,366947494,False
2020-02-24,30.0,262.936341,3.757919,14697750810.0,11008424820.0,489925027,366947494,False
2020-02-25,33.0,289.229975,4.133711,16167525891.0,12109267302.0,489925027,366947494,False
2020-02-26,33.4,292.735793,4.183816,16363495901.8,12256046299.6,489925027,366947494,False
2020-02-27,32.6,285.724157,4.083605,15971555880.2,11962488304.4,489925027,366947494,False
2020-02-28,29.34,-22.268294,3.675244,14374400292.18,10766239473.96,489925027,366947494,False
2020-03-02,30.14,-22.875473,3.775456,14766340313.78,11059797469.16,489925027,366947494,False
2020-03-03,30.32,-23.012089,3.798003,14854526818.64,11125848018.08,489925027,366947494,False
2020-03-04,30.2,-22.921012,3.782971,14795735815.4,11081814318.8,489925027,366947494,False
2020-03-05,30.2,-22.921012,3.782971,14795735815.4,11081814318.8,489925027,366947494,False
2020-03-06,30.59,-23.217012,3.831824,14986806575.93,11224923841.46,489925027,366947494,False
2020-03-09,28.8,-21.858448,3.607602,14109840777.6,10568087827.2,489925027,366947494,False
2020-03-10,31.14,-23.634447,3.90072,15256265340.78,11426744963.16,489925027,366947494,False
2020-03-11,30.83,-23.399165,3.861888,15104388582.41,11312991240.02,489925027,366947494,False
2020-03-12,30.12,-22.860294,3.77295,14756541813.24,11052458519.28,489925027,366947494,False
2020-03-13,30.8,-23.376396,3.85813,15089690831.6,11301982815.2,489925027,366947494,False
2020-03-16,29.05,-22.048192,3.638918,14232322034.35,10659824700.7,489925027,366947494,False
2020-03-17,29.94,-22.723679,3.750403,14668355308.38,10986407970.36,489925027,366947494,False
2020-03-18,29.1,-22.086141,3.645181,14256818285.7,10678172075.4,489925027,366947494,False
2020-03-19,29.19,-22.154448,3.656455,14300911538.13,10711197349.86,489925027,366947494,False
2020-03-20,28.66,-21.752192,3.590065,14041251273.82,10516715178.04,489925027,366947494,False
2020-03-23,25.79,-19.573937,3.230557,12635166446.33,9463575870.26,489925027,366947494,False
2020-03-24,26.0,-19.733321,3.256863,12738050702.0,9540634844.0,489925027,366947494,False
2020-03-25,26.3,-19.961014,3.294442,12885028210.1,9648233742.2,489925027,366852994,False
2020-03-26,25.8,-19.581527,3.23181,12640065696.6,9464807245.2,489925027,366852994,False
2020-03-27,25.41,-19.285527,3.182957,12448994936.07,9321734577.54,489925027,366852994,False
2020-03-30,24.73,-18.769425,3.097778,12115845917.71,9072274541.62,489925027,366852994,False
2020-03-31,25.03,-18.997117,3.135357,12262823425.81,9184583139.82,489925027,366942994,False
2020-04-01,25.03,-18.997117,3.135357,12262823425.81,9184583139.82,489925027,366942994,False
2020-04-02,25.78,-19.566347,3.229305,12630267196.06,9459790385.32,489925027,366942994,False
2020-04-03,25.31,-19.209629,3.170431,12400002433.37,9287327178.14,489925027,366942994,False
2020-04-07,27.25,-20.682039,3.413443,13350456985.75,9999196586.5,489925027,366942994,False
2020-04-08,27.55,-20.909731,3.451022,13497434493.85,10109279484.7,489925027,366942994,False
2020-04-09,28.22,-21.418243,3.534949,13825684261.94,10355131290.68,489925027,366942994,False
2020-04-10,27.44,-20.826244,3.437243,13443542740.88,10068915755.36,489925027,366942994,False
2020-04-13,28.54,-21.661115,3.575033,13982460270.58,10472553048.76,489925027,366942994,False
2020-04-14,28.81,-21.866038,3.608855,14114740027.87,10571627657.14,489925027,366942994,False
2020-04-15,28.76,-21.828089,3.602591,14090243776.52,10553280507.44,489925027,366942994,False
2020-04-16,28.78,-21.843269,3.605097,14100042277.06,10560619367.32,489925027,366942994,False
2020-04-17,29.11,-22.09373,3.646434,14261717535.97,10681710555.34,489925027,366942994,False
2020-04-20,30.42,-23.087986,3.81053,14903519321.34,11162405877.48,489925027,366942994,False
2020-04-21,30.24,-22.951371,3.787982,14815332816.48,11096356138.56,489925027,366942994,False
2020-04-22,29.77,-22.594653,3.729108,14585068053.79,10923892931.38,489925027,366942994,False
2020-04-23,29.23,-22.184807,3.661465,14320508539.21,10725743714.62,489925027,366942994,False
2020-04-24,28.69,-21.774961,3.593823,14055949024.63,10527594497.86,489925027,366942994,False
2020-04-27,28.77,-21.835679,3.603844,14095143026.79,10556949937.38,489925027,366942994,False
2020-04-28,28.43,-21.387866,4.300614,13928568517.61,10432189319.42,489925027,366942994,False
2020-04-29,29.76,-23.762633,4.467538,14580168803.52,10920223501.44,489925027,366942994,False
2020-04-30,30.51,-24.36149,4.580127,14947612573.77,11195430746.94,489925027,366942994,False
2020-05-06,30.71,-24.521185,4.610151,15045597579.17,11268819345.74,489925027,366942994,False
2020-05-07,30.02,-23.970237,4.506569,14707549310.54,11015628679.88,489925027,366942994,False
2020-05-08,31.0,-24.752743,4.653685,15187675837.0,11375232814.0,489925027,366942994,False
2020-05-11,30.71,-24.521185,4.610151,15045597579.17,11268819345.74,489925027,366942994,False
2020-05-12,30.54,-24.385444,4.58463,14962310324.58,11206439036.76,489925027,366942994,False
2020-05-13,30.64,-24.465292,4.599642,15011302827.28,11243133336.16,489925027,366942994,False
2020-05-14,31.18,-24.896468,4.680706,15275862341.86,11441282552.92,489925027,366942994,False
2020-05-15,31.15,-24.872514,4.676203,15261164591.05,11430274263.1,489925027,366942994,False
2020-05-18,31.64,-25.263767,4.749761,15501227854.28,11610076330.16,489925027,366942994,False
2020-05-19,31.98,-25.535249,4.800802,15667802363.46,11734836948.12,489925027,366942994,False
2020-05-20,30.84,-24.624987,4.629666,15109287832.68,11316521934.96,489925027,366942994,False
2020-05-21,31.78,-25.375554,4.770778,15569817358.06,11661448349.32,489925027,366942994,False
2020-05-22,32.53,-25.97441,4.883367,15937261128.31,11936655594.82,489925027,366942994,False
2020-05-25,31.17,-24.888484,4.679205,15270963091.59,11437613122.98,489925027,366942994,False
2020-05-26,31.79,-25.383538,4.772279,15574716608.33,11665117779.26,489925027,366942994,False
2020-05-27,33.76,-26.956535,5.068013,16539868911.52,12387995477.44,489925027,366942994,False
2020-05-28,33.0,-26.349694,4.953923,16167525891.0,12109118802.0,489925027,366942994,False
2020-05-29,34.07,-27.204063,5.11455,16691745669.89,12501747805.58,489925027,366942994,False
2020-06-01,34.34,-27.419651,5.155082,16824025427.18,12600822413.96,489925027,366942994,False
2020-06-02,34.71,-27.715087,5.210626,17005297687.17,12736591321.74,489925027,366942994,False
2020-06-03,34.32,-27.403682,5.15208,16814226926.64,12593483554.08,489925027,366942994,False
2020-06-04,33.93,-27.092276,5.093533,16623156166.11,12450375786.42,489925027,366942994,False
2020-06-05,33.72,-26.924596,5.062008,16520271910.44,12373317757.68,489925027,366942994,False
2020-06-08,33.76,-26.956535,5.068013,16539868911.52,12387995477.44,489925027,366942994,False
2020-06-09,33.2,-26.509389,4.983947,16265510896.4,12182507400.8,489925027,366942994,False
2020-06-10,34.19,-27.29988,5.132564,16750536673.13,12545780964.86,489925027,366942994,False
2020-06-11,34.46,-27.515468,5.173096,16882816430.42,12644855573.24,489925027,366942994,False
2020-06-12,34.74,-27.739041,5.21513,17019995437.98,12747599611.56,489925027,366942994,False
2020-06-15,34.76,-27.755011,5.218132,17029793938.52,12754938471.44,489925027,366942994,False
2020-06-16,34.57,-27.603301,5.189609,16936708183.39,12685219302.58,489925027,366942994,False
2020-06-17,34.1,-27.228017,5.119054,16706443420.7,12512756095.4,489925027,366942994,False
2020-06-18,33.02,-26.365663,4.956925,16177324391.54,12116457661.88,489925027,366942994,False
2020-06-19,33.65,-26.868703,5.0515,16485977158.55,12347631748.1,489925027,366942994,False
2020-06-22,34.34,-27.419651,5.155082,16824025427.18,12597246761.46,489925027,366838869,False
2020-06-23,33.1,-26.429541,4.968935,16216518393.7,12142366563.9,489925027,366838869,False
2020-06-24,31.9,-25.471371,4.788792,15628608361.3,11702159921.1,489925027,366838869,False
2020-06-29,32.25,-25.750837,4.841334,15800082120.75,11830553525.25,489925027,366838869,False
2020-06-30,32.03,-25.575173,4.808307,15692298614.81,11749848974.07,489925027,366838869,False
2020-07-01,32.18,-25.694944,4.830825,15765787368.86,11804874804.42,489925027,366838869,False
2020-07-02,32.53,-25.97441,4.883367,15937261128.31,11933268408.57,489925027,366838869,False
2020-07-03,32.29,-25.782776,4.847338,15819679121.83,11845227080.01,489925027,366838869,False
2020-07-06,33.85,-27.028398,5.081524,16583962163.95,12417495715.65,489925027,366838869,False
2020-07-07,34.94,-27.898736,5.245153,17117980443.38,12817350082.86,489925027,366838869,False
2020-07-08,38.43,-30.685416,5.769068,18827818787.61,14097617735.67,489925027,366838869,False
2020-07-09,39.26,-31.348151,5.893667,19234456560.02,14402093996.94,489925027,366838869,False
2020-07-10,37.4,-29.862986,5.614446,18323196009.8,13719773700.6,489925027,366838869,False
2020-07-13,38.55,-30.781233,5.787083,18886609790.85,14141638399.95,489925027,366838869,False
2020-07-14,39.08,-31.204425,5.866646,19146270055.16,14336063000.52,489925027,366838869,False
2020-07-15,37.21,-29.711276,5.585923,18230110254.67,13650074315.49,489925027,366838869,False
2020-07-16,35.69,-28.497593,5.357743,17485424213.63,13092479234.61,489925027,366838869,False
2020-07-17,36.32,-29.000633,5.452317,17794076980.64,13323587722.08,489925027,366838869,False
2020-07-20,38.59,-30.813172,5.793087,18906206791.93,14156311954.71,489925027,366838869,False
2020-07-21,37.63,-30.046636,5.648973,18435878766.01,13804146640.47,489925027,366838869,False
2020-07-22,38.12,-30.437889,5.722531,18675942029.24,13983897686.28,489925027,366838869,False
2020-07-23,39.4,-31.459938,5.914684,19303046063.8,14453451438.6,489925027,366838869,False
2020-07-24,38.44,-30.693401,5.770569,18832718037.88,14101286124.36,489925027,366838869,False
2020-07-27,37.5,-29.942834,5.629458,18372188512.5,13756457587.5,489925027,366838869,False
2020-07-28,37.95,-30.302148,5.697011,18592654774.65,13921535078.55,489925027,366838869,False
2020-07-29,41.75,-33.336355,6.267463,20454369877.25,15315522780.75,489925027,366838869,False
2020-07-30,45.93,-36.673983,6.89496,22502256490.11,16848909253.17,489925027,366838869,False
2020-07-31,46.49,-37.121129,6.979026,22775861367.23,17054339019.81,489908827,366838869,False
2020-08-03,51.14,-40.834041,7.677079,25053937412.78,18760139760.66,489908827,366838869,False
2020-08-04,56.25,-44.912766,8.443907,27557371518.75,20634686381.25,489908827,366838869,False
2020-08-05,61.88,-49.408035,9.289049,30315558214.76,22699989213.72,489908827,366838869,False
2020-08-06,68.07,-54.350435,10.218254,33348093853.89,24970721812.83,489908827,366838869,False
2020-08-07,74.88,-59.787874,11.240529,36684372965.76,27468894510.72,489908827,366838869,False
2020-08-10,77.86,-62.167252,11.687869,38144301270.22,28562074340.34,489908827,366838869,False
2020-08-11,80.18,-64.019654,12.036133,39280889748.86,29413140516.42,489908827,366838869,False
2020-08-12,72.16,-57.616092,10.83222,35351820956.32,26471092787.04,489908827,366838869,False
2020-08-13,67.41,-53.823458,10.119179,33024754028.07,24728608159.29,489908827,366838869,False
2020-08-14,66.0,-52.697645,9.907518,32333982582.0,24211365354.0,489908827,366838869,False
2020-08-17,68.78,-61.974916,10.110399,33695929121.06,25231177409.82,489908827,366838869,False
2020-08-18,68.83,-62.019969,10.117749,33720424562.41,25249519353.27,489908827,366838869,False
2020-08-19,64.8,-58.388697,9.525354,31746091989.6,23771158711.2,489908827,366838869,False
2020-08-20,61.12,-55.072796,8.984408,29943227506.24,22421191673.28,489908827,366838869,False
2020-08-21,59.32,-53.450887,8.719815,29061391617.64,21760881709.08,489908827,366838869,False
2020-08-24,59.7,-53.950565,8.801331,29333067968.4,21984649713.3,491341172,368252089,False
2020-08-25,56.81,-51.338888,8.37527,27913091981.32,20920401176.09,491341172,368252089,False
2020-08-26,57.25,-51.736514,8.440137,28129282097.0,21082432095.25,491341172,368252089,False
2020-08-27,58.08,-52.48658,8.562501,28537095269.76,21388081329.12,491341172,368252089,False
2020-08-28,58.82,-53.155314,8.671596,28900687737.04,21660587874.98,491341172,368252089,False
2020-08-31,61.25,-55.351292,9.029841,30094646785.0,22555440451.25,491341172,368252089,False
2020-09-01,60.54,-54.709669,8.925169,29745794552.88,22293981468.06,491341172,368252089,False
2020-09-02,56.92,-51.438295,8.391487,27967139510.24,20960908905.88,491341172,368252089,False
2020-09-03,57.05,-51.555775,8.410652,28031013862.6,21008781677.45,491341172,368252089,False
2020-09-04,55.78,-50.408083,8.223421,27407010574.16,20541101524.42,491341172,368252089,False
2020-09-07,52.4,-47.353595,7.725121,25746277412.8,19296409463.6,491341172,368252089,False
2020-09-08,52.14,-47.118635,7.686791,25618528708.08,19200663920.46,491341172,368252089,False
2020-09-09,53.03,-47.922923,7.818,26055822351.16,19528408279.67,491341172,368252089,False
2020-09-10,50.6,-45.726945,7.459755,24861863303.2,18633555703.4,491341172,368252089,False
2020-09-11,50.91,-46.00709,7.505457,25014179066.52,18747713850.99,491341172,368252089,False
2020-09-14,50.43,-45.573317,7.434692,24778335303.96,18570952848.27,491341172,368252089,False
2020-09-15,52.69,-47.615667,7.767875,25888766352.68,19403202569.41,491341172,368252089,False
2020-09-16,51.02,-46.106497,7.521673,25068226595.44,18788221580.78,491341172,368252089,False
2020-09-17,51.26,-46.323383,7.557056,25186148476.72,18876602082.14,491341172,368252089,False
2020-09-18,52.84,-47.751221,7.789989,25962467528.48,19458440382.76,491341172,368252089,False
2020-09-21,55.22,-49.902014,8.140863,27131859517.84,20334880354.58,491341172,368252089,False
2020-09-22,53.16,-48.040403,7.837165,26119696703.52,19576281051.24,491341172,368252089,False
2020-09-23,53.6,-48.438029,7.902033,26335886819.2,19738311970.4,491341172,368252089,False
2020-09-24,51.55,-46.585455,7.599809,25328637416.6,18983395187.95,491341172,368252089,False
2020-09-25,51.77,-46.784268,7.632243,25436732474.44,19064410647.53,491341172,368252089,False
2020-09-28,50.14,-45.311245,7.391939,24635846364.08,18464159742.46,491341172,368252089,False
2020-09-29,51.4,-46.449901,7.577695,25254936240.8,18928157374.6,491341172,368252089,False
2020-09-30,52.6,-47.534334,7.754607,25844545647.2,19370802856.4,491341172,368266214,False
2020-10-09,53.47,-48.320548,7.882867,26272012466.84,19691194462.58,491341172,368266214,False
2020-10-12,55.45,-50.109864,8.174771,27244867987.4,20420361566.3,491341172,368266214,False
2020-10-13,56.29,-50.868967,8.298608,27657594571.88,20729705186.06,491341172,368266214,False
2020-10-14,58.81,-53.146277,8.670122,28895774325.32,21657736045.34,491341172,368266214,False
2020-10-15,64.69,-58.460001,9.536987,31784860416.68,23823141383.66,491341172,368266214,False
2020-10-16,61.98,-56.010989,9.137462,30453325840.56,22825139943.72,491341172,368266214,False
2020-10-19,62.79,-56.742982,9.256877,30851312189.88,23123435577.06,491341172,368266214,False
2020-10-20,60.58,-54.745817,8.931066,30758283218.26,22309567244.12,507729997,368266214,False
2020-10-21,58.93,-53.254721,8.687813,29920528723.21,21701927991.02,507729997,368266214,False
2020-10-22,58.64,-52.992649,8.645059,29773287024.08,21595130788.96,507729997,368266214,False
2020-10-23,59.27,-53.561977,8.737938,30093156922.19,21827138503.78,507729997,368266214,False
2020-10-26,59.0,-55.096416,8.988262,29956069823.0,21727706626.0,507729997,368266214,False
2020-10-27,58.99,-55.087077,8.986738,29950992523.03,21724023963.86,507729997,368266214,False
2020-10-28,58.25,-54.396037,8.874004,29575272325.25,21451506965.5,507729997,368266214,False
2020-10-29,58.28,-53.996248,7.097124,29590504225.16,21462554951.92,507729997,368266214,False
2020-10-30,59.15,-54.8023,7.203069,30032229322.55,21782946558.1,507729997,368266214,False
2020-11-02,57.08,-52.884451,6.950992,28981228228.76,21020635495.12,507729997,368266214,False
2020-11-03,57.62,-53.38476,7.016752,29255402427.14,21219499250.68,507729997,368266214,False
2020-11-04,56.56,-52.402673,6.887669,28717208630.32,20829137063.84,507729997,368266214,False
2020-11-05,56.92,-52.736212,6.931508,28899991429.24,20961712900.88,507729997,368266214,False
2020-11-06,54.4,-50.401439,6.624632,27620511836.8,20033682041.6,507729997,368266214,False
2020-11-09,56.99,-52.801067,6.940032,28935532529.03,20987491535.86,507729997,368266214,False
2020-11-10,56.51,-52.356348,6.88158,28691822130.47,20810723753.14,507729997,368266214,False
2020-11-11,54.09,-50.114225,6.586881,27463115537.73,19919519515.26,507729997,368266214,False
2020-11-12,54.15,-50.169815,6.594188,27493579337.55,19941615488.1,507729997,368266214,False
2020-11-13,54.53,-50.521884,6.640463,27686516736.41,20081556649.42,507729997,368266214,False
2020-11-16,53.8,-49.845541,6.551566,27315873838.6,19812722313.2,507729997,368266214,False
2020-11-17,54.1,-50.12349,6.588099,27468192837.7,19923202177.4,507729997,368266214,False
2020-11-18,53.01,-49.113608,6.455363,26914767140.97,19521792004.14,507729997,368266214,False
2020-11-19,53.61,-49.669507,6.528429,27219405139.17,19742751732.54,507729997,368266214,False
2020-11-20,53.6,-49.660242,6.527211,27214327839.2,19739069070.4,507729997,368266214,False
2020-11-23,53.99,-50.021575,6.574704,27412342538.03,19882692893.86,507729997,368266214,False
2020-11-24,57.27,-53.060486,6.97413,29077696928.19,21090606075.78,507729997,368266214,False
2020-11-25,55.12,-51.068517,6.712311,27986077434.64,20298833715.68,507729997,368266214,False
2020-11-26,56.06,-51.939424,6.82678,28463343631.82,20645003956.84,507729997,368266214,False
2020-11-27,56.39,-52.245168,6.866967,28630894530.83,20766531807.46,507729997,368266214,False
2020-11-30,56.32,-52.180314,6.858442,28595353431.04,20740753172.48,507729997,368266214,False
2020-12-01,56.6,-52.439733,6.89254,28737517830.2,20843867712.4,507729997,368266214,False
2020-12-02,58.19,-53.912863,7.086164,29544808525.43,21429410992.66,507729997,368266214,False
2020-12-03,57.28,-53.069751,6.975348,29082774228.16,21094288737.92,507729997,368266214,False
2020-12-04,56.29,-52.152519,6.854789,28580121531.13,20729705186.06,507729997,368266214,False
2020-12-07,55.82,-51.717065,6.797554,28341488432.54,20556620065.48,507729997,368266214,False
2020-12-08,54.9,-50.864688,6.68552,27874376835.3,20217815148.6,507729997,368266214,False
2020-12-09,54.53,-50.521884,6.640463,27686516736.41,20081556649.42,507729997,368266214,False
2020-12-10,53.13,-49.224788,6.469976,26975694740.61,19565983949.82,507729997,368266214,False
2020-12-11,53.22,-49.308173,6.480936,27021390440.34,19599127909.08,507729997,368266214,False
2020-12-14,54.1,-50.12349,6.588099,27468192837.7,19923202177.4,507729997,368266214,False
2020-12-15,53.72,-49.771421,6.541824,27275255438.84,19783261016.08,507729997,368266214,False
2020-12-16,51.91,-48.094462,6.321409,26356264144.27,19116699168.74,507729997,368266214,False
2020-12-17,51.92,-48.103727,6.322627,26361341444.24,19120381830.88,507729997,368266214,False
2020-12-18,51.98,-48.159316,6.329933,26391805244.06,19142477803.72,507729997,368266214,False
2020-12-21,52.67,-48.798599,6.413959,26742138941.99,19396581491.38,507729997,368266214,False
2020-12-22,51.02,-47.269879,6.213028,25904384446.94,18788942238.28,507729997,368266214,False
2020-12-23,51.28,-47.510768,6.24469,26036394246.16,18884691453.92,507729997,368266214,False
2020-12-24,52.99,-49.095078,6.452927,26904612541.03,19514426679.86,507729997,368266214,False
2020-12-25,51.94,-48.122256,6.325062,26371496044.18,19127747155.16,507729997,368266214,False
2020-12-28,50.7,-46.9734,6.174059,25741910847.9,18671097049.8,507729997,368266214,False
2020-12-29,50.79,-47.056785,6.185019,25787606547.63,18704241009.06,507729997,368266214,False
2020-12-30,49.85,-46.185878,6.07055,25310340350.45,18358070767.9,507729997,368266214,False
2020-12-31,50.91,-47.167965,6.199632,25848534147.27,18748432954.74,507729997,368266214,False
2021-01-04,53.78,-49.827011,6.54913,27305719238.66,19805356988.92,507729997,368266214,False
2021-01-05,55.42,-51.346466,6.748844,28138396433.74,20409313579.88,507729997,368266214,False
2021-01-06,54.08,-50.10496,6.585663,27458038237.76,19915836853.12,507729997,368266214,False
2021-01-07,52.95,-49.058018,6.448056,26884303341.15,19499696031.3,507729997,368266214,False
2021-01-08,51.69,-47.890632,6.294618,26244563544.93,19035680601.66,507729997,368266214,False
2021-01-11,52.75,-48.872719,6.423701,26782757341.75,19426042788.5,507729997,368266214,False
2021-01-12,53.5,-49.567592,6.515033,27163554839.5,19702242449.0,507729997,368266214,False
2021-01-13,52.9,-49.011694,6.441967,26858916841.3,19481282720.6,507729997,368266214,False
2021-01-14,51.15,-47.390324,6.228859,25970389346.55,18836816846.1,507729997,368266214,False
2021-01-15,51.18,-47.418119,6.232512,25985621246.46,18847864832.52,507729997,368266214,False
2021-01-18,51.55,-47.760923,6.277569,26173481345.35,18984123331.7,507729997,368266214,False
2021-01-19,52.38,-48.529915,6.378644,26594897242.86,19289784289.32,507729997,368266214,False
2021-01-20,51.47,-47.686803,6.267827,26132862945.59,18954662034.58,507729997,368266214,False
2021-01-21,52.8,-48.919044,6.42979,26808143841.6,19444456099.2,507729997,368266214,False
2021-01-22,51.68,-47.881367,6.2934,26239486244.96,19031997939.52,507729997,368266214,False
2021-01-25,51.02,-47.269879,6.213028,25904384446.94,18788942238.28,507729997,368266214,False
2021-01-26,49.82,-46.158083,6.066896,25295108450.54,18347022781.48,507729997,368266214,False
2021-01-27,49.71,-46.056168,6.053501,25239258150.87,18306513497.94,507729997,368266214,False
2021-01-28,49.05,-45.44468,5.973128,24904156352.85,18063457796.7,507729997,368266214,False
2021-01-29,45.28,-41.951786,5.514032,22990014264.16,16675094169.92,507729997,368266214,False
2021-02-01,43.37,-40.182177,5.281439,22020249969.89,15971705701.18,507729997,368266214,False
2021-02-02,43.93,-40.701015,5.349634,22304578768.21,16177934781.02,507729997,368266214,False
2021-02-03,41.98,-38.894346,5.11217,21314505274.06,15459815663.72,507729997,368266214,False
2021-02-04,41.57,-38.514482,5.062242,21106335975.29,15308826515.98,507729997,368266214,False
2021-02-05,41.75,-38.681252,5.084161,21197727374.75,15375114434.5,507729997,368266214,False
2021-02-08,40.73,-37.736225,4.959949,20679842777.81,14999482896.22,507729997,368266214,False
2021-02-09,41.65,-38.588602,5.071984,21146954375.05,15338287813.1,507729997,368266214,False
2021-02-10,42.44,-39.320535,5.168187,21548061072.68,15629218122.16,507729997,368266214,False
2021-02-18,44.56,-41.284708,5.426353,22624448666.32,16409942495.84,507729997,368266214,False
2021-02-19,45.33,-41.998111,5.520121,23015400764.01,16693507480.62,507729997,368266214,False
2021-02-22,44.45,-41.182794,5.412957,22568598366.65,16369433212.3,507729997,368266214,False
2021-02-23,44.11,-40.867785,5.371553,22395970167.67,16244222699.54,507729997,368266214,False
2021-02-24,44.71,156.971236,5.444619,22700608165.87,16465182427.94,507729997,368266214,False
2021-02-25,47.0,165.01114,5.723487,23863309859.0,17308512058.0,507729997,368266214,False
2021-02-26,45.49,159.709718,5.539605,23096637563.53,16752430074.86,507729997,368266214,False
2021-03-01,45.78,160.727872,5.57492,23243879262.66,16859227276.92,507729997,368266214,False
2021-03-02,45.2,158.691565,5.50429,22949395864.4,16645632872.8,507729997,368266214,False
2021-03-03,45.1,158.340477,5.492112,22898622864.7,16608806251.4,507729997,368266214,False
2021-03-04,44.4,155.882864,5.406869,22543211866.8,16351019901.6,507729997,368266214,False
2021-03-05,44.22,155.250907,5.384949,22451820467.34,16284731983.08,507729997,368266214,False
2021-03-08,43.27,151.915575,5.269261,21969476970.19,15934879079.78,507729997,368266214,False
2021-03-09,40.97,143.840562,4.989176,20801697977.09,15087866787.58,507729997,368266214,False
2021-03-10,40.74,143.033061,4.961167,20684920077.78,15003165558.36,507729997,368266214,False
2021-03-11,41.26,144.858716,5.024491,20948939676.22,15194663989.64,507729997,368266214,False
2021-03-12,41.76,146.614153,5.085379,21202804674.72,15378797096.64,507729997,368266214,False
2021-03-15,40.82,143.313931,4.970909,20725538477.54,15032626855.48,507729997,368266214,False
2021-03-16,41.27,144.893825,5.025709,20954016976.19,15198346651.78,507729997,368266214,False
2021-03-17,41.45,145.525782,5.047628,21045408375.65,15264634570.3,507729997,368266214,False
2021-03-18,41.72,146.473718,5.080508,21182495474.84,15364066448.08,507729997,368266214,False
2021-03-19,41.53,145.806652,5.057371,21086026775.41,15294095867.42,507729997,368266214,False
2021-03-22,42.29,148.474917,5.149921,21471901573.13,15573978190.06,507729997,368266214,False
2021-03-23,41.67,146.298175,5.074419,21157108974.99,15345653137.38,507729997,368266214,False
2021-03-24,44.39,155.847756,5.405651,22538134566.83,16347337239.46,507729997,368266214,False
2021-03-25,43.44,152.512424,5.289963,22055791069.68,15997484336.16,507729997,368266214,False
2021-03-26,42.69,147.898189,5.125338,21674993571.93,15721284675.66,507729997,368266214,False
2021-03-29,43.82,151.813039,5.261005,22248728468.54,16137425497.48,507729997,368266214,False
2021-03-30,43.89,152.055552,5.26941,22284269568.33,16163204132.46,507729997,368266214,False
2021-03-31,43.2,149.665068,5.186569,21933935870.4,15909100444.8,507729997,368266214,False
2021-04-01,42.96,148.833595,5.157754,21812080671.12,15820716553.44,507729997,368266214,False
2021-04-02,43.5,150.704409,5.222586,22086254869.5,16019580309.0,507729997,368266214,False
2021-04-06,44.03,152.540577,5.286218,22355351767.91,16214761402.42,507729997,368266214,False
2021-04-07,42.75,148.106057,5.132542,21705457371.75,15743380648.5,507729997,368266214,False
2021-04-08,42.62,147.655676,5.116934,21639452472.14,15695506040.68,507729997,368266214,False
2021-04-09,41.98,145.438415,5.040096,21314505274.06,15459815663.72,507729997,368266214,False
2021-04-12,40.91,141.731433,4.911632,20771234177.27,15065770814.74,507729997,368266214,False
2021-04-13,41.2,142.73613,4.94645,20918475876.4,15172568016.8,507729997,368266214,False
2021-04-14,41.45,143.602247,4.976465,21045408375.65,15264634570.3,507729997,368266214,False
2021-04-15,41.12,142.458972,4.936845,20877857476.64,15143106719.68,507729997,368266214,False
2021-04-16,41.53,143.879404,4.986069,21086026775.41,15294095867.42,507729997,368266214,False
2021-04-19,42.52,147.309229,5.104928,21588679472.44,15658679419.28,507729997,368266214,False
2021-04-20,42.08,145.784862,5.052102,21365278273.76,15496642285.12,507729997,368266214,False
2021-04-21,42.06,145.715573,5.049701,21355123673.82,15489276960.84,507729997,368266214,False
2021-04-22,41.92,145.230547,5.032892,21284041474.24,15437719690.88,507729997,368266214,False
2021-04-23,41.63,126.238386,4.963859,21136799775.11,15330922488.82,507729997,368266214,False
2021-04-26,41.01,124.358305,4.889932,20822007176.97,15537713946.24,507729997,378876224,False
2021-04-27,40.34,122.326604,4.810043,20481828078.98,15283866876.16,507729997,378876224,False
2021-04-28,40.71,123.448588,4.854161,20669688177.87,16091240144.79,507729997,395265049,False
2021-04-29,40.9,124.024742,4.876816,20766156877.3,16166340504.1,507729997,395265049,False
2021-04-30,40.62,123.175673,4.843429,20623992478.14,16055666290.38,507729997,395265049,False
2021-05-06,40.7,123.418264,4.852968,20664610877.9,16087287494.3,507729997,395265049,False
2021-05-07,40.31,122.235632,4.806466,20466596179.07,15933134125.19,507729997,395265049,False
2021-05-10,38.35,116.292148,4.57276,19471445384.95,15158414629.15,507729997,395265049,False
2021-05-11,39.93,121.083324,4.761156,20273658780.21,15782933406.57,507729997,395265049,False
2021-05-12,39.5,119.779396,4.709883,20055334881.5,15612969435.5,507729997,395265049,False
2021-05-13,39.12,118.627088,4.664573,19862397482.64,15462768716.88,507729997,395265049,False
2021-05-14,40.04,121.416887,4.774272,20329509079.88,15826412561.96,507729997,395265049,False
2021-05-17,40.17,121.811097,4.789773,20395513979.49,15877797018.33,507729997,395265049,False
2021-05-18,40.59,123.084701,4.839852,20608760578.23,16043808338.91,507729997,395265049,False
2021-05-19,40.69,123.38794,4.851776,20659533577.93,16083334843.81,507729997,395265049,False
2021-05-20,40.8,123.721503,4.864892,20715383877.6,16126813999.2,507729997,395265049,False
2021-05-21,40.48,122.751138,4.826736,20552910278.56,16000329183.52,507729997,395265049,False
2021-05-24,41.67,126.359682,4.968629,21157108974.99,16470694591.83,507729997,395265049,False
2021-05-25,43.29,131.272153,5.161794,21979631570.13,17111023971.21,507729997,395265049,False
2021-05-26,43.11,130.726323,5.140331,21888240170.67,17039876262.39,507729997,395265049,False
2021-05-27,44.01,133.455474,5.247645,22345197167.97,17395614806.49,507729997,395265049,False
2021-05-28,43.49,131.878631,5.185641,22081177569.53,17190076981.01,507729997,395265049,False
2021-05-31,44.52,135.001993,5.308456,22604139466.44,17597199981.48,507729997,395265049,False
2021-06-01,44.3,134.334867,5.282224,22492438867.1,17510241670.7,507729997,395265049,False
2021-06-02,42.87,129.99855,5.111714,21766384971.39,16945012650.63,507729997,395265049,False
2021-06-03,42.67,129.392072,5.087866,21664838971.99,16865959640.83,507729997,395265049,False
2021-06-04,42.76,129.664987,5.098598,21710534671.72,16901533495.24,507729997,395265049,False
2021-06-07,42.97,130.301789,5.123638,21817157971.09,16984539155.53,507729997,395265049,False
2021-06-08,43.14,130.817295,5.143908,21903472070.58,17051734213.86,507729997,395265049,False
2021-06-09,42.63,129.270776,5.083097,21644529772.11,16850149038.87,507729997,395265049,False
2021-06-10,43.2,130.999238,5.151062,21933935870.4,17075450116.8,507729997,395265049,False
2021-06-11,42.09,127.633286,5.018709,21370355573.73,16636705912.41,507729997,395265049,False
2021-06-15,42.21,127.997172,5.033017,21431283173.37,16684137718.29,507729997,395265049,False
2021-06-16,44.11,133.758713,5.259568,22395970167.67,17435141311.39,507729997,395265049,False
2021-06-17,43.84,132.939968,5.227374,22258883068.48,17328419748.16,507729997,395265049,False
2021-06-18,44.85,136.002681,5.347804,22771690365.45,17727637447.65,507729997,395265049,False
2021-06-21,45.31,137.397581,5.402654,23005246164.07,17909459370.19,507729997,395265049,False
2021-06-22,44.43,134.729078,5.297724,22558443766.71,17561626127.07,507729997,395265049,False
2021-06-23,44.52,135.001993,5.308456,22604139466.44,17597199981.48,507729997,395265049,False
2021-06-24,43.74,132.636729,5.215451,22208110068.78,17288893243.26,507729997,395265049,False
2021-06-25,43.4,131.605716,5.17491,22035481869.8,17154503126.6,507729997,395265049,False
2021-06-28,43.66,132.394138,5.205912,22167491669.02,17257272039.34,507729997,395265049,False
2021-06-29,42.96,130.271465,5.122445,21812080671.12,16980586505.04,507729997,395265049,False
2021-06-30,43.07,130.605028,5.135561,21867930970.79,17026474091.76,507729997,395320968,False
2021-07-01,41.41,125.571261,4.937627,21025099175.77,16370241284.88,507729997,395320968,False
2021-07-02,40.22,121.962717,4.795734,20420900479.34,15899809332.96,507729997,395320968,False
2021-07-05,40.9,124.024742,4.876816,20766156877.3,16168627591.2,507729997,395320968,False
2021-07-06,41.04,124.449276,4.893509,20837239076.88,16223972526.72,507729997,395320968,False
2021-07-07,41.2,124.934459,4.912587,20918475876.4,16287223881.6,507729997,395320968,False
2021-07-08,41.86,126.935836,4.991284,21253577674.42,16548135720.48,507729997,395320968,False
2021-07-09,41.71,126.480978,4.973398,21177418174.87,16488837575.28,507729997,395320968,False
2021-07-12,42.21,127.997172,5.033017,21431283173.37,16686498059.28,507729997,395320968,False
2021-07-13,41.41,125.571261,4.937627,21025099175.77,16370241284.88,507729997,395320968,False
2021-07-14,40.63,123.205997,4.844622,20629069778.11,16061890929.84,507729997,395320968,False
2021-07-15,40.37,122.417575,4.81362,20497059978.89,15959107478.16,507729997,395320968,False
2021-07-16,41.89,127.026808,4.994861,21268809574.33,16559995349.52,507729997,395320968,False
2021-07-19,41.48,125.783528,4.945974,21060640275.56,16397913752.64,507729997,395320968,False
2021-07-20,41.14,124.752515,4.905433,20888012076.58,16263504623.52,507729997,395320968,False
2021-07-21,41.5,125.844176,4.948358,21070794875.5,16405820172.0,507729997,395320968,False
2021-07-22,41.01,124.358305,4.889932,20822007176.97,16212112897.68,507729997,395320968,False
2021-07-23,41.2,124.934459,4.912587,20918475876.4,16287223881.6,507729997,395320968,False
2021-07-26,41.26,125.116402,4.919741,20948939676.22,16310943139.68,507729997,395320968,False
2021-07-27,43.92,133.182559,5.236913,22299501468.24,17362496914.56,507729997,395320968,False
2021-07-28,41.6,126.147415,4.960282,21121567875.2,16445352268.8,507729997,395320968,False
2021-07-29,42.79,129.755959,5.102175,21725766571.63,16915784220.72,507729997,395320968,False
2021-07-30,42.76,129.664987,5.098598,21710534671.72,16903924591.68,507729997,395320968,False
2021-08-02,44.47,134.850373,5.302494,22578752966.59,17579923446.96,507729997,395320968,False
2021-08-03,43.55,132.060575,5.192795,22111641369.35,17216228156.4,507729997,395320968,False
2021-08-04,43.93,133.212883,5.238106,22304578768.21,17366450124.24,507729997,395320968,False
2021-08-05,45.96,139.368634,5.480158,23335270662.12,18168951689.28,507729997,395320968,False
2021-08-06,47.79,144.917907,5.698363,24264416556.63,18892389060.72,507729997,395320968,False
2021-08-09,47.02,142.582967,5.60655,23873464458.94,18587991915.36,507729997,395320968,False
2021-08-10,46.53,141.097096,5.548123,23624676760.41,18394284641.04,507729997,395320968,False
2021-08-11,45.88,139.126043,5.470619,23294652262.36,18137326011.84,507729997,395320968,False
2021-08-12,46.9,142.219081,5.592241,23812536859.3,18540553399.2,507729997,395320968,False
2021-08-13,45.97,139.398958,5.48135,23340347962.09,18172904898.96,507729997,395320968,False
2021-08-16,44.78,135.790414,5.339458,22736149265.66,17702472947.04,507729997,395320968,False
2021-08-17,44.43,134.729078,5.297724,22558443766.71,17564110608.24,507729997,395320968,False
2021-08-18,44.66,135.426527,5.325149,22675221666.02,17655034430.88,507729997,395320968,False
2021-08-19,45.19,137.033694,5.388345,22944318564.43,17864554543.92,507729997,395320968,False
2021-08-20,45.75,119.359186,5.369247,23228647362.75,18085934286.0,507729997,395320968,False
2021-08-23,46.64,121.681146,5.473698,23680527060.08,18437769947.52,507729997,395320968,False
2021-08-24,45.9,119.750528,5.386851,23304806862.3,18145232431.2,507729997,395320968,False
2021-08-25,45.59,118.941755,5.35047,23147410563.23,18022682931.12,507729997,395320968,False
2021-08-26,44.32,115.628396,5.201422,22502593467.04,17520625301.76,507729997,395320968,False
2021-08-27,42.68,111.349728,5.00895,21669916271.96,17396548920.52,507729997,407604239,False
2021-08-30,43.21,112.732468,5.071151,21939013170.37,17612579167.19,507729997,407604239,False
2021-08-31,42.36,111.487827,5.015162,21696791872.92,17266115564.04,512199997,407604239,False
2021-09-01,42.62,112.172124,5.045945,21829963872.14,17372092666.18,512199997,407604239,False
2021-09-02,41.89,110.250828,4.959517,21456057874.33,17074541571.71,512199997,407604239,False
2021-09-03,42.07,110.724572,4.980828,21548253873.79,17147910334.73,512199997,407604239,False
2021-09-06,42.65,112.251082,5.049497,21845329872.05,17384320793.35,512199997,407604239,False
2021-09-07,42.76,112.540592,5.06252,21901671871.72,17429157259.64,512199997,407604239,False
2021-09-08,42.45,111.724699,5.025818,21742889872.65,17302799945.55,512199997,407604239,False
2021-09-09,42.57,112.040529,5.040025,21804353872.29,17351712454.23,512199997,407604239,False
2021-09-10,42.64,112.224763,5.048313,21840207872.08,17380244750.96,512199997,407604239,False
2021-09-13,42.08,110.750891,4.982012,21553375873.76,17151986377.12,512199997,407604239,False
2021-09-14,41.31,108.724319,4.890849,21158981876.07,16838131113.09,512199997,407604239,False
2021-09-15,41.51,109.250701,4.914528,21261421875.47,16919651960.89,512199997,407604239,False
2021-09-16,42.38,111.540465,5.01753,21707035872.86,17274267648.82,512199997,407604239,False
2021-09-17,42.51,111.882614,5.032922,21773621872.47,17327256199.89,512199997,407604239,False
2021-09-22,41.91,110.303466,4.961885,21466301874.27,17082693656.49,512199997,407604239,False
2021-09-23,42.62,112.172124,5.045945,21829963872.14,17372092666.18,512199997,407604239,False
2021-09-24,42.45,111.724699,5.025818,21742889872.65,17302799945.55,512199997,407604239,False
2021-09-27,41.53,109.303339,4.916896,21271665875.41,16927804045.67,512199997,407604239,False
2021-09-28,41.29,108.67168,4.888481,21148737876.13,16829979028.31,512199997,407604239,False
2021-09-29,40.03,105.35547,4.739305,20503365879.91,16316397687.17,512199997,407604239,False
2021-09-30,40.41,106.355597,4.784294,20698001878.77,16471287297.99,512199997,407604239,False
2021-10-08,40.68,107.066214,4.816261,20836295877.96,16581340442.52,512199997,407604239,False
2021-10-11,41.44,109.066467,4.90624,21225567875.68,16891119664.16,512199997,407604239,False
2021-10-12,40.9,107.645234,4.842307,20948979877.3,16671013375.1,512199997,407604239,False
2021-10-13,41.08,108.118979,4.863618,21041175876.76,16744382138.12,512199997,407604239,False
2021-10-14,41.16,108.329532,4.87309,21082151876.52,16776990477.24,512199997,407604239,False
2021-10-15,41.5,109.224382,4.913344,21256299875.5,16915575918.5,512199997,407604239,False
2021-10-18,41.5,109.224382,4.913344,21256299875.5,16915575918.5,512199997,407604239,False
2021-10-19,41.14,108.276893,4.870722,21071907876.58,16768838392.46,512199997,407604239,False
2021-10-20,40.8,107.382043,4.830468,20897759877.6,16630252951.2,512199997,407604239,False
2021-10-21,40.54,106.697746,4.799686,20764587878.38,16524275849.06,512199997,407604239,False
2021-10-22,40.58,106.803022,4.804421,20785075878.26,16540580018.62,512199997,407604239,False
2021-10-25,40.95,107.77683,4.848227,20974589877.15,16691393587.05,512199997,407604239,False
2021-10-26,40.89,107.618915,4.841124,20943857877.33,16666937332.71,512199997,407604239,False
2021-10-27,40.14,104.702026,4.710108,20559707879.58,16361234153.46,512199997,407604239,False
2021-10-28,39.06,101.884931,4.583379,20006531882.82,15921021575.34,512199997,407604239,False
2021-10-29,39.62,103.345647,4.64909,20293363881.14,16149279949.18,512199997,407604239,False
2021-11-01,39.79,103.789078,4.669038,20380437880.63,16218572669.81,512199997,407604239,False
2021-11-02,40.53,105.71931,4.755871,20759465878.41,16520199806.67,512199997,407604239,False
2021-11-03,40.18,104.806363,4.714802,20580195879.46,16377538323.02,512199997,407604239,False
2021-11-04,40.3,105.119373,4.728883,20641659879.1,16426450831.7,512199997,407604239,False
2021-11-05,41.07,107.127858,4.819236,21036053876.79,16740306095.73,512199997,407604239,False
2021-11-08,40.75,106.293163,4.781687,20872149877.75,16609872739.25,512199997,407604239,False
2021-11-09,41.29,107.70171,4.845051,21148737876.13,16829979028.31,512199997,407604239,False
2021-11-10,41.37,107.910384,4.854439,21189713875.89,16862587367.43,512199997,407604239,False
2021-11-11,41.1,107.20611,4.822756,21051419876.7,16752534222.9,512199997,407604239,False
2021-11-12,40.08,104.545521,4.703068,20528975879.76,16336777899.12,512199997,407604239,False
2021-11-15,39.91,104.102089,4.683119,20441901880.27,16267485178.49,512199997,407604239,False
2021-11-16,39.16,102.145773,4.595113,20057751882.52,15961781999.24,512199997,407604239,False
2021-11-17,39.53,103.110889,4.638529,20247265881.41,16112595567.67,512199997,407604239,False
2021-11-18,39.58,103.24131,4.644397,20272875881.26,16132975779.62,512199997,407604239,False
2021-11-19,39.61,103.319563,4.647917,20288241881.17,16145203906.79,512199997,407604239,False
2021-11-22,39.87,103.997752,4.678426,20421413880.39,16251181008.93,512199997,407604239,False
2021-11-23,39.95,104.206426,4.687813,20462389880.15,16283789348.05,512199997,407604239,False
2021-11-24,39.79,103.789078,4.669038,20380437880.63,16218572669.81,512199997,407604239,False
2021-11-25,39.44,102.876131,4.627969,20201167881.68,16075911186.16,512199997,407604239,False
2021-11-26,39.23,102.328363,4.603327,20093605882.31,15990314295.97,512199997,407604239,False
2021-11-29,39.11,102.015352,4.589246,20032141882.67,15941401787.29,512199997,407604239,False
2021-11-30,39.2,102.25011,4.599807,20078239882.4,15978086168.8,512199997,407604239,False
2021-12-01,39.0,101.728426,4.576338,19975799883.0,15896565321.0,512199997,407604239,False
2021-12-02,38.8,101.206741,4.55287,19873359883.6,15815044473.2,512199997,407604239,False
2021-12-03,39.29,102.484868,4.610367,20124337882.13,16014770550.31,512199997,407604239,False
2021-12-06,39.02,101.780594,4.578685,19986043882.94,15904717405.78,512199997,407604239,False
2021-12-07,38.83,101.284994,4.55639,19888725883.51,15827272600.37,512199997,407604239,False
2021-12-08,39.14,102.093605,4.592766,20047507882.58,15953629914.46,512199997,407604239,False
2021-12-09,39.42,102.823963,4.625622,20190923881.74,16067759101.38,512199997,407604239,False
2021-12-10,39.31,102.537036,4.612714,20134581882.07,16022922635.09,512199997,407604239,False
2021-12-13,39.39,102.74571,4.622102,20175557881.83,16055530974.21,512199997,407604239,False
2021-12-14,39.6,103.293478,4.646743,20283119881.2,16141127864.4,512199997,407604239,False
2021-12-15,39.19,102.224026,4.598633,20073117882.43,15974010126.41,512199997,407604239,False
2021-12-16,39.51,103.05872,4.636183,20237021881.47,16104443482.89,512199997,407604239,False
2021-12-17,39.06,101.884931,4.583379,20006531882.82,15921021575.34,512199997,407604239,False
2021-12-20,38.79,101.180657,4.551696,19868237883.63,15810968430.81,512199997,407604239,False
2021-12-21,39.0,101.728426,4.576338,19975799883.0,15896565321.0,512199997,407604239,False
2021-12-22,39.15,102.119689,4.593939,20052629882.55,15957705956.85,512199997,407604239,False
2021-12-23,38.87,101.389331,4.561084,19909213883.39,15843576769.93,512199997,407604239,False
2021-12-24,38.5,100.424215,4.517667,19719699884.5,15692763201.5,512199997,407604239,False
2021-12-27,38.5,100.424215,4.517667,19719699884.5,15692763201.5,512199997,407604239,False
2021-12-28,38.84,101.311078,4.557563,19893847883.48,15831348642.76,512199997,407604239,False
2021-12-29,39.54,103.136973,4.639703,20252387881.38,16116671610.06,512199997,407604239,False
2021-12-30,39.22,102.302278,4.602153,20088483882.34,15986238253.58,512199997,407604239,False
2021-12-31,39.25,102.380531,4.605674,20103849882.25,15999018824.5,512199997,407618314,False
2022-01-04,39.54,103.136973,4.639703,20252387881.38,16117228135.56,512199997,407618314,False
2022-01-05,39.01,101.75451,4.577512,19980921882.97,15901190429.14,512199997,407618314,False
2022-01-06,38.88,101.415415,4.562257,19914335883.36,15848200048.32,512199997,407618314,False
2022-01-07,38.67,100.867647,4.537615,19806773883.99,15762600202.38,512199997,407618314,False
2022-01-10,38.78,101.154573,4.550523,19863115883.66,15807438216.92,512199997,407618314,False
2022-01-11,38.64,100.789394,4.534095,19791407884.08,15750371652.96,512199997,407618314,False
2022-01-12,38.8,101.206741,4.55287,19873359883.6,15815590583.2,512199997,407618314,False
2022-01-13,38.54,100.528552,4.522361,19740187884.38,15709609821.56,512199997,407618314,False
2022-01-14,37.86,98.754826,4.442568,19391891886.42,15432429368.04,512199997,407618314,False
2022-01-17,38.37,100.08512,4.502413,19653113884.89,15640314708.18,512199997,407618314,False
2022-01-18,38.4,100.163373,4.505933,19668479884.8,15652543257.6,512199997,407618314,False
2022-01-19,38.02,99.172173,4.461343,19473843885.94,15497648298.28,512199997,407618314,False
2022-01-20,37.2,97.033268,4.365123,19053839888.4,15163401280.8,512199997,407618314,False
2022-01-21,36.75,95.859478,4.312319,18823349889.75,14979973039.5,512199997,407618314,False
2022-01-24,36.92,96.30291,4.332267,18910423889.24,15049268152.88,512199997,407618314,False
2022-01-25,36.51,95.233457,4.284157,18700421890.47,14882144644.14,512199997,407618314,False
2022-01-26,35.6,92.859794,4.177375,18234319893.2,14511211978.4,512199997,407618314,False
2022-01-27,34.15,89.077583,4.007229,17491629897.55,13920165423.1,512199997,407618314,False
2022-01-28,34.49,89.964446,4.047126,17665777896.53,14058755649.86,512199997,407618314,False
2022-02-07,35.26,91.972931,4.137479,18060171894.22,14372621751.64,512199997,407618314,False
2022-02-08,35.29,92.051183,4.140999,18075537894.13,14384850301.06,512199997,407618314,False
2022-02-09,35.58,92.807625,4.175028,18224075893.26,14503059612.12,512199997,407618314,False
2022-02-10,35.37,92.259857,4.150387,18116513893.89,14417459766.18,512199997,407618314,False
2022-02-11,34.81,90.799141,4.084675,17829681895.57,14189193510.34,512199997,407618314,False
2022-02-14,35.13,91.633836,4.122225,17993585894.61,14319631370.82,512199997,407618314,False
2022-02-15,35.35,92.207688,4.14804,18106269893.95,14409307399.9,512199997,407618314,False
2022-02-16,35.37,92.259857,4.150387,18116513893.89,14417459766.18,512199997,407618314,False
2022-02-17,35.57,92.781541,4.173855,18218953893.29,14498983428.98,512199997,407618314,False
2022-02-18,35.58,92.807625,4.175028,18224075893.26,14503059612.12,512199997,407618314,False
2022-02-21,36.44,95.050867,4.275943,18664567890.68,14853611362.16,512199997,407618314,False
2022-02-22,36.03,93.981415,4.227832,18454565891.91,14686487853.42,512199997,407618314,False
2022-02-23,36.33,94.763941,4.263035,18608225891.01,14808773347.62,512199997,407618314,False
2022-02-24,38.16,96.267902,4.477771,19545551885.52,15554714862.24,512199997,407618314,False
2022-02-25,37.16,93.745158,4.360429,19033351888.52,15147096548.24,512199997,407618314,False
2022-02-28,37.26,93.997433,4.372163,19084571888.22,15187858379.64,512199997,407618314,False
2022-03-01,37.24,93.946978,4.369816,19074327888.28,15179706013.36,512199997,407618314,False
2022-03-02,36.9,93.089245,4.32992,18900179889.3,15041115786.6,512199997,407618314,False
2022-03-03,36.36,91.726963,4.266555,18623591890.92,14821001897.04,512199997,407618314,False
2022-03-04,36.2,91.323324,4.247781,18541639891.4,14755782966.8,512199997,407618314,False
2022-03-07,34.93,88.11944,4.098756,17891145895.21,14242299308.02,512199997,407738314,False
2022-03-08,34.02,85.823743,3.991975,17425043897.94,13871257442.28,512199997,407738314,False
2022-03-09,33.9,85.521014,3.977894,17363579898.3,13822328844.6,512199997,407738314,False
2022-03-10,34.5,87.03466,4.048299,17670899896.5,14066971833.0,512199997,407738314,False
2022-03-11,34.91,88.068985,4.096409,17880901895.27,14234144541.74,512199997,407738314,False
2022-03-14,34.58,87.236479,4.057686,17711875896.26,14099590898.12,512199997,407738314,False
2022-03-15,32.87,82.922588,3.857032,16836013901.39,13402358381.18,512199997,407738314,False
2022-03-16,33.32,84.057822,3.909836,17066503900.04,13585840622.48,512199997,407738314,False
2022-03-17,33.5,84.511916,3.930957,17158699899.5,13659233519.0,512199997,407738314,False
2022-03-18,33.55,84.638053,3.936824,17184309899.35,13679620434.7,512199997,407738314,False
2022-03-21,35.4,89.305129,4.153907,18131879893.8,14433936315.6,512199997,407738314,False
2022-03-22,34.65,87.413071,4.0659,17747729896.05,14128132580.1,512199997,407738314,False
2022-03-23,34.66,87.438299,4.067074,17752851896.02,14132209963.24,512199997,407738314,False
2022-03-24,33.97,85.697606,3.986108,17399433898.09,13850870526.58,512199997,407738314,False
2022-03-25,33.85,85.394876,3.972027,17337969898.45,13801941928.9,512199997,407738314,False
2022-03-28,33.22,83.805548,3.898101,17015283900.34,13545066791.08,512199997,407738314,False
2022-03-29,32.94,83.09918,3.865246,16871867901.18,13430900063.16,512199997,407738314,False
2022-03-30,33.49,84.486689,3.929784,17153577899.53,13655156135.86,512199997,407738314,False
2022-03-31,33.14,83.603728,3.888714,16974307900.58,13512447725.96,512199997,407738314,False
2022-04-01,33.17,83.679411,3.892234,16989673900.49,13524679875.38,512199997,407738314,False
2022-04-06,34.1,86.025562,4.001362,17466019897.7,13903876507.4,512199997,407738314,False
2022-04-07,34.24,86.378747,4.01779,17537727897.28,13960959871.36,512199997,407738314,False
2022-04-08,33.84,85.369649,3.970853,17332847898.48,13797864545.76,512199997,407738314,False
2022-04-11,32.52,82.039627,3.815962,16656743902.44,13259649971.28,512199997,407738314,False
2022-04-12,33.07,83.427136,3.8805,16938453900.79,13483906043.98,512199997,407738314,False
2022-04-13,32.62,82.291902,3.827696,16707963902.14,13300423802.68,512199997,407738314,False
2022-04-14,32.79,82.720768,3.847644,16795037901.63,13369739316.06,512199997,407738314,False
2022-04-15,31.98,80.860839,3.696848,16380155904.06,13039471281.72,512199997,407738314,False
2022-04-18,32.27,81.594099,3.730372,16528693903.19,13157715392.78,512199997,407738314,False
2022-04-19,32.33,81.745808,3.737308,16559425903.01,13182179691.62,512199997,407738314,False
2022-04-20,32.12,81.214827,3.713032,16451863903.64,13096554645.68,512199997,407738314,False
2022-04-21,30.46,77.017548,3.521138,15601611908.62,12419709044.44,512199997,407738314,False
2022-04-22,30.01,75.879731,3.469119,15371121909.97,12236226803.14,512199997,407738314,False
2022-04-25,27.22,68.825267,3.146598,13942083918.34,11098636907.08,512199997,407738314,False
2022-04-26,25.8,63.98526,2.945568,13214759922.6,10519648501.2,512199997,407738314,False
2022-04-27,26.74,66.316506,3.052887,13696227919.78,10902922516.36,512199997,407738314,False
2022-04-28,26.68,66.167703,3.046037,13665495919.96,10878458217.52,512199997,407738314,False
2022-04-29,27.67,68.622951,3.159065,14172573916.99,11282119148.38,512199997,407738314,False
2022-05-05,28.19,69.912577,3.218433,14438917915.43,11494143071.66,512199997,407738314,False
2022-05-06,28.17,69.862976,3.216149,14428673915.49,11485988305.38,512199997,407738314,False
2022-05-09,28.6,70.929397,3.265242,14648919914.2,11661315780.4,512199997,407738314,False
2022-05-10,28.77,71.351005,3.284651,14735993913.69,11730631293.78,512199997,407738314,False
2022-05-11,28.76,71.326205,3.283509,14730871913.72,11726553910.64,512199997,407738314,False
2022-05-12,28.91,71.698212,3.300635,14807701913.27,11787714657.74,512199997,407738314,False
2022-05-13,29.02,71.971017,3.313193,14864043912.94,11832565872.28,512199997,407738314,False
2022-05-16,29.17,72.343025,3.330319,14940873912.49,11893726619.38,512199997,407738314,False
2022-05-17,29.43,72.987837,3.360003,15074045911.71,11999738581.02,512199997,407738314,False
2022-05-18,29.94,74.252662,3.418229,15335267910.18,12207685121.16,512199997,407738314,False
2022-05-19,29.87,74.079059,3.410237,15299413910.39,12179143439.18,512199997,407738314,False
2022-05-20,30.4,75.393485,3.470747,15570879908.8,12395244745.6,512199997,407738314,False
2022-05-23,30.5,75.64149,3.482164,15622099908.5,12436018577.0,512199997,407738314,False
2022-05-24,29.52,73.211042,3.370278,15120143911.44,12036435029.28,512199997,407738314,False
2022-05-25,30.01,74.426266,3.426221,15371121909.97,12236226803.14,512199997,407738314,False
2022-05-26,30.61,75.914295,3.494722,15678441908.17,12480869791.54,512199997,407738314,False
2022-05-27,30.23,74.971876,3.451338,15483805909.31,12325929232.22,512199997,407738314,False
2022-05-30,30.56,75.790293,3.489014,15652831908.32,12460482875.84,512199997,407738314,False
2022-05-31,30.39,75.368684,3.469605,15565757908.83,12391167362.46,512199997,407738314,False
2022-06-01,30.29,75.120679,3.458188,15514537909.13,12350393531.06,512199997,407738314,False
2022-06-02,30.9,76.633509,3.527832,15826979907.3,12599113902.6,512199997,407738314,False
2022-06-06,31.29,77.600728,3.572358,16026737906.13,12758131845.06,512199997,407738314,False
2022-06-07,31.04,76.980716,3.543815,15898687906.88,12656197266.56,512199997,407738314,False
2022-06-08,31.07,77.055117,3.54724,15914053906.79,12668429415.98,512199997,407738314,False
2022-06-09,30.4,75.393485,3.470747,15570879908.8,12395244745.6,512199997,407738314,False
2022-06-10,30.76,76.286302,3.511848,15755271907.72,12542030538.64,512199997,407738314,False
2022-06-13,30.87,76.559108,3.524406,15811613907.39,12586881753.18,512199997,407738314,False
2022-06-14,30.6,75.889495,3.493581,15673319908.2,12476792408.4,512199997,407738314,False
2022-06-15,30.85,76.509507,3.522123,15801369907.45,12578726986.9,512199997,407738314,False
2022-06-16,31.01,76.906315,3.54039,15883321906.97,12643965117.14,512199997,407738314,False
2022-06-17,30.83,76.459906,3.51984,15791125907.51,12570572220.62,512199997,407738314,False
2022-06-20,31.5,78.121538,3.596333,16134299905.5,12843756891.0,512199997,407738314,False
2022-06-21,30.93,76.707911,3.531257,15842345907.21,12611346052.02,512199997,407738314,False
2022-06-22,29.92,74.203061,3.415946,15325023910.24,12199530354.88,512199997,407738314,False
2022-06-23,31.1,77.129519,3.550665,15929419906.7,12680661565.4,512199997,407738314,False
2022-06-24,31.85,78.989556,3.636292,16313569904.45,12986465300.9,512199997,407738314,False
2022-06-27,31.66,78.518346,3.6146,16216251905.02,12908995021.24,512199997,407738314,False
2022-06-28,32.2,79.857573,3.676252,16492839903.4,13129173710.8,512199997,407738314,False
2022-06-29,31.54,78.22074,3.6009,16154787905.38,12860066423.56,512199997,407738314,False
2022-06-30,31.56,78.270341,3.603183,16165031905.32,13494193244.28,512199997,427572663,False
2022-07-01,31.6,78.369543,3.60775,16185519905.2,13511296150.8,512199997,427572663,False
2022-07-04,31.66,78.518346,3.6146,16216251905.02,13536950510.58,512199997,427572663,False
2022-07-05,31.39,77.848733,3.583775,16077957905.83,13421505891.57,512199997,427572663,False
2022-07-06,31.09,77.104718,3.549524,15924297906.73,13293234092.67,512199997,427572663,False
2022-07-07,31.3,77.625529,3.573499,16031859906.1,13383024351.9,512199997,427572663,False
2022-07-08,31.19,77.352723,3.560941,15975517906.43,13335991358.97,512199997,427572663,False
2022-07-11,30.41,75.418285,3.471889,15576001908.77,13002484681.83,512199997,427572663,False
2022-07-12,29.13,72.243823,3.325752,14920385912.61,12455191673.19,512199997,427572663,False
2022-07-13,29.05,72.045419,3.316618,14879409912.85,12420985860.15,512199997,427572663,False
2022-07-14,29.33,72.739833,3.348586,15022825912.01,12540706205.79,512199997,427572663,False
2022-07-15,29.1,72.169421,3.322327,14905019912.7,12442364493.3,512199997,427572663,False
2022-07-18,29.51,73.186241,3.369136,15115021911.47,12617669285.13,512199997,427572663,False
2022-07-19,29.92,74.203061,3.415946,15325023910.24,12792974076.96,512199997,427572663,False
2022-07-20,32.41,80.378383,3.700227,16600401902.77,13857630007.83,512199997,427572663,False
2022-07-21,31.99,79.336762,3.652276,16385277904.03,13678049489.37,512199997,427572663,False
2022-07-22,31.66,78.518346,3.6146,16216251905.02,13536950510.58,512199997,427572663,False
2022-07-25,30.83,76.459906,3.51984,15791125907.51,13182065200.29,512199997,427572663,False
2022-07-26,30.55,87.271543,3.70632,15647709908.35,13062344854.65,512199997,427572663,False
2022-07-27,30.52,87.185842,3.70268,15632343908.44,13049517674.76,512199997,427572663,False
2022-07-28,31.3,89.414052,3.79731,16031859906.1,13383024351.9,512199997,427572663,False
2022-07-29,30.97,88.471348,3.757274,15862833907.09,13241925373.11,512199997,427572663,False
2022-08-01,31.57,90.185355,3.830066,16170153905.29,13498468970.91,512199997,427572663,False
2022-08-02,33.14,94.670341,4.020538,16974307900.58,14169758051.82,512199997,427572663,False
2022-08-03,34.46,98.441157,4.18068,17650411896.62,14734153966.98,512199997,427572663,False
2022-08-04,33.02,94.32754,4.00598,16912843900.94,14118449332.26,512199997,427572663,False
2022-08-05,33.85,96.890583,4.114829,17372395348.45,14473334642.55,513216997,427572663,False
2022-08-08,33.17,94.944185,4.032168,17023407790.49,14182585231.71,513216997,427572663,False
2022-08-09,32.85,94.028232,3.993268,16859178351.45,14045761979.55,513216997,427572663,False
2022-08-10,32.97,94.371714,4.007856,16920764391.09,14097070699.11,513216997,427572663,False
2022-08-11,32.76,93.770621,3.982328,16812988821.72,14007280439.88,513216997,427572663,False
2022-08-12,31.9,91.308999,3.877786,16371622204.3,13639567949.7,513216997,427572663,False
2022-08-15,32.09,91.852845,3.900882,16469133433.73,13720806755.67,513216997,427572663,False
2022-08-16,31.9,91.308999,3.877786,16371622204.3,13639567949.7,513216997,427572663,False
2022-08-17,32.09,91.852845,3.900882,16469133433.73,13720806755.67,513216997,427572663,False
2022-08-18,32.45,92.883292,3.944644,16653891552.65,13874732914.35,513216997,427572663,False
2022-08-19,31.59,90.42167,3.840102,16212524935.23,13507020424.17,513216997,427572663,False
2022-08-22,31.11,89.047741,3.781753,15966180776.67,13301785545.93,513216997,427572663,False
2022-08-23,30.73,87.960048,3.73556,15771158317.81,13139307933.99,513216997,427572663,False
2022-08-24,29.78,85.240814,3.620077,15283602170.66,12733113904.14,513216997,427572663,False
2022-08-25,29.94,85.698791,3.639527,15365716890.18,12801525530.22,513216997,427572663,False
2022-08-26,29.86,85.469803,3.629802,15324659530.42,12767319717.18,513216997,427572663,False
2022-08-29,29.96,85.756038,3.641958,15375981230.12,12810076983.48,513216997,427572663,False
2022-08-30,30.69,87.845554,3.730697,15750629637.93,13122205027.47,513216997,427572663,False
2022-08-31,30.13,86.242637,3.662623,15463228119.61,12882764336.19,513216997,427572663,False
2022-09-01,29.69,84.983203,3.609137,15237412640.93,12694632364.47,513216997,427572663,False
2022-09-02,31.86,91.194505,3.872923,16351093524.42,13622465043.18,513216997,427572663,False
2022-09-05,31.36,89.763329,3.812143,16094485025.92,13408678711.68,513216997,427572663,False
2022-09-06,31.93,91.394869,3.881432,16387018714.21,13652395129.59,513216997,427572663,False
2022-09-07,31.39,89.8492,3.81579,16109881535.83,13421505891.57,513216997,427572663,False
2022-09-08,30.93,88.532518,3.759872,15873801717.21,13224822466.59,513216997,427572663,False
2022-09-09,30.87,88.360777,3.752578,15843008697.39,13199168106.81,513216997,427572663,False
2022-09-13,30.93,88.532518,3.759872,15873801717.21,13224822466.59,513216997,427572663,False
2022-09-14,30.53,87.387578,3.711248,15668514918.41,13053793401.39,513216997,427572663,False
2022-09-15,29.97,85.784661,3.643174,15381113400.09,12814352710.11,513216997,427572663,False
2022-09-16,29.73,85.097697,3.613999,15257941320.81,12711735270.99,513216997,427572663,False
2022-09-19,29.77,85.212191,3.618861,15278470000.69,12728838177.51,513216997,427572663,False
2022-09-20,30.05,86.013649,3.652898,15422170759.85,12848558523.15,513216997,427572663,False
2022-09-21,29.82,85.355308,3.624939,15304130850.54,12750216810.66,513216997,427572663,False
2022-09-22,30.05,86.013649,3.652898,15422170759.85,11690687038.3,513216997,389041166,False
2022-09-23,28.92,82.779193,3.515535,14842235553.24,11251070520.72,513216997,389041166,False
2022-09-26,27.65,79.144007,3.361153,14190449967.05,10756988239.9,513216997,389041166,False
2022-09-27,28.09,80.403441,3.414639,14416265445.73,10962659749.34,513216997,390269126,False
2022-09-28,26.99,77.254855,3.280923,13851726749.03,10533363710.74,513216997,390269126,False
2022-09-29,26.61,76.167162,3.23473,13656704290.17,10385061442.86,513216997,390269126,False
2022-09-30,26.43,75.651938,3.212849,13564325230.71,10314813000.18,513216997,390269126,False
2022-10-10,26.17,74.907727,3.181243,13430888811.49,10213343027.42,513216997,390269126,False
2022-10-11,26.27,75.193962,3.193399,13482210511.19,10252369940.02,513216997,390269126,False
2022-10-12,26.92,77.05449,3.272413,13815801559.24,10506044871.92,513216997,390269126,False
2022-10-13,27.19,77.827325,3.305235,13954370148.43,10611417535.94,513216997,390269126,False
2022-10-14,27.6,79.000889,3.355075,14164789117.2,10771427877.6,513216997,390269126,False
2022-10-17,28.14,80.546559,3.420718,14441926295.58,10982173205.64,513216997,390269126,False
2022-10-18,27.94,79.974088,3.396405,14339282896.18,10904119380.44,513216997,390269126,False
2022-10-19,27.59,78.972266,3.353859,14159656947.23,10767525186.34,513216997,390269126,False
2022-10-20,27.82,79.630606,3.381818,14277696856.54,10857287085.32,513216997,390269126,False
2022-10-21,27.65,79.144007,3.361153,14190449967.05,10790941333.9,513216997,390269126,False
2022-10-24,27.52,78.771901,3.34535,14123731757.44,10740206347.52,513216997,390269126,False
2022-10-25,27.66,79.17263,3.362368,14195582137.02,10794844025.16,513216997,390269126,False
2022-10-26,28.08,88.316636,3.359767,14411133275.76,10958757058.08,513216997,390269126,False
2022-10-27,27.96,87.939215,3.345409,14349547236.12,10911924762.96,513216997,390269126,False
2022-10-28,27.02,84.982746,3.232938,13867123258.94,10545071784.52,513216997,390269126,False
2022-10-31,28.12,88.442443,3.364553,14431661955.64,10974367823.12,513216997,390269126,False
2022-11-01,28.47,89.543256,3.406431,14611287904.59,11110962017.22,513216997,390269126,False
2022-11-02,28.58,89.889226,3.419592,14667741774.26,11153891621.08,513216997,390269126,False
2022-11-03,30.71,96.588458,3.674446,15760893977.87,11985164859.46,513216997,390269126,False
2022-11-04,30.45,95.770711,3.643337,15627457558.65,11883694886.7,513216997,390269126,False
2022-11-07,29.88,93.977959,3.575137,15334923870.36,11661241484.88,513216997,390269126,False
2022-11-08,29.99,94.323929,3.588299,15391377740.03,11704171088.74,513216997,390269126,False
2022-11-09,29.51,92.814243,3.530867,15145033581.47,11516841908.26,513216997,390269126,False
2022-11-10,29.38,92.405369,3.515312,15078315371.86,11466106921.88,513216997,390269126,False
2022-11-11,29.52,92.845695,3.532063,15150165751.44,11520744599.52,513216997,390269126,False
2022-11-14,29.84,93.852152,3.570351,15314395190.48,11645630719.84,513216997,390269126,False
2022-11-15,30.23,95.078772,3.617014,15514549819.31,11797835678.98,513216997,390269126,False
2022-11-16,30.11,94.70135,3.602656,15452963779.67,11751003383.86,513216997,390269126,False
2022-11-17,30.09,94.638447,3.600263,15442699439.73,11743198001.34,513216997,390269126,False
2022-11-18,29.4,92.468273,3.517705,15088579711.8,11473912304.4,513216997,390269126,False
2022-11-21,29.48,92.719887,3.527277,15129637071.56,11505133834.48,513216997,390269126,False
2022-11-22,29.3,92.153755,3.50574,15037258012.1,11429434419.8,513216997,390083086,False
2022-11-23,28.89,90.787704,3.453772,14814351629.73,11269500354.54,512784757,390083086,False
2022-11-24,28.72,90.253474,3.433449,14727178221.04,11203186229.92,512784757,390083086,False
2022-11-25,28.79,90.473451,3.441817,14763073154.03,11230492045.94,512784757,390083086,False
2022-11-28,29.61,93.050326,3.539848,15183556654.77,11550360176.46,512784757,390083086,False
2022-11-29,29.79,93.615982,3.561367,15275857911.03,11620575131.94,512784757,390083086,False
2022-11-30,30.28,95.155821,3.619946,15527122441.96,11811715844.08,512784757,390083086,False
2022-12-01,30.17,94.810143,3.606795,15470716118.69,11768806704.62,512784757,390083086,False
2022-12-02,30.12,94.653017,3.600818,15445076880.84,11749302550.32,512784757,390083086,False
2022-12-05,30.41,95.56435,3.635487,15593784460.37,11862426645.26,512784757,390083086,False
2022-12-06,30.15,94.747292,3.604404,15460460423.55,11761005042.9,512784757,390083086,False
2022-12-07,29.9,93.96166,3.574517,15332264234.3,11663484271.4,512784757,390083086,False
2022-12-08,29.27,91.981866,3.499201,15009209837.39,11417731927.22,512784757,390083086,False
2022-12-09,29.71,93.364579,3.551803,15234835130.47,11589368485.06,512784757,390083086,False
2022-12-12,29.82,93.710257,3.564953,15291241453.74,11632277624.52,512784757,390083086,False
2022-12-13,29.24,91.88759,3.495615,14993826294.68,11406029434.64,512784757,390083086,False
2022-12-14,29.29,92.044716,3.501592,15019465532.53,11425533588.94,512784757,390083086,False
2022-12-15,29.29,92.044716,3.501592,15019465532.53,11425533588.94,512784757,390083086,False
2022-12-16,28.93,90.913405,3.458554,14834863020.01,11285103677.98,512784757,390083086,False
2022-12-19,28.42,89.310715,3.397584,14573342793.94,11086161304.12,512784757,390083086,False
2022-12-20,28.3,88.933611,3.383238,14511808623.1,11039351333.8,512784757,390083086,False
2022-12-21,27.97,87.896576,3.343787,14342589653.29,10910623915.42,512784757,390083086,False
2022-12-22,27.86,87.550898,3.330637,14286183330.02,10867714775.96,512784757,390083086,False
2022-12-23,27.71,87.079518,3.312705,14209265616.47,10809202313.06,512784757,390083086,False
2022-12-26,28.16,88.493657,3.366502,14440018757.12,10984739701.76,512784757,390083086,False
2022-12-27,28.26,88.80791,3.378456,14491297232.82,11023748010.36,512784757,390083086,False
2022-12-28,27.98,87.928001,3.344983,14347717500.86,10914524746.28,512784757,390083086,False
2022-12-29,27.98,87.928001,3.344983,14347717500.86,10914524746.28,512784757,390083086,False
2022-12-30,28.08,88.242254,3.356938,14398995976.56,10953533054.88,512784757,390083086,False
2023-01-03,28.55,89.719244,3.413126,14640004812.35,11138014105.3,512784757,390123086,False
2023-01-04,28.45,89.404991,3.401171,14588726336.65,11099001796.7,512784757,390123086,False
2023-01-05,28.61,89.907796,3.420299,14670771897.77,11161421490.46,512784757,390123086,False
2023-01-06,28.55,89.719244,3.413126,14640004812.35,11138014105.3,512784757,390123086,False
2023-01-09,28.66,90.064922,3.426276,14696411135.62,11180927644.76,512784757,390123086,False
2023-01-10,28.46,89.436416,3.402366,14593854184.22,11102903027.56,512784757,390123086,False
2023-01-11,28.11,88.33653,3.360524,14414379519.27,10966359947.46,512784757,390123086,False
2023-01-12,28.23,88.713634,3.37487,14475913690.11,11013174717.78,512784757,390123086,False
2023-01-13,28.12,88.367956,3.36172,14419507366.84,10970261178.32,512784757,390123086,False
2023-01-16,28.51,89.593543,3.408344,14619493422.07,11122409181.86,512784757,390123086,False
2023-01-17,28.78,90.442026,3.440622,14757945306.46,11227742415.08,512784757,390123086,False
2023-01-18,28.84,90.630578,3.447795,14788712391.88,11251149800.24,512784757,390123086,False
2023-01-19,29.26,91.95044,3.498006,15004081989.82,11415001496.36,512784757,390123086,False
2023-01-20,29.34,92.201843,3.507569,15045104770.38,11446211343.24,512784757,390123086,False
2023-01-30,29.95,94.118786,3.580494,15357903472.15,11684186425.7,512784757,390123086,False
2023-01-31,29.95,94.118786,3.580494,15357903472.15,11684186425.7,512784757,390123086,False
2023-02-01,30.14,94.715867,3.603209,15455332575.98,11758309812.04,512784757,390123086,False
2023-02-02,29.95,94.118786,3.580494,15357903472.15,11684186425.7,512784757,390123086,False
2023-02-03,30.05,94.433039,3.592449,15409181947.85,11723198734.3,512784757,390123086,False
2023-02-06,30.2,94.904419,3.610382,15486099661.4,11781717197.2,512784757,390123086,False
2023-02-07,30.1,94.590166,3.598427,15434821185.7,11742704888.6,512784757,390123086,False
2023-02-08,29.75,93.49028,3.556585,15255346520.75,11606161808.5,512784757,390123086,False
2023-02-09,30.43,95.627201,3.637878,15604040155.51,11871445506.98,512784757,390123086,False
2023-02-10,30.46,95.721477,3.641464,15619423698.22,11883149199.56,512784757,390123086,False
2023-02-13,30.89,97.072765,3.692871,15839921143.73,12050902126.54,512784757,390123086,False
2023-02-14,30.86,96.978489,3.689284,15824537601.02,12039198433.96,512784757,390123086,False
2023-02-15,31.6,99.303962,3.77775,16203998321.2,12327889517.6,512784757,390123086,False
2023-02-16,31.75,99.775341,3.795683,16280916034.75,12386407980.5,512784757,390123086,False
2023-02-17,30.9,97.10419,3.694066,15845048991.3,12054803357.4,512784757,390123086,False
2023-02-20,31.04,97.544145,3.710803,15916838857.28,12109420589.44,512784757,390123086,False
2023-02-21,31.41,98.706881,3.755036,16106569217.37,12253766131.26,512784757,390123086,False
2023-02-22,33.36,104.834815,3.988157,17106499493.52,13014506148.96,512784757,390123086,False
2023-02-23,32.35,101.660859,3.867412,16588586888.95,12620481832.1,512784757,390123086,False
2023-02-24,33.94,106.657483,4.057495,17403914652.58,13240777538.84,512784757,390123086,False
2023-02-27,33.34,117.355672,3.985766,17096243798.38,13006703687.24,512784757,390123086,False
2023-02-28,33.65,118.446862,4.022826,17255207073.05,13127641843.9,512784757,390123086,False
2023-03-01,33.57,118.165265,4.013262,17214184292.49,13096431997.02,512784757,390123086,False
2023-03-02,33.0,116.158884,3.945119,16921896981.0,12874061838.0,512784757,390123086,False
2023-03-03,32.98,116.088485,3.942728,16911641285.86,12866259376.28,512784757,390123086,False
2023-03-06,33.04,116.299683,3.949901,16942408371.28,12889666761.44,512784757,390123086,False
2023-03-07,31.81,111.970124,3.802856,16311683120.17,12409815365.66,512784757,390123086,False
2023-03-08,32.76,115.314092,3.916427,16798828639.32,12780432297.36,512784757,390123086,False
2023-03-09,32.48,114.328502,3.882954,16655248907.36,12671197833.28,512784757,390123086,False
2023-03-10,32.32,113.765307,3.863826,16573203346.24,12608778139.52,512784757,390123086,False
2023-03-13,32.45,114.222903,3.879367,16639865364.65,12659494140.7,512784757,390123086,False
2023-03-14,33.48,117.848468,4.002503,17168033664.36,13061320919.28,512784757,390123086,False
2023-03-15,33.05,116.334882,3.951097,16947536218.85,12893567992.3,512784757,390123086,False
2023-03-16,31.99,112.603718,3.824374,16403984376.43,12480037521.14,512784757,390123086,False
2023-03-17,33.23,116.968476,3.972615,17039837475.11,12963790147.78,512784757,390123086,False
2023-03-20,32.36,113.906106,3.868608,16593714736.52,12624383062.96,512784757,390123086,False
2023-03-21,32.99,116.123684,3.943924,16916769133.43,12870160607.14,512784757,390123086,False
2023-03-22,33.38,117.496471,3.990548,17116755188.66,13022308610.68,512784757,390123086,False
2023-03-23,34.37,120.981238,4.108901,17624412098.09,13408530465.82,512784757,390123086,False
2023-03-24,34.0,119.67885,4.064668,17434681738.0,13264184924.0,512784757,390123086,False
2023-03-27,33.25,117.038875,3.975006,17050093170.25,12971592609.5,512784757,390123086,False
2023-03-28,32.37,114.304888,3.828452,16598842584.09,12628284293.82,512784757,390123086,False
2023-03-29,32.16,113.563337,3.803615,16491157785.12,12546358445.76,512784757,390123086,False
2023-03-30,31.72,112.00961,3.751576,16265532492.04,12374704287.92,512784757,390123086,False
2023-03-31,31.91,112.680537,3.774047,16362961595.87,12448827674.26,512784757,390123086,False
2023-04-03,35.1,123.94506,4.151334,17998744970.7,13693320318.6,512784757,390123086,False
2023-04-04,36.28,128.111874,4.290894,18603830983.96,14153665560.08,512784757,390123086,False
2023-04-06,36.08,127.405634,4.26724,18501274032.56,14075640942.88,512784757,390123086,False
2023-04-07,35.91,126.80533,4.247134,18414100623.87,14009320018.26,512784757,390123086,False
2023-04-10,35.28,124.580675,4.172623,18091046226.96,13763542474.08,512784757,390123086,False
2023-04-11,35.2,124.29818,4.163161,18050023446.4,13732332627.2,512784757,390123086,False
2023-04-12,35.3,124.651299,4.174988,18101301922.1,13771344935.8,512784757,390123086,False
2023-04-13,35.36,124.863171,4.182084,18132069007.52,13794752320.96,512784757,390123086,False
2023-04-14,35.03,123.697876,4.143055,17962850037.71,13666011702.58,512784757,390123086,False
2023-04-17,35.16,124.156932,4.15843,18029512056.12,13716727703.76,512784757,390123086,False
2023-04-18,34.09,120.37855,4.031879,17480832366.13,13299296001.74,512784757,390123086,False
2023-04-19,33.86,119.566374,4.004677,17362891872.02,13209567691.96,512784757,390123086,False
2023-04-20,34.11,120.449173,4.034245,17491088061.27,13307098463.46,512784757,390123086,False
2023-04-21,34.4,121.473221,4.068544,17639795640.8,13420234158.4,512784757,390123086,False
2023-04-24,32.72,115.540808,3.869847,16778317249.04,12764827373.92,512784757,390123086,False
2023-04-25,32.25,113.881145,3.81426,16537308413.25,12581469523.5,512784757,390123086,False
2023-04-26,31.93,112.751161,3.776413,16373217291.01,12456630135.98,512784757,390123086,False
2023-04-27,32.49,139.347912,3.817201,16660376754.93,12675099064.14,512784757,390123086,False
2023-04-28,32.59,139.776806,3.828949,16711655230.63,12714111372.74,512784757,390123086,False
2023-05-04,32.36,138.790348,3.801927,16593714736.52,12624383062.96,512784757,390123086,False
2023-05-05,31.87,136.688764,3.744358,16342450205.59,12433222750.82,512784757,390123086,False
2023-05-08,33.02,141.621054,3.879469,16932152676.14,12881864299.72,512784757,390123086,False
2023-05-09,32.41,139.004796,3.807802,16619353974.37,12643889217.26,512784757,390123086,False
2023-05-10,32.55,139.605249,3.82425,16691143840.35,12698506449.3,512784757,390123086,False
2023-05-11,32.08,137.589443,3.76903,16450135004.56,12515148598.88,512784757,390123086,False
2023-05-12,32.13,137.80389,3.774905,16475774242.41,12534654753.18,512784757,390123086,False
2023-05-15,32.54,139.562359,3.823075,16686015992.78,12694605218.44,512784757,390123086,False
2023-05-16,32.66,140.077033,3.837174,16747550163.62,12741419988.76,512784757,390123086,False
2023-05-17,33.0,141.535275,3.87712,16921896981.0,12874061838.0,512784757,390123086,False
2023-05-18,33.48,143.59397,3.933514,17168033664.36,13061320919.28,512784757,390123086,False
2023-05-19,33.87,145.26666,3.979335,17368019719.59,13213468922.82,512784757,390123086,False
2023-05-22,32.82,140.763264,3.855972,16829595724.74,12803839682.52,512784757,390123086,False
2023-05-23,32.11,137.718112,3.772555,16465518547.27,12526852291.46,512784757,390123086,False
2023-05-24,32.17,137.975448,3.779604,16496285632.69,12550259676.62,512784757,390123086,False
2023-05-25,32.28,138.447233,3.792528,16552691955.96,12593173216.08,512784757,390123086,False
2023-05-26,32.32,138.618791,3.797228,16573203346.24,12608778139.52,512784757,390123086,False
2023-05-29,32.32,138.618791,3.797228,16573203346.24,12608778139.52,512784757,390123086,False
2023-05-30,32.35,138.747459,3.800752,16588586888.95,12620481832.1,512784757,390123086,False
2023-05-31,32.72,140.33437,3.844223,16778317249.04,13377634168.0,512784757,408851900,False
2023-06-01,33.0,141.535275,3.87712,16921896981.0,13492112700.0,512784757,408851900,False
2023-06-02,31.59,135.487859,3.711461,16198870473.63,12915631521.0,512784757,408851900,False
2023-06-05,31.31,134.286953,3.678564,16055290741.67,12801152989.0,512784757,408851900,False
2023-06-06,30.78,132.013811,3.616295,15783514820.46,12584461482.0,512784757,408851900,False
2023-06-07,30.69,131.627806,3.605721,15737364192.33,12547664811.0,512784757,408851900,False
2023-06-08,30.22,129.612,3.550502,15496355356.54,12355504418.0,512784757,408851900,False
2023-06-09,30.15,129.311774,3.542278,15460460423.55,12326884785.0,512784757,408851900,False
2023-06-12,30.11,129.140216,3.537578,15439949033.27,12310530709.0,512784757,408851900,False
2023-06-13,30.27,129.826448,3.556376,15521994594.39,12375947013.0,512784757,408851900,False
2023-06-14,30.18,129.440442,3.545802,15475843966.26,12339150342.0,512784757,408851900,False
2023-06-15,30.28,129.869337,3.557551,15527122441.96,12380035532.0,512784757,408851900,False
2023-06-16,30.69,131.627806,3.605721,15737364192.33,12547664811.0,512784757,408851900,False
2023-06-19,33.76,144.794875,3.966411,17311613396.32,13802840144.0,512784757,408851900,False
2023-06-20,37.14,159.291519,4.363522,19044825874.98,15184759566.0,512784757,408851900,False
2023-06-21,39.24,168.298309,4.610248,20121673864.68,16043348556.0,512784757,408851900,False
2023-06-26,35.96,154.23056,4.224886,18439739861.72,14702314324.0,512784757,408851900,False
2023-06-27,35.62,152.772318,4.18494,18265393044.34,14563304678.0,512784757,408851900,False
2023-06-28,34.84,149.426939,4.093299,17865420933.88,14244400196.0,512784757,408851900,False
2023-06-29,34.88,149.598497,4.097998,17885932324.16,14260754272.0,512784757,408851900,False
2023-06-30,35.16,150.799402,4.130895,18029512056.12,14375232804.0,512784757,408851900,False
2023-07-03,35.01,150.15606,4.113272,17952594342.57,14313905019.0,512784757,408851900,False
2023-07-04,36.43,156.246366,4.280105,18680748697.51,14894474717.0,512784757,408851900,False
2023-07-05,34.51,148.011586,4.054527,17696201964.07,14109479069.0,512784757,408851900,False
2023-07-06,35.02,150.198949,4.114446,17957722190.14,14317993538.0,512784757,408851900,False
2023-07-07,34.6,148.397591,4.065101,17742352592.2,14146275740.0,512784757,408851900,False
2023-07-10,34.8,149.255381,4.088599,17844909543.6,14228046120.0,512784757,408851900,False
2023-07-11,35.89,153.930334,4.216661,18403844928.73,14673694691.0,512784757,408851900,False
2023-07-12,35.04,150.284728,4.116796,17967977885.28,14326170576.0,512784757,408851900,False
2023-07-13,34.99,150.070281,4.110922,17942338647.43,14305727981.0,512784757,408851900,False
2023-07-14,34.28,147.025128,4.027505,17578261469.96,14015443132.0,512784757,408851900,False
2023-07-17,34.07,146.124449,4.002832,17470576670.99,13929584233.0,512784757,408851900,False
2023-07-18,33.89,145.352438,3.981684,17378275414.73,13855990891.0,512784757,408851900,False
2023-07-19,33.78,144.880654,3.968761,17321869091.46,13811017182.0,512784757,408851900,False
2023-07-20,33.18,151.014292,4.136781,18055204180.44,13565706042.0,544159258,408851900,False
2023-07-21,33.17,150.968778,4.135535,18049762587.86,13561617523.0,544159258,408851900,False
2023-07-24,33.33,151.696997,4.155483,18136828069.14,13627033827.0,544159258,408851900,False
2023-07-25,33.69,153.335488,4.200367,18332725402.02,13774220511.0,544159258,408851900,False
2023-07-26,32.59,148.328986,4.063222,17734150218.22,13324483421.0,544159258,408851900,False
2023-07-27,32.46,147.737309,4.047014,17663409514.68,13271332674.0,544159258,408851900,False
2023-07-28,32.7,148.829637,4.076936,17794007736.6,13369457130.0,544159258,408851900,False
2023-07-31,33.18,151.014292,4.136781,18055204180.44,13565706042.0,544159258,408851900,False
2023-08-01,32.85,149.512341,4.095638,17875631625.3,13430784915.0,544159258,408851900,False
2023-08-02,32.68,148.738609,4.074443,17783124551.44,13361280092.0,544159258,408851900,False
2023-08-03,32.55,148.146932,4.058235,17712383847.9,13308129345.0,544159258,408851900,False
2023-08-04,32.93,149.876451,4.105612,17919164365.94,13463493067.0,544159258,408851900,False
2023-08-07,33.04,150.377101,4.119327,17979021884.32,13508466776.0,544159258,408851900,False
2023-08-08,32.71,148.87515,4.078183,17799449329.18,13373545649.0,544159258,408851900,False
2023-08-09,32.37,147.327686,4.035793,17614435181.46,13234536003.0,544159258,408851900,False
2023-08-10,32.3,147.009091,4.027066,17576344033.4,13205916370.0,544159258,408851900,False
2023-08-11,31.66,144.096217,3.947272,17228082108.28,12944251154.0,544159258,408851900,False
2023-08-14,31.92,145.279572,3.979688,17369563515.36,13050552648.0,544159258,408851900,False
2023-08-15,31.54,143.550053,3.932311,17162782997.32,12895188926.0,544159258,408851900,False
2023-08-16,30.86,140.455125,3.847531,16792754701.88,12617169634.0,544159258,408851900,False
2023-08-17,31.69,144.232758,3.951013,17244406886.02,12956516711.0,544159258,408851900,False
2023-08-18,31.38,142.821835,3.912363,17075717516.04,12829772622.0,544159258,408851900,False
2023-08-21,30.61,139.317284,3.816362,16656714887.38,12514956659.0,544159258,408851900,False
2023-08-22,31.14,141.729507,3.88244,16945119294.12,12731648166.0,544159258,408851900,False
2023-08-23,30.4,138.361497,3.790179,16542441443.2,12429097760.0,544159258,408851900,False
2023-08-24,30.33,170.540325,3.182252,16504350295.14,12400478127.0,544159258,408851900,False
2023-08-25,29.55,166.15452,3.100414,16079906073.9,12081573645.0,544159258,408851900,False
2023-08-28,30.04,168.909705,3.151825,16346544110.32,12281911076.0,544159258,408851900,False
2023-08-29,30.77,173.014368,3.228417,16743780368.66,12580372963.0,544159258,408851900,False
2023-08-30,31.09,174.813673,3.261992,16917911331.22,12711205571.0,544159258,408851900,False
2023-08-31,30.92,173.857792,3.244155,16825404257.36,12641700748.0,544159258,408851900,False
2023-09-01,31.12,174.982357,3.265139,16934236108.96,12723471128.0,544159258,408851900,False
2023-09-04,31.75,178.524738,3.33124,17277056441.5,12981047825.0,544159258,408851900,False
2023-09-05,31.7,178.243597,3.325994,17249848478.6,12960605230.0,544159258,408851900,False
2023-09-06,32.72,183.97888,3.433013,17804890921.76,13377634168.0,544159258,408851900,False
2023-09-07,31.9,179.368162,3.346978,17358680330.2,13042375610.0,544159258,408851900,False
2023-09-08,33.9,190.613815,3.55682,18446998846.2,13860079410.0,544159258,408851900,False
2023-09-11,33.3,187.240119,3.493867,18120503291.4,13614768270.0,544159258,408851900,False
2023-09-12,32.72,183.97888,3.433013,17804890921.76,13377634168.0,544159258,408851900,False
2023-09-13,31.9,179.368162,3.346978,17358680330.2,13042375610.0,544159258,408851900,False
2023-09-14,31.95,179.649303,3.352224,17385888293.1,13062818205.0,544159258,408851900,False
2023-09-15,31.66,178.018684,3.321797,17228082108.28,12944251154.0,544159258,408851900,False
2023-09-18,31.4,176.556749,3.294517,17086600701.2,12837949660.0,544159258,408851900,False
2023-09-19,30.53,171.66489,3.203236,16613182146.74,12482248507.0,544159258,408851900,False
2023-09-20,30.22,169.921814,3.170711,16444492776.76,12355504418.0,544159258,408851900,False
2023-09-21,30.3,170.37164,3.179104,16488025517.4,12388212570.0,544159258,408851900,False
2023-09-22,30.8,173.183053,3.231565,16760105146.4,12592638520.0,544159258,408851900,False
2023-09-25,30.65,172.339629,3.215827,16678481257.7,12531310735.0,544159258,408851900,False
2023-09-26,30.41,170.990151,3.190646,16547883035.78,12433186279.0,544159258,408851900,False
2023-09-27,30.42,171.046379,3.191695,16553324628.36,12437274798.0,544159258,408851900,False
2023-09-28,30.96,174.082705,3.248352,16847170627.68,12658054824.0,544159258,408851900,False
2023-10-09,31.84,179.030792,3.340683,17326030774.72,13017844496.0,544159258,408851900,False
2023-10-10,32.2,181.05501,3.378454,17521928107.6,13165031180.0,544159258,408851900,False
2023-10-11,32.09,180.436499,3.366913,17462070589.22,13120057471.0,544159258,408851900,False
2023-10-12,32.45,182.460717,3.404684,17657967922.1,13267244155.0,544159258,408851900,False
2023-10-13,32.31,181.673521,3.389995,17581785625.98,13210004889.0,544159258,408851900,False
2023-10-16,31.86,179.143249,3.342781,17336913959.88,13026021534.0,544159258,408851900,False
2023-10-17,32.34,181.842206,3.393143,17598110403.72,13222270446.0,544159258,408851900,False
2023-10-18,31.75,178.524738,3.33124,17277056441.5,12981047825.0,544159258,408851900,False
2023-10-19,31.82,178.918336,3.338584,17315147589.56,13009667458.0,544159258,408851900,False
2023-10-20,31.12,174.982357,3.265139,16934236108.96,12723471128.0,544159258,408851900,False
2023-10-23,31.21,175.488412,3.274582,16983210442.18,12760267799.0,544159258,408851900,False
2023-10-24,31.07,174.701216,3.259893,16907028146.06,12703028533.0,544159258,408851900,False
2023-10-25,32.03,180.099129,3.360617,17429421033.74,13095526357.0,544159258,408851900,False
2023-10-26,32.45,182.460717,3.404684,17657967922.1,13267244155.0,544159258,408851900,False
2023-10-27,32.13,180.661412,3.37111,17483836959.54,13136411547.0,544159258,408851900,False
2023-10-30,32.74,335.977273,3.452031,17815774106.92,13385811206.0,544159258,408851900,False
2023-10-31,33.07,339.363727,3.486826,17995346662.06,13520732333.0,544159258,408851900,False
2023-11-01,33.8,346.854973,3.563795,18392582920.4,13819194220.0,544159258,408851900,False
2023-11-02,34.83,357.424814,3.672396,18953066956.14,14240311677.0,544159258,408851900,False
2023-11-03,38.31,393.136509,4.039319,20846741173.98,15663116289.0,544159258,408851900,False
2023-11-06,36.89,378.564496,3.889598,20074035027.62,15082546591.0,544159258,408851900,False
2023-11-07,35.77,367.071076,3.771508,19464576658.66,14624632463.0,544159258,408851900,False
2023-11-08,35.98,369.226093,3.79365,19578850102.84,14710491362.0,544159258,408851900,False
2023-11-09,34.35,352.499063,3.621786,18691870512.3,14044062765.0,544159258,408851900,False
2023-11-10,34.44,353.422641,3.631275,18740844845.52,14080859436.0,544159258,408851900,False
2023-11-13,35.05,359.68245,3.695592,19072781992.9,14330259095.0,544159258,408851900,False
2023-11-14,34.84,357.527434,3.673451,18958508548.72,14244400196.0,544159258,408851900,False
2023-11-15,35.13,360.503408,3.704027,19116314733.54,14407220508.0,544159258,410111600,False
2023-11-16,35.57,365.01868,3.75042,19355744807.06,14587669612.0,544159258,410111600,False
2023-11-17,34.92,358.348392,3.681886,19002041289.36,14321097072.0,544159258,410111600,False
2023-11-20,35.27,361.940086,3.718789,19192497029.66,14464636132.0,544159258,410111600,False
2023-11-21,34.27,351.678104,3.613351,18648337771.66,14054524532.0,544159258,410111600,False
2023-11-22,33.63,345.110436,3.545871,18300075846.54,13792053108.0,544159258,410111600,False
2023-11-23,34.01,349.009989,3.585937,18506856364.58,13947895516.0,544159258,410111600,False
2023-11-24,33.39,342.647561,3.520566,18169477624.62,13693626324.0,544159258,410111600,False
2023-11-27,33.7,345.828775,3.553251,18338166994.6,13820760920.0,544159258,410111600,False
2023-11-28,33.77,346.547114,3.560632,18376258142.66,13849468732.0,544159258,410111600,False
2023-11-29,33.57,344.494717,3.539545,18267426291.06,13767446412.0,544159258,410111600,False
2023-11-30,33.28,341.518743,3.508968,18109620106.24,13648514048.0,544159258,410111600,False
2023-12-01,33.31,341.826602,3.512131,18125944883.98,13660817396.0,544159258,410111600,False
2023-12-04,33.17,340.389925,3.49737,18049762587.86,13603401772.0,544159258,410111600,False
2023-12-05,32.19,330.333183,3.394041,17516486515.02,13201492404.0,544159258,410111600,False
2023-12-06,31.87,327.049349,3.3603,17342355552.46,13070256692.0,544159258,410111600,False
2023-12-07,31.96,327.972927,3.36979,17391329885.68,13107166736.0,544159258,410111600,False
2023-12-08,31.87,327.049349,3.3603,17342355552.46,13070256692.0,544159258,410111600,False
2023-12-11,32.3,331.462001,3.405639,17576344033.4,13246604680.0,544159258,410111600,False
2023-12-12,32.45,333.001298,3.421454,17657967922.1,13308121420.0,544159258,410111600,False
2023-12-13,32.05,328.896505,3.379279,17440304218.9,13144076780.0,544159258,410111600,False
2023-12-14,31.76,325.920531,3.348702,17282498034.08,13025144416.0,544159258,410111600,False
2023-12-15,31.54,323.662895,3.325506,17162782997.32,12934919864.0,544159258,410111600,False
2023-12-18,31.01,318.224045,3.269624,16874378590.58,12717560716.0,544159258,410111600,False
2023-12-19,31.11,319.250243,3.280168,16928794516.38,12758571876.0,544159258,410111600,False
2023-12-20,30.55,313.503533,3.221123,16624065331.9,12528909380.0,544159258,410111600,False
2023-12-21,30.77,315.761169,3.244319,16743780368.66,12619133932.0,544159258,410111600,False
2023-12-22,30.68,314.837591,3.23483,16694806035.44,12582223888.0,544159258,410111600,False
2023-12-25,30.98,317.916185,3.266461,16858053812.84,12705257368.0,544159258,410111600,False
2023-12-26,30.41,312.066856,3.206361,16547883035.78,12471493756.0,544159258,410111600,False
2023-12-27,30.68,314.837591,3.23483,16694806035.44,12582223888.0,544159258,410111600,False
2023-12-28,31.2,320.173821,3.289657,16977768849.6,12795481920.0,544159258,410111600,False
2023-12-29,31.58,324.073374,3.329724,17184549367.64,12951324328.0,544159258,410111600,False
2024-01-02,31.29,321.0974,3.299147,17026743182.82,12828073944.0,544159258,409973600,False
2024-01-03,31.16,319.763342,3.28544,16956002479.28,12774777376.0,544159258,409973600,False
2024-01-04,30.97,317.813565,3.265406,16852612220.26,12696882392.0,544159258,409973600,False
2024-01-05,30.45,312.477335,3.210579,16569649406.1,12483696120.0,544159258,409973600,False
2024-01-08,29.89,306.730626,3.151534,16264920221.62,12254110904.0,544159258,409973600,False
2024-01-09,29.72,304.986089,3.133609,16172413147.76,12184415392.0,544159258,409973600,False
2024-01-10,28.99,297.494842,3.05664,15775176889.42,11885134664.0,544159258,409973600,False
2024-01-11,29.6,303.754651,3.120957,16107114036.8,12135218560.0,544159258,409973600,False
2024-01-12,30.1,308.885642,3.173676,16379193665.8,12340205360.0,544159258,409973600,False
2024-01-15,29.47,302.420593,3.10725,16036373333.26,12081921992.0,544159258,409973600,False
2024-01-16,29.46,302.317973,3.106196,16030931740.68,12083479135.74,544159258,410165619,False
2024-01-17,28.79,295.16935,3.032746,15651863667.82,11808668171.01,543656258,410165619,False
2024-01-18,28.45,291.683502,2.996931,15467020540.1,11669211860.55,543656258,410165619,False
2024-01-19,28.25,289.633003,2.975863,15358289288.5,11587178736.75,543656258,410165619,False
2024-01-22,26.4,270.665886,2.780983,14352525211.2,10828372341.6,543656258,410165619,False
2024-01-23,26.64,273.126485,2.806265,14483002713.12,10926812090.16,543656258,410165619,False
2024-01-24,26.29,269.538111,2.769396,14292723022.82,11608089754.8,543656258,441540120,False
2024-01-25,27.16,278.457782,2.861042,14765703967.28,11992229659.2,543656258,441540120,False
2024-01-26,26.87,275.484559,2.830493,14608043652.46,11864183024.4,543656258,441540120,False
2024-01-29,26.18,268.410337,2.757808,14232920834.44,11559520341.6,543656258,441540120,False
2024-01-30,25.72,263.694189,2.709352,13982838955.76,11356411886.4,543656258,441540120,False
2024-01-31,24.28,248.930595,2.557662,13199973944.24,10720594113.6,543656258,441540120,False
2024-02-01,24.33,249.44322,2.562929,13227156757.14,10742671119.6,543656258,441540120,False
2024-02-02,23.04,236.2175,2.42704,12525840184.32,10173084364.8,543656258,441540120,False
2024-02-05,21.35,218.890782,2.249015,11607061108.3,9426881562.0,543656258,441540120,False
2024-02-06,23.2,237.857899,2.443894,12612825185.6,10243730784.0,543656258,441540120,False
2024-02-07,24.4,250.160894,2.570303,13265212695.2,10773578928.0,543656258,441540120,False
2024-02-08,24.95,255.799767,2.62824,13564223637.1,11016425994.0,543656258,441540120,False
2024-02-19,25.49,261.336115,2.685123,13857798016.42,11254857658.8,543656258,441540120,False
2024-02-20,25.6,262.463889,2.696711,13917600204.8,11303427072.0,543656258,441540120,False
2024-02-21,25.66,263.079039,2.703031,13950219580.28,11329919479.2,543656258,441540120,False
2024-02-22,26.2,268.615386,2.759915,14243793959.6,11568351144.0,543656258,441540120,False
2024-02-23,26.57,272.40881,2.798891,14444946775.06,11731720988.4,543656258,441540120,False
2024-02-26,26.88,275.587084,2.831546,14613480215.04,11868598425.6,543656258,441540120,False
2024-02-27,28.2,289.120378,2.970596,15331106475.6,12451431384.0,543656258,441540120,False
2024-02-28,26.47,89.911742,2.788357,14390581149.26,11687566976.4,543656258,441540120,False
2024-02-29,27.49,93.376418,2.895804,14945110532.42,12137937898.8,543656258,441540120,False
2024-03-01,28.16,95.652235,2.966382,15309360225.28,12433769779.2,543656258,441540120,False
2024-03-04,28.06,95.312561,2.955848,15254994599.48,12389615767.2,543656258,441540120,False
2024-03-05,27.91,94.80305,2.940047,15173446160.78,12323384749.2,543656258,441540120,False
2024-03-06,27.85,94.599245,2.933726,15140826785.3,12296892342.0,543656258,441540120,False
2024-03-07,27.14,92.187559,2.858935,14754830842.12,11983398856.8,543656258,441540120,False
2024-03-08,27.84,94.565278,2.932673,15135390222.72,12292476940.8,543656258,441540120,False
2024-03-11,27.99,95.074789,2.948474,15216938661.42,12358707958.8,543656258,441540120,False
2024-03-12,28.29,96.093811,2.980076,15380035538.82,12491169994.8,543656258,441540120,False
2024-03-13,28.87,98.063921,3.041174,15695356168.46,12747263264.4,543656258,441540120,False
2024-03-14,28.21,95.822072,2.971649,15336543038.18,12455846785.2,543656258,441540120,False
2024-03-15,29.0,98.505498,3.054868,15766031482.0,12804663480.0,543656258,441540120,False
2024-03-18,29.42,99.932129,3.099111,15994367110.36,12990110330.4,543656258,441540120,False
2024-03-19,29.54,100.339738,3.111751,16059605861.32,13043095144.8,543656258,441540120,False
2024-03-20,30.05,102.072076,3.165475,16336870552.9,13268280606.0,543656258,441540120,False
2024-03-21,30.7,104.279958,3.233946,16690247120.6,13555281684.0,543656258,441540120,False
2024-03-22,29.9,101.562565,3.149674,16255322114.2,13202049588.0,543656258,441540120,False
2024-03-25,30.27,102.819359,3.18865,16456474929.66,13365419432.4,543656258,441540120,False
2024-03-26,33.3,113.111485,3.507831,18103753391.4,14703285996.0,543656258,441540120,False
2024-03-27,29.98,101.834304,3.158101,16298814614.84,13237372797.6,543656258,441540120,False
2024-03-28,32.28,108.876098,3.153653,17549224008.24,14252915073.6,543656258,441540120,False
2024-03-29,31.95,107.763053,3.121413,17369817443.1,14107206834.0,543656258,441540120,False
2024-04-01,31.51,106.278992,3.078426,17130608689.58,13912929181.2,543656258,441540120,False
2024-04-02,32.64,110.09033,3.188823,17744940261.12,14411869516.8,543656258,441540120,False
2024-04-03,32.64,110.09033,3.188823,17744940261.12,14411869516.8,543656258,441540120,False
2024-04-08,30.63,103.31087,2.992453,16652191182.54,13524373875.6,543656258,441540120,False
2024-04-09,29.89,100.81495,2.920157,16249885551.62,13197634186.8,543656258,441540120,False
2024-04-10,28.83,97.239712,2.816599,15673609918.14,12729601659.6,543656258,441540120,False
2024-04-11,28.29,95.418365,2.763842,15380035538.82,12491169994.8,543656258,441540120,False
2024-04-12,28.44,95.924295,2.778497,15461583977.52,12557401012.8,543656258,441540120,False
2024-04-15,28.77,97.037341,2.810737,15640990542.66,12703109252.4,543656258,441540120,False
2024-04-16,26.39,89.009921,2.578218,14347088648.62,11652243766.8,543656258,441540120,False
2024-04-17,27.69,93.394646,2.705224,15053841784.02,12226245922.8,543656258,441540120,False
2024-04-18,28.11,94.811249,2.746257,15282177412.38,12411692773.2,543656258,441540120,False
2024-04-19,29.03,97.914286,2.836138,15782341169.74,12817909683.6,543656258,441540120,False
2024-04-22,28.73,96.902426,2.806829,15619244292.34,12685447647.6,543656258,441540120,False
2024-04-23,28.28,95.384636,2.762865,15374598976.24,12486754593.6,543656258,441540120,False
2024-04-24,29.31,98.858688,2.863493,15934564921.98,12941540917.2,543656258,441540120,False
2024-04-25,27.22,156.169157,2.6652,14798323342.76,12018722066.4,543656258,441540120,False
2024-04-26,27.58,158.234583,2.700449,14994039595.64,12177676509.6,543656258,441540120,False
2024-04-29,28.69,164.60298,2.809132,15597498042.02,12667786042.8,543656258,441540120,False
2024-04-30,27.8,159.496788,2.721989,15113643972.4,12274815336.0,543656258,441540120,False
2024-05-06,28.2,161.791706,2.761155,15331106475.6,12451431384.0,543656258,441540120,False
2024-05-07,28.8,165.234082,2.819903,15657300230.4,12716355456.0,543656258,441540120,False
2024-05-08,29.09,166.897898,2.848298,15814960545.22,12844402090.8,543656258,441540120,False
2024-05-09,29.08,166.840525,2.847318,15809523982.64,12839986689.6,543656258,441540120,False
2024-05-10,28.7,164.660353,2.810111,15602934604.6,12672201444.0,543656258,441540120,False
2024-05-13,27.77,159.324669,2.719052,15097334284.66,12261569132.4,543656258,441540120,False
2024-05-14,27.8,159.496788,2.721989,15113643972.4,12274815336.0,543656258,441540120,False
2024-05-15,27.44,157.431362,2.686741,14917927719.52,12115860892.8,543656258,441540120,False
2024-05-16,27.3,156.628141,2.673033,14841815843.4,12054045276.0,543656258,441540120,False
2024-05-17,27.8,159.496788,2.721989,15113643972.4,12274815336.0,543656258,441540120,False
2024-05-20,27.98,160.529501,2.739614,15211502098.84,12354292557.6,543656258,441540120,False
2024-05-21,27.62,158.428019,2.70375,15012369251.96,12195338114.4,543532558,441540120,False
2024-05-22,27.38,157.051382,2.680256,14881921438.04,12089368485.6,543532558,441540120,False
2024-05-23,27.01,154.929066,2.644036,14680814391.58,11925998641.2,543532558,441540120,False
2024-05-24,26.5,152.003711,2.594112,14403612787.0,11700813180.0,543532558,441540120,False
2024-05-27,26.75,153.437709,2.618585,14539495926.5,11811198210.0,543532558,441540120,False
2024-05-28,26.75,153.437709,2.618585,14539495926.5,11811198210.0,543532558,441540120,False
2024-05-29,26.7,153.150909,2.61369,14512319298.6,11789121204.0,543532558,441540120,False
2024-05-30,26.77,153.552428,2.620542,14550366577.66,11820029012.4,543532558,441540120,False
2024-05-31,25.65,147.12812,2.510904,13941610112.7,11325504078.0,543532558,441540120,False
2024-06-03,25.45,145.980923,2.491326,13832903601.1,11237196054.0,543532558,441540120,False
2024-06-04,25.61,146.898681,2.506989,13919868810.38,11307842473.2,543532558,441540120,False
2024-06-05,25.96,148.906277,2.541251,14110105205.68,11462381515.2,543532558,441540120,False
2024-06-06,25.07,143.801247,2.454128,13626361229.06,11069410808.4,543532558,441540120,False
2024-06-07,25.17,144.374846,2.463917,13680714484.86,11113564820.4,543532558,441540120,False
2024-06-11,25.53,146.439802,2.499158,13876386205.74,11272519263.6,543532558,441540120,False
2024-06-12,25.55,146.554522,2.501115,13887256856.9,11281350066.0,543532558,441540120,False
2024-06-13,25.43,145.866203,2.489368,13822032949.94,11228365251.6,543532558,441540120,False
2024-06-14,25.59,146.783961,2.505031,13908998159.22,11299011670.8,543532558,441540120,False
2024-06-17,25.6,146.841321,2.50601,13914433484.8,11303427072.0,543532558,441540120,False
2024-06-18,25.99,149.078357,2.544187,14126411182.42,11475627718.8,543532558,441540120,False
2024-06-19,25.98,149.020997,2.543208,14120975856.84,11471212317.6,543532558,441540120,False
2024-06-20,25.21,144.604285,2.467832,13702455787.18,11131226425.2,543532558,441540120,False
2024-06-21,25.11,144.030686,2.458043,13648102531.38,11087072413.2,543532558,441540120,False
2024-06-24,24.04,137.893178,2.3533,13066522694.32,10614624484.8,543532558,441540120,False
2024-06-25,23.67,135.770862,2.31708,12865415647.86,10451254640.4,543532558,441540120,False
2024-06-26,24.59,141.047972,2.40714,13365465601.22,10857471550.8,543532558,441540120,False
2024-06-27,23.87,136.91806,2.336658,12974122159.46,10539562664.4,543532558,441540120,False
2024-06-28,24.18,138.696217,2.367005,13142617252.44,10676440101.6,543532558,441540120,False
2024-07-01,24.39,139.900774,2.387562,13256759089.62,10769163526.8,543532558,441540120,False
2024-07-02,24.28,139.269815,2.376794,13196970508.24,10720594113.6,543532558,441540120,False
2024-07-03,24.06,138.007898,2.355258,13077393345.48,10623455287.2,543532558,441540120,False
2024-07-04,23.58,135.254623,2.30827,12816497717.64,10411516029.6,543532558,441540120,False
2024-07-05,23.73,136.115021,2.322954,12898027601.34,10477747047.6,543532558,441540120,False
2024-07-08,23.02,132.042469,2.253451,12512119485.16,10164253562.4,543532558,441540120,False
2024-07-09,23.65,135.656142,2.315122,12854544996.7,10442423838.0,543532558,441540120,False
2024-07-10,23.5,134.795744,2.300439,12773015113.0,10376192820.0,543532558,441540120,False
2024-07-11,24.06,138.007898,2.355258,13077393345.48,10623455287.2,543532558,441540120,False
2024-07-12,24.19,138.753576,2.367984,13148052578.02,10680855502.8,543532558,441540120,False
2024-07-15,25.19,144.489566,2.465875,13691585136.02,11122395622.8,543532558,441540120,False
2024-07-16,25.3,145.120524,2.476643,13751373717.4,11170965036.0,543532558,441540120,False
2024-07-17,24.81,142.30989,2.428676,13485042763.98,10954610377.2,543532558,441540120,False
2024-07-18,24.98,143.285008,2.445317,13577443298.84,11029672197.6,543532558,441540120,False
2024-07-19,25.15,144.260126,2.461959,13669843833.7,11104734018.0,543532558,441540120,False
2024-07-22,25.12,144.088046,2.459022,13653537856.96,11091487814.4,543532558,441540120,False
2024-07-23,24.49,140.474373,2.397351,13311112345.42,10813317538.8,543532558,441540120,False
2024-07-24,24.21,138.868296,2.369941,13158923229.18,10689686305.2,543532558,441540120,False
2024-07-25,24.14,138.466777,2.363089,13120875950.12,10658778496.8,543532558,441540120,False
2024-07-26,24.9,142.826129,2.437486,13533960694.2,10994348988.0,543532558,441540120,False
2024-07-29,25.35,145.407324,2.481537,13778550345.3,11193042042.0,543532558,441540120,False
2024-07-30,26.14,149.938755,2.558871,14207941066.12,11541858736.8,543532558,441540120,False
2024-07-31,26.2,150.282915,2.564745,14240553019.6,11568351144.0,543532558,441540120,False
2024-08-01,26.33,151.028593,2.57747,14311212252.14,11625751359.6,543532558,441540120,False
2024-08-02,26.03,149.307796,2.548103,14148152484.74,11493289323.6,543532558,441540120,False
2024-08-05,24.93,142.998208,2.440423,13550266670.94,11007595191.6,543532558,441540120,False
2024-08-06,25.44,145.923563,2.490347,13827468275.52,11232780652.8,543532558,441540120,False
2024-08-07,26.25,150.569714,2.569639,14267729647.5,11590428150.0,543532558,441540120,False
2024-08-08,25.35,145.407324,2.481537,13778550345.3,11193042042.0,543532558,441540120,False
2024-08-09,24.95,143.112928,2.442381,13561137322.1,11016425994.0,543532558,441540120,False
2024-08-12,24.42,140.072854,2.390499,13273065066.36,10782409730.4,543532558,441540120,False
2024-08-13,24.56,140.875892,2.404203,13349159624.48,10844225347.2,543532558,441540120,False
2024-08-14,24.33,139.556615,2.381688,13224147136.14,10742671119.6,543532558,441540120,False
2024-08-15,24.47,140.359653,2.395393,13300241694.26,10804486736.4,543532558,441540120,False
2024-08-16,24.08,138.122618,2.357216,13088263996.64,10632286089.6,543532558,441540120,False
2024-08-19,24.26,139.155096,2.374836,13186099857.08,10711763311.2,543532558,441540120,False
2024-08-20,23.97,137.491659,2.346448,13028475415.26,10583716676.4,543532558,441540120,False
2024-08-21,23.73,136.115021,2.322954,12898027601.34,10477747047.6,543532558,441540120,False
2024-08-22,23.4,165.934671,2.32783,12718661857.2,10332038808.0,543532558,441540120,False
2024-08-23,23.51,166.714706,2.338773,12778450438.58,10380608221.2,543532558,441540120,False
2024-08-26,23.41,166.005583,2.328825,12724097182.78,10336454209.2,543532558,441540120,False
2024-08-27,23.04,163.38183,2.292017,12522990136.32,10173084364.8,543532558,441540120,False
2024-08-28,22.99,163.027268,2.287043,12495813508.42,10151007358.8,543532558,441540120,False
2024-08-29,23.28,165.083724,2.315892,12653437950.24,10279053993.6,543532558,441540120,False
2024-08-30,23.58,167.211091,2.345736,12816497717.64,10411516029.6,543532558,441540120,False
2024-09-02,23.07,163.594566,2.295001,12539296113.06,10186330568.4,543532558,441540120,False
2024-09-03,23.37,165.721934,2.324845,12702355880.46,10318792604.4,543532558,441540120,False
2024-09-04,23.44,166.21832,2.331809,12740403159.52,10349700412.8,543532558,441540120,False
2024-09-05,23.69,167.991126,2.356679,12876286299.02,10460085442.8,543532558,441540120,False
2024-09-06,23.17,164.303689,2.304949,12593649368.86,10230484580.4,543532558,441540120,False
2024-09-09,22.95,162.743619,2.283064,12474072206.1,10133345754.0,543532558,441540120,False
2024-09-10,22.92,162.530883,2.280079,12457766229.36,10120099550.4,543532558,441540120,False
2024-09-11,22.76,161.396287,2.264163,12370801020.08,10049453131.2,543532558,441540120,False
2024-09-12,22.62,160.403515,2.250235,12294706461.96,9987637514.4,543532558,441540120,False
2024-09-13,22.46,159.268919,2.234319,12207741252.68,9916991095.2,543532558,441540120,False
2024-09-18,22.48,159.410744,2.236308,12218611903.84,9925821897.6,543532558,441540120,False
2024-09-19,22.67,160.758076,2.255209,12321883089.86,10009714520.4,543532558,441540120,False
2024-09-20,23.17,164.303689,2.304949,12593649368.86,10230484580.4,543532558,441540120,False
2024-09-23,23.07,163.594566,2.295001,12539296113.06,10186330568.4,543532558,441540120,False
2024-09-24,23.52,166.785618,2.339767,12783885764.16,10385023622.4,543532558,441540120,False
2024-09-25,23.65,167.707477,2.3527,12854544996.7,10442423838.0,543532558,441540120,False
2024-09-26,24.15,171.25309,2.40244,13126311275.7,10663193898.0,543532558,441540120,False
2024-09-27,25.37,179.904385,2.523805,13789420996.46,11201872844.4,543532558,441540120,False
2024-09-30,27.9,197.845184,2.775489,15164558368.2,12318969348.0,543532558,441540120,False
2024-10-08,30.67,217.487878,3.051049,16670143553.86,13542035480.4,543532558,441540120,False
2024-10-09,27.82,197.277886,2.767531,15121075763.56,12283646138.4,543532558,441540120,False
2024-10-10,28.06,198.97978,2.791406,15251523577.48,12389615767.2,543532558,441540120,False
2024-10-11,26.6,188.626592,2.646166,14457966042.8,11744967192.0,543532558,441540120,False
2024-10-14,27.72,196.568764,2.757583,15066722507.76,12239492126.4,543532558,441540120,False
2024-10-15,27.32,193.732274,2.717791,14849309484.56,12062876078.4,543532558,441540120,False
2024-10-16,26.9,190.753959,2.67601,14621025810.2,11914199725.7,543532558,442907053,False
2024-10-17,26.92,190.895784,2.677999,14631896461.36,11923057866.76,543532558,442907053,False
2024-10-18,27.89,197.774272,2.774495,15159123042.62,12352677708.17,543532558,442907053,False
2024-10-21,29.25,207.418339,2.909787,15898327321.5,12955031300.25,543532558,442907053,False
2024-10-22,28.78,204.085463,2.863032,15642867019.24,12746864985.34,543532558,442907053,False
2024-10-23,28.99,205.57462,2.883923,15757008856.42,12839875466.47,543532558,442907053,False
2024-10-24,28.37,201.17806,2.822245,15420018670.46,12565273093.61,543532558,442907053,False
2024-10-25,28.2,209.349791,2.801184,15327618135.6,12489978894.6,543532558,442907053,False
2024-10-28,28.34,210.389116,2.81509,15403712693.72,12551985882.02,543532558,442907053,False
2024-10-29,27.92,207.27114,2.773371,15175429019.36,12365964919.76,543532558,442907053,False
2024-10-30,28.0,207.86504,2.781317,15218911624.0,12401397484.0,543532558,442907053,False
2024-10-31,28.31,210.166403,2.81211,15387406716.98,12538698670.43,543532558,442907053,False
2024-11-01,27.03,200.664001,2.684965,14691685042.74,11971777642.59,543532558,442907053,False
2024-11-04,27.8,206.38029,2.761451,15110205112.4,12312816073.4,543532558,442907053,False
2024-11-05,28.72,213.210141,2.852837,15610255065.76,12720290562.16,543532558,442907053,False
2024-11-06,29.06,215.734217,2.88661,15795056135.48,12870878960.18,543532558,442907053,False
2024-11-07,29.55,219.371855,2.935283,16061387088.9,13087903416.15,543532558,442907053,False
2024-11-08,30.73,228.131882,3.052496,16702755507.34,13610533738.69,543532558,442907053,False
2024-11-11,31.46,233.55122,3.125009,17099534274.68,13933855887.38,543532558,442907053,False
2024-11-12,31.15,231.249857,3.094215,16931039181.7,13796554700.95,543532558,442907053,False
2024-11-13,30.95,229.765107,3.074349,16822332670.1,13707973290.35,543532558,442907053,False
2024-11-14,29.93,222.192881,2.97303,16267929460.94,13256208096.29,543532558,442907053,False
2024-11-15,29.07,215.808454,2.887603,15800491461.06,12875308030.71,543532558,442907053,False
2024-11-18,28.17,209.127078,2.798204,15311312158.86,12476691683.01,543532558,442907053,False
2024-11-19,29.25,217.14473,2.905483,15898327321.5,12955031300.25,543532558,442907053,False
2024-11-20,29.69,220.41118,2.94919,16137481647.02,13149910403.57,543532558,442907053,False
2024-11-21,30.36,225.385094,3.015743,16501648460.88,13446658129.08,543532558,442907053,False
2024-11-22,28.83,214.026754,2.863763,15670043647.14,12769010337.99,543532558,442907053,False
2024-11-25,28.7,213.061666,2.85085,15599384414.6,12711432421.1,543532558,442907053,False
2024-11-26,28.25,209.720978,2.80615,15354794763.5,12512124247.25,543532558,442907053,False
2024-11-27,29.23,216.996255,2.903497,15887456670.34,12946173159.19,543532558,442907053,False
2024-11-28,29.48,218.852192,2.92833,16023339809.84,13056899922.44,543532558,442907053,False
2024-11-29,29.7,220.485418,2.950183,16142916972.6,13154339474.1,543532558,442907053,False
2024-12-02,29.66,220.188468,2.94621,16121175670.28,13136623191.98,543532558,442907053,False
2024-12-03,29.18,216.625067,2.89853,15860280042.44,12924027806.54,543532558,442907053,False
2024-12-04,28.24,209.646741,2.805157,15349359437.92,12507695176.72,543532558,442907053,False
2024-12-05,28.69,212.987429,2.849857,15593949089.02,12707003350.57,543532558,442907053,False
2024-12-06,28.97,215.066079,2.87767,15746138205.26,12831017325.41,543532558,442907053,False
2024-12-09,28.5,211.576916,2.830984,15490677903.0,12622851010.5,543532558,442907053,False
2024-12-10,29.03,215.511504,2.88363,15778750158.74,12857591748.59,543532558,442907053,False
2024-12-11,29.58,219.594568,2.938263,16077693065.64,13101190627.74,543532558,442907053,False
2024-12-12,29.72,220.633893,2.95217,16153787623.76,13163197615.16,543532558,442907053,False
2024-12-13,28.97,215.066079,2.87767,15746138205.26,12831017325.41,543532558,442907053,False
2024-12-16,28.4,210.834541,2.82105,15436324647.2,12578560305.2,543532558,442907053,False
2024-12-17,27.91,207.196903,2.772377,15169993693.78,12361535849.23,543532558,442907053,False
2024-12-18,28.12,208.75589,2.793237,15284135530.96,12454546330.36,543532558,442907053,False
2024-12-19,28.24,209.646741,2.805157,15349359437.92,12507695176.72,543532558,442907053,False
2024-12-20,28.31,210.166403,2.81211,15387406716.98,12538698670.43,543532558,442907053,False
2024-12-23,27.54,204.450115,2.735624,14968886647.32,12197660239.62,543532558,442907053,False
2024-12-24,27.67,205.415202,2.748537,15039545879.86,12255238156.51,543532558,442907053,False
2024-12-25,27.19,201.851802,2.700858,14778650252.02,12042642771.07,543532558,442907053,False
2024-12-26,27.48,204.00469,2.729664,14936274693.84,12171085816.44,543532558,442907053,False
2024-12-27,27.63,205.118252,2.744564,15017804577.54,12237521874.39,543532558,442907053,False
2024-12-30,27.45,203.781977,2.726684,14919968717.1,12157798604.85,543532558,442907053,False
2024-12-31,26.54,197.026363,2.636291,14425354089.32,11753084139.1,543532558,442844165,False
2025-01-02,25.61,190.122274,2.543912,13919868810.38,11341239065.65,543532558,442844165,False
2025-01-03,25.28,187.672436,2.511132,13740503066.24,11195100491.2,543532558,442844165,False
2025-01-06,25.07,186.113449,2.490272,13626361229.06,11102103216.55,543532558,442844165,False
2025-01-07,25.48,189.157187,2.530999,13849209577.84,11283669324.2,543532558,442844165,False
2025-01-08,25.21,187.152774,2.504179,13702455787.18,11164101399.65,543532558,442844165,False
2025-01-09,25.49,189.231424,2.531992,13854644903.42,11288097765.85,543532558,442844165,False
2025-01-10,25.06,186.039211,2.489279,13620925903.48,11097674774.9,543532558,442844165,False
2025-01-13,25.14,186.633111,2.497226,13664408508.12,11133102308.1,543532558,442844165,False
2025-01-14,25.91,192.3494,2.573712,14082928577.78,11474092315.15,543532558,442844165,False
2025-01-15,25.63,190.270749,2.545899,13930739461.54,11350095948.95,543532558,442844165,False
2025-01-16,24.95,185.222598,2.478352,13561137322.1,11048961916.75,543532558,442844165,False
2025-01-17,24.92,184.999886,2.475372,13544831345.36,11035676591.8,543532558,442844165,False
2025-01-20,25.03,185.816499,2.486299,13604619926.74,11084389449.95,543532558,442844165,False
2025-01-21,25.0,185.593786,2.483319,13588313950.0,11071104125.0,543532558,442844165,False
2025-01-22,24.86,184.554461,2.469412,13512219391.88,11009105941.9,543532558,442844165,False
2025-01-23,24.68,183.218186,2.451533,13414383531.44,10929393992.2,543532558,442844165,False
2025-01-24,24.94,185.148361,2.477359,13555701996.52,11044533475.1,543532558,442844165,False
2025-01-27,24.72,183.515136,2.455506,13436124833.76,10947107758.8,543532558,442844165,False
2025-02-05,25.29,187.746674,2.512126,13745938391.82,11199528932.85,543532558,442844165,False
2025-02-06,25.88,192.126687,2.570732,14066622601.04,11460806990.2,543532558,442844165,False
2025-02-07,26.1,193.759913,2.592585,14186199763.8,11558232706.5,543532558,442844165,False
2025-02-10,26.47,196.506701,2.629338,14387306810.26,11722085047.55,543532558,442844165,False
2025-02-11,26.42,196.135513,2.624372,14360130182.36,11699942839.3,543532558,442844165,False
2025-02-12,26.5,196.729413,2.632318,14403612787.0,11735370372.5,543532558,442844165,False
2025-02-13,26.13,193.982625,2.595565,14202505740.54,11571518031.45,543532558,442844165,False
2025-02-14,26.19,194.42805,2.601525,14235117694.02,11598088681.35,543532558,442844165,False
2025-02-17,26.18,194.353813,2.600532,14229682368.44,11593660239.7,543532558,442844165,False
2025-02-18,25.6,190.048037,2.542919,13914433484.8,11306117939.2,543532558,441645232,False
2025-02-19,26.16,194.000437,2.595803,14203809820.56,11553439269.12,542959091,441645232,False
2025-02-20,26.44,196.076894,2.623587,14355838366.04,11677099934.08,542959091,441645232,False
2025-02-21,26.66,197.708396,2.645417,14475289366.06,11774261885.12,542959091,441645232,False
2025-02-24,27.05,200.600604,2.684116,14687043411.55,11946503525.6,542959091,441645232,False
2025-02-25,26.98,200.08149,2.67717,14649036275.18,11915588359.36,542959091,441645232,False
2025-02-26,27.11,201.04556,2.69007,14719620957.01,11973002239.52,542959091,441645232,False
2025-02-27,26.86,199.19158,2.665263,14583881184.26,11862590931.52,542959091,441645232,False
2025-02-28,26.06,193.258845,2.585881,14149513911.46,11509274745.92,542959091,441645232,False
2025-03-03,26.08,193.407163,2.587865,14160373093.28,11518107650.56,542959091,441645232,False
2025-03-04,26.77,198.524147,2.656332,14535014866.07,11822842860.64,542959091,441645232,False
2025-03-05,26.98,200.08149,2.67717,14649036275.18,11915588359.36,542959091,441645232,False
2025-03-06,26.99,200.155649,2.678163,14654465866.09,11920004811.68,542959091,441645232,False
2025-03-07,27.1,200.9714,2.689078,14714191366.1,11968585787.2,542959091,441645232,False
2025-03-10,27.12,201.119719,2.691062,14725050547.92,11977418691.84,542959091,441645232,False
2025-03-11,27.63,204.901837,2.741668,15001959684.33,12202657760.16,542959091,441645232,False
2025-03-12,27.45,203.566972,2.723807,14904227047.95,12123161618.4,542959091,441645232,False
2025-03-13,27.2,201.712992,2.699,14768487275.2,12012750310.4,542959091,441645232,False
2025-03-14,27.26,202.157947,2.704954,14801064820.66,12039249024.32,542959091,441645232,False
2025-03-17,27.05,200.600604,2.684116,14687043411.55,11946503525.6,542959091,441645232,False
2025-03-18,26.98,200.08149,2.67717,14649036275.18,11915588359.36,542959091,441645232,False
2025-03-19,26.76,198.449988,2.65534,14529585275.16,11818426408.32,542959091,441645232,False
2025-03-20,26.74,198.30167,2.653356,14518726093.34,11809593503.68,542959091,441645232,False
2025-03-21,26.54,196.818486,2.63351,14410134275.14,11721264457.28,542959091,441645232,False
2025-03-24,25.88,191.923979,2.56802,14051781275.08,11429778604.16,542959091,441645232,False
2025-03-25,25.91,192.146457,2.570996,14068070047.81,11443027961.12,542959091,441645232,False
2025-03-26,25.81,191.404865,2.561074,14013774138.71,11398863437.92,542959091,441645232,False
2025-03-27,25.88,-40.177639,2.753088,14051781275.08,11429778604.16,542959091,441645232,False
2025-03-28,25.61,-39.758475,2.724366,13905182320.51,11310534391.52,542959091,441645232,False
2025-03-31,25.31,-39.292737,2.692452,13742294593.21,11178040821.92,542959091,441645232,False
2025-04-01,25.58,-39.711901,2.721175,13888893547.78,11297285034.56,542959091,441645232,False
2025-04-02,25.52,-39.618754,2.714792,13856316002.32,11270786320.64,542959091,441645232,False
2025-04-03,25.47,-39.541131,2.709473,13829168047.77,11248704059.04,542959091,441645232,False
2025-04-07,22.92,-35.58236,2.438207,12444622365.72,10122508717.44,542959091,441645232,False
2025-04-08,23.17,-35.970475,2.464801,12580362138.47,10232920025.44,542959091,441645232,False
2025-04-09,24.45,-37.957622,2.600966,13275349774.95,10798225922.4,542959091,441645232,False
2025-04-10,24.45,-37.957622,2.600966,13275349774.95,10798225922.4,542959091,441645232,False
2025-04-11,26.9,-41.761147,2.861595,14605599547.9,11880256740.8,542959091,441645232,False
2025-04-14,26.33,-40.876245,2.800959,14296112866.03,11628518958.56,542959091,441645232,False
2025-04-15,25.69,-39.882672,2.732876,13948619047.79,11345866010.08,542959091,441645232,False
2025-04-16,25.37,-39.385885,2.698835,13774872138.67,11204539535.84,542959091,441645232,False
2025-04-17,25.39,-39.416934,2.700963,13785731320.49,11213372440.48,542959091,441645232,False
2025-04-18,25.42,-39.463508,2.704154,13802020093.22,11226621797.44,542959091,441645232,False
2025-04-21,25.81,-40.068967,2.745642,14013774138.71,11398863437.92,542959091,441645232,False
2025-04-22,25.54,-39.649803,2.71692,13867175184.14,11279619225.28,542959091,441645232,False
2025-04-23,26.09,-40.503655,2.775428,14165802684.19,11522524102.88,542959091,441645232,False
2025-04-24,25.87,-40.162114,2.752025,14046351684.17,11425362151.84,542959091,441645232,False
2025-04-25,25.77,-42.00432,2.75671,13992055775.07,11381197628.64,542959091,441645232,False
2025-04-28,25.49,-41.547929,2.726758,13840027229.59,11257536963.68,542959091,441645232,False
2025-04-29,25.55,-41.645727,2.733176,13872604775.05,11284035677.6,542959091,441645232,False
2025-04-30,25.55,-41.645727,2.733176,13872604775.05,11284035677.6,542959091,441645232,False
2025-05-06,25.9,-42.216216,2.770617,14062640456.9,11438611508.8,542959091,441645232,False
2025-05-07,26.6,-43.357195,2.845499,14442711820.6,11747763171.2,542959091,441645232,False
2025-05-08,27.18,-44.302577,2.907543,14757628093.38,12003917405.76,542959091,441645232,False
2025-05-09,26.95,-43.927684,2.882939,14632747502.45,11902339002.4,542959091,441645232,False
2025-05-12,27.58,-44.954565,2.950333,14974811729.78,12180575498.56,542959091,441645232,False
2025-05-13,26.9,-43.846186,2.877591,14605599547.9,11880256740.8,542959091,441645232,False
2025-05-14,26.77,-43.63429,2.863684,14535014866.07,11822842860.64,542959091,441645232,False
2025-05-15,26.27,-42.819305,2.810197,14263535320.57,11602020244.64,542959091,441645232,False
2025-05-16,26.28,-42.835605,2.811267,14268964911.48,11606436696.96,542959091,441645232,False
2025-05-19,26.99,-43.992883,2.887218,14654465866.09,11920004811.68,542959091,441645232,False
2025-05-20,26.86,-43.780987,2.873312,14583881184.26,11862590931.52,542959091,441645232,False
2025-05-21,27.25,-44.416675,2.915031,14795635229.75,12034832572.0,542959091,441645232,False
2025-05-22,27.09,-44.15588,2.897916,14708761775.19,11964169334.88,542959091,441645232,False
2025-05-23,26.53,-43.243097,2.83801,14404704684.23,11716848004.96,542959091,441645232,False
2025-05-26,26.87,-43.797287,2.874381,14589310775.17,11867007383.84,542959091,441645232,False
2025-05-27,27.27,-44.449275,2.917171,14806494411.57,12043665476.64,542959091,441645232,False
2025-05-28,27.24,-44.400376,2.913962,14790205638.84,12030416119.68,542959091,441645232,False
2025-05-29,27.7,-45.150162,2.96317,15039966820.7,12233572926.4,542959091,441645232,False
2025-05-30,27.8,-45.313159,2.973867,15094262729.8,12277737449.6,542959091,441645232,False
2025-06-03,27.68,-45.117562,2.96103,15029107638.88,12224740021.76,542959091,441645232,False
2025-06-04,27.49,-44.807868,2.940705,14925945411.59,12140827427.68,542959091,441645232,False
2025-06-05,27.51,-44.840467,2.942845,14936804593.41,12149660332.32,542959091,441645232,False
2025-06-06,27.22,-44.367776,2.911822,14779346457.02,12021583215.04,542959091,441645232,False
2025-06-09,27.48,-44.791568,2.939635,14920515820.68,12136410975.36,542959091,441645232,False
2025-06-10,27.2,-44.335177,2.909683,14768487275.2,12012750310.4,542959091,441645232,False
2025-06-11,27.17,-44.286278,2.906474,14752198502.47,11999500953.44,542959091,441645232,False
2025-06-12,26.71,-43.536492,2.857266,14502437320.61,11796344146.72,542959091,441645232,False
2025-06-13,26.49,-43.177898,2.833732,14382986320.59,11699182195.68,542959091,441645232,False
2025-06-16,26.95,-43.927684,2.882939,14632747502.45,11902339002.4,542959091,441645232,False
2025-06-17,27.07,-44.123281,2.895776,14697902593.37,11955336430.24,542959091,441645232,False
2025-06-18,27.13,-44.221079,2.902195,14730480138.83,11981835144.16,542959091,441645232,False
2025-06-19,26.76,-43.61799,2.862614,14529585275.16,11818426408.32,542959091,441645232,False
2025-06-20,26.49,-43.177898,2.833732,14382986320.59,11699182195.68,542959091,441645232,False
2025-06-23,27.49,-44.807868,2.940705,14925945411.59,12140827427.68,542959091,441645232,False
2025-06-24,27.35,-44.579672,2.925729,14849931138.85,12078997095.2,542959091,441645232,False
2025-06-25,28.01,-45.655452,2.996331,15208284138.91,12370482948.32,542959091,441645232,False
2025-06-26,28.04,-45.704351,2.999541,15224572911.64,12383732305.28,542959091,441645232,False
2025-06-27,27.98,-45.606553,2.993122,15191995366.18,12357233591.36,542959091,441645232,False
2025-06-30,28.69,-46.763832,3.069074,15577496320.79,12705855377.6,542959091,442867040,False
2025-07-01,28.45,-46.372639,3.0434,15447186138.95,12599567288.0,542959091,442867040,False
2025-07-02,28.0,-45.639153,2.995262,15202854548.0,12400277120.0,542959091,442867040,False
2025-07-03,28.31,-46.144443,3.028424,15371171866.21,12537565902.4,542959091,442867040,False
2025-07-04,27.96,-45.573954,2.990983,15181136184.36,12382562438.4,542959091,442867040,False
2025-07-07,27.8,-45.313159,2.973867,15094262729.8,12311703712.0,542959091,442867040,False
2025-07-08,27.77,-45.26426,2.970658,15077973957.07,12298417700.8,542959091,442867040,False
2025-07-09,27.68,-45.117562,2.96103,15029107638.88,12258559667.2,542959091,442867040,False
2025-07-10,27.6,-44.987165,2.952472,14985670911.6,12223130304.0,542959091,442867040,False
2025-07-11,27.78,-45.280559,2.971727,15083403547.98,12302846371.2,542959091,442867040,False
2025-07-14,27.57,-44.938266,2.949263,14969382138.87,12209844292.8,542959091,442867040,False
2025-07-15,27.41,-44.67747,2.932147,14882508684.31,12138985566.4,542959091,442867040,False
2025-07-16,27.61,-45.003464,2.953542,14991100502.51,12227558974.4,542959091,442867040,False
2025-07-17,28.0,-45.639153,2.995262,15202854548.0,12400277120.0,542959091,442867040,False
2025-07-18,28.1,-45.80215,3.005959,15257150457.1,12444563824.0,542959091,442867040,False
2025-07-21,28.19,-45.948847,3.015587,15306016775.29,12484421857.6,542959091,442867040,False
2025-07-22,28.1,-45.80215,3.005959,15257150457.1,12444563824.0,542959091,442867040,False
2025-07-23,28.05,-45.720651,3.00061,15230002502.55,12422420472.0,542959091,442867040,False
2025-07-24,28.42,-46.32374,3.040191,15430897366.22,12586281276.8,542959091,442867040,False
2025-07-25,28.48,-46.421538,3.046609,15463474911.68,12612853299.2,542959091,442867040,False
2025-07-28,28.66,-46.714933,3.065864,15561207548.06,12692569366.4,542959091,442867040,False
2025-07-29,29.35,-47.839612,3.139676,15935849320.85,12998147624.0,542959091,442867040,False
2025-07-30,31.4,-51.18105,3.358972,17048915457.4,13906025056.0,542959091,442867040,False
2025-07-31,30.15,-49.143588,3.225255,16370216593.65,13352441256.0,542959091,442867040,False
2025-08-01,29.67,-48.361202,3.173908,16109596229.97,13139865076.8,542959091,442867040,False
2025-08-04,30.08,-49.02949,3.217767,16332209457.28,13321440563.2,542959091,442867040,False
2025-08-05,30.57,-49.828175,3.270184,16598259411.87,13538445412.8,542959091,442867040,False
2025-08-06,30.89,-50.349765,3.304415,16772006320.99,13680162865.6,542959091,442867040,False
2025-08-07,30.76,-50.137869,3.290509,16701421639.16,13622590150.4,542959091,442867040,False
2025-08-08,30.58,-49.844474,3.271254,16603689002.78,13542874083.2,542959091,442867040,False
2025-08-11,30.87,-50.317166,3.302276,16761147139.17,13671305524.8,542959091,442867040,False
2025-08-12,30.52,-49.746676,3.264835,16571111457.32,13516302060.8,542959091,442867040,False
2025-08-13,30.56,-49.811875,3.269114,16592829820.96,13534016742.4,542959091,442867040,False
2025-08-14,29.82,-48.605697,3.189954,16191040093.62,13206295132.8,542959091,442867040,False
2025-08-15,30.21,-49.241386,3.231673,16402794139.11,13379013278.4,542959091,442867040,False
2025-08-18,30.63,-49.925973,3.276602,16630836957.33,13565017435.2,542959091,442867040,False
2025-08-19,30.41,-49.56738,3.253068,16511385957.31,13467586686.4,542959091,442867040,False
2025-08-20,31.48,-51.311447,3.36753,17092352184.68,13941454419.2,542959091,442867040,False
2025-08-21,31.28,-50.985453,3.346135,16983760366.48,13852881011.2,542959091,442867040,False
2025-08-22,31.79,-51.816738,3.400692,17259137924.27,14077211622.98,542910913,442818862,False
2025-08-25,33.08,-53.919399,3.538688,17959493002.04,14648447954.96,542910913,442818862,False
2025-08-26,32.66,-53.230088,3.493449,17731470418.58,14462464032.92,542910913,442818862,False
2025-08-27,31.8,-51.828438,3.40146,17264567033.4,14081639811.6,542910913,442818862,False
2025-08-28,33.06,-58.972163,3.489683,17948634783.78,14639591577.72,542910913,442818862,False
2025-08-29,32.96,-58.793784,3.479127,17894343692.48,14595309691.52,542910913,442818862,False
2025-09-01,32.5,-57.97324,3.430571,17644604672.5,14391613015.0,542910913,442818862,False
2025-09-02,32.84,-58.579729,3.46646,17829194382.92,14542171428.08,542910913,442818862,False
2025-09-03,30.25,-53.959708,3.19307,16423055118.25,13395270575.5,542910913,442818862,False
2025-09-04,29.0,-51.729968,3.061125,15744416477.0,12841746998.0,542910913,442818862,False
2025-09-05,29.3,-52.265106,3.092792,15907289750.9,12974592656.6,542910913,442818862,False
2025-09-08,30.51,-54.423494,3.220515,16564211955.63,13510403479.62,542910913,442818862,False
2025-09-09,29.61,-52.818081,3.125514,16075592133.93,13111866503.82,542910913,442818862,False
2025-09-10,29.78,-53.121326,3.143459,16167886989.14,13187145710.36,542910913,442818862,False
2025-09-11,30.17,-53.817005,3.184626,16379622245.21,13359845066.54,542910913,442818862,False
2025-09-12,30.0,-53.51376,3.166681,16287327390.0,13284565860.0,542910913,442818862,False
2025-09-15,29.77,-53.103488,3.142403,16162457880.01,13182717521.74,542910913,442818862,False
2025-09-16,29.92,-53.371057,3.158237,16243894516.96,13249140351.04,542910913,442818862,False
2025-09-17,29.68,-52.942947,3.132903,16113595897.84,13142863824.16,542910913,442818862,False
2025-09-18,29.33,-52.318619,3.095959,15923577078.29,12987877222.46,542910913,442818862,False
2025-09-19,29.41,-52.461323,3.104403,15967009951.33,13023302731.42,542910913,442818862,False
2025-09-22,29.33,-52.318619,3.095959,15923577078.29,12987877222.46,542910913,442818862,False
2025-09-23,29.0,-51.729968,3.061125,15744416477.0,12841746998.0,542910913,442818862,False
2025-09-24,29.53,-52.675378,3.11707,16032159260.89,13076440994.86,542910913,442818862,False
2025-09-25,30.09,-53.674301,3.176181,16336189372.17,13324419557.58,542910913,442818862,False
2025-09-26,29.58,-52.764567,3.122348,16059304806.54,13098581937.96,542910913,442818862,False
2025-09-29,29.44,-52.514836,3.10757,15983297278.72,13036587297.28,542910913,442818862,False
2025-09-30,29.92,-53.371057,3.158237,16243894516.96,13249140351.04,542910913,442818862,False
2025-10-09,30.19,-53.85268,3.186737,16390480463.47,13368701443.78,542910913,442818862,False
2025-10-10,29.75,-53.067812,3.140292,16151599661.75,13173861144.5,542910913,442818862,False
2025-10-13,30.12,-53.727815,3.179348,16352476699.56,13337704123.44,542910913,442818862,False
2025-10-14,29.7,-52.978622,3.135014,16124454116.1,13151720201.4,542910913,442818862,False
2025-10-15,29.98,-53.478084,3.16457,16276469171.74,13275709482.76,542910913,442818862,False
2025-10-16,29.48,-52.586188,3.111792,16005013715.24,13054300051.76,542910913,442818862,False
2025-10-17,29.08,-51.872671,3.06957,15787849350.04,12877172506.96,542910913,442818862,False
2025-10-20,29.71,-52.99646,3.13607,16129883225.23,13156148390.02,542910913,442818862,False
2025-10-21,29.72,-53.014298,3.137126,16135312334.36,13160576578.64,542910913,442818862,False
2025-10-22,29.28,-52.22943,3.090681,15896431532.64,12965736279.36,542910913,442818862,False
2025-10-23,29.1,-51.908347,3.071681,15798707568.3,12886028884.2,542910913,442818862,False
2025-10-24,29.99,-53.495922,3.165626,16281898280.87,13280137671.38,542910913,442818862,False
2025-10-27,30.55,-54.494846,3.224737,16585928392.15,13528116234.1,542910913,442818862,False
2025-10-28,30.74,-62.2794,3.235192,16689081465.62,13612251817.88,542910913,442818862,False
2025-10-29,30.82,-62.441481,3.243611,16732514338.66,13647677326.84,542910913,442818862,False
2025-10-30,30.44,-61.671599,3.203619,16526208191.72,13479406159.28,542910913,442818862,False
2025-10-31,30.11,-61.003017,3.168888,16347047590.43,13333275934.82,542910913,442818862,False
2025-11-03,30.79,-62.3807,3.240454,16716227011.27,13634392760.98,542910913,442818862,False
2025-11-04,30.23,-61.246137,3.181517,16412196899.99,13386414198.26,542910913,442818862,False
2025-11-05,30.08,-60.942237,3.165731,16330760263.04,13319991368.96,542910913,442818862,False
2025-11-06,30.06,-60.901717,3.163626,16319902044.78,13311134991.72,542910913,442818862,False
2025-11-07,30.45,-61.691859,3.204671,16531637300.85,13483834347.9,542910913,442818862,False
2025-11-10,30.57,-61.934979,3.2173,16596786610.41,13536972611.34,542910913,442818862,False
2025-11-11,30.09,-60.962497,3.166783,16336189372.17,13324419557.58,542910913,442818862,False
2025-11-12,30.43,-61.651339,3.202566,16520779082.59,13474977970.66,542910913,442818862,False
2025-11-13,30.81,-62.421221,3.242559,16727085229.53,13643249138.22,542910913,442818862,False
2025-11-14,30.35,-61.489258,3.194147,16477346209.55,13439552461.7,542910913,442818862,False
2025-11-17,30.64,-62.0768,3.224667,16634790374.32,13567969931.68,542910913,442818862,False
2025-11-18,30.25,-61.286658,3.183622,16423055118.25,13395270575.5,542910913,442818862,False
2025-11-19,29.75,-60.273655,3.131,16151599661.75,13173861144.5,542910913,442818862,False
2025-11-20,29.77,-60.314175,3.133105,16162457880.01,13182717521.74,542910913,442818862,False
2025-11-21,29.03,-58.814931,3.055225,15760703804.39,12855031563.86,542910913,442818862,False
2025-11-24,30.46,-61.712119,3.205723,16537066409.98,13488262536.52,542910913,442818862,False
2025-11-25,30.54,-61.874199,3.214143,16580499283.02,13523688045.48,542910913,442818862,False
2025-11-26,30.05,-60.881457,3.162574,16314472935.65,13306706803.1,542910913,442818862,False
2025-11-27,30.52,-61.833679,3.212038,16569641064.76,13514831668.24,542910913,442818862,False
2025-11-28,30.77,-62.34018,3.238349,16705368793.01,13625536383.74,542910913,442818862,False
2025-12-01,31.28,-63.373443,3.292023,16982253358.64,13851374003.36,542910913,442818862,False
2025-12-02,31.1,-63.008762,3.273079,16884529394.3,13771666608.2,542910913,442818862,False
2025-12-03,30.55,-61.894459,3.215195,16585928392.15,13528116234.1,542910913,442818862,False
2025-12-04,31.05,-62.907462,3.267817,16857383848.65,13749525665.1,542910913,442818862,False
2025-12-05,31.4,-63.616564,3.304653,17047402668.2,13904512266.8,542910913,442818862,False
2025-12-08,31.57,-63.960984,3.322544,17139697523.41,13979791473.34,542910913,442818862,False
2025-12-09,31.75,-64.325665,3.341488,17237421487.75,14059498868.5,542910913,442818862,False
2025-12-10,31.98,-64.791647,3.365694,17362290997.74,14161347206.76,542910913,442818862,False
2025-12-11,31.8,-64.426966,3.34675,17264567033.4,14081639811.6,542910913,442818862,False
2025-12-12,31.64,-64.102805,3.329911,17177701287.32,14010788793.68,542910913,442818862,False
2025-12-15,31.74,-64.305405,3.340435,17231992378.62,14055070679.88,542910913,442818862,False
2025-12-16,32.2,-65.237368,3.388847,17481731398.6,14258767356.4,542910913,442818862,False
2025-12-17,32.12,-65.075287,3.380428,17438298525.56,14223341847.44,542910913,442818862,False
2025-12-18,32.45,-65.743869,3.415158,17617459126.85,14369472071.9,542910913,442818862,False
2025-12-19,33.12,-67.101293,3.485672,17981209438.56,14666160709.44,542910913,442818862,False
2025-12-22,36.43,-73.80737,3.834028,19778244560.59,16131891142.66,542910913,442818862,False
2025-12-23,34.45,-69.795879,3.625646,18703280952.85,15255109795.9,542910913,442818862,False
2025-12-24,37.35,-75.671295,3.930853,20277722600.55,16539284495.7,542910913,442818862,False
2025-12-25,38.34,-77.67704,4.035044,20815204404.42,16977675169.08,542910913,442818862,False
2025-12-26,42.17,-85.43664,4.438127,22894553201.21,18673671410.54,542910913,442818862,False
2025-12-29,41.72,-84.524937,4.390768,22650243290.36,18474402922.64,542910913,442818862,False
2025-12-30,41.3,-83.674015,4.346565,22422220706.9,18288419000.6,542910913,442818862,False
2025-12-31,45.43,-92.041417,4.781222,24664442777.59,20117260900.66,542910913,442818862,False
2026-01-05,49.97,-101.23948,5.259028,27129258322.61,22127658534.14,542910913,442818862,False
2026-01-06,54.97,-111.369506,5.785247,29843812887.61,24341752844.14,542910913,442818862,False
2026-01-07,57.7,-116.900501,6.072562,31325959680.1,25550648337.4,542910913,442818862,False
2026-01-08,59.69,-120.932251,6.281997,32406352396.97,26431857872.78,542910913,442818862,False
2026-01-09,60.82,-123.221637,6.400923,33019841728.66,26932243186.84,542910913,442818862,False
2026-01-12,66.9,-135.539749,7.040804,36320740079.7,29624581867.8,542910913,442818862,False
2026-01-13,60.21,-121.985774,6.336724,32688666071.73,26662123681.02,542910913,442818862,False
2026-01-14,54.23,-109.870263,5.707366,29442058811.99,24014066886.26,542910913,442818862,False
2026-01-15,52.33,-106.020853,5.507403,28410528077.29,23172711048.46,542910913,442818862,False
2026-01-16,49.93,-101.15844,5.254819,27107541886.09,22109945779.66,542910913,442818862,False
2026-01-19,49.43,-100.145438,5.202197,26836086429.59,21888536348.66,542910913,442818862,False
2026-01-20,47.62,-96.478368,5.011706,25853417677.06,21087034208.44,542910913,442818862,False
2026-01-21,46.6,-94.411843,4.904357,25299648545.8,20635358969.2,542910913,442818862,False
2026-01-22,47.54,-96.316288,5.003286,25809984804.02,21051608699.48,542910913,442818862,False
2026-01-23,49.69,-100.672199,5.22956,26977243266.97,22003669252.78,542910913,442818862,False
2026-01-26,45.32,-91.818556,4.769645,24604722577.16,20068550825.84,542910913,442818862,False
2026-01-27,45.65,-92.487138,4.804375,24783883178.45,20214681050.3,542910913,442818862,False
2026-01-28,44.63,-90.420613,4.697027,24230114047.19,19763005811.06,542910913,442818862,False
2026-01-29,44.34,-89.833071,4.666506,24072669882.42,19634588341.08,542910913,442818862,False
2026-01-30,43.67,-88.475648,4.595993,23708919570.71,19337899703.54,542910913,442818862,False
2026-02-02,43.94,-89.022669,4.624409,23855505517.22,19457460796.28,542910913,442818862,False
2026-02-03,44.75,-90.663733,4.709656,24295263356.75,19816144074.5,542910913,442818862,False
2026-02-04,44.88,-90.927114,4.723338,24365841775.44,19873710526.56,542910913,442818862,False
2026-02-05,44.27,-89.691251,4.659139,24034666118.51,19603591020.74,542910913,442818862,False
2026-02-06,44.11,-89.36709,4.6423,23947800372.43,19532740002.82,542910913,442818862,False
2026-02-09,44.99,-91.149974,4.734915,24425561975.87,19922420601.38,542910913,442818862,False
2026-02-10,44.08,-89.30631,4.639143,23931513045.04,19519455436.96,542910913,442818862,False
2026-02-11,43.55,-88.232527,4.583364,23643770261.15,19284761440.1,542910913,442818862,False
2026-02-12,43.1,-87.320825,4.536004,23399460350.3,19085492952.2,542910913,442818862,False
2026-02-13,42.54,-86.186262,4.477067,23095430239.02,18837514389.48,542910913,442818862,False
2026-02-24,42.65,-86.409122,4.488644,23155150439.45,18886224464.3,542910913,442818862,False
2026-02-25,43.53,-88.192007,4.581259,23632912042.89,19275905062.86,542910913,442818862,False
2026-02-26,43.76,-88.657988,4.605465,23757781552.88,19377753401.12,542910913,442818862,False
2026-02-27,43.8,-88.739028,4.609675,23779497989.4,19395466155.6,542910913,442818862,False
2026-03-02,45.65,-92.487138,4.804375,24783883178.45,20214681050.3,542910913,442818862,False
2026-03-03,41.09,-83.248554,4.324464,22308209415.17,18195427039.58,542910913,442818862,False
2026-03-04,41.59,-84.261557,4.377086,22579664871.67,18416836470.58,542910913,442818862,False
2026-03-05,41.88,-84.849098,4.407607,22737109036.44,18545253940.56,542910913,442818862,False
2026-03-06,41.82,-84.727538,4.401292,22704534381.66,18518684808.84,542910913,442818862,False
2026-03-09,44.84,-90.846074,4.719128,24344125338.92,19855997772.08,542910913,442818862,False
2026-03-10,44.31,-89.772291,4.663349,24056382555.03,19621303775.22,542910913,442818862,False
2026-03-11,45.65,-92.487138,4.804375,24783883178.45,20214681050.3,542910913,442818862,False
2026-03-12,43.85,-88.840328,4.614937,23806643535.05,19417607098.7,542910913,442818862,False
2026-03-13,45.7,-92.588438,4.809638,24811028724.1,20236821993.4,542910913,442818862,False
2026-03-16,47.99,-97.22799,5.050646,26054294714.87,21250877187.38,542910913,442818862,False
2026-03-17,46.56,-94.330803,4.900147,25277932109.28,20617646214.72,542910913,442818862,False
2026-03-18,47.08,-95.384325,4.954874,25560245784.04,20847912022.96,542910913,442818862,False
2026-03-19,44.6,-90.359832,4.69387,24213826719.8,19749721245.2,542910913,442818862,False
2026-03-20,41.18,-83.430895,4.333936,22357071397.34,18235280737.16,542910913,442818862,False
2026-03-23,37.61,-76.198056,3.958216,20418879437.93,16654417399.82,542910913,442818862,False
2026-03-24,37.94,-76.866638,3.992946,20598040039.22,16800547624.28,542910913,442818862,False
2026-03-25,38.29,-77.575739,4.029782,20788058858.77,16955534225.98,542910913,442818862,False
2026-03-26,36.99,-78.094535,4.152669,20082274671.87,16379730992.88,542910913,442815112,False
2026-03-27,37.04,-78.200097,4.158282,20109420217.52,16401871748.48,542910913,442815112,False
2026-03-30,37.87,-79.95242,4.251462,20560036275.31,16769408291.44,542910913,442815112,False
2026-03-31,37.88,-79.973533,4.252584,20565465384.44,16773836442.56,542910913,442815112,False
2026-04-01,37.61,-79.4035,4.222273,20418879437.93,16654276362.32,542910913,442815112,False
2026-04-02,36.66,-77.397828,4.115621,19903114070.58,16233602005.92,542910913,442815112,False
2026-04-03,35.78,-75.539942,4.016828,19425352467.14,15843924707.36,542910913,442815112,False
2026-04-07,36.31,-76.658896,4.076329,19713095251.03,16078616716.72,542910913,442815112,False
2026-04-08,38.29,-80.839139,4.298613,20788058858.77,16955390638.48,542910913,442815112,False
2026-04-09,37.74,-79.67796,4.236867,20489457856.62,16711842326.88,542910913,442815112,False
2026-04-10,37.79,-79.783522,4.24248,20516603402.27,16733983082.48,542910913,442815112,False
2026-04-13,37.68,-79.551286,4.230131,20456883201.84,16685273420.16,542910913,442815112,False
2026-04-14,38.47,-81.219161,4.31882,20885782823.11,17035097358.64,542910913,442815112,False
2026-04-15,38.2,-80.649128,4.288509,20739196876.6,16915537278.4,542910913,442815112,False
2026-04-16,38.38,-81.02915,4.308716,20836920840.94,16995243998.56,542910913,442815112,False
2026-04-17,38.48,-81.240273,4.319943,20891211932.24,17039525509.76,542910913,442815112,False
2026-04-20,40.12,-84.702696,4.504057,21781585829.56,17765742293.44,542910913,442815112,False
2026-04-21,39.77,-83.963765,4.464764,21591567010.01,17610757004.24,542910913,442815112,False
2026-04-22,39.99,-84.428236,4.489463,21711007410.87,17708176328.88,542910913,442815112,False
2026-04-23,39.33,-83.034822,4.415368,21352686208.29,17415918354.96,542910913,442815112,False
2026-04-24,38.08,-80.39578,4.275037,20674047567.04,16862399464.96,542910913,442815112,False
2026-04-27,40.21,,4.5144,21830447812.0,17805595654.0,542910913,442815112,False
2026-04-28,39.3,,4.4122,21336398881.0,17402633902.0,542910913,442815112,False
2026-04-29,39.96,,4.4863,21694720083.0,17694891876.0,542910913,442815112,False
2026-04-30,40.9,,4.5918,22205056342.0,18111138081.0,542910913,442815112,False
2026-05-06,42.0,,4.7153,22802258346.0,18598234704.0,542910913,442815112,False
2026-05-07,44.05,,4.9455,23915225718.0,19506005684.0,542910913,442815112,False
2026-05-08,44.05,,4.9455,23915225718.0,19506005684.0,542910913,442815112,False
2026-05-11,44.35,,4.9792,24078098992.0,19638850217.0,542910913,442815112,False
2026-05-12,42.94,,4.8209,23312594604.0,19014480909.0,542910913,442815112,False
2026-05-13,43.32,,4.8635,23518900751.0,19182750652.0,542910913,442815112,False
2026-05-14,41.14,,4.6188,22335354961.0,18217413708.0,542910913,442815112,False
2026-05-15,40.18,,4.511,21814160484.0,17792311200.0,542910913,442815112,False
2026-05-18,40.84,,4.5851,22172481687.0,18084569174.0,542910913,442815112,False
2026-05-19,40.55,,4.5525,22015037522.0,17956152792.0,542910913,442815112,False
2026-05-20,39.67,,4.4537,21537275919.0,17566475493.0,542910913,442815112,False
2026-05-21,38.28,,4.2977,20782629750.0,16950962487.0,542910913,442815112,False
2026-05-22,38.87,,4.3639,21102947188.0,17212223403.0,542910913,442815112,False
2026-05-25,38.95,,4.3729,21146380061.0,17247648612.0,542910913,442815112,False
2026-05-26,37.67,,4.2292,20451454093.0,16680845269.0,542910913,442815112,False
2026-05-27,36.8,,4.1315,19979121598.0,16295596122.0,542910913,442815112,False
2026-05-28,36.81,,4.1327,19984550708.0,16300024273.0,542910913,442815112,False
2026-05-29,34.14,,3.8329,18534978570.0,15117707924.0,542910913,442815112,False
2026-06-01,34.1,,3.8284,18513262133.0,15099995319.0,542910913,442815112,False
2026-06-02,33.68,,3.7812,18285239550.0,14914012972.0,542910913,442815112,False
2026-06-03,34.38,,3.8598,18665277189.0,15223983551.0,542910913,442815112,False
2026-06-04,34.15,,3.834,18540407679.0,15122136075.0,542910913,442815112,False
2026-06-05,34.94,,3.9227,18969307300.0,15471960013.0,542910913,442815112,False
2026-06-08,33.12,,3.7184,17981209439.0,14666036509.0,542910913,442815112,False
2026-06-09,33.9,,3.8059,18404679951.0,15011432297.0,542910913,442815112,False
2026-06-10,33.02,,3.7072,17926918347.0,14621754998.0,542910913,442815112,False
2026-06-11,33.0,,3.7049,17916060129.0,14612898696.0,542910913,442815112,False
2026-06-12,33.76,,3.7902,18328672423.0,14949438181.0,542910913,442815112,False
2026-06-15,33.63,,3.7756,18258093567.0,14891871813.0,542910913,442815112,False
2026-06-16,33.39,,3.7487,18127794951.0,14785596189.0,542910913,442815112,False
2026-06-17,33.45,,3.7554,18160369605.0,14812165095.0,542910913,442815112,False
2026-06-18,33.32,,3.7408,18089791188.0,14754599132.0,542910913,442815112,False
2026-06-22,33.26,,3.7341,18057216534.0,14728030226.0,542910913,442815112,False
2026-06-23,32.12,,3.6061,17438298108.0,14223221012.0,542910913,442815112,False
2026-06-24,32.6,-82.71,3.66,17699000000.0,14436000000.0,542910913,442815112,False
2026-06-25,31.72,-80.48,3.56,17221000000.0,14046000000.0,542910913,442815112,False
2026-06-26,31.26,-79.31,3.51,16971000000.0,13842000000.0,542910913,442815112,False
2026-06-29,30.63,-77.72,3.44,16629000000.0,13563000000.0,542910913,442815112,False
2026-06-30,31.75,-80.56,3.56,17237000000.0,14059000000.0,542910913,442815112,False
2026-07-01,32.83,-83.3,3.69,17824000000.0,14538000000.0,542910913,442815112,False
2026-07-02,31.34,-79.52,3.52,17015000000.0,13878000000.0,542910913,442815112,False
2026-07-03,32.45,-82.33,3.64,17617000000.0,14369000000.0,542910913,442815112,False
2026-07-06,30.99,-78.63,3.48,16825000000.0,13723000000.0,542910913,442815112,False
2026-07-07,30.46,-77.28,3.42,16537000000.0,13488000000.0,542910913,442815112,False
2026-07-08,29.61,-75.13,3.32,16076000000.0,13112000000.0,542910913,442815112,False
2026-07-09,30.46,-77.28,3.42,16537000000.0,13488000000.0,542910913,442815112,False
2026-07-10,32.61,-82.74,3.66,17704000000.0,14440000000.0,542910913,442815112,False
2026-07-13,29.35,-74.47,3.3,15934000000.0,12997000000.0,542910913,442815112,False
2026-07-14,29.92,-75.91,3.36,16244000000.0,13249000000.0,542910913,442815112,False
2026-07-15,29.42,-74.65,3.3,15972000000.0,13028000000.0,542910913,442815112,False
2026-07-16,28.68,-72.77,3.22,15571000000.0,12700000000.0,542910913,442815112,False
2026-07-17,27.09,-68.73,3.04,14707000000.0,11996000000.0,542910913,442815112,False
2026-07-20,26.86,-68.15,3.02,14583000000.0,11894000000.0,542910913,442815112,False
2026-07-21,27.79,-70.51,3.12,15087000000.0,12306000000.0,542910913,442815112,False
2026-07-22,26.99,-68.48,3.03,14653000000.0,11952000000.0,542910913,442815112,False
2026-07-23,27.63,-70.1,3.1,15001000000.0,12235000000.0,542910913,442815112,False
2026-07-24,26.93,-68.33,3.02,14621000000.0,11925000000.0,542910913,442815112,False
2026-07-27,27.54,-69.88,3.09,14952000000.0,12195000000.0,542910913,442815112,False
2026-07-28,27.49,-69.75,3.09,14925000000.0,12173000000.0,542910913,442815112,False
2026-07-29,28.05,-71.17,3.15,15229000000.0,12421000000.0,542910913,442815112,False
2026-07-30,28.0,-71.04,3.14,15202000000.0,12399000000.0,542910913,442815112,False
2026-07-31,28.42,-72.11,3.19,15430000000.0,12585000000.0,542910913,442815112,False
2026-08-03,29.18,-74.04,3.28,15842000000.0,12921000000.0,542910913,442815112,False
2026-08-04,29.45,-74.72,3.31,15989000000.0,13041000000.0,542910913,442815112,False
2026-08-05,29.65,-75.23,3.33,16097000000.0,13129000000.0,542910913,442815112,False
2026-08-06,29.51,-74.87,3.31,16021000000.0,13067000000.0,542910913,442815112,False
2026-08-07,29.68,-75.31,3.33,16114000000.0,13143000000.0,542910913,442815112,False
2026-08-10,29.9,-75.86,3.36,16233000000.0,13240000000.0,542910913,442815112,False
2026-08-11,29.23,-74.16,3.28,15869000000.0,12943000000.0,542910913,442815112,False
2026-08-12,29.56,-75.0,3.32,16048000000.0,13090000000.0,542910913,442815112,False
2026-08-13,29.18,-74.04,3.28,15842000000.0,12921000000.0,542910913,442815112,False
2026-08-14,29.18,-74.04,3.28,15842000000.0,12921000000.0,542910913,442815112,False
2026-08-17,30.28,-76.83,3.4,16439000000.0,13408000000.0,542910913,442815112,False
2026-08-18,29.97,-76.04,3.36,16271000000.0,13271000000.0,542910913,442815112,False
2026-08-19,28.22,-71.6,3.17,15321000000.0,12496000000.0,542910913,442815112,False
2026-08-20,27.95,-70.92,3.14,15174000000.0,12377000000.0,542910913,442815112,False
2026-08-21,28.0,-71.04,3.14,15202000000.0,12399000000.0,542910913,442815112,False
2026-08-24,27.72,-70.33,3.11,15049000000.0,12275000000.0,542910913,442815112,False
2026-08-25,28.41,-72.08,3.19,15424000000.0,12580000000.0,542910913,442815112,False
2026-08-26,28.27,-71.73,3.17,15348000000.0,12518000000.0,542910913,442815112,False
2026-08-27,29.22,-72.88,3.25,15864000000.0,12941000000.0,542910913,442871741,False
2026-08-28,28.96,-72.23,3.22,15723000000.0,12826000000.0,542910913,442871741,False
