date,close,pe_ttm,pb,total_mv,float_mv,total_share,float_share,is_st
2020-01-02,6.71,24.725224,2.848409,4005668700,4005360972.69,596970000,596924139,False
2020-01-03,6.74,24.835769,2.861144,4023577800,4023268696.86,596970000,596924139,False
2020-01-06,6.8,25.056859,2.886614,4059396000,4059084145.2,596970000,596924139,False
2020-01-07,6.81,25.093707,2.890859,4065365700,4065053386.59,596970000,596924139,False
2020-01-08,6.9,25.425342,2.929064,4119093000,4118776559.1,596970000,596924139,False
2020-01-09,6.89,25.388494,2.924819,4113123300,4112807317.71,596970000,596924139,False
2020-01-10,6.78,24.983163,2.878124,4047456600,4047145662.42,596970000,596924139,False
2020-01-13,6.79,25.020011,2.882369,4053426300,4053114903.81,596970000,596924139,False
2020-01-14,6.91,25.462191,2.933309,4125062700,4124745800.49,596970000,596924139,False
2020-01-15,6.91,25.462191,2.933309,4125062700,4124745800.49,596970000,596924139,False
2020-01-16,6.87,25.314797,2.916329,4101183900,4100868834.93,596970000,596924139,False
2020-01-17,6.84,25.204252,2.903594,4083274800,4082961110.76,596970000,596924139,False
2020-01-20,6.9,25.425342,2.929064,4119093000,4118776559.1,596970000,596924139,False
2020-01-21,6.81,25.093707,2.890859,4065365700,4065053386.59,596970000,596924139,False
2020-01-22,6.83,25.167404,2.899349,4077305100,4076991869.37,596970000,596924139,False
2020-01-23,6.65,24.504134,2.822938,3969850500,3969545524.35,596970000,596924139,False
2020-02-03,5.99,22.072145,2.542767,3575850300,3575575592.61,596970000,596924139,False
2020-02-04,5.81,21.408875,2.466357,3468395700,3468129247.59,596970000,596924139,False
2020-02-05,5.91,21.777358,2.508807,3528092700,3527821661.49,596970000,596924139,False
2020-02-06,5.95,21.924752,2.525787,3551971500,3551698627.05,596970000,596924139,False
2020-02-07,5.97,21.998448,2.534277,3563910900,3563637109.83,596970000,596924139,False
2020-02-10,6.21,22.882808,2.636158,3707183700,3706898903.19,596970000,596924139,False
2020-02-11,6.17,22.735415,2.619178,3683304900,3683021937.63,596970000,596924139,False
2020-02-12,6.24,22.993353,2.648893,3725092800,3724806627.36,596970000,596924139,False
2020-02-13,6.16,22.698567,2.614932,3677335200,3677052696.24,596970000,596924139,False
2020-02-14,6.14,22.62487,2.606442,3665395800,3665114213.46,596970000,596924139,False
2020-02-17,6.35,23.398685,2.695588,3790759500,3790468282.65,596970000,596924139,False
2020-02-18,6.43,23.693471,2.729548,3838517100,3838222213.77,596970000,596924139,False
2020-02-19,6.35,23.398685,2.695588,3790759500,3790468282.65,596970000,596924139,False
2020-02-20,6.5,23.95141,2.759263,3880305000,3880006903.5,596970000,596924139,False
2020-02-21,6.59,24.283044,2.797468,3934032300,3933730076.01,596970000,596924139,False
2020-02-24,6.66,24.540983,2.827183,3975820200,3975514765.74,596970000,596924139,False
2020-02-25,6.57,24.209348,2.788978,3922092900,3921791593.23,596970000,596924139,False
2020-02-26,6.61,24.356741,2.805958,3945971700,3945668558.79,596970000,596924139,False
2020-02-27,6.65,24.504134,2.822938,3969850500,3969545524.35,596970000,596924139,False
2020-02-28,6.31,19.18958,2.678608,3766880700,3766591317.09,596970000,596924139,False
2020-03-02,6.6,20.07151,2.801713,3940002000,3939699317.4,596970000,596924139,False
2020-03-03,6.64,20.193155,2.818693,3963880800,3963576282.96,596970000,596924139,False
2020-03-04,6.73,20.466858,2.856899,4017608100,4017299455.47,596970000,596924139,False
2020-03-05,6.98,21.227142,2.963024,4166850600,4166530490.22,596970000,596924139,False
2020-03-06,6.97,21.196731,2.958779,4160880900,4160561248.83,596970000,596924139,False
2020-03-09,7.02,21.348788,2.980004,4190729400,4190407455.78,596970000,596924139,False
2020-03-10,7.23,21.987427,3.06915,4316093100,4315761524.97,596970000,596924139,False
2020-03-11,7.67,23.325527,3.255931,4578759900,4578408146.13,596970000,596924139,False
2020-03-12,7.1,21.592079,3.013964,4238487000,4238161386.9,596970000,596924139,False
2020-03-13,7.42,22.565243,3.149805,4429517400,4429177111.38,596970000,596924139,False
2020-03-16,6.96,21.166319,2.954534,4154911200,4154592007.44,596970000,596924139,False
2020-03-17,7.66,23.295116,3.251686,4572790200,4572438904.74,596970000,596924139,False
2020-03-18,7.65,23.264705,3.247441,4566820500,4566469663.35,596970000,596924139,False
2020-03-19,7.73,23.507996,3.281401,4614578100,4614223594.47,596970000,596924139,False
2020-03-20,7.9,24.024989,3.353566,4716063000,4715700698.1,596970000,596924139,False
2020-03-23,7.7,23.416761,3.268666,4596669000,4596315870.3,596970000,596924139,False
2020-03-24,7.56,22.991002,3.209235,4513093200,4512746490.84,596970000,596924139,False
2020-03-25,7.48,22.747711,3.175275,4465335600,4464992559.72,596970000,596924139,False
2020-03-26,7.0,21.287965,2.971514,4178790000,4178468973.0,596970000,596924139,False
2020-03-27,6.93,21.075085,2.941799,4137002100,4136684283.27,596970000,596924139,False
2020-03-30,6.59,20.041098,2.797468,3934032300,3933730076.01,596970000,596924139,False
2020-03-31,6.52,19.828219,2.767753,3892244400,3891945386.28,596970000,596924139,False
2020-04-01,6.49,19.736985,2.755018,3874335300,3874037662.11,596970000,596924139,False
2020-04-02,6.63,20.162744,2.814448,3957911100,3957607041.57,596970000,596924139,False
2020-04-03,6.42,19.524105,2.725303,3832547400,3832252972.38,596970000,596924139,False
2020-04-07,6.62,20.132333,2.810203,3951941400,3951637800.18,596970000,596924139,False
2020-04-08,6.74,20.497269,2.861144,4023577800,4023268696.86,596970000,596924139,False
2020-04-09,6.94,21.105497,2.946044,4142971800,4142653524.66,596970000,596924139,False
2020-04-10,6.61,20.335556,2.665694,3945971700,3945668558.79,596970000,596924139,False
2020-04-13,6.64,20.427851,2.677792,3963880800,3963576282.96,596970000,596924139,False
2020-04-14,6.74,20.735499,2.71812,4023577800,4023268696.86,596970000,596924139,False
2020-04-15,6.67,20.520145,2.689891,3981789900,3981484007.13,596970000,596924139,False
2020-04-16,6.82,20.981618,2.750383,4071335400,4071022627.98,596970000,596924139,False
2020-04-17,6.73,20.704734,2.714088,4017608100,4017299455.47,596970000,596924139,False
2020-04-20,6.73,20.704734,2.714088,4017608100,4017299455.47,596970000,596924139,False
2020-04-21,6.61,20.335556,2.665694,3945971700,3945668558.79,596970000,596924139,False
2020-04-22,6.64,20.427851,2.677792,3963880800,3963576282.96,596970000,596924139,False
2020-04-23,6.64,20.427851,2.677792,3963880800,3963576282.96,596970000,596924139,False
2020-04-24,6.8,20.920088,2.742317,4059396000,4059084145.2,596970000,596924139,False
2020-04-27,7.48,23.012097,3.016549,4465335600,4464992559.72,596970000,596924139,False
2020-04-28,7.22,22.212211,2.911696,4310123400,4309792283.58,596970000,596924139,False
2020-04-29,7.2,25.197886,2.918351,4298184000,4297853800.8,596970000,596924139,False
2020-04-30,7.23,25.302877,2.930511,4316093100,4315761524.97,596970000,596924139,False
2020-05-06,7.53,26.352789,3.052109,4495184100,4494838766.67,596970000,596924139,False
2020-05-07,7.26,25.407868,2.94267,4334002200,4333669249.14,596970000,596924139,False
2020-05-08,7.59,26.562771,3.076428,4531002300,4530654215.01,596970000,596924139,False
2020-05-11,7.7,26.947739,3.121014,4596669000,4596315870.3,596970000,596924139,False
2020-05-12,7.55,26.422783,3.060215,4507123500,4506777249.45,596970000,596924139,False
2020-05-13,7.43,26.002818,3.011576,4435487100,4435146352.77,596970000,596924139,False
2020-05-14,7.34,25.687844,2.975097,4381759800,4381423180.26,596970000,596924139,False
2020-05-15,7.22,25.26788,2.926457,4310123400,4309792283.58,596970000,596924139,False
2020-05-18,7.13,24.952906,2.889978,4256396100,4256069111.07,596970000,596924139,False
2020-05-19,7.33,25.652847,2.971043,4375790100,4375453938.87,596970000,596924139,False
2020-05-20,7.22,25.26788,2.926457,4310123400,4309792283.58,596970000,596924139,False
2020-05-21,7.45,26.072812,3.019683,4447426500,4447084835.55,596970000,596924139,False
2020-05-22,7.18,25.127891,2.910244,4286244600,4285915318.02,596970000,596924139,False
2020-05-25,6.47,22.6431,2.622463,3862395900,3862099179.33,596970000,596924139,False
2020-05-26,6.5,22.748091,2.634622,3880305000,3880006903.5,596970000,596924139,False
2020-05-27,6.35,22.223135,2.573823,3790759500,3790468282.65,596970000,596924139,False
2020-05-28,6.3,22.04815,2.553557,3760911000,3760622075.7,596970000,596924139,False
2020-05-29,6.31,22.083147,2.55761,3766880700,3766591317.09,596970000,596924139,False
2020-06-01,6.46,22.608103,2.618409,3856426200,3856129937.94,596970000,596924139,False
2020-06-02,6.56,22.958074,2.658942,3916123200,3915822351.84,596970000,596924139,False
2020-06-03,6.53,22.853082,2.646782,3898214100,3897914627.67,596970000,596924139,False
2020-06-04,6.53,22.853082,2.646782,3898214100,3897914627.67,596970000,596924139,False
2020-06-05,6.46,22.608103,2.618409,3856426200,3856129937.94,596970000,596924139,False
2020-06-08,6.46,22.608103,2.618409,3856426200,3856129937.94,596970000,596924139,False
2020-06-09,6.46,22.608103,2.618409,3856426200,3856129937.94,596970000,596924139,False
2020-06-10,6.49,22.713094,2.630569,3874335300,3874037662.11,596970000,596924139,False
2020-06-11,6.45,22.573106,2.614356,3850456500,3850160696.55,596970000,596924139,False
2020-06-12,6.43,22.503112,2.606249,3838517100,3838222213.77,596970000,596924139,False
2020-06-15,6.39,22.363123,2.590036,3814638300,3814345248.21,596970000,596924139,False
2020-06-16,6.5,22.748091,2.634622,3880305000,3880006903.5,596970000,596924139,False
2020-06-17,6.63,23.203053,2.687315,3957911100,3957607041.57,596970000,596924139,False
2020-06-18,6.6,23.098062,2.675155,3940002000,3939699317.4,596970000,596924139,False
2020-06-19,6.56,22.958074,2.658942,3916123200,3915822351.84,596970000,596924139,False
2020-06-22,6.54,22.888079,2.650835,3904183800,3903883869.06,596970000,596924139,False
2020-06-23,6.58,23.028068,2.667048,3928062600,3927760834.62,596970000,596924139,False
2020-06-24,6.52,22.818085,2.642729,3892244400,3891945386.28,596970000,596924139,False
2020-06-29,6.44,22.538109,2.610303,3844486800,3844191455.16,596970000,596924139,False
2020-06-30,6.48,22.678097,2.626516,3868365600,3868068420.72,596970000,596924139,False
2020-07-01,5.79,22.28963,2.581525,3802101930,3801809841.87,656667000,656616553,False
2020-07-02,5.85,22.52061,2.608276,3841501950,3841206835.05,656667000,656616553,False
2020-07-03,5.93,22.828584,2.643945,3894035310,3893736159.29,656667000,656616553,False
2020-07-06,6.18,23.791004,2.75541,4058202060,4057890297.54,656667000,656616553,False
2020-07-07,6.17,23.752507,2.750951,4051635390,4051324132.01,656667000,656616553,False
2020-07-08,6.33,24.368455,2.822289,4156702110,4156382780.49,656667000,656616553,False
2020-07-09,6.43,24.753423,2.866874,4222368810,4222044435.79,656667000,656616553,False
2020-07-10,6.24,24.021984,2.782161,4097602080,4097287290.72,656667000,656616553,False
2020-07-13,6.44,24.79192,2.871333,4228935480,4228610601.32,656667000,656616553,False
2020-07-14,6.48,24.945907,2.889167,4255202160,4254875263.44,656667000,656616553,False
2020-07-15,6.27,24.137475,2.795537,4117302090,4116985787.31,656667000,656616553,False
2020-07-16,6.06,23.329042,2.701907,3979402020,3979096311.18,656667000,656616553,False
2020-07-17,6.06,23.329042,2.701907,3979402020,3979096311.18,656667000,656616553,False
2020-07-20,6.32,24.329958,2.81783,4150135440,4149816614.96,656667000,656616553,False
2020-07-21,6.38,24.560939,2.844581,4189535460,4189213608.14,656667000,656616553,False
2020-07-22,6.31,24.291462,2.813371,4143568770,4143250449.43,656667000,656616553,False
2020-07-23,6.41,24.676429,2.857957,4209235470,4208912104.73,656667000,656616553,False
2020-07-24,6.19,23.8295,2.759868,4064768730,4064456463.07,656667000,656616553,False
2020-07-27,6.25,24.060481,2.78662,4104168750,4103853456.25,656667000,656616553,False
2020-07-28,6.2,23.867997,2.764327,4071335400,4071022628.6,656667000,656616553,False
2020-07-29,6.35,24.445449,2.831206,4169835450,4169515111.55,656667000,656616553,False
2020-07-30,6.3,24.252965,2.808913,4137002100,4136684283.9,656667000,656616553,False
2020-07-31,6.31,24.291462,2.813371,4143568770,4143250449.43,656667000,656616553,False
2020-08-03,6.48,24.945907,2.889167,4255202160,4254875263.44,656667000,656616553,False
2020-08-04,6.64,25.561855,2.960505,4360268880,4359933911.92,656667000,656616553,False
2020-08-05,6.66,25.638849,2.969422,4373402220,4373066242.98,656667000,656616553,False
2020-08-06,6.59,25.369371,2.938212,4327435530,4327103084.27,656667000,656616553,False
2020-08-07,6.46,24.868913,2.88025,4242068820,4241742932.38,656667000,656616553,False
2020-08-10,6.69,25.754339,2.982798,4393102230,4392764739.57,656667000,656616553,False
2020-08-11,6.44,24.79192,2.871333,4228935480,4228610601.32,656667000,656616553,False
2020-08-12,6.34,24.406952,2.826747,4163268780,4162948946.02,656667000,656616553,False
2020-08-13,6.37,24.522442,2.840123,4182968790,4182647442.61,656667000,656616553,False
2020-08-14,6.43,24.753423,2.866874,4222368810,4222044435.79,656667000,656616553,False
2020-08-17,6.51,25.061397,2.902543,4274902170,4274573760.03,656667000,656616553,False
2020-08-18,6.51,25.061397,2.902543,4274902170,4274573760.03,656667000,656616553,False
2020-08-19,6.47,24.90741,2.884709,4248635490,4248309097.91,656667000,656616553,False
2020-08-20,6.29,24.214468,2.804454,4130435430,4130118118.37,656667000,656616553,False
2020-08-21,6.31,24.291462,2.813371,4143568770,4143250449.43,656667000,656616553,False
2020-08-24,6.31,24.291462,2.813371,4143568770,4143250449.43,656667000,656616553,False
2020-08-25,6.24,24.021984,2.782161,4097602080,4097287290.72,656667000,656616553,False
2020-08-26,6.23,23.983487,2.777703,4091035410,4090721125.19,656667000,656616553,False
2020-08-27,6.4,21.302918,2.848723,4202668800,4202345939.2,656667000,656616553,False
2020-08-28,6.46,21.502633,2.875429,4242068820,4241742932.38,656667000,656616553,False
2020-08-31,6.43,21.402775,2.862076,4222368810,4222044435.79,656667000,656616553,False
2020-09-01,6.58,21.902062,2.928843,4320868860,4320536918.74,656667000,656616553,False
2020-09-02,6.59,21.935348,2.933294,4327435530,4327103084.27,656667000,656616553,False
2020-09-03,6.46,21.502633,2.875429,4242068820,4241742932.38,656667000,656616553,False
2020-09-04,6.59,21.935348,2.933294,4327435530,4327103084.27,656667000,656616553,False
2020-09-07,6.58,21.902062,2.928843,4320868860,4320536918.74,656667000,656616553,False
2020-09-08,6.73,22.401349,2.99561,4419368910,4419029401.69,656667000,656616553,False
2020-09-09,6.67,22.201635,2.968903,4379968890,4379632408.51,656667000,656616553,False
2020-09-10,6.48,21.569204,2.884332,4255202160,4254875263.44,656667000,656616553,False
2020-09-11,6.91,23.000494,3.07573,4537568970,4537220381.23,656667000,656616553,False
2020-09-14,6.98,23.233495,3.106888,4583535660,4583183539.94,656667000,656616553,False
2020-09-15,6.78,22.567778,3.017866,4452202260,4451860229.34,656667000,656616553,False
2020-09-16,6.62,22.035205,2.946647,4347135540,4346801580.86,656667000,656616553,False
2020-09-17,6.63,22.068491,2.951099,4353702210,4353367746.39,656667000,656616553,False
2020-09-18,6.68,22.23492,2.973354,4386535560,4386198574.04,656667000,656616553,False
2020-09-21,6.81,22.667636,3.031219,4471902270,4471558725.93,656667000,656616553,False
2020-09-22,6.5,21.635776,2.893234,4268335500,4268007594.5,656667000,656616553,False
2020-09-23,6.43,21.402775,2.862076,4222368810,4222044435.79,656667000,656616553,False
2020-09-24,6.2,20.637202,2.7597,4071335400,4071022628.6,656667000,656616553,False
2020-09-25,6.23,20.737059,2.773053,4091035410,4090721125.19,656667000,656616553,False
2020-09-28,6.13,20.404201,2.728542,4025368710,4025059469.89,656667000,656616553,False
2020-09-29,6.21,20.670487,2.764151,4077902070,4077588794.13,656667000,656616553,False
2020-09-30,6.27,20.870202,2.790858,4117302090,4116985787.31,656667000,656616553,False
2020-10-09,6.32,21.036631,2.813114,4150135440,4149816614.96,656667000,656616553,False
2020-10-12,6.48,21.569204,2.884332,4255202160,4254875263.44,656667000,656616553,False
2020-10-13,6.39,21.269632,2.844271,4196102130,4195779773.67,656667000,656616553,False
2020-10-14,6.46,21.502633,2.875429,4242068820,4241742932.38,656667000,656616553,False
2020-10-15,6.33,21.069917,2.817565,4156702110,4156382780.49,656667000,656616553,False
2020-10-16,6.29,20.936774,2.79976,4130435430,4130118118.37,656667000,656616553,False
2020-10-19,6.33,21.069917,2.817565,4156702110,4156382780.49,656667000,656616553,False
2020-10-20,6.38,21.236346,2.83982,4189535460,4189213608.14,656667000,656616553,False
2020-10-21,6.26,20.836916,2.786407,4110735420,4110419621.78,656667000,656616553,False
2020-10-22,6.21,20.670487,2.764151,4077902070,4077588794.13,656667000,656616553,False
2020-10-23,6.2,20.637202,2.7597,4071335400,4071022628.6,656667000,656616553,False
2020-10-26,6.24,20.770345,2.777505,4097602080,4097287290.72,656667000,656616553,False
2020-10-27,6.26,20.836916,2.786407,4110735420,4110419621.78,656667000,656616553,False
2020-10-28,6.36,19.992195,2.708621,4176402120,4176081277.08,656667000,656616553,False
2020-10-29,6.31,19.835024,2.687327,4143568770,4143250449.43,656667000,656616553,False
2020-10-30,6.11,19.206338,2.60215,4012235370,4011927138.83,656667000,656616553,False
2020-11-02,6.01,18.891996,2.559562,3946568670,3946265483.53,656667000,656616553,False
2020-11-03,6.12,19.237772,2.606409,4018802040,4018493304.36,656667000,656616553,False
2020-11-04,6.06,19.049167,2.580856,3979402020,3979096311.18,656667000,656616553,False
2020-11-05,6.15,19.332075,2.619185,4038502050,4038191800.95,656667000,656616553,False
2020-11-06,6.09,19.14347,2.593632,3999102030,3998794807.77,656667000,656616553,False
2020-11-09,6.21,19.520681,2.644738,4077902070,4077588794.13,656667000,656616553,False
2020-11-10,6.12,19.237772,2.606409,4018802040,4018493304.36,656667000,656616553,False
2020-11-11,6.08,19.112035,2.589373,3992535360,3992228642.24,656667000,656616553,False
2020-11-12,6.12,19.237772,2.606409,4018802040,4018493304.36,656667000,656616553,False
2020-11-13,6.15,19.332075,2.619185,4038502050,4038191800.95,656667000,656616553,False
2020-11-16,6.19,19.457812,2.636221,4064768730,4064456463.07,656667000,656616553,False
2020-11-17,6.23,19.583549,2.653256,4091035410,4090721125.19,656667000,656616553,False
2020-11-18,6.26,19.677852,2.666032,4110735420,4110419621.78,656667000,656616553,False
2020-11-19,6.3,19.803589,2.683068,4137002100,4136684283.9,656667000,656616553,False
2020-11-20,6.29,19.772155,2.678809,4130435430,4130118118.37,656667000,656616553,False
2020-11-23,6.29,19.772155,2.678809,4130435430,4130118118.37,656667000,656616553,False
2020-11-24,6.26,19.677852,2.666032,4110735420,4110419621.78,656667000,656616553,False
2020-11-25,6.21,19.520681,2.644738,4077902070,4077588794.13,656667000,656616553,False
2020-11-26,6.32,19.866458,2.691586,4150135440,4149816614.96,656667000,656616553,False
2020-11-27,6.31,19.835024,2.687327,4143568770,4143250449.43,656667000,656616553,False
2020-11-30,6.33,19.897892,2.695844,4156702110,4156382780.49,656667000,656616553,False
2020-12-01,6.33,19.897892,2.695844,4156702110,4156382780.49,656667000,656616553,False
2020-12-02,6.3,19.803589,2.683068,4137002100,4136684283.9,656667000,656616553,False
2020-12-03,6.26,19.677852,2.666032,4110735420,4110419621.78,656667000,656616553,False
2020-12-04,6.25,19.646418,2.661774,4104168750,4103853456.25,656667000,656616553,False
2020-12-07,6.26,19.677852,2.666032,4110735420,4110419621.78,656667000,656616553,False
2020-12-08,6.17,19.394944,2.627703,4051635390,4051324132.01,656667000,656616553,False
2020-12-09,6.06,19.049167,2.580856,3979402020,3979096311.18,656667000,656616553,False
2020-12-10,6.07,19.080601,2.585115,3985968690,3985662476.71,656667000,656616553,False
2020-12-11,6.07,19.080601,2.585115,3985968690,3985662476.71,656667000,656616553,False
2020-12-14,6.1,19.174904,2.597891,4005668700,4005360973.3,656667000,656616553,False
2020-12-15,6.13,19.269207,2.610668,4025368710,4025059469.89,656667000,656616553,False
2020-12-16,6.03,18.954864,2.568079,3959702010,3959397814.59,656667000,656616553,False
2020-12-17,6.04,18.986298,2.572338,3966268680,3965963980.12,656667000,656616553,False
2020-12-18,6.04,18.986298,2.572338,3966268680,3965963980.12,656667000,656616553,False
2020-12-21,6.06,19.049167,2.580856,3979402020,3979096311.18,656667000,656616553,False
2020-12-22,6.14,19.300641,2.614926,4031935380,4031625635.42,656667000,656616553,False
2020-12-23,6.13,19.269207,2.610668,4025368710,4025059469.89,656667000,656616553,False
2020-12-24,6.27,19.709286,2.670291,4117302090,4116985787.31,656667000,656616553,False
2020-12-25,6.38,20.055063,2.717139,4189535460,4189213608.14,656667000,656616553,False
2020-12-28,6.41,20.149366,2.729915,4209235470,4208912104.73,656667000,656616553,False
2020-12-29,6.58,20.683749,2.802315,4320868860,4320536918.74,656667000,656616553,False
2020-12-30,6.56,20.62088,2.793798,4307735520,4307404587.68,656667000,656616553,False
2020-12-31,6.54,20.558012,2.78528,4294602180,4294272250.08,656667000,656616552,False
2021-01-04,6.66,20.935223,2.836386,4373402220,4373066236.32,656667000,656616552,False
2021-01-05,6.63,20.84092,2.823609,4353702210,4353367739.76,656667000,656616552,False
2021-01-06,6.68,20.998092,2.844904,4386535560,4386198567.36,656667000,656616552,False
2021-01-07,6.66,20.935223,2.836386,4373402220,4373066236.32,656667000,656616552,False
2021-01-08,6.43,20.212235,2.738433,4222368810,4222044429.36,656667000,656616552,False
2021-01-11,6.1,19.174904,2.597891,4005668700,4005360967.2,656667000,656616552,False
2021-01-12,6.13,19.269207,2.610668,4025368710,4025059463.76,656667000,656616552,False
2021-01-13,5.99,18.829127,2.551044,3933435330,3933133146.48,656667000,656616552,False
2021-01-14,6.12,19.237772,2.606409,4018802040,4018493298.24,656667000,656616552,False
2021-01-15,6.14,19.300641,2.614926,4031935380,4031625629.28,656667000,656616552,False
2021-01-18,6.15,19.332075,2.619185,4038502050,4038191794.8,656667000,656616552,False
2021-01-19,6.07,19.080601,2.585115,3985968690,3985662470.64,656667000,656616552,False
2021-01-20,6.08,19.112035,2.589373,3992535360,3992228636.16,656667000,656616552,False
2021-01-21,6.12,19.237772,2.606409,4018802040,4018493298.24,656667000,656616552,False
2021-01-22,6.01,18.891996,2.559562,3946568670,3946265477.52,656667000,656616552,False
2021-01-25,5.82,18.294744,2.478644,3821801940,3821508332.64,656667000,656616552,False
2021-01-26,5.77,18.137573,2.457349,3788968590,3788677505.04,656667000,656616552,False
2021-01-27,5.8,18.231876,2.470126,3808668600,3808376001.6,656667000,656616552,False
2021-01-28,5.75,18.074705,2.448832,3775835250,3775545174.0,656667000,656616552,False
2021-01-29,5.61,17.634625,2.389208,3683901870,3683618856.72,656667000,656616552,False
2021-02-01,5.55,17.446019,2.363655,3644501850,3644221863.6,656667000,656616552,False
2021-02-02,5.61,17.634625,2.389208,3683901870,3683618856.72,656667000,656616552,False
2021-02-03,5.54,17.414585,2.359396,3637935180,3637655698.08,656667000,656616552,False
2021-02-04,5.35,16.817334,2.278478,3513168450,3512898553.2,656667000,656616552,False
2021-02-05,5.26,16.534425,2.240149,3454068420,3453803063.52,656667000,656616552,False
2021-02-08,5.26,16.534425,2.240149,3454068420,3453803063.52,656667000,656616552,False
2021-02-09,5.42,17.037374,2.30829,3559135140,3558861711.84,656667000,656616552,False
2021-02-10,5.52,17.351716,2.350878,3624801840,3624523367.04,656667000,656616552,False
2021-02-18,5.64,17.728928,2.401985,3703601880,3703317353.28,656667000,656616552,False
2021-02-19,5.74,18.04327,2.444573,3769268580,3768979008.48,656667000,656616552,False
2021-02-22,5.75,18.074705,2.448832,3775835250,3775545174.0,656667000,656616552,False
2021-02-23,5.74,18.04327,2.444573,3769268580,3768979008.48,656667000,656616552,False
2021-02-24,5.77,18.137573,2.457349,3788968590,3788677505.04,656667000,656616552,False
2021-02-25,5.68,17.854665,2.41902,3729868560,3729582015.36,656667000,656616552,False
2021-02-26,5.71,17.948967,2.431796,3749568570,3749280511.92,656667000,656616552,False
2021-03-01,5.74,18.04327,2.444573,3769268580,3768979008.48,656667000,656616552,False
2021-03-02,5.81,18.26331,2.474385,3815235270,3814942167.12,656667000,656616552,False
2021-03-03,5.83,18.326179,2.482902,3828368610,3828074498.16,656667000,656616552,False
2021-03-04,5.82,18.294744,2.478644,3821801940,3821508332.64,656667000,656616552,False
2021-03-05,5.83,18.326179,2.482902,3828368610,3828074498.16,656667000,656616552,False
2021-03-08,5.75,18.074705,2.448832,3775835250,3775545174.0,656667000,656616552,False
2021-03-09,5.63,17.697493,2.397726,3697035210,3696751187.76,656667000,656616552,False
2021-03-10,5.52,17.351716,2.350878,3624801840,3624523367.04,656667000,656616552,False
2021-03-11,5.59,17.571756,2.38069,3670768530,3670486525.68,656667000,656616552,False
2021-03-12,5.69,17.886099,2.423279,3736435230,3736148180.88,656667000,656616552,False
2021-03-15,6.26,19.677852,2.666032,4110735420,4110419615.52,656667000,656616552,False
2021-03-16,6.38,20.055063,2.717139,4189535460,4189213601.76,656667000,656616552,False
2021-03-17,6.2,19.489247,2.640479,4071335400,4071022622.4,656667000,656616552,False
2021-03-18,6.21,19.520681,2.644738,4077902070,4077588787.92,656667000,656616552,False
2021-03-19,6.13,19.269207,2.610668,4025368710,4025059463.76,656667000,656616552,False
2021-03-22,6.19,19.457812,2.636221,4064768730,4064456456.88,656667000,656616552,False
2021-03-23,6.07,19.080601,2.585115,3985968690,3985662470.64,656667000,656616552,False
2021-03-24,6.05,19.017733,2.576597,3972835350,3972530139.6,656667000,656616552,False
2021-03-25,6.04,18.986298,2.572338,3966268680,3965963974.08,656667000,656616552,False
2021-03-26,6.07,19.080601,2.585115,3985968690,3985662470.64,656667000,656616552,False
2021-03-29,6.09,19.14347,2.593632,3999102030,3998794801.68,656667000,656616552,False
2021-03-30,5.92,18.609087,2.521232,3887468640,3887169987.84,656667000,656616552,False
2021-03-31,5.95,18.70339,2.534009,3907168650,3906868484.4,656667000,656616552,False
2021-04-01,5.89,18.514784,2.508455,3867768630,3867471491.28,656667000,656616552,False
2021-04-02,5.81,18.26331,2.474385,3815235270,3814942167.12,656667000,656616552,False
2021-04-06,5.94,18.671956,2.52975,3900601980,3900302318.88,656667000,656616552,False
2021-04-07,6.01,18.891996,2.559562,3946568670,3946265477.52,656667000,656616552,False
2021-04-08,5.96,18.734824,2.538267,3913735320,3913434649.92,656667000,656616552,False
2021-04-09,6.09,21.05502,2.496817,3999102030,3998794801.68,656667000,656616552,False
2021-04-12,6.01,20.778435,2.464018,3946568670,3946265477.52,656667000,656616552,False
2021-04-13,5.87,20.294412,2.40662,3854635290,3854339160.24,656667000,656616552,False
2021-04-14,5.91,20.432704,2.423019,3880901970,3880603822.32,656667000,656616552,False
2021-04-15,5.88,20.328985,2.41072,3861201960,3860905325.76,656667000,656616552,False
2021-04-16,6.02,20.813009,2.468118,3953135340,3952831643.04,656667000,656616552,False
2021-04-19,6.06,20.951301,2.484517,3979402020,3979096305.12,656667000,656616552,False
2021-04-20,6.03,20.847582,2.472218,3959702010,3959397808.56,656667000,656616552,False
2021-04-21,5.96,20.60557,2.443519,3913735320,3913434649.92,656667000,656616552,False
2021-04-22,5.92,20.467278,2.427119,3887468640,3887169987.84,656667000,656616552,False
2021-04-23,5.97,20.640143,2.447618,3920301990,3920000815.44,656667000,656616552,False
2021-04-26,6.01,20.778435,2.464018,3946568670,3946265477.52,656667000,656616552,False
2021-04-27,6.11,21.124167,2.505017,4012235370,4011927132.72,656667000,656616552,False
2021-04-28,6.08,21.020447,2.448778,3992535360,3992228636.16,656667000,656616552,False
2021-04-29,6.08,21.020447,2.448778,3992535360,3992228636.16,656667000,656616552,False
2021-04-30,6.08,21.020447,2.448778,3992535360,3992228636.16,656667000,656616552,False
2021-05-06,6.13,21.193313,2.468916,4025368710,4025059463.76,656667000,656616552,False
2021-05-07,6.16,21.297032,2.480999,4045068720,4044757960.32,656667000,656616552,False
2021-05-10,6.13,21.193313,2.468916,4025368710,4025059463.76,656667000,656616552,False
2021-05-11,6.11,21.124167,2.460861,4012235370,4011927132.72,656667000,656616552,False
2021-05-12,6.1,21.089593,2.456834,4005668700,4005360967.2,656667000,656616552,False
2021-05-13,6.17,21.331605,2.485027,4051635390,4051324125.84,656667000,656616552,False
2021-05-14,6.18,19.508403,2.489054,4058202060,4057890291.36,656667000,656616552,False
2021-05-17,6.22,19.634671,2.505165,4084468740,4084154953.44,656667000,656616552,False
2021-05-18,6.16,19.445269,2.480999,4045068720,4044757960.32,656667000,656616552,False
2021-05-19,6.07,19.161166,2.444751,3985968690,3985662470.64,656667000,656616552,False
2021-05-20,6.05,19.098032,2.436696,3972835350,3972530139.6,656667000,656616552,False
2021-05-21,6.05,19.098032,2.436696,3972835350,3972530139.6,656667000,656616552,False
2021-05-24,6.03,19.034898,2.42864,3959702010,3959397808.56,656667000,656616552,False
2021-05-25,6.04,19.066465,2.432668,3966268680,3965963974.08,656667000,656616552,False
2021-05-26,6.06,19.129599,2.440723,3979402020,3979096305.12,656667000,656616552,False
2021-05-27,6.04,19.066465,2.432668,3966268680,3965963974.08,656667000,656616552,False
2021-05-28,6.02,19.003331,2.424613,3953135340,3952831643.04,656667000,656616552,False
2021-05-31,5.81,18.340424,2.340033,3815235270,3814942167.12,656667000,656616552,False
2021-06-01,5.85,18.466692,2.356144,3841501950,3841206829.2,656667000,656616552,False
2021-06-02,5.82,18.371991,2.344061,3821801940,3821508332.64,656667000,656616552,False
2021-06-03,5.8,18.308857,2.336006,3808668600,3808376001.6,656667000,656616552,False
2021-06-04,5.77,18.214156,2.323923,3788968590,3788677505.04,656667000,656616552,False
2021-06-07,5.78,18.245723,2.32795,3795535260,3795243670.56,656667000,656616552,False
2021-06-08,5.79,18.27729,2.331978,3802101930,3801809836.08,656667000,656616552,False
2021-06-09,5.83,18.403558,2.348088,3828368610,3828074498.16,656667000,656616552,False
2021-06-10,5.84,18.435125,2.352116,3834935280,3834640663.68,656667000,656616552,False
2021-06-11,5.75,18.151022,2.315868,3775835250,3775545174.0,656667000,656616552,False
2021-06-15,5.79,18.27729,2.331978,3802101930,3801809836.08,656667000,656616552,False
2021-06-16,5.72,18.056321,2.303785,3756135240,3755846677.44,656667000,656616552,False
2021-06-17,5.61,17.709084,2.259481,3683901870,3683618856.72,656667000,656616552,False
2021-06-18,5.63,17.772218,2.267537,3697035210,3696751187.76,656667000,656616552,False
2021-06-21,5.79,18.27729,2.331978,3802101930,3801809836.08,656667000,656616552,False
2021-06-22,5.76,18.182589,2.319895,3782401920,3782111339.52,656667000,656616552,False
2021-06-23,5.7,17.993187,2.29573,3743001900,3742714346.4,656667000,656616552,False
2021-06-24,5.76,18.182589,2.319895,3782401920,3782111339.52,656667000,656616552,False
2021-06-25,5.75,18.151022,2.315868,3775835250,3775545174.0,656667000,656616552,False
2021-06-28,5.73,18.087888,2.307812,3762701910,3762412842.96,656667000,656616552,False
2021-06-29,5.65,17.835352,2.275592,3710168550,3709883518.8,656667000,656616552,False
2021-06-30,5.64,17.803785,2.271564,3703601880,3703317353.28,656667000,656616552,False
2021-07-01,5.63,17.772218,2.267537,3697035210,3696751187.76,656667000,656616552,False
2021-07-02,5.68,17.930053,2.287674,3729868560,3729582015.36,656667000,656616552,False
2021-07-05,5.69,17.96162,2.291702,3736435230,3736148180.88,656667000,656616552,False
2021-07-06,5.66,17.866919,2.279619,3716735220,3716449684.32,656667000,656616552,False
2021-07-07,5.57,17.582816,2.243371,3657635190,3657354194.64,656667000,656616552,False
2021-07-08,5.5,17.361847,2.215178,3611668500,3611391036.0,656667000,656616552,False
2021-07-09,5.54,17.488115,2.231288,3637935180,3637655698.08,656667000,656616552,False
2021-07-12,5.63,17.772218,2.267537,3697035210,3696751187.76,656667000,656616552,False
2021-07-13,5.61,17.709084,2.259481,3683901870,3683618856.72,656667000,656616552,False
2021-07-14,5.58,17.614383,2.247399,3664201860,3663920360.16,656667000,656616552,False
2021-07-15,5.51,17.393414,2.219205,3618235170,3617957201.52,656667000,656616552,False
2021-07-16,5.54,17.488115,2.231288,3637935180,3637655698.08,656667000,656616552,False
2021-07-19,5.58,17.614383,2.247399,3664201860,3663920360.16,656667000,656616552,False
2021-07-20,5.61,17.709084,2.259481,3683901870,3683618856.72,656667000,656616552,False
2021-07-21,5.61,17.709084,2.259481,3683901870,3683618856.72,656667000,656616552,False
2021-07-22,5.66,17.866919,2.279619,3716735220,3716449684.32,656667000,656616552,False
2021-07-23,5.7,17.993187,2.29573,3743001900,3742714346.4,656667000,656616552,False
2021-07-26,5.84,18.435125,2.352116,3834935280,3834640663.68,656667000,656616552,False
2021-07-27,5.65,17.835352,2.275592,3710168550,3709883518.8,656667000,656616552,False
2021-07-28,5.45,17.204012,2.19504,3578835150,3578560208.4,656667000,656616552,False
2021-07-29,5.54,17.488115,2.231288,3637935180,3637655698.08,656667000,656616552,False
2021-07-30,5.66,17.866919,2.279619,3716735220,3716449684.32,656667000,656616552,False
2021-08-02,5.72,18.056321,2.303785,3756135240,3755846677.44,656667000,656616552,False
2021-08-03,5.69,17.96162,2.291702,3736435230,3736148180.88,656667000,656616552,False
2021-08-04,5.67,17.898486,2.283647,3723301890,3723015849.84,656667000,656616552,False
2021-08-05,5.78,18.245723,2.32795,3795535260,3795243670.56,656667000,656616552,False
2021-08-06,5.74,18.119455,2.31184,3769268580,3768979008.48,656667000,656616552,False
2021-08-09,5.78,18.245723,2.32795,3795535260,3795243670.56,656667000,656616552,False
2021-08-10,5.89,18.59296,2.372254,3867768630,3867471491.28,656667000,656616552,False
2021-08-11,6.05,19.098032,2.436696,3972835350,3972530139.6,656667000,656616552,False
2021-08-12,5.95,18.782362,2.39642,3907168650,3906868484.4,656667000,656616552,False
2021-08-13,6.01,18.971764,2.420585,3946568670,3946265477.52,656667000,656616552,False
2021-08-16,6.1,19.255867,2.456834,4005668700,4005360967.2,656667000,656616552,False
2021-08-17,6.71,21.181453,2.702517,4406235570,4405897063.92,656667000,656616552,False
2021-08-18,7.38,23.296442,2.972366,4846202460,4845830153.76,656667000,656616552,False
2021-08-19,8.12,25.6324,3.270408,5332136040,5331726402.24,656667000,656616552,False
2021-08-20,7.4,23.359576,2.980421,4859335800,4858962484.8,656667000,656616552,False
2021-08-23,7.34,23.170174,2.956255,4819935780,4819565491.68,656667000,656616552,False
2021-08-24,7.72,24.36972,3.109304,5069469240,5069079781.44,656667000,656616552,False
2021-08-25,7.51,23.706813,3.024725,4931569170,4931190305.52,656667000,656616552,False
2021-08-26,8.26,26.074338,3.326794,5424069420,5423652719.52,656667000,656616552,False
2021-08-27,7.88,24.874792,3.173746,5174535960,5174138429.76,656667000,656616552,False
2021-08-30,7.28,28.427061,2.886475,4780535760,4780168498.56,656667000,656616552,False
2021-08-31,7.48,29.208024,2.965774,4911869160,4911491808.96,656667000,656616552,False
2021-09-01,7.02,27.411809,2.783387,4609802340,4609448195.04,656667000,656616552,False
2021-09-02,7.35,28.700398,2.91423,4826502450,4826131657.2,656667000,656616552,False
2021-09-03,7.5,29.286121,2.973704,4925002500,4924624140.0,656667000,656616552,False
2021-09-06,7.26,28.348965,2.878545,4767402420,4767036167.52,656667000,656616552,False
2021-09-07,7.41,28.934687,2.938019,4865902470,4865528650.32,656667000,656616552,False
2021-09-08,7.13,27.841339,2.827001,4682035710,4681676015.76,656667000,656616552,False
2021-09-09,7.01,27.372761,2.779422,4603235670,4602882029.52,656667000,656616552,False
2021-09-10,7.16,27.958483,2.838896,4701735720,4701374512.32,656667000,656616552,False
2021-09-13,7.64,29.832795,3.029213,5016935880,5016550457.28,656667000,656616552,False
2021-09-14,7.36,28.739446,2.918195,4833069120,4832697822.72,656667000,656616552,False
2021-09-15,7.43,29.012783,2.945949,4879035810,4878660981.36,656667000,656616552,False
2021-09-16,7.14,27.880387,2.830966,4688602380,4688242181.28,656667000,656616552,False
2021-09-17,6.88,26.865135,2.727878,4517868960,4517521877.76,656667000,656616552,False
2021-09-22,7.15,27.919435,2.834931,4695169050,4694808346.8,656667000,656616552,False
2021-09-23,7.01,27.372761,2.779422,4603235670,4602882029.52,656667000,656616552,False
2021-09-24,6.74,26.31846,2.672368,4425935580,4425595560.48,656667000,656616552,False
2021-09-27,6.31,24.639389,2.501876,4143568770,4143250443.12,656667000,656616552,False
2021-09-28,6.47,25.26416,2.565315,4248635490,4248309091.44,656667000,656616552,False
2021-09-29,6.31,24.639389,2.501876,4143568770,4143250443.12,656667000,656616552,False
2021-09-30,6.58,25.69369,2.608929,4320868860,4320536912.16,656667000,656616552,False
2021-10-08,6.48,25.303208,2.56928,4255202160,4254875256.96,656667000,656616552,False
2021-10-11,6.54,25.537497,2.59307,4294602180,4294272250.08,656667000,656616552,False
2021-10-12,6.29,24.561293,2.493946,4130435430,4130118112.08,656667000,656616552,False
2021-10-13,6.35,24.795582,2.517736,4169835450,4169515105.2,656667000,656616552,False
2021-10-14,6.41,25.029871,2.541525,4209235470,4208912098.32,656667000,656616552,False
2021-10-15,6.44,25.147016,2.55342,4228935480,4228610594.88,656667000,656616552,False
2021-10-18,6.45,25.186064,2.557385,4235502150,4235176760.4,656667000,656616552,False
2021-10-19,6.34,24.756534,2.513771,4163268780,4162948939.68,656667000,656616552,False
2021-10-20,6.27,24.483197,2.486016,4117302090,4116985781.04,656667000,656616552,False
2021-10-21,6.22,24.287956,2.466192,4084468740,4084154953.44,656667000,656616552,False
2021-10-22,5.96,23.272704,2.363103,3913735320,3913434649.92,656667000,656616552,False
2021-10-25,6.09,23.78033,2.414647,3999102030,3998794801.68,656667000,656616552,False
2021-10-26,6.28,24.522245,2.489981,4123868760,4123551946.56,656667000,656616552,False
2021-10-27,6.17,24.092715,2.446367,4051635390,4051324125.84,656667000,656616552,False
2021-10-28,6.08,25.435952,2.455574,3992535360,3992228636.16,656667000,656616552,False
2021-10-29,6.19,25.896142,2.5,4064768730,4064456456.88,656667000,656616552,False
2021-11-01,6.4,26.774687,2.584814,4202668800,4202345932.8,656667000,656616552,False
2021-11-02,6.39,26.732851,2.580776,4196102130,4195779767.28,656667000,656616552,False
2021-11-03,6.31,26.398168,2.548465,4143568770,4143250443.12,656667000,656616552,False
2021-11-04,6.63,27.736902,2.677706,4353702210,4353367739.76,656667000,656616552,False
2021-11-05,6.47,27.067535,2.613086,4248635490,4248309091.44,656667000,656616552,False
2021-11-08,6.61,27.653231,2.669629,4340568870,4340235408.72,656667000,656616552,False
2021-11-09,6.54,27.360383,2.641357,4294602180,4294272250.08,656667000,656616552,False
2021-11-10,6.51,27.234876,2.629241,4274902170,4274573753.52,656667000,656616552,False
2021-11-11,6.53,27.318547,2.637318,4288035510,4287706084.56,656667000,656616552,False
2021-11-12,6.83,28.573611,2.758481,4485035610,4484691050.16,656667000,656616552,False
2021-11-15,6.88,28.782788,2.778675,4517868960,4517521877.76,656667000,656616552,False
2021-11-16,6.73,28.155256,2.718094,4419368910,4419029394.96,656667000,656616552,False
2021-11-17,7.07,29.577662,2.855412,4642635690,4642279022.64,656667000,656616552,False
2021-11-18,6.97,29.159307,2.815024,4576968990,4576617367.44,656667000,656616552,False
2021-11-19,7.28,30.456206,2.940226,4780535760,4780168498.56,656667000,656616552,False
2021-11-22,7.22,30.205193,2.915994,4741135740,4740771505.44,656667000,656616552,False
2021-11-23,7.16,29.954181,2.891761,4701735720,4701374512.32,656667000,656616552,False
2021-11-24,7.88,32.966333,3.182553,5174535960,5174138429.76,656667000,656616552,False
2021-11-25,8.06,33.719371,3.25525,5292736020,5292329409.12,656667000,656616552,False
2021-11-26,8.87,37.108042,3.582391,5824636290,5824188816.24,656667000,656616552,False
2021-11-29,9.76,40.831397,3.941842,6409069920,6408577547.52,656667000,656616552,False
2021-11-30,9.19,38.446776,3.711632,6034769730,6034306112.88,656667000,656616552,False
2021-12-01,8.51,35.601966,3.436995,5588236170,5587806857.52,656667000,656616552,False
2021-12-02,8.3,34.723422,3.352181,5450336100,5449917381.6,656667000,656616552,False
2021-12-03,8.69,36.355004,3.509693,5706436230,5705997836.88,656667000,656616552,False
2021-12-06,8.74,36.564181,3.529887,5739269580,5738828664.48,656667000,656616552,False
2021-12-07,8.31,34.765257,3.35622,5456902770,5456483547.12,656667000,656616552,False
2021-12-08,9.14,38.237599,3.691438,6001936380,6001475285.28,656667000,656616552,False
2021-12-09,8.92,37.317219,3.602585,5857469640,5857019643.84,656667000,656616552,False
2021-12-10,8.52,35.643801,3.441034,5594802840,5594373023.04,656667000,656616552,False
2021-12-13,8.88,37.149878,3.58643,5831202960,5830754981.76,656667000,656616552,False
2021-12-14,9.24,38.655954,3.731826,6067603080,6067136940.48,656667000,656616552,False
2021-12-15,8.95,37.442726,3.614701,5877169650,5876718140.4,656667000,656616552,False
2021-12-16,8.86,37.066207,3.578352,5818069620,5817622650.72,656667000,656616552,False
2021-12-17,8.7,36.39684,3.513732,5713002900,5712564002.4,656667000,656616552,False
2021-12-20,8.05,33.677535,3.251212,5286169350,5285763243.6,656667000,656616552,False
2021-12-21,8.14,34.054054,3.287561,5345269380,5344858733.28,656667000,656616552,False
2021-12-22,8.02,33.552029,3.239095,5266469340,5266064747.04,656667000,656616552,False
2021-12-23,8.05,33.677535,3.251212,5286169350,5285763243.6,656667000,656616552,False
2021-12-24,7.71,32.25513,3.113893,5062902570,5062513615.92,656667000,656616552,False
2021-12-27,7.74,32.380637,3.12601,5082602580,5082212112.48,656667000,656616552,False
2021-12-28,7.78,32.547978,3.142165,5108869260,5108476774.56,656667000,656616552,False
2021-12-29,7.84,32.798991,3.166398,5148269280,5147873767.68,656667000,656616552,False
2021-12-30,7.82,32.71532,3.15832,5135135940,5134741436.64,656667000,656616552,False
2021-12-31,8.15,34.09589,3.291599,5351836050,5351424898.8,656667000,656616552,False
2022-01-04,8.32,34.807093,3.360259,5463469440,5463049712.64,656667000,656616552,False
2022-01-05,8.53,35.685637,3.445073,5601369510,5600939188.56,656667000,656616552,False
2022-01-06,8.61,36.020321,3.477383,5653902870,5653468512.72,656667000,656616552,False
2022-01-07,8.15,34.09589,3.291599,5351836050,5351424898.8,656667000,656616552,False
2022-01-10,8.28,34.639751,3.344103,5437202760,5436785050.56,656667000,656616552,False
2022-01-11,8.18,34.221396,3.303716,5371536060,5371123395.36,656667000,656616552,False
2022-01-12,8.29,34.681586,3.348142,5443769430,5443351216.08,656667000,656616552,False
2022-01-13,8.09,33.844877,3.267367,5312436030,5312027905.68,656667000,656616552,False
2022-01-14,8.9,37.233548,3.594507,5844336300,5843887312.8,656667000,656616552,False
2022-01-17,9.08,37.986587,3.667205,5962536360,5962078292.16,656667000,656616552,False
2022-01-18,9.19,38.446776,3.711632,6034769730,6034306112.88,656667000,656616552,False
2022-01-19,9.16,38.32127,3.699515,6015069720,6014607616.32,656667000,656616552,False
2022-01-20,8.9,37.233548,3.594507,5844336300,5843887312.8,656667000,656616552,False
2022-01-21,8.86,37.066207,3.578352,5818069620,5817622650.72,656667000,656616552,False
2022-01-24,9.11,38.112093,3.679322,5982236370,5981776788.72,656667000,656616552,False
2022-01-25,8.75,36.606017,3.533926,5745836250,5745394830.0,656667000,656616552,False
2022-01-26,8.78,36.731523,3.546042,5765536260,5765093326.56,656667000,656616552,False
2022-01-27,8.54,35.727472,3.449112,5607936180,5607505354.08,656667000,656616552,False
2022-01-28,8.74,36.564181,3.529887,5739269580,5738828664.48,656667000,656616552,False
2022-02-07,8.54,35.727472,3.449112,5607936180,5607505354.08,656667000,656616552,False
2022-02-08,8.46,35.392789,3.416801,5555402820,5554976029.92,656667000,656616552,False
2022-02-09,8.29,34.681586,3.348142,5443769430,5443351216.08,656667000,656616552,False
2022-02-10,7.97,33.342852,3.218902,5233635990,5233233919.44,656667000,656616552,False
2022-02-11,7.7,32.213295,3.109855,5056335900,5055947450.4,656667000,656616552,False
2022-02-14,7.7,32.213295,3.109855,5056335900,5055947450.4,656667000,656616552,False
2022-02-15,7.86,32.882662,3.174475,5161402620,5161006098.72,656667000,656616552,False
2022-02-16,7.8,32.631649,3.150242,5122002600,5121609105.6,656667000,656616552,False
2022-02-17,7.71,32.25513,3.113893,5062902570,5062513615.92,656667000,656616552,False
2022-02-18,7.79,32.589814,3.146204,5115435930,5115042940.08,656667000,656616552,False
2022-02-21,7.88,32.966333,3.182553,5174535960,5174138429.76,656667000,656616552,False
2022-02-22,7.81,32.673485,3.154281,5128569270,5128175271.12,656667000,656616552,False
2022-02-23,7.78,32.547978,3.142165,5108869260,5108476774.56,656667000,656616552,False
2022-02-24,7.44,31.125573,3.004847,4885602480,4885227146.88,656667000,656616552,False
2022-02-25,7.59,31.753105,3.065428,4984102530,4983719629.68,656667000,656616552,False
2022-02-28,7.46,31.209244,3.012924,4898735820,4898359477.92,656667000,656616552,False
2022-03-01,7.5,31.376586,3.029079,4925002500,4924624140.0,656667000,656616552,False
2022-03-02,7.38,30.87456,2.980614,4846202460,4845830153.76,656667000,656616552,False
2022-03-03,7.35,30.749054,2.968498,4826502450,4826131657.2,656667000,656616552,False
2022-03-04,7.17,29.996016,2.8958,4708302390,4707940677.84,656667000,656616552,False
2022-03-07,7.17,29.996016,2.8958,4708302390,4707940677.84,656667000,656616552,False
2022-03-08,6.92,28.95013,2.79483,4544135640,4543786539.84,656667000,656616552,False
2022-03-09,6.86,28.699117,2.770598,4504735620,4504389546.72,656667000,656616552,False
2022-03-10,7.11,29.745003,2.871567,4668902370,4668543684.72,656667000,656616552,False
2022-03-11,7.06,29.535826,2.851373,4636069020,4635712857.12,656667000,656616552,False
2022-03-14,6.9,28.866459,2.786753,4531002300,4530654208.8,656667000,656616552,False
2022-03-15,6.44,26.942028,2.600969,4228935480,4228610594.88,656667000,656616552,False
2022-03-16,6.68,27.946079,2.6979,4386535560,4386198567.36,656667000,656616552,False
2022-03-17,6.72,28.113421,2.714055,4412802240,4412463229.44,656667000,656616552,False
2022-03-18,6.74,28.197092,2.722133,4425935580,4425595560.48,656667000,656616552,False
2022-03-21,6.77,28.322598,2.734249,4445635590,4445294057.04,656667000,656616552,False
2022-03-22,6.71,28.071585,2.710016,4406235570,4405897063.92,656667000,656616552,False
2022-03-23,7.38,30.87456,2.980614,4846202460,4845830153.76,656667000,656616552,False
2022-03-24,7.13,29.828674,2.879645,4682035710,4681676015.76,656667000,656616552,False
2022-03-25,7.19,30.079687,2.903877,4721435730,4721073008.88,656667000,656616552,False
2022-03-28,7.09,29.661332,2.86349,4655769030,4655411353.68,656667000,656616552,False
2022-03-29,6.97,29.159307,2.815024,4576968990,4576617367.44,656667000,656616552,False
2022-03-30,7.05,29.493991,2.847334,4629502350,4629146691.6,656667000,656616552,False
2022-03-31,7.39,30.607601,2.89355,4852769130,4852396319.28,656667000,656616552,False
2022-04-01,7.18,29.737831,2.811325,4714869060,4714506843.36,656667000,656616552,False
2022-04-06,7.21,29.862084,2.823071,4734569070,4734205339.92,656667000,656616552,False
2022-04-07,6.98,28.90948,2.733015,4583535660,4583183532.96,656667000,656616552,False
2022-04-08,6.85,28.371051,2.682113,4498168950,4497823381.2,656667000,656616552,False
2022-04-11,6.56,27.169941,2.568564,4307735520,4307404581.12,656667000,656616552,False
2022-04-12,6.73,27.87404,2.635128,4419368910,4419029394.96,656667000,656616552,False
2022-04-13,6.57,27.211358,2.57248,4314302190,4313970746.64,656667000,656616552,False
2022-04-14,6.84,28.329633,2.678198,4491602280,4491257215.68,656667000,656616552,False
2022-04-15,6.89,28.536721,2.697775,4524435630,4524088043.28,656667000,656616552,False
2022-04-18,7.13,29.530743,2.791747,4682035710,4681676015.76,656667000,656616552,False
2022-04-19,7.07,29.282238,2.768254,4642635690,4642279022.64,656667000,656616552,False
2022-04-20,7.02,29.07515,2.748677,4609802340,4609448195.04,656667000,656616552,False
2022-04-21,7.06,29.24082,2.764339,4636069020,4635712857.12,656667000,656616552,False
2022-04-22,7.26,30.069172,2.842649,4767402420,4767036167.52,656667000,656616552,False
2022-04-25,6.53,27.045688,2.556818,4288035510,4287706084.56,656667000,656616552,False
2022-04-26,5.88,22.82317,2.255439,3861201960,3860905325.76,656667000,656616552,False
2022-04-27,5.92,22.97843,2.270782,3887468640,3887169987.84,656667000,656616552,False
2022-04-28,5.66,21.969242,2.171052,3716735220,3716449684.32,656667000,656616552,False
2022-04-29,6.07,23.560653,2.328319,3985968690,3985662470.64,656667000,656616552,False
2022-05-05,6.19,24.026432,2.374348,4064768730,4064456456.88,656667000,656616552,False
2022-05-06,6.12,23.754728,2.347498,4018802040,4018493298.24,656667000,656616552,False
2022-05-09,6.35,24.647471,2.435721,4169835450,4169515105.2,656667000,656616552,False
2022-05-10,6.6,25.617844,2.531615,4334002200,4333669243.2,656667000,656616552,False
2022-05-11,6.72,26.083623,2.577645,4412802240,4412463229.44,656667000,656616552,False
2022-05-12,6.76,26.238883,2.592988,4439068920,4438727891.52,656667000,656616552,False
2022-05-13,6.75,26.200068,2.589152,4432502250,4432161726.0,656667000,656616552,False
2022-05-16,6.69,25.967178,2.566137,4393102230,4392764732.88,656667000,656616552,False
2022-05-17,6.65,25.811919,2.550794,4366835550,4366500070.8,656667000,656616552,False
2022-05-18,6.65,25.811919,2.550794,4366835550,4366500070.8,656667000,656616552,False
2022-05-19,6.85,26.588217,2.62751,4498168950,4497823381.2,656667000,656616552,False
2022-05-20,7.17,27.830294,2.750255,4708302390,4707940677.84,656667000,656616552,False
2022-05-23,7.18,27.869109,2.754091,4714869060,4714506843.36,656667000,656616552,False
2022-05-24,6.89,26.743477,2.642853,4524435630,4524088043.28,656667000,656616552,False
2022-05-25,7.0,27.170441,2.685047,4596669000,4596315864.0,656667000,656616552,False
2022-05-26,6.97,27.053996,2.673539,4576968990,4576617367.44,656667000,656616552,False
2022-05-27,6.95,26.976366,2.665868,4563835650,4563485036.4,656667000,656616552,False
2022-05-30,6.97,27.053996,2.673539,4576968990,4576617367.44,656667000,656616552,False
2022-05-31,6.99,27.131626,2.681211,4590102330,4589749698.48,656667000,656616552,False
2022-06-01,7.05,27.364515,2.704226,4629502350,4629146691.6,656667000,656616552,False
2022-06-02,7.11,27.597405,2.72724,4668902370,4668543684.72,656667000,656616552,False
2022-06-06,7.3,28.334888,2.80012,4793669100,4793300829.6,656667000,656616552,False
2022-06-07,7.09,27.519775,2.719569,4655769030,4655411353.68,656667000,656616552,False
2022-06-08,7.03,27.286885,2.696554,4616369010,4616014360.56,656667000,656616552,False
2022-06-09,6.74,26.161253,2.585316,4425935580,4425595560.48,656667000,656616552,False
2022-06-10,6.97,27.053996,2.673539,4576968990,4576617367.44,656667000,656616552,False
2022-06-13,6.93,26.898736,2.658196,4550702310,4550352705.36,656667000,656616552,False
2022-06-14,6.86,26.627032,2.631346,4504735620,4504389546.72,656667000,656616552,False
2022-06-15,6.81,26.432957,2.612167,4471902270,4471558719.12,656667000,656616552,False
2022-06-16,6.75,26.200068,2.589152,4432502250,4432161726.0,656667000,656616552,False
2022-06-17,6.93,26.898736,2.658196,4550702310,4550352705.36,656667000,656616552,False
2022-06-20,7.15,27.752664,2.742583,4695169050,4694808346.8,656667000,656616552,False
2022-06-21,7.15,27.752664,2.742583,4695169050,4694808346.8,656667000,656616552,False
2022-06-22,7.29,28.296073,2.796284,4787102430,4786734664.08,656667000,656616552,False
2022-06-23,7.42,28.800667,2.846149,4872469140,4872094815.84,656667000,656616552,False
2022-06-24,7.47,28.994742,2.865328,4905302490,4904925643.44,656667000,656616552,False
2022-06-27,7.56,29.344076,2.89985,4964402520,4964021133.12,656667000,656616552,False
2022-06-28,7.95,30.857858,3.049446,5220502650,5220101588.4,656667000,656616552,False
2022-06-29,7.37,28.606592,2.826971,4839635790,4839263988.24,656667000,656616552,False
2022-06-30,7.25,28.140813,2.780941,4760835750,4760470002.0,656667000,656616552,False
2022-07-01,7.23,28.063184,2.77327,4747702410,4747337670.96,656667000,656616552,False
2022-07-04,7.28,28.257258,2.792449,4780535760,4780168498.56,656667000,656616552,False
2022-07-05,7.19,27.907924,2.757926,4721435730,4721073008.88,656667000,656616552,False
2022-07-06,7.33,28.451333,2.811627,4813369110,4812999326.16,656667000,656616552,False
2022-07-07,7.6,29.499335,2.915194,4990669200,4990285795.2,656667000,656616552,False
2022-07-08,7.42,28.800667,2.846149,4872469140,4872094815.84,656667000,656616552,False
2022-07-11,7.37,28.606592,2.826971,4839635790,4839263988.24,656667000,656616552,False
2022-07-12,7.41,28.761852,2.842314,4865902470,4865528650.32,656667000,656616552,False
2022-07-13,7.88,30.586153,3.022595,5174535960,5174138429.76,656667000,656616552,False
2022-07-14,7.91,30.702598,3.034103,5194235970,5193836926.32,656667000,656616552,False
2022-07-15,8.06,31.284822,3.091639,5292736020,5292329409.12,656667000,656616552,False
2022-07-18,8.1,31.440081,3.106983,5319002700,5318594071.2,656667000,656616552,False
2022-07-19,8.16,31.672971,3.129997,5358402720,5357991064.32,656667000,656616552,False
2022-07-20,8.98,34.855794,3.444531,5896869660,5896416636.96,656667000,656616552,False
2022-07-21,8.5,32.992678,3.260414,5581669500,5581240692.0,656667000,656616552,False
2022-07-22,9.35,36.291946,3.586455,6139836450,6139364761.2,656667000,656616552,False
2022-07-25,9.91,38.465581,3.801259,6507569970,6507070030.32,656667000,656616552,False
2022-07-26,10.9,42.308257,4.181001,7157670300,7157120416.8,656667000,656616552,False
2022-07-27,10.45,40.561586,4.008391,6862170150,6861642968.4,656667000,656616552,False
2022-07-28,10.3,39.979363,3.950854,6763670100,6763150485.6,656667000,656616552,False
2022-07-29,9.63,37.378763,3.693857,6323703210,6323217395.76,656667000,656616552,False
2022-08-01,9.21,35.748537,3.532754,6047903070,6047438443.92,656667000,656616552,False
2022-08-02,8.48,32.915048,3.252742,5568536160,5568108360.96,656667000,656616552,False
2022-08-03,8.56,33.225567,3.283428,5621069520,5620637685.12,656667000,656616552,False
2022-08-04,9.09,35.282758,3.486725,5969103030,5968644457.68,656667000,656616552,False
2022-08-05,8.74,33.924236,3.352473,5739269580,5738828664.48,656667000,656616552,False
2022-08-08,8.75,33.963051,3.356308,5745836250,5745394830.0,656667000,656616552,False
2022-08-09,8.56,33.225567,3.283428,5621069520,5620637685.12,656667000,656616552,False
2022-08-10,8.7,33.768976,3.337129,5713002900,5712564002.4,656667000,656616552,False
2022-08-11,8.65,33.574902,3.317951,5680169550,5679733174.8,656667000,656616552,False
2022-08-12,8.28,32.13875,3.176027,5437202760,5436785050.56,656667000,656616552,False
2022-08-15,8.59,33.342012,3.294936,5640769530,5640336181.68,656667000,656616552,False
2022-08-16,8.88,34.467645,3.406173,5831202960,5830754981.76,656667000,656616552,False
2022-08-17,8.85,34.3512,3.394666,5811502950,5811056485.2,656667000,656616552,False
2022-08-18,8.84,34.312385,3.39083,5804936280,5804490319.68,656667000,656616552,False
2022-08-19,8.66,33.613716,3.321786,5686736220,5686299340.32,656667000,656616552,False
2022-08-22,8.62,33.458457,3.306443,5660469540,5660034678.24,656667000,656616552,False
2022-08-23,8.72,33.846606,3.344801,5726136240,5725696333.44,656667000,656616552,False
2022-08-24,8.28,32.13875,3.176027,5437202760,5436785050.56,656667000,656616552,False
2022-08-25,8.14,31.595341,3.122326,5345269380,5344858733.28,656667000,656616552,False
2022-08-26,8.18,31.750601,3.137669,5371536060,5371123395.36,656667000,656616552,False
2022-08-29,8.21,27.458779,3.211517,5391236070,5390821891.92,656667000,656616552,False
2022-08-30,8.06,26.957097,3.152841,5292736020,5292329409.12,656667000,656616552,False
2022-08-31,7.59,25.385157,2.96899,4984102530,4983719629.68,656667000,656616552,False
2022-09-01,7.62,25.485493,2.980725,5003802540,5003418126.24,656667000,656616552,False
2022-09-02,7.77,25.987176,3.039401,5102302590,5101910609.04,656667000,656616552,False
2022-09-05,7.97,26.656087,3.117635,5233635990,5233233919.44,656667000,656616552,False
2022-09-06,8.05,26.923651,3.148929,5286169350,5285763243.6,656667000,656616552,False
2022-09-07,8.08,27.023988,3.160664,5305869360,5305461740.16,656667000,656616552,False
2022-09-08,8.06,26.957097,3.152841,5292736020,5292329409.12,656667000,656616552,False
2022-09-09,7.96,26.622641,3.113724,5227069320,5226667753.92,656667000,656616552,False
2022-09-13,7.94,26.55575,3.1059,5213935980,5213535422.88,656667000,656616552,False
2022-09-14,7.86,26.288186,3.074607,5161402620,5161006098.72,656667000,656616552,False
2022-09-15,7.71,25.786503,3.015931,5062902570,5062513615.92,656667000,656616552,False
2022-09-16,7.47,24.98381,2.92205,4905302490,4904925643.44,656667000,656616552,False
2022-09-19,7.3,24.415236,2.855551,4793669100,4793300829.6,656667000,656616552,False
2022-09-20,7.5,25.084147,2.933785,4925002500,4924624140.0,656667000,656616552,False
2022-09-21,7.51,25.117592,2.937697,4931569170,4931190305.52,656667000,656616552,False
2022-09-22,7.55,25.251375,2.953343,4957835850,4957454967.6,656667000,656616552,False
2022-09-23,7.34,24.549018,2.871198,4819935780,4819565491.68,656667000,656616552,False
2022-09-26,7.17,23.980444,2.804698,4708302390,4707940677.84,656667000,656616552,False
2022-09-27,7.38,24.682801,2.886844,4846202460,4845830153.76,656667000,656616552,False
2022-09-28,7.05,23.579098,2.757758,4629502350,4629146691.6,656667000,656616552,False
2022-09-29,7.03,23.512207,2.749934,4616369010,4616014360.56,656667000,656616552,False
2022-09-30,6.96,23.278088,2.722552,4570402320,4570051201.92,656667000,656616552,False
2022-10-10,6.9,23.077415,2.699082,4531002300,4530654208.8,656667000,656616552,False
2022-10-11,7.11,23.779771,2.781228,4668902370,4668543684.72,656667000,656616552,False
2022-10-12,7.42,24.816583,2.902491,4872469140,4872094815.84,656667000,656616552,False
2022-10-13,7.67,25.652721,3.000284,5036635890,5036248953.84,656667000,656616552,False
2022-10-14,8.05,26.923651,3.148929,5286169350,5285763243.6,656667000,656616552,False
2022-10-17,8.22,27.492225,3.215428,5397802740,5397388057.44,656667000,656616552,False
2022-10-18,8.5,28.4287,3.324956,5581669500,5581240692.0,656667000,656616552,False
2022-10-19,8.21,27.458779,3.211517,5391236070,5390821891.92,656667000,656616552,False
2022-10-20,7.99,26.722978,3.125459,5246769330,5246366250.48,656667000,656616552,False
2022-10-21,8.43,28.194581,3.297574,5535702810,5535277533.36,656667000,656616552,False
2022-10-24,8.39,28.060799,3.281927,5509436130,5509012871.28,656667000,656616552,False
2022-10-25,8.26,27.626007,3.231075,5424069420,5423652719.52,656667000,656616552,False
2022-10-26,8.43,28.194581,3.297574,5535702810,5535277533.36,656667000,656616552,False
2022-10-27,8.3,27.759789,3.246722,5450336100,5449917381.6,656667000,656616552,False
2022-10-28,7.95,26.374111,3.024801,5220502650,5220101588.4,656667000,656616552,False
2022-10-31,8.02,26.606336,3.051435,5266469340,5266064747.04,656667000,656616552,False
2022-11-01,8.08,26.805386,3.074264,5305869360,5305461740.16,656667000,656616552,False
2022-11-02,8.03,26.639511,3.05524,5273036010,5272630912.56,656667000,656616552,False
2022-11-03,7.91,26.241412,3.009582,5194235970,5193836926.32,656667000,656616552,False
2022-11-04,8.26,27.402536,3.14275,5424069420,5423652719.52,656667000,656616552,False
2022-11-07,8.4,27.866986,3.196017,5516002800,5515579036.8,656667000,656616552,False
2022-11-08,8.8,29.193985,3.348208,5778669600,5778225657.6,656667000,656616552,False
2022-11-09,8.57,28.43096,3.260698,5627636190,5627203850.64,656667000,656616552,False
2022-11-10,8.48,28.132386,3.226455,5568536160,5568108360.96,656667000,656616552,False
2022-11-11,8.33,27.634761,3.169383,5470036110,5469615878.16,656667000,656616552,False
2022-11-14,8.12,26.938086,3.089483,5332136040,5331726402.24,656667000,656616552,False
2022-11-15,8.43,27.966511,3.207431,5535702810,5535277533.36,656667000,656616552,False
2022-11-16,8.26,27.402536,3.14275,5424069420,5423652719.52,656667000,656616552,False
2022-11-17,8.29,27.502061,3.154164,5443769430,5443351216.08,656667000,656616552,False
2022-11-18,8.39,27.833811,3.192212,5509436130,5509012871.28,656667000,656616552,False
2022-11-21,8.45,28.032861,3.215041,5548836150,5548409864.4,656667000,656616552,False
2022-11-22,8.18,27.137136,3.112311,5371536060,5371123395.36,656667000,656616552,False
2022-11-23,8.3,27.535236,3.157969,5450336100,5449917381.6,656667000,656616552,False
2022-11-24,8.44,27.999686,3.211236,5542269480,5541843698.88,656667000,656616552,False
2022-11-25,8.25,27.369361,3.138945,5417502750,5417086554.0,656667000,656616552,False
2022-11-28,8.11,26.904911,3.085678,5325569370,5325160236.72,656667000,656616552,False
2022-11-29,8.15,27.037611,3.100897,5351836050,5351424898.8,656667000,656616552,False
2022-11-30,8.07,26.772211,3.070459,5299302690,5298895574.64,656667000,656616552,False
2022-12-01,8.09,26.838561,3.078068,5312436030,5312027905.68,656667000,656616552,False
2022-12-02,8.15,27.037611,3.100897,5351836050,5351424898.8,656667000,656616552,False
2022-12-05,8.11,26.904911,3.085678,5325569370,5325160236.72,656667000,656616552,False
2022-12-06,7.92,26.274587,3.013387,5200802640,5200403091.84,656667000,656616552,False
2022-12-07,7.91,26.241412,3.009582,5194235970,5193836926.32,656667000,656616552,False
2022-12-08,7.9,26.208237,3.005778,5187669300,5187270760.8,656667000,656616552,False
2022-12-09,7.68,25.478387,2.922072,5043202560,5042815119.36,656667000,656616552,False
2022-12-12,7.68,25.478387,2.922072,5043202560,5042815119.36,656667000,656616552,False
2022-12-13,7.62,25.279337,2.899244,5003802540,5003418126.24,656667000,656616552,False
2022-12-14,7.5,24.881237,2.853586,4925002500,4924624140.0,656667000,656616552,False
2022-12-15,7.71,25.577912,2.933487,5062902570,5062513615.92,656667000,656616552,False
2022-12-16,7.51,24.914412,2.857391,4931569170,4931190305.52,656667000,656616552,False
2022-12-19,7.43,24.649012,2.826953,4879035810,4878660981.36,656667000,656616552,False
2022-12-20,7.53,24.980762,2.865001,4944702510,4944322636.56,656667000,656616552,False
2022-12-21,7.47,24.781712,2.842172,4905302490,4904925643.44,656667000,656616552,False
2022-12-22,7.24,24.018688,2.754662,4754269080,4753903836.48,656667000,656616552,False
2022-12-23,7.24,24.018688,2.754662,4754269080,4753903836.48,656667000,656616552,False
2022-12-26,7.53,24.980762,2.865001,4944702510,4944322636.56,656667000,656616552,False
2022-12-27,7.57,25.113462,2.88022,4970969190,4970587298.64,656667000,656616552,False
2022-12-28,7.53,24.980762,2.865001,4944702510,4944322636.56,656667000,656616552,False
2022-12-29,7.43,24.649012,2.826953,4879035810,4878660981.36,656667000,656616552,False
2022-12-30,7.66,25.412037,2.914463,5030069220,5029682788.32,656667000,656616552,False
2023-01-03,7.93,26.307761,3.017192,5207369310,5206969257.36,656667000,656616552,False
2023-01-04,7.92,26.274587,3.013387,5200802640,5200403091.84,656667000,656616552,False
2023-01-05,7.93,26.307761,3.017192,5207369310,5206969257.36,656667000,656616552,False
2023-01-06,7.95,26.374111,3.024801,5220502650,5220101588.4,656667000,656616552,False
2023-01-09,8.0,26.539986,3.043825,5253336000,5252932416.0,656667000,656616552,False
2023-01-10,7.96,26.407286,3.028606,5227069320,5226667753.92,656667000,656616552,False
2023-01-11,7.91,26.241412,3.009582,5194235970,5193836926.32,656667000,656616552,False
2023-01-12,7.9,26.208237,3.005778,5187669300,5187270760.8,656667000,656616552,False
2023-01-13,7.95,26.374111,3.024801,5220502650,5220101588.4,656667000,656616552,False
2023-01-16,8.01,26.573161,3.04763,5259902670,5259498581.52,656667000,656616552,False
2023-01-17,8.01,26.573161,3.04763,5259902670,5259498581.52,656667000,656616552,False
2023-01-18,8.0,26.539986,3.043825,5253336000,5252932416.0,656667000,656616552,False
2023-01-19,7.99,26.506811,3.040021,5246769330,5246366250.48,656667000,656616552,False
2023-01-20,8.13,26.971261,3.093288,5338702710,5338292567.76,656667000,656616552,False
2023-01-30,8.39,27.833811,3.192212,5509436130,5509012871.28,656667000,656616552,False
2023-01-31,8.47,28.099211,3.22265,5561969490,5561542195.44,656667000,656616552,False
2023-02-01,8.58,28.464135,3.264503,5634202860,5633770016.16,656667000,656616552,False
2023-02-02,8.48,28.132386,3.226455,5568536160,5568108360.96,656667000,656616552,False
2023-02-03,8.35,27.701111,3.176993,5483169450,5482748209.2,656667000,656616552,False
2023-02-06,8.34,27.667936,3.173188,5476602780,5476182043.68,656667000,656616552,False
2023-02-07,8.37,27.767461,3.184602,5496302790,5495880540.24,656667000,656616552,False
2023-02-08,8.59,28.49731,3.268308,5640769530,5640336181.68,656667000,656616552,False
2023-02-09,8.85,29.35986,3.367232,5811502950,5811056485.2,656667000,656616552,False
2023-02-10,8.97,29.75796,3.412889,5890302990,5889850471.44,656667000,656616552,False
2023-02-13,8.86,29.393035,3.371037,5818069620,5817622650.72,656667000,656616552,False
2023-02-14,9.09,30.15606,3.458547,5969103030,5968644457.68,656667000,656616552,False
2023-02-15,8.99,29.82431,3.420499,5903436330,5902982802.48,656667000,656616552,False
2023-02-16,8.6,28.530485,3.272112,5647336200,5646902347.2,656667000,656616552,False
2023-02-17,8.64,28.663185,3.287331,5673602880,5673167009.28,656667000,656616552,False
2023-02-20,8.59,28.49731,3.268308,5640769530,5640336181.68,656667000,656616552,False
2023-02-21,8.7,28.862235,3.31016,5713002900,5712564002.4,656667000,656616552,False
2023-02-22,8.69,28.82906,3.306355,5706436230,5705997836.88,656667000,656616552,False
2023-02-23,8.66,28.729535,3.294941,5686736220,5686299340.32,656667000,656616552,False
2023-02-24,8.57,28.43096,3.260698,5627636190,5627203850.64,656667000,656616552,False
2023-02-27,8.56,28.397785,3.256893,5621069520,5620637685.12,656667000,656616552,False
2023-02-28,8.53,28.29826,3.245479,5601369510,5600939188.56,656667000,656616552,False
2023-03-01,8.57,28.43096,3.260698,5627636190,5627203850.64,656667000,656616552,False
2023-03-02,8.52,28.265085,3.241674,5594802840,5594373023.04,656667000,656616552,False
2023-03-03,8.61,28.56366,3.275917,5653902870,5653468512.72,656667000,656616552,False
2023-03-06,8.69,28.82906,3.306355,5706436230,5705997836.88,656667000,656616552,False
2023-03-07,8.4,27.866986,3.196017,5516002800,5515579036.8,656667000,656616552,False
2023-03-08,8.39,27.833811,3.192212,5509436130,5509012871.28,656667000,656616552,False
2023-03-09,8.45,28.032861,3.215041,5548836150,5548409864.4,656667000,656616552,False
2023-03-10,8.26,27.402536,3.14275,5424069420,5423652719.52,656667000,656616552,False
2023-03-13,8.18,27.137136,3.112311,5371536060,5371123395.36,656667000,656616552,False
2023-03-14,8.06,26.739036,3.066654,5292736020,5292329409.12,656667000,656616552,False
2023-03-15,8.18,27.137136,3.112311,5371536060,5371123395.36,656667000,656616552,False
2023-03-16,7.99,26.506811,3.040021,5246769330,5246366250.48,656667000,656616552,False
2023-03-17,7.99,26.506811,3.040021,5246769330,5246366250.48,656667000,656616552,False
2023-03-20,8.19,27.170311,3.116116,5378102730,5377689560.88,656667000,656616552,False
2023-03-21,8.21,27.236661,3.123726,5391236070,5390821891.92,656667000,656616552,False
2023-03-22,8.26,27.402536,3.14275,5424069420,5423652719.52,656667000,656616552,False
2023-03-23,8.38,27.800636,3.188407,5502869460,5502446705.76,656667000,656616552,False
2023-03-24,8.38,27.800636,3.188407,5502869460,5502446705.76,656667000,656616552,False
2023-03-27,8.46,28.066036,3.218845,5555402820,5554976029.92,656667000,656616552,False
2023-03-28,8.39,27.833811,3.192212,5509436130,5509012871.28,656667000,656616552,False
2023-03-29,8.32,27.601586,3.165578,5463469440,5463049712.64,656667000,656616552,False
2023-03-30,8.37,27.767461,3.184602,5496302790,5495880540.24,656667000,656616552,False
2023-03-31,8.49,28.165561,3.23026,5575102830,5574674526.48,656667000,656616552,False
2023-04-03,8.5,28.198736,3.234064,5581669500,5581240692.0,656667000,656616552,False
2023-04-04,8.41,27.900161,3.199821,5522569470,5522145202.32,656667000,656616552,False
2023-04-06,8.24,27.336186,3.13514,5410936080,5410520388.48,656667000,656616552,False
2023-04-07,8.6,28.530485,3.272112,5647336200,5646902347.2,656667000,656616552,False
2023-04-10,8.75,29.02811,3.329184,5745836250,5745394830.0,656667000,656616552,False
2023-04-11,8.76,26.969018,3.20819,5752402920,5751960995.52,656667000,656616552,False
2023-04-12,8.69,26.753513,3.182554,5706436230,5705997836.88,656667000,656616552,False
2023-04-13,8.58,26.414861,3.142268,5634202860,5633770016.16,656667000,656616552,False
2023-04-14,8.77,26.999805,3.211852,5758969590,5758527161.04,656667000,656616552,False
2023-04-17,8.92,27.461603,3.266787,5857469640,5857019643.84,656667000,656616552,False
2023-04-18,8.86,27.276884,3.244813,5818069620,5817622650.72,656667000,656616552,False
2023-04-19,8.77,26.999805,3.211852,5758969590,5758527161.04,656667000,656616552,False
2023-04-20,9.05,27.861828,3.314397,5942836350,5942379795.6,656667000,656616552,False
2023-04-21,8.73,26.876659,3.197203,5732702910,5732262498.96,656667000,656616552,False
2023-04-24,8.76,26.969018,3.20819,5752402920,5751960995.52,656667000,656616552,False
2023-04-25,8.68,26.722726,3.178892,5699869560,5699431671.36,656667000,656616552,False
2023-04-26,8.54,26.291714,3.127619,5607936180,5607505354.08,656667000,656616552,False
2023-04-27,8.41,25.891489,3.080009,5522569470,5522145202.32,656667000,656616552,False
2023-04-28,8.5,25.796303,3.057174,5581669500,5581240692.0,656667000,656616552,False
2023-05-04,8.64,26.221183,3.107527,5673602880,5673167009.28,656667000,656616552,False
2023-05-05,8.34,25.310725,2.999627,5476602780,5476182043.68,656667000,656616552,False
2023-05-08,9.0,27.313732,3.237008,5910003000,5909548968.0,656667000,656616552,False
2023-05-09,8.84,26.828155,3.179461,5804936280,5804490319.68,656667000,656616552,False
2023-05-10,9.35,28.375933,3.362891,6139836450,6139364761.2,656667000,656616552,False
2023-05-11,9.14,27.738612,3.287361,6001936380,6001475285.28,656667000,656616552,False
2023-05-12,9.02,27.374429,3.244201,5923136340,5922681299.04,656667000,656616552,False
2023-05-15,9.23,28.01175,3.319731,6061036410,6060570774.96,656667000,656616552,False
2023-05-16,9.14,27.738612,3.287361,6001936380,6001475285.28,656667000,656616552,False
2023-05-17,9.14,27.738612,3.287361,6001936380,6001475285.28,656667000,656616552,False
2023-05-18,9.02,27.374429,3.244201,5923136340,5922681299.04,656667000,656616552,False
2023-05-19,8.95,27.161989,3.219024,5877169650,5876718140.4,656667000,656616552,False
2023-05-22,9.05,27.465475,3.254991,5942836350,5942379795.6,656667000,656616552,False
2023-05-23,8.69,26.372926,3.125511,5706436230,5705997836.88,656667000,656616552,False
2023-05-24,8.85,26.858503,3.183057,5811502950,5811056485.2,656667000,656616552,False
2023-05-25,8.87,26.9192,3.190251,5824636290,5824188816.24,656667000,656616552,False
2023-05-26,8.85,26.858503,3.183057,5811502950,5811056485.2,656667000,656616552,False
2023-05-29,8.77,26.615715,3.154284,5758969590,5758527161.04,656667000,656616552,False
2023-05-30,8.8,26.70676,3.165074,5778669600,5778225657.6,656667000,656616552,False
2023-05-31,8.65,26.251531,3.111124,5680169550,5679733174.8,656667000,656616552,False
2023-06-01,8.87,26.9192,3.190251,5824636290,5824188816.24,656667000,656616552,False
2023-06-02,8.81,26.737109,3.168671,5785236270,5784791823.12,656667000,656616552,False
2023-06-05,8.88,26.949549,3.193847,5831202960,5830754981.76,656667000,656616552,False
2023-06-06,8.5,25.796303,3.057174,5581669500,5581240692.0,656667000,656616552,False
2023-06-07,8.5,25.796303,3.057174,5581669500,5581240692.0,656667000,656616552,False
2023-06-08,8.54,25.917697,3.07156,5607936180,5607505354.08,656667000,656616552,False
2023-06-09,8.52,25.857,3.064367,5594802840,5594373023.04,656667000,656616552,False
2023-06-12,8.4,25.492817,3.021207,5516002800,5515579036.8,656667000,656616552,False
2023-06-13,8.48,25.735605,3.04998,5568536160,5568108360.96,656667000,656616552,False
2023-06-14,8.45,25.64456,3.03919,5548836150,5548409864.4,656667000,656616552,False
2023-06-15,8.62,26.160486,3.100334,5660469540,5660034678.24,656667000,656616552,False
2023-06-16,8.6,26.099789,3.093141,5647336200,5646902347.2,656667000,656616552,False
2023-06-19,8.54,25.917697,3.07156,5607936180,5607505354.08,656667000,656616552,False
2023-06-20,8.48,25.735605,3.04998,5568536160,5568108360.96,656667000,656616552,False
2023-06-21,8.38,25.43212,3.014014,5502869460,5502446705.76,656667000,656616552,False
2023-06-26,8.3,25.189331,2.98524,5450336100,5449917381.6,656667000,656616552,False
2023-06-27,8.46,25.674908,3.042787,5555402820,5554944304.92,656667000,656612802,False
2023-06-28,8.63,26.190834,3.103931,5667036210,5666568481.26,656667000,656612802,False
2023-06-29,8.73,26.49432,3.139897,5732702910,5732229761.46,656667000,656612802,False
2023-06-30,8.79,26.676412,3.161477,5772102930,5771626529.58,656667000,656612802,False
2023-07-03,9.05,27.465475,3.254991,5942836350,5942345858.1,656667000,656612802,False
2023-07-04,9.09,27.586869,3.269378,5969103030,5968610370.18,656667000,656612802,False
2023-07-05,8.1,27.040595,3.204637,5850902970,5850420064.2,722333700,722274082,False
2023-07-06,8.23,27.47458,3.25607,5944806351,5944315694.86,722333700,722274082,False
2023-07-07,8.17,27.274279,3.232332,5901466329,5900979249.94,722333700,722274082,False
2023-07-10,8.12,27.107362,3.21255,5865349644,5864865545.84,722333700,722274082,False
2023-07-11,8.13,27.140745,3.216506,5872572981,5872088286.66,722333700,722274082,False
2023-07-12,8.22,27.441196,3.252114,5937583014,5937092954.04,722333700,722274082,False
2023-07-13,8.41,28.075482,3.327284,6074826417,6074325029.62,722333700,722274082,False
2023-07-14,8.26,27.57473,3.267939,5966476362,5965983917.32,722333700,722274082,False
2023-07-17,8.52,28.4427,3.370804,6154283124,6153775178.64,722333700,722274082,False
2023-07-18,8.46,28.242399,3.347066,6110943102,6110438733.72,722333700,722274082,False
2023-07-19,8.33,27.808414,3.295633,6017039721,6016543103.06,722333700,722274082,False
2023-07-20,8.1,27.040595,3.204637,5850902970,5850420064.2,722333700,722274082,False
2023-07-21,8.07,26.940445,3.192768,5829232959,5828751841.74,722333700,722274082,False
2023-07-24,8.1,27.040595,3.204637,5850902970,5850420064.2,722333700,722274082,False
2023-07-25,8.11,27.073978,3.208594,5858126307,5857642805.02,722333700,722274082,False
2023-07-26,8.01,26.740144,3.16903,5785892937,5785415396.82,722333700,722274082,False
2023-07-27,7.91,26.406309,3.129467,5713659567,5713187988.62,722333700,722274082,False
2023-07-28,7.95,26.539843,3.145292,5742552915,5742078951.9,722333700,722274082,False
2023-07-31,8.13,27.140745,3.216506,5872572981,5872088286.66,722333700,722274082,False
2023-08-01,8.13,27.140745,3.216506,5872572981,5872088286.66,722333700,722274082,False
2023-08-02,8.12,27.107362,3.21255,5865349644,5864865545.84,722333700,722274082,False
2023-08-03,8.06,26.907061,3.188812,5822009622,5821529100.92,722333700,722274082,False
2023-08-04,8.21,27.407813,3.248157,5930359677,5929870213.22,722333700,722274082,False
2023-08-07,8.12,27.107362,3.21255,5865349644,5864865545.84,722333700,722274082,False
2023-08-08,8.14,27.174129,3.220463,5879796318,5879311027.48,722333700,722274082,False
2023-08-09,8.04,26.840294,3.180899,5807562948,5807083619.28,722333700,722274082,False
2023-08-10,8.04,26.840294,3.180899,5807562948,5807083619.28,722333700,722274082,False
2023-08-11,8.02,26.773527,3.172987,5793116274,5792638137.64,722333700,722274082,False
2023-08-14,8.21,27.407813,3.248157,5930359677,5929870213.22,722333700,722274082,False
2023-08-15,8.21,27.407813,3.248157,5930359677,5929870213.22,722333700,722274082,False
2023-08-16,8.4,28.042098,3.323328,6067603080,6067102288.8,722333700,722274082,False
2023-08-17,8.39,28.008715,3.319371,6060379743,6059879547.98,722333700,722274082,False
2023-08-18,8.09,27.007211,3.200681,5843679633,5843197323.38,722333700,722274082,False
2023-08-21,7.89,26.339542,3.121554,5699212893,5698742506.98,722333700,722274082,False
2023-08-22,7.88,26.306159,3.117598,5691989556,5691519766.16,722333700,722274082,False
2023-08-23,7.56,25.237889,2.990995,5460842772,5460392059.92,722333700,722274082,False
2023-08-24,7.6,25.371422,3.00682,5489736120,5489283023.2,722333700,722274082,False
2023-08-25,7.94,26.50646,3.141336,5735329578,5734856211.08,722333700,722274082,False
2023-08-28,7.95,26.313012,3.044725,5742552915,5742078951.9,722333700,722274082,False
2023-08-29,8.01,26.511601,3.067704,5785892937,5785415396.82,722333700,722274082,False
2023-08-30,8.0,26.478503,3.063874,5778669600,5778192656.0,722333700,722274082,False
2023-08-31,7.9,26.147522,3.025576,5706436230,5705965247.8,722333700,722274082,False
2023-09-01,8.03,26.577797,3.075364,5800339611,5799860878.46,722333700,722274082,False
2023-09-04,8.03,26.577797,3.075364,5800339611,5799860878.46,722333700,722274082,False
2023-09-05,8.05,26.643994,3.083023,5814786285,5814306360.1,722333700,722274082,False
2023-09-06,8.21,27.173564,3.144301,5930359677,5929870213.22,722333700,722274082,False
2023-09-07,7.82,25.882737,2.994937,5648649534,5648183321.24,722333700,722274082,False
2023-09-08,7.84,25.948933,3.002597,5663096208,5662628802.88,722333700,722274082,False
2023-09-11,7.88,26.081325,3.017916,5691989556,5691519766.16,722333700,722274082,False
2023-09-12,7.92,26.213718,3.033236,5720882904,5720410729.44,722333700,722274082,False
2023-09-13,7.79,25.783442,2.983448,5626979523,5626515098.78,722333700,722274082,False
2023-09-14,7.72,25.551755,2.956639,5576416164,5575955913.04,722333700,722274082,False
2023-09-15,7.81,25.849639,2.991107,5641426197,5640960580.42,722333700,722274082,False
2023-09-18,7.8,25.81654,2.987277,5634202860,5633737839.6,722333700,722274082,False
2023-09-19,7.73,25.584854,2.960468,5583639501,5583178653.86,722333700,722274082,False
2023-09-20,7.71,25.518657,2.952809,5569192827,5568733172.22,722333700,722274082,False
2023-09-21,7.67,25.386265,2.937489,5540299479,5539842208.94,722333700,722274082,False
2023-09-22,8.08,26.743288,3.094513,5836456296,5835974582.56,722333700,722274082,False
2023-09-25,8.17,27.041171,3.128982,5901466329,5900979249.94,722333700,722274082,False
2023-09-26,8.13,26.908779,3.113662,5872572981,5872088286.66,722333700,722274082,False
2023-09-27,8.45,27.967919,3.236217,6103719765,6103215992.9,722333700,722274082,False
2023-09-28,8.39,27.76933,3.213238,6060379743,6059879547.98,722333700,722274082,False
2023-10-09,8.46,28.001017,3.240047,6110943102,6110438733.72,722333700,722274082,False
2023-10-10,8.66,28.66298,3.316644,6255409842,6254893550.12,722333700,722274082,False
2023-10-11,8.73,28.894666,3.343453,6305973201,6305452735.86,722333700,722274082,False
2023-10-12,8.78,29.060157,3.362602,6342089886,6341566439.96,722333700,722274082,False
2023-10-13,8.69,28.762274,3.328133,6277079853,6276561772.58,722333700,722274082,False
2023-10-16,8.69,28.762274,3.328133,6277079853,6276561772.58,722333700,722274082,False
2023-10-17,8.6,28.464391,3.293665,6212069820,6211557105.2,722333700,722274082,False
2023-10-18,8.41,27.835526,3.220898,6074826417,6074325029.62,722333700,722274082,False
2023-10-19,8.56,28.331998,3.278345,6183176472,6182666141.92,722333700,722274082,False
2023-10-20,8.81,29.159451,3.374092,6363759897,6363234662.42,722333700,722274082,False
2023-10-23,8.62,28.530587,3.301325,6226516494,6226002586.84,722333700,722274082,False
2023-10-24,8.55,28.2989,3.274516,6175953135,6175443401.1,722333700,722274082,False
2023-10-25,8.65,28.629881,3.312814,6248186505,6247670809.3,722333700,722274082,False
2023-10-26,8.65,28.629881,3.312814,6248186505,6247670809.3,722333700,722274082,False
2023-10-27,8.88,29.391138,3.4009,6414323256,6413793848.16,722333700,722274082,False
2023-10-30,8.34,27.603839,3.194089,6024263058,6023765843.88,722333700,722274082,False
2023-10-31,8.94,28.867952,3.428849,6457663278,6457130293.08,722333700,722274082,False
2023-11-01,9.14,29.513767,3.505557,6602130018,6601585109.48,722333700,722274082,False
2023-11-02,8.96,28.932533,3.43652,6472109952,6471575774.72,722333700,722274082,False
2023-11-03,8.91,28.77108,3.417343,6435993267,6435462070.62,722333700,722274082,False
2023-11-06,8.74,28.222136,3.352141,6313196538,6312675476.68,722333700,722274082,False
2023-11-07,9.16,29.578349,3.513228,6616576692,6616030591.12,722333700,722274082,False
2023-11-08,8.71,28.125264,3.340635,6291526527,6291007254.22,722333700,722274082,False
2023-11-09,8.6,27.770066,3.298446,6212069820,6211557105.2,722333700,722274082,False
2023-11-10,9.24,29.836675,3.543911,6674363388,6673812517.68,722333700,722274082,False
2023-11-13,8.99,29.029406,3.448026,6493779963,6493243997.18,722333700,722274082,False
2023-11-14,8.93,28.835661,3.425014,6450439941,6449907552.26,722333700,722274082,False
2023-11-15,8.79,28.38359,3.371318,6349313223,6348789180.78,722333700,722274082,False
2023-11-16,8.64,27.899229,3.313787,6240963168,6240448068.48,722333700,722274082,False
2023-11-17,8.8,28.415881,3.375154,6356536560,6356011921.6,722333700,722274082,False
2023-11-20,8.9,28.738789,3.413508,6428769930,6428239329.8,722333700,722274082,False
2023-11-21,9.03,29.158569,3.463368,6522673311,6522134960.46,722333700,722274082,False
2023-11-22,8.68,28.028392,3.329129,6269856516,6269339031.76,722333700,722274082,False
2023-11-23,8.19,26.446144,3.141194,5915913003,5915424731.58,722333700,722274082,False
2023-11-24,7.9,25.509711,3.029967,5706436230,5705965247.8,722333700,722274082,False
2023-11-27,8.2,26.478435,3.145029,5923136340,5922647472.4,722333700,722274082,False
2023-11-28,8.09,26.123236,3.10284,5843679633,5843197323.38,722333700,722274082,False
2023-11-29,8.39,27.091959,3.217902,6060379743,6059879547.98,722333700,722274082,False
2023-11-30,8.71,28.125264,3.340635,6291526527,6291007254.22,722333700,722274082,False
2023-12-01,9.04,29.19086,3.467203,6529896648,6529357701.28,722333700,722274082,False
2023-12-04,9.0,29.061697,3.451862,6501003300,6500466738.0,722333700,722274082,False
2023-12-05,9.09,29.352314,3.48638,6566013333,6565471405.38,722333700,722274082,False
2023-12-06,8.93,28.835661,3.425014,6450439941,6449907552.26,722333700,722274082,False
2023-12-07,8.97,28.964824,3.440355,6479333289,6478798515.54,722333700,722274082,False
2023-12-08,8.85,28.577335,3.394331,6392653245,6392125625.7,722333700,722274082,False
2023-12-11,9.0,29.061697,3.451862,6501003300,6500466738.0,722333700,722274082,False
2023-12-12,9.23,29.804384,3.540076,6667140051,6666589776.86,722333700,722274082,False
2023-12-13,9.26,29.901257,3.551582,6688810062,6688257999.32,722333700,722274082,False
2023-12-14,9.25,29.868966,3.547747,6681586725,6681035258.5,722333700,722274082,False
2023-12-15,9.01,29.093987,3.455697,6508226637,6507689478.82,722333700,722274082,False
2023-12-18,8.87,28.641917,3.402001,6407099919,6406571107.34,722333700,722274082,False
2023-12-19,8.73,28.189846,3.348306,6305973201,6305452735.86,722333700,722274082,False
2023-12-20,8.6,27.770066,3.298446,6212069820,6211557105.2,722333700,722274082,False
2023-12-21,8.73,28.189846,3.348306,6305973201,6305452735.86,722333700,722274082,False
2023-12-22,8.72,28.157555,3.34447,6298749864,6298229995.04,722333700,722274082,False
2023-12-25,8.61,27.802356,3.302281,6219293157,6218779846.02,722333700,722274082,False
2023-12-26,8.24,26.607598,3.160371,5952029688,5951538435.68,722333700,722274082,False
2023-12-27,8.43,27.221122,3.233244,6089273091,6088770511.26,722333700,722274082,False
2023-12-28,8.45,27.285704,3.240915,6103719765,6103215992.9,722333700,722274082,False
2023-12-29,8.5,27.447158,3.260092,6139836450,6139329697.0,722333700,722274082,False
2024-01-02,8.38,27.059669,3.214067,6053156406,6052656807.16,722333700,722274082,False
2024-01-03,8.66,27.96381,3.321458,6255409842,6254893550.12,722333700,722274082,False
2024-01-04,8.5,27.447158,3.260092,6139836450,6139329697.0,722333700,722274082,False
2024-01-05,8.27,26.70447,3.171877,5973699699,5973206658.14,722333700,722274082,False
2024-01-08,8.51,27.479449,3.263927,6147059787,6146552437.82,722333700,722274082,False
2024-01-09,8.6,27.770066,3.298446,6212069820,6211557105.2,722333700,722274082,False
2024-01-10,8.55,27.608612,3.279269,6175953135,6175443401.1,722333700,722274082,False
2024-01-11,8.81,28.448172,3.378989,6363759897,6363234662.42,722333700,722274082,False
2024-01-12,8.55,27.608612,3.279269,6175953135,6175443401.1,722333700,722274082,False
2024-01-15,8.66,27.96381,3.321458,6255409842,6254893550.12,722333700,722274082,False
2024-01-16,8.81,28.448172,3.378989,6363759897,6363234662.42,722333700,722274082,False
2024-01-17,8.76,28.286718,3.359812,6327643212,6327120958.32,722333700,722274082,False
2024-01-18,8.57,27.673193,3.286939,6190399809,6189888882.74,722333700,722274082,False
2024-01-19,8.46,27.317995,3.24475,6110943102,6110438733.72,722333700,722274082,False
2024-01-22,8.11,26.187818,3.110511,5858126307,5857642805.02,722333700,722274082,False
2024-01-23,7.3,23.572265,2.799843,5273036010,5272600798.6,722333700,722274082,False
2024-01-24,7.2,23.249357,2.761489,5200802640,5200373390.4,722333700,722274082,False
2024-01-25,7.3,23.572265,2.799843,5273036010,5272600798.6,722333700,722274082,False
2024-01-26,7.36,23.76601,2.822856,5316376032,5315937243.52,722333700,722274082,False
2024-01-29,7.14,23.055613,2.738477,5157462618,5157036945.48,722333700,722274082,False
2024-01-30,6.9,22.280634,2.646427,4984102530,4983691165.8,722333700,722274082,False
2024-01-31,6.69,21.602528,2.565884,4832412453,4832013608.58,722333700,722274082,False
2024-02-01,6.59,21.27962,2.52753,4760179083,4759786200.38,722333700,722274082,False
2024-02-02,6.06,19.568209,2.324253,4377342222,4376980936.92,722333700,722274082,False
2024-02-05,5.49,17.727635,2.105636,3965612013,3965284710.18,722333700,722274082,False
2024-02-06,5.64,18.211997,2.163167,4073962068,4073625822.48,722333700,722274082,False
2024-02-07,5.51,17.792216,2.113306,3980058687,3979730191.82,722333700,722274082,False
2024-02-08,5.93,19.148429,2.274393,4283438841,4283085306.26,722333700,722274082,False
2024-02-19,6.4,20.666095,2.454657,4622935680,4622554124.8,722333700,722274082,False
2024-02-20,6.4,20.666095,2.454657,4622935680,4622554124.8,722333700,722274082,False
2024-02-21,6.52,21.053585,2.500682,4709615724,4709227014.64,722333700,722274082,False
2024-02-22,6.6,21.311911,2.531365,4767402420,4767008941.2,722333700,722274082,False
2024-02-23,6.59,21.27962,2.52753,4760179083,4759786200.38,722333700,722274082,False
2024-02-26,6.66,21.505655,2.554378,4810742442,4810345386.12,722333700,722274082,False
2024-02-27,6.78,21.893145,2.600402,4897422486,4897018275.96,722333700,722274082,False
2024-02-28,6.43,20.762968,2.466163,4644605691,4644222347.26,722333700,722274082,False
2024-02-29,6.61,21.344202,2.535201,4774625757,4774231682.02,722333700,722274082,False
2024-03-01,6.68,21.570237,2.562048,4825189116,4824790867.76,722333700,722274082,False
2024-03-04,6.68,21.570237,2.562048,4825189116,4824790867.76,722333700,722274082,False
2024-03-05,6.55,21.150457,2.512188,4731285735,4730895237.1,722333700,722274082,False
2024-03-06,6.66,21.505655,2.554378,4810742442,4810345386.12,722333700,722274082,False
2024-03-07,6.58,21.247329,2.523694,4752955746,4752563459.56,722333700,722274082,False
2024-03-08,6.62,21.376492,2.539036,4781849094,4781454422.84,722333700,722274082,False
2024-03-11,6.8,21.957726,2.608073,4911869160,4911463757.6,722333700,722274082,False
2024-03-12,6.78,21.893145,2.600402,4897422486,4897018275.96,722333700,722274082,False
2024-03-13,6.81,21.990017,2.611909,4919092497,4918686498.42,722333700,722274082,False
2024-03-14,6.73,21.731691,2.581225,4861305801,4860904571.86,722333700,722274082,False
2024-03-15,6.78,21.893145,2.600402,4897422486,4897018275.96,722333700,722274082,False
2024-03-18,6.84,22.086889,2.623415,4940762508,4940354720.88,722333700,722274082,False
2024-03-19,6.81,21.990017,2.611909,4919092497,4918686498.42,722333700,722274082,False
2024-03-20,6.84,22.086889,2.623415,4940762508,4940354720.88,722333700,722274082,False
2024-03-21,6.84,22.086889,2.623415,4940762508,4940354720.88,722333700,722274082,False
2024-03-22,6.73,21.731691,2.581225,4861305801,4860904571.86,722333700,722274082,False
2024-03-25,6.58,21.247329,2.523694,4752955746,4752563459.56,722333700,722274082,False
2024-03-26,6.55,21.150457,2.512188,4731285735,4730895237.1,722333700,722274082,False
2024-03-27,6.2,20.02028,2.377949,4478468940,4478099308.4,722333700,722274082,False
2024-03-28,6.32,20.407769,2.423974,4565148984,4564772198.24,722333700,722274082,False
2024-03-29,6.35,20.504641,2.43548,4586818995,4586440420.7,722333700,722274082,False
2024-04-01,6.55,21.150457,2.512188,4731285735,4730895237.1,722333700,722274082,False
2024-04-02,6.57,21.215038,2.519859,4745732409,4745340718.74,722333700,722274082,False
2024-04-03,6.54,21.118166,2.508353,4724062398,4723672496.28,722333700,722274082,False
2024-04-08,6.4,20.666095,2.454657,4622935680,4622554124.8,722333700,722274082,False
2024-04-09,6.48,20.924422,2.48534,4680722376,4680336051.36,722333700,722274082,False
2024-04-10,6.25,20.181734,2.397126,4514585625,4514213012.5,722333700,722274082,False
2024-04-11,6.14,25.121341,2.333695,4435128918,4434762863.48,722333700,722274082,False
2024-04-12,6.03,24.671284,2.291887,4355672211,4355312714.46,722333700,722274082,False
2024-04-15,5.85,23.934828,2.223472,4225652145,4225303379.7,722333700,722274082,False
2024-04-16,5.47,22.380087,2.079041,3951165339,3950839228.54,722333700,722274082,False
2024-04-17,5.91,24.180313,2.246277,4268992167,4268639824.62,722333700,722274082,False
2024-04-18,5.83,23.853,2.21587,4211205471,4210857898.06,722333700,722274082,False
2024-04-19,5.74,23.484771,2.181663,4146195438,4145853230.68,722333700,722274082,False
2024-04-22,5.69,23.2802,2.162659,4110078753,4109739526.58,722333700,722274082,False
2024-04-23,5.7,23.321114,2.16646,4117302090,4116962267.4,722333700,722274082,False
2024-04-24,5.8,23.730257,2.204468,4189535460,4189189675.6,722333700,722274082,False
2024-04-25,5.8,23.730257,2.204468,4189535460,4189189675.6,722333700,722274082,False
2024-04-26,5.95,24.34397,2.26148,4297885515,4297530787.9,722333700,722274082,False
2024-04-29,6.18,26.23437,2.316289,4464022266,4463653826.76,722333700,722274082,False
2024-04-30,6.14,26.064568,2.301297,4435128918,4434762863.48,722333700,722274082,False
2024-05-06,6.17,26.191919,2.312541,4456798929,4456431085.94,722333700,722274082,False
2024-05-07,6.21,26.361721,2.327533,4485692277,4485322049.22,722333700,722274082,False
2024-05-08,6.1,25.894766,2.286305,4406235570,4405871900.2,722333700,722274082,False
2024-05-09,6.19,26.27682,2.320037,4471245603,4470876567.58,722333700,722274082,False
2024-05-10,6.2,26.319271,2.323785,4478468940,4478099308.4,722333700,722274082,False
2024-05-13,6.17,26.191919,2.312541,4456798929,4456431085.94,722333700,722274082,False
2024-05-14,6.18,26.23437,2.316289,4464022266,4463653826.76,722333700,722274082,False
2024-05-15,6.13,26.022118,2.297549,4427905581,4427540122.66,722333700,722274082,False
2024-05-16,6.09,25.852316,2.282557,4399012233,4398649159.38,722333700,722274082,False
2024-05-17,6.13,26.022118,2.297549,4427905581,4427540122.66,722333700,722274082,False
2024-05-20,6.16,26.149469,2.308793,4449575592,4449208345.12,722333700,722274082,False
2024-05-21,6.02,25.555163,2.256321,4348448874,4348089973.64,722333700,722274082,False
2024-05-22,6.09,25.852316,2.282557,4399012233,4398649159.38,722333700,722274082,False
2024-05-23,5.96,25.30046,2.233832,4305108852,4304753528.72,722333700,722274082,False
2024-05-24,5.95,25.25801,2.230084,4297885515,4297530787.9,722333700,722274082,False
2024-05-27,5.98,25.385361,2.241329,4319555526,4319199010.36,722333700,722274082,False
2024-05-28,6.09,25.852316,2.282557,4399012233,4398649159.38,722333700,722274082,False
2024-05-29,6.05,25.682514,2.267565,4370118885,4369758196.1,722333700,722274082,False
2024-05-30,5.92,25.130658,2.21884,4276215504,4275862565.44,722333700,722274082,False
2024-05-31,5.92,25.130658,2.21884,4276215504,4275862565.44,722333700,722274082,False
2024-06-03,5.69,24.154298,2.132635,4110078753,4109739526.58,722333700,722274082,False
2024-06-04,5.72,24.28165,2.143879,4131748764,4131407749.04,722333700,722274082,False
2024-06-05,5.54,23.517542,2.076415,4001728698,4001398414.28,722333700,722274082,False
2024-06-06,5.32,22.583632,1.993958,3842815284,3842498116.24,722333700,722274082,False
2024-06-07,5.42,23.008137,2.031438,3915048654,3914725524.44,722333700,722274082,False
2024-06-11,5.4,22.923236,2.023942,3900601980,3900280042.8,722333700,722274082,False
2024-06-12,5.46,23.177938,2.04643,3943942002,3943616487.72,722333700,722274082,False
2024-06-13,5.43,23.050587,2.035186,3922271991,3921948265.26,722333700,722274082,False
2024-06-14,5.48,23.262839,2.053926,3958388676,3958061969.36,722333700,722274082,False
2024-06-17,5.53,23.475091,2.072667,3994505361,3994175673.46,722333700,722274082,False
2024-06-18,5.54,23.517542,2.076415,4001728698,4001398414.28,722333700,722274082,False
2024-06-19,5.44,23.093038,2.038934,3929495328,3929171006.08,722333700,722274082,False
2024-06-20,5.28,22.413831,1.978966,3813921936,3813607152.96,722333700,722274082,False
2024-06-21,5.23,22.201578,1.960225,3777805251,3777493448.86,722333700,722274082,False
2024-06-24,5.08,21.564822,1.904005,3669455196,3669152336.56,722333700,722274082,False
2024-06-25,5.08,21.564822,1.904005,3669455196,3669152336.56,722333700,722274082,False
2024-06-26,5.28,22.413831,1.978966,3813921936,3813607152.96,722333700,722274082,False
2024-06-27,5.17,21.946876,1.937737,3734465229,3734157003.94,722333700,722274082,False
2024-06-28,5.28,22.413831,1.978966,3813921936,3813607152.96,722333700,722274082,False
2024-07-01,5.3,22.498731,1.986462,3828368610,3828057812.7,722333700,722275059,False
2024-07-02,5.3,22.498731,1.986462,3828368610,3828057812.7,722333700,722275059,False
2024-07-03,5.25,22.286479,1.967722,3792251925,3791944059.75,722333700,722275059,False
2024-07-04,5.0,21.225218,1.874021,3611668500,3611375295.0,722333700,722275059,False
2024-07-05,5.07,21.522371,1.900257,3662231859,3661934549.13,722333700,722275059,False
2024-07-08,4.94,20.970516,1.851532,3568328478,3568038791.46,722333700,722275059,False
2024-07-09,5.02,21.310119,1.881517,3626115174,3625820796.18,722333700,722275059,False
2024-07-10,4.92,20.885615,1.844036,3553881804,3553593290.28,722333700,722275059,False
2024-07-11,5.07,21.522371,1.900257,3662231859,3661934549.13,722333700,722275059,False
2024-07-12,5.08,21.564822,1.904005,3669455196,3669157299.72,722333700,722275059,False
2024-07-15,4.97,21.097867,1.862776,3589998489,3589707043.23,722333700,722275059,False
2024-07-16,4.94,20.970516,1.851532,3568328478,3568038791.46,722333700,722275059,False
2024-07-17,4.87,20.673363,1.825296,3517765119,3517479537.33,722333700,722275059,False
2024-07-18,4.85,20.588462,1.8178,3503318445,3503034036.15,722333700,722275059,False
2024-07-19,4.83,20.503561,1.810304,3488871771,3488588534.97,722333700,722275059,False
2024-07-22,4.87,20.673363,1.825296,3517765119,3517479537.33,722333700,722275059,False
2024-07-23,4.8,20.37621,1.79906,3467201760,3466920283.2,722333700,722275059,False
2024-07-24,4.67,19.824354,1.750335,3373298379,3373024525.53,722333700,722275059,False
2024-07-25,4.71,19.994156,1.765327,3402191727,3401915527.89,722333700,722275059,False
2024-07-26,4.87,20.673363,1.825296,3517765119,3517479537.33,722333700,722275059,False
2024-07-29,4.84,20.546011,1.814052,3496095108,3495811285.56,722333700,722275059,False
2024-07-30,4.86,20.630912,1.821548,3510541782,3510256786.74,722333700,722275059,False
2024-07-31,4.98,21.140317,1.866524,3597221826,3596929793.82,722333700,722275059,False
2024-08-01,5.0,21.225218,1.874021,3611668500,3611375295.0,722333700,722275059,False
2024-08-02,4.96,21.055417,1.859028,3582775152,3582484292.64,722333700,722275059,False
2024-08-05,4.84,20.546011,1.814052,3496095108,3495811285.56,722333700,722275059,False
2024-08-06,4.91,20.843164,1.840288,3546658467,3546370539.69,722333700,722275059,False
2024-08-07,4.97,21.097867,1.862776,3589998489,3589707043.23,722333700,722275059,False
2024-08-08,4.96,21.055417,1.859028,3582775152,3582484292.64,722333700,722275059,False
2024-08-09,4.92,20.885615,1.844036,3553881804,3553593290.28,722333700,722275059,False
2024-08-12,4.89,20.758264,1.832792,3532211793,3531925038.51,722333700,722275059,False
2024-08-13,4.89,20.758264,1.832792,3532211793,3531925038.51,722333700,722275059,False
2024-08-14,4.9,20.800714,1.83654,3539435130,3539147789.1,722333700,722275059,False
2024-08-15,4.93,20.928065,1.847784,3561105141,3560816040.87,722333700,722275059,False
2024-08-16,4.9,20.800714,1.83654,3539435130,3539147789.1,722333700,722275059,False
2024-08-19,4.85,20.588462,1.8178,3503318445,3503034036.15,722333700,722275059,False
2024-08-20,4.74,20.121507,1.776571,3423861738,3423583779.66,722333700,722275059,False
2024-08-21,4.7,19.951705,1.761579,3394968390,3394692777.3,722333700,722275059,False
2024-08-22,4.66,19.781903,1.746587,3366075042,3365801774.94,722333700,722275059,False
2024-08-23,4.61,19.569651,1.727847,3329958357,3329688021.99,722333700,722275059,False
2024-08-26,4.69,19.909255,1.757831,3387745053,3387470026.71,722333700,722275059,False
2024-08-27,4.57,19.39985,1.712855,3301065009,3300797019.63,722333700,722275059,False
2024-08-28,4.5,22.980599,1.652955,3250501650,3250237765.5,722333700,722275059,False
2024-08-29,4.67,23.848755,1.7154,3373298379,3373024525.53,722333700,722275059,False
2024-08-30,4.66,23.797687,1.711727,3366075042,3365801774.94,722333700,722275059,False
2024-09-02,4.62,23.593415,1.697034,3337181694,3336910772.58,722333700,722275059,False
2024-09-03,4.67,23.848755,1.7154,3373298379,3373024525.53,722333700,722275059,False
2024-09-04,4.66,23.797687,1.711727,3366075042,3365801774.94,722333700,722275059,False
2024-09-05,4.65,23.746619,1.708054,3358851705,3358579024.35,722333700,722275059,False
2024-09-06,4.54,23.184871,1.667648,3279394998,3279128767.86,722333700,722275059,False
2024-09-09,4.53,23.133803,1.663975,3272171661,3271906017.27,722333700,722275059,False
2024-09-10,4.58,23.389143,1.682341,3308288346,3308019770.22,722333700,722275059,False
2024-09-11,4.56,23.287007,1.674994,3293841672,3293574269.04,722333700,722275059,False
2024-09-12,4.59,23.440211,1.686014,3315511683,3315242520.81,722333700,722275059,False
2024-09-13,4.51,23.031667,1.656628,3257724987,3257460516.09,722333700,722275059,False
2024-09-18,4.49,22.929531,1.649282,3243278313,3243015014.91,722333700,722275059,False
2024-09-19,4.59,23.440211,1.686014,3315511683,3315242520.81,722333700,722275059,False
2024-09-20,4.53,23.133803,1.663975,3272171661,3271906017.27,722333700,722275059,False
2024-09-23,4.52,23.082735,1.660301,3264948324,3264683266.68,722333700,722275059,False
2024-09-24,4.68,23.899823,1.719073,3380521716,3380247276.12,722333700,722275059,False
2024-09-25,4.74,24.206231,1.741113,3423861738,3423583779.66,722333700,722275059,False
2024-09-26,4.89,24.972251,1.796211,3532211793,3531925038.51,722333700,722275059,False
2024-09-27,5.11,26.095747,1.877022,3691125207,3690825551.49,722333700,722275059,False
2024-09-30,5.56,28.393807,2.042318,4016175372,4015849328.04,722333700,722275059,False
2024-10-08,5.75,29.364099,2.112109,4153418775,4153081589.25,722333700,722275059,False
2024-10-09,5.2,26.555359,1.910081,3756135240,3755830306.8,722333700,722275059,False
2024-10-10,5.25,26.810699,1.928448,3792251925,3791944059.75,722333700,722275059,False
2024-10-11,5.08,25.942543,1.866003,3669455196,3669157299.72,722333700,722275059,False
2024-10-14,5.18,26.453223,1.902735,3741688566,3741384805.62,722333700,722275059,False
2024-10-15,5.06,25.840407,1.858656,3655008522,3654711798.54,722333700,722275059,False
2024-10-16,5.07,25.891475,1.862329,3662231859,3661934549.13,722333700,722275059,False
2024-10-17,4.99,25.482931,1.832943,3604445163,3604152544.41,722333700,722275059,False
2024-10-18,5.09,25.993611,1.869676,3676678533,3676380050.31,722333700,722275059,False
2024-10-21,5.1,26.044679,1.873349,3683901870,3683602800.9,722333700,722275059,False
2024-10-22,5.24,26.759631,1.924774,3785028588,3784721309.16,722333700,722275059,False
2024-10-23,5.3,27.066039,1.946814,3828368610,3828057812.7,722333700,722275059,False
2024-10-24,5.29,27.014971,1.94314,3821145273,3820835062.11,722333700,722275059,False
2024-10-25,5.37,27.423515,1.972526,3878931969,3878617066.83,722333700,722275059,False
2024-10-28,5.48,27.985263,2.012932,3958388676,3958067323.32,722333700,722275059,False
2024-10-29,5.38,27.474583,1.9762,3886155306,3885839817.42,722333700,722275059,False
2024-10-30,5.37,34.390905,2.054282,3878931969,3878617066.83,722333700,722275059,False
2024-10-31,5.42,34.711118,2.073409,3915048654,3914730819.78,722333700,722275059,False
2024-11-01,5.24,33.55835,2.00455,3785028588,3784721309.16,722333700,722275059,False
2024-11-04,5.33,34.134734,2.03898,3850038621,3849726064.47,722333700,722275059,False
2024-11-05,5.53,35.415587,2.115489,3994505361,3994181076.27,722333700,722275059,False
2024-11-06,5.6,35.863886,2.142268,4045068720,4044740330.4,722333700,722275059,False
2024-11-07,5.67,36.312184,2.169046,4095632079,4095299584.53,722333700,722275059,False
2024-11-08,5.62,35.991971,2.149919,4059515394,4059185831.58,722333700,722275059,False
2024-11-11,5.66,36.248142,2.16522,4088408742,4088076833.94,722333700,722275059,False
2024-11-12,5.63,36.056014,2.153744,4066738731,4066408582.17,722333700,722275059,False
2024-11-13,5.66,36.248142,2.16522,4088408742,4088076833.94,722333700,722275059,False
2024-11-14,5.48,35.095374,2.096362,3958388676,3958067323.32,722333700,722275059,False
2024-11-15,5.4,34.583033,2.065758,3900601980,3900285318.6,722333700,722275059,False
2024-11-18,5.32,34.070691,2.035154,3842815284,3842503313.88,722333700,722275059,False
2024-11-19,5.45,34.903246,2.084885,3936718665,3936399071.55,722333700,722275059,False
2024-11-20,5.54,35.47963,2.119315,4001728698,4001403826.86,722333700,722275059,False
2024-11-21,5.62,35.991971,2.149919,4059515394,4059185831.58,722333700,722275059,False
2024-11-22,5.58,35.7358,2.134617,4030622046,4030294829.22,722333700,722275059,False
2024-11-25,5.65,36.184099,2.161395,4081185405,4080854083.35,722333700,722275059,False
2024-11-26,5.62,35.991971,2.149919,4059515394,4059185831.58,722333700,722275059,False
2024-11-27,5.62,35.991971,2.149919,4059515394,4059185831.58,722333700,722275059,False
2024-11-28,5.65,36.184099,2.161395,4081185405,4080854083.35,722333700,722275059,False
2024-11-29,5.75,36.824526,2.19965,4153418775,4153081589.25,722333700,722275059,False
2024-12-02,5.81,37.208781,2.222603,4196758797,4196418092.79,722333700,722275059,False
2024-12-03,5.96,38.169421,2.279985,4305108852,4304759351.64,722333700,722275059,False
2024-12-04,5.92,37.913251,2.264683,4276215504,4275868349.28,722333700,722275059,False
2024-12-05,5.87,37.593037,2.245556,4240098819,4239754596.33,722333700,722275059,False
2024-12-06,5.92,37.913251,2.264683,4276215504,4275868349.28,722333700,722275059,False
2024-12-09,5.94,38.041336,2.272334,4290662178,4290313850.46,722333700,722275059,False
2024-12-10,5.86,37.528995,2.24173,4232875482,4232531845.74,722333700,722275059,False
2024-12-11,5.92,37.913251,2.264683,4276215504,4275868349.28,722333700,722275059,False
2024-12-12,5.93,37.977293,2.268508,4283438841,4283091099.87,722333700,722275059,False
2024-12-13,5.85,37.464952,2.237905,4225652145,4225309095.15,722333700,722275059,False
2024-12-16,5.85,37.464952,2.237905,4225652145,4225309095.15,722333700,722275059,False
2024-12-17,5.59,35.799843,2.138442,4037845383,4037517579.81,722333700,722275059,False
2024-12-18,5.64,36.120056,2.15757,4073962068,4073631332.76,722333700,722275059,False
2024-12-19,5.67,36.312184,2.169046,4095632079,4095299584.53,722333700,722275059,False
2024-12-20,5.63,36.056014,2.153744,4066738731,4066408582.17,722333700,722275059,False
2024-12-23,5.37,34.390905,2.054282,3878931969,3878617066.83,722333700,722275059,False
2024-12-24,5.5,35.223459,2.104013,3972835350,3972512824.5,722333700,722275059,False
2024-12-25,5.32,34.070691,2.035154,3842815284,3842503313.88,722333700,722275059,False
2024-12-26,5.4,34.583033,2.065758,3900601980,3900285318.6,722333700,722275059,False
2024-12-27,5.58,35.7358,2.134617,4030622046,4030294829.22,722333700,722275059,False
2024-12-30,5.48,35.095374,2.096362,3958388676,3958067323.32,722333700,722275059,False
2024-12-31,5.34,34.198777,2.042805,3857261958,3856948815.06,722333700,722275059,False
2025-01-02,5.21,33.366222,1.993074,3763358577,3763053057.39,722333700,722275059,False
2025-01-03,5.01,32.085369,1.916564,3618891837,3618598045.59,722333700,722275059,False
2025-01-06,5.04,32.277497,1.928041,3640561848,3640266297.36,722333700,722275059,False
2025-01-07,5.18,33.174094,1.981598,3741688566,3741384805.62,722333700,722275059,False
2025-01-08,5.11,32.725796,1.954819,3691125207,3690825551.49,722333700,722275059,False
2025-01-09,5.12,32.789838,1.958645,3698348544,3698048302.08,722333700,722275059,False
2025-01-10,4.95,31.701113,1.893612,3575551815,3575261542.05,722333700,722275059,False
2025-01-13,4.98,31.893241,1.905088,3597221826,3596929793.82,722333700,722275059,False
2025-01-14,5.17,33.110052,1.977772,3734465229,3734162055.03,722333700,722275059,False
2025-01-15,5.18,33.174094,1.981598,3741688566,3741384805.62,722333700,722275059,False
2025-01-16,5.24,33.55835,2.00455,3785028588,3784721309.16,722333700,722275059,False
2025-01-17,5.21,33.366222,1.993074,3763358577,3763053057.39,722333700,722275059,False
2025-01-20,5.33,34.134734,2.03898,3850038621,3849726064.47,722333700,722275059,False
2025-01-21,5.27,33.750478,2.016027,3806698599,3806389560.93,722333700,722275059,False
2025-01-22,5.27,33.750478,2.016027,3806698599,3806389560.93,722333700,722275059,False
2025-01-23,5.26,33.686436,2.012201,3799475262,3799166810.34,722333700,722275059,False
2025-01-24,5.24,33.55835,2.00455,3785028588,3784721309.16,722333700,722275059,False
2025-01-27,5.22,33.430265,1.996899,3770581914,3770275807.98,722333700,722275059,False
2025-02-05,5.26,33.686436,2.012201,3799475262,3799166810.34,722333700,722275059,False
2025-02-06,5.28,33.814521,2.019852,3813921936,3813612311.52,722333700,722275059,False
2025-02-07,5.37,34.390905,2.054282,3878931969,3878617066.83,722333700,722275059,False
2025-02-10,5.38,34.454947,2.058107,3886155306,3885839817.42,722333700,722275059,False
2025-02-11,5.34,34.198777,2.042805,3857261958,3856948815.06,722333700,722275059,False
2025-02-12,5.37,34.390905,2.054282,3878931969,3878617066.83,722333700,722275059,False
2025-02-13,5.27,33.750478,2.016027,3806698599,3806389560.93,722333700,722275059,False
2025-02-14,5.27,33.750478,2.016027,3806698599,3806389560.93,722333700,722275059,False
2025-02-17,5.38,34.454947,2.058107,3886155306,3885839817.42,722333700,722275059,False
2025-02-18,5.28,33.814521,2.019852,3813921936,3813612311.52,722333700,722275059,False
2025-02-19,5.34,34.198777,2.042805,3857261958,3856948815.06,722333700,722275059,False
2025-02-20,5.31,34.006649,2.031329,3835591947,3835280563.29,722333700,722275059,False
2025-02-21,5.3,33.942606,2.027503,3828368610,3828057812.7,722333700,722275059,False
2025-02-24,5.38,34.454947,2.058107,3886155306,3885839817.42,722333700,722275059,False
2025-02-25,5.32,34.070691,2.035154,3842815284,3842503313.88,722333700,722275059,False
2025-02-26,5.37,34.390905,2.054282,3878931969,3878617066.83,722333700,722275059,False
2025-02-27,5.33,34.134734,2.03898,3850038621,3849726064.47,722333700,722275059,False
2025-02-28,5.21,33.366222,1.993074,3763358577,3763053057.39,722333700,722275059,False
2025-03-03,5.24,33.55835,2.00455,3785028588,3784721309.16,722333700,722275059,False
2025-03-04,5.34,34.198777,2.042805,3857261958,3856948815.06,722333700,722275059,False
2025-03-05,5.29,33.878563,2.023678,3821145273,3820835062.11,722333700,722275059,False
2025-03-06,5.35,34.262819,2.046631,3864485295,3864171565.65,722333700,722275059,False
2025-03-07,5.27,33.750478,2.016027,3806698599,3806389560.93,722333700,722275059,False
2025-03-10,5.31,34.006649,2.031329,3835591947,3835280563.29,722333700,722275059,False
2025-03-11,5.37,34.390905,2.054282,3878931969,3878617066.83,722333700,722275059,False
2025-03-12,5.45,34.903246,2.084885,3936718665,3936399071.55,722333700,722275059,False
2025-03-13,5.51,35.287502,2.107838,3980058687,3979735575.09,722333700,722275059,False
2025-03-14,5.53,35.415587,2.115489,3994505361,3994181076.27,722333700,722275059,False
2025-03-17,5.66,36.248142,2.16522,4088408742,4088076833.94,722333700,722275059,False
2025-03-18,5.68,36.376227,2.172871,4102855416,4102522335.12,722333700,722275059,False
2025-03-19,5.66,36.248142,2.16522,4088408742,4088076833.94,722333700,722275059,False
2025-03-20,5.75,36.824526,2.19965,4153418775,4153081589.25,722333700,722275059,False
2025-03-21,6.33,40.538999,2.421528,4572372321,4572001123.47,722333700,722275059,False
2025-03-24,6.96,44.573687,2.662533,5027442552,5027034410.64,722333700,722275059,False
2025-03-25,7.66,49.056672,2.930316,5533076142,5532626951.94,722333700,722275059,False
2025-03-26,8.43,53.987957,3.224878,6089273091,6088778747.37,722333700,722275059,False
2025-03-27,7.64,48.928587,2.922665,5518629468,5518181450.76,722333700,722275059,False
2025-03-28,6.88,44.061345,2.631929,4969655856,4969252405.92,722333700,722275059,False
2025-03-31,6.35,40.667085,2.429178,4586818995,4586446624.65,722333700,722275059,False
2025-04-01,6.17,39.514317,2.36032,4456798929,4456437114.03,722333700,722275059,False
2025-04-02,6.1,39.066018,2.333542,4406235570,4405877859.9,722333700,722275059,False
2025-04-03,6.04,38.681762,2.310589,4362895548,4362541356.36,722333700,722275059,False
2025-04-07,5.44,34.839203,2.08106,3929495328,3929176320.96,722333700,722275059,False
2025-04-08,5.29,33.878563,2.023678,3821145273,3820835062.11,722333700,722275059,False
2025-04-09,5.48,35.095374,2.096362,3958388676,3958067323.32,722333700,722275059,False
2025-04-10,5.58,35.7358,2.134617,4030622046,4030294829.22,722333700,722275059,False
2025-04-11,5.58,35.7358,2.134617,4030622046,4030294829.22,722333700,722275059,False
2025-04-14,5.7,36.504312,2.180522,4117302090,4116967836.3,722333700,722275059,False
2025-04-15,5.8,37.144739,2.218777,4189535460,4189195342.2,722333700,722275059,False
2025-04-16,5.66,36.248142,2.16522,4088408742,4088076833.94,722333700,722275059,False
2025-04-17,5.59,44.416485,2.143637,4037845383,4037517579.81,722333700,722275059,False
2025-04-18,5.73,45.528884,2.197324,4138972101,4138636088.07,722333700,722275059,False
2025-04-21,5.76,45.767255,2.208828,4160642112,4160304339.84,722333700,722275059,False
2025-04-22,5.71,45.369969,2.189654,4124525427,4124190586.89,722333700,722275059,False
2025-04-23,5.8,46.085083,2.224167,4189535460,4189195342.2,722333700,722275059,False
2025-04-24,5.71,45.369969,2.189654,4124525427,4124190586.89,722333700,722275059,False
2025-04-25,5.71,45.369969,2.189654,4124525427,4124190586.89,722333700,722275059,False
2025-04-28,5.57,44.257571,2.135968,4023398709,4023072078.63,722333700,722275059,False
2025-04-29,5.57,44.257571,2.135968,4023398709,4023072078.63,722333700,722275059,False
2025-04-30,5.67,48.830389,2.143609,4095632079,4095299584.53,722333700,722275059,False
2025-05-06,5.91,50.897284,2.234344,4268992167,4268645598.69,722333700,722275059,False
2025-05-07,5.95,51.241766,2.249466,4297885515,4297536601.05,722333700,722275059,False
2025-05-08,6.11,52.619696,2.309956,4413458907,4413100610.49,722333700,722275059,False
2025-05-09,5.99,51.586249,2.264589,4326778863,4326427603.41,722333700,722275059,False
2025-05-12,6.03,51.930731,2.279711,4355672211,4355318605.77,722333700,722275059,False
2025-05-13,6.03,51.930731,2.279711,4355672211,4355318605.77,722333700,722275059,False
2025-05-14,6.01,51.75849,2.27215,4341225537,4340873104.59,722333700,722275059,False
2025-05-15,5.96,51.327887,2.253247,4305108852,4304759351.64,722333700,722275059,False
2025-05-16,6.03,51.930731,2.279711,4355672211,4355318605.77,722333700,722275059,False
2025-05-19,6.1,52.533575,2.306176,4406235570,4405877859.9,722333700,722275059,False
2025-05-20,6.1,52.533575,2.306176,4406235570,4405877859.9,722333700,722275059,False
2025-05-21,6.04,52.016852,2.283492,4362895548,4362541356.36,722333700,722275059,False
2025-05-22,5.96,51.327887,2.253247,4305108852,4304759351.64,722333700,722275059,False
2025-05-23,6.02,51.84461,2.275931,4348448874,4348095855.18,722333700,722275059,False
2025-05-26,6.29,54.169867,2.378007,4543478973,4543110121.11,722333700,722275059,False
2025-05-27,6.61,56.925727,2.498987,4774625757,4774238139.99,722333700,722275059,False
2025-05-28,6.74,58.045295,2.548135,4868529138,4868133897.66,722333700,722275059,False
2025-05-29,6.55,56.409003,2.476303,4731285735,4730901636.45,722333700,722275059,False
2025-05-30,6.21,53.480902,2.347762,4485692277,4485328116.39,722333700,722275059,False
2025-06-03,6.29,54.169867,2.378007,4543478973,4543110121.11,722333700,722275059,False
2025-06-04,6.26,53.911505,2.366666,4521808962,4521441869.34,722333700,722275059,False
2025-06-05,6.19,53.308661,2.340201,4471245603,4470882615.21,722333700,722275059,False
2025-06-06,6.1,52.533575,2.306176,4406235570,4405877859.9,722333700,722275059,False
2025-06-09,6.2,53.394781,2.343982,4478468940,4478105365.8,722333700,722275059,False
2025-06-10,6.82,58.73426,2.57838,4926315834,4925915902.38,722333700,722275059,False
2025-06-11,6.93,59.681586,2.619967,5005772541,5005366158.87,722333700,722275059,False
2025-06-12,6.74,58.045295,2.548135,4868529138,4868133897.66,722333700,722275059,False
2025-06-13,6.71,57.786933,2.536793,4846859127,4846465645.89,722333700,722275059,False
2025-06-16,6.78,58.389777,2.563258,4897422486,4897024900.02,722333700,722275059,False
2025-06-17,6.79,58.475898,2.567038,4904645823,4904247650.61,722333700,722275059,False
2025-06-18,6.85,58.992621,2.589722,4947985845,4947584154.15,722333700,722275059,False
2025-06-19,6.46,55.633917,2.442278,4666275702,4665896881.14,722333700,722275059,False
2025-06-20,6.43,55.375556,2.430936,4644605691,4644228629.37,722333700,722275059,False
2025-06-23,6.61,56.925727,2.498987,4774625757,4774238139.99,722333700,722275059,False
2025-06-24,6.63,57.097968,2.506548,4789072431,4788683641.17,722333700,722275059,False
2025-06-25,6.63,57.097968,2.506548,4789072431,4788683641.17,722333700,722275059,False
2025-06-26,6.93,59.681586,2.619967,5005772541,5005366158.87,722333700,722275059,False
2025-06-27,6.79,58.475898,2.567038,4904645823,4904247650.61,722333700,722275059,False
2025-06-30,6.85,58.992621,2.589722,4947985845,4947550924.8,722333700,722270208,False
2025-07-01,7.02,60.456672,2.653992,5070782574,5070336860.16,722333700,722270208,False
2025-07-02,6.98,60.112189,2.63887,5041889226,5041446051.84,722333700,722270208,False
2025-07-03,6.86,59.078742,2.593503,4955209182,4954773626.88,722333700,722270208,False
2025-07-04,6.79,58.475898,2.567038,4904645823,4904214712.32,722333700,722270208,False
2025-07-07,7.07,60.887275,2.672895,5106899259,5106450370.56,722333700,722270208,False
2025-07-08,7.02,60.456672,2.653992,5070782574,5070336860.16,722333700,722270208,False
2025-07-09,6.92,59.595466,2.616186,4998549204,4998109839.36,722333700,722270208,False
2025-07-10,6.81,58.648139,2.574599,4919092497,4918660116.48,722333700,722270208,False
2025-07-11,6.85,58.992621,2.589722,4947985845,4947550924.8,722333700,722270208,False
2025-07-14,6.77,58.303657,2.559477,4890199149,4889769308.16,722333700,722270208,False
2025-07-15,6.52,56.150641,2.464962,4709615724,4709201756.16,722333700,722270208,False
2025-07-16,6.5,55.9784,2.4574,4695169050,4694756352.0,722333700,722270208,False
2025-07-17,6.54,56.322882,2.472523,4724062398,4723647160.32,722333700,722270208,False
2025-07-18,6.51,56.064521,2.461181,4702392387,4701979054.08,722333700,722270208,False
2025-07-21,6.7,57.700812,2.533013,4839635790,4839210393.6,722333700,722270208,False
2025-07-22,6.96,59.939948,2.631309,5027442552,5027000647.68,722333700,722270208,False
2025-07-23,6.74,58.045295,2.548135,4868529138,4868101201.92,722333700,722270208,False
2025-07-24,6.75,58.131415,2.551916,4875752475,4875323904.0,722333700,722270208,False
2025-07-25,6.63,57.097968,2.506548,4789072431,4788651479.04,722333700,722270208,False
2025-07-28,6.66,57.35633,2.51789,4810742442,4810319585.28,722333700,722270208,False
2025-07-29,6.71,57.786933,2.536793,4846859127,4846433095.68,722333700,722270208,False
2025-07-30,6.65,57.270209,2.51411,4803519105,4803096883.2,722333700,722270208,False
2025-07-31,6.5,55.9784,2.4574,4695169050,4694756352.0,722333700,722270208,False
2025-08-01,6.49,55.892279,2.45362,4687945713,4687533649.92,722333700,722270208,False
2025-08-04,6.53,56.236762,2.468742,4716839061,4716424458.24,722333700,722270208,False
2025-08-05,6.6,56.839606,2.495207,4767402420,4766983372.8,722333700,722270208,False
2025-08-06,6.58,56.667365,2.487645,4752955746,4752537968.64,722333700,722270208,False
2025-08-07,6.54,56.322882,2.472523,4724062398,4723647160.32,722333700,722270208,False
2025-08-08,6.54,56.322882,2.472523,4724062398,4723647160.32,722333700,722270208,False
2025-08-11,6.61,56.925727,2.498987,4774625757,4774206074.88,722333700,722270208,False
2025-08-12,6.55,56.409003,2.476303,4731285735,4730869862.4,722333700,722270208,False
2025-08-13,6.51,56.064521,2.461181,4702392387,4701979054.08,722333700,722270208,False
2025-08-14,6.41,55.203314,2.423375,4630159017,4629752033.28,722333700,722270208,False
2025-08-15,6.46,55.633917,2.442278,4666275702,4665865543.68,722333700,722270208,False
2025-08-18,6.51,56.064521,2.461181,4702392387,4701979054.08,722333700,722270208,False
2025-08-19,6.5,55.9784,2.4574,4695169050,4694756352.0,722333700,722270208,False
2025-08-20,6.54,56.322882,2.472523,4724062398,4723647160.32,722333700,722270208,False
2025-08-21,6.59,56.753485,2.491426,4760179083,4759760670.72,722333700,722270208,False
2025-08-22,6.56,56.495124,2.480084,4738509072,4738092564.48,722333700,722270208,False
2025-08-25,6.61,56.925727,2.498987,4774625757,4774206074.88,722333700,722270208,False
2025-08-26,6.65,54.555017,2.458573,4803519105,4803096883.2,722333700,722270208,False
2025-08-27,6.44,52.832227,2.380934,4651829028,4651420139.52,722333700,722270208,False
2025-08-28,6.43,52.750189,2.377237,4644605691,4644197437.44,722333700,722270208,False
2025-08-29,6.34,52.011851,2.343963,4579595658,4579193118.72,722333700,722270208,False
2025-09-01,6.46,52.996302,2.388328,4666275702,4665865543.68,722333700,722270208,False
2025-09-02,6.35,52.093888,2.34766,4586818995,4586415820.8,722333700,722270208,False
2025-09-03,6.2,50.863324,2.292203,4478468940,4478075289.6,722333700,722270208,False
2025-09-04,6.25,51.273512,2.310689,4514585625,4514188800.0,722333700,722270208,False
2025-09-05,6.4,52.504077,2.366145,4622935680,4622529331.2,722333700,722270208,False
2025-09-08,6.44,52.832227,2.380934,4651829028,4651420139.52,722333700,722270208,False
2025-09-09,6.41,52.586114,2.369843,4630159017,4629752033.28,722333700,722270208,False
2025-09-10,6.4,52.504077,2.366145,4622935680,4622529331.2,722333700,722270208,False
2025-09-11,6.47,53.07834,2.392025,4673499039,4673088245.76,722333700,722270208,False
2025-09-12,6.4,52.504077,2.366145,4622935680,4622529331.2,722333700,722270208,False
2025-09-15,6.33,51.929813,2.340266,4572372321,4571970416.64,722333700,722270208,False
2025-09-16,6.4,52.504077,2.366145,4622935680,4622529331.2,722333700,722270208,False
2025-09-17,6.38,52.340001,2.358751,4608489006,4608083927.04,722333700,722270208,False
2025-09-18,6.25,51.273512,2.310689,4514585625,4514188800.0,722333700,722270208,False
2025-09-19,6.25,51.273512,2.310689,4514585625,4514188800.0,722333700,722270208,False
2025-09-22,6.2,50.863324,2.292203,4478468940,4478075289.6,722333700,722270208,False
2025-09-23,6.16,50.535174,2.277415,4449575592,4449184481.28,722333700,722270208,False
2025-09-24,6.21,50.945362,2.295901,4485692277,4485297991.68,722333700,722270208,False
2025-09-25,6.09,49.96091,2.251535,4399012233,4398625566.72,722333700,722270208,False
2025-09-26,6.11,50.124986,2.25893,4413458907,4413070970.88,722333700,722270208,False
2025-09-29,6.16,50.535174,2.277415,4449575592,4449184481.28,722333700,722270208,False
2025-09-30,6.17,50.617211,2.281112,4456798929,4456407183.36,722333700,722270208,False
2025-10-09,6.29,51.601663,2.325477,4543478973,4543079608.32,722333700,722270208,False
2025-10-10,6.43,52.750189,2.377237,4644605691,4644197437.44,722333700,722270208,False
2025-10-13,6.39,52.422039,2.362448,4615712343,4615306629.12,722333700,722270208,False
2025-10-14,6.31,51.765738,2.332872,4557925647,4557525012.48,722333700,722270208,False
2025-10-15,6.38,52.340001,2.358751,4608489006,4608083927.04,722333700,722270208,False
2025-10-16,6.33,51.929813,2.340266,4572372321,4571970416.64,722333700,722270208,False
2025-10-17,6.15,50.453136,2.273718,4442352255,4441961779.2,722333700,722270208,False
2025-10-20,6.29,51.601663,2.325477,4543478973,4543079608.32,722333700,722270208,False
2025-10-21,6.37,52.257964,2.355054,4601265669,4600861224.96,722333700,722270208,False
2025-10-22,6.37,52.257964,2.355054,4601265669,4600861224.96,722333700,722270208,False
2025-10-23,6.39,52.422039,2.362448,4615712343,4615306629.12,722333700,722270208,False
2025-10-24,6.38,52.340001,2.358751,4608489006,4608083927.04,722333700,722270208,False
2025-10-27,6.46,52.996302,2.388328,4666275702,4665865543.68,722333700,722270208,False
2025-10-28,6.59,59.023687,2.517568,4760179083,4759760670.72,722333700,722270208,False
2025-10-29,6.45,57.76977,2.464084,4659052365,4658642841.6,722333700,722270208,False
2025-10-30,6.33,56.694984,2.418241,4572372321,4571970416.64,722333700,722270208,False
2025-10-31,6.33,56.694984,2.418241,4572372321,4571970416.64,722333700,722270208,False
2025-11-03,6.45,57.76977,2.464084,4659052365,4658642841.6,722333700,722270208,False
2025-11-04,6.58,58.934122,2.513748,4752955746,4752537968.64,722333700,722270208,False
2025-11-05,7.24,64.845447,2.765887,5229695988,5229236305.92,722333700,722270208,False
2025-11-06,7.96,71.294166,3.040948,5749776252,5749270855.68,722333700,722270208,False
2025-11-07,7.86,70.39851,3.002745,5677542882,5677043834.88,722333700,722270208,False
2025-11-10,8.32,74.518525,3.178478,6009816384,6009288130.56,722333700,722270208,False
2025-11-11,8.09,72.458518,3.090611,5843679633,5843165982.72,722333700,722270208,False
2025-11-12,8.23,73.712435,3.144095,5944806351,5944283811.84,722333700,722270208,False
2025-11-13,8.32,74.518525,3.178478,6009816384,6009288130.56,722333700,722270208,False
2025-11-14,8.01,71.741993,3.060049,5785892937,5785384366.08,722333700,722270208,False
2025-11-17,8.27,74.070697,3.159377,5973699699,5973174620.16,722333700,722270208,False
2025-11-18,7.44,66.636758,2.842293,5374162728,5373690347.52,722333700,722270208,False
2025-11-19,7.06,63.233268,2.697122,5099675922,5099227668.48,722333700,722270208,False
2025-11-20,6.92,61.97935,2.643638,4998549204,4998109839.36,722333700,722270208,False
2025-11-21,6.58,58.934122,2.513748,4752955746,4752537968.64,722333700,722270208,False
2025-11-24,6.68,59.829777,2.551951,4825189116,4824764989.44,722333700,722270208,False
2025-11-25,7.0,62.695874,2.6742,5056335900,5055891456.0,722333700,722270208,False
2025-11-26,6.86,61.441957,2.620716,4955209182,4954773626.88,722333700,722270208,False
2025-11-27,6.79,60.814998,2.593974,4904645823,4904214712.32,722333700,722270208,False
2025-11-28,7.0,62.695874,2.6742,5056335900,5055891456.0,722333700,722270208,False
2025-12-01,7.07,63.322833,2.700942,5106899259,5106450370.56,722333700,722270208,False
2025-12-02,7.78,69.681986,2.972183,5619756186,5619262218.24,722333700,722270208,False
2025-12-03,8.56,76.668098,3.270165,6183176472,6182632980.48,722333700,722270208,False
2025-12-04,9.42,84.370734,3.598709,6804383454,6803785359.36,722333700,722270208,False
2025-12-05,10.36,92.789894,3.957816,7483377132,7482719354.88,722333700,722270208,False
2025-12-08,10.38,92.969025,3.965457,7497823806,7497164759.04,722333700,722270208,False
2025-12-09,9.9,88.669879,3.782083,7151103630,7150475059.2,722333700,722270208,False
2025-12-10,10.31,92.342066,3.938715,7447260447,7446605844.48,722333700,722270208,False
2025-12-11,9.72,87.0577,3.713318,7021083564,7020466421.76,722333700,722270208,False
2025-12-12,10.69,95.745557,4.083886,7721747253,7721068523.52,722333700,722270208,False
2025-12-15,11.76,105.329069,4.492656,8494644312,8493897646.08,722333700,722270208,False
2025-12-16,12.94,115.897802,4.94345,9346998078,9346176491.52,722333700,722270208,False
2025-12-17,11.65,104.343848,4.450633,8415187605,8414447923.2,722333700,722270208,False
2025-12-18,10.52,94.222943,4.018941,7598950524,7598282588.16,722333700,722270208,False
2025-12-19,10.67,95.566426,4.076245,7707300579,7706623119.36,722333700,722270208,False
2025-12-22,9.99,89.475969,3.816466,7216113663,7215479377.92,722333700,722270208,False
2025-12-23,9.67,86.609872,3.694217,6984966879,6984352911.36,722333700,722270208,False
2025-12-24,10.03,89.834231,3.831747,7245007011,7244370186.24,722333700,722270208,False
2025-12-25,10.13,90.729887,3.86995,7317240381,7316597207.04,722333700,722270208,False
2025-12-26,9.89,88.580314,3.778263,7143880293,7143252357.12,722333700,722270208,False
2025-12-29,9.58,85.803782,3.659834,6919956846,6919348592.64,722333700,722270208,False
2025-12-30,9.48,84.908127,3.621631,6847723476,6847121571.84,722333700,722270208,False
2025-12-31,9.2,82.400292,3.514663,6645470040,6644885913.6,722333700,722270208,False
2026-01-05,9.14,81.862899,3.491741,6602130018,6601549701.12,722333700,722270208,False
2026-01-06,9.19,82.310726,3.510843,6638246703,6637663211.52,722333700,722270208,False
2026-01-07,9.4,84.191603,3.591069,6789936780,6789339955.2,722333700,722270208,False
2026-01-08,9.75,87.326396,3.724779,7042753575,7042134528.0,722333700,722270208,False
2026-01-09,9.69,86.789003,3.701857,6999413553,6998798315.52,722333700,722270208,False
2026-01-12,10.03,89.834231,3.831747,7245007011,7244370186.24,722333700,722270208,False
2026-01-13,9.36,83.833341,3.575788,6761043432,6760449146.88,722333700,722270208,False
2026-01-14,9.95,89.117707,3.801185,7187220315,7186588569.6,722333700,722270208,False
2026-01-15,9.51,85.176824,3.633092,6869393487,6868789678.08,722333700,722270208,False
2026-01-16,9.78,87.595093,3.73624,7064423586,7063802634.24,722333700,722270208,False
2026-01-19,10.48,93.86468,4.00366,7570057176,7569391779.84,722333700,722270208,False
2026-01-20,10.15,90.909018,3.87759,7331687055,7331042611.2,722333700,722270208,False
2026-01-21,9.54,85.44552,3.644553,6891063498,6890457784.32,722333700,722270208,False
2026-01-22,9.6,85.982913,3.667475,6934403520,6933793996.8,722333700,722270208,False
2026-01-23,9.79,87.684659,3.74006,7071646923,7071025336.32,722333700,722270208,False
2026-01-26,9.43,84.460299,3.60253,6811606791,6811008061.44,722333700,722270208,False
2026-01-27,8.7,77.922015,3.323649,6284303190,6283750809.6,722333700,722270208,False
2026-01-28,8.51,76.22027,3.251063,6147059787,6146519470.08,722333700,722270208,False
2026-01-29,8.4,75.235049,3.20904,6067603080,6067069747.2,722333700,722270208,False
2026-01-30,8.48,75.951574,3.239603,6125389776,6124851363.84,722333700,722270208,False
2026-02-02,8.7,77.922015,3.323649,6284303190,6283750809.6,722333700,722270208,False
2026-02-03,8.69,77.83245,3.319829,6277079853,6276528107.52,722333700,722270208,False
2026-02-04,9.56,85.624651,3.652193,6905510172,6904903188.48,722333700,722270208,False
2026-02-05,9.32,83.475078,3.560507,6732150084,6731558338.56,722333700,722270208,False
2026-02-06,9.25,82.84812,3.533765,6681586725,6680999424.0,722333700,722270208,False
2026-02-09,9.36,83.833341,3.575788,6761043432,6760449146.88,722333700,722270208,False
2026-02-10,9.16,82.04203,3.499382,6616576692,6615995105.28,722333700,722270208,False
2026-02-11,9.09,81.415071,3.47264,6566013333,6565436190.72,722333700,722270208,False
2026-02-12,9.2,82.400292,3.514663,6645470040,6644885913.6,722333700,722270208,False
2026-02-13,9.01,80.698547,3.442078,6508226637,6507654574.08,722333700,722270208,False
2026-02-24,9.54,85.44552,3.644553,6891063498,6890457784.32,722333700,722270208,False
2026-02-25,9.65,86.430741,3.686576,6970520205,6969907507.2,722333700,722270208,False
2026-02-26,9.81,87.86379,3.747701,7086093597,7085470740.48,722333700,722270208,False
2026-02-27,9.97,89.296838,3.808825,7201666989,7201033973.76,722333700,722270208,False
2026-03-02,9.77,87.505528,3.732419,7057200249,7056579932.16,722333700,722270208,False
2026-03-03,9.39,84.102037,3.587249,6782713443,6782117253.12,722333700,722270208,False
2026-03-04,9.76,87.415962,3.728599,7049976912,7049357230.08,722333700,722270208,False
2026-03-05,10.15,90.909018,3.87759,7331687055,7331042611.2,722333700,722270208,False
2026-03-06,10.52,94.222943,4.018941,7598950524,7598282588.16,722333700,722270208,False
2026-03-09,11.57,103.627324,4.420071,8357400909,8356666306.56,722333700,722270208,False
2026-03-10,11.77,105.418634,4.496477,8501867649,8501120348.16,722333700,722270208,False
2026-03-11,11.6,103.89602,4.431532,8379070920,8378334412.8,722333700,722270208,False
2026-03-12,11.07,99.149047,4.229057,7996234059,7995531202.56,722333700,722270208,False
2026-03-13,10.43,93.416853,3.984558,7533940491,7533278269.44,722333700,722270208,False
2026-03-16,10.44,93.506418,3.988379,7541163828,7540500971.52,722333700,722270208,False
2026-03-17,10.06,90.102928,3.843208,7266677022,7266038292.48,722333700,722270208,False
2026-03-18,10.19,91.26728,3.892871,7360580403,7359933419.52,722333700,722270208,False
2026-03-19,9.79,87.684659,3.74006,7071646923,7071025336.32,722333700,722270208,False
2026-03-20,9.49,84.997693,3.625451,6854946813,6854344273.92,722333700,722270208,False
2026-03-23,9.08,81.325506,3.46882,6558789996,6558213488.64,722333700,722270208,False
2026-03-24,9.6,85.982913,3.667475,6934403520,6933793996.8,722333700,722270208,False
2026-03-25,9.93,88.938576,3.793544,7172773641,7172143165.44,722333700,722270208,False
2026-03-26,9.31,83.385513,3.556686,6724926747,6724335636.48,722333700,722270208,False
2026-03-27,9.37,83.922906,3.579608,6768266769,6767671848.96,722333700,722270208,False
2026-03-30,9.58,85.803782,3.659834,6919956846,6919348592.64,722333700,722270208,False
2026-03-31,9.59,85.893348,3.663654,6927180183,6926571294.72,722333700,722270208,False
2026-04-01,9.41,84.281168,3.594889,6797160117,6796562657.28,722333700,722270208,False
2026-04-02,9.59,85.893348,3.663654,6927180183,6926571294.72,722333700,722270208,False
2026-04-03,9.05,81.056809,3.457359,6537119985,6536545382.4,722333700,722270208,False
2026-04-07,9.22,82.579423,3.522304,6659916714,6659331317.76,722333700,722270208,False
2026-04-08,9.6,85.982913,3.667475,6934403520,6933793996.8,722333700,722270208,False
2026-04-09,9.47,84.818561,3.617811,6840500139,6839898869.76,722333700,722270208,False
2026-04-10,9.44,82.010966,3.600909,6818830128,6818464903.84,722333700,722295011,False
2026-04-13,9.45,82.097842,3.604724,6826053465,6825687853.95,722333700,722295011,False
2026-04-14,9.49,82.445346,3.619982,6854946813,6854579654.39,722333700,722295011,False
2026-04-15,9.93,86.267891,3.787821,7172773641,7172389459.23,722333700,722295011,False
2026-04-16,9.72,84.443495,3.707716,7021083564,7020707506.92,722333700,722295011,False
2026-04-17,9.47,82.271594,3.612353,6840500139,6840133754.17,722333700,722295011,False
2026-04-20,10.42,90.524816,3.974732,7526717154,7526314014.62,722333700,722295011,False
2026-04-21,10.34,89.829808,3.944216,7468930458,7468530413.74,722333700,722295011,False
2026-04-22,10.22,88.787296,3.898442,7382250414,7381855012.42,722333700,722295011,False
2026-04-23,10.59,92.001709,4.039579,7649513883,7649104166.49,722333700,722295011,False
2026-04-24,10.32,89.656056,3.936587,7454483784,7454084513.52,722333700,722295011,False
2026-04-27,10.3,89.4823,3.929,7440037110,7439638613.0,722333700,722295011,False
2026-04-28,9.77,84.8779,3.7268,7057200249,7056822257.0,722333700,722295011,False
2026-04-29,9.69,89.386,3.677,6999413553,6999038657.0,722333700,722295011,False
2026-04-30,9.37,86.4342,3.5555,6768266769,6767904253.0,722333700,722295011,False
2026-05-06,9.6,88.5558,3.6428,6934403520,6934032106.0,722333700,722295011,False
2026-05-07,9.92,91.5077,3.7643,7165550304,7165166509.0,722333700,722295011,False
2026-05-08,9.86,90.9542,3.7415,7122210282,7121828808.0,722333700,722295011,False
2026-05-11,9.7,89.4783,3.6808,7006636890,7006261607.0,722333700,722295011,False
2026-05-12,10.67,98.4261,4.0488,7707300579,7706887767.0,722333700,722295011,False
2026-05-13,11.32,104.4221,4.2955,8176817484,8176379525.0,722333700,722295011,False
2026-05-14,10.5,96.8579,3.9843,7584503850,7584097616.0,722333700,722295011,False
2026-05-15,10.13,93.4448,3.8439,7317240381,7316848461.0,722333700,722295011,False
2026-05-18,10.2,94.0905,3.8705,7367803740,7367409112.0,722333700,722295011,False
2026-05-19,10.3,95.013,3.9084,7440037110,7439638613.0,722333700,722295011,False
2026-05-20,9.81,90.493,3.7225,7086093597,7085714058.0,722333700,722295011,False
2026-05-21,9.23,85.1427,3.5024,6667140051,6666782952.0,722333700,722295011,False
2026-05-22,9.27,85.5117,3.5176,6696033399,6695674752.0,722333700,722295011,False
2026-05-25,9.38,86.5264,3.5593,6775490106,6775127203.0,722333700,722295011,False
2026-05-26,8.79,81.0839,3.3355,6349313223,6348973147.0,722333700,722295011,False
2026-05-27,8.5,78.4088,3.2254,6139836450,6139507594.0,722333700,722295011,False
2026-05-28,8.8,81.1762,3.3393,6356536560,6356196097.0,722333700,722295011,False
2026-05-29,8.55,78.87,3.2444,6175953135,6175622344.0,722333700,722295011,False
2026-06-01,8.69,80.1615,3.2975,6277079853,6276743646.0,722333700,722295011,False
2026-06-02,8.5,78.4088,3.2254,6139836450,6139507594.0,722333700,722295011,False
2026-06-03,8.61,79.4235,3.2672,6219293157,6218960045.0,722333700,722295011,False
2026-06-04,8.31,76.6561,3.1533,6002593047,6002271541.0,722333700,722295011,False
2026-06-05,8.23,75.9182,3.123,5944806351,5944487941.0,722333700,722295011,False
2026-06-08,7.8,71.9516,2.9598,5634202860,5633901086.0,722333700,722295011,False
2026-06-09,7.9,72.874,2.9977,5706436230,5706130587.0,722333700,722295011,False
2026-06-10,7.53,69.461,2.8573,5439172761,5438881433.0,722333700,722295011,False
2026-06-11,7.49,69.092,2.8422,5410279413,5409989632.0,722333700,722295011,False
2026-06-12,7.48,68.9997,2.8384,5403056076,5402766682.0,722333700,722295011,False
2026-06-15,7.63,70.3834,2.8953,5511406131,5511110850.0,722333700,722295011,False
2026-06-16,7.72,71.2136,2.9294,5576416164,5576117400.0,722333700,722295011,False
2026-06-17,7.45,68.723,2.827,5381386065,5381097750.0,722333700,722295011,False
2026-06-18,7.31,67.4316,2.7739,5280259347,5279976450.0,722333700,722295011,False
2026-06-22,7.37,67.985,2.7966,5323599369,5323314150.0,722333700,722295011,False
2026-06-23,7.35,67.8005,2.789,5309152695,5308868250.0,722333700,722295011,False
2026-06-24,7.17,66.14,2.72,5179000000,5179000000.0,722333700,722295011,False
2026-06-25,6.91,63.74,2.62,4991000000,4991000000.0,722333700,722295011,False
2026-06-26,6.73,62.08,2.55,4861000000,4861000000.0,722333700,722295011,False
2026-06-29,6.71,61.9,2.55,4847000000,4847000000.0,722333700,722295011,False
2026-06-30,6.76,62.36,2.57,4883000000,4883000000.0,722333700,722295011,False
2026-07-01,6.81,62.82,2.58,4919000000,4919000000.0,722333700,722295011,False
2026-07-02,6.78,62.54,2.57,4897000000,4897000000.0,722333700,722295011,False
2026-07-03,6.83,63.0,2.59,4934000000,4933000000.0,722333700,722295011,False
2026-07-06,6.65,61.34,2.52,4804000000,4803000000.0,722333700,722295011,False
2026-07-07,6.44,59.41,2.44,4652000000,4652000000.0,722333700,722295011,False
2026-07-08,6.23,57.47,2.43,4500000000,4500000000.0,722333700,722295011,False
2026-07-09,6.25,57.65,2.44,4515000000,4514000000.0,722333700,722295011,False
2026-07-10,6.38,58.85,2.49,4608000000,4608000000.0,722333700,722295011,False
2026-07-13,6.01,55.44,2.34,4341000000,4341000000.0,722333700,722295011,False
2026-07-14,6.04,55.72,2.35,4363000000,4363000000.0,722333700,722295011,False
2026-07-15,6.06,55.9,2.36,4377000000,4377000000.0,722333700,722295011,False
2026-07-16,6.08,56.09,2.37,4392000000,4392000000.0,722333700,722295011,False
2026-07-17,5.91,54.52,2.3,4269000000,4269000000.0,722333700,722295011,False
2026-07-20,5.86,54.06,2.28,4233000000,4233000000.0,722333700,722295011,False
2026-07-21,5.88,54.24,2.29,4247000000,4247000000.0,722333700,722295011,False
2026-07-22,5.86,54.06,2.28,4233000000,4233000000.0,722333700,722295011,False
2026-07-23,6.45,59.5,2.51,4659000000,4659000000.0,722333700,722295011,False
2026-07-24,7.1,65.49,2.77,5129000000,5128000000.0,722333700,722295011,False
2026-07-27,7.46,68.82,2.91,5389000000,5388000000.0,722333700,722295011,False
2026-07-28,7.07,65.22,2.76,5107000000,5107000000.0,722333700,722295011,False
2026-07-29,7.27,67.06,2.83,5251000000,5251000000.0,722333700,722295011,False
2026-07-30,6.97,64.3,2.72,5035000000,5034000000.0,722333700,722295011,False
2026-07-31,6.97,64.3,2.72,5035000000,5034000000.0,722333700,722295011,False
2026-08-03,7.35,67.8,2.87,5309000000,5309000000.0,722333700,722295011,False
2026-08-04,7.4,68.26,2.88,5345000000,5345000000.0,722333700,722295011,False
2026-08-05,7.39,68.17,2.88,5338000000,5338000000.0,722333700,722295011,False
2026-08-06,7.26,66.97,2.83,5244000000,5244000000.0,722333700,722295011,False
2026-08-07,7.18,66.23,2.8,5186000000,5186000000.0,722333700,722295011,False
2026-08-10,7.9,72.87,3.08,5706000000,5706000000.0,722333700,722295011,False
2026-08-11,7.61,70.2,2.97,5497000000,5497000000.0,722333700,722295011,False
2026-08-12,7.6,70.11,2.96,5490000000,5489000000.0,722333700,722295011,False
2026-08-13,7.44,68.63,2.9,5374000000,5374000000.0,722333700,722295011,False
2026-08-14,7.26,66.97,2.83,5244000000,5244000000.0,722333700,722295011,False
2026-08-17,7.27,67.06,2.83,5251000000,5251000000.0,722333700,722295011,False
2026-08-18,7.03,64.85,2.74,5078000000,5078000000.0,722333700,722295011,False
2026-08-19,6.67,61.53,2.6,4818000000,4818000000.0,722333700,722295011,False
2026-08-20,6.7,61.8,2.61,4840000000,4839000000.0,722333700,722295011,False
2026-08-21,6.72,61.99,2.62,4854000000,4854000000.0,722333700,722295011,False
2026-08-24,6.62,61.07,2.58,4782000000,4782000000.0,722333700,722295011,False
2026-08-25,6.76,62.36,2.64,4883000000,4883000000.0,722333700,722295011,False
2026-08-26,6.83,63.0,2.66,4934000000,4933000000.0,722333700,722295011,False
2026-08-27,6.81,117.24,2.66,4919000000,4919000000.0,722333700,722291810,False
2026-08-28,6.83,117.59,2.67,4934000000,4933000000.0,722333700,722291810,False
