date,close,pe_ttm,pb,total_mv,float_mv,total_share,float_share,is_st
2020-01-02,10.99,52.728079,2.998099,25239027117.177,23291993931.331,2305324840,2127483438,False
2020-01-03,11.19,53.687644,3.052659,25698336072.904,23715870072.029,2305324840,2127483438,False
2020-01-06,11.68,56.038577,3.186332,26823643014.434,24754366616.738,2305324840,2127483438,False
2020-01-07,11.65,55.894643,3.178148,26754746671.075,24690785195.633,2305324840,2127483438,False
2020-01-08,11.7,56.134534,3.191788,26869573910.007,24796754230.808,2305324840,2127483438,False
2020-01-09,11.68,56.038577,3.186332,26823643014.434,24754366616.738,2305324840,2127483438,False
2020-01-10,11.6,55.654751,3.164508,26639919432.143,24584816160.459,2305324840,2127483438,False
2020-01-13,12.02,57.669837,3.279085,27604468239.169,25474956055.924,2305324840,2127483438,False
2020-01-14,11.79,56.566338,3.216341,27076262940.084,24987498494.122,2305324840,2127483438,False
2020-01-15,11.61,55.70273,3.167236,26662884879.93,24606009967.494,2305324840,2127483438,False
2020-01-16,12.09,58.005685,3.298181,27765226373.674,25623312705.168,2305324840,2127483438,False
2020-01-17,12.1,58.053663,3.300909,27788191821.46,25644506512.203,2305324840,2127483438,False
2020-01-20,12.36,59.301097,3.371838,28385293463.905,26195545495.11,2305324840,2127483438,False
2020-01-21,12.14,58.245576,3.311821,27880053612.605,25729281740.342,2305324840,2127483438,False
2020-01-22,12.38,59.397054,3.377294,28431224359.477,26237933109.18,2305324840,2127483438,False
2020-01-23,11.92,57.190055,3.251805,27374813761.306,25263017985.575,2305324840,2127483438,False
2020-02-03,10.73,51.480645,2.92717,24641925474.733,22740954948.425,2305324840,2127483438,False
2020-02-04,10.46,50.185233,2.853513,24021858384.502,22168722158.483,2305324840,2127483438,False
2020-02-05,11.08,53.159883,3.022651,25445716147.254,23482738194.645,2305324840,2127483438,False
2020-02-06,11.4,54.695187,3.109948,26180610476.417,24160940019.761,2305324840,2127483438,False
2020-02-07,11.7,56.134534,3.191788,26869573910.007,24796754230.808,2305324840,2127483438,False
2020-02-10,11.56,55.462838,3.153596,26548057640.998,24500040932.32,2305324840,2127483438,False
2020-02-11,11.19,53.687644,3.052659,25698336072.904,23715870072.029,2305324840,2127483438,False
2020-02-12,11.59,55.606773,3.16178,26616953984.357,24563622353.424,2305324840,2127483438,False
2020-02-13,11.35,54.455296,3.096308,26065783237.485,24054970984.587,2305324840,2127483438,False
2020-02-14,11.39,54.647208,3.10722,26157645028.631,24139746212.727,2305324840,2127483438,False
2020-02-17,11.9,57.094098,3.246349,27328882865.733,25220630371.505,2305324840,2127483438,False
2020-02-18,12.12,58.14962,3.306365,27834122717.033,25686894126.273,2305324840,2127483438,False
2020-02-19,11.79,56.566338,3.216341,27076262940.084,24987498494.122,2305324840,2127483438,False
2020-02-20,12.18,58.437489,3.322734,27971915403.751,25814056968.482,2305324840,2127483438,False
2020-02-21,12.84,57.006489,3.502783,29487634957.648,27212848232.784,2305324840,2127483438,False
2020-02-24,13.36,59.315163,3.64464,30681838242.538,28314926198.598,2305324840,2127483438,False
2020-02-25,13.77,61.135463,3.756489,31623421601.777,29183872287.028,2305324840,2127483438,False
2020-02-26,12.73,56.518115,3.472775,29235015031.999,26979716355.4,2305324840,2127483438,False
2020-02-27,12.76,56.651308,3.480959,29303911375.358,27043297776.505,2305324840,2127483438,False
2020-02-28,11.99,53.232695,3.270901,27535571895.81,25411374634.819,2305324840,2127483438,False
2020-03-02,12.42,55.141791,3.388206,28523086150.623,26322708337.319,2305324840,2127483438,False
2020-03-03,12.72,56.473718,3.470047,29212049584.213,26958522548.365,2305324840,2127483438,False
2020-03-04,12.84,57.006489,3.502783,29487634957.648,27212848232.784,2305324840,2127483438,False
2020-03-05,12.85,57.050886,3.505511,29510600405.435,27234042039.819,2305324840,2127483438,False
2020-03-06,12.52,55.585766,3.415486,28752740628.486,26534646407.668,2305324840,2127483438,False
2020-03-09,11.77,52.255948,3.210885,27030332044.511,24945110880.052,2305324840,2127483438,False
2020-03-10,12.68,56.296128,3.459135,29120187793.067,26873747320.226,2305324840,2127483438,False
2020-03-11,12.92,57.361669,3.524607,29671358539.939,27382398689.063,2305324840,2127483438,False
2020-03-12,12.85,57.050886,3.505511,29510600405.435,27234042039.819,2305324840,2127483438,False
2020-03-13,13.2,58.604802,3.600992,30314391077.956,27975825286.04,2305324840,2127483438,False
2020-03-16,12.08,53.632273,3.295453,27742260925.887,25602118898.133,2305324840,2127483438,False
2020-03-17,12.39,55.008598,3.380022,28454189807.264,26259126916.214,2305324840,2127483438,False
2020-03-18,12.02,53.365887,3.279085,27604468239.169,25474956055.924,2305324840,2127483438,False
2020-03-19,12.2,54.165044,3.32819,28017846299.323,25856444582.552,2305324840,2127483438,False
2020-03-20,12.08,53.632273,3.295453,27742260925.887,25602118898.133,2305324840,2127483438,False
2020-03-23,11.09,49.236913,3.025379,25468681595.041,23503932001.68,2305324840,2127483438,False
2020-03-24,11.38,50.524443,3.104492,26134679580.844,24118552405.692,2305324840,2127483438,False
2020-03-25,11.43,50.74643,3.118132,26249506819.776,24224521440.866,2305324840,2127483438,False
2020-03-26,11.19,49.680889,3.052659,25698336072.904,23715870072.029,2305324840,2127483438,False
2020-03-27,11.19,49.680889,3.052659,25698336072.904,23715870072.029,2305324840,2127483438,False
2020-03-30,11.29,50.103103,2.712689,25927990550.767,23927808142.378,2305324840,2127483438,False
2020-03-31,11.28,50.058724,2.710286,25905025102.981,23906614335.343,2305324840,2127483438,False
2020-04-01,11.31,50.191859,2.717495,25973921446.34,23970195756.448,2305324840,2127483438,False
2020-04-02,11.73,52.055748,2.81841,26938470253.366,24860335651.912,2305324840,2127483438,False
2020-04-03,11.42,50.680021,2.743925,26226541371.99,24203327633.831,2305324840,2127483438,False
2020-04-07,12.02,53.342719,2.888089,27604468239.169,25474956055.924,2305324840,2127483438,False
2020-04-08,12.19,54.09715,2.928935,27994880851.537,25835250775.517,2305324840,2127483438,False
2020-04-09,12.16,53.964015,2.921727,27925984508.178,25771669354.412,2305324840,2127483438,False
2020-04-10,11.96,53.076449,2.873672,27466675552.451,25347793213.715,2305324840,2127483438,False
2020-04-13,12.02,53.342719,2.888089,27604468239.169,25474956055.924,2305324840,2127483438,False
2020-04-14,12.2,54.141528,2.931338,28017846299.323,25856444582.552,2305324840,2127483438,False
2020-04-15,12.03,53.387097,2.890492,27627433686.956,25496149862.959,2305324840,2127483438,False
2020-04-16,12.22,54.230285,2.936144,28063777194.896,25898832196.621,2305324840,2127483438,False
2020-04-17,12.15,53.919637,2.919324,27903019060.392,25750475547.377,2305324840,2127483438,False
2020-04-20,12.34,54.718196,2.95527,28339362568.332,26153157881.04,2305324840,2127483438,False
2020-04-21,12.36,54.80688,2.96006,28385293463.905,26195545495.11,2305324840,2127483438,False
2020-04-22,12.2,54.097406,2.921742,28017846299.323,25856444582.552,2305324840,2127483438,False
2020-04-23,12.12,53.742669,2.902583,27834122717.033,25686894126.273,2305324840,2127483438,False
2020-04-24,11.68,51.791615,2.797209,26823643014.434,24754366616.738,2305324840,2127483438,False
2020-04-27,11.54,51.170825,2.76368,26502126745.425,24457653318.25,2305324840,2127483438,False
2020-04-28,11.45,50.771746,2.742127,26295437715.349,24266909054.936,2305324840,2127483438,False
2020-04-29,11.7,51.880299,2.801998,26869573910.007,24796754230.808,2305324840,2127483438,False
2020-04-30,12.11,53.698327,2.900188,27811157269.246,25665700319.238,2305324840,2127483438,False
2020-05-06,12.44,55.161617,2.979219,28569017046.195,26365095951.389,2305324840,2127483438,False
2020-05-07,12.59,55.826749,3.015142,28913498762.99,26683003056.912,2305324840,2127483438,False
2020-05-08,12.94,57.378724,3.098962,29717289435.512,27424786303.133,2305324840,2127483438,False
2020-05-11,12.96,57.467408,3.103752,29763220331.084,27467173917.202,2305324840,2127483438,False
2020-05-12,12.9,57.201355,3.089383,29625427644.366,27340011074.993,2305324840,2127483438,False
2020-05-13,12.9,57.201355,3.089383,29625427644.366,27340011074.993,2305324840,2127483438,False
2020-05-14,12.84,56.935303,3.075014,29487634957.648,27212848232.784,2305324840,2127483438,False
2020-05-15,12.78,56.66925,3.060644,29349842270.93,27085685390.575,2305324840,2127483438,False
2020-05-18,12.7,56.314513,3.041485,29166118688.64,26916134934.296,2305324840,2127483438,False
2020-05-19,12.69,56.27017,3.039091,29143153240.854,26894941127.261,2305324840,2127483438,False
2020-05-20,12.43,55.117275,2.976824,28546051598.409,26343902144.354,2305324840,2127483438,False
2020-05-21,12.17,53.964379,2.914557,27948949955.964,25792863161.447,2305324840,2127483438,False
2020-05-22,12.12,53.742669,2.902583,27834122717.033,25686894126.273,2305324840,2127483438,False
2020-05-25,11.98,53.121879,2.869055,27512606448.024,25390180827.784,2305324840,2127483438,False
2020-05-26,12.16,53.920037,2.912162,27925984508.178,25771669354.412,2305324840,2127483438,False
2020-05-27,12.04,53.387932,2.883424,27650399134.742,25517343669.994,2305324840,2127483438,False
2020-05-28,11.96,53.033195,2.864265,27466675552.451,25347793213.715,2305324840,2127483438,False
2020-05-29,11.96,53.033195,2.864265,27466675552.451,25347793213.715,2305324840,2127483438,False
2020-06-01,12.33,54.673854,2.952875,28316397120.546,26131964074.005,2305324840,2127483438,False
2020-06-02,12.53,55.560696,3.000773,28775706076.272,26555840214.703,2305324840,2127483438,False
2020-06-03,12.41,55.028591,2.972034,28500120702.836,26301514530.284,2305324840,2127483438,False
2020-06-04,12.42,55.072933,2.974429,28523086150.623,26322708337.319,2305324840,2127483438,False
2020-06-05,12.44,55.161617,2.979219,28569017046.195,26365095951.389,2305324840,2127483438,False
2020-06-08,12.41,55.028591,2.972034,28500120702.836,26301514530.284,2305324840,2127483438,False
2020-06-09,12.13,53.787011,2.904978,27857088164.819,25708087933.308,2305324840,2127483438,False
2020-06-10,12.17,53.964379,2.914557,27948949955.964,25792863161.447,2305324840,2127483438,False
2020-06-11,13.39,59.37412,3.206731,30750734585.897,28378507619.702,2305324840,2127483438,False
2020-06-12,13.6,60.305305,3.257024,31233008989.41,28823577567.435,2305324840,2127483438,False
2020-06-15,13.65,60.527016,3.268998,31347836228.341,28929546602.609,2305324840,2127483438,False
2020-06-16,13.45,59.640173,3.221101,30888527272.615,28505670461.912,2305324840,2127483438,False
2020-06-17,13.27,58.842014,3.177993,30475149212.461,28890619039.406,2305324840,2185461382,False
2020-06-18,13.14,58.265567,3.14686,30165129378.465,28607591121.161,2304448671,2185461382,False
2020-06-19,13.14,58.243422,3.145664,30165129378.465,28607591121.161,2304448671,2185461382,False
2020-06-22,13.08,57.97747,3.1313,30027389061.669,28476962851.201,2304448671,2185461382,False
2020-06-23,12.76,56.559061,3.054693,29292774038.753,27780278744.749,2304448671,2185461382,False
2020-06-24,12.76,56.559061,3.054693,29292774038.753,27780278744.749,2304448671,2185461382,False
2020-06-29,12.96,57.445567,3.102572,29751908428.075,28215706311.282,2304448671,2185461382,False
2020-06-30,12.94,57.356916,3.097785,29705994989.143,28172279571.079,2304448671,2185470382,False
2020-07-01,12.68,56.204459,3.035542,29109120283.024,27606221403.499,2304448671,2185470382,False
2020-07-02,13.03,57.755844,3.11933,29912605464.338,28368222782.933,2304448671,2185470382,False
2020-07-03,13.13,58.199097,3.14327,30142172658.999,28585937462.772,2304448671,2185470382,False
2020-07-06,13.52,59.927783,3.236634,31037484718.177,30347751245.451,2304448671,2253237840,False
2020-07-07,13.52,59.927783,3.236634,31037484718.177,30347751245.451,2304448671,2253237840,False
2020-07-08,14.3,63.385155,3.423363,32828108836.534,32098583048.074,2304448671,2253237840,False
2020-07-09,14.18,62.853251,3.394636,32552628202.941,31829224309.209,2304448671,2253237840,False
2020-07-10,13.93,61.745119,3.334787,31978710216.288,31268060269.907,2304448671,2253237840,False
2020-07-13,14.45,64.050034,3.459273,33172459628.525,32435281471.655,2304448671,2253237840,False
2020-07-14,14.61,64.759239,3.497576,33539767139.983,32794426456.808,2304448671,2253237840,False
2020-07-15,13.66,60.548337,3.27015,31358878790.703,30662003107.461,2304448671,2253237840,False
2020-07-16,13.11,58.110446,3.138482,30096259220.067,29427442220.996,2304448671,2253237840,False
2020-07-17,13.25,58.731,3.171997,30417653292.593,29741694083.005,2304448671,2253237840,False
2020-07-20,14.07,62.365673,3.368302,32300104288.813,31582312131.916,2304448671,2253237840,False
2020-07-21,13.78,61.08024,3.298877,31634359424.296,30931361846.326,2304448671,2253237840,False
2020-07-22,13.76,60.99159,3.294089,31588445985.364,30886468723.181,2304448671,2253237840,False
2020-07-23,14.01,62.099722,3.353938,32162363972.017,31447632762.483,2304448671,2253237840,False
2020-07-24,13.54,60.016433,3.241422,31083398157.11,30392644368.596,2304448671,2253237840,False
2020-07-27,13.73,60.858614,3.286907,31519575826.966,30819129038.465,2304448671,2253237840,False
2020-07-28,13.77,61.035915,3.296483,31611402704.83,30908915284.753,2304448671,2253237840,False
2020-07-29,14.32,63.473805,3.428151,32874022275.466,32143476171.218,2304448671,2253237840,False
2020-07-30,14.6,64.714913,3.495182,33516810420.517,32771979895.236,2304448671,2253237840,False
2020-07-31,14.4,63.828408,3.447303,33057676031.195,32323048663.794,2304448671,2253237840,False
2020-08-03,15.56,68.97014,3.725002,35720655489.263,34926849806.156,2304448671,2253237840,False
2020-08-04,15.09,66.886852,3.612486,34641689674.356,33871861412.268,2304448671,2253237840,False
2020-08-05,15.3,67.817683,3.662759,35123780783.145,34343239205.282,2304448671,2253237840,False
2020-08-06,15.27,67.684707,3.655577,35054910624.746,34275899520.565,2304448671,2253237840,False
2020-08-07,15.38,68.172285,3.681911,35307434538.874,34522811697.858,2304448671,2253237840,False
2020-08-10,15.05,66.709551,3.60291,34549862796.492,33782075165.98,2304448671,2253237840,False
2020-08-11,14.41,63.872733,3.449697,33080632750.661,32345495225.367,2304448671,2253237840,False
2020-08-12,14.1,62.498649,3.375484,32368974447.212,31649651816.632,2304448671,2253237840,False
2020-08-13,14.19,62.897577,3.39703,32575584922.407,31851670870.781,2304448671,2253237840,False
2020-08-14,14.3,63.385155,3.423363,32828108836.534,32098583048.074,2304448671,2253237840,False
2020-08-17,14.48,64.18301,3.466454,33241329786.924,32502621156.371,2304448671,2253237840,False
2020-08-18,14.36,63.651107,3.437727,32965849153.331,32233262417.506,2304448671,2253237840,False
2020-08-19,13.91,61.656469,3.329999,31932796777.356,31223167146.763,2304448671,2253237840,False
2020-08-20,13.97,61.92242,3.344362,32070537094.152,31357846516.195,2304448671,2253237840,False
2020-08-21,13.71,60.769963,3.282119,31473662388.034,30774235915.321,2304448671,2253237840,False
2020-08-24,13.43,60.659437,3.251785,30830874242.983,30145732191.303,2304448671,2253237840,False
2020-08-25,13.45,60.749771,3.256628,30876787681.915,30190625314.447,2304448671,2253237840,False
2020-08-26,13.0,58.717251,3.14767,29843735305.94,29180530043.703,2304448671,2253237840,False
2020-08-27,13.1,59.168922,3.171883,30073302500.601,29404995659.424,2304448671,2253237840,False
2020-08-28,13.27,59.936763,3.213045,30463566731.525,29786587206.149,2304448671,2253237840,False
2020-08-31,13.22,59.710928,3.200939,30348783134.194,29674354398.289,2304448671,2253237840,False
2020-09-01,13.38,60.433601,3.239679,30716090645.652,30033499383.442,2304448671,2253237840,False
2020-09-02,13.18,59.530259,3.191253,30256956256.33,29584568152.001,2304448671,2253237840,False
2020-09-03,12.94,58.446248,3.133143,29705994989.143,29045850674.271,2304448671,2253237840,False
2020-09-04,12.67,57.226736,3.067768,29086163563.558,28439793511.825,2304448671,2253237840,False
2020-09-07,12.44,56.187892,3.012078,28558159015.838,27923522595.667,2304448671,2253237840,False
2020-09-08,12.39,55.962057,2.999972,28443375418.507,27811289787.806,2304448671,2253237840,False
2020-09-09,12.32,55.645887,2.983023,28282678382.245,27654163856.802,2304448671,2253237840,False
2020-09-10,11.92,53.839202,2.886171,27364409603.6,26756301393.919,2304448671,2253237840,False
2020-09-11,12.02,54.290874,2.910384,27593976798.261,26980767009.64,2304448671,2253237840,False
2020-09-14,11.93,53.88437,2.888593,27387366323.066,26778747955.491,2304448671,2253237840,False
2020-09-15,12.22,55.194216,2.95881,28053111187.583,27429698241.081,2304448671,2253237840,False
2020-09-16,12.07,54.516709,2.922491,27708760395.592,27092999817.5,2304448671,2253237840,False
2020-09-17,12.14,54.832879,2.93944,27869457431.855,27250125748.505,2304448671,2253237840,False
2020-09-18,12.34,55.736221,2.987865,28328591821.177,27699056979.946,2304448671,2253237840,False
2020-09-21,12.22,55.194216,2.95881,28053111187.583,27429698241.081,2304448671,2253237840,False
2020-09-22,11.97,54.065038,2.898278,27479193200.931,26868534201.779,2304448671,2253237840,False
2020-09-23,12.09,54.607043,2.927333,27754673834.524,27137892940.644,2304448671,2253237840,False
2020-09-24,11.65,52.61969,2.820797,26744578178.015,26150244231.473,2304448671,2253237840,False
2020-09-25,11.66,52.664857,2.823218,26767534897.481,26172690793.045,2304448671,2253237840,False
2020-09-28,11.5,51.942184,2.784478,26400227386.024,25813545807.891,2304448671,2253237840,False
2020-09-29,11.62,52.484189,2.813533,26675708019.617,26082904546.756,2304448671,2253237840,False
2020-09-30,11.7,52.845526,2.832903,26859361775.346,26262477039.333,2304448671,2253237840,False
2020-10-09,11.89,53.703701,2.878908,27295539445.202,26688961709.203,2304448671,2253237840,False
2020-10-12,12.23,55.239383,2.961231,28076067907.05,27452144802.653,2304448671,2253237840,False
2020-10-13,12.12,54.742545,2.934597,27823543992.922,27205232625.36,2304448671,2253237840,False
2020-10-14,11.94,53.929537,2.891014,27410323042.532,26801194517.063,2304448671,2253237840,False
2020-10-15,12.2,55.103882,2.953967,28007197748.651,27384805117.937,2304448671,2253237840,False
2020-10-16,12.01,54.245706,2.907963,27571020078.795,26958320448.067,2304448671,2253237840,False
2020-10-19,12.05,54.426375,2.917648,27662846956.66,27048106694.356,2304448671,2253237840,False
2020-10-20,12.09,54.607043,2.927333,27754673834.524,27137892940.644,2304448671,2253237840,False
2020-10-21,11.74,53.026194,2.842588,26951188653.21,26352263285.621,2304448671,2253237840,False
2020-10-22,11.58,52.30352,2.803848,26583881141.753,25993118300.468,2304448671,2253237840,False
2020-10-23,11.55,52.168019,2.796584,26515010983.354,25925778615.752,2304448671,2253237840,False
2020-10-26,11.64,52.574523,2.818376,26721621458.549,26127797669.901,2304448671,2253237840,False
2020-10-27,11.61,52.439022,2.811112,26652751300.151,26060457985.184,2304448671,2253237840,False
2020-10-28,11.26,50.858173,2.726367,25849266118.837,25274828330.162,2304448671,2253237840,False
2020-10-29,11.15,50.361334,2.699733,25596742204.71,25027916152.869,2304448671,2253237840,False
2020-10-30,11.19,47.834608,2.676493,25688569082.574,25117702399.157,2304448671,2253237840,False
2020-11-02,11.4,48.732309,2.726722,26170660191.363,25589080192.171,2304448671,2253237840,False
2020-11-03,11.59,49.544514,2.772167,26606837861.219,26015564862.04,2304448671,2253237840,False
2020-11-04,11.5,49.159785,2.75064,26400227386.024,25813545807.891,2304448671,2253237840,False
2020-11-05,11.65,49.800999,2.786518,26744578178.015,26150244231.473,2304448671,2253237840,False
2020-11-06,11.43,48.860551,2.733897,26239530349.761,25656419876.887,2304448671,2253237840,False
2020-11-09,11.77,50.313971,2.815221,27020058811.609,26419602970.338,2304448671,2253237840,False
2020-11-10,11.62,49.672757,2.779343,26675708019.617,26082904546.756,2304448671,2253237840,False
2020-11-11,11.38,48.646813,2.721938,26124746752.43,25544187069.026,2304448671,2253237840,False
2020-11-12,11.38,48.646813,2.721938,26124746752.43,25544187069.026,2304448671,2253237840,False
2020-11-13,11.72,50.100233,2.803261,26905275214.278,26307370162.477,2304448671,2253237840,False
2020-11-16,11.73,50.142981,2.805653,26928231933.744,26329816724.049,2304448671,2253237840,False
2020-11-17,11.58,49.501766,2.769775,26583881141.753,25993118300.468,2304448671,2253237840,False
2020-11-18,11.8,50.442214,2.822396,27088928970.007,26486942655.054,2304448671,2253237840,False
2020-11-19,11.98,51.211672,2.86545,27502149920.397,26890980763.351,2304448671,2253237840,False
2020-11-20,11.91,50.912438,2.848707,27341452884.134,26733854832.347,2304448671,2253237840,False
2020-11-23,11.88,50.784195,2.841531,27272582725.736,26666515147.63,2304448671,2253237840,False
2020-11-24,12.25,52.365858,2.93003,28121981345.982,27497037925.797,2304448671,2253237840,False
2020-11-25,12.43,53.135315,2.973083,28535202296.372,27901076034.095,2304448671,2253237840,False
2020-11-26,12.36,52.836082,2.95634,28374505260.109,27743950103.09,2304448671,2253237840,False
2020-11-27,12.52,53.520044,2.99461,28741812771.567,28103095088.244,2304448671,2253237840,False
2020-11-30,12.31,52.622344,2.944381,28259721662.778,27631717295.23,2304448671,2253237840,False
2020-12-01,12.31,52.622344,2.944381,28259721662.778,27631717295.23,2304448671,2253237840,False
2020-12-02,12.13,51.852886,2.901328,27846500712.389,27227679186.932,2304448671,2253237840,False
2020-12-03,11.96,51.126176,2.860666,27456236481.465,26846087640.207,2304448671,2253237840,False
2020-12-04,11.98,51.211672,2.86545,27502149920.397,26890980763.351,2304448671,2253237840,False
2020-12-07,11.75,50.228476,2.810437,26974145372.676,26374709847.193,2304448671,2253237840,False
2020-12-08,11.47,49.031542,2.743465,26331357227.625,25746206123.175,2304448671,2253237840,False
2020-12-09,11.36,48.561318,2.717154,26078833313.498,25499293945.882,2304448671,2253237840,False
2020-12-10,11.44,48.903299,2.736289,26262487069.227,25678866438.459,2304448671,2253237840,False
2020-12-11,11.18,47.79186,2.674101,25665612363.108,25095255837.585,2304448671,2253237840,False
2020-12-14,11.22,47.962851,2.683668,25757439240.973,25185042083.873,2304448671,2253237840,False
2020-12-15,11.16,47.706365,2.669317,25619698924.176,25050362714.441,2304448671,2253237840,False
2020-12-16,10.71,45.782721,2.561683,24586646548.201,24040267443.697,2304448671,2253237840,False
2020-12-17,10.71,45.782721,2.561683,24586646548.201,24040267443.697,2304448671,2253237840,False
2020-12-18,10.8,46.16745,2.58321,24793257023.396,24242286497.846,2304448671,2253237840,False
2020-12-21,11.12,47.535375,2.65975,25527872046.312,24960576468.152,2304448671,2253237840,False
2020-12-22,10.88,46.509431,2.602345,24976910779.125,24421858990.422,2304448671,2253237840,False
2020-12-23,11.04,47.193393,2.640615,25344218290.583,24781003975.576,2304448671,2253237840,False
2020-12-24,10.9,46.594927,2.607129,25022824218.057,24466752113.567,2304448671,2253237840,False
2020-12-25,10.69,45.697226,2.5569,24540733109.269,23995374320.553,2304448671,2253237840,False
2020-12-28,10.3,44.030068,2.463617,23645421050.091,23119958419.242,2304448671,2253237840,False
2020-12-29,10.73,45.868217,2.566467,24632559987.133,24085160566.841,2304448671,2253237840,False
2020-12-30,10.69,45.697226,2.5569,24540733109.269,23995374320.553,2304448671,2253237840,False
2020-12-31,10.83,46.295693,2.590386,24862127181.795,24309723281.338,2304448671,2253246840,False
2021-01-04,11.46,48.988794,2.741073,26308400508.159,25723862308.784,2304448671,2253246840,False
2021-01-05,11.59,49.544514,2.772167,26606837861.219,26015668774.765,2304448671,2253246840,False
2021-01-06,11.46,48.988794,2.741073,26308400508.159,25723862308.784,2304448671,2253246840,False
2021-01-07,11.21,47.920103,2.681276,25734482521.507,25162696028.051,2304448671,2253246840,False
2021-01-08,11.17,47.749113,2.671709,25642655643.642,25072909423.134,2304448671,2253246840,False
2021-01-11,10.89,46.552179,2.604737,24999867498.591,24444403188.714,2304448671,2253246840,False
2021-01-12,11.14,47.62087,2.664533,25573785485.244,25005569469.446,2304448671,2253246840,False
2021-01-13,11.07,47.321636,2.64779,25413088448.981,24848442910.841,2304448671,2253246840,False
2021-01-14,10.74,45.910964,2.568859,24655516706.6,24107703420.274,2304448671,2253246840,False
2021-01-15,10.79,46.124703,2.580818,24770300303.93,24219936676.421,2304448671,2253246840,False
2021-01-18,10.98,46.936908,2.626264,25206477973.786,24646423049.777,2304448671,2253246840,False
2021-01-19,10.92,46.680422,2.611912,25068737656.99,24511743142.402,2304448671,2253246840,False
2021-01-20,10.74,45.910964,2.568859,24655516706.6,24107703420.274,2304448671,2253246840,False
2021-01-21,10.78,46.081955,2.578426,24747343584.464,24197490025.191,2304448671,2253246840,False
2021-01-22,10.45,44.671283,2.499495,23989771842.082,23456750534.624,2304448671,2253246840,False
2021-01-25,10.24,43.773582,2.449266,23507680733.294,22985370858.809,2304448671,2253246840,False
2021-01-26,10.02,42.833134,2.396645,23002632905.04,22491544531.764,2304448671,2253246840,False
2021-01-27,9.82,41.978182,2.348808,22543498515.718,22042611507.178,2304448671,2253246840,False
2021-01-28,9.5,40.610257,2.272268,21808883492.802,21324318667.84,2304448671,2253246840,False
2021-01-29,9.29,39.712557,2.222039,21326792384.014,20852938992.025,2304448671,2253246840,False
2021-02-01,9.25,39.541566,2.212472,21234965506.15,20763152387.108,2304448671,2253246840,False
2021-02-02,9.29,39.712557,2.222039,21326792384.014,20852938992.025,2304448671,2253246840,False
2021-02-03,9.0,38.472875,2.152675,20661047519.497,20201986106.375,2304448671,2253246840,False
2021-02-04,8.89,38.002651,2.126365,20408523605.37,19955072942.853,2304448671,2253246840,False
2021-02-05,8.78,37.532427,2.100054,20155999691.242,19708159779.33,2304448671,2253246840,False
2021-02-08,8.91,38.088146,2.131148,20454437044.302,19999966245.311,2304448671,2253246840,False
2021-02-09,9.01,38.515623,2.155067,20684004238.963,20224432757.604,2304448671,2253246840,False
2021-02-10,9.07,38.772109,2.169418,20821744555.76,20359112664.98,2304448671,2253246840,False
2021-02-18,9.32,39.8408,2.229215,21395662542.412,20920278945.713,2304448671,2253246840,False
2021-02-19,9.52,40.695752,2.277052,21854796931.734,21369211970.299,2304448671,2253246840,False
2021-02-22,9.39,40.140033,2.245958,21556359578.675,21077405504.318,2304448671,2253246840,False
2021-02-23,9.31,39.798052,2.226823,21372705822.946,20897832294.483,2304448671,2253246840,False
2021-02-24,9.38,40.097285,2.243566,21533402859.209,21054958853.089,2304448671,2253246840,False
2021-02-25,9.45,40.396519,2.260309,21694099895.472,21212085411.694,2304448671,2253246840,False
2021-02-26,9.49,40.567509,2.269876,21785926773.336,21301872016.611,2304448671,2253246840,False
2021-03-01,9.66,41.294219,2.310538,22176191004.26,21683465087.509,2304448671,2253246840,False
2021-03-02,9.5,40.610257,2.272268,21808883492.802,21324318667.84,2304448671,2253246840,False
2021-03-03,9.67,38.12648,2.31293,22199147723.726,21705911738.738,2304448671,2253246840,False
2021-03-04,9.86,38.875604,2.358375,22635325393.582,22132398112.095,2304448671,2253246840,False
2021-03-05,9.87,38.915032,2.360767,22658282113.048,22154844763.324,2304448671,2253246840,False
2021-03-08,9.67,38.12648,2.31293,22199147723.726,21705911738.738,2304448671,2253246840,False
2021-03-09,9.41,37.101363,2.250741,21602273017.607,21122298806.776,2304448671,2253246840,False
2021-03-10,9.11,35.918535,2.178986,20913571433.624,20448899269.897,2304448671,2253246840,False
2021-03-11,9.25,36.470521,2.212472,21234965506.15,20763152387.108,2304448671,2253246840,False
2021-03-12,9.08,35.800252,2.17181,20844701275.226,20381559316.209,2304448671,2253246840,False
2021-03-15,9.05,35.681969,2.164634,20775831116.827,20314219362.521,2304448671,2253246840,False
2021-03-16,9.27,36.549376,2.217255,21280878945.082,20808045689.566,2304448671,2253246840,False
2021-03-17,9.27,36.549376,2.217255,21280878945.082,20808045689.566,2304448671,2253246840,False
2021-03-18,9.29,36.628232,2.222039,21326792384.014,20852938992.025,2304448671,2253246840,False
2021-03-19,9.37,36.943652,2.241174,21510446139.743,21032512201.859,2304448671,2253246840,False
2021-03-22,9.87,38.838774,2.291087,22658282113.048,22154844763.324,2304448671,2253246840,False
2021-03-23,10.07,39.62578,2.337512,23117416502.37,22603777787.911,2304448671,2253246840,False
2021-03-24,10.14,39.901233,2.353761,23278113538.633,22760904346.516,2304448671,2253246840,False
2021-03-25,10.08,39.665131,2.339833,23140373221.836,22626224439.14,2304448671,2253246840,False
2021-03-26,10.14,39.901233,2.353761,23278113538.633,22760904346.516,2304448671,2253246840,False
2021-03-29,10.32,40.609539,2.395543,23691334489.023,23164944068.643,2304448671,2253246840,False
2021-03-30,10.12,39.822532,2.349118,23232200099.701,22716011044.057,2304448671,2253246840,False
2021-03-31,10.12,39.822532,2.349118,23232200099.701,22716011044.057,2304448671,2253246840,False
2021-04-01,10.14,39.901233,2.353761,23278113538.633,22760904346.516,2304448671,2253246840,False
2021-04-02,10.06,39.58643,2.335191,23094459782.904,22581331136.681,2304448671,2253246840,False
2021-04-06,9.99,39.310978,2.318942,22933762746.641,22424204578.076,2304448671,2253246840,False
2021-04-07,10.02,39.429029,2.325905,23002632905.04,22491544531.764,2304448671,2253246840,False
2021-04-08,10.01,39.389678,2.323584,22979676185.574,22469097880.535,2304448671,2253246840,False
2021-04-09,9.93,39.074876,2.305014,22796022429.845,22289524670.7,2304448671,2253246840,False
2021-04-12,9.88,38.878124,2.293408,22681238832.514,22177291414.554,2304448671,2253246840,False
2021-04-13,9.79,38.523971,2.272516,22474628357.319,21975271553.49,2304448671,2253246840,False
2021-04-14,9.86,38.799423,2.288765,22635325393.582,22132398112.095,2304448671,2253246840,False
2021-04-15,10.05,39.54708,2.332869,23071503063.438,22558884485.452,2304448671,2253246840,False
2021-04-16,10.15,39.940583,2.356082,23301070258.099,22783350997.745,2304448671,2253246840,False
2021-04-19,10.28,40.452137,2.386258,23599507611.159,23075157463.726,2304448671,2253246840,False
2021-04-20,10.13,39.861882,2.351439,23255156819.167,22738457695.286,2304448671,2253246840,False
2021-04-21,10.06,39.58643,2.335191,23094459782.904,22581331136.681,2304448671,2253246840,False
2021-04-22,10.13,39.861882,2.351439,23255156819.167,22738457695.286,2304448671,2253246840,False
2021-04-23,10.02,39.429029,2.325905,23002632905.04,22491544531.764,2304448671,2253246840,False
2021-04-26,9.78,37.411928,2.259139,22451671637.853,21952824902.261,2304448671,2253246840,False
2021-04-27,9.65,36.914632,2.229109,22153234284.794,21661018436.28,2304448671,2253246840,False
2021-04-28,9.55,36.532097,2.20601,21923667090.133,21436551923.987,2304448671,2253246840,False
2021-04-29,9.68,37.029393,2.236039,22222104443.192,21728358389.968,2304448671,2253246840,False
2021-04-30,9.93,37.98573,2.293788,22796022429.845,22289524670.7,2304448671,2253246840,False
2021-05-06,9.84,37.641449,2.272999,22589411954.65,22087504809.637,2304448671,2253246840,False
2021-05-07,9.81,37.526688,2.266069,22520541796.252,22020164855.949,2304448671,2253246840,False
2021-05-10,9.7,37.1059,2.240659,22268017882.124,21773251692.426,2304448671,2253246840,False
2021-05-11,9.82,37.564942,2.268379,22543498515.718,22042611507.178,2304448671,2253246840,False
2021-05-12,9.77,37.373674,2.256829,22428714918.387,21930378251.031,2304448671,2253246840,False
2021-05-13,9.81,37.526688,2.266069,22520541796.252,22020164855.949,2304448671,2253246840,False
2021-05-14,9.92,37.947477,2.291478,22773065710.379,22267078019.471,2304448671,2253246840,False
2021-05-17,9.93,37.98573,2.293788,22796022429.845,22289524670.7,2304448671,2253246840,False
2021-05-18,10.01,38.291758,2.312268,22979676185.574,22469097880.535,2304448671,2253246840,False
2021-05-19,9.97,38.138744,2.303028,22887849307.709,22379311275.618,2304448671,2253246840,False
2021-05-20,10.01,38.291758,2.312268,22979676185.574,22469097880.535,2304448671,2253246840,False
2021-05-21,9.86,37.717956,2.277619,22635325393.582,22132398112.095,2304448671,2253246840,False
2021-05-24,9.91,37.909223,2.289168,22750108990.913,22244631368.242,2304448671,2253246840,False
2021-05-25,10.0,38.253505,2.309958,22956719466.108,22446651229.305,2304448671,2253246840,False
2021-05-26,9.98,38.176998,2.305338,22910806027.175,22401757926.847,2304448671,2253246840,False
2021-05-27,10.02,38.330012,2.314578,23002632905.04,22491544531.764,2304448671,2253246840,False
2021-05-28,10.01,38.291758,2.312268,22979676185.574,22469097880.535,2304448671,2253246840,False
2021-05-31,10.05,38.444772,2.321508,23071503063.438,22558884485.452,2304448671,2253246840,False
2021-06-01,10.02,38.330012,2.314578,23002632905.04,22491544531.764,2304448671,2253246840,False
2021-06-02,9.81,37.526688,2.266069,22520541796.252,22020164855.949,2304448671,2253246840,False
2021-06-03,9.92,37.947477,2.291478,22773065710.379,22267078019.471,2304448671,2253246840,False
2021-06-04,9.9,37.87097,2.286858,22727152271.447,22222184717.012,2304448671,2253246840,False
2021-06-07,9.96,38.100491,2.300718,22864892588.243,22356864624.388,2304448671,2253246840,False
2021-06-08,9.99,38.215251,2.307648,22933762746.641,22424204578.076,2304448671,2253246840,False
2021-06-09,9.91,37.909223,2.289168,22750108990.913,22244631368.242,2304448671,2253246840,False
2021-06-10,10.08,38.559533,2.328438,23140373221.836,22626224439.14,2304448671,2253246840,False
2021-06-11,10.05,38.444772,2.321508,23071503063.438,22558884485.452,2304448671,2253246840,False
2021-06-15,9.68,37.029393,2.236039,22222104443.192,21728358389.968,2304448671,2253246840,False
2021-06-16,9.51,36.379083,2.19677,21831840212.268,21346765319.069,2304448671,2253246840,False
2021-06-17,9.66,36.952886,2.231419,22176191004.26,21683465087.509,2304448671,2253246840,False
2021-06-18,9.78,37.411928,2.259139,22451671637.853,21952824902.261,2304448671,2253246840,False
2021-06-21,9.8,37.488435,2.263759,22497585076.785,21997718204.719,2304448671,2253246840,False
2021-06-22,9.74,37.258914,2.249899,22359844759.989,21863038297.344,2304448671,2253246840,False
2021-06-23,9.8,37.488435,2.263759,22497585076.785,21997718204.719,2304448671,2253246840,False
2021-06-24,9.7,37.1059,2.240659,22268017882.124,21773251692.426,2304448671,2253246840,False
2021-06-25,9.65,36.914632,2.229109,22153234284.794,21661018436.28,2304448671,2253246840,False
2021-06-28,9.61,36.761618,2.21987,22061407406.929,21571231831.363,2304448671,2253246840,False
2021-06-29,9.44,36.111309,2.1806,21671143176.006,21189638760.464,2304448671,2253246840,False
2021-06-30,9.46,36.187816,2.18522,21717056614.938,21345847335.011,2304448671,2265058769,False
2021-07-01,9.3,35.575759,2.148261,21349749103.48,20984818204.609,2304448671,2265058769,False
2021-07-02,9.26,35.422745,2.139021,21257922225.616,20894560922.008,2304448671,2265058769,False
2021-07-05,9.28,35.499252,2.143641,21303835664.548,20939689563.309,2304448671,2265058769,False
2021-07-06,9.23,35.307985,2.132091,21189052067.217,20826867960.058,2304448671,2265058769,False
2021-07-07,9.22,35.269731,2.129781,21166095347.751,20804303639.408,2304448671,2265058769,False
2021-07-08,9.29,35.537506,2.145951,21326792384.014,20962253883.959,2304448671,2265058769,False
2021-07-09,9.2,35.193224,2.125161,21120181908.819,20759174998.108,2304448671,2265058769,False
2021-07-12,9.36,35.805281,2.162121,21487489420.277,21120204128.51,2304448671,2265058769,False
2021-07-13,9.4,35.958295,2.17136,21579316298.141,21210461411.11,2304448671,2265058769,False
2021-07-14,9.21,35.231478,2.127471,21143138628.285,20781739318.758,2304448671,2265058769,False
2021-07-15,9.05,34.619422,2.090512,20775831116.827,20420710188.356,2304448671,2265058769,False
2021-07-16,9.26,35.422745,2.139021,21257922225.616,20894560922.008,2304448671,2265058769,False
2021-07-19,9.28,35.499252,2.143641,21303835664.548,20939689563.309,2304448671,2265058769,False
2021-07-20,9.35,35.767027,2.159811,21464532700.811,21097639807.859,2304448671,2265058769,False
2021-07-21,9.34,35.728773,2.157501,21441575981.345,21075075487.209,2304448671,2265058769,False
2021-07-22,9.38,35.881788,2.166741,21533402859.209,21165332769.81,2304448671,2265058769,False
2021-07-23,9.25,35.384492,2.136711,21234965506.15,20871996601.358,2304448671,2265058769,False
2021-07-26,9.18,35.116717,2.120541,21074268469.887,20714046356.807,2304448671,2265058769,False
2021-07-27,9.39,35.920041,2.16905,21556359578.675,21187897090.46,2304448671,2265058769,False
2021-07-28,9.26,35.422745,2.139021,21257922225.616,20894560922.008,2304448671,2265058769,False
2021-07-29,9.37,35.843534,2.164431,21510446139.743,21142768449.16,2304448671,2265058769,False
2021-07-30,9.91,37.909223,2.289168,22750108990.913,22361241764.266,2304448671,2265058769,False
2021-08-02,10.18,38.942068,2.351537,23369940416.498,22970478421.819,2304448671,2265058769,False
2021-08-03,10.18,38.942068,2.351537,23369940416.498,22970478421.819,2304448671,2265058769,False
2021-08-04,10.08,38.559533,2.328438,23140373221.836,22744835215.318,2304448671,2265058769,False
2021-08-05,10.05,38.444772,2.321508,23071503063.438,22677142253.368,2304448671,2265058769,False
2021-08-06,10.09,38.597786,2.330748,23163329941.303,22767399535.968,2304448671,2265058769,False
2021-08-09,10.1,38.63604,2.333058,23186286660.769,22789963856.618,2304448671,2265058769,False
2021-08-10,10.36,39.630631,2.393116,23783161366.887,23376636193.521,2304448671,2265058769,False
2021-08-11,10.41,39.821899,2.404666,23897944964.218,23489457796.772,2304448671,2265058769,False
2021-08-12,10.21,39.056828,2.358467,23438810574.896,23038171383.769,2304448671,2265058769,False
2021-08-13,10.16,38.865561,2.346917,23324026977.565,22925349780.519,2304448671,2265058769,False
2021-08-16,10.01,38.291758,2.312268,22979676185.574,22586884970.767,2304448671,2265058769,False
2021-08-17,9.75,37.297167,2.252209,22382801479.455,22000212633.864,2304448671,2265058769,False
2021-08-18,9.82,37.564942,2.268379,22543498515.718,22158162878.415,2304448671,2265058769,False
2021-08-19,9.88,37.794463,2.282238,22681238832.514,22293548802.316,2304448671,2265058769,False
2021-08-20,9.88,37.794463,2.282238,22681238832.514,22293548802.316,2304448671,2265058769,False
2021-08-23,10.87,38.732517,2.523131,24953954059.659,24527416546.677,2304448671,2265058769,False
2021-08-24,11.08,39.480799,2.571876,25436045168.447,25001267280.33,2304448671,2265058769,False
2021-08-25,10.96,39.053209,2.544021,25160564534.854,24730495432.528,2304448671,2265058769,False
2021-08-26,11.12,39.623329,2.58116,25527872046.312,25091524562.93,2304448671,2265058769,False
2021-08-27,11.04,39.338269,2.562591,25344218290.583,24911009997.729,2304448671,2265058769,False
2021-08-30,11.21,39.944022,2.602051,25734482521.507,25294603448.781,2304448671,2265058769,False
2021-08-31,11.19,39.872757,2.597409,25688569082.574,25249474807.481,2304448671,2265058769,False
2021-09-01,10.91,38.875047,2.532415,25045780937.523,24617673829.278,2304448671,2265058769,False
2021-09-02,10.94,38.981944,2.539379,25114651095.922,24685366791.228,2304448671,2265058769,False
2021-09-03,10.97,39.088842,2.546343,25183521254.32,24753059753.178,2304448671,2265058769,False
2021-09-06,11.33,40.371612,2.629905,26009963155.1,25565375296.583,2304448671,2265058769,False
2021-09-07,11.27,40.157817,2.615978,25872222838.303,25429989372.682,2304448671,2265058769,False
2021-09-08,11.28,40.193449,2.618299,25895179557.769,25452553693.332,2304448671,2265058769,False
2021-09-09,11.16,39.765859,2.590445,25619698924.176,25181781845.531,2304448671,2265058769,False
2021-09-10,11.47,40.870466,2.662402,26331357227.625,25881275785.684,2304448671,2265058769,False
2021-09-13,11.0,39.195739,2.553306,25252391412.718,24820752715.129,2304448671,2265058769,False
2021-09-14,10.69,38.091132,2.481349,24540733109.269,24121258774.975,2304448671,2265058769,False
2021-09-15,10.79,38.447457,2.504561,24770300303.93,24346901981.476,2304448671,2265058769,False
2021-09-16,11.07,39.445167,2.569554,25413088448.981,24978702959.68,2304448671,2265058769,False
2021-09-17,10.75,38.304927,2.495276,24678473426.066,24256644698.876,2304448671,2265058769,False
2021-09-22,10.88,38.76815,2.525452,24976910779.125,24549980867.327,2304448671,2265058769,False
2021-09-23,11.34,40.407244,2.632226,26032919874.566,25587939617.233,2304448671,2265058769,False
2021-09-24,11.14,39.694594,2.585803,25573785485.244,25136653204.23,2304448671,2265058769,False
2021-09-27,10.73,38.233662,2.490634,24632559987.133,24211516057.576,2304448671,2265058769,False
2021-09-28,10.67,38.019867,2.476707,24494819670.337,24076130133.675,2304448671,2265058769,False
2021-09-29,10.28,36.6302,2.386181,23599507611.159,23196121628.32,2304448671,2265058769,False
2021-09-30,10.24,36.48767,2.376896,23507680733.294,23105864345.72,2304448671,2265058769,False
2021-10-08,10.27,36.594568,2.383859,23576550891.693,23173557307.67,2304448671,2265058769,False
2021-10-11,10.48,37.34285,2.432604,24058642000.481,23647408041.323,2304448671,2265058769,False
2021-10-12,10.26,36.558935,2.381538,23553594172.226,23150992987.02,2304448671,2265058769,False
2021-10-13,10.28,36.6302,2.386181,23599507611.159,23196121628.32,2304448671,2265058769,False
2021-10-14,10.3,36.701465,2.390823,23645421050.091,23241250269.621,2304448671,2265058769,False
2021-10-15,10.46,37.271585,2.427962,24012728561.549,23602279400.022,2304448671,2265058769,False
2021-10-18,10.45,37.235952,2.425641,23989771842.082,23579715079.372,2304448671,2265058769,False
2021-10-19,10.44,37.20032,2.42332,23966815122.616,23557150758.722,2304448671,2265058769,False
2021-10-20,10.26,36.558935,2.381538,23553594172.226,23150992987.02,2304448671,2265058769,False
2021-10-21,10.15,36.166978,2.356005,23301070258.099,22902785459.869,2304448671,2265058769,False
2021-10-22,10.1,35.988815,2.344399,23186286660.769,22789963856.618,2304448671,2265058769,False
2021-10-25,9.98,35.561225,2.316545,22910806027.175,22519192008.817,2304448671,2265058769,False
2021-10-26,10.09,35.953183,2.342078,23163329941.303,22767399535.968,2304448671,2265058769,False
2021-10-27,9.5,34.363178,2.18152,21808883492.802,21436104617.611,2304448671,2265058769,False
2021-10-28,9.39,33.965289,2.15626,21556359578.675,21187897090.46,2304448671,2265058769,False
2021-10-29,9.44,34.146148,2.167742,21671143176.006,21300718693.71,2304448671,2265058769,False
2021-11-01,9.53,34.471694,2.188409,21877753651.201,21503797579.562,2304448671,2265058769,False
2021-11-02,9.65,34.905755,2.215965,22153234284.794,21774569427.363,2304448671,2265058769,False
2021-11-03,9.63,34.833411,2.211372,22107320845.862,21729440786.063,2304448671,2265058769,False
2021-11-04,9.64,34.869583,2.213669,22130277565.328,21752005106.713,2304448671,2265058769,False
2021-11-05,9.5,34.363178,2.18152,21808883492.802,21436104617.611,2304448671,2265058769,False
2021-11-08,9.46,34.218491,2.172335,21717056614.938,21345847335.011,2304448671,2265058769,False
2021-11-09,9.6,34.724896,2.204483,22038450687.463,21661747824.112,2304448671,2265058769,False
2021-11-10,9.58,34.652553,2.199891,21992537248.531,21616619182.812,2304448671,2265058769,False
2021-11-11,9.65,34.905755,2.215965,22153234284.794,21774569427.363,2304448671,2265058769,False
2021-11-12,9.77,35.339816,2.243521,22428714918.387,22045341275.164,2304448671,2265058769,False
2021-11-15,9.87,35.701534,2.266484,22658282113.048,22270984481.666,2304448671,2265058769,False
2021-11-16,9.73,35.195129,2.234336,22336888040.523,21955083992.564,2304448671,2265058769,False
2021-11-17,10.01,36.207939,2.298633,22979676185.574,22586884970.767,2304448671,2265058769,False
2021-11-18,9.97,36.063251,2.289448,22887849307.709,22496627688.167,2304448671,2265058769,False
2021-11-19,10.01,36.207939,2.298633,22979676185.574,22586884970.767,2304448671,2265058769,False
2021-11-22,10.04,36.316454,2.305522,23048546343.972,22654577932.717,2304448671,2265058769,False
2021-11-23,10.13,36.642,2.326189,23255156819.167,22857656818.569,2304448671,2265058769,False
2021-11-24,9.96,36.02708,2.287151,22864892588.243,22474063367.517,2304448671,2265058769,False
2021-11-25,9.97,36.063251,2.289448,22887849307.709,22496627688.167,2304448671,2265058769,False
2021-11-26,10.03,36.280282,2.303226,23025589624.506,22632013612.067,2304448671,2265058769,False
2021-11-29,9.96,36.02708,2.287151,22864892588.243,22474063367.517,2304448671,2265058769,False
2021-11-30,10.42,37.690981,2.392783,23920901683.684,23512022117.422,2304448671,2265058769,False
2021-12-01,10.35,37.437779,2.376709,23760204647.421,23354071872.871,2304448671,2265058769,False
2021-12-02,10.26,37.112233,2.356042,23553594172.226,23150992987.02,2304448671,2265058769,False
2021-12-03,10.66,38.559103,2.447895,24471862950.871,24053565813.025,2304448671,2265058769,False
2021-12-06,10.55,38.161214,2.422635,24219339036.744,23805358285.873,2304448671,2265058769,False
2021-12-07,10.4,37.618637,2.38819,23874988244.752,23466893476.122,2304448671,2265058769,False
2021-12-08,10.6,38.342073,2.434117,24334122634.074,23918179889.124,2304448671,2265058769,False
2021-12-09,10.53,38.08887,2.418043,24173425597.811,23760229644.573,2304448671,2265058769,False
2021-12-10,10.54,38.125042,2.420339,24196382317.277,23782793965.223,2304448671,2265058769,False
2021-12-13,10.49,37.944183,2.408857,24081598719.947,23669972361.973,2304448671,2265058769,False
2021-12-14,10.52,38.052699,2.415746,24150468878.345,23737665323.923,2304448671,2265058769,False
2021-12-15,10.38,37.546294,2.383598,23829074805.82,23421764834.821,2304448671,2265058769,False
2021-12-16,10.69,38.667619,2.454784,24540733109.269,24121258774.975,2304448671,2265058769,False
2021-12-17,10.38,37.546294,2.383598,23829074805.82,23421764834.821,2304448671,2265058769,False
2021-12-20,10.21,36.931374,2.34456,23438810574.896,23038171383.769,2304448671,2265058769,False
2021-12-21,10.4,37.618637,2.38819,23874988244.752,23466893476.122,2304448671,2265058769,False
2021-12-22,10.57,38.233557,2.427228,24265252475.676,23850486927.174,2304448671,2265058769,False
2021-12-23,10.59,38.305901,2.431821,24311165914.608,23895615568.474,2304448671,2265058769,False
2021-12-24,10.54,38.125042,2.420339,24196382317.277,23782793965.223,2304448671,2265058769,False
2021-12-27,10.6,38.342073,2.434117,24334122634.074,23918179889.124,2304448671,2265058769,False
2021-12-28,10.66,38.559103,2.447895,24471862950.871,24053565813.025,2304448671,2265058769,False
2021-12-29,10.71,38.739962,2.459377,24586646548.201,24166387416.275,2304448671,2265058769,False
2021-12-30,10.94,39.571913,2.512192,25114651095.922,24685366791.228,2304448671,2265058769,False
2021-12-31,10.92,39.499569,2.5076,25068737656.99,24640238149.928,2304448671,2265058769,False
2022-01-04,10.96,39.644256,2.516785,25160564534.854,24730495432.528,2304448671,2265058769,False
2022-01-05,10.63,38.450588,2.441006,24402992792.472,23985872851.074,2304448671,2265058769,False
2022-01-06,10.54,38.125042,2.420339,24196382317.277,23782793965.223,2304448671,2265058769,False
2022-01-07,10.4,37.618637,2.38819,23874988244.752,23466893476.122,2304448671,2265058769,False
2022-01-10,10.4,37.618637,2.38819,23874988244.752,23466893476.122,2304448671,2265058769,False
2022-01-11,10.19,36.85903,2.339967,23392897135.964,22993042742.469,2304448671,2265058769,False
2022-01-12,10.27,37.148404,2.358338,23576550891.693,23173557307.67,2304448671,2265058769,False
2022-01-13,10.08,36.461141,2.314708,23140373221.836,22744835215.318,2304448671,2265058769,False
2022-01-14,10.01,36.207939,2.298633,22979676185.574,22586884970.767,2304448671,2265058769,False
2022-01-17,10.25,37.076061,2.353745,23530637452.76,23128428666.37,2304448671,2265058769,False
2022-01-18,10.25,37.076061,2.353745,23530637452.76,23128428666.37,2304448671,2265058769,False
2022-01-19,10.2,36.895202,2.342264,23415853855.43,23015607063.119,2304448671,2265058769,False
2022-01-20,9.99,36.135595,2.29404,22933762746.641,22541756329.467,2304448671,2265058769,False
2022-01-21,9.81,35.484503,2.252706,22520541796.252,22135598557.765,2304448671,2265058769,False
2022-01-24,9.81,35.484503,2.252706,22520541796.252,22135598557.765,2304448671,2265058769,False
2022-01-25,9.47,34.254663,2.174631,21740013334.404,21368411655.661,2304448671,2265058769,False
2022-01-26,9.5,34.363178,2.18152,21808883492.802,21436104617.611,2304448671,2265058769,False
2022-01-27,9.21,33.314197,2.114926,21143138628.285,20781739318.758,2304448671,2265058769,False
2022-01-28,9.23,33.386541,2.119519,21189052067.217,20826867960.058,2304448671,2265058769,False
2022-02-07,9.41,34.037633,2.160853,21602273017.607,21233025731.76,2304448671,2265058769,False
2022-02-08,9.55,34.544037,2.193002,21923667090.133,21548926220.862,2304448671,2265058769,False
2022-02-09,9.74,35.231301,2.236632,22359844759.989,21977648313.214,2304448671,2265058769,False
2022-02-10,9.79,35.41216,2.248114,22474628357.319,22090469916.465,2304448671,2265058769,False
2022-02-11,9.77,35.339816,2.243521,22428714918.387,22045341275.164,2304448671,2265058769,False
2022-02-14,9.64,34.869583,2.213669,22130277565.328,21752005106.713,2304448671,2265058769,False
2022-02-15,9.74,35.231301,2.236632,22359844759.989,21977648313.214,2304448671,2265058769,False
2022-02-16,9.79,35.41216,2.248114,22474628357.319,22090469916.465,2304448671,2265058769,False
2022-02-17,9.71,35.122786,2.229743,22290974601.59,21909955351.264,2304448671,2265058769,False
2022-02-18,9.76,35.303644,2.241225,22405758198.921,22022776954.514,2304448671,2265058769,False
2022-02-21,9.89,35.773877,2.271077,22704195551.98,22316113122.966,2304448671,2265058769,False
2022-02-22,9.79,35.41216,2.248114,22474628357.319,22090469916.465,2304448671,2265058769,False
2022-02-23,9.89,35.773877,2.271077,22704195551.98,22316113122.966,2304448671,2265058769,False
2022-02-24,9.89,35.773877,2.271077,22704195551.98,22316113122.966,2304448671,2265058769,False
2022-02-25,9.9,35.810049,2.273373,22727152271.447,22338677443.616,2304448671,2265058769,False
2022-02-28,9.96,36.02708,2.287151,22864892588.243,22474063367.517,2304448671,2265058769,False
2022-03-01,9.97,36.063251,2.289448,22887849307.709,22496627688.167,2304448671,2265058769,False
2022-03-02,9.99,36.135595,2.29404,22933762746.641,22541756329.467,2304448671,2265058769,False
2022-03-03,9.98,36.099423,2.291744,22910806027.175,22519192008.817,2304448671,2265058769,False
2022-03-04,9.83,35.556847,2.257299,22566455235.184,22180727199.065,2304448671,2265058769,False
2022-03-07,9.55,34.544037,2.193002,21923667090.133,21548926220.862,2304448671,2265058769,False
2022-03-08,9.23,33.386541,2.119519,21189052067.217,20826867960.058,2304448671,2265058769,False
2022-03-09,9.01,32.590762,2.068999,20684004238.963,20330452905.755,2304448671,2265058769,False
2022-03-10,9.0,32.55459,2.066703,20661047519.497,20307888585.105,2304448671,2265058769,False
2022-03-11,9.06,32.771621,2.080481,20798787836.293,20443274509.006,2304448671,2265058769,False
2022-03-14,8.98,32.482247,2.06211,20615134080.565,20262759943.805,2304448671,2265058769,False
2022-03-15,8.51,30.782174,1.954183,19536168265.658,19202236873.25,2304448671,2265058769,False
2022-03-16,8.97,32.446075,2.059814,20592177361.099,20240195623.155,2304448671,2265058769,False
2022-03-17,9.06,32.771621,2.080481,20798787836.293,20443274509.006,2304448671,2265058769,False
2022-03-18,9.17,33.16951,2.105741,21051311750.421,20691482036.157,2304448671,2265058769,False
2022-03-21,10.09,36.497313,2.317004,23163329941.303,22767399535.968,2304448671,2265058769,False
2022-03-22,10.1,36.533484,2.3193,23186286660.769,22789963856.618,2304448671,2265058769,False
2022-03-23,10.14,36.678172,2.328486,23278113538.633,22880221139.219,2304448671,2265058769,False
2022-03-24,10.12,36.605828,2.323893,23232200099.701,22835092497.918,2304448671,2265058769,False
2022-03-25,10.21,36.931374,2.34456,23438810574.896,23038171383.769,2304448671,2265058769,False
2022-03-28,10.39,36.632191,2.327397,23852031525.286,23444329155.472,2304448671,2265058769,False
2022-03-29,10.21,35.997562,2.287076,23438810574.896,23038171383.769,2304448671,2265058769,False
2022-03-30,10.25,36.13859,2.296036,23530637452.76,23128428666.37,2304448671,2265058769,False
2022-03-31,10.23,36.068076,2.291556,23484724013.828,23083300025.07,2304448671,2265058769,False
2022-04-01,10.09,35.574476,2.260196,23163329941.303,22767399535.968,2304448671,2265058769,False
2022-04-06,10.27,36.209105,2.300516,23576550891.693,23173557307.67,2304448671,2265058769,False
2022-04-07,10.15,35.786019,2.273636,23301070258.099,22902785459.869,2304448671,2265058769,False
2022-04-08,10.0,35.257161,2.240035,22956719466.108,22564320650.117,2304448671,2265058769,False
2022-04-11,9.45,33.318017,2.116833,21694099895.472,21323283014.361,2304448671,2265058769,False
2022-04-12,9.57,33.741103,2.143714,21969580529.065,21594054862.162,2304448671,2265058769,False
2022-04-13,9.35,32.965446,2.094433,21464532700.811,21097639807.859,2304448671,2265058769,False
2022-04-14,9.41,33.176989,2.107873,21602273017.607,21233025731.76,2304448671,2265058769,False
2022-04-15,9.62,33.917389,2.154914,22084364126.396,21706876465.413,2304448671,2265058769,False
2022-04-18,10.17,35.856533,2.278116,23346983697.031,22947914101.169,2304448671,2265058769,False
2022-04-19,10.16,35.821276,2.275876,23324026977.565,22925349780.519,2304448671,2265058769,False
2022-04-20,10.07,35.292774,2.244313,23117416502.37,22722270894.668,2304448671,2265058769,False
2022-04-21,9.75,34.171256,2.172994,22382801479.455,22000212633.864,2304448671,2265058769,False
2022-04-22,9.5,33.29507,2.117276,21808883492.802,21436104617.611,2304448671,2265058769,False
2022-04-25,8.86,31.052034,1.974639,20339653446.971,19991988096.004,2304448671,2265058769,False
2022-04-26,8.4,29.439851,1.872118,19283644351.53,18954029346.098,2304448671,2265058769,False
2022-04-27,8.77,30.736607,1.95458,20133042971.776,19788909210.153,2304448671,2265058769,False
2022-04-28,8.83,30.946891,1.967952,20270783288.573,19924295134.053,2304448671,2265058769,False
2022-04-29,9.07,31.78803,2.021441,20821744555.76,20465838829.656,2304448671,2265058769,False
2022-05-05,9.14,32.033362,2.037042,20982441592.022,20623789074.207,2304448671,2265058769,False
2022-05-06,8.89,31.157176,1.981325,20408523605.37,20059681057.954,2304448671,2265058769,False
2022-05-09,9.2,32.243647,2.050415,21120181908.819,20759174998.108,2304448671,2265058769,False
2022-05-10,9.29,32.559074,2.070473,21326792384.014,20962253883.959,2304448671,2265058769,False
2022-05-11,9.17,32.138504,2.043729,21051311750.421,20691482036.157,2304448671,2265058769,False
2022-05-12,9.16,32.103457,2.0415,21028355030.955,20668917715.507,2304448671,2265058769,False
2022-05-13,9.11,31.92822,2.030356,20913571433.624,20556096112.257,2304448671,2265058769,False
2022-05-16,9.07,31.78803,2.021441,20821744555.76,20465838829.656,2304448671,2265058769,False
2022-05-17,9.05,31.717935,2.016984,20775831116.827,20420710188.356,2304448671,2265058769,False
2022-05-18,9.05,31.717935,2.016984,20775831116.827,20420710188.356,2304448671,2265058769,False
2022-05-19,8.96,31.402508,1.996926,20569220641.632,20217631302.505,2304448671,2265058769,False
2022-05-20,9.08,31.823077,2.02367,20844701275.226,20488403150.306,2304448671,2265058769,False
2022-05-23,9.27,32.488979,2.066016,21280878945.082,20917125242.658,2304448671,2265058769,False
2022-05-24,8.85,31.016986,1.97241,20316696727.505,19969423775.354,2304448671,2265058769,False
2022-05-25,8.93,31.297366,1.99024,20500350483.234,20149938340.555,2304448671,2265058769,False
2022-05-26,9.24,32.383837,2.05933,21212008786.683,20849432280.708,2304448671,2265058769,False
2022-05-27,9.22,32.313742,2.054872,21166095347.751,20804303639.408,2304448671,2265058769,False
2022-05-30,9.27,32.488979,2.066016,21280878945.082,20917125242.658,2304448671,2265058769,False
2022-05-31,9.37,32.839453,2.088303,21510446139.743,21142768449.16,2304448671,2265058769,False
2022-06-01,9.44,33.084785,2.103904,21671143176.006,21300718693.71,2304448671,2265058769,False
2022-06-02,9.61,33.680592,2.141792,22061407406.929,21684312144.762,2304448671,2265058769,False
2022-06-06,9.62,33.715639,2.144021,22084364126.396,21706876465.413,2304448671,2265058769,False
2022-06-07,9.68,33.925924,2.157393,22222104443.192,21842262389.313,2304448671,2265058769,False
2022-06-08,9.51,33.330117,2.119505,21831840212.268,21458668938.261,2304448671,2265058769,False
2022-06-09,9.31,32.629169,2.074931,21372705822.946,21007382525.259,2304448671,2265058769,False
2022-06-10,9.46,33.15488,2.108361,21717056614.938,21345847335.011,2304448671,2265058769,False
2022-06-13,9.47,33.189928,2.11059,21740013334.404,21368411655.661,2304448671,2265058769,False
2022-06-14,9.31,32.629169,2.074931,21372705822.946,21007382525.259,2304448671,2265058769,False
2022-06-15,9.34,32.734311,2.081617,21441575981.345,21075075487.209,2304448671,2265058769,False
2022-06-16,9.34,32.734311,2.081617,21441575981.345,21075075487.209,2304448671,2265058769,False
2022-06-17,9.17,32.138504,2.043729,21051311750.421,20691482036.157,2304448671,2265058769,False
2022-06-20,9.1,31.893172,2.028128,20890614714.158,20533531791.606,2304448671,2265058769,False
2022-06-21,9.07,31.78803,2.021441,20821744555.76,20465838829.656,2304448671,2265058769,False
2022-06-22,8.84,30.981939,1.970181,20293740008.039,19946859454.703,2304448671,2265058769,False
2022-06-23,9.06,31.752983,2.019213,20798787836.293,20443274509.006,2304448671,2265058769,False
2022-06-24,9.1,31.893172,2.028128,20890614714.158,20533531791.606,2304448671,2265058769,False
2022-06-27,9.06,31.752983,2.019213,20798787836.293,20443274509.006,2304448671,2265058769,False
2022-06-28,9.22,32.313742,2.054872,21166095347.751,20804303639.408,2304448671,2265058769,False
2022-06-29,9.08,31.823077,2.02367,20844701275.226,20488403150.306,2304448671,2265058769,False
2022-06-30,9.09,31.858125,2.025899,20867657994.692,20510967470.956,2304448671,2265058769,False
2022-07-01,9.02,31.612793,2.010298,20706960958.429,20353017226.406,2304448671,2265058769,False
2022-07-04,9.09,31.858125,2.025899,20867657994.692,20510967470.956,2304448671,2265058769,False
2022-07-05,8.96,31.402508,1.996926,20569220641.632,20217631302.505,2304448671,2265058769,False
2022-07-06,8.89,31.157176,1.981325,20408523605.37,20059681057.954,2304448671,2265058769,False
2022-07-07,8.9,31.192223,1.983553,20431480324.836,20082245378.604,2304448671,2265058769,False
2022-07-08,8.89,31.157176,1.981325,20408523605.37,20059681057.954,2304448671,2265058769,False
2022-07-11,8.76,30.701559,1.952351,20110086252.31,19766344889.503,2304448671,2265058769,False
2022-07-12,8.65,30.316037,1.927836,19857562338.183,19518137362.351,2304448671,2265058769,False
2022-07-13,8.69,30.456227,1.93675,19949389216.048,19608394644.952,2304448671,2265058769,False
2022-07-14,8.76,30.701559,1.952351,20110086252.31,19766344889.503,2304448671,2265058769,False
2022-07-15,8.64,30.28099,1.925607,19834605618.717,19495573041.701,2304448671,2265058769,False
2022-07-18,8.76,30.701559,1.952351,20110086252.31,19766344889.503,2304448671,2265058769,False
2022-07-19,8.88,31.122129,1.979096,20385566885.904,20037116737.304,2304448671,2265058769,False
2022-07-20,9.23,32.348789,2.057101,21189052067.217,20826867960.058,2304448671,2265058769,False
2022-07-21,9.21,32.278694,2.052643,21143138628.285,20781739318.758,2304448671,2265058769,False
2022-07-22,9.17,32.138504,2.043729,21051311750.421,20691482036.157,2304448671,2265058769,False
2022-07-25,9.04,31.682888,2.014755,20752874397.361,20398145867.706,2304448671,2265058769,False
2022-07-26,9.02,31.612793,2.010298,20706960958.429,20353017226.406,2304448671,2265058769,False
2022-07-27,9.03,31.64784,2.012527,20729917677.895,20375581547.056,2304448671,2265058769,False
2022-07-28,9.07,31.78803,2.021441,20821744555.76,20465838829.656,2304448671,2265058769,False
2022-07-29,8.94,31.332413,1.992468,20523307202.7,20172502661.205,2304448671,2265058769,False
2022-08-01,9.02,31.612793,2.010298,20706960958.429,20353017226.406,2304448671,2265058769,False
2022-08-02,8.81,30.876797,1.963495,20224869849.641,19879166492.753,2304448671,2265058769,False
2022-08-03,8.97,31.437556,1.999154,20592177361.099,20240195623.155,2304448671,2265058769,False
2022-08-04,8.95,31.367461,1.994697,20546263922.166,20195066981.855,2304448671,2265058769,False
2022-08-05,9.17,32.138504,2.043729,21051311750.421,20691482036.157,2304448671,2265058769,False
2022-08-08,9.22,32.313742,2.054872,21166095347.751,20804303639.408,2304448671,2265058769,False
2022-08-09,9.2,32.243647,2.050415,21120181908.819,20759174998.108,2304448671,2265058769,False
2022-08-10,9.4,32.944596,2.094989,21579316298.141,21210461411.11,2304448671,2265058769,False
2022-08-11,9.44,33.084785,2.103904,21671143176.006,21300718693.71,2304448671,2265058769,False
2022-08-12,9.29,32.559074,2.070473,21326792384.014,20962253883.959,2304448671,2265058769,False
2022-08-15,9.18,32.173552,2.045957,21074268469.887,20714046356.807,2304448671,2265058769,False
2022-08-16,9.17,32.138504,2.043729,21051311750.421,20691482036.157,2304448671,2265058769,False
2022-08-17,9.19,32.208599,2.048186,21097225189.353,20736610677.458,2304448671,2265058769,False
2022-08-18,9.19,32.208599,2.048186,21097225189.353,20736610677.458,2304448671,2265058769,False
2022-08-19,8.94,31.332413,1.992468,20523307202.7,20172502661.205,2304448671,2265058769,False
2022-08-22,8.99,31.50765,2.003612,20638090800.031,20285324264.455,2304448671,2265058769,False
2022-08-23,8.91,31.227271,1.985782,20454437044.302,20104809699.254,2304448671,2265058769,False
2022-08-24,8.7,30.491275,1.938979,19972345935.514,19630958965.602,2304448671,2265058769,False
2022-08-25,8.7,30.491275,1.938979,19972345935.514,19630958965.602,2304448671,2265058769,False
2022-08-26,8.64,30.28099,1.925607,19834605618.717,19495573041.701,2304448671,2265058769,False
2022-08-29,8.67,29.8,1.951662,19903475777.115,19563266003.651,2304448671,2265058769,False
2022-08-30,8.73,30.006229,1.965168,20041216093.912,19698651927.552,2304448671,2265058769,False
2022-08-31,8.74,30.0406,1.967419,20064172813.378,19721216248.202,2304448671,2265058769,False
2022-09-01,8.64,29.696886,1.944909,19834605618.717,19495573041.701,2304448671,2265058769,False
2022-09-02,9.05,31.106113,2.037202,20775831116.827,20420710188.356,2304448671,2265058769,False
2022-09-05,8.91,30.624914,2.005687,20454437044.302,20104809699.254,2304448671,2265058769,False
2022-09-06,8.99,30.899885,2.023696,20638090800.031,20285324264.455,2304448671,2265058769,False
2022-09-07,8.91,30.624914,2.005687,20454437044.302,20104809699.254,2304448671,2265058769,False
2022-09-08,8.84,30.384314,1.98993,20293740008.039,19946859454.703,2304448671,2265058769,False
2022-09-09,8.82,30.315571,1.985428,20247826569.107,19901730813.403,2304448671,2265058769,False
2022-09-13,8.8,30.246828,1.980926,20201913130.175,19856602172.103,2304448671,2265058769,False
2022-09-14,8.73,30.006229,1.965168,20041216093.912,19698651927.552,2304448671,2265058769,False
2022-09-15,8.53,29.318801,1.920147,19582081704.59,19247365514.55,2304448671,2265058769,False
2022-09-16,8.51,29.250058,1.915645,19536168265.658,19202236873.25,2304448671,2265058769,False
2022-09-19,8.31,28.56263,1.870624,19077033876.335,18750950460.247,2304448671,2265058769,False
2022-09-20,8.31,28.56263,1.870624,19077033876.335,18750950460.247,2304448671,2265058769,False
2022-09-21,8.35,28.700116,1.879628,19168860754.2,18841207742.848,2304448671,2265058769,False
2022-09-22,8.33,28.631373,1.875126,19122947315.268,18796079101.547,2304448671,2265058769,False
2022-09-23,8.21,28.218916,1.848113,18847466681.674,18525307253.746,2304448671,2265058769,False
2022-09-26,8.02,27.565859,1.805343,18411289011.818,18096585161.394,2304448671,2265058769,False
2022-09-27,8.1,27.840831,1.823352,18594942767.547,18277099726.595,2304448671,2265058769,False
2022-09-28,7.95,27.32526,1.789586,18250591975.556,17938634916.843,2304448671,2265058769,False
2022-09-29,7.78,26.740946,1.751318,17860327744.632,17555041465.791,2304448671,2265058769,False
2022-09-30,7.77,26.706575,1.749067,17837371025.166,17532477145.141,2304448671,2265058769,False
2022-10-10,7.72,26.534718,1.737812,17722587427.835,17419655541.89,2304448671,2265058769,False
2022-10-11,7.72,26.534718,1.737812,17722587427.835,17419655541.89,2304448671,2265058769,False
2022-10-12,7.87,27.050289,1.771578,18066938219.827,17758120351.642,2304448671,2265058769,False
2022-10-13,7.94,27.290888,1.787335,18227635256.089,17916070596.193,2304448671,2265058769,False
2022-10-14,8.06,27.703345,1.814348,18503115889.683,18186842443.994,2304448671,2265058769,False
2022-10-17,8.21,28.218916,1.848113,18847466681.674,18525307253.746,2304448671,2265058769,False
2022-10-18,8.24,28.32203,1.854867,18916336840.073,18593000215.696,2304448671,2265058769,False
2022-10-19,8.16,28.047059,1.836858,18732683084.344,18412485650.495,2304448671,2265058769,False
2022-10-20,8.27,28.425144,1.86162,18985206998.471,18660693177.647,2304448671,2265058769,False
2022-10-21,8.27,28.425144,1.86162,18985206998.471,18660693177.647,2304448671,2265058769,False
2022-10-24,8.25,28.356402,1.857118,18939293559.539,18615564536.347,2304448671,2265058769,False
2022-10-25,8.21,28.218916,1.848113,18847466681.674,18525307253.746,2304448671,2265058769,False
2022-10-26,8.38,28.80323,1.886381,19237730912.598,18908900704.798,2304448671,2265058769,False
2022-10-27,8.41,28.906344,1.893134,19306601070.996,18976593666.748,2304448671,2265058769,False
2022-10-28,8.2,28.336744,1.827658,18824509962.208,18502742933.096,2304448671,2265058769,False
2022-10-31,8.45,29.200669,1.883379,19398427948.861,19066850949.349,2304448671,2265058769,False
2022-11-01,8.6,29.719024,1.916812,19742778740.853,19405315759.101,2304448671,2265058769,False
2022-11-02,8.55,29.546239,1.905667,19627995143.522,19292494155.85,2304448671,2265058769,False
2022-11-03,8.57,29.615353,1.910125,19673908582.454,19337622797.15,2304448671,2265058769,False
2022-11-04,8.7,30.064594,1.9391,19972345935.514,19630958965.602,2304448671,2265058769,False
2022-11-07,8.64,29.857252,1.925727,19834605618.717,19495573041.701,2304448671,2265058769,False
2022-11-08,8.59,29.684467,1.914583,19719822021.386,19382751438.451,2304448671,2265058769,False
2022-11-09,8.5,29.373454,1.894523,19513211546.191,19179672552.599,2304448671,2265058769,False
2022-11-10,8.44,29.166112,1.88115,19375471229.395,19044286628.699,2304448671,2265058769,False
2022-11-11,8.58,29.64991,1.912354,19696865301.92,19360187117.8,2304448671,2265058769,False
2022-11-14,8.57,29.615353,1.910125,19673908582.454,19337622797.15,2304448671,2265058769,False
2022-11-15,8.7,30.064594,1.9391,19972345935.514,19630958965.602,2304448671,2265058769,False
2022-11-16,8.73,30.168265,1.945787,20041216093.912,19698651927.552,2304448671,2265058769,False
2022-11-17,8.8,30.410164,1.961389,20201913130.175,19856602172.103,2304448671,2265058769,False
2022-11-18,8.71,30.099151,1.941329,19995302654.98,19653523286.252,2304448671,2265058769,False
2022-11-21,8.67,29.960923,1.932414,19903475777.115,19563266003.651,2304448671,2265058769,False
2022-11-22,8.68,29.99548,1.934643,19926432496.581,19585830324.302,2304448671,2265058769,False
2022-11-23,8.65,29.891809,1.927956,19857562338.183,19518137362.351,2304448671,2265058769,False
2022-11-24,8.5,29.373454,1.894523,19513211546.191,19179672552.599,2304448671,2265058769,False
2022-11-25,8.5,29.373454,1.894523,19513211546.191,19179672552.599,2304448671,2265058769,False
2022-11-28,8.47,29.269783,1.887837,19444341387.793,19111979590.649,2304448671,2265058769,False
2022-11-29,8.59,29.684467,1.914583,19719822021.386,19382751438.451,2304448671,2265058769,False
2022-11-30,8.66,29.926366,1.930185,19880519057.649,19540701683.001,2304448671,2265058769,False
2022-12-01,8.65,29.891809,1.927956,19857562338.183,19518137362.351,2304448671,2265058769,False
2022-12-02,8.67,29.960923,1.932414,19903475777.115,19563266003.651,2304448671,2265058769,False
2022-12-05,8.7,30.064594,1.9391,19972345935.514,19630958965.602,2304448671,2265058769,False
2022-12-06,8.68,29.99548,1.934643,19926432496.581,19585830324.302,2304448671,2265058769,False
2022-12-07,8.63,29.822695,1.923498,19811648899.251,19473008721.051,2304448671,2265058769,False
2022-12-08,8.51,29.408011,1.896752,19536168265.658,19202236873.25,2304448671,2265058769,False
2022-12-09,8.49,29.338897,1.892294,19490254826.725,19157108231.949,2304448671,2265058769,False
2022-12-12,8.48,29.30434,1.890065,19467298107.259,19134543911.299,2304448671,2265058769,False
2022-12-13,8.48,29.30434,1.890065,19467298107.259,19134543911.299,2304448671,2265058769,False
2022-12-14,8.48,29.30434,1.890065,19467298107.259,19134543911.299,2304448671,2265058769,False
2022-12-15,8.49,29.338897,1.892294,19490254826.725,19157108231.949,2304448671,2265058769,False
2022-12-16,8.34,28.820542,1.858862,19145904034.734,18818643422.198,2304448671,2265058769,False
2022-12-19,8.24,28.474972,1.836573,18916336840.073,18593000215.696,2304448671,2265058769,False
2022-12-20,8.2,28.336744,1.827658,18824509962.208,18502742933.096,2304448671,2265058769,False
2022-12-21,8.1,27.991174,1.805369,18594942767.547,18277099726.595,2304448671,2265058769,False
2022-12-22,8.01,27.680161,1.78531,18388332292.352,18074020840.744,2304448671,2265058769,False
2022-12-23,8.01,27.680161,1.78531,18388332292.352,18074020840.744,2304448671,2265058769,False
2022-12-26,8.15,28.163959,1.816513,18709726364.878,18389921329.845,2304448671,2265058769,False
2022-12-27,8.13,28.094845,1.812056,18663812925.945,18344792688.545,2304448671,2265058769,False
2022-12-28,8.06,27.852946,1.796454,18503115889.683,18186842443.994,2304448671,2265058769,False
2022-12-29,8.09,27.956617,1.80314,18571986048.081,18254535405.945,2304448671,2265058769,False
2022-12-30,8.12,28.060288,1.809827,18640856206.479,18322228367.895,2304448671,2265058769,False
2023-01-03,8.37,28.924213,1.865548,19214774193.132,18787826850.645,2304448671,2253244414,False
2023-01-04,8.5,29.373454,1.894523,19513211546.191,19079633002.447,2304448671,2253244414,False
2023-01-05,8.49,29.338897,1.892294,19490254826.725,19057186375.385,2304448671,2253244414,False
2023-01-06,8.46,29.235226,1.885608,19421384668.327,18989846494.2,2304448671,2253244414,False
2023-01-09,8.43,29.131555,1.878921,19352514509.929,18922506613.015,2304448671,2253244414,False
2023-01-10,8.42,29.096998,1.876692,19329557790.463,18900059985.953,2304448671,2253244414,False
2023-01-11,8.36,28.889656,1.863319,19191817473.666,18765380223.583,2304448671,2253244414,False
2023-01-12,8.34,28.820542,1.858862,19145904034.734,18720486969.46,2304448671,2253244414,False
2023-01-13,8.4,29.027884,1.872235,19283644351.53,18855166731.83,2304448671,2253244414,False
2023-01-16,8.45,29.200669,1.883379,19398427948.861,18967399867.138,2304448671,2253244414,False
2023-01-17,8.45,29.200669,1.883379,19398427948.861,18967399867.138,2304448671,2253244414,False
2023-01-18,8.5,29.373454,1.894523,19513211546.191,19079633002.447,2304448671,2253244414,False
2023-01-19,8.61,29.753581,1.919041,19765735460.319,19326545900.126,2304448671,2253244414,False
2023-01-20,8.68,29.99548,1.934643,19926432496.581,19483672289.557,2304448671,2253244414,False
2023-01-30,8.71,30.099151,1.941329,19995302654.98,19551012170.743,2304448671,2253244414,False
2023-01-31,8.77,30.306493,1.954702,20133042971.776,19685691933.113,2304448671,2253244414,False
2023-02-01,8.84,30.548392,1.970304,20293740008.039,19842818322.545,2304448671,2253244414,False
2023-02-02,8.79,30.375607,1.95916,20178956410.709,19730585187.236,2304448671,2253244414,False
2023-02-03,8.87,30.652063,1.976991,20362610166.437,19910158203.73,2304448671,2253244414,False
2023-02-06,8.86,30.617506,1.974762,20339653446.971,19887711576.668,2304448671,2253244414,False
2023-02-07,8.96,30.963076,1.99705,20569220641.632,20112177847.285,2304448671,2253244414,False
2023-02-08,8.8,30.410164,1.961389,20201913130.175,19753031814.298,2304448671,2253244414,False
2023-02-09,9.01,31.135861,2.008195,20684004238.963,20224410982.594,2304448671,2253244414,False
2023-02-10,9.08,31.37776,2.023797,20844701275.226,20381537372.026,2304448671,2253244414,False
2023-02-13,9.18,31.72333,2.046085,21074268469.887,20606003642.643,2304448671,2253244414,False
2023-02-14,9.18,31.72333,2.046085,21074268469.887,20606003642.643,2304448671,2253244414,False
2023-02-15,9.3,32.138014,2.072831,21349749103.48,20875363167.383,2304448671,2253244414,False
2023-02-16,9.21,31.827001,2.052772,21143138628.285,20673343523.828,2304448671,2253244414,False
2023-02-17,9.15,31.619659,2.039398,21005398311.488,20538663761.457,2304448671,2253244414,False
2023-02-20,9.21,31.827001,2.052772,21143138628.285,20673343523.828,2304448671,2253244414,False
2023-02-21,9.29,32.103457,2.070602,21326792384.014,20852916540.321,2304448671,2253244414,False
2023-02-22,9.46,32.690927,2.108493,21717056614.938,21234509200.37,2304448671,2253244414,False
2023-02-23,9.23,31.896115,2.057229,21189052067.217,20718236777.951,2304448671,2253244414,False
2023-02-24,9.42,32.552699,2.099577,21625229737.073,21144722692.123,2304448671,2253244414,False
2023-02-27,9.38,32.41447,2.090662,21533402859.209,21054936183.877,2304448671,2253244414,False
2023-02-28,9.53,32.932826,2.124095,21877753651.201,21391635589.802,2304448671,2253244414,False
2023-03-01,9.7,33.520295,2.161985,22268017882.124,21773228249.851,2304448671,2253244414,False
2023-03-02,9.96,34.418777,2.219935,22864892588.243,22356840553.455,2304448671,2253244414,False
2023-03-03,9.94,34.349663,2.215478,22818979149.311,22311947299.332,2304448671,2253244414,False
2023-03-06,10.52,36.353969,2.344751,24150468878.345,23613851668.911,2304448671,2253244414,False
2023-03-07,9.92,34.280549,2.21102,22773065710.379,22267054045.208,2304448671,2253244414,False
2023-03-08,10.32,35.662829,2.300174,23691334489.023,23164919127.677,2304448671,2253244414,False
2023-03-09,10.4,35.939285,2.318005,23874988244.752,23344492144.17,2304448671,2253244414,False
2023-03-10,10.23,35.351816,2.280114,23484724013.828,22962899484.121,2304448671,2253244414,False
2023-03-13,10.52,36.353969,2.344751,24150468878.345,23613851668.911,2304448671,2253244414,False
2023-03-14,10.55,36.45764,2.351438,24219339036.744,23681191550.096,2304448671,2253244414,False
2023-03-15,10.65,36.80321,2.373726,24448906231.405,23905657820.713,2304448671,2253244414,False
2023-03-16,10.26,35.455487,2.286801,23553594172.226,23030239365.306,2304448671,2253244414,False
2023-03-17,10.52,36.353969,2.344751,24150468878.345,23613851668.911,2304448671,2253244414,False
2023-03-20,10.24,35.386373,2.282343,23507680733.294,22985346111.183,2304448671,2253244414,False
2023-03-21,10.34,35.731943,2.304632,23737247927.955,23209812381.8,2304448671,2253244414,False
2023-03-22,10.51,36.319412,2.342522,24127512158.879,23591405041.849,2304448671,2253244414,False
2023-03-23,10.58,36.561311,2.358124,24288209195.142,23748531431.281,2304448671,2253244414,False
2023-03-24,10.56,36.492197,2.353666,24242295756.21,23703638177.157,2304448671,2253244414,False
2023-03-27,10.6,36.556779,2.291166,24334122634.074,23793424685.404,2304448671,2253244414,False
2023-03-28,10.35,35.694591,2.237129,23760204647.421,23232259008.862,2304448671,2253244414,False
2023-03-29,10.38,35.798054,2.243613,23829074805.82,23299598890.047,2304448671,2253244414,False
2023-03-30,10.19,35.142791,2.202545,23392897135.964,22873112975.874,2304448671,2253244414,False
2023-03-31,10.5,36.211904,2.269551,24104555439.413,23568958414.787,2304448671,2253244414,False
2023-04-03,10.59,36.522292,2.289004,24311165914.608,23770978058.343,2304448671,2253244414,False
2023-04-04,10.76,37.10858,2.32575,24701430145.532,24152570718.391,2304448671,2253244414,False
2023-04-06,10.64,36.69473,2.299812,24425949511.938,23883211193.651,2304448671,2253244414,False
2023-04-07,10.62,36.625755,2.295489,24380036073.006,23838317939.528,2304448671,2253244414,False
2023-04-10,10.62,36.625755,2.295489,24380036073.006,23838317939.528,2304448671,2253244414,False
2023-04-11,10.54,36.349854,2.278197,24196382317.277,23658744923.034,2304448671,2253244414,False
2023-04-12,10.73,37.005117,2.319265,24632559987.133,24085230837.206,2304448671,2253244414,False
2023-04-13,10.23,35.280741,2.211191,23484724013.828,22962899484.121,2304448671,2253244414,False
2023-04-14,10.26,35.384204,2.217676,23553594172.226,23030239365.306,2304448671,2253244414,False
2023-04-17,10.06,34.694453,2.174446,23094459782.904,22581306824.072,2304448671,2253244414,False
2023-04-18,9.96,34.349578,2.152831,22864892588.243,22356840553.455,2304448671,2253244414,False
2023-04-19,9.9,34.142653,2.139863,22727152271.447,22222160791.085,2304448671,2253244414,False
2023-04-20,10.22,35.246253,2.20903,23461767294.362,22940452857.06,2304448671,2253244414,False
2023-04-21,9.57,33.503602,2.060366,21969580529.065,21481422098.049,2304448671,2253244414,False
2023-04-24,9.56,33.468593,2.058214,21946623809.599,21458975470.987,2304448671,2253244414,False
2023-04-25,9.6,33.608629,2.066825,22038450687.463,21548761979.234,2304448671,2253244414,False
2023-04-26,9.62,33.678647,2.071131,22084364126.396,21593655233.357,2304448671,2253244414,False
2023-04-27,9.65,33.783674,2.07759,22153234284.794,21660995114.543,2304448671,2253244414,False
2023-04-28,9.85,34.483854,2.120649,22612368674.116,22109927655.777,2304448671,2253244414,False
2023-05-04,9.72,34.028737,2.092661,22313931321.057,21818121503.974,2304448671,2253244414,False
2023-05-05,9.56,33.468593,2.058214,21946623809.599,21458975470.987,2304448671,2253244414,False
2023-05-08,9.91,34.693908,2.133567,22750108990.913,22244607418.147,2304448671,2253244414,False
2023-05-09,9.84,34.448845,2.118496,22589411954.65,22087481028.715,2304448671,2253244414,False
2023-05-10,9.7,33.958719,2.088355,22268017882.124,21773228249.851,2304448671,2253244414,False
2023-05-11,9.65,33.783674,2.07759,22153234284.794,21660995114.543,2304448671,2253244414,False
2023-05-12,9.48,33.188521,2.04099,21762970053.87,21279402454.494,2304448671,2253244414,False
2023-05-15,9.52,33.328557,2.049602,21854796931.734,21369188962.74,2304448671,2253244414,False
2023-05-16,9.35,32.733404,2.013002,21464532700.811,20987596302.691,2304448671,2253244414,False
2023-05-17,9.52,33.328557,2.049602,21854796931.734,21369188962.74,2304448671,2253244414,False
2023-05-18,9.76,34.168773,2.101272,22405758198.921,21907908012.221,2304448671,2253244414,False
2023-05-19,9.81,34.343818,2.112037,22520541796.252,22020141147.53,2304448671,2253244414,False
2023-05-22,9.63,33.713656,2.073284,22107320845.862,21616101860.419,2304448671,2253244414,False
2023-05-23,9.48,33.188521,2.04099,21762970053.87,21279402454.494,2304448671,2253244414,False
2023-05-24,9.48,33.188521,2.04099,21762970053.87,21279402454.494,2304448671,2253244414,False
2023-05-25,9.6,33.608629,2.066825,22038450687.463,21548761979.234,2304448671,2253244414,False
2023-05-26,9.71,33.993728,2.090508,22290974601.59,21795674876.913,2304448671,2253244414,False
2023-05-29,9.98,34.938971,2.148637,22910806027.175,22401733807.579,2304448671,2253244414,False
2023-05-30,9.97,34.903962,2.146484,22887849307.709,22379287180.517,2304448671,2253244414,False
2023-05-31,10.03,35.114015,2.159402,23025589624.506,22513966942.887,2304448671,2253244414,False
2023-06-01,9.8,34.308809,2.109884,22497585076.785,21997694520.468,2304448671,2253244414,False
2023-06-02,9.7,33.958719,2.088355,22268017882.124,21773228249.851,2304448671,2253244414,False
2023-06-05,9.9,34.658899,2.131414,22727152271.447,22222160791.085,2304448671,2253244414,False
2023-06-06,9.54,33.398575,2.053908,21900710370.667,21414082216.864,2304448671,2253244414,False
2023-06-07,9.63,33.713656,2.073284,22107320845.862,21616101860.419,2304448671,2253244414,False
2023-06-08,9.55,33.433584,2.056061,21923667090.133,21436528843.926,2304448671,2253244414,False
2023-06-09,9.46,33.118503,2.036684,21717056614.938,21234509200.37,2304448671,2253244414,False
2023-06-12,9.65,33.783674,2.07759,22153234284.794,21660995114.543,2304448671,2253244414,False
2023-06-13,9.81,34.343818,2.112037,22520541796.252,22020141147.53,2304448671,2253244414,False
2023-06-14,9.87,34.553872,2.124955,22658282113.048,22154820909.9,2304448671,2253244414,False
2023-06-15,9.77,34.203782,2.103425,22428714918.387,21930354639.283,2304448671,2253244414,False
2023-06-16,10.0,35.008989,2.152943,22956719466.108,22446627061.702,2304448671,2253244414,False
2023-06-19,10.16,35.569132,2.18739,23324026977.565,22805773094.689,2304448671,2253244414,False
2023-06-20,10.2,35.709168,2.196002,23415853855.43,22895559602.936,2304448671,2253244414,False
2023-06-21,10.09,35.324069,2.17232,23163329941.303,22648646705.257,2304448671,2253244414,False
2023-06-26,9.91,34.693908,2.133567,22750108990.913,22244607418.147,2304448671,2253244414,False
2023-06-27,10.15,35.534123,2.185237,23301070258.099,22783326467.628,2304448671,2253244414,False
2023-06-28,10.11,35.394087,2.176625,23209243380.235,22693539959.381,2304448671,2253244414,False
2023-06-29,10.34,36.199294,2.226143,23737247927.955,23209812381.8,2304448671,2253244414,False
2023-06-30,10.34,36.199294,2.226143,23737247927.955,23696864979.226,2304448671,2300528232,False
2023-07-03,10.23,35.814195,2.202461,23484724013.828,23444770670.937,2304448671,2300528232,False
2023-07-04,10.24,35.849204,2.204614,23507680733.294,23467688335.327,2304448671,2300528232,False
2023-07-05,10.1,35.359078,2.174472,23186286660.769,23146841033.867,2304448671,2300528232,False
2023-07-06,10.1,35.359078,2.174472,23186286660.769,23146841033.867,2304448671,2300528232,False
2023-07-07,10.01,35.043997,2.155096,22979676185.574,22940582054.357,2304448671,2300528232,False
2023-07-10,10.14,35.499114,2.183084,23278113538.633,23238511691.427,2304448671,2300528232,False
2023-07-11,10.36,36.269312,2.230449,23783161366.887,23742700308.006,2304448671,2300528232,False
2023-07-12,10.15,35.534123,2.185237,23301070258.099,23261429355.817,2304448671,2300528232,False
2023-07-13,10.34,36.199294,2.226143,23737247927.955,23696864979.226,2304448671,2300528232,False
2023-07-14,10.25,35.884213,2.206767,23530637452.76,23490605999.717,2304448671,2300528232,False
2023-07-17,10.14,35.499114,2.183084,23278113538.633,23238511691.427,2304448671,2300528232,False
2023-07-18,10.13,35.464105,2.180931,23255156819.167,23215594027.037,2304448671,2300528232,False
2023-07-19,10.18,35.63915,2.191696,23369940416.498,23330182348.987,2304448671,2300528232,False
2023-07-20,9.93,34.763926,2.137872,22796022429.845,22757240739.238,2304448671,2300528232,False
2023-07-21,10.27,35.954231,2.211073,23576550891.693,23536441328.497,2304448671,2300528232,False
2023-07-24,10.17,35.604141,2.189543,23346983697.031,23307264684.597,2304448671,2300528232,False
2023-07-25,10.23,35.814195,2.202461,23484724013.828,23444770670.937,2304448671,2300528232,False
2023-07-26,10.14,35.499114,2.183084,23278113538.633,23238511691.427,2304448671,2300528232,False
2023-07-27,10.0,35.008989,2.152943,22956719466.108,22917664389.967,2304448671,2300528232,False
2023-07-28,10.18,35.63915,2.191696,23369940416.498,23330182348.987,2304448671,2300528232,False
2023-07-31,9.97,34.903962,2.146484,22887849307.709,22848911396.798,2304448671,2300528232,False
2023-08-01,10.15,35.534123,2.185237,23301070258.099,23261429355.817,2304448671,2300528232,False
2023-08-02,10.38,36.33933,2.234755,23829074805.82,23788535636.786,2304448671,2300528232,False
2023-08-03,10.27,35.954231,2.211073,23576550891.693,23536441328.497,2304448671,2300528232,False
2023-08-04,10.51,36.794447,2.262743,24127512158.879,24086465273.856,2304448671,2300528232,False
2023-08-07,10.46,36.619402,2.251978,24012728561.549,23971876951.906,2304448671,2300528232,False
2023-08-08,10.48,36.68942,2.256284,24058642000.481,24017712280.686,2304448671,2300528232,False
2023-08-09,10.36,36.269312,2.230449,23783161366.887,23742700308.006,2304448671,2300528232,False
2023-08-10,10.32,36.129276,2.221837,23691334489.023,23651029650.446,2304448671,2300528232,False
2023-08-11,10.17,35.604141,2.189543,23346983697.031,23307264684.597,2304448671,2300528232,False
2023-08-14,10.11,35.394087,2.176625,23209243380.235,23169758698.257,2304448671,2300528232,False
2023-08-15,10.08,35.28906,2.170167,23140373221.836,23101005705.087,2304448671,2300528232,False
2023-08-16,9.85,34.483854,2.120649,22612368674.116,22573899424.118,2304448671,2300528232,False
2023-08-17,10.07,35.254051,2.168014,23117416502.37,23078088040.697,2304448671,2300528232,False
2023-08-18,10.05,35.184033,2.163708,23071503063.438,23032252711.917,2304448671,2300528232,False
2023-08-21,9.96,34.868953,2.144331,22864892588.243,22825993732.408,2304448671,2300528232,False
2023-08-22,10.14,35.499114,2.183084,23278113538.633,23238511691.427,2304448671,2300528232,False
2023-08-23,9.99,34.97398,2.15079,22933762746.641,22894746725.577,2304448671,2300528232,False
2023-08-24,9.9,34.658899,2.131414,22727152271.447,22688487746.068,2304448671,2300528232,False
2023-08-25,9.81,32.856732,2.12663,22520541796.252,22482228766.558,2304448671,2300528232,False
2023-08-28,9.71,32.521801,2.104952,22290974601.59,22253052122.658,2304448671,2300528232,False
2023-08-29,10.36,34.698852,2.24586,23783161366.887,23742700308.006,2304448671,2300528232,False
2023-08-30,10.85,36.340014,2.352083,24908040620.727,24865665863.115,2304448671,2300528232,False
2023-08-31,10.59,35.469194,2.29572,24311165914.608,24269806588.976,2304448671,2300528232,False
2023-09-01,10.39,34.799332,2.252363,23852031525.286,23811453301.176,2304448671,2300528232,False
2023-09-04,10.99,36.808918,2.382432,25229434693.252,25186513164.574,2304448671,2300528232,False
2023-09-05,10.98,36.775425,2.380265,25206477973.786,25163595500.184,2304448671,2300528232,False
2023-09-06,11.06,37.04337,2.397607,25390131729.515,25346936815.304,2304448671,2300528232,False
2023-09-07,10.71,35.871111,2.321734,24586646548.201,24544818561.655,2304448671,2300528232,False
2023-09-08,11.78,39.454873,2.55369,27043015531.075,26997008651.382,2304448671,2300528232,False
2023-09-11,11.33,37.947683,2.456138,26009963155.1,25965713753.833,2304448671,2300528232,False
2023-09-12,11.65,39.019463,2.525508,26744578178.015,26699079014.312,2304448671,2300528232,False
2023-09-13,11.2,37.512273,2.427957,25711525802.041,25667784116.764,2304448671,2300528232,False
2023-09-14,10.87,36.407001,2.356419,24953954059.659,24911501191.895,2304448671,2300528232,False
2023-09-15,10.88,36.440494,2.358586,24976910779.125,24934418856.285,2304448671,2300528232,False
2023-09-18,10.72,35.904604,2.323901,24609603267.667,24567736226.045,2304448671,2300528232,False
2023-09-19,10.78,36.105563,2.336908,24747343584.464,24705242212.385,2304448671,2300528232,False
2023-09-20,10.61,35.53618,2.300055,24357079353.54,24315641917.755,2304448671,2300528232,False
2023-09-21,10.74,35.97159,2.328237,24655516706.6,24613571554.825,2304448671,2300528232,False
2023-09-22,10.76,36.038577,2.332573,24701430145.532,24659406883.605,2304448671,2300528232,False
2023-09-25,10.64,35.636659,2.306559,24425949511.938,24384394910.925,2304448671,2300528232,False
2023-09-26,10.49,35.134263,2.274042,24081598719.947,24040629945.076,2304448671,2300528232,False
2023-09-27,10.88,36.440494,2.358586,24976910779.125,24934418856.285,2304448671,2300528232,False
2023-09-28,11.27,37.746725,2.443131,25872222838.303,25828207767.493,2304448671,2300528232,False
2023-10-09,11.36,38.048163,2.462642,26078833313.498,26034466747.003,2304448671,2300528232,False
2023-10-10,11.61,38.88549,2.516837,26652751300.151,26607408356.752,2304448671,2300528232,False
2023-10-11,11.89,39.823297,2.577536,27295539445.202,27249102959.671,2304448671,2300528232,False
2023-10-12,11.93,39.957269,2.586207,27387366323.066,27340773617.231,2304448671,2300528232,False
2023-10-13,11.69,39.153435,2.53418,26836405055.88,26790749671.872,2304448671,2300528232,False
2023-10-16,11.46,38.383094,2.48432,26308400508.159,26263643390.903,2304448671,2300528232,False
2023-10-17,11.99,40.158228,2.599214,27525106639.863,27478279603.571,2304448671,2300528232,False
2023-10-18,11.7,39.186928,2.536348,26859361775.346,26813667336.262,2304448671,2300528232,False
2023-10-19,11.35,38.014669,2.460474,26055876594.032,26011549082.613,2304448671,2300528232,False
2023-10-20,11.05,37.009876,2.395439,25367175010.049,25324019150.914,2304448671,2300528232,False
2023-10-23,11.13,37.277821,2.412782,25550828765.778,25507360466.034,2304448671,2300528232,False
2023-10-24,11.46,38.383094,2.48432,26308400508.159,26263643390.903,2304448671,2300528232,False
2023-10-25,11.55,38.684531,2.50383,26515010983.354,26469902370.412,2304448671,2300528232,False
2023-10-26,11.67,39.086449,2.529844,26790491616.948,26744914343.092,2304448671,2300528232,False
2023-10-27,11.7,39.186928,2.536348,26859361775.346,26813667336.262,2304448671,2300528232,False
2023-10-30,12.2,44.525491,2.633043,28007197748.651,27959550555.76,2304448671,2300528232,False
2023-10-31,11.59,42.299216,2.50139,26606837861.219,26561573027.972,2304448671,2300528232,False
2023-11-01,11.45,41.788268,2.471175,26285443788.693,26240725726.513,2304448671,2300528232,False
2023-11-02,11.6,42.335712,2.503549,26629794580.685,26584490692.362,2304448671,2300528232,False
2023-11-03,12.36,45.109431,2.667574,28374505260.109,28326233186.0,2304448671,2300528232,False
2023-11-06,12.54,45.766365,2.706422,28787726210.499,28738751145.019,2304448671,2300528232,False
2023-11-07,12.67,46.240817,2.734479,29086163563.558,29036680782.089,2304448671,2300528232,False
2023-11-08,12.52,45.693372,2.702106,28741812771.567,28692915816.239,2304448671,2300528232,False
2023-11-09,12.37,45.145928,2.669732,28397461979.575,28349150850.39,2304448671,2300528232,False
2023-11-10,12.44,45.401402,2.68484,28558159015.838,28509574501.12,2304448671,2300528232,False
2023-11-13,13.05,47.627676,2.816492,29958518903.27,29907552028.908,2304448671,2300528232,False
2023-11-14,12.97,47.335706,2.799226,29774865147.542,29724210713.788,2304448671,2300528232,False
2023-11-15,13.47,49.160521,2.907138,30922701120.847,30870093933.286,2304448671,2300528232,False
2023-11-16,13.49,49.233514,2.911454,30968614559.779,30915929262.066,2304448671,2300528232,False
2023-11-17,13.17,48.065632,2.842391,30233999536.864,30182564001.587,2304448671,2300528232,False
2023-11-20,13.78,54.163134,3.202971,34069418915.884,31580541529.375,2481833948,2300528232,False
2023-11-21,13.38,52.590909,3.109996,33080466262.303,30663834953.776,2481833948,2300528232,False
2023-11-22,12.91,50.743545,3.000751,31918446894.345,29586704727.448,2481833948,2300528232,False
2023-11-23,13.0,51.097296,3.02167,32140961241.4,29792963706.958,2481833948,2300528232,False
2023-11-24,12.56,49.367849,2.919398,31053113322.461,28784586473.799,2481833948,2300528232,False
2023-11-27,12.82,50.389795,2.979832,31695932547.289,29380445747.938,2481833948,2300528232,False
2023-11-28,13.04,51.254518,3.030968,32239856506.759,29884634364.518,2481833948,2300528232,False
2023-11-29,12.85,50.507712,2.986805,31770103996.307,29449198741.108,2481833948,2300528232,False
2023-11-30,12.66,49.760905,2.942642,31300351485.856,29013763117.699,2481833948,2300528232,False
2023-12-01,12.72,49.996739,2.956588,31448694383.893,29151269104.039,2481833948,2300528232,False
2023-12-04,12.64,49.682294,2.937993,31250903853.177,28967927788.919,2481833948,2300528232,False
2023-12-05,11.97,47.048818,2.782261,29594408158.428,27432444274.791,2481833948,2300528232,False
2023-12-06,11.93,46.891595,2.772964,29495512893.07,27340773617.231,2481833948,2300528232,False
2023-12-07,11.96,47.009512,2.779937,29569684342.088,27409526610.401,2481833948,2300528232,False
2023-12-08,11.9,46.773678,2.765991,29421341444.051,27272020624.061,2481833948,2300528232,False
2023-12-11,12.33,48.46382,2.865938,30484465546.651,28257480192.83,2481833948,2300528232,False
2023-12-12,12.27,48.227986,2.851992,30336122648.614,28119974206.49,2481833948,2300528232,False
2023-12-13,12.15,47.756319,2.8241,30039436852.54,27844962233.81,2481833948,2300528232,False
2023-12-14,12.04,47.323957,2.798532,29767474872.805,27592867925.521,2481833948,2300528232,False
2023-12-15,11.85,46.57715,2.754369,29297722362.353,27157432302.111,2481833948,2300528232,False
2023-12-18,11.7,45.987566,2.719503,28926865117.26,26813667336.262,2481833948,2300528232,False
2023-12-19,11.72,46.066177,2.724152,28976312749.939,26859502665.042,2481833948,2300528232,False
2023-12-20,11.48,45.122843,2.668367,28382941157.791,26309478719.683,2481833948,2300528232,False
2023-12-21,11.68,45.908955,2.714855,28877417484.581,26767832007.482,2481833948,2300528232,False
2023-12-22,11.72,46.066177,2.724152,28976312749.939,26859502665.042,2481833948,2300528232,False
2023-12-25,11.83,46.498539,2.74972,29248274729.674,27111596973.331,2481833948,2300528232,False
2023-12-26,11.68,45.908955,2.714855,28877417484.581,26767832007.482,2481833948,2300528232,False
2023-12-27,12.0,47.166735,2.789234,29668579607.447,27501197267.961,2481833948,2300528232,False
2023-12-28,12.41,48.778265,2.884533,30682256077.368,28440821507.95,2481833948,2300528232,False
2023-12-29,12.85,50.507712,2.986805,31770103996.307,29449198741.108,2481833948,2300528232,False
2024-01-02,12.75,50.114656,2.963561,31522865832.912,29220024002.425,2481833948,2300528382,False
2024-01-03,12.5,49.132015,2.905452,30904770424.424,28647082355.318,2481833948,2300528382,False
2024-01-04,12.26,48.188681,2.849668,30311398832.275,28097058374.096,2481833948,2300528382,False
2024-01-05,11.89,46.734373,2.763666,29396617627.712,27249104736.379,2481833948,2300528382,False
2024-01-08,11.85,46.57715,2.754369,29297722362.353,27157434072.842,2481833948,2300528382,False
2024-01-09,11.84,46.537845,2.752044,29272998546.014,27134516406.957,2481833948,2300528382,False
2024-01-10,11.73,46.105483,2.726476,29001036566.279,26882422082.231,2481833948,2300528382,False
2024-01-11,12.0,47.166735,2.789234,29668579607.447,27501199061.105,2481833948,2300528382,False
2024-01-12,11.97,47.048818,2.782261,29594408158.428,27432446063.453,2481833948,2300528382,False
2024-01-15,12.19,47.913541,2.833397,30138332117.898,27936634712.906,2481833948,2300528382,False
2024-01-16,11.72,46.066177,2.724152,28976312749.939,26859504416.346,2481833948,2300528382,False
2024-01-17,11.56,45.437288,2.686962,28580731688.507,26492821762.198,2481833948,2300528382,False
2024-01-18,11.38,44.729787,2.645124,28135702994.395,26080303776.282,2481833948,2300528382,False
2024-01-19,11.37,44.690481,2.642799,28110979178.056,26057386110.397,2481833948,2300528382,False
2024-01-22,10.53,41.38881,2.447553,26034178605.534,24132302176.12,2481833948,2300528382,False
2024-01-23,10.76,42.292839,2.501013,26602826381.344,24659408491.458,2481833948,2300528382,False
2024-01-24,10.92,42.921728,2.538203,26998407442.776,25026091145.606,2481833948,2300528382,False
2024-01-25,11.35,44.61187,2.638151,28061531545.377,26011550778.629,2481833948,2300528382,False
2024-01-26,10.88,42.764506,2.528906,26899512177.418,24934420482.069,2481833948,2300528382,False
2024-01-29,10.5,41.270893,2.44058,25960007156.516,24063549178.467,2481833948,2300528382,False
2024-01-30,10.19,40.052419,2.368525,25193568849.99,23353101536.055,2481833948,2300528382,False
2024-01-31,9.63,37.851305,2.23836,23809035134.976,22069712246.537,2481833948,2300528382,False
2024-02-01,9.85,38.716028,2.289496,24352959094.446,22573900895.991,2481833948,2300528382,False
2024-02-02,9.3,36.554219,2.161656,22993149195.771,21313429272.357,2481833948,2300528382,False
2024-02-05,8.78,34.510327,2.04079,21707510746.115,20121710646.375,2481833948,2300528382,False
2024-02-06,9.64,37.89061,2.240685,23833758951.315,22092629912.421,2481833948,2300528382,False
2024-02-07,10.44,41.035059,2.426634,25811664258.479,23926043183.162,2481833948,2300528382,False
2024-02-08,10.78,42.37145,2.505662,26652274014.023,24705243823.226,2481833948,2300528382,False
2024-02-19,10.64,41.821171,2.473121,26306140585.269,24384396500.847,2481833948,2300528382,False
2024-02-20,10.8,42.450061,2.510311,26701721646.702,24751079154.995,2481833948,2300528382,False
2024-02-21,10.75,42.253533,2.498689,26578102565.004,24636490825.574,2481833948,2300528382,False
2024-02-22,10.81,42.489367,2.512635,26726445463.041,24773996820.879,2481833948,2300528382,False
2024-02-23,10.85,42.646589,2.521933,26825340728.4,24865667484.416,2481833948,2300528382,False
2024-02-26,11.34,44.572564,2.635826,28036807729.037,25988633112.745,2481833948,2300528382,False
2024-02-27,11.86,46.616456,2.756693,29322446178.693,27180351738.726,2481833948,2300528382,False
2024-02-28,11.01,43.275479,2.559122,27220921789.832,25232350138.564,2481833948,2300528382,False
2024-02-29,11.56,45.437288,2.686962,28580731688.507,26492821762.198,2481833948,2300528382,False
2024-03-01,11.83,46.498539,2.74972,29248274729.674,27111598741.073,2481833948,2300528382,False
2024-03-04,11.84,46.537845,2.752044,29272998546.014,27134516406.957,2481833948,2300528382,False
2024-03-05,11.97,47.048818,2.782261,29594408158.428,27432446063.453,2481833948,2300528382,False
2024-03-06,11.79,46.341317,2.740423,29149379464.316,27019928077.536,2481833948,2300528382,False
2024-03-07,11.45,45.004926,2.661394,28308769708.772,26240727437.471,2481833948,2300528382,False
2024-03-08,11.75,46.184094,2.731125,29050484198.958,26928257413.999,2481833948,2300528382,False
2024-03-11,11.82,46.459234,2.747396,29223550913.335,27088681075.189,2481833948,2300528382,False
2024-03-12,11.87,46.655762,2.759017,29347169995.033,27203269404.61,2481833948,2300528382,False
2024-03-13,12.11,47.599096,2.814802,29940541587.181,27753293385.832,2481833948,2300528382,False
2024-03-14,11.98,47.088123,2.784585,29619131974.767,27455363729.337,2481833948,2300528382,False
2024-03-15,11.86,46.616456,2.756693,29322446178.693,27180351738.726,2481833948,2300528382,False
2024-03-18,11.79,46.341317,2.740423,29149379464.316,27019928077.536,2481833948,2300528382,False
2024-03-19,11.68,45.908955,2.714855,28877417484.581,26767833752.809,2481833948,2300528382,False
2024-03-20,11.59,45.555205,2.693935,28654903137.525,26561574759.851,2481833948,2300528382,False
2024-03-21,11.23,44.140202,2.610258,27764845749.302,25736538788.018,2481833948,2300528382,False
2024-03-22,10.95,43.039645,2.545176,27072578891.795,25094844143.259,2481833948,2300528382,False
2024-03-25,10.85,42.646589,2.521933,26825340728.4,24865667484.416,2481833948,2300528382,False
2024-03-26,10.69,42.017699,2.484743,26429759666.967,24498984830.268,2481833948,2300528382,False
2024-03-27,10.13,39.816585,2.354578,25045225951.953,23215595540.75,2481833948,2300528382,False
2024-03-28,10.5,41.270893,2.44058,25960007156.516,24063549178.467,2481833948,2300528382,False
2024-03-29,11.15,39.362962,2.15071,27567055218.586,25553197460.944,2481833948,2300528382,False
2024-04-01,11.6,40.951602,2.23751,28679626953.865,26584492425.735,2481833948,2300528382,False
2024-04-02,11.32,39.963115,2.183501,27987360096.358,25942797780.976,2481833948,2300528382,False
2024-04-03,11.23,39.645387,2.166141,27764845749.302,25736538788.018,2481833948,2300528382,False
2024-04-08,10.86,38.339172,2.094773,26850064544.739,24888585150.3,2481833948,2300528382,False
2024-04-09,10.93,38.586294,2.108275,27023131259.116,25049008811.49,2481833948,2300528382,False
2024-04-10,10.58,37.350685,2.040764,26157797687.232,24246890505.541,2481833948,2300528382,False
2024-04-11,10.52,37.138866,2.02919,26009454789.195,24109384510.236,2481833948,2300528382,False
2024-04-12,10.5,37.06826,2.025333,25960007156.516,24063549178.467,2481833948,2300528382,False
2024-04-15,10.63,37.5272,2.050408,26281416768.93,24361478834.963,2481833948,2300528382,False
2024-04-16,10.32,36.432804,1.990613,25514978462.404,23651031192.551,2481833948,2300528382,False
2024-04-17,10.8,38.127353,2.083199,26701721646.702,24751079154.995,2481833948,2300528382,False
2024-04-18,10.88,38.409778,2.09863,26899512177.418,24934420482.069,2481833948,2300528382,False
2024-04-19,10.89,38.445081,2.100559,26924235993.758,24957338147.953,2481833948,2300528382,False
2024-04-22,11.21,39.574781,2.162284,27715398116.623,25690703456.249,2481833948,2300528382,False
2024-04-23,11.07,39.080537,2.135279,27369264687.869,25369856133.87,2481833948,2300528382,False
2024-04-24,11.24,39.666864,2.160931,27789569565.642,25759456453.902,2481833948,2300528382,False
2024-04-25,10.78,38.043487,2.072495,26652274014.023,24705243823.226,2481833948,2300528382,False
2024-04-26,10.9,38.466977,2.095565,26948959810.097,24980255813.837,2481833948,2300528382,False
2024-04-29,11.14,39.313956,2.141706,27542331402.246,25530279795.06,2481833948,2300528382,False
2024-04-30,10.9,38.466977,2.095565,26948959810.097,24980255813.837,2481833948,2300528382,False
2024-05-06,11.13,39.278666,2.139783,27517607585.907,25507362129.175,2481833948,2300528382,False
2024-05-07,11.4,40.231517,2.191692,28185150627.074,26126139108.05,2481833948,2300528382,False
2024-05-08,11.24,39.666864,2.160931,27789569565.642,25759456453.902,2481833948,2300528382,False
2024-05-09,11.1,39.172793,2.134016,27443436136.888,25438609131.523,2481833948,2300528382,False
2024-05-10,10.98,38.749304,2.110945,27146750340.814,25163597140.911,2481833948,2300528382,False
2024-05-13,10.51,37.090636,2.020586,25984730972.855,24086466844.352,2481833948,2300528382,False
2024-05-14,10.53,37.161217,2.024431,26034178605.534,24132302176.12,2481833948,2300528382,False
2024-05-15,10.51,37.090636,2.020586,25984730972.855,24086466844.352,2481833948,2300528382,False
2024-05-16,10.44,36.8436,2.007128,25811664258.479,23925767056.837,2481833948,2300501832,False
2024-05-17,10.74,37.902324,2.064804,26553378748.665,24613289098.7,2481833948,2300501832,False
2024-05-20,10.86,38.325814,2.087875,26850064544.739,26308023845.003,2481833948,2431731461,False
2024-05-21,10.75,37.937615,2.066727,26578102565.004,26041552148.599,2481833948,2431731461,False
2024-05-22,10.77,38.008197,2.070572,26627550197.683,26090001547.945,2481833948,2431731461,False
2024-05-23,10.67,37.655289,2.051347,26380312034.288,25847754551.214,2481833948,2431731461,False
2024-05-24,10.49,37.020054,2.016741,25935283340.176,25411709957.098,2481833948,2431731461,False
2024-05-27,10.65,37.584707,2.047502,26330864401.609,25799305151.868,2481833948,2431731461,False
2024-05-28,10.51,37.090636,2.020586,25984730972.855,25460159356.444,2481833948,2431731461,False
2024-05-29,10.5,37.055345,2.018664,25960007156.516,25435934656.771,2481833948,2431731461,False
2024-05-30,10.69,37.72587,2.055192,26429759666.967,25896203950.56,2481833948,2431731461,False
2024-05-31,10.83,38.219941,2.082107,26775893095.721,26235349745.984,2481833948,2431731461,False
2024-06-03,10.71,37.796452,2.059037,26479207299.646,25944653349.907,2481833948,2431731461,False
2024-06-04,10.89,38.431686,2.093643,26924235993.758,26380697944.023,2481833948,2431731461,False
2024-06-05,10.79,38.078778,2.074417,26676997830.362,26138450947.292,2481833948,2431731461,False
2024-06-06,10.58,37.337671,2.034044,26157797687.232,25629732254.156,2481833948,2431731461,False
2024-06-07,10.59,37.372962,2.035966,26182521503.572,25653956953.829,2481833948,2431731461,False
2024-06-11,10.92,38.537559,2.09941,26998407442.776,26453372043.042,2481833948,2431731461,False
2024-06-12,10.71,37.796452,2.059037,26479207299.646,25944653349.907,2481833948,2431731461,False
2024-06-13,10.67,37.655289,2.051347,26380312034.288,25847754551.214,2481833948,2431731461,False
2024-06-14,10.66,37.619998,2.049424,26355588217.948,25823529851.541,2481833948,2431731461,False
2024-06-17,10.48,36.984763,2.014819,25910559523.837,25387485257.425,2481833948,2431731461,False
2024-06-18,10.68,37.690579,2.053269,26405035850.627,25871979250.887,2481833948,2431731461,False
2024-06-19,10.53,37.161217,2.024431,26034178605.534,25508608755.791,2481833948,2431731461,False
2024-06-20,10.3,36.349529,1.980213,25465530829.725,24951440663.309,2481833948,2431731461,False
2024-06-21,10.34,36.490692,1.987903,25564426095.083,25048339462.001,2481833948,2431731461,False
2024-06-24,10.15,35.820167,1.951375,25094673584.632,24588070168.212,2481833948,2431731461,False
2024-06-25,9.86,34.796733,1.895621,24377682910.785,23885553877.692,2481833948,2431731461,False
2024-06-26,10.41,36.737728,2.001361,25737492809.46,25217912359.713,2481833948,2431731461,False
2024-06-27,10.3,36.349529,1.980213,25465530829.725,24951440663.309,2481833948,2431731461,False
2024-06-28,10.36,36.561274,1.991748,25613873727.762,25096788861.348,2481833948,2431731461,False
2024-07-01,10.44,36.8436,2.007128,25811664258.479,25290586458.733,2481833948,2431731461,False
2024-07-02,10.33,36.455401,1.98598,25539702278.744,25024114762.328,2481833948,2431731461,False
2024-07-03,10.08,35.573131,1.937917,24921606870.255,24418497270.5,2481833948,2431731461,False
2024-07-04,9.93,35.043769,1.909079,24550749625.162,24055126775.404,2481833948,2431731461,False
2024-07-05,9.87,34.832024,1.897544,24402406727.125,23909778577.365,2481833948,2431731461,False
2024-07-08,9.52,33.596846,1.830255,23537073155.241,23061914088.806,2481833948,2431731461,False
2024-07-09,9.73,34.337953,1.870628,24056273298.371,23570632781.941,2481833948,2431731461,False
2024-07-10,9.68,34.161499,1.861016,23932654216.674,23449509283.576,2481833948,2431731461,False
2024-07-11,9.84,34.726152,1.891776,24328235278.106,23837104478.346,2481833948,2431731461,False
2024-07-12,9.6,33.879172,1.845635,23734863685.957,23255711686.191,2481833948,2431731461,False
2024-07-15,9.56,33.738009,1.837945,23635968420.599,23158812887.498,2481833948,2431731461,False
2024-07-16,9.46,33.385101,1.81872,23388730257.204,22916565890.767,2481833948,2431731461,False
2024-07-17,9.19,32.432249,1.766811,22721187216.036,22262498999.593,2481833948,2431731461,False
2024-07-18,9.25,32.643994,1.778346,22869530114.073,22407847197.632,2481833948,2431731461,False
2024-07-19,9.23,32.573413,1.774501,22820082481.394,22359397798.286,2481833948,2431731461,False
2024-07-22,9.49,33.490974,1.824487,23462901706.222,22989239989.787,2481833948,2431731461,False
2024-07-23,9.18,32.396959,1.764889,22696463399.697,22238274299.92,2481833948,2431731461,False
2024-07-24,9.26,32.679285,1.780269,22894253930.413,22432071897.305,2481833948,2431731461,False
2024-07-25,9.21,32.502831,1.770656,22770634848.715,22310948398.939,2481833948,2431731461,False
2024-07-26,9.6,33.879172,1.845635,23734863685.957,23255711686.191,2481833948,2431731461,False
2024-07-29,9.63,33.985045,1.851403,23809035134.976,23328385785.21,2481833948,2431731461,False
2024-07-30,9.71,34.267371,1.866783,24006825665.692,23522183382.595,2481833948,2431731461,False
2024-07-31,9.98,35.220223,1.918692,24674368706.86,24176250273.769,2481833948,2431731461,False
2024-08-01,10.19,35.96133,1.959065,25193568849.99,24684968966.905,2481833948,2431731461,False
2024-08-02,9.98,35.220223,1.918692,24674368706.86,24176250273.769,2481833948,2431731461,False
2024-08-05,9.56,33.738009,1.837945,23635968420.599,23158812887.498,2481833948,2431731461,False
2024-08-06,9.83,34.690861,1.889854,24303511461.767,23812879778.672,2481833948,2431731461,False
2024-08-07,10.15,35.820167,1.951375,25094673584.632,24588070168.212,2481833948,2431731461,False
2024-08-08,9.75,34.408535,1.874473,24105720931.05,23619082181.288,2481833948,2431731461,False
2024-08-09,9.63,33.985045,1.851403,23809035134.976,23328385785.21,2481833948,2431731461,False
2024-08-12,9.45,33.34981,1.816797,23364006440.864,22892341191.094,2481833948,2431731461,False
2024-08-13,9.62,33.949754,1.84948,23784311318.636,23304161085.537,2481833948,2431731461,False
2024-08-14,9.41,33.208647,1.809107,23265111175.506,22795442392.402,2481833948,2431731461,False
2024-08-15,9.4,33.173356,1.807185,23240387359.166,22771217692.729,2481833948,2431731461,False
2024-08-16,9.31,32.855739,1.789882,23017873012.111,22553195395.67,2481833948,2431731461,False
2024-08-19,9.37,33.067484,1.801417,23166215910.148,22698543593.709,2481833948,2431731461,False
2024-08-20,9.09,32.079341,1.747586,22473949052.641,22020252002.862,2481833948,2431731461,False
2024-08-21,9.0,31.761724,1.730283,22251434705.585,21802229705.804,2481833948,2431731461,False
2024-08-22,8.86,31.267653,1.703368,21905301276.831,21463083910.38,2481833948,2431731461,False
2024-08-23,8.98,31.691143,1.726438,22201987072.906,21753780306.458,2481833948,2431731461,False
2024-08-26,8.9,37.600786,1.739872,22004196542.19,21559982709.073,2481833948,2431731461,False
2024-08-27,8.53,36.037607,1.66754,21089415337.627,20663668821.167,2481833948,2431731461,False
2024-08-28,8.57,36.206599,1.67536,21188310602.985,20760567619.86,2481833948,2431731461,False
2024-08-29,8.81,37.220553,1.722277,21781682195.134,21341960412.015,2481833948,2431731461,False
2024-08-30,9.05,38.234507,1.769195,22375053787.283,21923353204.169,2481833948,2431731461,False
2024-09-02,8.58,36.248847,1.677314,21213034419.324,20784792319.533,2481833948,2431731461,False
2024-09-03,8.74,36.924816,1.708593,21608615480.757,21172387514.303,2481833948,2431731461,False
2024-09-04,8.68,36.671328,1.696864,21460272582.72,21027039316.264,2481833948,2431731461,False
2024-09-05,8.8,37.178305,1.720323,21756958378.794,21317735712.342,2481833948,2431731461,False
2024-09-06,8.64,36.502336,1.689044,21361377317.362,20930140517.572,2481833948,2431731461,False
2024-09-09,8.54,36.079855,1.669495,21114139153.966,20687893520.841,2481833948,2431731461,False
2024-09-10,8.5,35.910863,1.661675,21015243888.608,20590994722.148,2481833948,2431731461,False
2024-09-11,8.45,35.699622,1.651901,20891624806.91,20469871223.783,2481833948,2431731461,False
2024-09-12,8.32,35.150397,1.626487,20570215194.496,20154950128.032,2481833948,2431731461,False
2024-09-13,8.28,34.981405,1.618667,20471319929.138,20058051329.34,2481833948,2431731461,False
2024-09-18,8.22,34.727917,1.606938,20322977031.101,19912703131.301,2481833948,2431731461,False
2024-09-19,8.56,36.164351,1.673405,21163586786.645,20736342920.187,2481833948,2431731461,False
2024-09-20,8.57,36.206599,1.67536,21188310602.985,20760567619.86,2481833948,2431731461,False
2024-09-23,8.68,36.671328,1.696864,21460272582.72,21027039316.264,2481833948,2431731461,False
2024-09-24,8.93,37.72753,1.745736,22078367991.208,21632656808.092,2481833948,2431731461,False
2024-09-25,8.88,37.516289,1.735962,21954748909.51,21511533309.727,2481833948,2431731461,False
2024-09-26,9.16,38.699236,1.790699,22647015767.018,22189824900.574,2481833948,2431731461,False
2024-09-27,9.7,40.980632,1.896265,23982101849.353,23497958682.922,2481833948,2431731461,False
2024-09-30,10.62,44.867454,2.076117,26256692952.59,25726631052.849,2481833948,2431731461,False
2024-10-08,11.4,48.162804,2.2286,28185150627.074,27616157627.352,2481833948,2431731461,False
2024-10-09,11.39,48.120556,2.226645,28160426810.735,27591932927.678,2481833948,2431731461,False
2024-10-10,11.27,47.613579,2.203186,27863741014.66,27301236531.601,2481833948,2431731461,False
2024-10-11,10.21,43.135283,1.995965,25243016482.669,24733418366.251,2481833948,2431731461,False
2024-10-14,10.45,44.149237,2.042883,25836388074.818,25314811158.406,2481833948,2431731461,False
2024-10-15,10.23,43.219779,1.999875,25292464115.348,24781867765.597,2481833948,2431731461,False
2024-10-16,10.21,43.135283,1.995965,25243016482.669,24733418366.251,2481833948,2431731461,False
2024-10-17,10.19,43.050787,1.992055,25193568849.99,24684968966.905,2481833948,2431731461,False
2024-10-18,10.86,45.881408,2.123034,26850064544.739,26308023845.003,2481833948,2431731461,False
2024-10-21,11.5,48.585285,2.248149,28432388790.47,27858404624.083,2481833948,2431731461,False
2024-10-22,11.33,47.867068,2.214915,28012083912.697,27446584729.64,2481833948,2431731461,False
2024-10-23,11.25,47.529083,2.199276,27814293381.981,27252787132.255,2481833948,2431731461,False
2024-10-24,10.99,46.430633,2.148448,27171474157.153,26622944940.754,2481833948,2431731461,False
2024-10-25,11.2,47.317843,2.189501,27690674300.283,27131663633.889,2481833948,2431731461,False
2024-10-28,11.23,47.444587,2.195366,27764845749.302,27204337732.909,2481833948,2431731461,False
2024-10-29,10.96,51.388707,2.144461,27097302708.135,26550270841.735,2481833948,2431731461,False
2024-10-30,11.2,52.514007,2.19142,27690674300.283,27131663633.889,2481833948,2431731461,False
2024-10-31,11.31,53.02977,2.212943,27962636280.018,27398135330.294,2481833948,2431731461,False
2024-11-01,10.98,51.482482,2.148374,27146750340.814,26598720241.081,2481833948,2431731461,False
2024-11-04,11.57,54.248845,2.263815,28605455504.846,28027977521.795,2481833948,2431731461,False
2024-11-05,12.13,56.874545,2.373386,29989989219.861,29384560703.489,2481833948,2431731461,False
2024-11-06,12.07,56.59322,2.361646,29841646321.823,29239212505.45,2481833948,2431731461,False
2024-11-07,12.08,56.640108,2.363603,29866370138.163,29263437205.123,2481833948,2431731461,False
2024-11-08,12.68,59.453358,2.481001,31349799118.535,30716919185.51,2481833948,2431731461,False
2024-11-11,13.58,63.673234,2.657097,33574942589.094,32897142156.091,2481833948,2431731461,False
2024-11-12,13.16,61.703958,2.574919,32536542302.833,31879704769.82,2481833948,2431731461,False
2024-11-13,13.03,61.094421,2.549482,32215132690.419,31564783674.069,2481833948,2431731461,False
2024-11-14,12.25,57.437195,2.396866,30286675015.935,29675257099.566,2481833948,2431731461,False
2024-11-15,12.05,56.499445,2.357733,29792198689.144,29190763106.104,2481833948,2431731461,False
2024-11-18,12.3,57.671633,2.406649,30410294097.633,29796380597.932,2481833948,2431731461,False
2024-11-19,12.44,58.328058,2.434042,30756427526.386,30135526393.356,2481833948,2431731461,False
2024-11-20,12.68,59.453358,2.481001,31349799118.535,30716919185.51,2481833948,2431731461,False
2024-11-21,12.57,58.937595,2.459478,31077837138.8,30450447489.106,2481833948,2431731461,False
2024-11-22,11.87,55.65547,2.322514,29347169995.033,28754718511.988,2481833948,2431731461,False
2024-11-25,11.74,55.045932,2.297078,29025760382.619,28439797416.238,2481833948,2431731461,False
2024-11-26,11.81,55.374145,2.310774,29198827096.995,28609370313.949,2481833948,2431731461,False
2024-11-27,12.56,58.890708,2.457521,31053113322.461,30426222789.433,2481833948,2431731461,False
2024-11-28,12.3,57.671633,2.406649,30410294097.633,29796380597.932,2481833948,2431731461,False
2024-11-29,12.8,60.016008,2.50448,31646484914.61,31007615581.588,2481833948,2431731461,False
2024-12-02,12.87,60.344221,2.518176,31819551628.986,31177188479.3,2481833948,2431731461,False
2024-12-03,12.75,59.781571,2.494697,31522865832.912,30886492083.222,2481833948,2431731461,False
2024-12-04,12.32,57.765408,2.410562,30459741730.312,29844829997.278,2481833948,2431731461,False
2024-12-05,12.42,58.234283,2.430128,30706979893.707,30087076994.009,2481833948,2431731461,False
2024-12-06,12.73,59.687796,2.490784,31473418200.233,30838042683.876,2481833948,2431731461,False
2024-12-09,12.4,58.140508,2.426215,30657532261.028,30038627594.663,2481833948,2431731461,False
2024-12-10,12.73,59.687796,2.490784,31473418200.233,30838042683.876,2481833948,2431731461,False
2024-12-11,12.76,59.828458,2.496654,31547589649.252,30910716782.895,2481833948,2431731461,False
2024-12-12,12.83,60.156671,2.51035,31720656363.628,31080289680.607,2481833948,2431731461,False
2024-12-13,12.21,57.249645,2.389039,30187779750.577,29578358300.874,2481833948,2431731461,False
2024-12-16,12.06,56.546333,2.35969,29816922505.484,29214987805.777,2481833948,2431731461,False
2024-12-17,11.76,55.139707,2.300991,29075208015.298,28488246815.584,2481833948,2431731461,False
2024-12-18,11.78,55.233482,2.304904,29124655647.977,28536696214.93,2481833948,2431731461,False
2024-12-19,11.97,56.124345,2.34208,29594408158.428,28996965508.719,2481833948,2431731461,False
2024-12-20,11.94,55.983683,2.33621,29520236709.409,28924291409.7,2481833948,2431731461,False
2024-12-23,11.49,53.873745,2.248162,28407664974.13,27834179924.41,2481833948,2431731461,False
2024-12-24,11.53,54.061295,2.255989,28506560239.488,27931078723.102,2481833948,2431731461,False
2024-12-25,11.26,52.795332,2.20316,27839017198.321,27277011831.928,2481833948,2431731461,False
2024-12-26,11.28,52.889107,2.207073,27888464831.0,27325461231.274,2481833948,2431731461,False
2024-12-27,11.3,52.982882,2.210986,27937912463.679,27373910630.62,2481833948,2431731461,False
2024-12-30,11.33,53.123545,2.216856,28012083912.697,27446584729.64,2481833948,2431731461,False
2024-12-31,10.98,51.482482,2.148374,27146750340.814,26598720241.081,2481833948,2431731461,False
2025-01-02,10.55,49.466319,2.064239,26083626238.213,25557058155.137,2481833948,2431731461,False
2025-01-03,10.17,47.684594,1.989888,25144121217.311,24636519567.558,2481833948,2431731461,False
2025-01-06,9.99,46.840619,1.954668,24699092523.199,24200474973.442,2481833948,2431731461,False
2025-01-07,10.19,47.778369,1.993801,25193568849.99,24684968966.905,2481833948,2431731461,False
2025-01-08,10.02,46.981281,1.960538,24773263972.218,24273149072.462,2481833948,2431731461,False
2025-01-09,10.28,48.200356,2.011411,25416083197.046,24902991263.963,2481833948,2431731461,False
2025-01-10,10.01,46.934394,1.958582,24748540155.878,24248924372.789,2481833948,2431731461,False
2025-01-13,10.07,47.215719,1.970321,24896883053.916,24394272570.827,2481833948,2431731461,False
2025-01-14,10.33,48.434794,2.021194,25539702278.744,25024114762.328,2481833948,2431731461,False
2025-01-15,10.01,46.934394,1.958582,24748540155.878,24248924372.789,2481833948,2431731461,False
2025-01-16,10.09,47.309494,1.974235,24946330686.595,24442721970.173,2481833948,2431731461,False
2025-01-17,10.25,48.059694,2.005541,25341911748.027,24830317164.943,2481833948,2431731461,False
2025-01-20,10.64,49.888307,2.081849,26306140585.269,25775080452.195,2481833948,2431731461,False
2025-01-21,10.54,49.419432,2.062283,26058902421.874,25532833455.464,2481833948,2431731461,False
2025-01-22,10.43,48.903669,2.04076,25786940442.139,25266361759.059,2481833948,2431731461,False
2025-01-23,10.34,48.481682,2.02315,25564426095.083,25048339462.001,2481833948,2431731461,False
2025-01-24,10.47,49.091219,2.048586,25885835707.497,25363260557.752,2481833948,2431731461,False
2025-01-27,10.33,48.434794,2.021194,25539702278.744,25024114762.328,2481833948,2431731461,False
2025-02-05,10.62,49.794532,2.077936,26256692952.59,25726631052.849,2481833948,2431731461,False
2025-02-06,11.39,53.40487,2.228596,28160426810.735,27591932927.678,2481833948,2431731461,False
2025-02-07,11.26,52.795332,2.20316,27839017198.321,27277011831.928,2481833948,2431731461,False
2025-02-10,11.39,53.40487,2.228596,28160426810.735,27591932927.678,2481833948,2431731461,False
2025-02-11,11.32,53.076657,2.2149,27987360096.358,27422360029.967,2481833948,2431731461,False
2025-02-12,11.66,54.670832,2.281425,28827969851.902,28245999818.853,2481833948,2431731461,False
2025-02-13,11.41,53.498645,2.232509,28209874443.414,27640382327.025,2481833948,2431731461,False
2025-02-14,11.42,53.545532,2.234466,28234598259.753,27664607026.698,2481833948,2431731461,False
2025-02-17,11.41,53.498645,2.232509,28209874443.414,27640382327.025,2481833948,2431731461,False
2025-02-18,10.97,51.435594,2.146418,27122026524.474,26574495541.408,2481833948,2431731461,False
2025-02-19,11.26,52.795332,2.20316,27839017198.321,27277011831.928,2481833948,2431731461,False
2025-02-20,11.63,54.53017,2.275555,28753798402.884,28173325719.833,2481833948,2431731461,False
2025-02-21,11.9,55.796133,2.328384,29421341444.051,28827392611.007,2481833948,2431731461,False
2025-02-24,11.73,54.999045,2.295121,29001036566.279,28415572716.564,2481833948,2431731461,False
2025-02-25,11.5,53.920632,2.250119,28432388790.47,27858404624.083,2481833948,2431731461,False
2025-02-26,11.5,53.920632,2.250119,28432388790.47,27858404624.083,2481833948,2431731461,False
2025-02-27,11.3,52.982882,2.210986,27937912463.679,27373910630.62,2481833948,2431731461,False
2025-02-28,11.22,52.607782,2.195333,27740121932.963,27180113033.236,2481833948,2431731461,False
2025-03-03,11.27,52.84222,2.205116,27863741014.66,27301236531.601,2481833948,2431731461,False
2025-03-04,11.76,55.139707,2.300991,29075208015.298,28488246815.584,2481833948,2431731461,False
2025-03-05,11.85,55.561695,2.318601,29297722362.353,28706269112.642,2481833948,2431731461,False
2025-03-06,12.01,56.311895,2.349907,29693303423.786,29093864307.412,2481833948,2431731461,False
2025-03-07,11.92,55.889908,2.332297,29470789076.73,28875842010.354,2481833948,2431731461,False
2025-03-10,12.07,56.59322,2.361646,29841646321.823,29239212505.45,2481833948,2431731461,False
2025-03-11,12.22,57.296533,2.390996,30212503566.916,29602583000.547,2481833948,2431731461,False
2025-03-12,12.3,57.671633,2.406649,30410294097.633,29796380597.932,2481833948,2431731461,False
2025-03-13,12.25,57.437195,2.396866,30286675015.935,29675257099.566,2481833948,2431731461,False
2025-03-14,12.3,57.671633,2.406649,30410294097.633,29796380597.932,2481833948,2431731461,False
2025-03-17,12.22,57.296533,2.390996,30212503566.916,29602583000.547,2481833948,2431731461,False
2025-03-18,12.22,57.296533,2.390996,30212503566.916,29602583000.547,2481833948,2431731461,False
2025-03-19,12.12,56.827658,2.37143,29965265403.521,29360336003.816,2481833948,2431731461,False
2025-03-20,12.15,56.96832,2.377299,30039436852.54,29433010102.835,2481833948,2431731461,False
2025-03-21,11.92,55.889908,2.332297,29470789076.73,28875842010.354,2481833948,2431731461,False
2025-03-24,11.38,53.357982,2.226639,28135702994.395,27567708228.005,2481833948,2431731461,False
2025-03-25,11.25,52.748445,2.201203,27814293381.981,27252787132.255,2481833948,2431731461,False
2025-03-26,11.26,52.795332,2.20316,27839017198.321,27277011831.928,2481833948,2431731461,False
2025-03-27,11.3,52.982882,2.210986,27937912463.679,27373910630.62,2481833948,2431731461,False
2025-03-28,11.3,52.982882,2.210986,27937912463.679,27373910630.62,2481833948,2431731461,False
2025-03-31,11.17,521.721215,2.199088,27616502851.265,27058989534.87,2481833948,2431731461,False
2025-04-01,11.26,525.924877,2.216807,27839017198.321,27277011831.928,2481833948,2431731461,False
2025-04-02,11.4,532.463908,2.244369,28185150627.074,27616157627.352,2481833948,2431731461,False
2025-04-03,11.27,526.391951,2.218776,27863741014.66,27301236531.601,2481833948,2431731461,False
2025-04-07,10.14,473.612634,1.996307,25069949768.292,24563845468.539,2481833948,2431731461,False
2025-04-08,9.86,460.534573,1.941183,24377682910.785,23885553877.692,2481833948,2431731461,False
2025-04-09,10.38,484.8224,2.043557,25663321360.441,25145238260.694,2481833948,2431731461,False
2025-04-10,10.58,494.163872,2.082932,26157797687.232,25629732254.156,2481833948,2431731461,False
2025-04-11,10.98,512.846816,2.161682,27146750340.814,26598720241.081,2481833948,2431731461,False
2025-04-14,10.91,509.577301,2.147901,26973683626.437,26429147343.369,2481833948,2431731461,False
2025-04-15,10.76,502.571197,2.11837,26602826381.344,26065776848.272,2481833948,2431731461,False
2025-04-16,10.58,494.163872,2.082932,26157797687.232,25629732254.156,2481833948,2431731461,False
2025-04-17,10.53,491.828504,2.073088,26034178605.534,25508608755.791,2481833948,2431731461,False
2025-04-18,10.5,490.427283,2.067182,25960007156.516,25435934656.771,2481833948,2431731461,False
2025-04-21,10.68,498.834608,2.10262,26405035850.627,25871979250.887,2481833948,2431731461,False
2025-04-22,10.75,502.104123,2.116401,26578102565.004,26041552148.599,2481833948,2431731461,False
2025-04-23,10.68,498.834608,2.10262,26405035850.627,25871979250.887,2481833948,2431731461,False
2025-04-24,10.57,493.696798,2.080963,26133073870.893,25605507554.483,2481833948,2431731461,False
2025-04-25,10.78,503.505344,2.122307,26652274014.023,26114226247.618,2481833948,2431731461,False
2025-04-28,10.57,466.634117,2.07347,26133073870.893,25605507554.483,2481833948,2431731461,False
2025-04-29,10.48,462.660884,2.055815,25910559523.837,25387485257.425,2481833948,2431731461,False
2025-04-30,10.38,458.246181,2.036198,25663321360.441,25145238260.694,2481833948,2431731461,False
2025-05-06,10.63,469.282939,2.08524,26281416768.93,25750855752.522,2481833948,2431731461,False
2025-05-07,10.8,476.787934,2.118588,26701721646.702,26162675646.965,2481833948,2431731461,False
2025-05-08,11.06,488.266162,2.169591,27344540871.53,26792517838.466,2481833948,2431731461,False
2025-05-09,10.87,479.878227,2.132319,26874788361.079,26332248544.676,2481833948,2431731461,False
2025-05-12,11.25,496.654098,2.206862,27814293381.981,27252787132.255,2481833948,2431731461,False
2025-05-13,10.94,482.968519,2.146051,27047855075.455,26501821442.388,2481833948,2431731461,False
2025-05-14,10.84,478.553816,2.126434,26800616912.06,26259574445.657,2481833948,2431731461,False
2025-05-15,10.44,460.895003,2.047968,25811664258.479,25290586458.733,2481833948,2431731461,False
2025-05-16,10.44,460.895003,2.047968,25811664258.479,25290586458.733,2481833948,2431731461,False
2025-05-19,11.48,506.807915,2.25198,28382941157.791,27809955224.737,2481833948,2431731461,False
2025-05-20,11.6,512.105559,2.27552,28679626953.865,28634017991.888,2481833948,2477887109,False
2025-05-21,12.27,541.68407,2.406951,30336122648.614,30287879375.902,2481833948,2477887109,False
2025-05-22,11.93,526.674079,2.340255,29495512893.07,29448606434.761,2481833948,2477887109,False
2025-05-23,11.78,520.052025,2.31083,29124655647.977,29078338960.728,2481833948,2477887109,False
2025-05-26,12.22,539.476718,2.397143,30212503566.916,30164456884.558,2481833948,2477887109,False
2025-05-27,12.5,551.837887,2.452069,30904770424.424,30855622836.086,2481833948,2477887109,False
2025-05-28,12.38,546.540243,2.428529,30608084628.349,30559408856.86,2481833948,2477887109,False
2025-05-29,12.69,560.225823,2.489341,31374522934.875,31324628303.195,2481833948,2477887109,False
2025-05-30,13.64,602.165502,2.675698,33723285487.131,33669655638.738,2481833948,2477887109,False
2025-06-03,13.7,604.814324,2.687468,33871628385.168,33817762628.351,2481833948,2477887109,False
2025-06-04,13.4,591.570215,2.628618,33129913894.982,33077227680.285,2481833948,2477887109,False
2025-06-05,13.29,586.714041,2.60704,32857951915.247,32805698199.327,2481833948,2477887109,False
2025-06-06,12.93,570.82111,2.53642,31967894527.024,31917056261.648,2481833948,2477887109,False
2025-06-09,13.09,577.884635,2.567807,32363475588.456,32312008233.95,2481833948,2477887109,False
2025-06-10,12.71,561.108764,2.493264,31423970567.554,31373997299.733,2481833948,2477887109,False
2025-06-11,12.74,562.433174,2.499149,31498142016.572,31448050794.539,2481833948,2477887109,False
2025-06-12,12.76,563.316115,2.503072,31547589649.252,31497419791.077,2481833948,2477887109,False
2025-06-13,13.31,587.596982,2.610963,32907399547.926,32855067195.865,2481833948,2477887109,False
2025-06-16,13.2,582.740809,2.589385,32635437568.191,32583537714.907,2481833948,2477887109,False
2025-06-17,12.87,568.172288,2.52465,31819551628.986,31768949272.035,2481833948,2477887109,False
2025-06-18,12.91,569.93817,2.532497,31918446894.345,31867687265.11,2481833948,2477887109,False
2025-06-19,12.32,543.891421,2.416759,30459741730.312,30411301867.247,2481833948,2477887109,False
2025-06-20,12.5,551.837887,2.452069,30904770424.424,30855622836.086,2481833948,2477887109,False
2025-06-23,12.58,555.369649,2.467762,31102560955.14,31053098822.237,2481833948,2477887109,False
2025-06-24,12.92,570.37964,2.534459,31943170710.684,31892371763.379,2481833948,2477887109,False
2025-06-25,13.29,586.714041,2.60704,32857951915.247,32805698199.327,2481833948,2477887109,False
2025-06-26,13.29,586.714041,2.60704,32857951915.247,32805698199.327,2481833948,2477887109,False
2025-06-27,13.67,603.489913,2.681583,33797456936.15,33743709133.544,2481833948,2477887109,False
2025-06-30,13.94,615.409612,2.734548,34464999977.317,34410190586.804,2481833948,2477887109,False
2025-07-01,13.48,595.101977,2.644311,33327704425.698,33274703666.436,2481833948,2477887109,False
2025-07-02,13.23,584.06522,2.59527,32709609017.21,32657591209.714,2481833948,2477887109,False
2025-07-03,13.27,585.831101,2.603117,32808504282.568,32756329202.789,2481833948,2477887109,False
2025-07-04,13.08,577.443165,2.565845,32338751772.117,32287323735.681,2481833948,2477887109,False
2025-07-07,13.06,576.560224,2.561922,32289304139.438,32237954739.143,2481833948,2477887109,False
2025-07-08,13.07,577.001695,2.563884,32314027955.777,32262639237.412,2481833948,2477887109,False
2025-07-09,12.96,572.145521,2.542305,32042065976.042,31991109756.454,2481833948,2477887109,False
2025-07-10,12.96,572.145521,2.542305,32042065976.042,31991109756.454,2481833948,2477887109,False
2025-07-11,12.91,569.93817,2.532497,31918446894.345,31867687265.11,2481833948,2477887109,False
2025-07-14,12.66,558.901412,2.483456,31300351485.856,31250574808.388,2481833948,2477887109,False
2025-07-15,12.58,555.369649,2.467762,31102560955.14,31053098822.237,2481833948,2477887109,False
2025-07-16,12.51,552.279357,2.454031,30929494240.763,30880307334.355,2481833948,2477887109,False
2025-07-17,12.9,569.496699,2.530535,31893723078.005,31843002766.841,2481833948,2477887109,False
2025-07-18,13.02,574.794343,2.554075,32190408874.08,32139216746.068,2481833948,2477887109,False
2025-07-21,13.01,574.352873,2.552114,32165685057.74,32114532247.799,2481833948,2477887109,False
2025-07-22,12.96,572.145521,2.542305,32042065976.042,31991109756.454,2481833948,2477887109,False
2025-07-23,12.77,563.757585,2.505034,31572313465.591,31522104289.346,2481833948,2477887109,False
2025-07-24,13.07,577.001695,2.563884,32314027955.777,32262639237.412,2481833948,2477887109,False
2025-07-25,13.01,574.352873,2.552114,32165685057.74,32114532247.799,2481833948,2477887109,False
2025-07-28,13.3,587.155512,2.609002,32882675731.587,32830382697.596,2481833948,2477887109,False
2025-07-29,13.34,588.921393,2.616848,32981570996.945,32929120690.671,2481833948,2477887109,False
2025-07-30,13.23,584.06522,2.59527,32709609017.21,32657591209.714,2481833948,2477887109,False
2025-07-31,13.24,584.50669,2.597232,32734332833.549,32682275707.983,2481833948,2477887109,False
2025-08-01,13.19,582.299338,2.587423,32610713751.852,32558853216.638,2481833948,2477887109,False
2025-08-04,13.8,609.229027,2.707084,34118866548.564,34064607611.039,2481833948,2477887109,False
2025-08-05,14.01,618.499904,2.748279,34638066691.694,34582982074.686,2481833948,2477887109,False
2025-08-06,14.03,619.382844,2.752202,34687514324.373,34632351071.223,2481833948,2477887109,False
2025-08-07,13.94,615.409612,2.734548,34464999977.317,34410190586.804,2481833948,2477887109,False
2025-08-08,14.03,619.382844,2.752202,34687514324.373,34632351071.223,2481833948,2477887109,False
2025-08-11,14.13,-250.170076,2.814549,34934752487.768,34879196053.912,2481833948,2477887109,False
2025-08-12,13.72,-242.911072,2.732881,33921076017.847,33867131624.889,2481833948,2477887109,False
2025-08-13,13.77,-243.796316,2.74284,34044695099.545,33990554116.233,2481833948,2477887109,False
2025-08-14,13.79,-244.150414,2.746824,34094142732.224,34039923112.771,2481833948,2477887109,False
2025-08-15,13.8,-244.327463,2.748816,34118866548.564,34064607611.039,2481833948,2477887109,False
2025-08-18,14.05,-248.753685,2.798613,34736961957.052,34681720067.761,2481833948,2477887109,False
2025-08-19,14.4,-254.950396,2.86833,35602295528.936,35545677507.172,2481833948,2477887109,False
2025-08-20,14.25,-252.294663,2.838451,35231438283.843,35175410033.139,2481833948,2477887109,False
2025-08-21,13.86,-245.389756,2.760767,34267209446.601,34212714600.653,2481833948,2477887109,False
2025-08-22,14.2,-251.409419,2.828492,35107819202.145,35051987541.794,2481833948,2477887109,False
2025-08-25,14.64,-259.19957,2.916135,36195667121.085,36138105465.624,2481833948,2477887109,False
2025-08-26,14.53,-257.252032,2.894224,35923705141.35,35866575984.667,2481833948,2477887109,False
2025-08-27,13.98,-247.514343,2.78467,34563895242.675,34508928579.879,2481833948,2477887109,False
2025-08-28,14.59,-258.314325,2.906176,36072048039.387,36014682974.28,2481833948,2477887109,False
2025-08-29,14.62,-258.845472,2.912151,36146219488.406,36088736469.087,2481833948,2477887109,False
2025-09-01,14.32,-253.534005,2.852395,35404504998.22,35348201521.021,2481833948,2477887109,False
2025-09-02,13.64,-241.494681,2.716946,33723285487.131,33669655638.738,2481833948,2477887109,False
2025-09-03,12.62,-223.435695,2.513772,31201456220.498,31151836815.313,2481833948,2477887109,False
2025-09-04,12.21,-216.17669,2.432105,30187779750.577,30139772386.289,2481833948,2477887109,False
2025-09-05,12.3,-217.77013,2.450032,30410294097.633,30361932870.709,2481833948,2477887109,False
2025-09-08,12.77,-226.091428,2.543651,31572313465.591,31522104289.346,2481833948,2477887109,False
2025-09-09,12.85,-227.507819,2.559586,31770103996.307,31719580275.497,2481833948,2477887109,False
2025-09-10,13.8,-244.327463,2.748816,34118866548.564,34064607611.039,2481833948,2477887109,False
2025-09-11,13.69,-242.379925,2.726905,33846904568.829,33793078130.082,2481833948,2477887109,False
2025-09-12,13.9,-246.097952,2.768735,34366104711.959,34311452593.728,2481833948,2477887109,False
2025-09-15,13.58,-240.432388,2.704994,33574942589.094,33521548649.124,2481833948,2477887109,False
2025-09-16,13.51,-239.193045,2.691051,33401875874.717,33348757161.242,2481833948,2477887109,False
2025-09-17,13.35,-236.360263,2.659181,33006294813.284,32953805188.94,2481833948,2477887109,False
2025-09-18,13.09,-231.756992,2.607391,32363475588.456,32312008233.95,2481833948,2477887109,False
2025-09-19,13.2,-233.70453,2.629302,32635437568.191,32583537714.907,2481833948,2477887109,False
2025-09-22,13.27,-234.943872,2.643246,32808504282.568,32756329202.789,2481833948,2477887109,False
2025-09-23,13.31,-235.652068,2.651213,32907399547.926,32855067195.865,2481833948,2477887109,False
2025-09-24,13.42,-237.599605,2.673124,33179361527.661,33126596676.822,2481833948,2477887109,False
2025-09-25,13.33,-236.006165,2.655197,32956847180.605,32904436192.403,2481833948,2477887109,False
2025-09-26,12.98,-229.809454,2.585481,32091513608.721,32040478752.992,2481833948,2477887109,False
2025-09-29,12.85,-227.507819,2.559586,31770103996.307,31719580275.497,2481833948,2477887109,False
2025-09-30,13.09,-231.756992,2.607391,32363475588.456,32312008233.95,2481833948,2477887109,False
2025-10-09,13.1,-231.934041,2.609383,32388199404.796,32336692732.219,2481833948,2477887109,False
2025-10-10,12.68,-224.497988,2.525724,31349799118.535,31299943804.926,2481833948,2477887109,False
2025-10-13,12.73,-225.383232,2.535683,31473418200.233,31423366296.27,2481833948,2477887109,False
2025-10-14,12.33,-218.301277,2.456007,30484465546.651,30435986365.516,2481833948,2477887109,False
2025-10-15,12.49,-221.134059,2.487878,30880046608.084,30830938337.818,2481833948,2477887109,False
2025-10-16,12.18,-215.645544,2.426129,30113608301.558,30065718891.483,2481833948,2477887109,False
2025-10-17,11.65,-206.261953,2.320558,28803246035.563,28757440483.233,2481833948,2477887109,False
2025-10-20,11.72,-207.501295,2.334502,28976312749.939,28930231971.115,2481833948,2477887109,False
2025-10-21,11.77,-208.386539,2.344461,29099931831.637,29053654462.459,2481833948,2477887109,False
2025-10-22,11.68,-206.793099,2.326534,28877417484.581,28831493978.039,2481833948,2477887109,False
2025-10-23,11.7,-207.147197,2.330518,28926865117.26,28880862974.577,2481833948,2477887109,False
2025-10-24,11.97,-211.927517,2.384299,29594408158.428,29547344427.836,2481833948,2477887109,False
2025-10-27,12.12,-214.58325,2.414178,29965265403.521,29917611901.869,2481833948,2477887109,False
2025-10-28,12.2,-215.999641,2.430113,30163055934.237,30115087888.02,2481833948,2477887109,False
2025-10-29,12.21,-216.17669,2.432105,30187779750.577,30139772386.289,2481833948,2477887109,False
2025-10-30,11.94,-96.537187,2.463032,29520236709.409,29473290933.03,2481833948,2477887109,False
2025-10-31,11.71,-94.677593,2.415587,28951588933.6,28905547472.846,2481833948,2477887109,False
2025-11-03,11.87,-95.971224,2.448592,29347169995.033,29300499445.148,2481833948,2477887109,False
2025-11-04,11.58,-93.626518,2.38877,28630179321.186,28584648995.351,2481833948,2477887109,False
2025-11-05,11.54,-93.30311,2.380519,28531284055.828,28485911002.275,2481833948,2477887109,False
2025-11-06,11.57,-93.545666,2.386707,28605455504.846,28559964497.082,2481833948,2477887109,False
2025-11-07,11.75,-95.001001,2.423838,29050484198.958,29004285465.921,2481833948,2477887109,False
2025-11-10,11.82,-95.566964,2.438278,29223550913.335,29177076953.803,2481833948,2477887109,False
2025-11-11,11.69,-94.515889,2.411461,28902141300.921,28856178476.308,2481833948,2477887109,False
2025-11-12,11.75,-95.001001,2.423838,29050484198.958,29004285465.921,2481833948,2477887109,False
2025-11-13,11.84,-95.728668,2.442404,29272998546.014,29226445950.341,2481833948,2477887109,False
2025-11-14,11.88,-96.052075,2.450655,29371893811.372,29325183943.417,2481833948,2477887109,False
2025-11-17,11.94,-96.537187,2.463032,29520236709.409,29473290933.03,2481833948,2477887109,False
2025-11-18,11.69,-94.515889,2.411461,28902141300.921,28856178476.308,2481833948,2477887109,False
2025-11-19,11.69,-94.515889,2.411461,28902141300.921,28856178476.308,2481833948,2477887109,False
2025-11-20,11.73,-94.839297,2.419713,29001036566.279,28954916469.384,2481833948,2477887109,False
2025-11-21,11.32,-91.524368,2.335136,27987360096.358,27942852040.36,2481833948,2477887109,False
2025-11-24,11.97,-96.779743,2.469221,29594408158.428,29547344427.836,2481833948,2477887109,False
2025-11-25,12.1,-97.830818,2.496038,29915817770.842,29868242905.332,2481833948,2477887109,False
2025-11-26,11.88,-96.052075,2.450655,29371893811.372,29325183943.417,2481833948,2477887109,False
2025-11-27,11.91,-96.294631,2.456844,29446065260.391,29399237438.223,2481833948,2477887109,False
2025-11-28,12.01,-97.10315,2.477472,29693303423.786,29646082420.912,2481833948,2477887109,False
2025-12-01,12.25,-99.043596,2.52698,30286675015.935,30238510379.365,2481833948,2477887109,False
2025-12-02,12.36,-99.932967,2.549672,30558636995.67,30510039860.322,2481833948,2477887109,False
2025-12-03,12.09,-97.749966,2.493975,29891093954.502,29843558407.063,2481833948,2477887109,False
2025-12-04,12.33,-99.690412,2.543483,30484465546.651,30435986365.516,2481833948,2477887109,False
2025-12-05,12.7,-102.681933,2.619808,31399246751.214,31349312801.464,2481833948,2477887109,False
2025-12-08,12.81,-103.571304,2.642499,31671208730.949,31620842282.421,2481833948,2477887109,False
2025-12-09,12.97,-104.864934,2.675505,32066789792.382,32015794254.723,2481833948,2477887109,False
2025-12-10,13.11,-105.996861,2.704385,32412923221.135,32361377230.488,2481833948,2477887109,False
2025-12-11,13.18,-106.562824,2.718825,32585989935.512,32534168718.37,2481833948,2477887109,False
2025-12-12,13.33,-107.775603,2.749767,32956847180.605,32904436192.403,2481833948,2477887109,False
2025-12-15,13.25,-107.128788,2.733264,32759056649.889,32706960206.252,2481833948,2477887109,False
2025-12-16,13.08,-105.754305,2.698196,32338751772.117,32287323735.681,2481833948,2477887109,False
2025-12-17,12.82,-103.652156,2.644562,31695932547.289,31645526780.69,2481833948,2477887109,False
2025-12-18,13.16,-106.401121,2.714699,32536542302.833,32484799721.832,2481833948,2477887109,False
2025-12-19,13.13,-106.158565,2.70851,32462370853.814,32410746227.025,2481833948,2477887109,False
2025-12-22,13.34,-107.856455,2.75183,32981570996.945,32929120690.671,2481833948,2477887109,False
2025-12-23,13.08,-105.754305,2.698196,32338751772.117,32287323735.681,2481833948,2477887109,False
2025-12-24,13.48,-108.988382,2.78071,33327704425.698,33274703666.436,2481833948,2477887109,False
2025-12-25,13.69,-110.686272,2.824029,33846904568.829,33793078130.082,2481833948,2477887109,False
2025-12-26,13.95,-112.788422,2.877663,34489723793.657,34434875085.073,2481833948,2477887109,False
2025-12-29,15.35,-124.10769,3.166461,37951058081.192,37890704842.714,2481833948,2477887109,False
2025-12-30,15.12,-122.248096,3.119016,37382410305.383,37322961382.53,2481833948,2477887109,False
2025-12-31,15.75,-127.341767,3.248975,38940010734.774,38878084773.469,2481833948,2477887109,False
2026-01-05,17.33,-140.116369,3.574904,42846373716.421,42778235499.95,2481833948,2477887109,False
2026-01-06,19.06,-154.103751,3.931775,47123593943.161,47048653700.46499,2481833948,2477887109,False
2026-01-07,19.45,-157.256975,4.012226,48087822780.403,48011349132.95099,2481833948,2477887109,False
2026-01-08,20.31,-164.21024,4.18963,50214070985.603,50134215984.073,2481833948,2477887109,False
2026-01-09,20.0,-161.703831,4.125682,49447632679.078,49368996537.738,2481833948,2477887109,False
2026-01-12,22.0,-177.874214,4.53825,54392395946.985,54305896191.512,2481833948,2477887109,False
2026-01-13,24.2,-195.661635,4.992075,59831635541.684,59736485810.663,2481833948,2477887109,False
2026-01-14,26.62,-215.227799,5.491283,65814799095.852,65710134391.73,2481833948,2477887109,False
2026-01-15,23.96,-193.721189,4.942567,59238263949.53501,59144057852.211,2481833948,2477887109,False
2026-01-16,21.56,-174.31673,4.447485,53304548028.046,53219778267.682,2481833948,2477887109,False
2026-01-19,19.4,-156.852716,4.001912,47964203698.705,47887926641.606,2481833948,2477887109,False
2026-01-20,18.1,-146.341967,3.733742,44750107574.565,44678941866.653,2481833948,2477887109,False
2026-01-21,17.7,-143.10789,3.651229,43761154920.984,43691561935.898,2481833948,2477887109,False
2026-01-22,18.29,-147.878153,3.772936,45219860085.016,45147947333.762,2481833948,2477887109,False
2026-01-23,19.57,-158.227198,4.03698,48384508576.477,48307563112.177,2481833948,2477887109,False
2026-01-26,17.61,-142.380223,3.632663,43538640573.928,43469401451.47899,2481833948,2477887109,False
2026-01-27,17.82,-144.078113,3.675983,44057840717.058,43987775915.125,2481833948,2477887109,False
2026-01-28,17.23,-139.30785,3.554275,42599135553.025,42531390517.262,2481833948,2477887109,False
2026-01-29,17.51,-141.571704,3.612035,43291402410.532,43222556468.79,2481833948,2477887109,False
2026-01-30,17.49,-141.41,3.607909,43241954777.853,43173187472.252,2481833948,2477887109,False
2026-02-02,17.0,-137.448256,3.50683,42030487777.216,41963647057.078,2481833948,2477887109,False
2026-02-03,17.87,-144.482373,3.686297,44181459798.756,44111198406.469,2481833948,2477887109,False
2026-02-04,17.7,-143.10789,3.651229,43761154920.984,43691561935.898,2481833948,2477887109,False
2026-02-05,17.39,-140.601481,3.587281,42994716614.458,42926342489.564,2481833948,2477887109,False
2026-02-06,17.47,-141.248296,3.603783,43192507145.174,43123818475.714,2481833948,2477887109,False
2026-02-09,17.95,-145.129188,3.7028,44379250329.472,44308674392.62,2481833948,2477887109,False
2026-02-10,17.63,-142.541927,3.636789,43588088206.607,43518770448.016,2481833948,2477887109,False
2026-02-11,17.34,-140.197221,3.576966,42871097532.76,42802919998.219,2481833948,2477887109,False
2026-02-12,17.12,-138.418479,3.531584,42327173573.29,42259861036.304,2481833948,2477887109,False
2026-02-13,16.73,-135.265254,3.451133,41362944736.048,41297165603.818,2481833948,2477887109,False
2026-02-24,17.05,-137.852516,3.517144,42154106858.914,42087069548.422,2481833948,2477887109,False
2026-02-25,17.47,-141.248296,3.603783,43192507145.174,43123818475.714,2481833948,2477887109,False
2026-02-26,17.54,-141.81426,3.618223,43365573859.551,43296609963.597,2481833948,2477887109,False
2026-02-27,17.66,-142.784483,3.642977,43662259655.626,43592823942.823,2481833948,2477887109,False
2026-03-02,18.73,-151.435638,3.863701,46307708003.956,46234065257.592,2481833948,2477887109,False
2026-03-03,16.92,-136.801441,3.490327,41832697246.5,41766171070.927,2481833948,2477887109,False
2026-03-04,17.11,-138.337627,3.529521,42302449756.95099,42235176538.03501,2481833948,2477887109,False
2026-03-05,17.19,-138.984443,3.546024,42500240287.667,42432652524.186,2481833948,2477887109,False
2026-03-06,17.07,-138.01422,3.52127,42203554491.593,42136438544.96,2481833948,2477887109,False
2026-03-09,17.13,-138.499331,3.533647,42351897389.63,42284545534.573,2481833948,2477887109,False
2026-03-10,17.48,-141.329148,3.605846,43217230961.514,43148502973.983,2481833948,2477887109,False
2026-03-11,17.38,-140.520629,3.585218,42969992798.118,42901657991.295,2481833948,2477887109,False
2026-03-12,16.75,-135.426958,3.455259,41412392368.728,41346534600.356,2481833948,2477887109,False
2026-03-13,16.0,-129.363065,3.300546,39558106143.262,39495197230.191,2481833948,2477887109,False
2026-03-16,16.04,-129.686472,3.308797,39657001408.62,39593935223.266,2481833948,2477887109,False
2026-03-17,15.45,-124.916209,3.18709,38198296244.587,38137549825.403,2481833948,2477887109,False
2026-03-18,15.85,-128.150286,3.269603,39187248898.169,39124929756.158,2481833948,2477887109,False
2026-03-19,15.48,-125.158765,3.193278,38272467693.606,38211603320.21,2481833948,2477887109,False
2026-03-20,14.9,-120.469354,3.073633,36838486345.913,36779902420.615,2481833948,2477887109,False
2026-03-23,14.05,-113.596941,2.898292,34736961957.052,34681720067.761,2481833948,2477887109,False
2026-03-24,14.44,-116.750166,2.978743,35701190794.294,35644415500.247,2481833948,2477887109,False
2026-03-25,14.66,-118.528908,3.024125,36245114753.764,36187474462.162,2481833948,2477887109,False
2026-03-26,14.58,-117.882093,3.007622,36047324223.048,35989998476.011,2481833948,2477887109,False
2026-03-27,14.72,-119.014019,3.036502,36393457651.801,36335581451.775,2481833948,2477887109,False
2026-03-30,14.99,-47.309549,3.258469,37061000692.969,37002062905.03501,2481833948,2477887109,False
2026-03-31,14.99,-47.309549,3.258469,37061000692.969,37002062905.03501,2481833948,2477887109,False
2026-04-01,14.87,-46.93082,3.232384,36764314896.894,36705848925.808,2481833948,2477887109,False
2026-04-02,14.55,-45.920876,3.162823,35973152774.029,35915944981.205,2481833948,2477887109,False
2026-04-03,14.29,-45.100297,3.106305,35330333549.201,35274148026.214,2481833948,2477887109,False
2026-04-07,14.28,-45.068736,3.104132,35305609732.861,35249463527.945,2481833948,2477887109,False
2026-04-08,15.09,-47.625156,3.280206,37308238856.364,37248907887.724,2481833948,2477887109,False
2026-04-09,14.9,-47.025502,3.238905,36838486345.913,36779902420.615,2481833948,2477887109,False
2026-04-10,14.85,-46.867699,3.228036,36714867264.21499,36656479929.27101,2481833948,2477887109,False
2026-04-13,15.05,-47.498913,3.271511,37209343591.006,37150169894.648,2481833948,2477887109,False
2026-04-14,15.5,-48.919147,3.369331,38321915326.28501,38260972316.747,2481833948,2477887109,False
2026-04-15,15.5,-48.919147,3.369331,38321915326.28501,38260972316.747,2481833948,2477887109,False
2026-04-16,15.48,-48.856025,3.364983,38272467693.606,38211603320.21,2481833948,2477887109,False
2026-04-17,15.69,-49.518801,3.410632,38791667836.736,38729977783.856,2481833948,2477887109,False
2026-04-20,16.8,-53.022043,3.65192,41536011450.425,41469957091.7,2481833948,2477887109,False
2026-04-21,16.8,-53.022043,3.65192,41536011450.425,41469957091.7,2481833948,2477887109,False
2026-04-22,16.9,-53.33765,3.673657,41783249613.821,41716802074.389,2481833948,2477887109,False
2026-04-23,16.58,-52.327707,3.604097,40992087490.955,40926898129.78501,2481833948,2477887109,False
2026-04-24,15.93,-50.276258,3.462802,39385039428.885,39322405742.309,2481833948,2477887109,False
2026-04-27,15.82,,3.4371,39113077448.792,39050876260.973,2481833948,2477887109,False
2026-04-28,15.17,,3.2959,37506029386.921,37446383874.343,2481833948,2477887109,False
2026-04-29,15.33,,3.3307,37901610448.672,37841335846.206,2481833948,2477887109,False
2026-04-30,16.1,,3.498,39805344306.857,39742042212.97899,2481833948,2477887109,False
2026-05-06,16.45,,3.574,40670677878.94,40605999652.24,2481833948,2477887109,False
2026-05-07,16.77,,3.6435,41461840001.446,41395903596.963,2481833948,2477887109,False
2026-05-08,17.12,,3.7196,42327173573.53,42259861036.224,2481833948,2477887109,False
2026-05-11,17.1,,3.7152,42277725940.811,42210492039.866,2481833948,2477887109,False
2026-05-12,16.55,,3.5957,40917916041.538,40852844635.028,2481833948,2477887109,False
2026-05-13,16.5,,3.5849,40794296960.239,40729422144.132,2481833948,2477887109,False
2026-05-14,15.51,,3.3698,38346639142.147,38285656815.425,2481833948,2477887109,False
2026-05-15,14.98,,3.2546,37036276876.589,36977378406.945,2481833948,2477887109,False
2026-05-18,16.01,,3.4784,39582829959.123,39519881728.37,2481833948,2477887109,False
2026-05-19,16.1,,3.498,39805344306.857,39742042212.97899,2481833948,2477887109,False
2026-05-20,15.77,,3.4263,38989458367.49299,38927453770.076,2481833948,2477887109,False
2026-05-21,16.17,,3.5592,40131254939.0,40067434553.0,2481833948,2477887109,False
2026-05-22,16.41,,3.612,40726895087.0,40662127459.0,2481833948,2477887109,False
2026-05-25,17.5,,3.852,43432094090.0,43363024408.0,2481833948,2477887109,False
2026-05-26,17.4,,3.83,43183910695.0,43115235697.0,2481833948,2477887109,False
2026-05-27,17.65,,3.885,43804369182.0,43734707474.0,2481833948,2477887109,False
2026-05-28,17.6,,3.874,43680277485.0,43610813118.0,2481833948,2477887109,False
2026-05-29,15.84,,3.4866,39312249736.0,39249731807.0,2481833948,2477887109,False
2026-06-01,15.68,,3.4514,38915156305.0,38853269869.0,2481833948,2477887109,False
2026-06-02,16.05,,3.5328,39833434865.0,39770088099.0,2481833948,2477887109,False
2026-06-03,15.36,,3.3809,38120969441.0,38060345994.0,2481833948,2477887109,False
2026-06-04,14.91,,3.2819,37004144165.0,36945296795.0,2481833948,2477887109,False
2026-06-05,15.92,,3.5042,39510796452.0,39447962775.0,2481833948,2477887109,False
2026-06-08,14.46,,3.1828,35887318888.0,35830247596.0,2481833948,2477887109,False
2026-06-09,14.81,,3.2599,36755960770.0,36697508084.0,2481833948,2477887109,False
2026-06-10,14.06,,3.0948,34894585309.0,34839092753.0,2481833948,2477887109,False
2026-06-11,13.6,,2.9935,33752941693.0,33699264682.0,2481833948,2477887109,False
2026-06-12,13.68,,3.0111,33951488409.0,33897495651.0,2481833948,2477887109,False
2026-06-15,13.83,,3.0048,34323762837.0,34269178593.0,2481833948,2477887109,False
2026-06-16,13.9,,3.02,34497491210.0,34442630690.0,2481833948,2477887109,False
2026-06-17,13.85,,3.0091,34373399515.0,34318736335.0,2481833948,2477887109,False
2026-06-18,13.68,,2.9722,33951487752.0,33897495528.0,2481833948,2477887109,False
2026-06-22,13.38,,2.907,33206937582.0,33154129398.0,2481833948,2477887109,False
2026-06-23,12.74,,2.768,31618563886.0,31568281654.0,2481833948,2477887109,False
2026-06-24,12.77,-38.36,2.81,31693000000.0,31643000000.0,2481833948,2477887109,False
2026-06-25,12.48,-37.49,2.75,30973000000.0,30924000000.0,2481833948,2477887109,False
2026-06-26,12.3,-36.95,2.71,30527000000.0,30478000000.0,2481833948,2477887109,False
2026-06-29,12.08,-36.29,2.66,29981000000.0,29933000000.0,2481833948,2477887109,False
2026-06-30,12.77,-38.36,2.81,31693000000.0,31643000000.0,2481833948,2477887109,False
2026-07-01,12.72,-38.21,2.8,31569000000.0,31519000000.0,2481833948,2477887109,False
2026-07-02,12.18,-36.59,2.68,30229000000.0,30181000000.0,2481833948,2477887109,False
2026-07-03,13.0,-39.05,2.86,32264000000.0,32213000000.0,2481833948,2477887109,False
2026-07-06,12.86,-38.63,2.83,31916000000.0,31866000000.0,2481833948,2477887109,False
2026-07-07,12.4,-37.25,2.73,30775000000.0,30726000000.0,2481833948,2477887109,False
2026-07-08,12.08,-36.29,2.66,29981000000.0,29933000000.0,2481833948,2477887109,False
2026-07-09,12.47,-37.46,2.74,30948000000.0,30899000000.0,2481833948,2477887109,False
2026-07-10,13.58,-40.8,2.99,33703000000.0,33650000000.0,2481833948,2477887109,False
2026-07-13,12.22,-36.71,2.69,30328000000.0,30280000000.0,2481833948,2477887109,False
2026-07-14,11.28,-33.89,2.48,27995000000.0,27951000000.0,2481833948,2477887109,False
2026-07-15,10.72,-32.2,2.36,26605000000.0,26563000000.0,2481833948,2477887109,False
2026-07-16,10.39,-31.21,2.29,25786000000.0,25745000000.0,2481833948,2477887109,False
2026-07-17,9.77,-29.35,2.15,24248000000.0,24209000000.0,2481833948,2477887109,False
2026-07-20,9.54,-28.66,2.1,23677000000.0,23639000000.0,2481833948,2477887109,False
2026-07-21,9.81,-29.47,2.16,24347000000.0,24308000000.0,2481833948,2477887109,False
2026-07-22,9.68,-29.08,2.13,24024000000.0,23986000000.0,2481833948,2477887109,False
2026-07-23,9.9,-29.74,2.18,24570000000.0,24531000000.0,2481833948,2477887109,False
2026-07-24,9.49,-28.51,2.09,23553000000.0,23515000000.0,2481833948,2477887109,False
2026-07-27,9.75,-29.29,2.15,24198000000.0,24159000000.0,2481833948,2477887109,False
2026-07-28,9.69,-29.11,2.13,24049000000.0,24011000000.0,2481833948,2477887109,False
2026-07-29,9.93,-29.83,2.19,24645000000.0,24605000000.0,2481833948,2477887109,False
2026-07-30,9.75,-29.29,2.15,24198000000.0,24159000000.0,2481833948,2477887109,False
2026-07-31,10.0,-30.04,2.2,24818000000.0,24779000000.0,2481833948,2477887109,False
2026-08-03,10.28,-30.88,2.26,25513000000.0,25473000000.0,2481833948,2477887109,False
2026-08-04,10.49,-31.51,2.31,26034000000.0,25993000000.0,2481833948,2477887109,False
2026-08-05,10.63,-31.93,2.34,26382000000.0,26340000000.0,2481833948,2477887109,False
2026-08-06,10.7,-32.14,2.36,26556000000.0,26513000000.0,2481833948,2477887109,False
2026-08-07,10.85,-32.6,2.39,26928000000.0,26885000000.0,2481833948,2477887109,False
2026-08-10,10.92,-32.81,2.4,27102000000.0,27059000000.0,2481833948,2477887109,False
2026-08-11,10.6,-31.84,2.33,26307000000.0,26266000000.0,2481833948,2477887109,False
2026-08-12,10.74,-32.26,2.36,26655000000.0,26613000000.0,2481833948,2477887109,False
2026-08-13,10.55,-31.69,2.32,26183000000.0,26142000000.0,2481833948,2477887109,False
2026-08-14,10.6,-31.84,2.33,26307000000.0,26266000000.0,2481833948,2477887109,False
2026-08-17,10.75,-32.29,2.37,26680000000.0,26637000000.0,2481833948,2477887109,False
2026-08-18,10.61,-31.87,2.34,26332000000.0,26290000000.0,2481833948,2477887109,False
2026-08-19,9.89,-29.71,2.18,24545000000.0,24506000000.0,2481833948,2477887109,False
2026-08-20,9.8,-29.44,2.16,24322000000.0,24283000000.0,2481833948,2477887109,False
2026-08-21,9.89,-29.71,2.18,24545000000.0,24506000000.0,2481833948,2477887109,False
2026-08-24,9.82,-29.5,2.16,24372000000.0,24333000000.0,2481833948,2477887109,False
2026-08-25,9.99,-25.56,2.24,24794000000.0,24754000000.0,2481833948,2477887109,False
2026-08-26,10.0,-25.58,2.24,24818000000.0,24779000000.0,2481833948,2477887109,False
2026-08-27,10.16,-25.99,2.27,25215000000.0,25175000000.0,2481833948,2477887109,False
2026-08-28,10.1,-25.84,2.26,25067000000.0,25027000000.0,2481833948,2477887109,False
