date,close,pe_ttm,pb,total_mv,float_mv,total_share,float_share,is_st
2020-01-02,15.9,68.784974,5.139247,106778177614.5,86592657642.3,6715608655,5446079097,False
2020-01-03,16.0,69.217584,5.171569,107449738480.0,87137265552.0,6715608655,5446079097,False
2020-01-06,16.15,69.866499,5.220053,108457079778.25,87954177416.55,6715608655,5446079097,False
2020-01-07,16.14,69.823238,5.21682,108389923691.7,87899716625.58,6715608655,5446079097,False
2020-01-08,15.54,67.227578,5.022887,104360558498.7,84632069167.38,6715608655,5446079097,False
2020-01-09,16.01,69.260845,5.174801,107516894566.55,87191726342.97,6715608655,5446079097,False
2020-01-10,16.11,69.693455,5.207124,108188455432.05,87736334252.67,6715608655,5446079097,False
2020-01-13,16.19,70.039543,5.232982,108725704124.45,88172020580.43,6715608655,5446079097,False
2020-01-14,15.87,68.655191,5.12955,106576709354.85,86429275269.39,6715608655,5446079097,False
2020-01-15,15.75,68.136059,5.090763,105770836316.25,85775745777.75,6715608655,5446079097,False
2020-01-16,15.7,67.919754,5.074602,105435055883.5,85503441822.9,6715608655,5446079097,False
2020-01-17,15.75,68.136059,5.090763,105770836316.25,85775745777.75,6715608655,5446079097,False
2020-01-20,16.03,69.347367,5.181266,107651206739.65,87300647924.91,6715608655,5446079097,False
2020-01-21,15.6,67.487144,5.04228,104763495018.0,84958833913.2,6715608655,5446079097,False
2020-01-22,15.87,68.655191,5.12955,106576709354.85,86429275269.39,6715608655,5446079097,False
2020-01-23,15.08,65.237573,4.874204,101271378517.4,82126872782.76,6715608655,5446079097,False
2020-02-03,13.57,58.705163,4.386137,91130809448.35,73903293346.29,6715608655,5446079097,False
2020-02-04,13.55,58.618641,4.379673,90996497275.25,73794371764.35,6715608655,5446079097,False
2020-02-05,13.86,59.959732,4.479872,93078335958.3,75482656284.42,6715608655,5446079097,False
2020-02-06,14.62,63.247567,4.725521,98182198536.1,79621676398.14,6715608655,5446079097,False
2020-02-07,14.62,63.247567,4.725521,98182198536.1,79621676398.14,6715608655,5446079097,False
2020-02-10,14.7,63.593655,4.751379,98719447228.5,80057362725.9,6715608655,5446079097,False
2020-02-11,14.56,62.988001,4.706128,97779262016.8,79294911652.32,6715608655,5446079097,False
2020-02-12,14.99,64.848224,4.845114,100666973738.45,81636725664.03,6715608655,5446079097,False
2020-02-13,14.64,63.334089,4.731986,98316510709.2,79730597980.08,6715608655,5446079097,False
2020-02-14,15.3,66.189315,4.945313,102748812421.5,83325010184.1,6715608655,5446079097,False
2020-02-17,15.91,68.828235,5.142479,106845333701.05,86647118433.27,6715608655,5446079097,False
2020-02-18,15.74,68.092798,5.087531,105703680229.7,85721284986.78,6715608655,5446079097,False
2020-02-19,15.76,68.17932,5.093996,105837992402.8,85830206568.72,6715608655,5446079097,False
2020-02-20,17.34,75.014556,5.604688,116448654077.7,94435011541.98,6715608655,5446079097,False
2020-02-21,18.5,80.032831,5.979627,124238760117.5,100752463294.5,6715608655,5446079097,False
2020-02-24,18.66,80.725007,6.031343,125313257502.3,101623835950.02,6715608655,5446079097,False
2020-02-25,19.95,86.305675,6.4483,133976392667.25,108649277985.15,6715608655,5446079097,False
2020-02-26,18.73,81.027834,6.053968,125783350108.15,102005061486.81,6715608655,5446079097,False
2020-02-27,18.98,82.109359,6.134774,127462252271.9,103366581261.06,6715608655,5446079097,False
2020-02-28,17.35,75.057817,5.60792,116515810164.25,94489472332.95,6715608655,5446079097,False
2020-03-02,18.18,66.853482,5.876196,122089765347.9,99009717983.46,6715608655,5446079097,False
2020-03-03,18.45,67.846356,5.963466,123902979684.75,100480159339.65,6715608655,5446079097,False
2020-03-04,19.32,71.045615,6.24467,129745559214.6,105218248154.04,6715608655,5446079097,False
2020-03-05,20.17,74.171328,6.51941,135453826571.35,109847415386.49,6715608655,5446079097,False
2020-03-06,19.17,70.494018,6.196186,128738217916.35,104401336289.49,6715608655,5446079097,False
2020-03-09,17.99,66.154794,5.814783,120813799703.45,97974962955.03,6715608655,5446079097,False
2020-03-10,19.0,69.868876,6.141239,127596564445.0,103475502843.0,6715608655,5446079097,False
2020-03-11,18.17,66.816709,5.872963,122022609261.35,98955257192.49,6715608655,5446079097,False
2020-03-12,18.11,66.596071,5.85357,121619672742.05,98628492446.67,6715608655,5446079097,False
2020-03-13,17.93,65.934155,5.79539,120410863184.15,97648198209.21,6715608655,5446079097,False
2020-03-16,16.47,60.565283,5.323484,110606074547.85,89696922727.59,6715608655,5446079097,False
2020-03-17,16.78,61.705249,5.423683,112687913230.9,91385207247.66,6715608655,5446079097,False
2020-03-18,16.16,59.425318,5.223285,108524235864.8,88008638207.52,6715608655,5446079097,False
2020-03-19,16.73,61.521384,5.407522,112352132798.15,91112903292.81,6715608655,5446079097,False
2020-03-20,16.88,62.07298,5.456006,113359474096.4,91929815157.36,6715608655,5446079097,False
2020-03-23,16.03,58.947267,5.181266,107651206739.65,87300647924.91,6715608655,5446079097,False
2020-03-24,16.68,61.337518,5.391361,112016352365.4,90840599337.96,6715608655,5446079097,False
2020-03-25,16.88,62.07298,5.456006,113359474096.4,91929815157.36,6715608655,5446079097,False
2020-03-26,16.59,61.006561,5.362271,111411947586.45,90350452219.23,6715608655,5446079097,False
2020-03-27,16.64,61.190426,5.378432,111747728019.2,90622756174.08,6715608655,5446079097,False
2020-03-30,16.34,60.087233,5.281465,109733045422.7,88988932444.98,6715608655,5446079097,False
2020-03-31,16.05,59.020814,5.18773,107785518912.75,87409569506.85,6715608655,5446079097,False
2020-04-01,16.07,59.09436,5.194195,107919831085.85,87518491088.79,6715608655,5446079097,False
2020-04-02,16.62,61.11688,5.371968,111613415846.1,90513834592.14,6715608655,5446079097,False
2020-04-03,16.23,59.682729,5.245911,108994328470.65,88389863744.31,6715608655,5446079097,False
2020-04-07,16.77,61.668476,5.420451,112620757144.35,91330746456.69,6715608655,5446079097,False
2020-04-08,16.74,61.558157,5.410754,112419288884.7,91167364083.78,6715608655,5446079097,False
2020-04-09,17.45,64.169047,5.640243,117187371029.75,95034080242.65,6715608655,5446079097,False
2020-04-10,17.13,62.818258,5.423144,115038376260.15,93291334931.61,6715608655,5446079097,False
2020-04-13,17.68,64.83519,5.597267,118731961020.4,96286678434.96,6715608655,5446079097,False
2020-04-14,17.9,65.641963,5.666916,120209394924.5,97484815836.3,6715608655,5446079097,False
2020-04-15,17.32,63.515017,5.483295,116314341904.6,94326089960.04,6715608655,5446079097,False
2020-04-16,17.57,64.431804,5.562442,117993244068.35,95687609734.29,6715608655,5446079097,False
2020-04-17,17.64,64.688504,5.584603,118463336674.2,96068835271.08,6715608655,5446079097,False
2020-04-20,17.7,51.252813,5.380321,118866273193.5,96395600016.9,6715608655,5446079097,False
2020-04-21,17.38,50.326208,5.28305,116717278423.9,94652854705.86,6715608655,5446079097,False
2020-04-22,17.42,50.442034,5.295209,116985902770.1,94870697869.74,6715608655,5446079097,False
2020-04-23,17.14,49.631255,5.210096,115105532346.7,93345795722.58,6715608655,5446079097,False
2020-04-24,16.82,48.70465,5.112825,112956537577.1,91603050411.54,6715608655,5446079097,False
2020-04-27,16.71,48.38613,5.079388,112217820625.05,91003981710.87,6715608655,5446079097,False
2020-04-28,17.23,49.891862,5.237454,115709937125.65,93835942841.31,6715608655,5446079097,False
2020-04-29,17.48,50.615772,5.313447,117388839289.4,95197462615.56,6715608655,5446079097,False
2020-04-30,18.24,52.816458,5.544467,122492701867.2,99336482729.28,6715608655,5446079097,False
2020-05-06,18.42,53.337673,5.599182,123701511425.1,100316776966.74,6715608655,5446079097,False
2020-05-07,18.14,52.526894,5.514069,121821141001.7,98791874819.58,6715608655,5446079097,False
2020-05-08,18.4,53.27976,5.593102,123567199252.0,100207855384.8,6715608655,5446079097,False
2020-05-11,18.25,52.845414,5.547506,122559857953.75,99390943520.25,6715608655,5446079097,False
2020-05-12,18.2,52.700632,5.532308,122224077521.0,99118639565.4,6715608655,5446079097,False
2020-05-13,18.25,52.845414,5.547506,122559857953.75,99390943520.25,6715608655,5446079097,False
2020-05-14,17.89,51.802984,5.438076,120142238837.95,97576605777.44,6715608655,5454254096,False
2020-05-15,17.91,51.860897,5.444156,120276551011.05,97685690859.36,6715608655,5454254096,False
2020-05-18,18.03,52.208373,5.480632,121082424049.65,98340201350.88,6715608655,5454254096,False
2020-05-19,18.26,52.87437,5.550546,122627014040.3,99594679792.96,6715608655,5454254096,False
2020-05-20,17.95,51.976722,5.456315,120545175357.25,97903861023.2,6715608655,5454254096,False
2020-05-21,14.68,51.009579,5.354788,118302162066.48,96082140152.2,8058730386,6545104915,False
2020-05-22,14.19,49.306943,5.176051,114353384177.34,92875038743.85,8058730386,6545104915,False
2020-05-25,14.13,49.098457,5.154165,113869860354.18,92482332448.95,8058730386,6545104915,False
2020-05-26,14.41,50.071392,5.2563,116126304862.26,94314961825.15,8058730386,6545104915,False
2020-05-27,14.23,49.445934,5.190642,114675733392.78,93136842940.45,8058730386,6545104915,False
2020-05-28,14.4,50.036644,5.252653,116045717558.4,94249510776.0,8058730386,6545104915,False
2020-05-29,14.25,49.515429,5.197938,114836908000.5,93267745038.75,8058730386,6545104915,False
2020-06-01,15.44,53.650402,5.632011,124426797159.84,101056419887.6,8058730386,6545104915,False
2020-06-02,15.35,53.337673,5.599182,123701511425.1,100467360445.25,8058730386,6545104915,False
2020-06-03,15.25,52.990196,5.562705,122895638386.5,99812849953.75,8058730386,6545104915,False
2020-06-04,15.25,52.990196,5.562705,122895638386.5,99812849953.75,8058730386,6545104915,False
2020-06-05,15.37,53.407168,5.606477,123862686032.82,100598262543.55,8058730386,6545104915,False
2020-06-08,15.16,52.677467,5.529876,122170352651.76,99223790511.4,8058730386,6545104915,False
2020-06-09,15.72,54.623336,5.734146,126683241667.92,102889049263.8,8058730386,6545104915,False
2020-06-10,15.81,54.936066,5.766975,127408527402.66,103478108706.15,8058730386,6545104915,False
2020-06-11,15.81,54.936066,5.766975,127408527402.66,103478108706.15,8058730386,6545104915,False
2020-06-12,16.13,56.047991,5.8837,129987321126.18,105572542278.95,8058730386,6545104915,False
2020-06-15,16.23,56.395468,5.920177,130793194164.78,106227052770.45,8058730386,6545104915,False
2020-06-16,16.5,57.333655,6.018664,132969051369.0,107994231097.5,8058730386,6545104915,False
2020-06-17,16.42,57.055673,5.989483,132324352938.12,107470622704.3,8058730386,6545104915,False
2020-06-18,16.95,58.8973,6.18281,136595480042.7,110939528309.25,8058730386,6545104915,False
2020-06-19,18.15,63.06702,6.620531,146265956505.9,118793654207.25,8058730386,6545104915,False
2020-06-22,18.94,65.812086,6.908697,152632353510.84,123964287090.1,8058730386,6545104915,False
2020-06-23,19.61,68.14018,7.153092,158031702869.46,128349507383.15,8058730386,6545104915,False
2020-06-24,19.18,66.64603,6.996242,154566448803.48,125535112269.7,8058730386,6545104915,False
2020-06-29,18.5,64.283189,6.7482,149086512141.0,121084440927.5,8058730386,6545104915,False
2020-06-30,20.2,70.190292,7.368304,162786353797.2,132211119303.2,8058730386,6545104916,False
2020-07-01,20.24,70.329283,7.382895,163108703012.64,132472923499.84,8058730386,6545104916,False
2020-07-02,21.9,76.097396,7.988409,176486195453.4,143337797660.4,8058730386,6545104916,False
2020-07-03,22.8,79.224687,8.3167,183739052800.8,149228392084.8,8058730386,6545104916,False
2020-07-06,24.8,86.17422,9.046235,199856513572.8,162318601916.8,8058730386,6545104916,False
2020-07-07,23.58,81.935005,8.601219,190024862501.88,154333573919.28,8058730386,6545104916,False
2020-07-08,25.94,90.135455,9.46207,209043466212.84,169780021521.04,8058730386,6545104916,False
2020-07-09,27.16,94.37467,9.907087,218875117283.76,177765049518.56,8058730386,6545104916,False
2020-07-10,25.63,89.082934,9.351581,206602444859.69,167808224063.59,8060961563,6547336093,False
2020-07-13,26.92,93.566624,9.822261,217001085275.96,176254287623.56,8060961563,6547336093,False
2020-07-14,28.99,100.761383,10.577539,233687275711.37,189807273336.07,8060961563,6547336093,False
2020-07-15,28.02,97.389926,10.223616,225868142995.26,183456357325.86,8060961563,6547336093,False
2020-07-16,25.28,87.866429,9.223877,203781108312.64,165516656431.04,8060961563,6547336093,False
2020-07-17,24.64,85.641962,8.990361,198622092912.32,161326361331.52,8060961563,6547336093,False
2020-07-20,25.8,89.673808,9.413608,207972808325.4,168921271199.4,8060961563,6547336093,False
2020-07-21,25.86,89.882352,9.4355,208456466019.18,169314111364.98,8060961563,6547336093,False
2020-07-22,26.69,92.767207,9.738341,215147064116.47,174748400322.17,8060961563,6547336093,False
2020-07-23,27.53,95.686819,10.044831,221918271829.39,180248162640.29,8060961563,6547336093,False
2020-07-24,25.01,86.927982,9.125362,201604648690.63,163748875685.93,8060961563,6547336093,False
2020-07-27,24.84,86.337108,9.063334,200234285224.92,162635828550.12,8060961563,6547336093,False
2020-07-28,24.89,72.457864,9.081578,200637333303.07,162963195354.77,8060961563,6547336093,False
2020-07-29,26.7,77.726997,9.74199,215227673732.1,174813873683.1,8060961563,6547336093,False
2020-07-30,26.11,76.009434,9.526717,210471706409.93,170950945388.23,8060961563,6547336093,False
2020-07-31,26.67,77.639663,9.731044,214985844885.21,174617453600.31,8060961563,6547336093,False
2020-08-03,27.74,80.754565,10.121453,223611073757.62,181623103219.82,8060961563,6547336093,False
2020-08-04,27.21,79.21167,9.928073,219338764129.23,178153015090.53,8060961563,6547336093,False
2020-08-05,27.67,80.550787,10.095912,223046806448.21,181164789693.31,8060961563,6547336093,False
2020-08-06,28.67,83.46191,10.460781,231107768011.21,187712125786.31,8060961563,6547336093,False
2020-08-07,26.93,78.396555,9.82591,217081694891.59,176319760984.49,8060961563,6547336093,False
2020-08-10,26.5,77.144772,9.669016,213615481419.5,173504406464.5,8060961563,6547336093,False
2020-08-11,25.19,73.331201,9.191038,208141239839.61,170013014250.31,8262851919,6749226449,False
2020-08-12,24.68,71.846528,8.702309,203927185360.92,166570908761.32,8262851919,6749226449,False
2020-08-13,24.91,72.516086,8.783408,205827641302.29,168123230844.59,8262851919,6749226449,False
2020-08-14,25.33,73.738758,8.931503,209298039108.27,170957905953.17,8262851919,6749226449,False
2020-08-17,26.18,76.213213,9.231217,216321463239.42,176694748434.82,8262851919,6749226449,False
2020-08-18,26.19,78.151847,9.466032,216404091758.61,176762240699.31,8262851919,6749226449,False
2020-08-19,25.16,75.078292,9.093752,207893354282.04,169810537456.84,8262851919,6749226449,False
2020-08-20,25.18,75.137973,9.10098,208058611320.42,169945521985.82,8262851919,6749226449,False
2020-08-21,26.15,78.032485,9.451574,216073577681.85,176492271641.35,8262851919,6749226449,False
2020-08-24,25.93,77.375998,9.372058,214255750259.67,175007441822.57,8262851919,6749226449,False
2020-08-25,26.45,78.927696,9.560005,218552433257.55,178517039576.05,8262851919,6749226449,False
2020-08-26,25.28,75.436376,9.137124,208884896512.32,170620444630.72,8262851919,6749226449,False
2020-08-27,25.52,76.152544,9.223869,219807243250.32,182013877648.24,8613136491,7132205237,False
2020-08-28,26.33,78.569612,9.516633,226783883808.03,187790963890.21,8613136491,7132205237,False
2020-08-31,26.16,78.062326,9.455189,225319650604.56,186578488999.92,8613136491,7132205237,False
2020-09-01,26.29,78.45025,9.502175,226439358348.39,187505675680.73,8613136491,7132205237,False
2020-09-02,26.84,80.091469,9.700966,231176583418.44,191428388561.08,8613136491,7132205237,False
2020-09-03,26.33,78.569612,9.516633,226783883808.03,187790963890.21,8613136491,7132205237,False
2020-09-04,25.91,77.316317,9.364829,223166366481.81,184795437690.67,8613136491,7132205237,False
2020-09-07,24.6,76.519164,9.268275,211883157678.6,175452248830.2,8613136491,7132205237,False
2020-09-08,25.01,77.794483,9.422746,215414543639.91,178376452977.37,8613136491,7132205237,False
2020-09-09,23.96,74.528421,9.027149,206370750324.36,170887637478.52,8613136491,7132205237,False
2020-09-10,23.2,72.164414,8.740812,199824766591.2,165467161498.4,8613136491,7132205237,False
2020-09-11,23.46,72.973154,8.83877,202064182078.86,167321534860.02,8613136491,7132205237,False
2020-09-14,23.61,73.439734,8.895284,203356152552.51,168391365645.57,8613136491,7132205237,False
2020-09-15,23.71,73.750787,8.93296,204217466201.61,169104586169.27,8613136491,7132205237,False
2020-09-16,23.32,72.537679,8.786023,200858342970.12,166323026126.84,8613136491,7132205237,False
2020-09-17,23.47,73.004259,8.842537,202150313443.77,167392856912.39,8613136491,7132205237,False
2020-09-18,25.0,77.763378,9.418979,215328412275.0,178305130925.0,8613136491,7132205237,False
2020-09-21,24.45,76.052583,9.211761,210591187204.95,174382418044.65,8613136491,7132205237,False
2020-09-22,24.31,75.617108,9.159015,209385348096.21,173383909311.47,8613136491,7132205237,False
2020-09-23,24.13,75.057212,9.091198,207834983527.83,172100112368.81,8613136491,7132205237,False
2020-09-24,23.75,73.875209,8.94803,204561991661.25,169389874378.75,8613136491,7132205237,False
2020-09-25,24.02,74.715053,9.049755,206887538513.82,171315569792.74,8613136491,7132205237,False
2020-09-28,23.87,74.248473,8.993241,205595568040.17,170245739007.19,8613136491,7132205237,False
2020-09-29,24.21,75.306055,9.121339,208524034447.11,172670688787.77,8613136491,7132205237,False
2020-09-30,23.99,74.621737,9.038452,206629144419.09,171101603635.63,8613136491,7132205237,False
2020-10-09,24.62,76.581374,9.27581,212055420408.42,175594892934.94,8613136491,7132205237,False
2020-10-12,26.09,81.153861,9.829646,224716731050.19,186079234633.33,8613136491,7132205237,False
2020-10-13,26.12,81.247177,9.840949,224975125144.92,186293200790.44,8613136491,7132205237,False
2020-10-14,25.89,80.531754,9.754295,222994103751.99,184652793585.93,8613136491,7132205237,False
2020-10-15,25.72,80.002963,9.690245,221529870548.52,183440318695.64,8613136491,7132205237,False
2020-10-16,25.98,58.353874,9.788203,223769286036.18,185294692057.26,8613136491,7132205237,False
2020-10-19,25.97,58.331413,9.784435,223683154671.27,185223370004.89,8613136491,7132205237,False
2020-10-20,26.75,60.083377,10.078307,230401401134.25,190786490089.75,8613136491,7132205237,False
2020-10-21,26.35,59.184934,9.927604,226956146537.85,187933607994.95,8613136491,7132205237,False
2020-10-22,26.09,58.600946,7.065452,224716731050.19,186079234633.33,8613136491,7132205237,False
2020-10-23,25.19,56.579449,6.821723,216964908208.29,179660249920.03,8613136491,7132205237,False
2020-10-26,24.33,54.647797,6.588825,209557610826.03,173526553416.21,8613136491,7132205237,False
2020-10-27,24.33,54.647797,6.588825,209557610826.03,173526553416.21,8613136491,7132205237,False
2020-10-28,24.34,54.670258,6.591534,209643742190.94,173597875468.58,8613136491,7132205237,False
2020-10-29,24.37,54.737641,6.599658,209902136285.67,173811841625.69,8613136491,7132205237,False
2020-10-30,23.38,52.513995,6.331555,201375131159.58,166750958441.06,8613136491,7132205237,False
2020-11-02,23.52,52.82845,6.369469,202580970268.32,167749467174.24,8613136491,7132205237,False
2020-11-03,24.3,54.580414,6.580701,209299216731.3,173312587259.1,8613136491,7132205237,False
2020-11-04,24.22,54.400725,6.559036,208610165812.02,172742010840.14,8613136491,7132205237,False
2020-11-05,24.98,56.107767,6.764852,215156149545.18,178162486820.26,8613136491,7132205237,False
2020-11-06,25.2,56.60191,6.824431,217051039573.2,179731571972.4,8613136491,7132205237,False
2020-11-09,26.92,60.465215,7.290225,231865634337.72,191998964980.04,8613136491,7132205237,False
2020-11-10,26.67,59.903689,7.222523,229712350214.97,190215913670.79,8613136491,7132205237,False
2020-11-11,25.37,56.983749,6.870469,218515272776.67,180944046862.69,8613136491,7132205237,False
2020-11-12,25.45,57.163437,6.892134,219204323695.95,181514623281.65,8613136491,7132205237,False
2020-11-13,24.96,56.062845,6.759436,214983886815.36,178019842715.52,8613136491,7132205237,False
2020-11-16,25.18,56.556988,6.819015,216878776843.38,179588927867.66,8613136491,7132205237,False
2020-11-17,25.16,56.512066,6.813598,216706514113.56,179446283762.92,8613136491,7132205237,False
2020-11-18,25.31,56.848982,6.85422,217998484587.21,180516114548.47,8613136491,7132205237,False
2020-11-19,25.83,58.016958,6.995042,222477315562.53,184224861271.71,8613136491,7132205237,False
2020-11-20,25.73,57.792347,6.967961,221616001913.43,183511640748.01,8613136491,7132205237,False
2020-11-23,26.34,59.162473,7.133155,226870015172.94,187862285942.58,8613136491,7132205237,False
2020-11-24,26.11,58.645868,7.070869,224888993780.01,186221878738.07,8613136491,7132205237,False
2020-11-25,25.67,57.657581,6.951712,221099213723.97,183083708433.79,8613136491,7132205237,False
2020-11-26,25.92,58.219108,7.019415,223252497846.72,184866759743.04,8613136491,7132205237,False
2020-11-27,26.69,59.948611,7.227939,229884612944.79,190358557775.53,8613136491,7132205237,False
2020-11-30,27.5,61.767958,7.447296,236861253502.5,196135644017.5,8613136491,7132205237,False
2020-12-01,29.42,66.080484,7.967252,253398475565.22,209829478072.54,8613136491,7132205237,False
2020-12-02,28.67,64.395904,7.764144,246938623196.97,204480324144.79,8613136491,7132205237,False
2020-12-03,29.2,65.586341,7.907674,251503585537.2,208260392920.4,8613136491,7132205237,False
2020-12-04,28.36,63.69961,7.680193,244268550884.76,202269340521.32,8613136491,7132205237,False
2020-12-07,27.75,62.329485,7.514998,239014537625.25,197918695326.75,8613136491,7132205237,False
2020-12-08,28.05,63.003317,7.596241,241598478572.55,200058356897.85,8613136491,7132205237,False
2020-12-09,26.7,59.971072,7.230647,229970744309.7,190429879827.9,8613136491,7132205237,False
2020-12-10,26.73,60.038455,7.238771,230229138404.43,190643845985.01,8613136491,7132205237,False
2020-12-11,26.47,59.454467,7.16836,227989722916.77,188789472623.39,8613136491,7132205237,False
2020-12-14,26.59,59.724,7.200858,229023299295.69,189645337251.83,8613136491,7132205237,False
2020-12-15,26.7,59.971072,7.230647,229970744309.7,190429879827.9,8613136491,7132205237,False
2020-12-16,26.15,58.735713,7.081701,225233519239.65,186507166947.55,8613136491,7132205237,False
2020-12-17,27.31,61.341197,7.395842,235224757569.21,194780525022.47,8613136491,7132205237,False
2020-12-18,26.9,60.420293,7.284809,231693371607.9,191856320875.3,8613136491,7132205237,False
2020-12-21,27.59,61.970107,7.471669,237636435786.69,196777542488.83,8613136491,7132205237,False
2020-12-22,26.32,59.117551,7.127739,226697752443.12,187719641837.84,8613136491,7132205237,False
2020-12-23,26.64,59.836305,7.214398,229453956120.24,190001947513.68,8613136491,7132205237,False
2020-12-24,26.53,59.589233,7.184609,228506511106.23,189217404937.61,8613136491,7132205237,False
2020-12-25,26.83,60.263066,7.265852,231090452053.53,191357066508.71,8613136491,7132205237,False
2020-12-28,27.42,61.588269,7.425631,236172202583.22,195565067598.54,8613136491,7132205237,False
2020-12-29,27.59,61.970107,7.471669,237636435786.69,196777542488.83,8613136491,7132205237,False
2020-12-30,28.93,64.979892,7.834555,249178038684.63,206334697506.41,8613136491,7132205237,False
2020-12-31,31.0,69.629334,8.395133,267007231221.0,221098362347.0,8613136491,7132205237,False
2021-01-04,32.2,72.324663,8.720106,277342995010.2,229657008631.4,8613136491,7132205237,False
2021-01-05,32.43,72.841268,8.782393,279324016403.13,231297415835.91,8613136491,7132205237,False
2021-01-06,33.1,74.34616,8.963836,285094817852.1,236075993344.7,8613136491,7132205237,False
2021-01-07,34.7,77.939932,9.397133,298875836237.7,247487521723.9,8613136491,7132205237,False
2021-01-08,33.9,76.143046,9.180484,291985327044.9,241781757534.3,8613136491,7132205237,False
2021-01-11,33.03,74.188933,8.944879,284491898297.73,235576738978.11,8613136491,7132205237,False
2021-01-12,38.18,85.756386,10.339554,328849551226.38,272307595948.66,8613136491,7132205237,False
2021-01-13,38.86,87.28374,10.523706,334706484040.26,277157495509.82,8613136491,7132205237,False
2021-01-14,36.52,82.027848,9.890008,314551744651.32,260468135255.24,8613136491,7132205237,False
2021-01-15,36.04,80.949716,9.760019,310417439135.64,257044676741.48,8613136491,7132205237,False
2021-01-18,37.78,84.857943,10.23123,325404296629.98,269454713853.86,8613136491,7132205237,False
2021-01-19,37.04,83.195824,10.03083,319030575626.64,264176881978.48,8613136491,7132205237,False
2021-01-20,37.45,84.116728,10.141862,322561961587.95,267101086125.65,8613136491,7132205237,False
2021-01-21,39.68,89.125548,10.74577,341769255962.88,283005903804.16,8613136491,7132205237,False
2021-01-22,39.35,88.384332,10.656403,338926920920.85,280652276075.95,8613136491,7132205237,False
2021-01-25,39.56,88.856015,10.713273,340735679583.96,282150039175.72,8613136491,7132205237,False
2021-01-26,36.62,82.252459,9.91709,315413058300.42,261181355778.94,8613136491,7132205237,False
2021-01-27,37.2,83.555201,10.07416,320408677465.2,265318034816.4,8613136491,7132205237,False
2021-01-28,36.2,81.309094,9.803349,311795540974.2,258185829579.4,8613136491,7132205237,False
2021-01-29,35.2,79.062986,9.532538,303182404483.2,251053624342.4,8613136491,7132205237,False
2021-02-01,35.88,80.590339,9.71669,309039337297.08,255903523903.56,8613136491,7132205237,False
2021-02-02,36.85,82.769063,9.979376,317394079693.35,262821762983.45,8613136491,7132205237,False
2021-02-03,35.34,79.377441,9.570452,304388243591.94,252052133075.58,8613136491,7132205237,False
2021-02-04,35.39,79.489746,9.583992,304818900416.49,252408743337.43,8613136491,7132205237,False
2021-02-05,35.37,79.444824,9.578576,304646637686.67,252266099232.69,8613136491,7132205237,False
2021-02-08,35.84,80.500495,9.705857,308694811837.44,255618235694.08,8613136491,7132205237,False
2021-02-09,38.16,85.711464,10.334138,328677288496.56,272164951843.92,8613136491,7132205237,False
2021-02-10,38.49,86.45268,10.423506,331519623538.59,274518579572.13,8613136491,7132205237,False
2021-02-18,37.62,84.498566,10.1879,324026194791.42,268313561015.94,8613136491,7132205237,False
2021-02-19,36.82,82.70168,9.971252,317135685598.62,262607796826.34,8613136491,7132205237,False
2021-02-22,33.63,75.536597,9.107365,289659780192.33,239856062120.31,8613136491,7132205237,False
2021-02-23,33.55,75.356908,9.085701,288970729273.05,239285485701.35,8613136491,7132205237,False
2021-02-24,32.65,73.335412,8.841971,281218906431.15,232866500988.05,8613136491,7132205237,False
2021-02-25,31.67,71.134226,8.576576,272778032669.97,225876939855.79,8613136491,7132205237,False
2021-02-26,30.38,68.236748,8.22723,261667086596.58,216676395100.06,8613136491,7132205237,False
2021-03-01,31.33,56.458205,8.484501,269849566263.03,223451990075.21,8613136491,7132205237,False
2021-03-02,30.73,55.376976,8.322014,264681684368.43,219172666933.01,8613136491,7132205237,False
2021-03-03,31.8,57.305169,8.611782,273897740413.8,226804126536.6,8613136491,7132205237,False
2021-03-04,30.12,54.277726,8.15682,259427671108.92,214822021738.44,8613136491,7132205237,False
2021-03-05,30.69,55.304894,8.311182,264337158908.79,218887378723.53,8613136491,7132205237,False
2021-03-08,28.81,51.917041,7.802058,248144462305.71,205478832877.97,8613136491,7132205237,False
2021-03-09,27.53,49.610418,7.45542,237119647597.23,196349610174.61,8613136491,7132205237,False
2021-03-10,27.81,50.114992,7.531247,239531325814.71,198346627640.97,8613136491,7132205237,False
2021-03-11,28.6,51.538611,7.745187,246335703642.6,203981069778.2,8613136491,7132205237,False
2021-03-12,28.16,50.745709,7.626031,242545923586.56,200842899473.92,8613136491,7132205237,False
2021-03-15,27.33,49.250008,7.401258,235397020299.03,194923169127.21,8613136491,7132205237,False
2021-03-16,27.21,49.033762,7.36876,234363443920.11,194067304498.77,8613136491,7132205237,False
2021-03-17,27.37,49.32209,7.41209,235741545758.67,195208457336.69,8613136491,7132205237,False
2021-03-18,28.24,50.889873,7.647696,243234974505.84,201413475892.88,8613136491,7132205237,False
2021-03-19,27.15,48.925639,7.352512,233846655730.65,193639372184.55,8613136491,7132205237,False
2021-03-22,27.61,49.754582,7.477085,237808698516.51,196920186593.57,8613136491,7132205237,False
2021-03-23,27.15,48.925639,7.352512,233846655730.65,193639372184.55,8613136491,7132205237,False
2021-03-24,27.07,48.781475,7.330847,233157604811.37,193068795765.59,8613136491,7132205237,False
2021-03-25,27.23,49.069803,7.374177,234535706649.93,194209948603.51,8613136491,7132205237,False
2021-03-26,28.1,50.637586,7.609782,242029135397.1,200414967159.7,8613136491,7132205237,False
2021-03-29,27.77,50.04291,7.520414,239186800355.07,198061339431.49,8613136491,7132205237,False
2021-03-30,27.95,50.367279,7.56916,240737164923.45,199345136374.15,8613136491,7132205237,False
2021-03-31,27.26,49.123865,7.382301,234794100744.66,194423914760.62,8613136491,7132205237,False
2021-04-01,28.2,50.817791,7.636863,242890449046.2,201128187683.4,8613136491,7132205237,False
2021-04-02,28.87,52.025164,7.818306,248661250495.17,205906765192.19,8613136491,7132205237,False
2021-04-06,28.61,51.556631,7.747895,246421835007.51,204052391830.57,8613136491,7132205237,False
2021-04-07,27.88,50.241135,7.550204,240134245369.08,198845882007.56,8613136491,7132205237,False
2021-04-08,28.1,50.637586,7.609782,242029135397.1,200414967159.7,8613136491,7132205237,False
2021-04-09,27.68,49.880725,7.496041,238411618070.88,197419440960.16,8613136491,7132205237,False
2021-04-12,26.85,48.385024,7.271269,231262714783.35,191499710613.45,8613136491,7132205237,False
2021-04-13,27.04,48.727414,7.322723,232899210716.64,192854829608.48,8613136491,7132205237,False
2021-04-14,28.38,51.14216,7.685609,244440813614.58,202411984626.06,8613136491,7132205237,False
2021-04-15,28.54,51.430488,7.728939,245818915453.14,203553137463.98,8613136491,7132205237,False
2021-04-16,28.57,51.484549,7.737063,246077309547.87,203767103621.09,8613136491,7132205237,False
2021-04-19,30.12,54.277726,8.15682,259427671108.92,214822021738.44,8613136491,7132205237,False
2021-04-20,29.78,53.665029,8.064744,256499204701.98,212397071957.86,8613136491,7132205237,False
2021-04-21,29.93,53.935336,8.105366,257791175175.63,213466902743.41,8613136491,7132205237,False
2021-04-22,30.51,54.980525,8.262436,262786794340.41,217603581780.87,8613136491,7132205237,False
2021-04-23,31.59,56.926738,8.554912,272088981750.69,225306363436.83,8613136491,7132205237,False
2021-04-26,31.02,55.89957,8.400549,267179493950.82,221241006451.74,8613136491,7132205237,False
2021-04-27,30.21,44.747304,7.415662,260202853393.11,215463920209.77,8613136491,7132205237,False
2021-04-28,31.75,47.028365,7.793687,273467083589.25,226447516274.75,8613136491,7132205237,False
2021-04-29,31.99,47.383855,7.8526,275534236347.09,228159245531.63,8613136491,7132205237,False
2021-04-30,32.24,47.754157,7.913967,277687520469.84,229942296840.88,8613136491,7132205237,False
2021-05-06,31.3,46.361821,7.683225,269591172168.3,223238023918.1,8613136491,7132205237,False
2021-05-07,30.19,44.71768,7.410753,260030590663.29,215321276105.03,8613136491,7132205237,False
2021-05-10,29.99,44.421438,7.361659,258307963365.09,213894835057.63,8613136491,7132205237,False
2021-05-11,30.66,45.413848,7.526124,264078764814.06,218673412566.42,8613136491,7132205237,False
2021-05-12,30.46,45.117606,7.47703,262356137515.86,217246971519.02,8613136491,7132205237,False
2021-05-13,30.5,45.176854,7.486849,262700662975.5,217532259728.5,8613136491,7132205237,False
2021-05-14,34.4,50.953567,8.444183,296291895290.4,245347860152.8,8613136491,7132205237,False
2021-05-17,34.32,50.83507,8.424546,295602844371.12,244777283733.84,8613136491,7132205237,False
2021-05-18,34.41,50.968379,8.446638,296378026655.31,245419182205.17,8613136491,7132205237,False
2021-05-19,35.22,52.168158,8.645469,303354667213.02,251196268447.14,8613136491,7132205237,False
2021-05-20,35.72,52.908762,8.768204,307661235458.52,254762371065.64,8613136491,7132205237,False
2021-05-21,34.49,51.086875,8.466276,297067077574.59,245989758624.13,8613136491,7132205237,False
2021-05-24,35.35,52.360715,8.67738,304474374956.85,252123455127.95,8613136491,7132205237,False
2021-05-25,37.98,56.256293,9.322968,327126923928.18,270881154901.26,8613136491,7132205237,False
2021-05-26,37.62,55.723058,9.234598,324026194791.42,268313561015.94,8613136491,7132205237,False
2021-05-27,31.42,55.847479,9.255218,324749698250.38,268912666243.28,10335763789,8558646284,False
2021-05-28,31.31,55.65196,9.222816,323612764233.59,267971215152.04,10335763789,8558646284,False
2021-05-31,31.8,56.52291,9.367152,328677288490.2,272164951831.2,10335763789,8558646284,False
2021-06-01,31.36,55.740832,9.237544,324129552423.04,268399147466.24,10335763789,8558646284,False
2021-06-02,30.64,54.461068,9.025457,316687802494.96,262236922141.76,10335763789,8558646284,False
2021-06-03,30.86,54.852107,9.090262,318961670528.54,264119824324.24,10335763789,8558646284,False
2021-06-04,31.02,55.136499,9.137392,320615392734.78,265489207729.68,10335763789,8558646284,False
2021-06-07,31.2,55.45644,9.190414,322475830216.8,267029764060.8,10335763789,8558646284,False
2021-06-08,30.87,54.869882,9.093207,319065028166.43,264205410787.08,10335763789,8558646284,False
2021-06-09,30.4,54.03448,8.954762,314207219185.6,260182847033.6,10335763789,8558646284,False
2021-06-10,31.29,55.616411,9.216924,323406048957.81,267800042226.36,10335763789,8558646284,False
2021-06-11,31.37,55.758607,9.24049,324232910060.93,268484733929.08,10335763789,8558646284,False
2021-06-15,30.85,54.834333,9.087316,318858312890.65,264034237861.4,10335763789,8558646284,False
2021-06-16,28.83,51.243884,8.492296,297980070036.87,246745772367.72,10335763789,8558646284,False
2021-06-17,29.67,52.736942,8.73973,306662111619.63,253935035246.28,10335763789,8558646284,False
2021-06-18,30.24,53.750088,8.907632,312553496979.36,258813463628.16,10335763789,8558646284,False
2021-06-21,30.62,54.425519,9.019566,316481087219.18,262065749216.08,10335763789,8558646284,False
2021-06-22,30.57,54.336647,9.004838,315964299029.73,261637816901.88,10335763789,8558646284,False
2021-06-23,30.96,55.029852,9.119718,319995246907.44,264975688952.64,10335763789,8558646284,False
2021-06-24,30.5,54.212225,8.984218,315240795564.5,261038711662.0,10335763789,8558646284,False
2021-06-25,32.7,58.122615,9.63226,337979475900.3,279867733486.8,10335763789,8558646284,False
2021-06-28,32.78,58.264811,9.655826,338806337003.42,280552425189.52,10335763789,8558646284,False
2021-06-29,31.75,56.434038,9.352424,328160500300.75,271737019517.0,10335763789,8558646284,False
2021-06-30,32.79,58.282586,9.658771,338909694641.31,279815478830.64,10335763789,8533561416,False
2021-07-01,31.16,55.385342,9.178631,322062399665.24,265905773722.56,10335763789,8533561416,False
2021-07-02,29.72,52.825814,8.754458,307178899809.08,253617445283.52,10335763789,8533561416,False
2021-07-05,29.81,52.985785,8.780969,308109118550.09,254385465810.96,10335763789,8533561416,False
2021-07-06,30.05,53.412373,8.851664,310589701859.45,256433520550.8,10335763789,8533561416,False
2021-07-07,30.48,54.176676,8.978327,315034080288.72,260102951959.68,10335763789,8533561416,False
2021-07-08,31.2,55.45644,9.190414,322475830216.8,266247116179.2,10335763789,8533561416,False
2021-07-09,31.49,55.971901,9.275837,325473201715.61,268721848989.84,10335763789,8533561416,False
2021-07-12,32.99,58.638076,9.717684,340976847399.11,281522191113.84,10335763789,8533561416,False
2021-07-13,32.32,57.447184,9.520326,334051885660.48,275804704965.12,10335763789,8533561416,False
2021-07-14,32.15,57.145018,9.47025,332294805816.35,274353999524.4,10335763789,8533561416,False
2021-07-15,33.09,58.815821,9.747141,342010423778.01,282375547255.44,10335763789,8533561416,False
2021-07-16,32.5,57.767125,9.573347,335912323142.5,277340746020.0,10335763789,8533561416,False
2021-07-19,32.58,57.909321,9.596913,336739184245.62,278023430933.28,10335763789,8533561416,False
2021-07-20,32.47,57.713802,9.564511,335602250228.83,277084739177.52,10335763789,8533561416,False
2021-07-21,34.19,60.771016,10.071162,353379763945.91,291762464813.04,10335763789,8533561416,False
2021-07-22,35.09,62.370721,10.33627,362681951356.01,299442670087.44,10335763789,8533561416,False
2021-07-23,34.12,60.646594,10.050542,352656260480.68,291165115513.92,10335763789,8533561416,False
2021-07-26,32.82,50.655974,9.318823,339219767554.98,280071485673.12,10335763789,8533561416,False
2021-07-27,30.98,47.816029,8.796378,320201962183.22,264369732667.68,10335763789,8533561416,False
2021-07-28,30.49,47.05974,8.657249,315137437926.61,260188287573.84,10335763789,8533561416,False
2021-07-29,32.09,49.529257,9.111549,331674659989.01,273841985839.44,10335763789,8533561416,False
2021-07-30,31.05,47.924071,8.816254,320925465648.45,264967081966.8,10335763789,8533561416,False
2021-08-02,33.03,50.980098,9.37845,341390277950.67,281863533570.48,10335763789,8533561416,False
2021-08-03,33.23,51.288788,9.435237,343457430708.47,283570245853.68,10335763789,8533561416,False
2021-08-04,33.57,51.813561,9.531776,346971590396.73,286471656735.12,10335763789,8533561416,False
2021-08-05,32.69,50.455326,9.281911,337876118262.41,278962122689.04,10335763789,8533561416,False
2021-08-06,32.93,50.825754,9.350056,340356701571.77,281010177428.88,10335763789,8533561416,False
2021-08-09,33.26,51.335092,9.443755,343767503622.14,283826252696.16,10335763789,8533561416,False
2021-08-10,33.7,52.014209,9.568688,348315239689.3,287581019719.2,10335763789,8533561416,False
2021-08-11,32.96,50.872057,9.358574,340666774485.44,281266184271.36,10335763789,8533561416,False
2021-08-12,32.06,49.482954,9.103031,331364587075.34,273585978996.96,10335763789,8533561416,False
2021-08-13,32.16,49.637298,9.131424,332398163454.24,274439335138.56,10335763789,8533561416,False
2021-08-16,32.19,49.683602,9.139942,332708236367.91,274695341981.04,10335763789,8533561416,False
2021-08-17,30.98,47.816029,8.796378,320201962183.22,264369732667.68,10335763789,8533561416,False
2021-08-18,33.21,51.257919,9.429558,343250715432.69,283399574625.36,10335763789,8533561416,False
2021-08-19,32.08,49.513823,9.108709,331571302351.12,273756650225.28,10335763789,8533561416,False
2021-08-20,31.41,48.479712,8.918471,324646340612.49,268039164076.56,10335763789,8533561416,False
2021-08-23,31.53,48.664926,8.952544,325886632267.17,269063191446.48,10335763789,8533561416,False
2021-08-24,32.17,49.652733,9.134264,332501521092.13,274524670752.72,10335763789,8533561416,False
2021-08-25,31.54,48.68036,8.955383,325989989905.06,269148527060.64,10335763789,8533561416,False
2021-08-26,30.98,47.816029,8.796378,320201962183.22,264369732667.68,10335763789,8533561416,False
2021-08-27,31.0,47.846898,8.802057,320408677459.0,264540403896.0,10335763789,8533561416,False
2021-08-30,30.52,47.106043,8.665767,315447510840.28,260444294416.32,10335763789,8533561416,False
2021-08-31,30.95,47.769726,8.78786,319891889269.55,264113725825.2,10335763789,8533561416,False
2021-09-01,31.74,48.98905,9.012171,328057142662.86,270855239343.84,10335763789,8533561416,False
2021-09-02,31.74,48.98905,9.012171,328057142662.86,270855239343.84,10335763789,8533561416,False
2021-09-03,31.28,48.279064,8.881559,323302691319.92,266929801092.48,10335763789,8533561416,False
2021-09-06,32.99,50.91836,9.367092,340976847399.11,281522191113.84,10335763789,8533561416,False
2021-09-07,34.2,52.785933,9.710656,353483121583.8,291847800427.2,10335763789,8533561416,False
2021-09-08,35.29,54.468292,10.020148,364749104113.81,301149382370.64,10335763789,8533561416,False
2021-09-09,35.26,54.421988,10.01163,364439031200.14,300893375528.16,10335763789,8533561416,False
2021-09-10,35.45,54.715243,10.065578,366402826320.05,302514752197.2,10335763789,8533561416,False
2021-09-13,36.16,55.811092,10.267174,373741218610.24,308573580802.56,10335763789,8533561416,False
2021-09-14,35.4,54.638071,10.051381,365886038130.6,302088074126.4,10335763789,8533561416,False
2021-09-15,35.31,54.499161,10.025827,364955819389.59,301320053598.96,10335763789,8533561416,False
2021-09-16,34.08,52.600719,9.676584,352242829929.12,290823773057.28,10335763789,8533561416,False
2021-09-17,34.7,53.557657,9.852625,358651003478.3,296114581135.2,10335763789,8533561416,False
2021-09-22,34.35,53.01745,9.753247,355033486152.15,293127834639.6,10335763789,8533561416,False
2021-09-23,34.33,52.986581,9.747568,354826770876.37,292957163411.28,10335763789,8533561416,False
2021-09-24,34.31,52.955712,9.741889,354620055600.59,292786492182.96,10335763789,8533561416,False
2021-09-27,32.94,50.841188,9.352895,340460059209.66,281095513043.04,10335763789,8533561416,False
2021-09-28,34.3,52.940278,9.73905,354516697962.7,292701156568.8,10335763789,8533561416,False
2021-09-29,33.68,51.98334,9.563009,348108524413.52,287410348490.88,10335763789,8533561416,False
2021-09-30,34.37,53.048319,9.758926,355240201427.93,293298505867.92,10335763789,8533561416,False
2021-10-08,34.59,53.387878,9.821392,357514069461.51,295175889379.44,10335763789,8533561416,False
2021-10-11,34.41,53.110057,9.770283,355653631979.49,293639848324.56,10335763789,8533561416,False
2021-10-12,32.78,50.594236,9.307465,338806337003.42,279730143216.48,10335763789,8533561416,False
2021-10-13,33.2,51.242485,9.426719,343147357794.8,283314239011.2,10335763789,8533561416,False
2021-10-14,33.1,51.08814,9.398325,342113781415.9,282460882869.6,10335763789,8533561416,False
2021-10-15,33.87,52.276595,9.616957,350072319533.43,289031725159.92,10335763789,8533561416,False
2021-10-18,33.61,45.621048,8.91301,347385020948.29,286812999191.76,10335763789,8533561416,False
2021-10-19,33.43,45.376722,8.865276,345524583466.27,285276958136.88,10335763789,8533561416,False
2021-10-20,33.46,45.417443,8.873231,345834656379.94,285532964979.36,10335763789,8533561416,False
2021-10-21,33.57,45.566753,8.902402,346971590396.73,286471656735.12,10335763789,8533561416,False
2021-10-22,33.24,45.118822,8.81489,343560788346.36,283655581467.84,10335763789,8533561416,False
2021-10-25,33.94,46.068978,9.000522,350795822998.66,289629074459.04,10335763789,8533561416,False
2021-10-26,33.91,46.028257,8.992566,350485750084.99,289373067616.56,10335763789,8533561416,False
2021-10-27,32.9,44.657318,8.724725,340046628658.1,280754170586.4,10335763789,8533561416,False
2021-10-28,32.3,43.842899,8.565612,333845170384.7,275634033736.8,10335763789,8533561416,False
2021-10-29,32.9,44.657318,8.724725,340046628658.1,280754170586.4,10335763789,8533561416,False
2021-11-01,32.61,44.263682,8.64782,337049257159.29,278279437775.76,10335763789,8533561416,False
2021-11-02,32.0,43.43569,8.486055,330744441248.0,273073965312.0,10335763789,8533561416,False
2021-11-03,32.45,44.046504,8.60539,335395534953.05,276914067949.2,10335763789,8533561416,False
2021-11-04,32.57,44.209388,8.637213,336635826607.73,277938095319.12,10335763789,8533561416,False
2021-11-05,32.73,44.426566,8.679643,338289548813.97,279303465145.68,10335763789,8533561416,False
2021-11-08,33.32,45.227412,8.836105,344387649449.48,284338266381.12,10335763789,8533561416,False
2021-11-09,33.49,45.458164,8.881187,346144729293.61,285788971821.84,10335763789,8533561416,False
2021-11-10,33.62,45.634621,8.915662,347488378586.18,286898334805.92,10335763789,8533561416,False
2021-11-11,35.35,47.982863,9.374439,365369249941.15,301661396055.6,10335763789,8533561416,False
2021-11-12,35.43,48.091452,9.395654,366196111044.27,302344080968.88,10335763789,8533561416,False
2021-11-15,35.33,47.955716,9.369135,365162534665.37,301490724827.28,10335763789,8533561416,False
2021-11-16,34.79,47.222739,9.225933,359581222219.31,296882601662.64,10335763789,8533561416,False
2021-11-17,35.15,47.71139,9.321401,363302097183.35,299954683772.4,10335763789,8533561416,False
2021-11-18,34.69,47.087002,9.199414,358547645840.41,296029245521.04,10335763789,8533561416,False
2021-11-19,35.22,47.806406,9.339964,364025600648.58,300552033071.52,10335763789,8533561416,False
2021-11-22,35.86,48.67512,9.509685,370640489473.54,306013512377.76,10335763789,8533561416,False
2021-11-23,35.69,48.444367,9.464603,368883409629.41,304562806937.04,10335763789,8533561416,False
2021-11-24,35.29,47.901421,9.358528,364749104113.81,301149382370.64,10335763789,8533561416,False
2021-11-25,34.9,47.372049,9.255104,360718156236.1,297821293418.4,10335763789,8533561416,False
2021-11-26,34.73,47.141297,9.210022,358961076391.97,296370587977.68,10335763789,8533561416,False
2021-11-29,34.81,47.249886,9.231237,359787937495.09,297053272890.96,10335763789,8533561416,False
2021-11-30,34.64,47.019134,9.186155,358030857650.96,295602567450.24,10335763789,8533561416,False
2021-12-01,34.74,47.15487,9.212673,359064434029.86,296455923591.84,10335763789,8533561416,False
2021-12-02,34.97,47.467064,9.273667,361441659701.33,298418642717.52,10335763789,8533561416,False
2021-12-03,34.87,47.331328,9.247148,360408083322.43,297565286575.92,10335763789,8533561416,False
2021-12-06,35.29,47.901421,9.358528,364749104113.81,301149382370.64,10335763789,8533561416,False
2021-12-07,35.45,48.1186,9.400958,366402826320.05,302514752197.2,10335763789,8533561416,False
2021-12-08,36.13,49.041608,9.581286,373431145696.57,308317573960.08,10335763789,8533561416,False
2021-12-09,37.23,50.53471,9.872995,384800485864.47,317704491517.68,10335763789,8533561416,False
2021-12-10,36.9,50.086779,9.785482,381389683814.1,314888416250.4,10335763789,8533561416,False
2021-12-13,38.13,51.756339,10.111665,394102673274.57,325384696792.08,10335763789,8533561416,False
2021-12-14,38.31,52.000665,10.159399,395963110756.59,326920737846.96,10335763789,8533561416,False
2021-12-15,38.67,52.489316,10.254867,399683985720.63,329992819956.72,10335763789,8533561416,False
2021-12-16,38.78,52.638626,10.284038,400820919737.42,330931511712.48,10335763789,8533561416,False
2021-12-17,37.93,51.484866,10.058627,392035520516.77,323677984508.88,10335763789,8533561416,False
2021-12-20,37.57,50.996214,9.963159,388314645552.73,320605902399.12,10335763789,8533561416,False
2021-12-21,37.69,51.159098,9.994982,389554937207.41,321629929769.04,10335763789,8533561416,False
2021-12-22,37.35,50.697594,9.904817,386040777519.15,318728518887.6,10335763789,8533561416,False
2021-12-23,37.47,50.860478,9.93664,387281069173.83,319752546257.52,10335763789,8533561416,False
2021-12-24,37.31,50.643299,9.89421,385627346967.59,318387176430.96,10335763789,8533561416,False
2021-12-27,36.97,50.181795,9.804045,382113187279.33,315485765549.52,10335763789,8533561416,False
2021-12-28,37.66,51.118377,9.987026,389244864293.74,321373922926.56,10335763789,8533561416,False
2021-12-29,36.31,49.285934,9.629021,375291583178.59,309853615014.96,10335763789,8533561416,False
2021-12-30,37.04,50.276811,9.822609,382836690744.56,316083114848.64,10335763789,8533561416,False
2021-12-31,37.11,50.371826,9.841172,384694426699.05,318879191977.17,10366327855,8592810347,False
2022-01-04,35.86,48.67512,9.509685,371736516880.3,308138179043.42,10366327855,8592810347,False
2022-01-05,35.07,47.743568,9.327688,363547117874.85,301349858869.29,10366327855,8592810347,False
2022-01-06,33.96,46.232437,9.032457,352040493955.8,291811839384.12,10366327855,8592810347,False
2022-01-07,33.75,45.946548,8.976603,349863565106.25,290007349211.25,10366327855,8592810347,False
2022-01-10,33.53,45.647044,8.918089,347582972978.15,288116930934.91,10366327855,8592810347,False
2022-01-11,33.4,45.470065,8.883512,346235350357.0,286999865589.8,10366327855,8592810347,False
2022-01-12,33.66,45.824023,8.952665,348930595599.3,289233996280.02,10366327855,8592810347,False
2022-01-13,32.53,44.285665,8.652115,337216645123.15,279524120587.91,10366327855,8592810347,False
2022-01-14,32.22,43.863637,8.569663,334003083488.1,276860349380.34,10366327855,8592810347,False
2022-01-17,32.9,44.789375,8.750525,341052186429.5,282703460416.3,10366327855,8592810347,False
2022-01-18,33.08,45.034423,8.798401,342918125443.4,284250166278.76,10366327855,8592810347,False
2022-01-19,33.15,45.12972,8.817019,343643768393.25,284851663003.05,10366327855,8592810347,False
2022-01-20,33.73,45.91932,8.971283,349656238549.15,289835493004.31,10366327855,8592810347,False
2022-01-21,33.24,45.252244,8.840956,344576737900.2,285625015934.28,10366327855,8592810347,False
2022-01-24,32.59,44.367348,8.668074,337838624794.45,280039689208.73,10366327855,8592810347,False
2022-01-25,31.72,43.182948,8.436677,328819919560.6,272563944206.84,10366327855,8592810347,False
2022-01-26,32.68,44.489872,8.692011,338771594301.4,280813042139.96,10366327855,8592810347,False
2022-01-27,31.81,43.305472,8.460614,329752889067.55,273337297138.07,10366327855,8592810347,False
2022-01-28,31.36,42.692851,8.340926,325088041532.8,269470532481.92,10366327855,8592810347,False
2022-02-07,32.22,43.863637,8.569663,334003083488.1,276860349380.34,10366327855,8592810347,False
2022-02-08,32.13,43.741113,8.545726,333070113981.15,276086996449.11,10366327855,8592810347,False
2022-02-09,32.67,44.476258,8.689351,338667931022.85,280727114036.49,10366327855,8592810347,False
2022-02-10,32.14,43.754727,8.548386,333173777259.7,276172924552.58,10366327855,8592810347,False
2022-02-11,31.73,43.196562,8.439336,328923582839.15,272649872310.31,10366327855,8592810347,False
2022-02-14,27.49,37.424314,7.311609,284970352733.95,236216356439.03,10366327855,8592810347,False
2022-02-15,27.36,37.247335,7.277033,283622730112.8,235099291093.92,10366327855,8592810347,False
2022-02-16,27.47,37.397086,7.30629,284763026176.85,236044500232.09,10366327855,8592810347,False
2022-02-17,27.53,37.478769,7.322248,285385005848.15,236560068852.91,10366327855,8592810347,False
2022-02-18,27.08,36.866148,7.20256,280720158313.4,232693304196.76,10366327855,8592810347,False
2022-02-21,26.15,35.600066,6.955205,271079473408.25,224701990574.05,10366327855,8592810347,False
2022-02-22,25.38,34.551804,6.750405,263097400959.9,218085526606.86,10366327855,8592810347,False
2022-02-23,26.4,35.94041,7.021698,273671055372.0,226850193160.8,10366327855,8592810347,False
2022-02-24,26.1,35.531997,6.941906,270561157015.5,224272350056.7,10366327855,8592810347,False
2022-02-25,26.42,35.967638,7.027018,273878381929.1,227022049367.74,10366327855,8592810347,False
2022-02-28,26.74,36.403279,7.112129,294455588688.8,247092553917.16,11011802120,9240559234,False
2022-03-01,27.44,37.356245,7.29831,302163850172.8,253560945380.96,11011802120,9240559234,False
2022-03-02,27.12,36.920604,7.213199,298640073494.4,250603966426.08,11011802120,9240559234,False
2022-03-03,26.74,36.403279,7.112129,294455588688.8,247092553917.16,11011802120,9240559234,False
2022-03-04,26.0,35.395859,6.915309,286306855120.0,240254540084.0,11011802120,9240559234,False
2022-03-07,24.88,33.871114,6.617419,273973636745.6,229905113741.92,11011802120,9240559234,False
2022-03-08,24.86,33.843887,6.612099,273753400703.2,229720302557.24,11011802120,9240559234,False
2022-03-09,24.26,35.083536,6.85429,267146319431.2,224175967016.84,11011802120,9240559234,False
2022-03-10,24.55,31.60786,6.936225,270339742046.0,226855729194.7,11011802120,9240559234,False
2022-03-11,24.6,31.672235,6.950352,270890332152.0,227317757156.4,11011802120,9240559234,False
2022-03-14,23.5,30.255996,6.639564,258777349820.0,217153141999.0,11011802120,9240559234,False
2022-03-15,22.83,29.393379,6.450266,251399442399.6,210961967312.22,11011802120,9240559234,False
2022-03-16,25.21,32.457603,7.122698,277607531445.2,232954498289.14,11011802120,9240559234,False
2022-03-17,25.84,33.268721,7.300695,284544966780.8,238776050606.56,11011802120,9240559234,False
2022-03-18,25.99,33.461845,7.343075,286196737098.8,240162134491.66,11011802120,9240559234,False
2022-03-21,25.05,32.251605,6.554675,275845643106.0,231476008811.7,11011802120,9240559234,False
2022-03-22,25.12,32.341729,6.572991,276616469254.4,232122847958.08,11011802120,9240559234,False
2022-03-23,25.25,32.509103,6.607007,278048003530.0,233324120658.5,11011802120,9240559234,False
2022-03-24,25.35,32.637851,6.633174,279149183742.0,234248176581.9,11011802120,9240559234,False
2022-03-25,24.6,31.672235,6.436926,270890332152.0,227317757156.4,11011802120,9240559234,False
2022-03-28,24.49,31.530611,6.408143,269679033918.8,226301295640.66,11011802120,9240559234,False
2022-03-29,24.19,31.144364,6.329644,266375493282.8,223529127870.46,11011802120,9240559234,False
2022-03-30,26.08,33.577719,6.824188,287187799289.6,240993784822.72,11011802120,9240559234,False
2022-03-31,25.34,32.624977,6.630557,279039065720.8,234155770989.56,11011802120,9240559234,False
2022-04-01,26.09,33.590593,6.826805,287297917310.8,241086190415.06,11011802120,9240559234,False
2022-04-06,25.96,33.42322,6.792789,285866383035.2,239884917714.64,11011802120,9240559234,False
2022-04-07,25.5,32.830975,6.672423,280800954060.0,235634260467.0,11011802120,9240559234,False
2022-04-08,26.09,33.590593,6.826805,287297917310.8,241086190415.06,11011802120,9240559234,False
2022-04-11,24.71,31.813858,6.465709,272101630385.2,228334218672.14,11011802120,9240559234,False
2022-04-12,26.2,33.732217,6.855588,288509215544.0,242102651930.8,11011802120,9240559234,False
2022-04-13,25.94,33.39747,6.787555,285646146992.8,239700106529.96,11011802120,9240559234,False
2022-04-14,26.82,34.530461,7.017819,295336532858.4,247831798655.88,11011802120,9240559234,False
2022-04-15,26.9,34.63346,7.038752,296217477028.0,248571043394.6,11011802120,9240559234,False
2022-04-18,26.23,33.770842,6.863438,288839569607.6,242379868707.82,11011802120,9240559234,False
2022-04-19,25.94,33.39747,6.787555,285646146992.8,239700106529.96,11011802120,9240559234,False
2022-04-20,20.61,31.842183,6.471466,272343890031.84,228537510979.41,13214162544,11088671081,False
2022-04-21,20.69,31.965782,6.496585,273401023035.36,229424604665.89,13214162544,11088671081,False
2022-04-22,20.85,32.21298,6.546825,275515289042.4,231198792038.85,13214162544,11088671081,False
2022-04-25,20.67,30.990986,4.581445,273136739784.48,229202831244.27,13214162544,11088671081,False
2022-04-26,20.75,31.110932,4.599177,274193872788.0,230089924930.75,13214162544,11088671081,False
2022-04-27,21.65,32.460322,4.798659,286086619077.6,240069728903.65,13214162544,11088671081,False
2022-04-28,21.05,31.560729,4.665671,278158121551.2,233416526255.05,13214162544,11088671081,False
2022-04-29,22.78,34.154556,5.04912,301018622752.32,252599927225.18,13214162544,11088671081,False
2022-05-05,22.4,33.584813,4.964894,295997240985.6,248386232214.4,13214162544,11088671081,False
2022-05-06,21.53,32.280403,4.772062,284500919572.32,238739088373.93,13214162544,11088671081,False
2022-05-09,21.5,32.235424,4.765412,284104494696.0,238406428241.5,13214162544,11088671081,False
2022-05-10,21.94,32.895125,4.862937,289918726215.36,243285443517.14,13214162544,11088671081,False
2022-05-11,22.31,33.449874,4.944946,294807966356.64,247388251817.11,13214162544,11088671081,False
2022-05-12,22.48,33.704759,4.982626,297054373989.12,249273325900.88,13214162544,11088671081,False
2022-05-13,22.53,33.779725,4.993709,297715082116.32,249827759454.93,13214162544,11088671081,False
2022-05-16,22.26,33.374908,4.933864,294147258229.44,246833818263.06,13214162544,11088671081,False
2022-05-17,22.49,33.719752,4.984843,297186515614.56,249384212611.69,13214162544,11088671081,False
2022-05-18,22.27,33.389902,4.93608,294279399854.88,246944704973.87,13214162544,11088671081,False
2022-05-19,22.17,33.239969,4.913916,292957983600.48,245835837865.77,13214162544,11088671081,False
2022-05-20,22.85,34.259508,5.064636,301943614130.4,253376134200.85,13214162544,11088671081,False
2022-05-23,22.78,34.154556,5.04912,301018622752.32,252599927225.18,13214162544,11088671081,False
2022-05-24,22.08,33.10503,4.893967,291768708971.52,244837857468.48,13214162544,11088671081,False
2022-05-25,22.25,33.359915,4.931647,294015116604.0,246722931552.25,13214162544,11088671081,False
2022-05-26,22.45,33.65978,4.975977,296657949112.8,248940665768.45,13214162544,11088671081,False
2022-05-27,22.17,33.239969,4.913916,292957983600.48,245835837865.77,13214162544,11088671081,False
2022-05-30,22.04,33.045057,4.885102,291240142469.76,244394310625.24,13214162544,11088671081,False
2022-05-31,22.64,33.944651,5.01809,299168639996.16,251047513273.84,13214162544,11088671081,False
2022-06-01,22.74,34.094583,5.040254,300490056250.56,252156380381.94,13214162544,11088671081,False
2022-06-02,22.83,34.229522,5.060203,301679330879.52,253154360779.23,13214162544,11088671081,False
2022-06-06,23.95,35.908763,5.308447,316479192928.8,265573672389.95,13214162544,11088671081,False
2022-06-07,23.86,35.773824,5.288499,315289918299.84,264575691992.66,13214162544,11088671081,False
2022-06-08,23.95,35.908763,5.308447,316479192928.8,265573672389.95,13214162544,11088671081,False
2022-06-09,23.85,35.75883,5.286283,315157776674.4,264464805281.85,13214162544,11088671081,False
2022-06-10,24.24,36.343566,5.372725,320311300066.56,268789387003.44,13214162544,11088671081,False
2022-06-13,23.68,35.503946,5.248603,312911369041.92,262579731198.08,13214162544,11088671081,False
2022-06-14,24.54,36.793363,5.439219,324275548829.76,272115988327.74,13214162544,11088671081,False
2022-06-15,25.3,37.932847,5.607671,334318312363.2,280543378349.3,13214162544,11088671081,False
2022-06-16,24.19,36.2686,5.361643,319650591939.36,268234953449.39,13214162544,11088671081,False
2022-06-17,24.43,36.628437,5.414838,322821990949.92,270896234508.83,13214162544,11088671081,False
2022-06-20,24.51,36.748383,5.43257,323879123953.44,271783328195.31,13214162544,11088671081,False
2022-06-21,24.19,36.2686,5.361643,319650591939.36,268234953449.39,13214162544,11088671081,False
2022-06-22,23.8,35.683864,5.2752,314497068547.2,263910371727.8,13214162544,11088671081,False
2022-06-23,24.88,37.303132,5.514579,328768364094.72,275886136495.28,13214162544,11088671081,False
2022-06-24,25.15,37.707949,5.574424,332336187981.6,278880077687.15,13214162544,11088671081,False
2022-06-27,25.61,38.397637,5.676382,338414702751.84,283980866384.41,13214162544,11088671081,False
2022-06-28,25.8,38.682508,5.718495,340925393635.2,286087713889.8,13214162544,11088671081,False
2022-06-29,24.86,37.273146,5.510146,328504080843.84,275664363073.66,13214162544,11088671081,False
2022-06-30,25.4,38.08278,5.629836,335639728617.6,281652245406.6,13214162544,11088671079,False
2022-07-01,25.21,37.797908,5.587723,333129037734.24,279545397901.59,13214162544,11088671079,False
2022-07-04,25.65,38.45761,5.685247,338943269253.6,284424413176.35,13214162544,11088671079,False
2022-07-05,25.23,37.827895,5.592156,333393320985.12,279767171323.17,13214162544,11088671079,False
2022-07-06,24.67,36.988274,5.468033,325993389960.48,273557515518.93,13214162544,11088671079,False
2022-07-07,24.61,36.898315,5.454734,325200540207.84,272892195254.19,13214162544,11088671079,False
2022-07-08,23.63,35.42898,5.23752,312250660914.72,262025297596.77,13214162544,11088671079,False
2022-07-11,23.29,34.91921,5.16216,307757845649.76,258255149429.91,13214162544,11088671079,False
2022-07-12,23.14,34.694312,5.128913,305775721268.16,256591848768.06,13214162544,11088671079,False
2022-07-13,22.99,34.469413,5.095666,303793596886.56,254928548106.21,13214162544,11088671079,False
2022-07-14,22.77,34.139563,5.046904,300886481126.88,252489040468.83,13214162544,11088671079,False
2022-07-15,22.4,33.584813,4.964894,295997240985.6,248386232169.6,13214162544,11088671079,False
2022-07-18,23.25,34.859237,5.153294,307229279148.0,257811602586.75,13214162544,11088671079,False
2022-07-19,23.3,34.934203,5.164377,307889987275.2,258366036140.7,13214162544,11088671079,False
2022-07-20,23.22,34.814257,5.146645,306832854271.68,257478942454.38,13214162544,11088671079,False
2022-07-21,22.96,34.424434,5.089017,303397172010.24,254595887973.84,13214162544,11088671079,False
2022-07-22,23.1,34.634339,5.120047,305247154766.4,256148301924.9,13214162544,11088671079,False
2022-07-25,22.51,33.749739,4.989276,297450798865.44,249605985988.29,13214162544,11088671079,False
2022-07-26,22.61,33.899671,5.01144,298772215119.84,250714853096.19,13214162544,11088671079,False
2022-07-27,22.44,33.644786,4.97376,296525807487.36,248829779012.76,13214162544,11088671079,False
2022-07-28,22.72,34.064596,5.035822,300225772999.68,251934606914.88,13214162544,11088671079,False
2022-07-29,22.25,33.359915,4.931647,294015116604.0,246722931507.75,13214162544,11088671079,False
2022-08-01,21.8,32.68522,4.831906,288068743459.2,241733029522.2,13214162544,11088671079,False
2022-08-02,21.24,31.8456,4.707784,280668812434.56,235523373717.96,13214162544,11088671079,False
2022-08-03,21.0,31.485763,4.654589,277497413424.0,232862092659.0,13214162544,11088671079,False
2022-08-04,21.23,31.830607,4.705567,280536670809.12,235412487007.17,13214162544,11088671079,False
2022-08-05,21.78,32.655234,4.827473,287804460208.32,241511256100.62,13214162544,11088671079,False
2022-08-08,21.67,32.490308,4.803092,286350902328.48,240291502281.93,13214162544,11088671079,False
2022-08-09,21.61,32.400349,4.789793,285558052575.84,239626182017.19,13214162544,11088671079,False
2022-08-10,21.32,31.965546,4.725516,281725945438.08,236410467404.28,13214162544,11088671079,False
2022-08-11,22.99,34.469413,5.095666,303793596886.56,254928548106.21,13214162544,11088671079,False
2022-08-12,22.95,34.409441,5.0868,303265030384.8,254485001263.05,13214162544,11088671079,False
2022-08-15,22.91,32.658711,4.952617,302736463883.04,254041454419.89,13214162544,11088671079,False
2022-08-16,22.89,32.6302,4.948294,302472180632.16,253819680998.31,13214162544,11088671079,False
2022-08-17,23.38,33.328706,5.05422,308947120278.72,259253129827.02,13214162544,11088671079,False
2022-08-18,23.09,32.915305,4.991529,305115013140.96,256037415214.11,13214162544,11088671079,False
2022-08-19,22.9,32.644455,4.950455,302604322257.6,253930567709.1,13214162544,11088671079,False
2022-08-22,22.67,32.316585,4.900735,299565064872.48,251380173360.93,13214162544,11088671079,False
2022-08-23,22.74,32.416372,4.915867,300490056250.56,252156380336.46,13214162544,11088671079,False
2022-08-24,22.42,31.960205,4.84669,296261524236.48,248608005591.18,13214162544,11088671079,False
2022-08-25,22.81,32.516158,4.930999,301415047628.64,252932587311.99,13214162544,11088671079,False
2022-08-26,22.39,31.917439,4.840205,295865099360.16,248275345458.81,13214162544,11088671079,False
2022-08-29,22.14,31.561059,4.786161,292561558724.16,245503177689.06,13214162544,11088671079,False
2022-08-30,21.96,31.304465,4.747249,290183009466.24,243507216894.84,13214162544,11088671079,False
2022-08-31,22.2,31.64659,4.799131,293354408476.8,246168497953.8,13214162544,11088671079,False
2022-09-01,21.88,31.190423,4.729955,289125876462.72,242620123208.52,13214162544,11088671079,False
2022-09-02,21.9,31.218933,4.734278,289390159713.6,242841896630.1,13214162544,11088671079,False
2022-09-05,21.92,31.247444,4.738602,289654442964.48,243063670051.68,13214162544,11088671079,False
2022-09-06,22.37,31.888929,4.835882,295600816109.28,248053572037.23,13214162544,11088671079,False
2022-09-07,22.17,31.603824,4.792646,292957983600.48,245835837821.43,13214162544,11088671079,False
2022-09-08,22.22,31.6751,4.803455,293618691727.68,246390271375.38,13214162544,11088671079,False
2022-09-09,22.66,32.30233,4.898573,299432923247.04,251269286650.14,13214162544,11088671079,False
2022-09-13,22.67,32.316585,4.900735,299565064872.48,251380173360.93,13214162544,11088671079,False
2022-09-14,22.37,31.888929,4.835882,295600816109.28,248053572037.23,13214162544,11088671079,False
2022-09-15,22.35,31.860418,4.831558,295336532858.4,247831798615.65,13214162544,11088671079,False
2022-09-16,19.94,28.42491,4.310571,263490401127.36,221108101315.26,13214162544,11088671079,False
2022-09-19,19.14,27.284492,4.13763,252919071092.16,212237164452.06,13214162544,11088671079,False
2022-09-20,19.29,27.498321,4.170056,254901195473.76,213900465113.91,13214162544,11088671079,False
2022-09-21,18.9,26.942367,4.085747,249747672081.6,209575883393.1,13214162544,11088671079,False
2022-09-22,18.56,26.45769,4.012247,245254856816.64,205805735226.24,13214162544,11088671079,False
2022-09-23,18.41,26.243861,3.97982,243272732435.04,204142434564.39,13214162544,11088671079,False
2022-09-26,18.14,25.85897,3.921452,239704908548.16,201148493373.06,13214162544,11088671079,False
2022-09-27,18.45,26.300882,3.988467,243801298936.8,204585981407.55,13214162544,11088671079,False
2022-09-28,17.87,25.474079,3.863085,236137084661.28,198154552181.73,13214162544,11088671079,False
2022-09-29,17.81,25.388548,3.850114,235344234908.64,197489231916.99,13214162544,11088671079,False
2022-09-30,17.62,25.117699,3.80904,232833544025.28,195382384411.98,13214162544,11088671079,False
2022-10-10,17.3,24.661532,3.739864,228605012011.2,191834009666.7,13214162544,11088671079,False
2022-10-11,17.39,24.789829,3.75932,229794286640.16,192831990063.81,13214162544,11088671079,False
2022-10-12,17.92,25.545356,3.873893,236797792788.48,198708985735.68,13214162544,11088671079,False
2022-10-13,17.71,25.245996,3.828496,234022818654.24,196380364809.09,13214162544,11088671079,False
2022-10-14,18.13,25.844715,3.919291,239572766922.72,201037606662.27,13214162544,11088671079,False
2022-10-17,18.29,26.072799,3.953879,241687032929.76,202811794034.91,13214162544,11088671079,False
2022-10-18,18.18,25.915991,3.930099,240233475049.92,201592040216.22,13214162544,11088671079,False
2022-10-19,17.74,25.288762,3.834982,234419243530.56,196713024941.46,13214162544,11088671079,False
2022-10-20,17.82,25.402803,3.852276,235476376534.08,197600118627.78,13214162544,11088671079,False
2022-10-21,17.88,25.488335,3.865246,236269226286.72,198265438892.52,13214162544,11088671079,False
2022-10-24,17.09,24.362172,3.694466,225830037876.96,189505388740.11,13214162544,11088671079,False
2022-10-25,15.54,22.152613,3.359392,205348085933.76,172317948567.66,13214162544,11088671079,False
2022-10-26,15.75,23.351216,3.281233,208123060068.0,174646569494.25,13214162544,11088671079,False
2022-10-27,16.05,23.796001,3.343733,212087308831.2,177973170817.95,13214162544,11088671079,False
2022-10-28,15.37,22.787821,3.202067,203101678301.28,170432874484.23,13214162544,11088671079,False
2022-10-31,15.61,23.143649,3.252067,206273077311.84,173094155543.19,13214162544,11088671079,False
2022-11-01,16.2,24.018393,3.374983,214069433212.8,179636471479.8,13214162544,11088671079,False
2022-11-02,16.25,24.092524,3.3854,214730141340.0,180190905033.75,13214162544,11088671079,False
2022-11-03,16.11,23.884958,3.356233,212880158583.84,178638491082.69,13214162544,11088671079,False
2022-11-04,17.19,25.486184,3.581232,227151454131.36,190614255848.01,13214162544,11088671079,False
2022-11-07,17.26,25.589967,3.595815,228076445509.44,191390462823.54,13214162544,11088671079,False
2022-11-08,17.18,25.471358,3.579149,227019312505.92,190503369137.22,13214162544,11088671079,False
2022-11-09,17.03,25.248965,3.547899,225037188124.32,188840068475.37,13214162544,11088671079,False
2022-11-10,17.07,25.30827,3.556232,225565754626.08,189283615318.53,13214162544,11088671079,False
2022-11-11,17.98,26.657451,3.745814,237590642541.12,199374306000.42,13214162544,11088671079,False
2022-11-14,18.09,26.820539,3.768731,239044200420.96,200594059819.11,13214162544,11088671079,False
2022-11-15,19.06,28.258677,3.970813,251861938088.64,211350070765.74,13214162544,11088671079,False
2022-11-16,18.57,27.532195,3.86873,245386998442.08,205916621937.03,13214162544,11088671079,False
2022-11-17,18.6,27.576674,3.87498,245783423318.4,206249282069.4,13214162544,11088671079,False
2022-11-18,18.2,26.983627,3.791647,240497758300.8,201813813637.8,13214162544,11088671079,False
2022-11-21,17.8,26.39058,3.708315,235212093283.2,197378345206.2,13214162544,11088671079,False
2022-11-22,17.93,26.58332,3.735398,236929934413.92,198819872446.47,13214162544,11088671079,False
2022-11-23,17.87,26.494363,3.722898,236137084661.28,198154552181.73,13214162544,11088671079,False
2022-11-24,17.8,26.39058,3.708315,235212093283.2,197378345206.2,13214162544,11088671079,False
2022-11-25,17.92,26.568494,3.733314,236797792788.48,198708985735.68,13214162544,11088671079,False
2022-11-28,17.46,25.88649,3.637482,230719278018.24,193608197039.34,13214162544,11088671079,False
2022-11-29,18.62,27.606326,3.879147,246047706569.28,206471055490.98,13214162544,11088671079,False
2022-11-30,18.5,27.428412,3.854147,244462007064.0,205140414961.5,13214162544,11088671079,False
2022-12-01,19.03,28.214199,3.964563,251465513212.32,211017410633.37,13214162544,11088671079,False
2022-12-02,18.93,28.065937,3.94373,250144096957.92,209908543525.47,13214162544,11088671079,False
2022-12-05,19.87,29.459597,4.139562,262565409749.28,220331894339.73,13214162544,11088671079,False
2022-12-06,19.97,29.607859,4.160396,263886826003.68,221440761447.63,13214162544,11088671079,False
2022-12-07,19.91,29.518902,4.147896,263093976251.04,220775441182.89,13214162544,11088671079,False
2022-12-08,20.0,29.652337,4.166646,264283250880.0,221773421580.0,13214162544,11088671079,False
2022-12-09,20.58,30.512255,4.287478,271947465155.52,228204850805.82,13214162544,11088671079,False
2022-12-12,19.78,29.326162,4.120813,261376135120.32,219333913942.62,13214162544,11088671079,False
2022-12-13,19.81,29.37064,4.127062,261772559996.64,219666574074.99,13214162544,11088671079,False
2022-12-14,20.13,29.845077,4.193729,266001092010.72,223214948820.27,13214162544,11088671079,False
2022-12-15,19.69,29.192726,4.102063,260186860491.36,218335933545.51,13214162544,11088671079,False
2022-12-16,19.6,29.059291,4.083313,258997585862.4,217337953148.4,13214162544,11088671079,False
2022-12-19,18.95,28.09559,3.947897,250408380208.8,210130316947.05,13214162544,11088671079,False
2022-12-20,18.7,27.724935,3.895814,247104839572.8,207358149177.3,13214162544,11088671079,False
2022-12-21,18.85,27.947328,3.927063,249086963954.4,209021449839.15,13214162544,11088671079,False
2022-12-22,18.95,28.09559,3.947897,250408380208.8,210130316947.05,13214162544,11088671079,False
2022-12-23,19.03,28.214199,3.964563,251465513212.32,211017410633.37,13214162544,11088671079,False
2022-12-26,19.03,28.214199,3.964563,251465513212.32,211017410633.37,13214162544,11088671079,False
2022-12-27,19.45,28.836898,4.052063,257015461480.8,215674652486.55,13214162544,11088671079,False
2022-12-28,19.32,28.644158,4.02498,255297620350.08,214233125246.28,13214162544,11088671079,False
2022-12-29,19.37,28.718289,4.035396,255958328477.28,214787558800.23,13214162544,11088671079,False
2022-12-30,19.4,28.762767,4.041646,256354753353.6,215120218932.6,13214162544,11088671079,False
2023-01-03,19.27,28.570027,4.014563,254636912222.88,213678691692.33,13214162544,11088671079,False
2023-01-04,19.35,28.688636,4.03123,255694045226.4,214565785378.65,13214162544,11088671079,False
2023-01-05,20.37,30.200905,4.243729,269172491021.28,225876229879.23,13214162544,11088671079,False
2023-01-06,20.37,30.200905,4.243729,269172491021.28,225876229879.23,13214162544,11088671079,False
2023-01-09,21.07,31.238737,4.389561,278422404802.08,233638299634.53,13214162544,11088671079,False
2023-01-10,21.0,31.134954,4.374978,277497413424.0,232862092659.0,13214162544,11088671079,False
2023-01-11,20.91,31.001519,4.356228,276308138795.04,231864112261.89,13214162544,11088671079,False
2023-01-12,21.1,31.283216,4.395811,278818829678.4,233970959766.9,13214162544,11088671079,False
2023-01-13,21.75,32.246917,4.531227,287408035332.0,241178595968.25,13214162544,11088671079,False
2023-01-16,22.52,33.388532,4.691643,297582940490.88,249716872699.08,13214162544,11088671079,False
2023-01-17,22.8,33.803664,4.749976,301282906003.2,252821700601.2,13214162544,11088671079,False
2023-01-18,22.67,33.610924,4.722893,299565064872.48,251380173360.93,13214162544,11088671079,False
2023-01-19,23.34,34.604278,4.862475,308418553776.96,258809582983.86,13214162544,11088671079,False
2023-01-20,23.23,34.44119,4.839559,306964995897.12,257589829165.17,13214162544,11088671079,False
2023-01-30,22.9,33.951926,4.770809,302604322257.6,253930567709.1,13214162544,11088671079,False
2023-01-31,22.49,33.344053,4.685393,297186515614.56,249384212566.71,13214162544,11088671079,False
2023-02-01,23.36,34.63393,4.866642,308682837027.84,259031356405.44,13214162544,11088671079,False
2023-02-02,22.7,33.655403,4.729143,299961489748.8,251712833493.3,13214162544,11088671079,False
2023-02-03,22.58,33.477489,4.704143,298375790243.52,250382192963.82,13214162544,11088671079,False
2023-02-06,21.92,32.498962,4.566644,289654442964.48,243063670051.68,13214162544,11088671079,False
2023-02-07,22.1,32.765833,4.604143,292032992222.4,245059630845.9,13214162544,11088671079,False
2023-02-08,21.73,32.217264,4.52706,287143752081.12,240956822546.67,13214162544,11088671079,False
2023-02-09,22.25,32.988225,4.635393,294015116604.0,246722931507.75,13214162544,11088671079,False
2023-02-10,21.97,32.573092,4.57706,290315151091.68,243618103605.63,13214162544,11088671079,False
2023-02-13,22.18,32.884442,4.62081,293090125225.92,245946724532.22,13214162544,11088671079,False
2023-02-14,22.04,32.676876,4.591643,291240142469.76,244394310581.16,13214162544,11088671079,False
2023-02-15,21.66,32.113481,4.512477,286218760703.04,240180615571.14,13214162544,11088671079,False
2023-02-16,21.55,31.950393,4.489561,284765202823.2,238960861752.45,13214162544,11088671079,False
2023-02-17,20.95,31.060823,4.364561,276836705296.8,232307659105.05,13214162544,11088671079,False
2023-02-20,21.99,32.602745,4.581227,290579434342.56,243839877027.21,13214162544,11088671079,False
2023-02-21,22.13,32.810311,4.610393,292429417098.72,245392290978.27,13214162544,11088671079,False
2023-02-22,21.75,32.246917,4.531227,287408035332.0,241178595968.25,13214162544,11088671079,False
2023-02-23,21.8,32.321048,4.541644,288068743459.2,241733029522.2,13214162544,11088671079,False
2023-02-24,20.9,30.986692,4.354145,276175997169.6,231753225551.1,13214162544,11088671079,False
2023-02-27,20.63,30.586386,4.297895,272608173282.72,228759284359.77,13214162544,11088671079,False
2023-02-28,20.92,31.016345,4.358311,276440280420.48,231974998972.68,13214162544,11088671079,False
2023-03-01,21.28,31.550087,4.433311,281197378936.32,235966920561.12,13214162544,11088671079,False
2023-03-02,21.07,31.238737,4.389561,278422404802.08,233638299634.53,13214162544,11088671079,False
2023-03-03,21.35,31.65387,4.447894,282122370314.4,236743127536.65,13214162544,11088671079,False
2023-03-06,20.96,31.075649,4.366645,276968846922.24,232418545815.84,13214162544,11088671079,False
2023-03-07,20.06,29.741294,4.179146,265076100632.64,222438741844.74,13214162544,11088671079,False
2023-03-08,20.14,29.859904,4.195812,266133233636.16,223325835531.06,13214162544,11088671079,False
2023-03-09,20.0,29.652337,4.166646,264283250880.0,221773421580.0,13214162544,11088671079,False
2023-03-10,19.88,29.474423,4.141646,262697551374.72,220442781050.52,13214162544,11088671079,False
2023-03-13,20.1,29.800599,4.187479,265604667134.4,222882288687.9,13214162544,11088671079,False
2023-03-14,19.97,29.607859,4.160396,263886826003.68,221440761447.63,13214162544,11088671079,False
2023-03-15,20.01,29.667163,4.168729,264415392505.44,221884308290.79,13214162544,11088671079,False
2023-03-16,19.72,29.237205,4.108313,260583285367.68,218668593677.88,13214162544,11088671079,False
2023-03-17,20.31,30.111948,4.231229,268379641268.64,225210909614.49,13214162544,11088671079,False
2023-03-20,19.98,31.02652,4.051567,264018967629.12,221551648158.42,13214162544,11088671079,False
2023-03-21,20.18,31.337096,4.092123,266661800137.92,223769382374.22,13214162544,11088671079,False
2023-03-22,19.0,29.504699,3.852841,251069088336.0,210684750501.0,13214162544,11088671079,False
2023-03-23,19.55,30.358782,3.964371,258336877735.2,216783519594.45,13214162544,11088671079,False
2023-03-24,20.24,31.430268,4.10429,267454649890.56,224434702638.96,13214162544,11088671079,False
2023-03-27,20.62,32.020362,4.181346,272476031657.28,228648397648.98,13214162544,11088671079,False
2023-03-28,19.93,30.948876,4.041427,263358259501.92,220997214604.47,13214162544,11088671079,False
2023-03-29,19.97,31.010991,4.049539,263886826003.68,221440761447.63,13214162544,11088671079,False
2023-03-30,20.04,31.119693,4.063733,264811817381.76,222216968423.16,13214162544,11088671079,False
2023-03-31,20.03,31.104164,4.061706,264679675756.32,222106081712.37,13214162544,11088671079,False
2023-04-03,22.89,35.545397,4.64166,302472180632.16,253819680998.31,13214162544,11088671079,False
2023-04-04,22.7,35.25035,4.603131,299961489748.8,251712833493.3,13214162544,11088671079,False
2023-04-06,22.03,34.209922,4.467268,291108000844.32,244283423870.37,13214162544,11088671079,False
2023-04-07,22.45,34.862131,4.552436,296657949112.8,248940665723.55,13214162544,11088671079,False
2023-04-10,21.78,33.821702,4.416573,287804460208.32,241511256100.62,13214162544,11088671079,False
2023-04-11,21.76,33.790644,4.412517,287540176957.44,241289482679.04,13214162544,11088671079,False
2023-04-12,22.17,34.427325,4.495657,292957983600.48,245835837821.43,13214162544,11088671079,False
2023-04-13,21.57,33.495597,4.373988,285029486074.08,239182635174.03,13214162544,11088671079,False
2023-04-14,21.59,33.526655,4.378044,285293769324.96,239404408595.61,13214162544,11088671079,False
2023-04-17,21.83,33.899346,4.426712,288465168335.52,242065689654.57,13214162544,11088671079,False
2023-04-18,18.03,33.598087,4.387372,285901620787.56,239914487450.82,15856995052,13306405294,False
2023-04-19,17.69,32.964513,4.304637,280510242469.88,235390309650.86,15856995052,13306405294,False
2023-04-20,17.97,33.48628,4.372772,284950201084.44,239116103133.18,15856995052,13306405294,False
2023-04-21,17.03,31.734633,4.144035,270044625735.56,226608082156.82,15856995052,13306405294,False
2023-04-24,16.0,30.321485,3.776142,253711920832.0,212902484704.0,15856995052,13306405294,False
2023-04-25,16.08,30.473092,3.795023,254980480436.16,213966997127.52,15856995052,13306405294,False
2023-04-26,15.86,30.056172,3.743101,251491941524.72,211039587962.84,15856995052,13306405294,False
2023-04-27,15.68,29.715055,3.700619,248637682415.36,208644435009.92,15856995052,13306405294,False
2023-04-28,16.09,30.492043,3.797383,255139050386.68,214100061180.46,15856995052,13306405294,False
2023-05-04,15.97,30.264632,3.769062,253236210980.44,212503292545.18,15856995052,13306405294,False
2023-05-05,16.0,30.321485,3.776142,253711920832.0,212902484704.0,15856995052,13306405294,False
2023-05-08,16.12,30.548896,3.804463,255614760238.24,214499253339.28,15856995052,13306405294,False
2023-05-09,16.57,31.401687,3.910667,262750408011.64,220487135721.58,15856995052,13306405294,False
2023-05-10,16.12,30.548896,3.804463,255614760238.24,214499253339.28,15856995052,13306405294,False
2023-05-11,16.06,30.43519,3.790303,254663340535.12,213700869021.64,15856995052,13306405294,False
2023-05-12,15.62,29.601349,3.686459,247686262712.24,207846050692.28,15856995052,13306405294,False
2023-05-15,16.08,30.473092,3.795023,254980480436.16,213966997127.52,15856995052,13306405294,False
2023-05-16,15.89,30.113024,3.750181,251967651376.28,211438780121.66,15856995052,13306405294,False
2023-05-17,15.82,29.980368,3.733661,250857661722.64,210507331751.08,15856995052,13306405294,False
2023-05-18,15.73,29.80981,3.71242,249430532167.96,209309755274.62,15856995052,13306405294,False
2023-05-19,15.69,29.734006,3.702979,248796252365.88,208777499062.86,15856995052,13306405294,False
2023-05-22,15.78,29.904564,3.72422,250223381920.56,209975075539.32,15856995052,13306405294,False
2023-05-23,15.61,29.582398,3.684099,247527692761.72,207712986639.34,15856995052,13306405294,False
2023-05-24,15.33,29.051772,3.618016,243087734147.16,203987193157.02,15856995052,13306405294,False
2023-05-25,15.1,28.615901,3.563734,239440625285.2,200926719939.4,15856995052,13306405294,False
2023-05-26,15.14,28.691705,3.573175,240074905087.28,201458976151.16,15856995052,13306405294,False
2023-05-29,14.61,27.687306,3.44809,231670697709.72,194406581345.34,15856995052,13306405294,False
2023-05-30,14.43,27.346189,3.405608,228816438600.36,192011428392.42,15856995052,13306405294,False
2023-05-31,14.02,26.569201,3.308845,222315070629.04,186555802221.88,15856995052,13306405294,False
2023-06-01,14.2,26.910318,3.351326,225169329738.4,188950955174.8,15856995052,13306405294,False
2023-06-02,14.52,27.516747,3.426849,230243568155.04,193209004868.88,15856995052,13306405294,False
2023-06-05,14.43,27.346189,3.405608,228816438600.36,192011428392.42,15856995052,13306405294,False
2023-06-06,14.16,26.834514,3.341886,224535049936.32,188418698963.04,15856995052,13306405294,False
2023-06-07,14.29,27.080876,3.372567,226596459293.08,190148531651.26,15856995052,13306405294,False
2023-06-08,14.46,27.403042,3.412689,229292148451.92,192410620551.24,15856995052,13306405294,False
2023-06-09,14.23,26.96717,3.358406,225645039589.96,189350147333.62,15856995052,13306405294,False
2023-06-12,14.16,26.834514,3.341886,224535049936.32,188418698963.04,15856995052,13306405294,False
2023-06-13,14.37,27.232483,3.391448,227865018897.24,191213044074.78,15856995052,13306405294,False
2023-06-14,14.26,27.024023,3.365487,226120749441.52,189749339492.44,15856995052,13306405294,False
2023-06-15,14.65,27.763109,3.45753,232304977511.8,194938837557.1,15856995052,13306405294,False
2023-06-16,14.86,28.161079,3.507092,235634946472.72,197733182668.84,15856995052,13306405294,False
2023-06-19,14.73,27.914717,3.476411,233573537115.96,196003349980.62,15856995052,13306405294,False
2023-06-20,14.74,27.933668,3.478771,233732107066.48,196136414033.56,15856995052,13306405294,False
2023-06-21,14.3,27.099827,3.374927,226755029243.6,190281595704.2,15856995052,13306405294,False
2023-06-26,14.01,26.55025,3.306485,222156500678.52,186422738168.94,15856995052,13306405294,False
2023-06-27,14.16,26.834514,3.341886,224535049936.32,188418698963.04,15856995052,13306405294,False
2023-06-28,14.1,26.720808,3.327725,223583630233.2,187620314645.4,15856995052,13306405294,False
2023-06-29,14.01,26.55025,3.306485,222156500678.52,186422738168.94,15856995052,13306405294,False
2023-06-30,14.2,26.910318,3.351326,225169329738.4,189023839898.2,15856995052,13311538021,False
2023-07-03,14.45,27.384091,3.410328,229133578501.4,192351724403.45,15856995052,13311538021,False
2023-07-04,14.45,27.384091,3.410328,229133578501.4,192351724403.45,15856995052,13311538021,False
2023-07-05,14.24,26.986121,3.360767,225803609540.48,189556301419.04,15856995052,13311538021,False
2023-07-06,14.1,26.720808,3.327725,223583630233.2,187692686096.1,15856995052,13311538021,False
2023-07-07,14.02,26.569201,3.308845,222315070629.04,186627763054.42,15856995052,13311538021,False
2023-07-10,14.09,26.701857,3.325365,223425060282.68,187559570715.89,15856995052,13311538021,False
2023-07-11,14.18,26.872416,3.346606,224852189837.36,188757609137.78,15856995052,13311538021,False
2023-07-12,14.0,26.531299,3.304124,221997930728.0,186361532294.0,15856995052,13311538021,False
2023-07-13,14.49,27.459894,3.419769,229767858303.48,192884185924.29,15856995052,13311538021,False
2023-07-14,14.41,27.308287,3.400888,228499298699.32,191819262882.61,15856995052,13311538021,False
2023-07-17,14.24,26.986121,3.360767,225803609540.48,189556301419.04,15856995052,13311538021,False
2023-07-18,14.31,27.118778,3.377287,226913599194.12,190488109080.51,15856995052,13311538021,False
2023-07-19,14.37,27.232483,3.391448,227865018897.24,191286801361.77,15856995052,13311538021,False
2023-07-20,14.22,26.948219,3.356046,225486469639.44,189290070658.62,15856995052,13311538021,False
2023-07-21,14.21,26.929268,3.353686,225327899688.92,189156955278.41,15856995052,13311538021,False
2023-07-24,14.09,26.701857,3.325365,223425060282.68,187559570715.89,15856995052,13311538021,False
2023-07-25,15.1,28.615901,3.563734,239440625285.2,201004224117.1,15856995052,13311538021,False
2023-07-26,14.84,28.123177,3.502372,235317806571.68,197543224231.64,15856995052,13311538021,False
2023-07-27,14.67,27.801011,3.46225,232622117412.84,195280262768.07,15856995052,13311538021,False
2023-07-28,16.14,30.586798,3.809183,255931900139.28,214848223658.94,15856995052,13311538021,False
2023-07-31,16.08,30.473092,3.795023,254980480436.16,214049531377.68,15856995052,13311538021,False
2023-08-01,15.91,30.150926,3.754901,252284791277.32,211786569914.11,15856995052,13311538021,False
2023-08-02,16.17,30.64365,3.816264,256407609990.84,215247569799.57,15856995052,13311538021,False
2023-08-03,16.92,32.06497,3.99327,268300356279.84,225231223315.32,15856995052,13311538021,False
2023-08-04,16.96,32.140774,4.002711,268934636081.92,225763684836.16,15856995052,13311538021,False
2023-08-07,16.73,31.704902,3.948429,265287527219.96,222702031091.33,15856995052,13311538021,False
2023-08-08,16.62,31.496442,3.922468,263543257764.24,221237761909.02,15856995052,13311538021,False
2023-08-09,16.57,31.401687,3.910667,262750408011.64,220572185007.97,15856995052,13311538021,False
2023-08-10,16.97,32.159725,4.005071,269093206032.44,225896800216.37,15856995052,13311538021,False
2023-08-11,16.12,30.548896,3.804463,255614760238.24,214581992898.52,15856995052,13311538021,False
2023-08-14,15.89,30.392755,3.674761,251967651376.28,211520339153.69,15856995052,13311538021,False
2023-08-15,16.51,31.578627,3.818144,261798988308.52,219773492726.71,15856995052,13311538021,False
2023-08-16,16.26,31.100453,3.760328,257834739545.52,216445608221.46,15856995052,13311538021,False
2023-08-17,16.23,31.043072,3.75339,257359029693.96,216046262080.83,15856995052,13311538021,False
2023-08-18,16.07,30.73704,3.716388,254821910485.64,213916415997.47,15856995052,13311538021,False
2023-08-21,15.36,29.379025,3.552192,243563443998.72,204465224002.56,15856995052,13311538021,False
2023-08-22,15.66,29.952835,3.621571,248320542514.32,208458685408.86,15856995052,13311538021,False
2023-08-23,15.34,29.340771,3.547567,243246304097.68,204198993242.14,15856995052,13311538021,False
2023-08-24,15.62,29.876327,3.61232,247686262712.24,207926223888.02,15856995052,13311538021,False
2023-08-25,15.79,30.201485,3.651635,250381951871.08,212071246595.4,15856995052,13430731260,False
2023-08-28,16.4,31.36823,3.792705,260054718852.8,220263992664.0,15856995052,13430731260,False
2023-08-29,16.66,31.865531,3.852833,264177537566.32,223755982791.6,15856995052,13430731260,False
2023-08-30,16.22,31.023945,3.751078,257200459743.44,217846461037.2,15856995052,13430731260,False
2023-08-31,15.87,30.354501,3.670136,251650511475.24,213145705096.2,15856995052,13430731260,False
2023-09-01,15.98,30.564898,3.695575,253394780930.96,214623085534.8,15856995052,13430731260,False
2023-09-04,16.1,30.794421,3.723326,255297620337.2,216234773286.0,15856995052,13430731260,False
2023-09-05,15.89,30.392755,3.674761,251967651376.28,213414319721.4,15856995052,13430731260,False
2023-09-06,15.73,30.086723,3.637759,249430532167.96,211265402719.8,15856995052,13430731260,False
2023-09-07,15.64,29.914581,3.616946,248003402613.28,210056636906.4,15856995052,13430731260,False
2023-09-08,15.68,29.991088,3.626196,248637682415.36,210593866156.8,15856995052,13430731260,False
2023-09-11,15.82,30.258866,3.658573,250857661722.64,212474168533.2,15856995052,13430731260,False
2023-09-12,15.6,29.838073,3.607695,247369122811.2,209519407656.0,15856995052,13430731260,False
2023-09-13,15.38,29.417279,3.556817,243880583899.76,206564646778.8,15856995052,13430731260,False
2023-09-14,15.41,29.47466,3.563755,244356293751.32,206967568716.6,15856995052,13430731260,False
2023-09-15,15.39,29.436406,3.55913,244039153850.28,206698954091.4,15856995052,13430731260,False
2023-09-18,15.4,29.455533,3.561443,244197723800.8,206833261404.0,15856995052,13430731260,False
2023-09-19,15.31,29.283391,3.540629,242770594246.12,205624495590.6,15856995052,13430731260,False
2023-09-20,15.25,29.168629,3.526753,241819174543.0,204818651715.0,15856995052,13430731260,False
2023-09-21,14.95,28.59482,3.457374,237062076027.4,200789432337.0,15856995052,13430731260,False
2023-09-22,15.56,29.761565,3.598445,246734843009.12,208982178405.6,15856995052,13430731260,False
2023-09-25,15.2,29.072994,3.51519,241026324790.4,204147115152.0,15856995052,13430731260,False
2023-09-26,15.17,29.015613,3.508252,240550614938.84,203744193214.2,15856995052,13430731260,False
2023-09-27,15.18,29.03474,3.510565,240709184889.36,203878500526.8,15856995052,13430731260,False
2023-09-28,15.2,29.072994,3.51519,241026324790.4,204147115152.0,15856995052,13430731260,False
2023-10-09,15.12,28.919978,3.496689,239757765186.24,203072656651.2,15856995052,13430731260,False
2023-10-10,15.13,28.939105,3.499002,239916335136.76,203206963963.8,15856995052,13430731260,False
2023-10-11,15.23,29.130375,3.522128,241502034641.96,204550037089.8,15856995052,13430731260,False
2023-10-12,15.37,29.398152,3.554505,243722013949.24,206430339466.2,15856995052,13430731260,False
2023-10-13,15.13,28.939105,3.499002,239916335136.76,203206963963.8,15856995052,13430731260,False
2023-10-16,14.96,28.613947,3.459687,237220645977.92,200923739649.6,15856995052,13430731260,False
2023-10-17,15.13,28.939105,3.499002,239916335136.76,203206963963.8,15856995052,13430731260,False
2023-10-18,15.02,28.728708,3.473563,238172065681.04,201729583525.2,15856995052,13430731260,False
2023-10-19,14.97,28.633074,3.462,237379215928.44,201058046962.2,15856995052,13430731260,False
2023-10-20,14.96,28.613947,3.459687,237220645977.92,200923739649.6,15856995052,13430731260,False
2023-10-23,14.54,27.810614,3.362557,230560708056.08,195282832520.4,15856995052,13430731260,False
2023-10-24,14.99,28.671328,3.466625,237696355829.48,201326661587.4,15856995052,13430731260,False
2023-10-25,14.91,28.518312,3.448124,236427796225.32,200252203086.6,15856995052,13430731260,False
2023-10-26,14.84,28.384423,3.431936,235317806571.68,199312051898.4,15856995052,13430731260,False
2023-10-27,15.06,28.805216,3.482813,238806345483.12,202266812775.6,15856995052,13430731260,False
2023-10-30,15.19,29.648266,3.41895,240867754839.88,204012807839.4,15856995052,13430731260,False
2023-10-31,15.27,29.804413,3.436956,242136314444.04,205087266340.2,15856995052,13430731260,False
2023-11-01,15.19,29.648266,3.41895,240867754839.88,204012807839.4,15856995052,13430731260,False
2023-11-02,15.05,29.37501,3.387439,238647775532.6,202132505463.0,15856995052,13430731260,False
2023-11-03,15.36,29.980077,3.457213,243563443998.72,206296032153.6,15856995052,13430731260,False
2023-11-06,15.79,30.819363,3.553997,250381951871.08,212071246595.4,15856995052,13430731260,False
2023-11-07,15.67,30.585144,3.526988,248479112464.84,210459558844.2,15856995052,13430731260,False
2023-11-08,15.57,30.389961,3.50448,246893412959.64,209116485718.2,15856995052,13430731260,False
2023-11-09,15.54,30.331406,3.497727,246417703108.08,208713563780.4,15856995052,13430731260,False
2023-11-10,15.43,30.116705,3.472969,244673433652.36,207236183341.8,15856995052,13430731260,False
2023-11-13,15.44,30.136223,3.475219,244832003602.88,207370490654.4,15856995052,13430731260,False
2023-11-14,15.55,30.350924,3.499978,246576273058.6,208847871093.0,15856995052,13430731260,False
2023-11-15,15.54,30.331406,3.497727,246417703108.08,208713563780.4,15856995052,13430731260,False
2023-11-16,15.29,29.843449,3.441458,242453454345.08,205355880965.4,15856995052,13430731260,False
2023-11-17,15.3,29.862967,3.443708,242612024295.6,205490188278.0,15856995052,13430731260,False
2023-11-20,15.25,29.765376,3.432454,241819174543.0,204818651715.0,15856995052,13430731260,False
2023-11-21,15.2,29.667785,3.4212,241026324790.4,204147115152.0,15856995052,13430731260,False
2023-11-22,15.0,29.277419,3.376185,237854925780.0,201460968900.0,15856995052,13430731260,False
2023-11-23,15.05,29.37501,3.387439,238647775532.6,202132505463.0,15856995052,13430731260,False
2023-11-24,14.88,29.0432,3.349175,235952086373.76,199849281148.8,15856995052,13430731260,False
2023-11-27,14.82,28.92609,3.33567,235000666670.64,199043437273.2,15856995052,13430731260,False
2023-11-28,14.81,28.906572,3.33342,234842096720.12,198909129960.6,15856995052,13430731260,False
2023-11-29,14.63,28.555243,3.292905,231987837610.76,196491598333.8,15856995052,13430731260,False
2023-11-30,14.64,28.574761,3.295156,232146407561.28,196625905646.4,15856995052,13430731260,False
2023-12-01,14.72,28.730907,3.313163,233414967165.44,197700364147.2,15856995052,13430731260,False
2023-12-04,14.72,28.730907,3.313163,233414967165.44,197700364147.2,15856995052,13430731260,False
2023-12-05,14.48,28.262468,3.259144,229609288352.96,194476988644.8,15856995052,13430731260,False
2023-12-06,14.41,28.125841,3.243388,228499298699.32,193536837456.6,15856995052,13430731260,False
2023-12-07,14.46,28.223432,3.254642,229292148451.92,194208374019.6,15856995052,13430731260,False
2023-12-08,14.37,28.047767,3.234385,227865018897.24,192999608206.2,15856995052,13430731260,False
2023-12-11,14.58,28.457651,3.281652,231194987858.16,195820061770.8,15856995052,13430731260,False
2023-12-12,14.51,28.321023,3.265896,230084998204.52,194879910582.6,15856995052,13430731260,False
2023-12-13,14.18,27.67692,3.19162,224852189837.36,190447769266.8,15856995052,13430731260,False
2023-12-14,14.15,27.618365,3.184868,224376479985.8,190044847329.0,15856995052,13430731260,False
2023-12-15,14.18,27.67692,3.19162,224852189837.36,190447769266.8,15856995052,13430731260,False
2023-12-18,14.16,27.637884,3.187118,224535049936.32,190179154641.6,15856995052,13430731260,False
2023-12-19,14.17,27.657402,3.189369,224693619886.84,190313461954.2,15856995052,13430731260,False
2023-12-20,13.86,27.052335,3.119595,219777951420.72,186149935263.6,15856995052,13430731260,False
2023-12-21,13.92,27.169445,3.133099,220729371123.84,186955779139.2,15856995052,13430731260,False
2023-12-22,13.89,27.11089,3.126347,220253661272.28,186552857201.4,15856995052,13430731260,False
2023-12-25,13.86,27.052335,3.119595,219777951420.72,186149935263.6,15856995052,13430731260,False
2023-12-26,13.69,26.720524,3.081331,217082262261.88,183866710949.4,15856995052,13430731260,False
2023-12-27,13.42,26.193531,3.02056,212800873597.84,180240413509.2,15856995052,13430731260,False
2023-12-28,13.96,27.247518,3.142103,221363650925.92,187493008389.6,15856995052,13430731260,False
2023-12-29,14.04,27.403664,3.160109,222632210530.08,188567466890.4,15856995052,13430731260,False
2024-01-02,13.8,26.935225,3.10609,218826531717.6,185344091388.0,15856995052,13430731260,False
2024-01-03,13.71,26.759561,3.085833,217399402162.92,184135325574.6,15856995052,13430731260,False
2024-01-04,13.46,26.271604,3.029563,213435153399.92,180777642759.6,15856995052,13430731260,False
2024-01-05,13.28,25.920275,2.989049,210580894290.56,178360111132.8,15856995052,13430731260,False
2024-01-08,13.07,25.510391,2.941782,207250925329.64,175539657568.2,15856995052,13430731260,False
2024-01-09,13.1,25.568946,2.948535,207726635181.2,175942579506.0,15856995052,13430731260,False
2024-01-10,12.98,25.334727,2.921525,205823795774.96,174330891754.8,15856995052,13430731260,False
2024-01-11,13.17,25.705574,2.96429,208836624834.84,176882730694.2,15856995052,13430731260,False
2024-01-12,12.95,25.276172,2.914773,205348085923.4,173927969817.0,15856995052,13430731260,False
2024-01-15,12.83,25.041952,2.887763,203445246517.16,172316282065.8,15856995052,13430731260,False
2024-01-16,12.93,25.237135,2.910271,205030946022.36,173659355191.8,15856995052,13430731260,False
2024-01-17,12.43,24.261221,2.797732,197102448496.36,166943989561.8,15856995052,13430731260,False
2024-01-18,12.82,25.022434,2.885513,203286676566.64,172181974753.2,15856995052,13430731260,False
2024-01-19,12.7,24.788215,2.858503,201383837160.4,170570287002.0,15856995052,13430731260,False
2024-01-22,12.41,24.222185,2.79323,196785308595.32,166675374936.6,15856995052,13430731260,False
2024-01-23,12.71,24.807733,2.860754,201542407110.92,170704594314.6,15856995052,13430731260,False
2024-01-24,13.27,25.900757,2.986798,210422324340.04,178225803820.2,15856995052,13430731260,False
2024-01-25,13.35,26.056903,3.004804,211690883944.2,179300262321.0,15856995052,13430731260,False
2024-01-26,13.12,25.607982,2.953036,208043775082.24,176211194131.2,15856995052,13430731260,False
2024-01-29,12.82,25.022434,2.885513,203286676566.64,172181974753.2,15856995052,13430731260,False
2024-01-30,12.56,24.514959,2.826992,199163857853.12,168689984625.6,15856995052,13430731260,False
2024-01-31,12.48,24.358813,2.808986,197895298248.96,167615526124.8,15856995052,13430731260,False
2024-02-01,12.69,24.768696,2.856252,201225267209.88,170435979689.4,15856995052,13430731260,False
2024-02-02,12.45,24.300258,2.802233,197419588397.4,167212604187.0,15856995052,13430731260,False
2024-02-05,12.33,24.066038,2.775224,195516748991.16,165600916435.8,15856995052,13430731260,False
2024-02-06,13.2,25.764129,2.971043,209312334686.4,177285652632.0,15856995052,13430731260,False
2024-02-07,13.13,25.627501,2.955287,208202345032.76,176345501443.8,15856995052,13430731260,False
2024-02-08,13.27,25.900757,2.986798,210422324340.04,178225803820.2,15856995052,13430731260,False
2024-02-19,13.23,25.822684,2.977795,209788044537.96,177688574569.8,15856995052,13430731260,False
2024-02-20,13.34,26.037385,3.002554,211532313993.68,179165955008.4,15856995052,13430731260,False
2024-02-21,13.62,26.583896,3.065576,215972272608.24,182926559761.2,15856995052,13430731260,False
2024-02-22,13.73,26.798598,3.090334,217716542063.96,184403940199.8,15856995052,13430731260,False
2024-02-23,13.73,26.798598,3.090334,217716542063.96,184403940199.8,15856995052,13430731260,False
2024-02-26,13.55,26.447268,3.04982,214862282954.6,181986408573.0,15856995052,13430731260,False
2024-02-27,14.02,27.364628,3.155607,222315070629.04,188298852265.2,15856995052,13430731260,False
2024-02-28,13.64,26.622933,3.070077,216289412509.28,183195174386.4,15856995052,13430731260,False
2024-02-29,14.04,27.403664,3.160109,222632210530.08,188567466890.4,15856995052,13430731260,False
2024-03-01,14.0,27.325591,3.151106,221997930728.0,188030237640.0,15856995052,13430731260,False
2024-03-04,13.83,26.99378,3.112842,219302241569.16,185747013325.8,15856995052,13430731260,False
2024-03-05,13.74,26.818116,3.092585,217875112014.48,184538247512.4,15856995052,13430731260,False
2024-03-06,13.79,26.915707,3.103839,218667961767.08,185209784075.4,15856995052,13430731260,False
2024-03-07,13.57,26.486305,3.054322,215179422855.64,182255023198.2,15856995052,13430731260,False
2024-03-08,13.56,26.466787,3.052071,215020852905.12,182120715885.6,15856995052,13430731260,False
2024-03-11,13.79,26.915707,3.103839,218667961767.08,185209784075.4,15856995052,13430731260,False
2024-03-12,13.96,27.247518,3.142103,221363650925.92,187493008389.6,15856995052,13430731260,False
2024-03-13,13.77,26.876671,3.099338,218350821866.04,184941169450.2,15856995052,13430731260,False
2024-03-14,13.63,26.603415,3.067826,216130842558.76,183060867073.8,15856995052,13430731260,False
2024-03-15,13.66,26.436488,3.009977,216606552410.32,183463789011.6,15856995052,13430731260,False
2024-03-18,13.97,27.036438,3.078285,221522220876.44,187627315702.2,15856995052,13430731260,False
2024-03-19,13.71,26.533254,3.020994,217399402162.92,184135325574.6,15856995052,13430731260,False
2024-03-20,13.72,26.552607,3.023198,217557972113.44,184269632887.2,15856995052,13430731260,False
2024-03-21,13.84,26.784846,3.04964,219460811519.68,185881320638.4,15856995052,13430731260,False
2024-03-22,13.55,26.223603,2.985738,214862282954.6,181986408573.0,15856995052,13430731260,False
2024-03-25,13.17,25.488181,2.902006,208836624834.84,176882730694.2,15856995052,13430731260,False
2024-03-26,13.14,25.430121,2.895395,208360914983.28,176479808756.4,15856995052,13430731260,False
2024-03-27,12.79,24.752759,2.818273,202810966715.08,171779052815.4,15856995052,13430731260,False
2024-03-28,12.88,24.926937,2.838104,204238096269.76,172987818628.8,15856995052,13430731260,False
2024-03-29,12.89,24.946291,2.840308,204396666220.28,173122125941.4,15856995052,13430731260,False
2024-04-01,13.09,25.333355,2.884378,207568065230.68,175808272193.4,15856995052,13430731260,False
2024-04-02,12.95,25.06241,2.853529,205348085923.4,173927969817.0,15856995052,13430731260,False
2024-04-03,12.81,24.791465,2.82268,203128106616.12,172047667440.6,15856995052,13430731260,False
2024-04-08,12.53,24.249575,2.760982,198688148001.56,168287062687.8,15856995052,13430731260,False
2024-04-09,12.61,24.404401,2.77861,199956707605.72,169361521188.6,15856995052,13430731260,False
2024-04-10,12.42,24.03669,2.736743,196943878545.84,166809682249.2,15856995052,13430731260,False
2024-04-11,12.32,23.843158,2.714708,195358179040.64,165466609123.2,15856995052,13430731260,False
2024-04-12,12.1,23.417387,2.666231,191005063947.5,161647272064.3,15785542475,13359278683,False
2024-04-15,12.45,24.094749,2.743354,196530003813.75,166323019603.35,15785542475,13359278683,False
2024-04-16,12.24,23.581591,2.684927,193215039894.0,163517571079.92,15785542475,13359278683,False
2024-04-17,12.53,24.140305,2.748541,197792847211.75,167391761897.99,15785542475,13359278683,False
2024-04-18,12.47,24.024709,2.735379,196845714663.25,166590205177.01,15785542475,13359278683,False
2024-04-19,12.33,23.754985,2.704669,194635738716.75,164719906161.39,15785542475,13359278683,False
2024-04-22,12.38,23.851315,2.715637,195425015840.5,165387870095.54,15785542475,13359278683,False
2024-04-23,12.44,23.966911,2.728799,196372148389.0,166189426816.52,15785542475,13359278683,False
2024-04-24,12.45,23.986177,2.730992,196530003813.75,166323019603.35,15785542475,13359278683,False
2024-04-25,12.35,24.013829,2.652973,194951449566.25,164987091735.05,15785542475,13359278683,False
2024-04-26,13.12,25.511048,2.818381,207106317272.0,175273736320.96,15785542475,13359278683,False
2024-04-29,13.25,25.763825,2.846307,209158437793.75,177010442549.75,15785542475,13359278683,False
2024-04-30,13.05,25.374937,2.803344,206001329298.75,174338586813.15,15785542475,13359278683,False
2024-05-06,13.25,25.763825,2.846307,209158437793.75,177010442549.75,15785542475,13359278683,False
2024-05-07,13.18,25.627714,2.83127,208053449820.5,176075293041.94,15785542475,13359278683,False
2024-05-08,12.96,25.199938,2.784011,204580630476.0,173136251731.68,15785542475,13359278683,False
2024-05-09,13.08,25.43327,2.809788,206474895573.0,174739365173.64,15785542475,13359278683,False
2024-05-10,13.11,25.491604,2.816233,206948461847.25,175140143534.13,15785542475,13359278683,False
2024-05-13,13.01,25.29716,2.794751,205369907599.75,173804215665.83,15785542475,13359278683,False
2024-05-14,13.05,25.374937,2.803344,206001329298.75,174338586813.15,15785542475,13359278683,False
2024-05-15,12.71,24.713828,2.730307,200634244857.25,169796432060.93,15785542475,13359278683,False
2024-05-16,12.82,24.927716,2.753936,202370654529.5,171265952716.06,15785542475,13359278683,False
2024-05-17,13.07,25.413826,2.80764,206317040148.25,174605772386.81,15785542475,13359278683,False
2024-05-20,13.1,25.472159,2.814085,206790606422.5,175006550747.3,15785542475,13359278683,False
2024-05-21,13.04,25.355493,2.801196,205843473874.0,174204994026.32,15785542475,13359278683,False
2024-05-22,13.05,25.374937,2.803344,206001329298.75,174338586813.15,15785542475,13359278683,False
2024-05-23,12.76,24.81105,2.741047,201423521981.0,170464395995.08,15785542475,13359278683,False
2024-05-24,12.53,24.363829,2.69164,197792847211.75,167391761897.99,15785542475,13359278683,False
2024-05-27,12.67,24.63605,2.721714,200002823158.25,169262060913.61,15785542475,13359278683,False
2024-05-28,12.53,24.363829,2.69164,197792847211.75,167391761897.99,15785542475,13359278683,False
2024-05-29,12.49,24.286051,2.683047,197161425512.75,166857390750.67,15785542475,13359278683,False
2024-05-30,12.44,24.188829,2.672306,196372148389.0,166189426816.52,15785542475,13359278683,False
2024-05-31,12.41,24.130496,2.665862,195898582114.75,165788648456.03,15785542475,13359278683,False
2024-06-03,12.3,23.916607,2.642232,194162172442.5,164319127800.9,15785542475,13359278683,False
2024-06-04,12.39,24.091607,2.661566,195582871265.25,165521462882.37,15785542475,13359278683,False
2024-06-05,12.36,24.033274,2.655121,195109304991.0,165120684521.88,15785542475,13359278683,False
2024-06-06,12.26,23.83883,2.63364,193530750743.5,163784756653.58,15785542475,13359278683,False
2024-06-07,12.16,23.644386,2.612158,191952196496.0,162448828785.28,15785542475,13359278683,False
2024-06-11,12.12,23.566608,2.603565,191320774797.0,161914457637.96,15785542475,13359278683,False
2024-06-12,12.18,23.683275,2.616454,192267907345.5,162716014358.94,15785542475,13359278683,False
2024-06-13,12.17,23.66383,2.614306,192110051920.75,162582421572.11,15785542475,13359278683,False
2024-06-14,12.34,23.994385,2.650825,194793594141.5,164853498948.22,15785542475,13359278683,False
2024-06-17,12.34,23.994385,2.650825,194793594141.5,164853498948.22,15785542475,13359278683,False
2024-06-18,12.38,24.072163,2.659417,195425015840.5,165387870095.54,15785542475,13359278683,False
2024-06-19,12.19,23.702719,2.618603,192425762770.25,162849607145.77,15785542475,13359278683,False
2024-06-20,11.94,23.216609,2.564899,188479377151.5,159509787475.02,15785542475,13359278683,False
2024-06-21,11.94,23.216609,2.564899,188479377151.5,159509787475.02,15785542475,13359278683,False
2024-06-24,11.8,22.944388,2.534824,186269401205.0,157639488459.4,15785542475,13359278683,False
2024-06-25,11.54,22.438833,2.478972,182165160161.5,154166076001.82,15785542475,13359278683,False
2024-06-26,11.69,22.730499,2.511195,184532991532.75,156169967804.27,15785542475,13359278683,False
2024-06-27,11.34,22.049945,2.436009,179008051666.5,151494220265.22,15785542475,13359278683,False
2024-06-28,10.56,20.533283,2.268453,166695328536.0,141073982892.48,15785542475,13359278683,False
2024-07-01,10.47,20.358283,2.24912,165274629713.25,139871647811.01,15785542475,13359278683,False
2024-07-02,10.27,19.969395,2.206157,162117521218.25,137199792074.41,15785542475,13359278683,False
2024-07-03,10.26,19.949951,2.204008,161959665793.5,137066199287.58,15785542475,13359278683,False
2024-07-04,10.13,19.697173,2.176082,159907545271.75,135329493058.79,15785542475,13359278683,False
2024-07-05,10.21,19.852729,2.193268,161170388669.75,136398235353.43,15785542475,13359278683,False
2024-07-08,9.96,19.366619,2.139564,157224003051.0,133058415682.68,15785542475,13359278683,False
2024-07-09,10.13,19.697173,2.176082,159907545271.75,135329493058.79,15785542475,13359278683,False
2024-07-10,10.12,19.677729,2.173934,159749689847.0,135195900271.96,15785542475,13359278683,False
2024-07-11,10.43,20.280505,2.240527,164643208014.25,139337276663.69,15785542475,13359278683,False
2024-07-12,10.36,20.144395,2.22549,163538220041.0,138402127155.88,15785542475,13359278683,False
2024-07-15,10.33,20.086061,2.219045,163064653766.75,138001348795.39,15785542475,13359278683,False
2024-07-16,10.45,20.319394,2.244823,164958918863.75,139604462237.35,15785542475,13359278683,False
2024-07-17,10.5,20.416616,2.255564,165748195987.5,140272426171.5,15785542475,13359278683,False
2024-07-18,10.54,20.494394,2.264157,166379617686.5,140806797318.82,15785542475,13359278683,False
2024-07-19,10.7,20.805504,2.298527,168905304482.5,142944281908.1,15785542475,13359278683,False
2024-07-22,10.69,20.78606,2.296379,168747449057.75,142810689121.27,15785542475,13359278683,False
2024-07-23,10.35,20.12495,2.223342,163380364616.25,138268534369.05,15785542475,13359278683,False
2024-07-24,10.14,19.716618,2.17823,160065400696.5,135463085845.62,15785542475,13359278683,False
2024-07-25,10.27,19.969395,2.206157,162117521218.25,137199792074.41,15785542475,13359278683,False
2024-07-26,10.52,20.455505,2.25986,166063906837.0,140539611745.16,15785542475,13359278683,False
2024-07-29,10.4,20.222172,2.234083,164169641740.0,138936498303.2,15785542475,13359278683,False
2024-07-30,10.38,20.183283,2.229786,163853930890.5,138669312729.54,15785542475,13359278683,False
2024-07-31,11.14,21.661058,2.393046,175850943171.5,148822364528.62,15785542475,13359278683,False
2024-08-01,10.98,21.349947,2.358676,173325256375.5,146684879939.34,15785542475,13359278683,False
2024-08-02,10.78,20.961059,2.315712,170168147880.5,144013024202.74,15785542475,13359278683,False
2024-08-05,10.73,20.863837,2.304972,169378870756.75,143345060268.59,15785542475,13359278683,False
2024-08-06,10.75,20.902726,2.309268,169694581606.25,143612245842.25,15785542475,13359278683,False
2024-08-07,10.68,20.766615,2.294231,168589593633.0,142677096334.44,15785542475,13359278683,False
2024-08-08,10.67,20.747171,2.292083,168431738208.25,142543503547.61,15785542475,13359278683,False
2024-08-09,10.46,20.338839,2.246971,165116774288.5,139738055024.18,15785542475,13359278683,False
2024-08-12,10.55,20.753309,2.219186,166537473111.25,140940390105.65,15785542475,13359278683,False
2024-08-13,10.72,21.087723,2.254945,169221015332.0,143211467481.76,15785542475,13359278683,False
2024-08-14,10.65,20.950023,2.240221,168116027358.75,142276317973.95,15785542475,13359278683,False
2024-08-15,10.67,20.989366,2.244428,168431738208.25,142543503547.61,15785542475,13359278683,False
2024-08-16,10.57,20.792652,2.223393,166853183960.75,141207575679.31,15785542475,13359278683,False
2024-08-19,10.61,20.871337,2.231807,167484605659.75,141741946826.63,15785542475,13359278683,False
2024-08-20,10.52,20.694295,2.212875,166063906837.0,140539611745.16,15785542475,13359278683,False
2024-08-21,10.51,20.674624,2.210772,165906051412.25,140406018958.33,15785542475,13359278683,False
2024-08-22,10.19,20.045139,2.14346,160854677820.25,136131049779.77,15785542475,13359278683,False
2024-08-23,10.3,20.261525,2.166598,162591087492.5,137600570434.9,15785542475,13359278683,False
2024-08-26,10.33,20.320539,2.172909,163064653766.75,138001348795.39,15785542475,13359278683,False
2024-08-27,10.21,20.084482,2.147667,161170388669.75,136398235353.43,15785542475,13359278683,False
2024-08-28,10.22,20.104154,2.14977,161328244094.5,136531828140.26,15785542475,13359278683,False
2024-08-29,10.39,20.438567,2.18553,164011786315.25,138802905516.37,15785542475,13359278683,False
2024-08-30,10.8,21.245094,2.271773,170483858730.0,144280209776.4,15785542475,13359278683,False
2024-09-02,10.4,20.458238,2.187633,164169641740.0,138936498303.2,15785542475,13359278683,False
2024-09-03,10.46,20.576267,2.200254,165116774288.5,139738055024.18,15785542475,13359278683,False
2024-09-04,10.46,20.576267,2.200254,165116774288.5,139738055024.18,15785542475,13359278683,False
2024-09-05,10.65,20.950023,2.240221,168116027358.75,142276317973.95,15785542475,13359278683,False
2024-09-06,10.56,20.772981,2.221289,166695328536.0,141073982892.48,15785542475,13359278683,False
2024-09-09,10.55,20.753309,2.219186,166537473111.25,140940390105.65,15785542475,13359278683,False
2024-09-10,10.52,20.694295,2.212875,166063906837.0,140539611745.16,15785542475,13359278683,False
2024-09-11,10.53,20.713966,2.214979,166221762261.75,140673204531.99,15785542475,13359278683,False
2024-09-12,10.45,20.556595,2.198151,164958918863.75,139604462237.35,15785542475,13359278683,False
2024-09-13,10.38,20.418896,2.183426,163853930890.5,138669312729.54,15785542475,13359278683,False
2024-09-18,10.43,20.517253,2.193944,164643208014.25,139337276663.69,15785542475,13359278683,False
2024-09-19,10.76,21.166408,2.263359,169852437031.0,143745838629.08,15785542475,13359278683,False
2024-09-20,10.76,21.166408,2.263359,169852437031.0,143745838629.08,15785542475,13359278683,False
2024-09-23,10.73,21.107394,2.257049,169378870756.75,143345060268.59,15785542475,13359278683,False
2024-09-24,11.96,23.526974,2.515778,188795088001.0,159776973048.68,15785542475,13359278683,False
2024-09-25,12.42,24.431858,2.612539,196056437539.5,165922241242.86,15785542475,13359278683,False
2024-09-26,14.1,27.73665,2.965926,222576148897.5,188365829430.3,15785542475,13359278683,False
2024-09-27,16.92,33.28398,3.559111,267091378677.0,226038995316.36,15785542475,13359278683,False
2024-09-30,20.3,39.932908,4.270092,320446512242.5,271193357264.9,15785542475,13359278683,False
2024-10-08,24.36,47.919489,5.12411,384535814691.0,325432028717.88,15785542475,13359278683,False
2024-10-09,24.9,48.981744,5.237699,393060007627.5,332646039206.7,15785542475,13359278683,False
2024-10-10,20.55,40.424692,4.322679,324392897861.25,274533176935.65,15785542475,13359278683,False
2024-10-11,20.85,41.014834,4.385784,329128560603.75,278540960540.55,15785542475,13359278683,False
2024-10-14,21.07,41.447604,4.432061,332601379948.25,281480001850.81,15785542475,13359278683,False
2024-10-15,20.16,39.657508,4.240643,318236536296.0,269323058249.28,15785542475,13359278683,False
2024-10-16,20.38,40.090279,4.28692,321709355640.5,272262099559.54,15785542475,13359278683,False
2024-10-17,19.9,39.146052,4.185952,314132295252.5,265849645791.7,15785542475,13359278683,False
2024-10-18,22.95,45.145824,4.827518,362278199801.25,306595445774.85,15785542475,13359278683,False
2024-10-21,22.25,43.768827,4.680273,351228320068.75,297243950696.75,15785542475,13359278683,False
2024-10-22,22.63,44.51634,4.760206,357226826209.25,302320476596.29,15785542475,13359278683,False
2024-10-23,22.52,44.299955,4.737067,355490416537.0,300850955941.16,15785542475,13359278683,False
2024-10-24,22.19,43.650799,4.667652,350281187520.25,296442393975.77,15785542475,13359278683,False
2024-10-25,22.7,44.65404,4.77493,358331814182.5,303255626104.1,15785542475,13359278683,False
2024-10-28,22.66,44.565916,4.648951,357700392483.5,302721254956.78,15785542475,13359278683,False
2024-10-29,22.18,43.621889,4.550473,350123332095.5,296308801188.94,15785542475,13359278683,False
2024-10-30,21.57,42.422189,4.425325,340494151185.75,288159641192.31,15785542475,13359278683,False
2024-10-31,23.19,45.608278,4.757686,366066729995.25,309801672658.77,15785542475,13359278683,False
2024-11-01,23.0,45.234601,4.718706,363067476925.0,307263409709.0,15785542475,13359278683,False
2024-11-04,24.78,48.735366,5.083892,391165742530.5,331042925764.74,15785542475,13359278683,False
2024-11-05,27.35,53.789841,5.611156,431734586691.25,365376271980.05,15785542475,13359278683,False
2024-11-06,26.44,52.000124,5.42446,417369743039.0,353219328378.52,15785542475,13359278683,False
2024-11-07,30.0,59.001654,6.154833,473566274250.0,400778360490.0,15785542475,13359278683,False
2024-11-08,28.24,55.540223,5.79375,445783719494.0,377266030007.92,15785542475,13359278683,False
2024-11-11,28.7,56.444915,5.888124,453045069032.5,383411298202.1,15785542475,13359278683,False
2024-11-12,28.35,55.756563,5.816318,447520129166.25,378735550663.05,15785542475,13359278683,False
2024-11-13,28.18,55.42222,5.78144,444836586945.5,376464473286.94,15785542475,13359278683,False
2024-11-14,27.41,53.907844,5.623466,432681719239.75,366177828701.03,15785542475,13359278683,False
2024-11-15,25.63,50.407079,5.258279,404583453634.25,342398312645.29,15785542475,13359278683,False
2024-11-18,25.83,50.800424,5.299312,407740562129.25,345070168381.89,15785542475,13359278683,False
2024-11-19,26.97,53.042487,5.533195,425736080550.75,360299746080.51,15785542475,13359278683,False
2024-11-20,26.67,52.45247,5.471647,421000417808.25,356291962475.61,15785542475,13359278683,False
2024-11-21,27.39,53.86851,5.619363,432366008390.25,365910643127.37,15785542475,13359278683,False
2024-11-22,25.9,50.938094,5.313673,408845550102.5,346005317889.7,15785542475,13359278683,False
2024-11-25,25.37,49.895732,5.204937,400479212590.75,338924900187.71,15785542475,13359278683,False
2024-11-26,25.14,49.443386,5.15775,396848537821.5,335852266090.62,15785542475,13359278683,False
2024-11-27,26.41,51.941122,5.418305,416896176764.75,352818550018.03,15785542475,13359278683,False
2024-11-28,25.78,50.702088,5.289054,406951285005.5,344402204447.74,15785542475,13359278683,False
2024-11-29,27.26,53.612836,5.592692,430313887868.5,364173936898.58,15785542475,13359278683,False
2024-12-02,27.46,54.00618,5.633724,433470996363.5,366845792635.18,15785542475,13359278683,False
2024-12-03,27.36,53.809508,5.613208,431892442116.0,365509864766.88,15785542475,13359278683,False
2024-12-04,26.93,52.963818,5.524989,425104658851.75,359765374933.19,15785542475,13359278683,False
2024-12-05,27.48,54.045515,5.637827,433786707213.0,367112978208.84,15785542475,13359278683,False
2024-12-06,27.84,54.753535,5.711685,439469502504.0,371922318534.72,15785542475,13359278683,False
2024-12-09,27.54,54.163518,5.650137,434733839761.5,367914534929.82,15785542475,13359278683,False
2024-12-10,28.0,55.06821,5.744511,441995189300.0,374059803124.0,15785542475,13359278683,False
2024-12-11,27.65,54.379857,5.672705,436470249433.75,369384055584.95,15785542475,13359278683,False
2024-12-12,27.91,54.891205,5.726047,440574490477.25,372857468042.53,15785542475,13359278683,False
2024-12-13,26.41,51.941122,5.418305,416896176764.75,352818550018.03,15785542475,13359278683,False
2024-12-16,25.75,50.643086,5.282899,406477718731.25,344001426087.25,15785542475,13359278683,False
2024-12-17,25.88,50.89876,5.30957,408529839253.0,345738132316.04,15785542475,13359278683,False
2024-12-18,25.81,50.761089,5.295208,407424851279.75,344802982808.23,15785542475,13359278683,False
2024-12-19,25.85,50.839758,5.303415,408056272978.75,345337353955.55,15785542475,13359278683,False
2024-12-20,26.11,51.351106,5.356757,412160514022.25,348810766413.13,15785542475,13359278683,False
2024-12-23,25.9,50.938094,5.313673,408845550102.5,346005317889.7,15785542475,13359278683,False
2024-12-24,26.29,51.705116,5.393686,415001911667.75,351215436576.07,15785542475,13359278683,False
2024-12-25,26.1,51.331439,5.354705,412002658597.5,348677173626.3,15785542475,13359278683,False
2024-12-26,26.07,51.272437,5.34855,411529092323.25,348276395265.81,15785542475,13359278683,False
2024-12-27,26.55,52.216463,5.447028,419106152711.25,354688849033.65,15785542475,13359278683,False
2024-12-30,27.16,53.416164,5.572176,428735333621.0,362838009030.28,15785542475,13359278683,False
2024-12-31,25.82,50.780757,5.29726,407582706704.5,344936575595.06,15785542475,13359278683,False
2025-01-02,23.99,47.181656,4.921815,378695163975.25,320489095605.17,15785542475,13359278683,False
2025-01-03,22.86,44.95926,4.689983,360857500978.5,305393110693.38,15785542475,13359278683,False
2025-01-06,22.54,44.329909,4.624332,355806127386.5,301118141514.82,15785542475,13359278683,False
2025-01-07,23.01,45.254268,4.720757,363225332349.75,307397002495.83,15785542475,13359278683,False
2025-01-08,22.56,44.369244,4.628435,356121838236.0,301385327088.48,15785542475,13359278683,False
2025-01-09,22.49,44.231573,4.614073,355016850262.75,300450177580.67,15785542475,13359278683,False
2025-01-10,21.88,43.031873,4.488925,345387669353.0,292301017584.04,15785542475,13359278683,False
2025-01-13,22.12,43.503886,4.538164,349176199547.0,295507244467.96,15785542475,13359278683,False
2025-01-14,23.86,46.925982,4.895144,376643043453.5,318752389376.38,15785542475,13359278683,False
2025-01-15,23.32,45.863952,4.784357,368118850517.0,311538378887.56,15785542475,13359278683,False
2025-01-16,23.39,46.001623,4.798718,369223838490.25,312473528395.37,15785542475,13359278683,False
2025-01-17,23.44,46.099959,4.808977,370013115614.0,313141492329.52,15785542475,13359278683,False
2025-01-20,23.51,46.237629,4.823338,371118103587.25,314076641837.33,15785542475,13359278683,False
2025-01-21,23.85,46.906315,4.893093,376485188028.75,318618796589.55,15785542475,13359278683,False
2025-01-22,23.67,46.552305,4.856164,373643790383.25,316214126426.61,15785542475,13359278683,False
2025-01-23,23.73,46.670308,4.868473,374590922931.75,317015683147.59,15785542475,13359278683,False
2025-01-24,24.09,47.378328,4.942331,380273718222.75,321825023473.47,15785542475,13359278683,False
2025-01-27,22.94,45.116598,4.706396,362120344376.5,306461852988.02,15785542475,13359278683,False
2025-02-05,22.99,45.214934,4.716654,362909621500.25,307129816922.17,15785542475,13359278683,False
2025-02-06,23.69,46.591639,4.860267,373959501232.75,316481312000.27,15785542475,13359278683,False
2025-02-07,24.28,47.752005,4.981312,383272971293.0,324363286423.24,15785542475,13359278683,False
2025-02-10,24.34,47.870008,4.993622,384220103841.5,325164843144.22,15785542475,13359278683,False
2025-02-11,23.94,47.08332,4.911557,377905886851.5,319821131671.02,15785542475,13359278683,False
2025-02-12,24.54,48.263353,5.034654,387377212336.5,327836698880.82,15785542475,13359278683,False
2025-02-13,24.16,47.515998,4.956693,381378706196.0,322760172981.28,15785542475,13359278683,False
2025-02-14,24.22,47.634002,4.969002,382325838744.5,323561729702.26,15785542475,13359278683,False
2025-02-17,24.37,47.92901,4.999776,384693670115.75,325565621504.71,15785542475,13359278683,False
2025-02-18,23.33,45.883619,4.786409,368276705941.75,311671971674.39,15785542475,13359278683,False
2025-02-19,23.82,46.847313,4.886938,376011621754.5,318218018229.06,15785542475,13359278683,False
2025-02-20,23.57,46.355633,4.835647,372065236135.75,314878198558.31,15785542475,13359278683,False
2025-02-21,24.35,47.889676,4.995673,384377959266.25,325298435931.05,15785542475,13359278683,False
2025-02-24,24.12,47.437329,4.948486,380747284497.0,322225801833.96,15785542475,13359278683,False
2025-02-25,23.7,46.611306,4.862318,374117356657.5,316614904787.1,15785542475,13359278683,False
2025-02-26,24.4,47.988012,5.005931,385167236390.0,325966399865.2,15785542475,13359278683,False
2025-02-27,24.13,47.456997,4.950538,380905139921.75,322359394620.79,15785542475,13359278683,False
2025-02-28,23.23,45.686947,4.765893,366698151694.25,310336043806.09,15785542475,13359278683,False
2025-03-03,22.95,45.136265,4.708448,362278199801.25,306595445774.85,15785542475,13359278683,False
2025-03-04,22.98,45.195267,4.714602,362751766075.5,306996224135.34,15785542475,13359278683,False
2025-03-05,22.98,45.195267,4.714602,362751766075.5,306996224135.34,15785542475,13359278683,False
2025-03-06,23.93,47.063652,4.909505,377748031426.75,319687538884.19,15785542475,13359278683,False
2025-03-07,23.41,46.040957,4.802822,369539549339.75,312740713969.03,15785542475,13359278683,False
2025-03-10,23.27,45.765616,4.774099,367329573393.25,310870414953.41,15785542475,13359278683,False
2025-03-11,23.38,45.981955,4.796667,369065983065.5,312339935608.54,15785542475,13359278683,False
2025-03-12,23.61,46.434301,4.843854,372696657834.75,315412569705.63,15785542475,13359278683,False
2025-03-13,23.35,45.922954,4.790512,368592416791.25,311939157248.05,15785542475,13359278683,False
2025-03-14,24.43,48.047013,5.012086,385640802664.25,326367178225.69,15785542475,13359278683,False
2025-03-17,24.08,39.553703,4.708653,380115862798.0,321691430686.64,15785542475,13359278683,False
2025-03-18,24.13,39.635833,4.71843,380905139921.75,322359394620.79,15785542475,13359278683,False
2025-03-19,24.03,39.471573,4.698876,379326585674.25,321023466752.49,15785542475,13359278683,False
2025-03-20,23.81,39.110202,4.655857,375853766329.75,318084425442.23,15785542475,13359278683,False
2025-03-21,23.27,38.223201,4.550264,367329573393.25,310870414953.41,15785542475,13359278683,False
2025-03-24,23.27,38.223201,4.550264,367329573393.25,310870414953.41,15785542475,13359278683,False
2025-03-25,22.93,37.664718,4.48378,361962488951.75,306328260201.19,15785542475,13359278683,False
2025-03-26,22.97,37.730422,4.491601,362593910650.75,306862631348.51,15785542475,13359278683,False
2025-03-27,22.98,37.746848,4.493557,362751766075.5,306996224135.34,15785542475,13359278683,False
2025-03-28,23.0,37.7797,4.497468,363067476925.0,307263409709.0,15785542475,13359278683,False
2025-03-31,22.58,37.08981,4.41534,356437549085.5,301652512662.14,15785542475,13359278683,False
2025-04-01,22.2,36.465623,4.341034,350439042945.0,296575986762.6,15785542475,13359278683,False
2025-04-02,22.44,36.859846,4.387964,354227573139.0,299782213646.52,15785542475,13359278683,False
2025-04-03,22.45,36.876272,4.38992,354385428563.75,299915806433.35,15785542475,13359278683,False
2025-04-07,19.33,31.751374,3.779828,305134536041.75,258234856942.39,15785542475,13359278683,False
2025-04-08,19.7,32.359134,3.852179,310975186757.5,263177790055.1,15785542475,13359278683,False
2025-04-09,20.5,33.673211,4.008612,323603620737.5,273865213001.5,15785542475,13359278683,False
2025-04-10,20.5,33.673211,4.008612,323603620737.5,273865213001.5,15785542475,13359278683,False
2025-04-11,20.58,33.804618,4.024256,324866464135.5,274933955296.14,15785542475,13359278683,False
2025-04-14,20.6,33.83747,4.028167,325182174985.0,275201140869.8,15785542475,13359278683,False
2025-04-15,20.44,33.574655,3.99688,322656488189.0,273063656280.52,15785542475,13359278683,False
2025-04-16,20.32,33.377543,3.973415,320762223092.0,271460542838.56,15785542475,13359278683,False
2025-04-17,20.25,33.262562,3.959727,319657235118.75,270525393330.75,15785542475,13359278683,False
2025-04-18,20.48,33.640359,4.004702,323287909888.0,273598027427.84,15785542475,13359278683,False
2025-04-21,20.63,33.886748,4.034033,325655741259.25,275601919230.29,15785542475,13359278683,False
2025-04-22,20.55,33.75534,4.01839,324392897861.25,274533176935.65,15785542475,13359278683,False
2025-04-23,20.62,33.870322,4.032078,325497885834.5,275468326443.46,15785542475,13359278683,False
2025-04-24,20.48,33.640359,4.004702,323287909888.0,273598027427.84,15785542475,13359278683,False
2025-04-25,20.7,34.00173,4.047721,326760729232.5,276537068738.1,15785542475,13359278683,False
2025-04-28,20.56,31.292967,3.897227,324550753286.0,274666769722.48,15785542475,13359278683,False
2025-04-29,20.49,31.186425,3.883958,323445765312.75,273731620214.67,15785542475,13359278683,False
2025-04-30,20.57,31.308187,3.899122,324708608710.75,274800362509.31,15785542475,13359278683,False
2025-05-06,20.99,31.947441,3.978735,331338536550.25,280411259556.17,15785542475,13359278683,False
2025-05-07,21.25,32.343169,4.028019,335442777593.75,283884672013.75,15785542475,13359278683,False
2025-05-08,21.22,32.297508,4.022332,334969211319.5,283483893653.26,15785542475,13359278683,False
2025-05-09,20.83,31.703916,3.948406,328812849754.25,278273774966.89,15785542475,13359278683,False
2025-05-12,21.72,33.058524,4.117109,342861982557.0,290163532994.76,15785542475,13359278683,False
2025-05-13,21.45,32.647575,4.06593,338599886088.75,286556527750.35,15785542475,13359278683,False
2025-05-14,22.53,34.291369,4.270648,355648271961.75,300984548727.99,15785542475,13359278683,False
2025-05-15,21.82,33.210727,4.136065,344440536804.5,291499460863.06,15785542475,13359278683,False
2025-05-16,21.53,32.769338,4.081094,339862729486.75,287644647044.99,15785542475,13360178683,False
2025-05-19,21.5,32.723677,4.075407,339389163212.5,287243841684.5,15785542475,13360178683,False
2025-05-20,21.52,32.754117,4.079199,339704874062.0,287511045258.16,15785542475,13360178683,False
2025-05-21,21.38,32.57916,4.057409,337890325491.5,285987140868.54,15804037675,13376386383,False
2025-05-22,21.23,32.350588,4.028943,335519719840.25,283980682911.09,15804037675,13376386383,False
2025-05-23,20.78,31.664871,3.943544,328407902886.5,277961309038.74,15804037675,13376386383,False
2025-05-26,20.8,31.695347,3.947339,328723983640.0,278228836766.4,15804037675,13376386383,False
2025-05-27,20.69,31.527728,3.926464,326985539495.75,276757434264.27,15804037675,13376386383,False
2025-05-28,20.5,31.238203,3.890406,323982772337.5,274215920851.5,15804037675,13376386383,False
2025-05-29,20.85,31.771538,3.956828,329514185523.75,278897656085.55,15804037675,13376386383,False
2025-05-30,20.62,31.421061,3.91318,325879256858.5,275821087217.46,15804037675,13376386383,False
2025-06-03,20.66,31.482013,3.920771,326511418365.5,276356142672.78,15804037675,13376386383,False
2025-06-04,20.94,31.908681,3.973908,330936548914.5,280101530860.02,15804037675,13376386383,False
2025-06-05,21.13,32.198206,4.009965,333939316072.75,282643044272.79,15804037675,13376386383,False
2025-06-06,20.89,31.832491,3.964419,330146347030.75,279432711540.87,15804037675,13376386383,False
2025-06-09,21.46,32.701065,4.072591,339154648505.5,287057251779.18,15804037675,13376386383,False
2025-06-10,20.97,31.954396,3.979601,331410670044.75,280502822451.51,15804037675,13376386383,False
2025-06-11,21.49,32.746779,4.078285,339628769635.75,287458543370.67,15804037675,13376386383,False
2025-06-12,21.65,32.99059,4.108649,342157415663.75,289598765191.95,15804037675,13376386383,False
2025-06-13,21.33,32.502969,4.04792,337100123607.75,285318321549.39,15804037675,13376386383,False
2025-06-16,21.73,33.112495,4.123831,343421738677.75,290668876102.59,15804037675,13376386383,False
2025-06-17,21.71,33.082019,4.120035,343105657924.25,290401348374.93,15804037675,13376386383,False
2025-06-18,21.5,32.762018,4.080182,339786810012.5,287592307234.5,15804037675,13376386383,False
2025-06-19,20.93,31.893443,3.97201,330778508537.75,279967766996.19,15804037675,13376386383,False
2025-06-20,20.71,31.558204,3.930259,327301620249.25,277024961991.93,15804037675,13376386383,False
2025-06-23,20.93,31.893443,3.97201,330778508537.75,279967766996.19,15804037675,13376386383,False
2025-06-24,21.81,33.2344,4.139013,344686061691.75,291738987013.23,15804037675,13376386383,False
2025-06-25,24.0,36.571554,4.554622,379296904200.0,321033273192.0,15804037675,13376386383,False
2025-06-26,23.13,35.245836,4.389517,365547391422.75,309395817038.79,15804037675,13376386383,False
2025-06-27,23.04,35.108692,4.372437,364125028032.0,308191942264.32,15804037675,13376386383,False
2025-06-30,23.13,35.245836,4.389517,365547391422.75,309395808365.04,15804037675,13376386008,False
2025-07-01,22.88,34.864882,4.342073,361596382004.0,306051711863.04,15804037675,13376386008,False
2025-07-02,22.71,34.605833,4.309811,358909695599.25,303777726241.68,15804037675,13376386008,False
2025-07-03,22.88,34.864882,4.342073,361596382004.0,306051711863.04,15804037675,13376386008,False
2025-07-04,22.8,34.742977,4.326891,360332058990.0,304981600982.4,15804037675,13376386008,False
2025-07-07,22.75,34.666786,4.317402,359541857106.25,304312781682.0,15804037675,13376386008,False
2025-07-08,23.15,35.276312,4.393313,365863472176.25,309663336085.2,15804037675,13376386008,False
2025-07-09,22.93,34.941073,4.351562,362386583887.75,306720531163.44,15804037675,13376386008,False
2025-07-10,23.15,35.276312,4.393313,365863472176.25,309663336085.2,15804037675,13376386008,False
2025-07-11,23.86,36.35822,4.528054,377084338925.5,319160570150.88,15804037675,13376386008,False
2025-07-14,23.62,35.992505,4.482507,373291369883.5,315950237508.96,15804037675,13376386008,False
2025-07-15,23.53,35.855362,4.465428,371869006492.75,314746362768.24,15804037675,13376386008,False
2025-07-16,23.42,35.687742,4.444552,370130562348.5,313274960307.36,15804037675,13376386008,False
2025-07-17,23.6,35.962029,4.478712,372975289130.0,315682709788.8,15804037675,13376386008,False
2025-07-18,23.52,35.840123,4.46353,371710966116.0,314612598908.16,15804037675,13376386008,False
2025-07-21,23.35,35.581075,4.431268,369024279711.25,312338613286.8,15804037675,13376386008,False
2025-07-22,23.54,35.8706,4.467325,372027046869.5,314880126628.32,15804037675,13376386008,False
2025-07-23,23.71,36.129648,4.499587,374713733274.25,317154112249.68,15804037675,13376386008,False
2025-07-24,24.32,37.059175,4.61535,384354196256.0,325313707714.56,15804037675,13376386008,False
2025-07-25,23.99,36.556316,4.552724,379138863823.25,320899500331.92,15804037675,13376386008,False
2025-07-28,24.12,36.754412,4.577395,381193388721.0,322638430512.96,15804037675,13376386008,False
2025-07-29,24.18,36.845841,4.588782,382141630981.5,323441013673.44,15804037675,13376386008,False
2025-07-30,23.81,36.28203,4.518565,376294137041.75,318491750850.48,15804037675,13376386008,False
2025-07-31,23.23,35.398217,4.408495,367127795190.25,310733446965.84,15804037675,13376386008,False
2025-08-01,23.17,35.306788,4.397108,366179552929.75,309930863805.36,15804037675,13376386008,False
2025-08-04,23.35,35.581075,4.431268,369024279711.25,312338613286.8,15804037675,13376386008,False
2025-08-05,23.63,36.007743,4.484405,373449410260.25,316084001369.04,15804037675,13376386008,False
2025-08-06,23.63,36.007743,4.484405,373449410260.25,316084001369.04,15804037675,13376386008,False
2025-08-07,23.54,35.8706,4.467325,372027046869.5,314880126628.32,15804037675,13376386008,False
2025-08-08,23.2,35.352503,4.402801,366653674060.0,310332155385.6,15804037675,13376386008,False
2025-08-11,23.8,36.266791,4.516667,376136096665.0,318357986990.4,15804037675,13376386008,False
2025-08-12,23.99,36.556316,4.552724,379138863823.25,320899500331.92,15804037675,13376386008,False
2025-08-13,24.58,37.455367,4.664692,388463246051.5,328791568076.64,15804037675,13376386008,False
2025-08-14,24.36,37.120128,4.622942,384986357763.0,325848763154.88,15804037675,13376386008,False
2025-08-15,26.76,40.777283,5.078404,422916048183.0,357952089574.08,15804037675,13376386008,False
2025-08-18,27.85,39.575103,5.142915,440142449248.75,372532350322.8,15804037675,13376386008,False
2025-08-19,26.9,38.225144,4.967483,425128613457.5,359824783615.2,15804037675,13376386008,False
2025-08-20,27.08,38.480926,5.000723,427973340239.0,362232533096.64,15804037675,13376386008,False
2025-08-21,26.8,38.083044,4.949017,423548209690.0,358487145014.4,15804037675,13376386008,False
2025-08-22,27.85,39.575103,5.142915,440142449248.75,372532350322.8,15804037675,13376386008,False
2025-08-25,28.23,40.115087,5.213087,446147983565.25,377615377005.84,15804037675,13376386008,False
2025-08-26,27.93,39.688784,5.157688,441406772262.75,373602461203.44,15804037675,13376386008,False
2025-08-27,27.21,38.665657,5.024729,430027865136.75,363971463277.68,15804037675,13376386008,False
2025-08-28,27.96,39.731414,5.163228,441880893393.0,374003752783.68,15804037675,13376386008,False
2025-08-29,28.91,41.081373,5.33866,456894729184.25,386711319491.28,15804037675,13376386008,False
2025-09-01,28.69,40.768751,5.298033,453417840895.75,383768514569.52,15804037675,13376386008,False
2025-09-02,27.85,39.575103,5.142915,440142449248.75,372532350322.8,15804037675,13376386008,False
2025-09-03,26.63,37.841472,4.917624,420861523285.25,356213159393.04,15804037675,13376386008,False
2025-09-04,26.21,37.244648,4.840065,414223827461.75,350595077269.68,15804037675,13376386008,False
2025-09-05,26.6,37.798842,4.912084,420387402155.0,355811867812.8,15804037675,13376386008,False
2025-09-08,26.42,37.54306,4.878844,417542675373.5,353404118331.36,15804037675,13376386008,False
2025-09-09,26.19,37.216228,4.836371,413907746708.25,350327549549.52,15804037675,13376386008,False
2025-09-10,26.19,37.216228,4.836371,413907746708.25,350327549549.52,15804037675,13376386008,False
2025-09-11,27.27,38.750918,5.035809,430976107397.25,364774046438.16,15804037675,13376386008,False
2025-09-12,26.95,38.296195,4.976717,425918815341.25,360493602915.6,15804037675,13376386008,False
2025-09-15,27.21,38.665657,5.024729,430027865136.75,363971463277.68,15804037675,13376386008,False
2025-09-16,27.71,39.376162,5.117062,437929883974.25,370659656281.68,15804037675,13376386008,False
2025-09-17,28.21,40.086666,5.209394,445831902811.75,377347849285.68,15804037675,13376386008,False
2025-09-18,26.87,38.182514,4.961943,424654492327.25,359423492034.96,15804037675,13376386008,False
2025-09-19,26.55,37.727791,4.902851,419597200271.25,355143048512.4,15804037675,13376386008,False
2025-09-22,26.89,38.210934,4.965637,424970573080.75,359691019755.12,15804037675,13376386008,False
2025-09-23,26.12,37.116757,4.823445,412801464071.0,349391202528.96,15804037675,13376386008,False
2025-09-24,26.45,37.58569,4.884384,418016796503.75,353805409911.6,15804037675,13376386008,False
2025-09-25,26.47,37.614111,4.888077,418332877257.25,354072937631.76,15804037675,13376386008,False
2025-09-26,26.06,37.031497,4.812365,411853221810.5,348588619368.48,15804037675,13376386008,False
2025-09-29,27.58,39.191431,5.093055,435875359076.5,368920726100.64,15804037675,13376386008,False
2025-09-30,27.12,38.537766,5.00811,428605501746.0,362767588536.96,15804037675,13376386008,False
2025-10-09,26.76,38.026203,4.94163,422916048183.0,357952089574.08,15804037675,13376386008,False
2025-10-10,26.09,37.074127,4.817905,412327342940.75,348989910948.72,15804037675,13376386008,False
2025-10-13,25.62,36.406253,4.731112,404899445233.5,342703009524.96,15804037675,13376386008,False
2025-10-14,25.16,35.752589,4.646167,397629587903.0,336549871961.28,15804037675,13376386008,False
2025-10-15,25.54,36.292572,4.716339,403635122219.5,341632898644.32,15804037675,13376386008,False
2025-10-16,25.42,36.122051,4.694179,401738637698.5,340027732323.36,15804037675,13376386008,False
2025-10-17,24.86,35.326286,4.590767,392888376600.5,332536956158.88,15804037675,13376386008,False
2025-10-20,25.02,35.553647,4.620313,395417022628.5,334677177920.16,15804037675,13376386008,False
2025-10-21,25.36,36.03679,4.683099,400790395438.0,339225149162.88,15804037675,13376386008,False
2025-10-22,25.12,35.695748,4.63878,396997426396.0,336014816520.96,15804037675,13376386008,False
2025-10-23,25.47,36.193101,4.703413,402528839582.25,340696551623.76,15804037675,13376386008,False
2025-10-24,25.9,36.804135,4.782818,409324575782.5,346448397607.2,15804037675,13376386008,False
2025-10-27,26.04,32.492519,4.630315,411537141057.0,348321091648.32,15804037675,13376386008,False
2025-10-28,26.0,32.442607,4.623202,410904979550.0,347786036208.0,15804037675,13376386008,False
2025-10-29,26.49,33.054025,4.710332,418648958010.75,354340465351.92,15804037675,13376386008,False
2025-10-30,25.63,31.980924,4.55741,405057485610.25,342836773385.04,15804037675,13376386008,False
2025-10-31,25.5,31.818711,4.534294,403002960712.5,341097843204.0,15804037675,13376386008,False
2025-11-03,25.56,31.893578,4.544963,403951202973.0,341900426364.48,15804037675,13376386008,False
2025-11-04,25.26,31.51924,4.491619,399209991670.5,337887510562.08,15804037675,13376386008,False
2025-11-05,25.26,31.51924,4.491619,399209991670.5,337887510562.08,15804037675,13376386008,False
2025-11-06,25.51,31.831188,4.536073,403161001089.25,341231607064.08,15804037675,13376386008,False
2025-11-07,25.14,31.369505,4.470281,397313507149.5,336282344241.12,15804037675,13376386008,False
2025-11-10,25.4,31.693931,4.516513,401422556945.0,339760204603.2,15804037675,13376386008,False
2025-11-11,24.93,31.107469,4.43294,393994659237.75,333473303179.44,15804037675,13376386008,False
2025-11-12,24.69,30.807999,4.390264,390201690195.75,330262970537.52,15804037675,13376386008,False
2025-11-13,25.13,31.357027,4.468503,397155466772.75,336148580381.04,15804037675,13376386008,False
2025-11-14,24.54,30.62083,4.363592,387831084544.5,328256512636.32,15804037675,13376386008,False
2025-11-17,24.51,30.583396,4.358257,387356963414.25,327855221056.08,15804037675,13376386008,False
2025-11-18,24.49,30.55844,4.354701,387040882660.75,327587693335.92,15804037675,13376386008,False
2025-11-19,24.33,30.358793,4.32625,384512236632.75,325447471574.64,15804037675,13376386008,False
2025-11-20,24.07,30.034367,4.280018,380403186837.25,321969611212.56,15804037675,13376386008,False
2025-11-21,23.3,29.073567,4.1431,368234077827.5,311669793986.4,15804037675,13376386008,False
2025-11-24,23.43,29.23578,4.166216,370288602725.25,313408724167.44,15804037675,13376386008,False
2025-11-25,23.42,29.223302,4.164438,370130562348.5,313274960307.36,15804037675,13376386008,False
2025-11-26,23.34,29.123479,4.150213,368866239334.5,312204849426.72,15804037675,13376386008,False
2025-11-27,23.3,29.073567,4.1431,368234077827.5,311669793986.4,15804037675,13376386008,False
2025-11-28,23.4,29.198346,4.160882,369814481595.0,313007432587.2,15804037675,13376386008,False
2025-12-01,23.09,28.81153,4.105759,364915229915.75,308860752924.72,15804037675,13376386008,False
2025-12-02,22.61,28.21259,4.020408,357329291831.75,302440087640.88,15804037675,13376386008,False
2025-12-03,22.23,27.738429,3.952838,351323757515.25,297357060957.84,15804037675,13376386008,False
2025-12-04,22.39,27.938076,3.981288,353852403543.25,299497282719.12,15804037675,13376386008,False
2025-12-05,23.31,29.086045,4.144878,368392118204.25,311803557846.48,15804037675,13376386008,False
2025-12-08,23.64,29.497816,4.203558,373607450637.0,316217765229.12,15804037675,13376386008,False
2025-12-09,23.28,29.048611,4.139544,367917997074.0,311402266266.24,15804037675,13376386008,False
2025-12-10,23.29,29.061089,4.141322,368076037450.75,311536030126.32,15804037675,13376386008,False
2025-12-11,22.84,28.499582,4.061305,360964220497.0,305516656422.72,15804037675,13376386008,False
2025-12-12,23.02,28.724185,4.093312,363808947278.5,307924405904.16,15804037675,13376386008,False
2025-12-15,22.85,28.51206,4.063083,361122260873.75,305650420282.8,15804037675,13376386008,False
2025-12-16,22.61,28.21259,4.020408,357329291831.75,302440087640.88,15804037675,13376386008,False
2025-12-17,23.09,28.81153,4.105759,364915229915.75,308860752924.72,15804037675,13376386008,False
2025-12-18,22.86,28.524538,4.064862,361280301250.5,305784184142.88,15804037675,13376386008,False
2025-12-19,23.0,28.699229,4.089756,363492866525.0,307656878184.0,15804037675,13376386008,False
2025-12-22,23.08,28.799053,4.103981,364757189539.0,308726989064.64,15804037675,13376386008,False
2025-12-23,23.02,28.724185,4.093312,363808947278.5,307924405904.16,15804037675,13376386008,False
2025-12-24,23.2,28.948788,4.125319,366653674060.0,310332155385.6,15804037675,13376386008,False
2025-12-25,23.34,29.123479,4.150213,368866239334.5,312204849426.72,15804037675,13376386008,False
2025-12-26,23.61,29.460383,4.198223,373133329506.75,315816473648.88,15804037675,13376386008,False
2025-12-29,23.35,29.135957,4.151991,369024279711.25,312338613286.8,15804037675,13376386008,False
2025-12-30,23.43,29.23578,4.166216,370288602725.25,313408724167.44,15804037675,13376386008,False
2025-12-31,23.18,28.923832,4.121762,366337593306.5,310064627665.44,15804037675,13376386008,False
2026-01-05,23.75,29.635074,4.223117,375345894781.25,317689167690.0,15804037675,13376386008,False
2026-01-06,25.11,31.332071,4.464946,396839386019.25,335881052660.88,15804037675,13376386008,False
2026-01-07,24.53,30.608352,4.361813,387673044167.75,328122748776.24,15804037675,13376386008,False
2026-01-08,24.0,29.947022,4.267571,379296904200.0,321033264192.0,15804037675,13376386008,False
2026-01-09,24.13,30.109235,4.290687,381351429097.75,322772194373.04,15804037675,13376386008,False
2026-01-12,25.05,31.257204,4.454277,395891143758.75,335078469500.4,15804037675,13376386008,False
2026-01-13,24.49,30.55844,4.354701,387040882660.75,327587693335.92,15804037675,13376386008,False
2026-01-14,24.72,30.845432,4.395598,390675811326.0,330664262117.76,15804037675,13376386008,False
2026-01-15,24.06,30.021889,4.27824,380245146460.5,321835847352.48,15804037675,13376386008,False
2026-01-16,23.89,29.809765,4.248011,377558460055.75,319561861731.12,15804037675,13376386008,False
2026-01-19,23.5,29.323125,4.178663,371394885362.5,314345071188.0,15804037675,13376386008,False
2026-01-20,23.44,29.248258,4.167995,370446643102.0,313542488027.52,15804037675,13376386008,False
2026-01-21,23.31,29.086045,4.144879,368392118204.25,311803557846.48,15804037675,13376386008,False
2026-01-22,23.31,29.086045,4.144879,368392118204.25,311803557846.48,15804037675,13376386008,False
2026-01-23,23.3,29.073567,4.1431,368234077827.5,311669793986.4,15804037675,13376386008,False
2026-01-26,23.31,29.086045,4.144879,368392118204.25,311803557846.48,15804037675,13376386008,False
2026-01-27,22.9,28.57445,4.071974,361912462757.5,306319239583.2,15804037675,13376386008,False
2026-01-28,22.78,28.424715,4.050636,360015978236.5,304714073262.24,15804037675,13376386008,False
2026-01-29,23.14,28.87392,4.11465,365705431799.5,309529572225.12,15804037675,13376386008,False
2026-01-30,22.7,28.324891,4.036411,358751655222.5,303643962381.6,15804037675,13376386008,False
2026-02-02,22.53,28.112767,4.006182,356064968817.75,301369976760.24,15804037675,13376386008,False
2026-02-03,22.7,28.324891,4.036411,358751655222.5,303643962381.6,15804037675,13376386008,False
2026-02-04,22.89,28.561972,4.070196,361754422380.75,306185475723.12,15804037675,13376386008,False
2026-02-05,22.93,28.611884,4.077309,362386583887.75,306720531163.44,15804037675,13376386008,False
2026-02-06,22.66,28.27498,4.029298,358119493715.5,303108906941.28,15804037675,13376386008,False
2026-02-09,22.95,28.636839,4.080865,362702664641.25,306988058883.6,15804037675,13376386008,False
2026-02-10,22.89,28.561972,4.070196,361754422380.75,306185475723.12,15804037675,13376386008,False
2026-02-11,22.77,28.412237,4.048858,359857937859.75,304580309402.16,15804037675,13376386008,False
2026-02-12,22.66,28.27498,4.029298,358119493715.5,303108906941.28,15804037675,13376386008,False
2026-02-13,22.37,27.91312,3.977732,353536322789.75,299229754998.96,15804037675,13376386008,False
2026-02-24,22.41,27.963032,3.984845,354168484296.75,299764810439.28,15804037675,13376386008,False
2026-02-25,22.74,28.374803,4.043524,359383816729.5,304179017821.92,15804037675,13376386008,False
2026-02-26,22.5,28.075333,4.000848,355590847687.5,300968685180.0,15804037675,13376386008,False
2026-02-27,22.52,28.100289,4.004404,355906928441.0,301236212900.16,15804037675,13376386008,False
2026-03-02,21.95,27.389047,3.903049,346898626966.25,293611672875.6,15804037675,13376386008,False
2026-03-03,21.64,27.002231,3.847927,341999375287.0,289464993213.12,15804037675,13376386008,False
2026-03-04,21.02,26.2286,3.737681,332200871928.5,281171633888.16,15804037675,13376386008,False
2026-03-05,21.09,26.315945,3.750128,333307154565.75,282107980908.72,15804037675,13376386008,False
2026-03-06,21.56,26.902408,3.833701,340735052273.0,288394882332.48,15804037675,13376386008,False
2026-03-09,21.23,26.490636,3.775022,335519719840.25,283980674949.84,15804037675,13376386008,False
2026-03-10,21.36,26.652849,3.798138,337574244738.0,285719605130.88,15804037675,13376386008,False
2026-03-11,21.47,26.790106,3.817698,339312688882.25,287191007591.76,15804037675,13376386008,False
2026-03-12,21.36,26.652849,3.798138,337574244738.0,285719605130.88,15804037675,13376386008,False
2026-03-13,21.1,26.328423,3.751906,333465194942.5,282241744768.8,15804037675,13376386008,False
2026-03-16,21.21,26.46568,3.771466,335203639086.75,283713147229.68,15804037675,13376386008,False
2026-03-17,21.56,26.902408,3.833701,340735052273.0,288394882332.48,15804037675,13376386008,False
2026-03-18,21.51,26.840018,3.824811,339944850389.25,287726063032.08,15804037675,13376386008,False
2026-03-19,21.33,26.615416,3.792804,337100123607.75,285318313550.64,15804037675,13376386008,False
2026-03-20,20.21,26.430311,3.47644,319399601411.75,269555999770.96,15804037675,13337753576,False
2026-03-23,19.61,25.645641,3.373231,309917178806.75,261553347625.36,15804037675,13337753576,False
2026-03-24,19.77,25.854886,3.400753,312445824834.75,263687388197.52,15804037675,13337753576,False
2026-03-25,19.9,26.024898,3.423116,314500349732.5,265421296162.4,15804037675,13337753576,False
2026-03-26,19.12,25.004827,3.288943,302173200346.0,255017848373.12,15804037675,13337753576,False
2026-03-27,19.21,25.122527,3.304425,303595563736.75,256218246194.96,15804037675,13337753576,False
2026-03-30,19.07,24.939437,3.280342,301382998462.25,254350960694.32,15804037675,13337753576,False
2026-03-31,18.89,24.704036,3.24938,298538271680.75,251950165050.64,15804037675,13337753576,False
2026-04-01,19.19,25.096371,3.300984,303279482983.25,255951491123.44,15804037675,13337753576,False
2026-04-02,18.75,24.520947,3.225297,296325706406.25,250082879550.0,15804037675,13337753576,False
2026-04-03,18.48,24.167845,3.178853,292058616234.0,246481686084.48,15804037675,13337753576,False
2026-04-07,18.45,24.128611,3.173693,291584495103.75,246081553477.2,15804037675,13337753576,False
2026-04-08,19.49,25.488707,3.352589,308020694285.75,259952817196.24,15804037675,13337753576,False
2026-04-09,18.95,24.782503,3.2597,299486513941.25,252750430265.2,15804037675,13337753576,False
2026-04-10,19.76,25.841808,3.399033,312287784458.0,263554010661.76,15804037675,13337753576,False
2026-04-13,20.01,26.168754,3.442037,316238793876.75,266888449055.76,15804037675,13337753576,False
2026-04-14,20.15,26.351844,3.466119,318451359151.25,268755734556.4,15804037675,13337753576,False
2026-04-15,19.85,25.959509,3.414515,313710147848.75,264754408483.6,15804037675,13337753576,False
2026-04-16,20.06,26.234143,3.450638,317028995760.5,267555336734.56,15804037675,13337753576,False
2026-04-17,20.04,26.207988,3.447198,316712915007.0,267288581663.04,15804037675,13337753576,False
2026-04-20,20.15,26.351844,3.466119,318451359151.25,268755734556.4,15804037675,13337753576,False
2026-04-21,19.94,26.077209,3.429996,315132511239.5,265954806305.44,15804037675,13337753576,False
2026-04-22,20.18,26.391077,3.47128,318925480281.5,269155867163.68,15804037675,13337753576,False
2026-04-23,19.89,26.01182,3.421395,314342309355.75,265287918626.64,15804037675,13337753576,False
2026-04-24,19.7,25.763341,3.388712,311339542197.5,262753745447.2,15804037675,13337753576,False
2026-04-27,19.98,24.0907,3.3581,315764672747.0,266488316448.0,15804037675,13337753576,False
2026-04-28,20.16,24.3077,3.3883,318609399528.0,268889112092.0,15804037675,13337753576,False
2026-04-29,20.26,24.4283,3.4052,320189803296.0,270222887450.0,15804037675,13337753576,False
2026-04-30,20.36,24.5488,3.422,321770207063.0,271556662807.0,15804037675,13337753576,False
2026-05-06,20.85,25.1397,3.5043,329514185524.0,278092162060.0,15804037675,13337753576,False
2026-05-07,20.73,24.995,3.4841,327617701003.0,276491631630.0,15804037675,13337753576,False
2026-05-08,20.49,24.7056,3.4438,323824731961.0,273290570772.0,15804037675,13337753576,False
2026-05-11,21.28,25.6581,3.5766,336309921724.0,283827396097.0,15804037675,13337753576,False
2026-05-12,21.27,25.6461,3.5749,336151881347.0,283694018562.0,15804037675,13337753576,False
2026-05-13,21.08,25.417,3.543,333149114189.0,281159845382.0,15804037675,13337753576,False
2026-05-14,20.18,24.3318,3.3917,318925480282.0,269155867164.0,15804037675,13337753576,False
2026-05-15,19.73,23.7892,3.3161,311813663328.0,263153878054.0,15804037675,13337753576,False
2026-05-18,19.77,23.8375,3.3228,312445824835.0,263687388198.0,15804037675,13337753576,False
2026-05-19,19.9,23.9942,3.3446,314500349733.0,265421296162.0,15804037675,13337753576,False
2026-05-20,19.67,23.7169,3.306,310865421067.0,262353612840.0,15804037675,13337753576,False
2026-05-21,19.98,24.0907,3.3581,315764672747.0,266488316448.0,15804037675,13337753576,False
2026-05-22,19.5,23.5119,3.2774,308178734663.0,260086194732.0,15804037675,13337753576,False
2026-05-25,19.87,23.958,3.3396,314026228602.0,265021163555.0,15804037675,13337753576,False
2026-05-26,20.05,24.1751,3.3699,316870955384.0,267421959199.0,15804037675,13337753576,False
2026-05-27,19.61,23.6445,3.2959,309917178807.0,261553347625.0,15804037675,13337753576,False
2026-05-28,19.19,23.1381,3.2253,303279482983.0,255951491123.0,15804037675,13337753576,False
2026-05-29,19.16,23.102,3.2203,302805361853.0,255551358516.0,15804037675,13337753576,False
2026-06-01,18.97,22.8729,3.1883,299802594695.0,253020030837.0,15804037675,13337903576,False
2026-06-02,18.91,22.8267,3.1736,299197799636.0,252510823124.0,15822199875,13353295776,False
2026-06-03,18.91,22.8267,3.1736,299197799636.0,252510823124.0,15822199875,13353295776,False
2026-06-04,18.74,22.6215,3.1451,296508025658.0,250240762842.0,15822199875,13353295776,False
2026-06-05,18.52,22.356,3.1081,293027141685.0,247303037772.0,15822199875,13353295776,False
2026-06-08,17.72,21.3903,2.9739,280369381785.0,236620401151.0,15822199875,13353295776,False
2026-06-09,17.88,21.5834,3.0007,282900933765.0,238756928475.0,15822199875,13353295776,False
2026-06-10,17.78,21.4627,2.984,281318713778.0,237421598897.0,15822199875,13353295776,False
2026-06-11,17.36,20.9557,2.9135,274673389830.0,231813214671.0,15822199875,13353295776,False
2026-06-12,18.0,21.7282,3.0209,284799597750.0,240359323968.0,15822199875,13353295776,False
2026-06-15,18.89,22.8026,3.126,298881356111.0,252243757662.0,15822199875,13353295776,False
2026-06-16,19.12,23.0802,3.1641,302520462088.0,255315015696.0,15822199875,13353295776,False
2026-06-17,19.04,22.9837,3.1508,301254686096.0,254246752032.0,15822199875,13353295776,False
2026-06-18,18.6,22.4525,3.078,294292918140.0,248371301880.0,15822199875,13353295776,False
2026-06-22,20.97,25.3134,3.4702,331791531903.0,280018612926.0,15822199875,13353295776,False
2026-06-23,20.9,25.2289,3.4586,330683977910.0,279083882220.0,15822199875,13353295776,False
2026-06-24,20.18,24.36,3.33,319292000000.0,269470000000.0,15822199875,13353295776,False
2026-06-25,21.11,25.48,3.48,334007000000.0,281888000000.0,15822199875,13353295776,False
2026-06-26,20.07,24.23,3.31,317552000000.0,268001000000.0,15822199875,13353295776,False
2026-06-29,20.1,24.26,3.32,318026000000.0,268401000000.0,15822199875,13353295776,False
2026-06-30,20.38,24.6,3.36,322456000000.0,272140000000.0,15822199875,13353295776,False
2026-07-01,21.45,25.89,3.54,339386000000.0,286428000000.0,15822199875,13353295776,False
2026-07-02,20.73,25.02,3.42,327994000000.0,276814000000.0,15822199875,13353295776,False
2026-07-03,21.06,25.42,3.48,333216000000.0,281220000000.0,15822199875,13353295776,False
2026-07-06,21.18,25.57,3.5,335114000000.0,282823000000.0,15822199875,13353295776,False
2026-07-07,20.29,24.49,3.35,321032000000.0,270938000000.0,15822199875,13353295776,False
2026-07-08,20.13,24.3,3.32,318501000000.0,268802000000.0,15822199875,13353295776,False
2026-07-09,20.59,24.85,3.4,325779000000.0,274944000000.0,15822199875,13353295776,False
2026-07-10,20.19,24.37,3.33,319450000000.0,269603000000.0,15822199875,13353295776,False
2026-07-13,19.84,23.95,3.27,313912000000.0,264929000000.0,15822199875,13353295776,False
2026-07-14,19.6,23.66,3.24,310115000000.0,261725000000.0,15822199875,13353295776,False
2026-07-15,20.14,24.31,3.32,318659000000.0,268935000000.0,15822199875,13353295776,False
2026-07-16,19.82,23.93,3.27,313596000000.0,264662000000.0,15822199875,13353295776,False
2026-07-17,19.7,23.78,3.25,311697000000.0,263060000000.0,15822199875,13353295776,False
2026-07-20,20.18,24.36,3.33,319292000000.0,269470000000.0,15822199875,13353295776,False
2026-07-21,20.29,24.49,3.35,321032000000.0,270938000000.0,15822199875,13353295776,False
2026-07-22,20.08,24.24,3.31,317710000000.0,268134000000.0,15822199875,13353295776,False
2026-07-23,20.28,24.48,3.35,320874000000.0,270805000000.0,15822199875,13353295776,False
2026-07-24,19.4,23.42,3.2,306951000000.0,259054000000.0,15822199875,13353295776,False
2026-07-27,19.65,23.72,3.24,310906000000.0,262392000000.0,15822199875,13353295776,False
2026-07-28,19.42,23.44,3.21,307267000000.0,259321000000.0,15822199875,13353295776,False
2026-07-29,19.9,24.02,3.28,314862000000.0,265731000000.0,15822199875,13353295776,False
2026-07-30,19.99,24.13,3.3,316286000000.0,266932000000.0,15822199875,13353295776,False
2026-07-31,20.17,24.35,3.33,319134000000.0,269336000000.0,15822199875,13353295776,False
2026-08-03,20.01,24.15,3.3,316602000000.0,267199000000.0,15822199875,13353295776,False
2026-08-04,20.05,24.2,3.31,317235000000.0,267734000000.0,15822199875,13353295776,False
2026-08-05,20.36,24.58,3.36,322140000000.0,271873000000.0,15822199875,13353295776,False
2026-08-06,20.01,24.15,3.3,316602000000.0,267199000000.0,15822199875,13353295776,False
2026-08-07,19.98,24.12,3.3,316128000000.0,266799000000.0,15822199875,13353295776,False
2026-08-10,20.03,24.18,3.31,316919000000.0,267467000000.0,15822199875,13353295776,False
2026-08-11,19.84,23.95,3.27,313912000000.0,264929000000.0,15822199875,13353295776,False
2026-08-12,19.83,23.94,3.27,313754000000.0,264796000000.0,15822199875,13353295776,False
2026-08-13,19.78,23.88,3.26,312963000000.0,264128000000.0,15822199875,13353295776,False
2026-08-14,19.47,23.5,3.21,308058000000.0,259989000000.0,15822199875,13353295776,False
2026-08-17,19.58,23.64,3.23,309799000000.0,261458000000.0,15822199875,13353295776,False
2026-08-18,19.23,23.21,3.17,304261000000.0,256784000000.0,15822199875,13353295776,False
2026-08-19,18.73,22.61,3.09,296350000000.0,250107000000.0,15822199875,13353295776,False
2026-08-20,18.8,22.69,3.1,297457000000.0,251042000000.0,15822199875,13353295776,False
2026-08-21,18.91,22.83,3.12,299198000000.0,252511000000.0,15822199875,13353295776,False
2026-08-24,18.92,20.53,3.04,299356000000.0,253384000000.0,15822199875,13392365708,False
2026-08-25,18.93,20.54,3.04,299514000000.0,253517000000.0,15822199875,13392365708,False
2026-08-26,19.36,21.01,3.11,306318000000.0,259276000000.0,15822199875,13392365708,False
2026-08-27,19.62,21.29,3.15,310432000000.0,262758000000.0,15822199875,13392365708,False
2026-08-28,19.42,21.07,3.12,307267000000.0,260080000000.0,15822199875,13392365708,False
