date,close,pe_ttm,pb,total_mv,float_mv,total_share,float_share,is_st
2020-01-02,3.6,281.17414,1.246915,61281622623.6,39455396164.8,17022672951,10959832268,False
2020-01-03,3.6,281.17414,1.246915,61281622623.6,39455396164.8,17022672951,10959832268,False
2020-01-06,3.63,283.517258,1.257305,61792302812.13,39784191132.84,17022672951,10959832268,False
2020-01-07,3.61,281.955179,1.250378,61451849353.11,39564994487.48,17022672951,10959832268,False
2020-01-08,3.52,274.925826,1.219205,59919808787.52,38578609583.36,17022672951,10959832268,False
2020-01-09,3.54,276.487904,1.226133,60260262246.54,38797806228.72,17022672951,10959832268,False
2020-01-10,3.52,274.925826,1.219205,59919808787.52,38578609583.36,17022672951,10959832268,False
2020-01-13,3.52,274.925826,1.219205,59919808787.52,38578609583.36,17022672951,10959832268,False
2020-01-14,3.56,278.049983,1.23306,60600715705.56,39017002874.08,17022672951,10959832268,False
2020-01-15,3.5,273.363747,1.212278,59579355328.5,38359412938.0,17022672951,10959832268,False
2020-01-16,3.49,272.582708,1.208814,59409128598.99,38249814615.32,17022672951,10959832268,False
2020-01-17,3.47,271.020629,1.201887,59068675139.97,38030617969.96,17022672951,10959832268,False
2020-01-20,3.46,270.23959,1.198423,58898448410.46,37921019647.28,17022672951,10959832268,False
2020-01-21,3.39,264.772315,1.174178,57706861303.89,37153831388.52,17022672951,10959832268,False
2020-01-22,3.38,263.991276,1.170714,57536634574.38,37044233065.84,17022672951,10959832268,False
2020-01-23,3.3,257.742962,1.143005,56174820738.3,36167446484.4,17022672951,10959832268,False
2020-02-03,2.97,231.968665,1.028704,50557338664.47,32550701835.96,17022672951,10959832268,False
2020-02-04,2.98,232.749705,1.032168,50727565393.98,32660300158.64,17022672951,10959832268,False
2020-02-05,3.03,236.654901,1.049486,51578699041.53,33208291772.04,17022672951,10959832268,False
2020-02-06,3.06,238.998019,1.059877,52089379230.06,33537086740.08,17022672951,10959832268,False
2020-02-07,3.04,237.43594,1.05295,51748925771.04,33317890094.72,17022672951,10959832268,False
2020-02-10,3.07,239.779058,1.063341,52259605959.57,33646685062.76,17022672951,10959832268,False
2020-02-11,3.08,240.560098,1.066805,52429832689.08,33756283385.44,17022672951,10959832268,False
2020-02-12,3.11,242.903215,1.077196,52940512877.61,34085078353.48,17022672951,10959832268,False
2020-02-13,3.07,239.779058,1.063341,52259605959.57,33646685062.76,17022672951,10959832268,False
2020-02-14,3.11,242.903215,1.077196,52940512877.61,34085078353.48,17022672951,10959832268,False
2020-02-17,3.17,247.589451,1.097978,53961873254.67,34742668289.56,17022672951,10959832268,False
2020-02-18,3.17,247.589451,1.097978,53961873254.67,34742668289.56,17022672951,10959832268,False
2020-02-19,3.18,248.37049,1.101441,54132099984.18,34852266612.24,17022672951,10959832268,False
2020-02-20,3.23,252.275687,1.118759,54983233631.73,35400258225.64,17022672951,10959832268,False
2020-02-21,3.23,252.275687,1.118759,54983233631.73,35400258225.64,17022672951,10959832268,False
2020-02-24,3.17,247.589451,1.097978,53961873254.67,34742668289.56,17022672951,10959832268,False
2020-02-25,3.11,242.903215,1.077196,52940512877.61,34085078353.48,17022672951,10959832268,False
2020-02-26,3.19,249.15153,1.104905,54302326713.69,41721075275.77,17022672951,13078706983,False
2020-02-27,3.15,246.027372,1.09105,53621419795.65,41197926996.45,17022672951,13078706983,False
2020-02-28,3.06,238.998019,1.059877,52089379230.06,40020843367.98,17022672951,13078706983,False
2020-03-02,3.17,247.589451,1.097978,53961873254.67,41459501136.11,17022672951,13078706983,False
2020-03-03,3.17,247.589451,1.097978,53961873254.67,41459501136.11,17022672951,13078706983,False
2020-03-04,3.19,249.15153,1.104905,54302326713.69,41721075275.77,17022672951,13078706983,False
2020-03-05,3.24,253.056726,1.122223,55153460361.24,42375010624.92,17022672951,13078706983,False
2020-03-06,3.18,248.37049,1.101441,54132099984.18,41590288205.94,17022672951,13078706983,False
2020-03-09,3.1,242.122176,1.073732,52770286148.1,40543991647.3,17022672951,13078706983,False
2020-03-10,3.13,244.465294,1.084123,53280966336.63,40936352856.79,17022672951,13078706983,False
2020-03-11,3.1,242.122176,1.073732,52770286148.1,40543991647.3,17022672951,13078706983,False
2020-03-12,3.08,240.560098,1.066805,52429832689.08,40282417507.64,17022672951,13078706983,False
2020-03-13,3.05,238.21698,1.056414,51919152500.55,39890056298.15,17022672951,13078706983,False
2020-03-16,3.01,235.092823,1.042559,51238245582.51,39366908018.83,17022672951,13078706983,False
2020-03-17,3.01,235.092823,1.042559,51238245582.51,39366908018.83,17022672951,13078706983,False
2020-03-18,2.97,231.968665,1.028704,50557338664.47,38843759739.51,17022672951,13078706983,False
2020-03-19,2.95,230.406587,1.021777,50216885205.45,38582185599.85,17022672951,13078706983,False
2020-03-20,2.96,231.187626,1.025241,50387111934.96,38712972669.68,17022672951,13078706983,False
2020-03-23,2.9,226.501391,1.004459,49365751557.9,37928250250.7,17022672951,13078706983,False
2020-03-24,2.94,229.625548,1.018314,50046658475.94,38451398530.02,17022672951,13078706983,False
2020-03-25,2.97,231.968665,1.028704,50557338664.47,38843759739.51,17022672951,13078706983,False
2020-03-26,2.92,228.063469,1.011386,49706205016.92,38189824390.36,17022672951,13078706983,False
2020-03-27,2.92,58.40924,1.010853,49706205016.92,38189824390.36,17022672951,13078706983,False
2020-03-30,2.88,57.609114,0.997006,49025298098.88,37666676111.04,17022672951,13078706983,False
2020-03-31,2.88,57.609114,0.997006,49025298098.88,37666676111.04,17022672951,13078706983,False
2020-04-01,2.88,57.609114,0.997006,49025298098.88,37666676111.04,17022672951,13078706983,False
2020-04-02,2.92,58.40924,1.010853,49706205016.92,38189824390.36,17022672951,13078706983,False
2020-04-03,2.89,57.809145,1.000468,49195524828.39,37797463180.87,17022672951,13078706983,False
2020-04-07,2.94,58.809304,1.017777,50046658475.94,38451398530.02,17022672951,13078706983,False
2020-04-08,2.94,58.809304,1.017777,50046658475.94,38451398530.02,17022672951,13078706983,False
2020-04-09,2.93,58.609272,1.014315,49876431746.43,38320611460.19,17022672951,13078706983,False
2020-04-10,2.9,58.009177,1.003929,49365751557.9,37928250250.7,17022672951,13078706983,False
2020-04-13,2.9,58.009177,1.003929,49365751557.9,37928250250.7,17022672951,13078706983,False
2020-04-14,2.94,58.809304,1.017777,50046658475.94,38451398530.02,17022672951,13078706983,False
2020-04-15,2.91,58.209209,1.007391,49535978287.41,38059037320.53,17022672951,13078706983,False
2020-04-16,2.91,58.209209,1.007391,49535978287.41,38059037320.53,17022672951,13078706983,False
2020-04-17,2.91,58.209209,1.007391,49535978287.41,38059037320.53,17022672951,13078706983,False
2020-04-20,2.9,58.009177,1.003929,49365751557.9,37928250250.7,17022672951,13078706983,False
2020-04-21,2.88,57.609114,0.997006,49025298098.88,37666676111.04,17022672951,13078706983,False
2020-04-22,2.89,57.809145,1.000468,49195524828.39,37797463180.87,17022672951,13078706983,False
2020-04-23,2.88,57.609114,0.997006,49025298098.88,37666676111.04,17022672951,13078706983,False
2020-04-24,2.86,57.20905,0.990082,48684844639.86,37405101971.38,17022672951,13078706983,False
2020-04-27,2.85,57.009019,0.98662,48514617910.35,37274314901.55,17022672951,13078706983,False
2020-04-28,2.77,55.408766,0.958926,47152804074.27,36228018342.91,17022672951,13078706983,False
2020-04-29,2.8,109.121947,0.970569,47663484262.8,36620379552.4,17022672951,13078706983,False
2020-04-30,2.85,111.070553,0.987901,48514617910.35,37274314901.55,17022672951,13078706983,False
2020-05-06,2.86,111.460274,0.991367,48684844639.86,37405101971.38,17022672951,13078706983,False
2020-05-07,2.83,110.291111,0.980968,48174164451.33,37012740761.89,17022672951,13078706983,False
2020-05-08,2.84,110.680832,0.984434,48344391180.84,37143527831.72,17022672951,13078706983,False
2020-05-11,2.83,110.291111,0.980968,48174164451.33,37012740761.89,17022672951,13078706983,False
2020-05-12,2.79,108.732226,0.967103,47493257533.29,36489592482.57,17022672951,13078706983,False
2020-05-13,2.79,108.732226,0.967103,47493257533.29,36489592482.57,17022672951,13078706983,False
2020-05-14,2.76,107.563062,0.956704,46982577344.76,36097231273.08,17022672951,13078706983,False
2020-05-15,2.76,107.563062,0.956704,46982577344.76,36097231273.08,17022672951,13078706983,False
2020-05-18,2.8,109.121947,0.970569,47663484262.8,36620379552.4,17022672951,13078706983,False
2020-05-19,2.84,110.680832,0.984434,48344391180.84,37143527831.72,17022672951,13078706983,False
2020-05-20,2.8,109.121947,0.970569,47663484262.8,36620379552.4,17022672951,13078706983,False
2020-05-21,2.81,109.511668,0.974035,47833710992.31,36751166622.23,17022672951,13078706983,False
2020-05-22,2.76,107.563062,0.956704,46982577344.76,36097231273.08,17022672951,13078706983,False
2020-05-25,2.76,107.563062,0.956704,46982577344.76,36097231273.08,17022672951,13078706983,False
2020-05-26,2.78,108.342504,0.963636,47323030803.78,36358805412.74,17022672951,13078706983,False
2020-05-27,2.78,108.342504,0.963636,47323030803.78,36358805412.74,17022672951,13078706983,False
2020-05-28,2.81,109.511668,0.974035,47833710992.31,36751166622.23,17022672951,13078706983,False
2020-05-29,2.8,109.121947,0.970569,47663484262.8,36620379552.4,17022672951,13078706983,False
2020-06-01,2.84,110.680832,0.984434,48344391180.84,37143527831.72,17022672951,13078706983,False
2020-06-02,2.83,110.291111,0.980968,48174164451.33,37012740761.89,17022672951,13078706983,False
2020-06-03,2.82,109.901389,0.977502,48003937721.82,36881953692.06,17022672951,13078706983,False
2020-06-04,2.82,109.901389,0.977502,48003937721.82,36881953692.06,17022672951,13078706983,False
2020-06-05,2.82,109.901389,0.977502,48003937721.82,36881953692.06,17022672951,13078706983,False
2020-06-08,2.85,111.070553,0.987901,48514617910.35,37274314901.55,17022672951,13078706983,False
2020-06-09,2.86,111.460274,0.991367,48684844639.86,37405101971.38,17022672951,13078706983,False
2020-06-10,2.82,109.901389,0.977502,48003937721.82,36881953692.06,17022672951,13078706983,False
2020-06-11,2.8,109.121947,0.970569,47663484262.8,36620379552.4,17022672951,13078706983,False
2020-06-12,2.78,108.342504,0.963636,47323030803.78,36358805412.74,17022672951,13078706983,False
2020-06-15,2.75,107.173341,0.953237,46812350615.25,35966444203.25,17022672951,13078706983,False
2020-06-16,2.8,109.121947,0.970569,47663484262.8,36620379552.4,17022672951,13078706983,False
2020-06-17,2.79,108.732226,0.967103,47493257533.29,36489592482.57,17022672951,13078706983,False
2020-06-18,2.83,110.291111,0.980968,48174164451.33,37012740761.89,17022672951,13078706983,False
2020-06-19,2.82,109.901389,0.977502,48003937721.82,36881953692.06,17022672951,13078706983,False
2020-06-22,2.82,109.901389,0.977502,48003937721.82,36881953692.06,17022672951,13078706983,False
2020-06-23,2.78,108.342504,0.963636,47323030803.78,36358805412.74,17022672951,13078706983,False
2020-06-24,2.77,107.952783,0.96017,47152804074.27,36228018342.91,17022672951,13078706983,False
2020-06-29,2.75,107.173341,0.953237,46812350615.25,35966444203.25,17022672951,13078706983,False
2020-06-30,2.76,107.563062,0.956704,46982577344.76,36097231273.08,17022672951,13078706983,False
2020-07-01,2.81,109.511668,0.974035,47833710992.31,36751166622.23,17022672951,13078706983,False
2020-07-02,2.88,112.239717,0.9983,49025298098.88,37666676111.04,17022672951,13078706983,False
2020-07-03,2.99,116.52665,1.036429,50897792123.49,39105333879.17,17022672951,13078706983,False
2020-07-06,3.29,128.218287,1.140419,56004594008.79,43028945974.07,17022672951,13078706983,False
2020-07-07,3.28,127.828566,1.136952,55834367279.28,42898158904.24,17022672951,13078706983,False
2020-07-08,3.41,132.894942,1.182014,58047314762.91,44598390812.03,17022672951,13078706983,False
2020-07-09,3.57,139.130482,1.237475,60770942435.07,46690983929.31,17022672951,13078706983,False
2020-07-10,3.37,131.336057,1.168149,57366407844.87,44075242532.71,17022672951,13078706983,False
2020-07-13,3.46,134.843549,1.199346,58898448410.46,45252326161.18,17022672951,13078706983,False
2020-07-14,3.42,133.284664,1.185481,58217541492.42,44729177881.86,17022672951,13078706983,False
2020-07-15,3.37,131.336057,1.168149,57366407844.87,44075242532.71,17022672951,13078706983,False
2020-07-16,3.22,125.490239,1.116154,54813006902.22,42113436485.26,17022672951,13078706983,False
2020-07-17,3.15,122.76219,1.09189,53621419795.65,41197926996.45,17022672951,13078706983,False
2020-07-20,3.47,135.23327,1.202812,59068675139.97,45383113231.01,17022672951,13078706983,False
2020-07-21,3.43,133.674385,1.188947,58387768221.93,44859964951.69,17022672951,13078706983,False
2020-07-22,3.4,132.505221,1.178548,57877088033.4,44467603742.2,17022672951,13078706983,False
2020-07-23,3.39,132.1155,1.175082,57706861303.89,44336816672.37,17022672951,13078706983,False
2020-07-24,3.23,125.87996,1.119621,54983233631.73,42244223555.09,17022672951,13078706983,False
2020-07-27,3.26,127.049124,1.13002,55493913820.26,42636584764.58,17022672951,13078706983,False
2020-07-28,3.27,127.438845,1.133486,55664140549.77,42767371834.41,17022672951,13078706983,False
2020-07-29,3.29,128.218287,1.140419,56004594008.79,43028945974.07,17022672951,13078706983,False
2020-07-30,3.3,128.608009,1.143885,56174820738.3,43159733043.9,17022672951,13078706983,False
2020-07-31,3.29,128.218287,1.140419,56004594008.79,43028945974.07,17022672951,13078706983,False
2020-08-03,3.37,131.336057,1.168149,57366407844.87,44075242532.71,17022672951,13078706983,False
2020-08-04,3.4,132.505221,1.178548,57877088033.4,44467603742.2,17022672951,13078706983,False
2020-08-05,3.43,133.674385,1.188947,58387768221.93,44859964951.69,17022672951,13078706983,False
2020-08-06,3.48,135.622991,1.206279,59238901869.48,45513900300.84,17022672951,13078706983,False
2020-08-07,3.37,131.336057,1.168149,57366407844.87,44075242532.71,17022672951,13078706983,False
2020-08-10,3.36,130.946336,1.164683,57196181115.36,43944455462.88,17022672951,13078706983,False
2020-08-11,3.28,127.828566,1.136952,55834367279.28,42898158904.24,17022672951,13078706983,False
2020-08-12,3.23,125.87996,1.119621,54983233631.73,42244223555.09,17022672951,13078706983,False
2020-08-13,3.22,125.490239,1.116154,54813006902.22,42113436485.26,17022672951,13078706983,False
2020-08-14,3.25,126.659403,1.126553,55323687090.75,42505797694.75,17022672951,13078706983,False
2020-08-17,3.31,128.99773,1.147351,56345047467.81,43290520113.73,17022672951,13078706983,False
2020-08-18,3.33,129.777172,1.154284,56685500926.83,43552094253.39,17022672951,13078706983,False
2020-08-19,3.31,128.99773,1.147351,56345047467.81,43290520113.73,17022672951,13078706983,False
2020-08-20,3.26,127.049124,1.13002,55493913820.26,42636584764.58,17022672951,13078706983,False
2020-08-21,3.29,128.218287,1.140419,56004594008.79,43028945974.07,17022672951,13078706983,False
2020-08-24,3.27,127.438845,1.133486,55664140549.77,42767371834.41,17022672951,13078706983,False
2020-08-25,3.22,125.490239,1.116154,54813006902.22,42113436485.26,17022672951,13078706983,False
2020-08-26,3.19,124.321075,1.105755,54302326713.69,41721075275.77,17022672951,13078706983,False
2020-08-27,3.18,123.931354,1.102289,54132099984.18,41590288205.94,17022672951,13078706983,False
2020-08-28,3.2,303.806768,1.107128,54472553443.2,41851862345.6,17022672951,13078706983,False
2020-08-31,3.16,300.009183,1.093289,53791646525.16,41328714066.28,17022672951,13078706983,False
2020-09-01,3.17,300.958579,1.096749,53961873254.67,41459501136.11,17022672951,13078706983,False
2020-09-02,3.11,295.262202,1.07599,52940512877.61,40674778717.13,17022672951,13078706983,False
2020-09-03,3.08,292.414014,1.065611,52429832689.08,40282417507.64,17022672951,13078706983,False
2020-09-04,3.06,290.515222,1.058691,52089379230.06,40020843367.98,17022672951,13078706983,False
2020-09-07,3.06,290.515222,1.058691,52089379230.06,40020843367.98,17022672951,13078706983,False
2020-09-08,3.12,296.211598,1.07945,53110739607.12,40805565786.96,17022672951,13078706983,False
2020-09-09,3.14,298.110391,1.08637,53451193066.14,41067139926.62,17022672951,13078706983,False
2020-09-10,3.04,288.616429,1.051772,51748925771.04,39759269228.32,17022672951,13078706983,False
2020-09-11,3.05,289.565825,1.055232,51919152500.55,39890056298.15,17022672951,13078706983,False
2020-09-14,3.06,290.515222,1.058691,52089379230.06,40020843367.98,17022672951,13078706983,False
2020-09-15,3.05,289.565825,1.055232,51919152500.55,39890056298.15,17022672951,13078706983,False
2020-09-16,3.05,289.565825,1.055232,51919152500.55,39890056298.15,17022672951,13078706983,False
2020-09-17,3.02,286.717637,1.044852,51408472312.02,39497695088.66,17022672951,13078706983,False
2020-09-18,3.11,295.262202,1.07599,52940512877.61,40674778717.13,17022672951,13078706983,False
2020-09-21,3.11,295.262202,1.07599,52940512877.61,40674778717.13,17022672951,13078706983,False
2020-09-22,3.05,289.565825,1.055232,51919152500.55,39890056298.15,17022672951,13078706983,False
2020-09-23,3.02,286.717637,1.044852,51408472312.02,39497695088.66,17022672951,13078706983,False
2020-09-24,2.96,281.02126,1.024094,50387111934.96,38712972669.68,17022672951,13078706983,False
2020-09-25,2.95,280.071864,1.020634,50216885205.45,38582185599.85,17022672951,13078706983,False
2020-09-28,2.94,279.122468,1.017174,50046658475.94,38451398530.02,17022672951,13078706983,False
2020-09-29,2.94,279.122468,1.017174,50046658475.94,38451398530.02,17022672951,13078706983,False
2020-09-30,2.91,276.274279,1.006795,49535978287.41,38059037320.53,17022672951,13078706983,False
2020-10-09,2.99,283.869449,1.034473,50897792123.49,39105333879.17,17022672951,13078706983,False
2020-10-12,3.04,288.616429,1.051772,51748925771.04,39759269228.32,17022672951,13078706983,False
2020-10-13,3.02,286.717637,1.044852,51408472312.02,39497695088.66,17022672951,13078706983,False
2020-10-14,2.97,281.970656,1.027553,50557338664.47,38843759739.51,17022672951,13078706983,False
2020-10-15,2.97,281.970656,1.027553,50557338664.47,38843759739.51,17022672951,13078706983,False
2020-10-16,2.99,283.869449,1.034473,50897792123.49,39105333879.17,17022672951,13078706983,False
2020-10-19,2.99,283.869449,1.034473,50897792123.49,39105333879.17,17022672951,13078706983,False
2020-10-20,2.99,283.869449,1.034473,50897792123.49,39105333879.17,17022672951,13078706983,False
2020-10-21,2.97,281.970656,1.027553,50557338664.47,38843759739.51,17022672951,13078706983,False
2020-10-22,2.96,281.02126,1.024094,50387111934.96,38712972669.68,17022672951,13078706983,False
2020-10-23,2.95,280.071864,1.020634,50216885205.45,38582185599.85,17022672951,13078706983,False
2020-10-26,2.93,278.173072,1.013714,49876431746.43,38320611460.19,17022672951,13078706983,False
2020-10-27,2.93,278.173072,1.013714,49876431746.43,38320611460.19,17022672951,13078706983,False
2020-10-28,2.95,102.171503,1.006365,50216885205.45,38582185599.85,17022672951,13078706983,False
2020-10-29,2.93,101.478815,0.999542,49876431746.43,38320611460.19,17022672951,13078706983,False
2020-10-30,2.87,99.400751,0.979074,48855071369.37,37535889041.21,17022672951,13078706983,False
2020-11-02,2.9,100.439783,0.989308,49365751557.9,37928250250.7,17022672951,13078706983,False
2020-11-03,3.02,104.595912,1.030245,51408472312.02,39497695088.66,17022672951,13078706983,False
2020-11-04,3.0,103.903224,1.023422,51068018853.0,39236120949.0,17022672951,13078706983,False
2020-11-05,3.03,104.942256,1.033657,51578699041.53,39628482158.49,17022672951,13078706983,False
2020-11-06,3.07,106.327632,1.047302,52259605959.57,40151630437.81,17022672951,13078706983,False
2020-11-09,3.29,113.947202,1.122353,56004594008.79,43028945974.07,17022672951,13078706983,False
2020-11-10,3.28,113.600858,1.118942,55834367279.28,42898158904.24,17022672951,13078706983,False
2020-11-11,3.33,115.332578,1.135999,56685500926.83,43552094253.39,17022672951,13078706983,False
2020-11-12,3.28,113.600858,1.118942,55834367279.28,42898158904.24,17022672951,13078706983,False
2020-11-13,3.31,114.63989,1.129176,56345047467.81,43290520113.73,17022672951,13078706983,False
2020-11-16,3.45,119.488707,1.176936,58728221680.95,45121539091.35,17022672951,13078706983,False
2020-11-17,3.35,116.025267,1.142822,57025954385.85,43813668393.05,17022672951,13078706983,False
2020-11-18,3.46,119.835051,1.180347,58898448410.46,45252326161.18,17022672951,13078706983,False
2020-11-19,3.38,117.064299,1.153056,57536634574.38,44206029602.54,17022672951,13078706983,False
2020-11-20,3.62,125.376557,1.23493,61622076082.62,47344919278.46,17022672951,13078706983,False
2020-11-23,3.87,134.035159,1.320215,65877744320.37,50614596024.21,17022672951,13078706983,False
2020-11-24,4.12,142.693761,1.4055,70133412558.12,53884272769.96,17022672951,13078706983,False
2020-11-25,4.08,141.308384,1.391854,69452505640.08,53361124490.64,17022672951,13078706983,False
2020-11-26,4.07,140.96204,1.388443,69282278910.57,53230337420.81,17022672951,13078706983,False
2020-11-27,4.07,140.96204,1.388443,69282278910.57,53230337420.81,17022672951,13078706983,False
2020-11-30,4.13,143.040105,1.408911,70303639287.63,54015059839.79,17022672951,13078706983,False
2020-12-01,4.09,141.654728,1.395266,69622732369.59,53491911560.47,17022672951,13078706983,False
2020-12-02,4.18,144.771825,1.425968,71154772935.18,54668995188.94,17022672951,13078706983,False
2020-12-03,3.95,136.805911,1.347506,67239558156.45,51660892582.85,17022672951,13078706983,False
2020-12-04,3.99,138.191288,1.361152,67920465074.49,52184040862.17,17022672951,13078706983,False
2020-12-07,3.89,134.727847,1.327038,66218197779.39,50876170163.87,17022672951,13078706983,False
2020-12-08,3.86,133.688815,1.316803,65707517590.86,50483808954.38,17022672951,13078706983,False
2020-12-09,3.79,131.264406,1.292924,64515930484.29,49568299465.57,17022672951,13078706983,False
2020-12-10,3.8,131.61075,1.296335,64686157213.8,49699086535.4,17022672951,13078706983,False
2020-12-11,3.7,128.147309,1.262221,62983889918.7,48391215837.1,17022672951,13078706983,False
2020-12-14,3.67,127.108277,1.251987,62473209730.17,47998854627.61,17022672951,13078706983,False
2020-12-15,3.61,125.030213,1.231518,61451849353.11,47214132208.63,17022672951,13078706983,False
2020-12-16,3.59,124.337524,1.224695,61111395894.09,46952558068.97,17022672951,13078706983,False
2020-12-17,3.79,131.264406,1.292924,64515930484.29,49568299465.57,17022672951,13078706983,False
2020-12-18,3.8,131.61075,1.296335,64686157213.8,49699086535.4,17022672951,13078706983,False
2020-12-21,3.74,129.532686,1.275867,63664796836.74,48914364116.42,17022672951,13078706983,False
2020-12-22,3.52,121.913116,1.200816,59919808787.52,46037048580.16,17022672951,13078706983,False
2020-12-23,3.59,124.337524,1.224695,61111395894.09,46952558068.97,17022672951,13078706983,False
2020-12-24,3.58,123.99118,1.221284,60941169164.58,46821770999.14,17022672951,13078706983,False
2020-12-25,3.71,128.493653,1.265632,63154116648.21,48522002906.93,17022672951,13078706983,False
2020-12-28,3.72,128.839997,1.269044,63324343377.72,48652789976.76,17022672951,13078706983,False
2020-12-29,3.54,122.605804,1.207638,60260262246.54,46298622719.82,17022672951,13078706983,False
2020-12-30,3.62,125.376557,1.23493,61622076082.62,47344919278.46,17022672951,13078706983,False
2020-12-31,3.63,125.722901,1.238341,61792302812.13,47475706348.29,17022672951,13078706983,False
2021-01-04,3.78,130.918062,1.289512,64345703754.78,49437512395.74,17022672951,13078706983,False
2021-01-05,3.8,131.61075,1.296335,64686157213.8,49699086535.4,17022672951,13078706983,False
2021-01-06,3.73,129.186342,1.272455,63494570107.23,48783577046.59,17022672951,13078706983,False
2021-01-07,4.0,138.537632,1.364563,68090691804.0,52314827932.0,17022672951,13078706983,False
2021-01-08,3.93,136.113223,1.340683,66899104697.43,51399318443.19,17022672951,13078706983,False
2021-01-11,3.6,124.683868,1.228107,61281622623.6,47083345138.8,17022672951,13078706983,False
2021-01-12,3.64,126.069245,1.241752,61962529541.64,47606493418.12,17022672951,13078706983,False
2021-01-13,3.65,126.415589,1.245164,62132756271.15,47737280487.95,17022672951,13078706983,False
2021-01-14,3.56,123.298492,1.214461,60600715705.56,46560196859.48,17022672951,13078706983,False
2021-01-15,3.55,122.952148,1.21105,60430488976.05,46429409789.65,17022672951,13078706983,False
2021-01-18,3.59,124.337524,1.224695,61111395894.09,46952558068.97,17022672951,13078706983,False
2021-01-19,3.46,119.835051,1.180347,58898448410.46,45252326161.18,17022672951,13078706983,False
2021-01-20,3.52,121.913116,1.200816,59919808787.52,46037048580.16,17022672951,13078706983,False
2021-01-21,3.68,127.454621,1.255398,62643436459.68,48129641697.44,17022672951,13078706983,False
2021-01-22,3.53,122.25946,1.204227,60090035517.03,46167835649.99,17022672951,13078706983,False
2021-01-25,3.48,120.52774,1.18717,59238901869.48,45513900300.84,17022672951,13078706983,False
2021-01-26,3.39,117.410643,1.156467,57706861303.89,44336816672.37,17022672951,13078706983,False
2021-01-27,3.33,115.332578,1.135999,56685500926.83,43552094253.39,17022672951,13078706983,False
2021-01-28,3.24,112.215482,1.105296,55153460361.24,42375010624.92,17022672951,13078706983,False
2021-01-29,3.2,110.830105,1.09165,54472553443.2,41851862345.6,17022672951,13078706983,False
2021-02-01,3.27,113.254514,1.11553,55664140549.77,42767371834.41,17022672951,13078706983,False
2021-02-02,3.26,112.90817,1.112119,55493913820.26,42636584764.58,17022672951,13078706983,False
2021-02-03,3.33,115.332578,1.135999,56685500926.83,43552094253.39,17022672951,13078706983,False
2021-02-04,3.28,113.600858,1.118942,55834367279.28,42898158904.24,17022672951,13078706983,False
2021-02-05,3.32,114.986234,1.132587,56515274197.32,43421307183.56,17022672951,13078706983,False
2021-02-08,3.46,119.835051,1.180347,58898448410.46,45252326161.18,17022672951,13078706983,False
2021-02-09,3.56,123.298492,1.214461,60600715705.56,46560196859.48,17022672951,13078706983,False
2021-02-10,3.59,124.337524,1.224695,61111395894.09,46952558068.97,17022672951,13078706983,False
2021-02-18,3.95,136.805911,1.347506,67239558156.45,51660892582.85,17022672951,13078706983,False
2021-02-19,4.02,139.23032,1.371386,68431145263.02,52576402071.66,17022672951,13078706983,False
2021-02-22,4.36,151.006019,1.487374,74218854066.36,57023162445.88,17022672951,13078706983,False
2021-02-23,4.38,151.698707,1.494197,74559307525.38,57284736585.54,17022672951,13078706983,False
2021-02-24,4.25,147.196234,1.449848,72346360041.75,55584504677.75,17022672951,13078706983,False
2021-02-25,4.52,156.547524,1.541956,76942481738.52,59115755563.16,17022672951,13078706983,False
2021-02-26,4.25,147.196234,1.449848,72346360041.75,55584504677.75,17022672951,13078706983,False
2021-03-01,4.37,151.352363,1.490785,74389080795.87,57153949515.71,17022672951,13078706983,False
2021-03-02,4.14,143.386449,1.412323,70473866017.14,54145846909.62,17022672951,13078706983,False
2021-03-03,4.42,153.084083,1.507842,75240214443.42,57807884864.86,17022672951,13078706983,False
2021-03-04,4.34,150.31333,1.480551,73878400607.34,56761588306.22,17022672951,13078706983,False
2021-03-05,4.07,140.96204,1.388443,69282278910.57,53230337420.81,17022672951,13078706983,False
2021-03-08,4.02,139.23032,1.371386,68431145263.02,52576402071.66,17022672951,13078706983,False
2021-03-09,4.02,139.23032,1.371386,68431145263.02,52576402071.66,17022672951,13078706983,False
2021-03-10,3.97,137.498599,1.354329,67580011615.47,51922466722.51,17022672951,13078706983,False
2021-03-11,4.37,151.352363,1.490785,74389080795.87,57153949515.71,17022672951,13078706983,False
2021-03-12,4.44,153.776771,1.514665,75580667902.44,58069459004.52,17022672951,13078706983,False
2021-03-15,4.53,156.893868,1.545368,77112708468.03,59246542632.99,17022672951,13078706983,False
2021-03-16,4.44,153.776771,1.514665,75580667902.44,58069459004.52,17022672951,13078706983,False
2021-03-17,4.31,149.274298,1.470317,73367720418.81,56369227096.73,17022672951,13078706983,False
2021-03-18,4.27,147.888922,1.456671,72686813500.77,55846078817.41,17022672951,13078706983,False
2021-03-19,4.15,143.732793,1.415734,70644092746.65,54276633979.45,17022672951,13078706983,False
2021-03-22,4.15,143.732793,1.415734,70644092746.65,54276633979.45,17022672951,13078706983,False
2021-03-23,3.94,136.459567,1.344095,67069331426.94,51530105513.02,17022672951,13078706983,False
2021-03-24,3.7,84.998043,1.26358,62983889918.7,48391215837.1,17022672951,13078706983,False
2021-03-25,3.74,85.916941,1.277241,63664796836.74,48914364116.42,17022672951,13078706983,False
2021-03-26,3.8,87.295287,1.297731,64686157213.8,49699086535.4,17022672951,13078706983,False
2021-03-29,3.83,87.984461,1.307976,65196837402.33,50091447744.89,17022672951,13078706983,False
2021-03-30,3.82,87.754736,1.304561,65026610672.82,49960660675.06,17022672951,13078706983,False
2021-03-31,3.77,86.606114,1.287486,64175477025.27,49306725325.91,17022672951,13078706983,False
2021-04-01,3.83,87.984461,1.307976,65196837402.33,50091447744.89,17022672951,13078706983,False
2021-04-02,3.81,87.525012,1.301146,64856383943.31,49829873605.23,17022672951,13078706983,False
2021-04-06,3.81,87.525012,1.301146,64856383943.31,49829873605.23,17022672951,13078706983,False
2021-04-07,3.9,89.592532,1.331882,66388424508.9,51006957233.7,17022672951,13078706983,False
2021-04-08,4.0,91.889776,1.366033,68090691804.0,52314827932.0,17022672951,13078706983,False
2021-04-09,4.25,97.632887,1.45141,72346360041.75,55584504677.75,17022672951,13078706983,False
2021-04-12,4.09,93.957296,1.396768,69622732369.59,53491911560.47,17022672951,13078706983,False
2021-04-13,4.14,95.105918,1.413844,70473866017.14,54145846909.62,17022672951,13078706983,False
2021-04-14,4.17,95.795092,1.424089,70984546205.67,54538208119.11,17022672951,13078706983,False
2021-04-15,4.32,99.240958,1.475315,73537947148.32,56500014166.56,17022672951,13078706983,False
2021-04-16,4.23,97.173438,1.44458,72005906582.73,55322930538.09,17022672951,13078706983,False
2021-04-19,4.25,97.632887,1.45141,72346360041.75,55584504677.75,17022672951,13078706983,False
2021-04-20,4.23,97.173438,1.44458,72005906582.73,55322930538.09,17022672951,13078706983,False
2021-04-21,4.21,96.71399,1.437749,71665453123.71,55061356398.43,17022672951,13078706983,False
2021-04-22,4.26,97.862612,1.454825,72516586771.26,55715291747.58,17022672951,13078706983,False
2021-04-23,4.28,98.322061,1.461655,72857040230.28,55976865887.24,17022672951,13078706983,False
2021-04-26,4.38,100.619305,1.495806,74559307525.38,57284736585.54,17022672951,13078706983,False
2021-04-27,4.44,101.997652,1.516296,75580667902.44,58069459004.52,17022672951,13078706983,False
2021-04-28,4.4,44.668673,1.473454,74899760984.4,57546310725.2,17022672951,13078706983,False
2021-04-29,4.54,46.089949,1.520336,77282935197.54,59377329702.82,17022672951,13078706983,False
2021-04-30,4.44,45.074752,1.486849,75580667902.44,58069459004.52,17022672951,13078706983,False
2021-05-06,4.88,49.541619,1.634194,83070644000.88,63824090077.04,17022672951,13078706983,False
2021-05-07,5.25,53.297849,1.758098,89369032992.75,68663211660.75,17022672951,13078706983,False
2021-05-10,5.78,58.678393,1.935582,98391049656.78,75594926361.74,17022672951,13078706983,False
2021-05-11,5.78,58.678393,1.935582,98391049656.78,75594926361.74,17022672951,13078706983,False
2021-05-12,5.85,59.389031,1.959024,99582636763.35,76510435850.55,17022672951,13078706983,False
2021-05-13,5.31,53.906967,1.778191,90390393369.81,69447934079.73,17022672951,13078706983,False
2021-05-14,5.28,53.602408,1.768144,89879713181.28,69055572870.24,17022672951,13078706983,False
2021-05-17,5.37,54.516085,1.798283,91411753746.87,70232656498.71,17022672951,13078706983,False
2021-05-18,5.45,55.328243,1.825073,92773567582.95,71278953057.35,17022672951,13078706983,False
2021-05-19,5.28,53.602408,1.768144,89879713181.28,69055572870.24,17022672951,13078706983,False
2021-05-20,5.18,52.587211,1.734657,88177445886.18,67747702171.94,17022672951,13078706983,False
2021-05-21,5.34,54.211526,1.788237,90901073558.34,69840295289.22,17022672951,13078706983,False
2021-05-24,5.22,52.993289,1.748052,88858352804.22,68270850451.26,17022672951,13078706983,False
2021-05-25,5.34,54.211526,1.788237,90901073558.34,69840295289.22,17022672951,13078706983,False
2021-05-26,5.25,53.297849,1.758098,89369032992.75,68663211660.75,17022672951,13078706983,False
2021-05-27,5.28,53.602408,1.768144,89879713181.28,69055572870.24,17022672951,13078706983,False
2021-05-28,5.36,54.414565,1.794934,91241527017.36,70101869428.88,17022672951,13078706983,False
2021-05-31,5.23,53.094809,1.751401,89028579533.73,68401637521.09,17022672951,13078706983,False
2021-06-01,5.37,54.516085,1.798283,91411753746.87,70232656498.71,17022672951,13078706983,False
2021-06-02,5.25,53.297849,1.758098,89369032992.75,68663211660.75,17022672951,13078706983,False
2021-06-03,5.23,53.094809,1.751401,89028579533.73,68401637521.09,17022672951,13078706983,False
2021-06-04,5.16,52.384171,1.727959,87836992427.16,67486128032.28,17022672951,13078706983,False
2021-06-07,5.17,52.485691,1.731308,88007219156.67,67616915102.11,17022672951,13078706983,False
2021-06-08,5.07,51.470494,1.69782,86304951861.57,66309044403.81,17022672951,13078706983,False
2021-06-09,5.19,52.68873,1.738006,88347672615.69,67878489241.77,17022672951,13078706983,False
2021-06-10,5.14,52.181132,1.721262,87496538968.14,67224553892.62,17022672951,13078706983,False
2021-06-11,5.45,55.328243,1.825073,92773567582.95,71278953057.35,17022672951,13078706983,False
2021-06-15,5.1,51.775053,1.707867,86815632050.1,66701405613.3,17022672951,13078706983,False
2021-06-16,4.79,48.627942,1.604055,81538603435.29,62647006448.57,17022672951,13078706983,False
2021-06-17,4.85,49.23706,1.624148,82559963812.35,63431728867.55,17022672951,13078706983,False
2021-06-18,4.88,49.541619,1.634194,83070644000.88,63824090077.04,17022672951,13078706983,False
2021-06-21,4.84,49.13554,1.620799,82389737082.84,63300941797.72,17022672951,13078706983,False
2021-06-22,4.88,49.541619,1.634194,83070644000.88,63824090077.04,17022672951,13078706983,False
2021-06-23,5.17,52.485691,1.731308,88007219156.67,67616915102.11,17022672951,13078706983,False
2021-06-24,5.18,52.587211,1.734657,88177445886.18,67747702171.94,17022672951,13078706983,False
2021-06-25,5.41,54.922164,1.811678,92092660664.91,70755804778.03,17022672951,13078706983,False
2021-06-28,5.39,54.719125,1.804981,91752207205.89,70494230638.37,17022672951,13078706983,False
2021-06-29,5.21,52.89177,1.744703,88688126074.71,68140063381.43,17022672951,13078706983,False
2021-06-30,5.3,53.805447,1.774842,90220166640.3,69317147009.9,17022672951,13078706983,False
2021-07-01,5.11,51.876573,1.711216,86985858779.61,66832192683.13,17022672951,13078706983,False
2021-07-02,5.14,52.181132,1.721262,87496538968.14,67224553892.62,17022672951,13078706983,False
2021-07-05,5.37,54.516085,1.798283,91411753746.87,70232656498.71,17022672951,13078706983,False
2021-07-06,5.37,54.516085,1.798283,91411753746.87,70232656498.71,17022672951,13078706983,False
2021-07-07,5.36,54.414565,1.794934,91241527017.36,70101869428.88,17022672951,13078706983,False
2021-07-08,5.33,54.110006,1.784888,90730846828.83,69709508219.39,17022672951,13078706983,False
2021-07-09,5.86,59.490551,1.962372,99752863492.86,76641222920.38,17022672951,13078706983,False
2021-07-12,5.74,58.272314,1.922187,97710142738.74,75071778082.42,17022672951,13078706983,False
2021-07-13,5.77,58.576874,1.932234,98220822927.27,75464139291.91,17022672951,13078706983,False
2021-07-14,5.49,55.734322,1.838468,93454474500.99,71802101336.67,17022672951,13078706983,False
2021-07-15,5.59,56.749519,1.871956,95156741796.09,73109972034.97,17022672951,13078706983,False
2021-07-16,5.82,59.084472,1.948977,99071956574.82,76118074641.06,17022672951,13078706983,False
2021-07-19,5.82,59.084472,1.948977,99071956574.82,76118074641.06,17022672951,13078706983,False
2021-07-20,5.67,57.561676,1.898746,96518555632.17,74156268593.61,17022672951,13078706983,False
2021-07-21,5.81,58.982952,1.945629,98901729845.31,75987287571.23,17022672951,13078706983,False
2021-07-22,6.17,62.637662,2.066184,105029892107.67,80695622085.11,17022672951,13078706983,False
2021-07-23,6.28,63.754379,2.10302,106902386132.28,82134279853.24,17022672951,13078706983,False
2021-07-26,6.19,62.840701,2.072881,105370345566.69,80957196224.77,17022672951,13078706983,False
2021-07-27,5.65,57.358637,1.892048,96178102173.15,73894694453.95,17022672951,13078706983,False
2021-07-28,5.43,55.125203,1.818376,92433114123.93,71017378917.69,17022672951,13078706983,False
2021-07-29,5.64,57.257117,1.8887,96007875443.64,73763907384.12,17022672951,13078706983,False
2021-07-30,5.97,60.607268,1.999209,101625357517.47,78079880688.51,17022672951,13078706983,False
2021-08-02,5.88,59.69359,1.96907,100093316951.88,76902797060.04,17022672951,13078706983,False
2021-08-03,5.53,56.1404,1.851863,94135381419.03,72325249615.99,17022672951,13078706983,False
2021-08-04,5.65,57.358637,1.892048,96178102173.15,73894694453.95,17022672951,13078706983,False
2021-08-05,5.47,55.531282,1.831771,93114021041.97,71540527197.01,17022672951,13078706983,False
2021-08-06,5.64,57.257117,1.8887,96007875443.64,73763907384.12,17022672951,13078706983,False
2021-08-09,5.74,58.272314,1.922187,97710142738.74,75071778082.42,17022672951,13078706983,False
2021-08-10,5.72,58.069275,1.91549,97369689279.72,74810203942.76,17022672951,13078706983,False
2021-08-11,5.94,60.302709,1.989162,101114677328.94,77687519479.02,17022672951,13078706983,False
2021-08-12,6.22,63.145261,2.082928,105881025755.22,81349557434.26,17022672951,13078706983,False
2021-08-13,6.3,63.957418,2.109718,107242839591.3,82395853992.9,17022672951,13078706983,False
2021-08-16,6.11,62.028544,2.046091,104008531730.61,79910899666.13,17022672951,13078706983,False
2021-08-17,6.03,61.216386,2.019301,102646717894.53,78864603107.49,17022672951,13078706983,False
2021-08-18,6.06,61.520945,2.029348,103157398083.06,79256964316.98,17022672951,13078706983,False
2021-08-19,5.88,59.69359,1.96907,100093316951.88,76902797060.04,17022672951,13078706983,False
2021-08-20,5.87,59.592071,1.965721,99923090222.37,76772009990.21,17022672951,13078706983,False
2021-08-23,5.93,60.201189,1.985814,100944450599.43,77556732409.19,17022672951,13078706983,False
2021-08-24,6.01,61.013347,2.012604,102306264435.51,78603028967.83,17022672951,13078706983,False
2021-08-25,6.61,29.763602,2.12326,112519868206.11,86450253157.63,17022672951,13078706983,False
2021-08-26,7.22,32.510319,2.319204,122903698706.22,94428264417.26,17022672951,13078706983,False
2021-08-27,7.25,32.645403,2.328841,123414378894.75,94820625626.75,17022672951,13078706983,False
2021-08-30,7.62,34.311444,2.447692,129712767886.62,99659747210.46,17022672951,13078706983,False
2021-08-31,7.8,35.121951,2.505512,132776849017.8,102013914467.4,17022672951,13078706983,False
2021-09-01,7.48,33.68105,2.402721,127329593673.48,97828728232.84,17022672951,13078706983,False
2021-09-02,7.88,35.482176,2.531209,134138662853.88,103060211026.04,17022672951,13078706983,False
2021-09-03,7.59,34.17636,2.438055,129202087698.09,99267386000.97,17022672951,13078706983,False
2021-09-06,7.96,35.842401,2.556907,135500476689.96,104106507584.68,17022672951,13078706983,False
2021-09-07,8.29,37.32833,2.662909,141117958763.79,108422480889.07,17022672951,13078706983,False
2021-09-08,8.98,40.435272,2.88455,152863603099.98,117446788707.34,17022672951,13078706983,False
2021-09-09,9.4,42.326453,3.019463,160013125739.4,122939845640.2,17022672951,13078706983,False
2021-09-10,9.3,41.876172,2.987341,158310858444.3,121631974941.9,17022672951,13078706983,False
2021-09-13,10.23,46.063789,3.286075,174141944288.73,133795172436.09,17022672951,13078706983,False
2021-09-14,9.66,43.497185,3.10298,164439020706.66,126340309455.78,17022672951,13078706983,False
2021-09-15,9.35,42.101313,3.003402,159161992091.85,122285910291.05,17022672951,13078706983,False
2021-09-16,9.57,43.091932,3.07407,162906980141.07,125163225827.31,17022672951,13078706983,False
2021-09-17,9.54,42.956847,3.064433,162396299952.54,124770864617.82,17022672951,13078706983,False
2021-09-22,9.8,44.127579,3.14795,166822194919.8,128171328433.4,17022672951,13078706983,False
2021-09-23,9.36,42.146341,3.006614,159332218821.36,122416697360.88,17022672951,13078706983,False
2021-09-24,8.87,39.939962,2.849216,150991109075.37,116008130939.21,17022672951,13078706983,False
2021-09-27,7.99,35.977485,2.566543,136011156878.49,104498868794.17,17022672951,13078706983,False
2021-09-28,8.4,37.823639,2.698243,142990452788.4,109861138657.2,17022672951,13078706983,False
2021-09-29,7.92,35.662288,2.544058,134819569771.92,103583359305.36,17022672951,13078706983,False
2021-09-30,7.75,34.89681,2.489451,131925715370.25,101359979118.25,17022672951,13078706983,False
2021-10-08,7.55,33.996247,2.425207,128521180780.05,98744237721.65,17022672951,13078706983,False
2021-10-11,7.43,33.45591,2.38666,126478460025.93,97174792883.69,17022672951,13078706983,False
2021-10-12,7.1,31.969981,2.280658,120860977952.1,92858819579.3,17022672951,13078706983,False
2021-10-13,7.1,31.969981,2.280658,120860977952.1,92858819579.3,17022672951,13078706983,False
2021-10-14,7.09,31.924953,2.277446,120690751222.59,92728032509.47,17022672951,13078706983,False
2021-10-15,7.21,32.46529,2.315992,122733471976.71,94297477347.43,17022672951,13078706983,False
2021-10-18,7.46,33.590994,2.396297,126989140214.46,97567154093.18,17022672951,13078706983,False
2021-10-19,7.3,32.870544,2.344902,124265512542.3,95474560975.9,17022672951,13078706983,False
2021-10-20,7.1,31.969981,2.280658,120860977952.1,92858819579.3,17022672951,13078706983,False
2021-10-21,7.17,32.285178,2.303143,122052565058.67,93774329068.11,17022672951,13078706983,False
2021-10-22,6.74,30.348968,2.165019,114732815689.74,88150485065.42,17022672951,13078706983,False
2021-10-25,6.95,31.294559,2.232475,118307577009.45,90897013531.85,17022672951,13078706983,False
2021-10-26,6.92,31.159474,2.222838,117796896820.92,90504652322.36,17022672951,13078706983,False
2021-10-27,6.51,19.855665,2.014093,110817600911.01,85142382459.33,17022672951,13078706983,False
2021-10-28,6.16,18.788156,1.905808,104859665378.16,80564835015.28,17022672951,13078706983,False
2021-10-29,6.14,18.727155,1.899621,104519211919.14,80303260875.62,17022672951,13078706983,False
2021-11-01,6.09,18.574654,1.884152,103668078271.59,79649325526.47,17022672951,13078706983,False
2021-11-02,5.91,18.025649,1.828462,100603997140.41,77295158269.53,17022672951,13078706983,False
2021-11-03,5.97,18.208651,1.847025,101625357517.47,78079880688.51,17022672951,13078706983,False
2021-11-04,5.82,17.751147,1.800618,99071956574.82,76118074641.06,17022672951,13078706983,False
2021-11-05,5.49,16.744639,1.698521,93454474500.99,71802101336.67,17022672951,13078706983,False
2021-11-08,5.51,16.805639,1.704709,93794927960.01,72063675476.33,17022672951,13078706983,False
2021-11-09,5.47,16.683638,1.692333,93114021041.97,71540527197.01,17022672951,13078706983,False
2021-11-10,5.4,16.470136,1.670676,91922433935.4,70625017708.2,17022672951,13078706983,False
2021-11-11,5.47,16.683638,1.692333,93114021041.97,71540527197.01,17022672951,13078706983,False
2021-11-12,5.32,16.226134,1.645925,90560620099.32,69578721149.56,17022672951,13078706983,False
2021-11-15,5.32,16.226134,1.645925,90560620099.32,69578721149.56,17022672951,13078706983,False
2021-11-16,5.2,15.860131,1.608799,88517899345.2,68009276311.6,17022672951,13078706983,False
2021-11-17,5.25,16.012633,1.624269,89369032992.75,68663211660.75,17022672951,13078706983,False
2021-11-18,5.22,15.921132,1.614987,88858352804.22,68270850451.26,17022672951,13078706983,False
2021-11-19,5.34,16.287135,1.652113,90901073558.34,69840295289.22,17022672951,13078706983,False
2021-11-22,5.32,16.226134,1.645925,90560620099.32,69578721149.56,17022672951,13078706983,False
2021-11-23,5.32,16.226134,1.645925,90560620099.32,69578721149.56,17022672951,13078706983,False
2021-11-24,5.4,16.470136,1.670676,91922433935.4,70625017708.2,17022672951,13078706983,False
2021-11-25,5.35,16.317635,1.655207,91071300287.85,69971082359.05,17022672951,13078706983,False
2021-11-26,5.27,16.073633,1.630456,89709486451.77,68924785800.41,17022672951,13078706983,False
2021-11-29,5.25,16.012633,1.624269,89369032992.75,68663211660.75,17022672951,13078706983,False
2021-11-30,5.2,15.860131,1.608799,88517899345.2,68009276311.6,17022672951,13078706983,False
2021-12-01,5.28,16.104133,1.63355,89879713181.28,69055572870.24,17022672951,13078706983,False
2021-12-02,5.29,16.134634,1.636644,90049939910.79,69186359940.07,17022672951,13078706983,False
2021-12-03,5.39,16.439636,1.667582,91752207205.89,70494230638.37,17022672951,13078706983,False
2021-12-06,5.93,18.08665,1.83465,100944450599.43,77556732409.19,17022672951,13078706983,False
2021-12-07,6.29,19.184659,1.946028,107072612861.79,82265066923.07,17022672951,13078706983,False
2021-12-08,6.45,19.672663,1.99553,109796240533.95,84357660040.35,17022672951,13078706983,False
2021-12-09,6.3,19.215159,1.949122,107242839591.3,82395853992.9,17022672951,13078706983,False
2021-12-10,6.39,19.489661,1.976967,108774880156.89,83572937621.37,17022672951,13078706983,False
2021-12-13,6.39,19.489661,1.976967,108774880156.89,83572937621.37,17022672951,13078706983,False
2021-12-14,6.08,18.544154,1.881058,103497851542.08,79518538456.64,17022672951,13078706983,False
2021-12-15,6.01,18.330652,1.859401,102306264435.51,78603028967.83,17022672951,13078706983,False
2021-12-16,6.14,18.727155,1.899621,104519211919.14,80303260875.62,17022672951,13078706983,False
2021-12-17,6.16,18.788156,1.905808,104859665378.16,80564835015.28,17022672951,13078706983,False
2021-12-20,6.2,18.910157,1.918184,105540572296.2,81087983294.6,17022672951,13078706983,False
2021-12-21,6.23,19.001657,1.927465,106051252484.73,81480344504.09,17022672951,13078706983,False
2021-12-22,6.18,18.849156,1.911996,105200118837.18,80826409154.94,17022672951,13078706983,False
2021-12-23,6.8,20.740172,2.103815,115754176066.8,88935207484.4,17022672951,13078706983,False
2021-12-24,6.43,19.611663,1.989342,109455787074.93,84096085900.69,17022672951,13078706983,False
2021-12-27,6.16,18.788156,1.905808,104859665378.16,80564835015.28,17022672951,13078706983,False
2021-12-28,6.21,18.940657,1.921278,105710799025.71,81218770364.43,17022672951,13078706983,False
2021-12-29,6.05,18.452653,1.871776,102987171353.55,79126177247.15,17022672951,13078706983,False
2021-12-30,6.15,18.757655,1.902715,104689438648.65,80434047945.45,17022672951,13078706983,False
2021-12-31,6.09,18.574654,1.884152,103668078271.59,79649325526.47,17022672951,13078706983,False
2022-01-04,6.07,18.513653,1.877964,103327624812.57,79387751386.81,17022672951,13078706983,False
2022-01-05,5.82,17.751147,1.800618,99071956574.82,76118074641.06,17022672951,13078706983,False
2022-01-06,5.86,17.873148,1.812993,99752863492.86,76641222920.38,17022672951,13078706983,False
2022-01-07,5.99,18.269651,1.853213,101965810976.49,78341454828.17,17022672951,13078706983,False
2022-01-10,6.09,18.574654,1.884152,103668078271.59,79649325526.47,17022672951,13078706983,False
2022-01-11,6.23,19.001657,1.927465,106051252484.73,81480344504.09,17022672951,13078706983,False
2022-01-12,6.25,19.062658,1.933653,106391705943.75,81741918643.75,17022672951,13078706983,False
2022-01-13,6.09,18.574654,1.884152,103668078271.59,79649325526.47,17022672951,13078706983,False
2022-01-14,5.93,18.08665,1.83465,100944450599.43,77556732409.19,17022672951,13078706983,False
2022-01-17,5.86,17.873148,1.812993,99752863492.86,76641222920.38,17022672951,13078706983,False
2022-01-18,5.95,18.14765,1.840838,101284904058.45,77818306548.85,17022672951,13078706983,False
2022-01-19,5.97,18.208651,1.847025,101625357517.47,78079880688.51,17022672951,13078706983,False
2022-01-20,5.9,17.995149,1.825369,100433770410.9,77164371199.7,17022672951,13078706983,False
2022-01-21,5.84,17.812148,1.806805,99412410033.84,76379648780.72,17022672951,13078706983,False
2022-01-24,5.7,17.385144,1.763492,97029235820.7,74548629803.1,17022672951,13078706983,False
2022-01-25,5.41,16.500637,1.67377,92092660664.91,70755804778.03,17022672951,13078706983,False
2022-01-26,5.66,17.263143,1.751116,96348328902.66,74025481523.78,17022672951,13078706983,False
2022-01-27,5.53,16.86664,1.710896,94135381419.03,72325249615.99,17022672951,13078706983,False
2022-01-28,5.26,16.043133,1.627362,89539259722.26,68793998730.58,17022672951,13078706983,False
2022-02-07,5.62,17.141142,1.738741,95667421984.62,73502333244.46,17022672951,13078706983,False
2022-02-08,5.89,17.964649,1.822275,100263543681.39,77033584129.87,17022672951,13078706983,False
2022-02-09,6.15,18.757655,1.902715,104689438648.65,80434047945.45,17022672951,13078706983,False
2022-02-10,6.26,19.093158,1.936747,106561932673.26,81872705713.58,17022672951,13078706983,False
2022-02-11,6.15,18.757655,1.902715,104689438648.65,80434047945.45,17022672951,13078706983,False
2022-02-14,6.06,18.483153,1.87487,103157398083.06,79256964316.98,17022672951,13078706983,False
2022-02-15,6.02,18.361152,1.862495,102476491165.02,78733816037.66,17022672951,13078706983,False
2022-02-16,6.03,18.391652,1.865588,102646717894.53,78864603107.49,17022672951,13078706983,False
2022-02-17,6.17,18.818656,1.908902,105029892107.67,80695622085.11,17022672951,13078706983,False
2022-02-18,6.26,19.093158,1.936747,106561932673.26,81872705713.58,17022672951,13078706983,False
2022-02-21,6.16,18.788156,1.905808,104859665378.16,80564835015.28,17022672951,13078706983,False
2022-02-22,6.27,19.123658,1.939841,106732159402.77,82003492783.41,17022672951,13078706983,False
2022-02-23,6.15,18.757655,1.902715,104689438648.65,80434047945.45,17022672951,13078706983,False
2022-02-24,6.26,19.093158,1.936747,106561932673.26,81872705713.58,17022672951,13078706983,False
2022-02-25,6.33,19.30666,1.958404,107753519779.83,82788215202.39,17022672951,13078706983,False
2022-02-28,6.48,19.764164,2.004812,110306920722.48,84750021249.84,17022672951,13078706983,False
2022-03-01,6.36,19.398161,1.967685,108264199968.36,83180576411.88,17022672951,13078706983,False
2022-03-02,6.91,21.075675,2.137847,117626670091.41,90373865252.53,17022672951,13078706983,False
2022-03-03,7.15,21.807681,2.212099,121712111599.65,93512754928.45,17022672951,13078706983,False
2022-03-04,7.11,21.68568,2.199724,121031204681.61,92989606649.13,17022672951,13078706983,False
2022-03-07,7.3,22.265184,2.258507,124265512542.3,95474560975.9,17022672951,13078706983,False
2022-03-08,6.71,20.46567,2.07597,114222135501.21,87758123855.93,17022672951,13078706983,False
2022-03-09,6.32,19.27616,1.95531,107583293050.32,82657428132.56,17022672951,13078706983,False
2022-03-10,6.23,19.001657,1.927465,106051252484.73,81480344504.09,17022672951,13078706983,False
2022-03-11,6.37,19.428661,1.970779,108434426697.87,83311363481.71,17022672951,13078706983,False
2022-03-14,6.02,18.361152,1.862495,102476491165.02,78733816037.66,17022672951,13078706983,False
2022-03-15,5.42,16.531137,1.676864,92262887394.42,70886591847.86,17022672951,13078706983,False
2022-03-16,5.63,17.171642,1.741835,95837648714.13,73633120314.29,17022672951,13078706983,False
2022-03-17,5.78,17.629146,1.788242,98391049656.78,75594926361.74,17022672951,13078706983,False
2022-03-18,5.98,18.239151,1.850119,101795584246.98,78210667758.34,17022672951,13078706983,False
2022-03-21,6.16,18.788156,1.905808,104859665378.16,80564835015.28,17022672951,13078706983,False
2022-03-22,6.26,19.093158,1.936747,106561932673.26,81872705713.58,17022672951,13078706983,False
2022-03-23,6.12,20.509398,1.902243,104178758460.12,80041686735.96,17022672951,13078706983,False
2022-03-24,6.14,20.576422,1.90846,104519211919.14,80303260875.62,17022672951,13078706983,False
2022-03-25,6.0,20.107253,1.864945,102136037706.0,78472241898.0,17022672951,13078706983,False
2022-03-28,6.12,20.509398,1.902243,104178758460.12,80041686735.96,17022672951,13078706983,False
2022-03-29,6.03,20.207789,1.874269,102646717894.53,78864603107.49,17022672951,13078706983,False
2022-03-30,5.97,20.006717,1.85562,101625357517.47,78079880688.51,17022672951,13078706983,False
2022-03-31,5.82,19.504035,1.808996,99071956574.82,76118074641.06,17022672951,13078706983,False
2022-04-01,5.81,19.470523,1.805888,98901729845.31,75987287571.23,17022672951,13078706983,False
2022-04-06,5.9,19.772132,1.833862,100433770410.9,77164371199.7,17022672951,13078706983,False
2022-04-07,5.7,19.10189,1.771697,97029235820.7,74548629803.1,17022672951,13078706983,False
2022-04-08,5.72,19.168914,1.777914,97369689279.72,74810203942.76,17022672951,13078706983,False
2022-04-11,5.41,18.13004,1.681558,92092660664.91,70755804778.03,17022672951,13078706983,False
2022-04-12,5.66,18.967842,1.759264,96348328902.66,74025481523.78,17022672951,13078706983,False
2022-04-13,5.82,19.504035,1.808996,99071956574.82,76118074641.06,17022672951,13078706983,False
2022-04-14,5.87,19.671596,1.824537,99923090222.37,76772009990.21,17022672951,13078706983,False
2022-04-15,5.72,19.168914,1.777914,97369689279.72,74810203942.76,17022672951,13078706983,False
2022-04-18,5.57,18.666233,1.73129,94816288337.07,72848397895.31,17022672951,13078706983,False
2022-04-19,5.69,19.068378,1.768589,96859009091.19,74417842733.27,17022672951,13078706983,False
2022-04-20,5.43,18.197064,1.687775,92433114123.93,71017378917.69,17022672951,13078706983,False
2022-04-21,5.28,17.694383,1.641151,89879713181.28,69055572870.24,17022672951,13078706983,False
2022-04-22,5.25,17.593846,1.631827,89369032992.75,68663211660.75,17022672951,13078706983,False
2022-04-25,4.73,15.851218,1.470198,80517243058.23,61862284029.59,17022672951,13078706983,False
2022-04-26,4.43,14.845855,1.376951,75410441172.93,57938671934.69,17022672951,13078706983,False
2022-04-27,4.67,14.012253,1.409433,79495882681.17,61077561610.61,17022672951,13078706983,False
2022-04-28,4.65,13.952243,1.403397,79155429222.15,60815987470.95,17022672951,13078706983,False
2022-04-29,4.76,14.282296,1.436596,81027923246.76,62254645239.08,17022672951,13078706983,False
2022-05-05,4.71,14.132272,1.421506,80176789599.21,61600709889.93,17022672951,13078706983,False
2022-05-06,4.46,13.382152,1.346054,75921121361.46,58331033144.18,17022672951,13078706983,False
2022-05-09,4.51,13.532176,1.361145,76772255009.01,58984968493.33,17022672951,13078706983,False
2022-05-10,4.53,13.592185,1.367181,77112708468.03,59246542632.99,17022672951,13078706983,False
2022-05-11,4.6,13.802219,1.388307,78304295574.6,60162052121.8,17022672951,13078706983,False
2022-05-12,4.52,13.562181,1.364163,76942481738.52,59115755563.16,17022672951,13078706983,False
2022-05-13,4.56,13.6822,1.376235,77623388656.56,59638903842.48,17022672951,13078706983,False
2022-05-16,4.58,13.74221,1.382271,77963842115.58,59900477982.14,17022672951,13078706983,False
2022-05-17,4.62,13.862229,1.394343,78644749033.62,60423626261.46,17022672951,13078706983,False
2022-05-18,4.58,13.74221,1.382271,77963842115.58,59900477982.14,17022672951,13078706983,False
2022-05-19,4.61,13.832224,1.391325,78474522304.11,60292839191.63,17022672951,13078706983,False
2022-05-20,5.07,15.212446,1.530156,86304951861.57,66309044403.81,17022672951,13078706983,False
2022-05-23,5.24,15.722528,1.581463,89198806263.24,68532424590.92,17022672951,13078706983,False
2022-05-24,4.93,14.792378,1.487903,83921777648.43,64478025426.19,17022672951,13078706983,False
2022-05-25,4.97,14.912398,1.499975,84602684566.47,65001173705.51,17022672951,13078706983,False
2022-05-26,5.02,15.062422,1.515066,85453818214.02,65655109054.66,17022672951,13078706983,False
2022-05-27,5.02,15.062422,1.515066,85453818214.02,65655109054.66,17022672951,13078706983,False
2022-05-30,5.06,15.182441,1.527138,86134725132.06,66178257333.98,17022672951,13078706983,False
2022-05-31,5.15,15.452484,1.5543,87666765697.65,67355340962.45,17022672951,13078706983,False
2022-06-01,5.02,15.062422,1.515066,85453818214.02,65655109054.66,17022672951,13078706983,False
2022-06-02,5.04,15.122431,1.521102,85794271673.04,65916683194.32,17022672951,13078706983,False
2022-06-06,5.12,15.36247,1.545246,87156085509.12,66962979752.96,17022672951,13078706983,False
2022-06-07,5.05,15.152436,1.52412,85964498402.55,66047470264.15,17022672951,13078706983,False
2022-06-08,5.2,15.602509,1.569391,88517899345.2,68009276311.6,17022672951,13078706983,False
2022-06-09,5.07,15.212446,1.530156,86304951861.57,66309044403.81,17022672951,13078706983,False
2022-06-10,5.15,15.452484,1.5543,87666765697.65,67355340962.45,17022672951,13078706983,False
2022-06-13,5.08,15.242451,1.533174,87045511715.08,66439831473.64,17134943251,13078706983,False
2022-06-14,4.97,14.912398,1.499975,85160667957.47,65001173705.51,17134943251,13078706983,False
2022-06-15,5.06,15.282574,1.53721,86702812850.06,66178257333.98,17134943251,13078706983,False
2022-06-16,5.03,15.191966,1.528096,86188764552.53,65785896124.49,17134943251,13078706983,False
2022-06-17,4.99,15.071155,1.515944,85503366822.49,65262747845.17,17134943251,13078706983,False
2022-06-20,4.86,14.67852,1.476451,83275824199.86,63562515937.38,17134943251,13078706983,False
2022-06-21,4.77,14.406696,1.449109,81733679307.27,62385432308.91,17134943251,13078706983,False
2022-06-22,4.7,14.195277,1.427843,80534233279.7,61469922820.1,17134943251,13078706983,False
2022-06-23,4.76,14.376493,1.446071,81562329874.76,62254645239.08,17134943251,13078706983,False
2022-06-24,4.74,14.316088,1.439995,81219631009.74,61993071099.42,17134943251,13078706983,False
2022-06-27,4.8,14.497304,1.458223,82247727604.8,62777793518.4,17134943251,13078706983,False
2022-06-28,4.95,14.950345,1.503792,84817969092.45,64739599565.85,17134943251,13078706983,False
2022-06-29,4.76,14.376493,1.446071,81562329874.76,62254645239.08,17134943251,13078706983,False
2022-06-30,4.75,14.34629,1.443033,81390980442.25,62123858169.25,17134943251,13078706983,False
2022-07-01,4.74,14.316088,1.439995,81219631009.74,61993071099.42,17134943251,13078706983,False
2022-07-04,4.72,14.255682,1.433919,80876932144.72,61731496959.76,17134943251,13078706983,False
2022-07-05,4.8,14.497304,1.458223,82247727604.8,62777793518.4,17134943251,13078706983,False
2022-07-06,4.63,13.983858,1.406577,79334787252.13,60554413331.29,17134943251,13078706983,False
2022-07-07,4.67,14.104668,1.418729,80020184982.17,61077561610.61,17134943251,13078706983,False
2022-07-08,4.67,14.104668,1.418729,80020184982.17,61077561610.61,17134943251,13078706983,False
2022-07-11,4.57,13.802641,1.38835,78306690657.07,59769690912.31,17134943251,13078706983,False
2022-07-12,4.56,13.772439,1.385312,78135341224.56,59638903842.48,17134943251,13078706983,False
2022-07-13,4.54,13.712033,1.379236,77792642359.54,59377329702.82,17134943251,13078706983,False
2022-07-14,4.5,13.591222,1.367084,77107244629.5,58854181423.5,17134943251,13078706983,False
2022-07-15,4.38,13.22879,1.330628,75051051439.38,57284736585.54,17134943251,13078706983,False
2022-07-18,4.63,13.983858,1.406577,79334787252.13,60554413331.29,17134943251,13078706983,False
2022-07-19,4.65,14.044263,1.412653,79677486117.15,60815987470.95,17134943251,13078706983,False
2022-07-20,4.61,13.923452,1.400501,78992088387.11,60292839191.63,17134943251,13078706983,False
2022-07-21,4.53,13.68183,1.376198,77621292927.03,59246542632.99,17134943251,13078706983,False
2022-07-22,4.53,13.68183,1.376198,77621292927.03,59246542632.99,17134943251,13078706983,False
2022-07-25,4.61,13.923452,1.400501,78992088387.11,60292839191.63,17134943251,13078706983,False
2022-07-26,4.62,13.953655,1.403539,79163437819.62,60423626261.46,17134943251,13078706983,False
2022-07-27,4.59,13.863047,1.394425,78649389522.09,60031265051.97,17134943251,13078706983,False
2022-07-28,4.63,13.983858,1.406577,79334787252.13,60554413331.29,17134943251,13078706983,False
2022-07-29,4.67,14.104668,1.418729,80020184982.17,61077561610.61,17134943251,13078706983,False
2022-08-01,4.63,13.983858,1.406577,79334787252.13,60554413331.29,17134943251,13078706983,False
2022-08-02,4.42,13.349601,1.34278,75736449169.42,57807884864.86,17134943251,13078706983,False
2022-08-03,4.38,13.22879,1.330628,75051051439.38,57284736585.54,17134943251,13078706983,False
2022-08-04,4.4,13.289195,1.336704,75393750304.4,57546310725.2,17134943251,13078706983,False
2022-08-05,4.49,13.56102,1.364046,76935895196.99,58723394353.67,17134943251,13078706983,False
2022-08-08,4.5,13.591222,1.367084,77107244629.5,58854181423.5,17134943251,13078706983,False
2022-08-09,4.51,13.621425,1.370122,77278594062.01,58984968493.33,17134943251,13078706983,False
2022-08-10,4.56,13.772439,1.385312,78135341224.56,59638903842.48,17134943251,13078706983,False
2022-08-11,4.59,13.863047,1.394425,78649389522.09,60031265051.97,17134943251,13078706983,False
2022-08-12,4.66,14.074466,1.415691,79848835549.66,60946774540.78,17134943251,13078706983,False
2022-08-15,4.61,13.923452,1.400501,78992088387.11,60292839191.63,17134943251,13078706983,False
2022-08-16,4.57,13.802641,1.38835,78306690657.07,59769690912.31,17134943251,13078706983,False
2022-08-17,4.65,14.044263,1.412653,79677486117.15,60815987470.95,17134943251,13078706983,False
2022-08-18,4.57,13.802641,1.38835,78306690657.07,59769690912.31,17134943251,13078706983,False
2022-08-19,4.49,13.56102,1.364046,76935895196.99,58723394353.67,17134943251,13078706983,False
2022-08-22,4.63,13.983858,1.406577,79334787252.13,60554413331.29,17134943251,13078706983,False
2022-08-23,4.61,13.923452,1.400501,78992088387.11,60292839191.63,17134943251,13078706983,False
2022-08-24,4.61,13.22094,1.36155,78992088387.11,60292839191.63,17134943251,13078706983,False
2022-08-25,4.77,13.679801,1.408805,81733679307.27,62385432308.91,17134943251,13078706983,False
2022-08-26,4.7,13.479049,1.388131,80534233279.7,61469922820.1,17134943251,13078706983,False
2022-08-29,4.7,13.479049,1.388131,80534233279.7,61469922820.1,17134943251,13078706983,False
2022-08-30,4.62,13.249619,1.364503,79163437819.62,60423626261.46,17134943251,13078706983,False
2022-08-31,4.51,12.934152,1.332015,77278594062.01,58984968493.33,17134943251,13078706983,False
2022-09-01,4.48,12.848115,1.323154,76764545764.48,58592607283.84,17134943251,13078706983,False
2022-09-02,4.45,12.762079,1.314294,76250497466.95,58200246074.35,17134943251,13078706983,False
2022-09-05,4.49,12.876794,1.326108,76935895196.99,58723394353.67,17134943251,13078706983,False
2022-09-06,4.57,13.106225,1.349736,78306690657.07,59769690912.31,17134943251,13078706983,False
2022-09-07,4.93,14.138662,1.456061,84475270227.43,64478025426.19,17134943251,13078706983,False
2022-09-08,4.88,13.995268,1.441293,83618523064.88,63824090077.04,17134943251,13078706983,False
2022-09-09,5.01,14.368093,1.479688,85846065687.51,65524321984.83,17134943251,13078706983,False
2022-09-13,4.95,14.19602,1.461968,84817969092.45,64739599565.85,17134943251,13078706983,False
2022-09-14,4.84,13.880553,1.429479,82933125334.84,63300941797.72,17134943251,13078706983,False
2022-09-15,4.74,13.593765,1.399945,81219631009.74,61993071099.42,17134943251,13078706983,False
2022-09-16,4.49,12.876794,1.326108,76935895196.99,58723394353.67,17134943251,13078706983,False
2022-09-19,4.45,12.762079,1.314294,76250497466.95,58200246074.35,17134943251,13078706983,False
2022-09-20,4.47,12.819436,1.320201,76593196331.97,58461820214.01,17134943251,13078706983,False
2022-09-21,4.52,12.96283,1.334968,77449943494.52,59115755563.16,17134943251,13078706983,False
2022-09-22,4.47,12.819436,1.320201,76593196331.97,58461820214.01,17134943251,13078706983,False
2022-09-23,4.4,12.618685,1.299527,75393750304.4,57546310725.2,17134943251,13078706983,False
2022-09-26,4.13,11.844356,1.219783,70767315626.63,54015059839.79,17134943251,13078706983,False
2022-09-27,4.17,11.959071,1.231597,71452713356.67,54538208119.11,17134943251,13078706983,False
2022-09-28,4.02,11.528889,1.187295,68882471869.02,52576402071.66,17134943251,13078706983,False
2022-09-29,4.04,11.586247,1.193202,69225170734.04,52837976211.32,17134943251,13078706983,False
2022-09-30,4.13,11.844356,1.219783,70767315626.63,54015059839.79,17134943251,13078706983,False
2022-10-10,4.08,11.700962,1.205016,69910568464.08,53361124490.64,17134943251,13078706983,False
2022-10-11,4.11,11.786998,1.213876,70424616761.61,53753485700.13,17134943251,13078706983,False
2022-10-12,4.17,11.959071,1.231597,71452713356.67,54538208119.11,17134943251,13078706983,False
2022-10-13,4.2,12.045108,1.240457,71966761654.2,54930569328.6,17134943251,13078706983,False
2022-10-14,4.25,12.188502,1.255225,72823508816.75,55584504677.75,17134943251,13078706983,False
2022-10-17,4.22,12.102466,1.246364,72309460519.22,55192143468.26,17134943251,13078706983,False
2022-10-18,4.18,11.98775,1.23455,71624062789.18,54668995188.94,17134943251,13078706983,False
2022-10-19,4.13,11.844356,1.219783,70767315626.63,54015059839.79,17134943251,13078706983,False
2022-10-20,4.11,11.786998,1.213876,70424616761.61,53753485700.13,17134943251,13078706983,False
2022-10-21,4.12,11.815677,1.21683,70595966194.12,53884272769.96,17134943251,13078706983,False
2022-10-24,4.06,11.643604,1.199109,69567869599.06,53099550350.98,17134943251,13078706983,False
2022-10-25,4.07,11.672283,1.202062,69739219031.57,53230337420.81,17134943251,13078706983,False
2022-10-26,4.07,16.072733,1.19761,69739219031.57,53230337420.81,17134943251,13078706983,False
2022-10-27,4.07,16.072733,1.19761,69739219031.57,53230337420.81,17134943251,13078706983,False
2022-10-28,3.92,15.480372,1.153472,67168977543.92,51268531373.36,17134943251,13078706983,False
2022-10-31,3.86,15.243427,1.135816,66140880948.86,50483808954.38,17134943251,13078706983,False
2022-11-01,3.97,15.677826,1.168184,68025724706.47,51922466722.51,17134943251,13078706983,False
2022-11-02,4.01,15.835789,1.179954,68711122436.51,52445615001.83,17134943251,13078706983,False
2022-11-03,4.01,15.835789,1.179954,68711122436.51,52445615001.83,17134943251,13078706983,False
2022-11-04,4.12,16.270187,1.212322,70595966194.12,53884272769.96,17134943251,13078706983,False
2022-11-07,4.24,16.744076,1.247633,72652159384.24,55453717607.92,17134943251,13078706983,False
2022-11-08,4.25,16.783566,1.250575,72823508816.75,55584504677.75,17134943251,13078706983,False
2022-11-09,4.25,16.783566,1.250575,72823508816.75,55584504677.75,17134943251,13078706983,False
2022-11-10,4.23,16.704585,1.24469,72480809951.73,55322930538.09,17134943251,13078706983,False
2022-11-11,4.34,17.138983,1.277058,74365653709.34,56761588306.22,17134943251,13078706983,False
2022-11-14,4.33,17.099492,1.274115,74194304276.83,56630801236.39,17134943251,13078706983,False
2022-11-15,4.39,17.336437,1.29177,75222400871.89,57415523655.37,17134943251,13078706983,False
2022-11-16,4.41,17.415418,1.297656,75565099736.91,57677097795.03,17134943251,13078706983,False
2022-11-17,4.36,17.217965,1.282943,74708352574.36,57023162445.88,17134943251,13078706983,False
2022-11-18,4.3,16.98102,1.265288,73680255979.3,56238440026.9,17134943251,13078706983,False
2022-11-21,4.26,16.823057,1.253518,72994858249.26,55715291747.58,17134943251,13078706983,False
2022-11-22,4.34,17.138983,1.277058,74365653709.34,56761588306.22,17134943251,13078706983,False
2022-11-23,4.38,17.296946,1.288828,75051051439.38,57284736585.54,17134943251,13078706983,False
2022-11-24,4.42,17.454909,1.300598,75736449169.42,57807884864.86,17134943251,13078706983,False
2022-11-25,4.47,17.652363,1.315311,76593196331.97,58461820214.01,17134943251,13078706983,False
2022-11-28,4.42,17.454909,1.300598,75736449169.42,57807884864.86,17134943251,13078706983,False
2022-11-29,4.54,17.928798,1.335908,77792642359.54,59377329702.82,17134943251,13078706983,False
2022-11-30,4.47,17.652363,1.315311,76593196331.97,58461820214.01,17134943251,13078706983,False
2022-12-01,4.5,17.770835,1.324138,77107244629.5,58854181423.5,17134943251,13078706983,False
2022-12-02,4.44,17.533891,1.306483,76079148034.44,58069459004.52,17134943251,13078706983,False
2022-12-05,4.88,19.271483,1.435954,83618523064.88,63824090077.04,17134943251,13078706983,False
2022-12-06,4.93,19.468937,1.450667,84475270227.43,64478025426.19,17134943251,13078706983,False
2022-12-07,4.8,18.955557,1.412414,82247727604.8,62777793518.4,17134943251,13078706983,False
2022-12-08,4.79,18.916067,1.409472,82076378172.29,62647006448.57,17134943251,13078706983,False
2022-12-09,4.91,19.389956,1.444782,84132571362.41,64216451286.53,17134943251,13078706983,False
2022-12-12,4.73,18.679122,1.391816,81048281577.23,61862284029.59,17134943251,13078706983,False
2022-12-13,4.72,18.639631,1.388874,80876932144.72,61731496959.76,17134943251,13078706983,False
2022-12-14,4.77,18.837085,1.403587,81733679307.27,62385432308.91,17134943251,13078706983,False
2022-12-15,4.73,18.679122,1.391816,81048281577.23,61862284029.59,17134943251,13078706983,False
2022-12-16,4.74,18.718613,1.394759,81219631009.74,61993071099.42,17134943251,13078706983,False
2022-12-19,4.6,18.165743,1.353564,78820738954.6,60162052121.8,17134943251,13078706983,False
2022-12-20,4.58,18.086761,1.347679,78478040089.58,59900477982.14,17134943251,13078706983,False
2022-12-21,4.53,17.889307,1.332966,77621292927.03,59246542632.99,17134943251,13078706983,False
2022-12-22,4.49,17.731344,1.321196,76935895196.99,58723394353.67,17134943251,13078706983,False
2022-12-23,4.5,17.770835,1.324138,77227161979.5,58854181423.5,17161591551,13078706983,False
2022-12-26,4.48,17.691854,1.318253,76883930148.48,58592607283.84,17161591551,13078706983,False
2022-12-27,4.61,18.233546,1.358616,79114937050.11,60292839191.63,17161591551,13078706983,False
2022-12-28,4.6,18.193994,1.355669,78943321134.6,60162052121.8,17161591551,13078706983,False
2022-12-29,4.46,17.640264,1.314409,76540698317.46,58331033144.18,17161591551,13078706983,False
2022-12-30,4.47,17.679816,1.317356,76712314232.97,58461820214.01,17161591551,13078706983,False
2023-01-03,4.54,17.956681,1.337986,77913625641.54,59377329702.82,17161591551,13078706983,False
2023-01-04,4.45,17.600711,1.311462,76369082401.95,58200246074.35,17161591551,13078706983,False
2023-01-05,4.48,17.719368,1.320303,76883930148.48,58592607283.84,17161591551,13078706983,False
2023-01-06,4.5,17.798472,1.326198,77227161979.5,58854181423.5,17161591551,13078706983,False
2023-01-09,4.69,18.549963,1.382193,80487864374.19,61339135750.27,17161591551,13078706983,False
2023-01-10,4.77,18.866381,1.405769,81860791698.27,62385432308.91,17161591551,13078706983,False
2023-01-11,4.79,18.945485,1.411664,82204023529.29,62647006448.57,17161591551,13078706983,False
2023-01-12,4.79,18.945485,1.411664,82204023529.29,62647006448.57,17161591551,13078706983,False
2023-01-13,4.87,19.261902,1.435241,83576950853.37,63693303007.21,17161591551,13078706983,False
2023-01-16,4.92,19.459663,1.449976,84435030430.92,64347238356.36,17161591551,13078706983,False
2023-01-17,4.89,19.341007,1.441135,83920182684.39,63954877146.87,17161591551,13078706983,False
2023-01-18,5.01,19.815632,1.4765,85979573670.51,65524321984.83,17161591551,13078706983,False
2023-01-19,5.03,19.894737,1.482394,86322805501.53,65785896124.49,17161591551,13078706983,False
2023-01-20,5.2,20.567124,1.532495,89240276065.2,68009276311.6,17161591551,13078706983,False
2023-01-30,5.26,20.804437,1.550178,90269971558.26,68793998730.58,17161591551,13078706983,False
2023-01-31,5.29,20.923093,1.559019,90784819304.79,69186359940.07,17161591551,13078706983,False
2023-02-01,5.54,21.911897,1.632697,95075217192.54,72456036685.82,17161591551,13078706983,False
2023-02-02,5.49,21.714136,1.617961,94217137614.99,71802101336.67,17161591551,13078706983,False
2023-02-03,5.35,21.160406,1.576702,91814514797.85,69971082359.05,17161591551,13078706983,False
2023-02-06,5.3,20.962645,1.561966,90956435220.3,69317147009.9,17161591551,13078706983,False
2023-02-07,5.38,21.279062,1.585543,92329362544.38,70363443568.54,17161591551,13078706983,False
2023-02-08,5.31,21.002197,1.564913,91128051135.81,69447934079.73,17161591551,13078706983,False
2023-02-09,5.33,21.081302,1.570807,91471282966.83,69709508219.39,17161591551,13078706983,False
2023-02-10,5.27,20.843989,1.553125,90441587473.77,68924785800.41,17161591551,13078706983,False
2023-02-13,5.32,21.041749,1.56786,91299667051.32,69578721149.56,17161591551,13078706983,False
2023-02-14,5.44,21.516375,1.603226,93359058037.44,71148165987.52,17161591551,13078706983,False
2023-02-15,5.49,21.714136,1.617961,94217137614.99,71802101336.67,17161591551,13078706983,False
2023-02-16,5.28,20.883541,1.556072,90613203389.28,69055572870.24,17161591551,13078706983,False
2023-02-17,5.34,21.120854,1.573754,91642898882.34,69840295289.22,17161591551,13078706983,False
2023-02-20,5.68,22.465627,1.673956,97477840009.68,74287055663.44,17161591551,13078706983,False
2023-02-21,5.74,22.70294,1.691639,98507535502.74,75071778082.42,17161591551,13078706983,False
2023-02-22,5.65,22.346971,1.665115,96962992263.15,73894694453.95,17161591551,13078706983,False
2023-02-23,5.6,22.14921,1.650379,96104912685.6,73240759104.8,17161591551,13078706983,False
2023-02-24,5.49,21.714136,1.617961,94217137614.99,71802101336.67,17161591551,13078706983,False
2023-02-27,5.45,21.555928,1.606173,93530673952.95,71278953057.35,17161591551,13078706983,False
2023-02-28,5.53,21.872345,1.62975,94903601277.03,72325249615.99,17161591551,13078706983,False
2023-03-01,5.68,22.465627,1.673956,97477840009.68,74287055663.44,17161591551,13078706983,False
2023-03-02,5.7,22.544732,1.67985,97821071840.7,74548629803.1,17161591551,13078706983,False
2023-03-03,5.72,22.623836,1.685745,98164303671.72,74810203942.76,17161591551,13078706983,False
2023-03-06,5.69,22.505179,1.676903,97649455925.19,74417842733.27,17161591551,13078706983,False
2023-03-07,5.72,22.623836,1.685745,98164303671.72,74810203942.76,17161591551,13078706983,False
2023-03-08,5.65,22.346971,1.665115,96962992263.15,73894694453.95,17161591551,13078706983,False
2023-03-09,5.59,22.109658,1.647432,95933296770.09,73109972034.97,17161591551,13078706983,False
2023-03-10,5.46,21.59548,1.60912,93702289868.46,71409740127.18,17161591551,13078706983,False
2023-03-13,5.59,22.109658,1.647432,95933296770.09,73109972034.97,17161591551,13078706983,False
2023-03-14,5.62,22.228314,1.656273,96448144516.62,73502333244.46,17161591551,13078706983,False
2023-03-15,5.72,22.623836,1.685745,98164303671.72,74810203942.76,17161591551,13078706983,False
2023-03-16,5.38,21.279062,1.585543,92329362544.38,70363443568.54,17161591551,13078706983,False
2023-03-17,5.54,21.911897,1.632697,95075217192.54,72456036685.82,17161591551,13078706983,False
2023-03-20,5.56,21.991001,1.638591,95418449023.56,72717610825.48,17161591551,13078706983,False
2023-03-21,5.54,21.911897,1.632697,95075217192.54,72456036685.82,17161591551,13078706983,False
2023-03-22,5.36,21.943638,1.75536,91986130713.36,70101869428.88,17161591551,13078706983,False
2023-03-23,5.65,23.130888,1.850332,96962992263.15,73894694453.95,17161591551,13078706983,False
2023-03-24,5.62,23.008069,1.840508,96448144516.62,73502333244.46,17161591551,13078706983,False
2023-03-27,5.46,22.353035,1.788109,93702289868.46,71409740127.18,17161591551,13078706983,False
2023-03-28,5.4,22.107397,1.768459,92672594375.4,70625017708.2,17161591551,13078706983,False
2023-03-29,5.36,21.943638,1.75536,91986130713.36,70101869428.88,17161591551,13078706983,False
2023-03-30,5.39,22.066457,1.765184,92500978459.89,70494230638.37,17161591551,13078706983,False
2023-03-31,5.52,22.598672,1.807758,94731985361.52,72194462546.16,17161591551,13078706983,False
2023-04-03,5.51,22.557733,1.804483,94560369446.01,72063675476.33,17161591551,13078706983,False
2023-04-04,5.64,23.089948,1.847058,96791376347.64,73763907384.12,17161591551,13078706983,False
2023-04-06,5.7,23.335586,1.866707,97821071840.7,74548629803.1,17161591551,13078706983,False
2023-04-07,5.72,23.417465,1.873257,98164303671.72,74810203942.76,17161591551,13078706983,False
2023-04-10,5.91,24.195318,1.93548,101425006066.41,77295158269.53,17161591551,13078706983,False
2023-04-11,6.0,24.563774,1.964955,102969549306.0,78472241898.0,17161591551,13078706983,False
2023-04-12,6.2,25.382567,2.030453,106401867616.2,81087983294.6,17161591551,13078706983,False
2023-04-13,6.19,25.341627,2.027178,106230251700.69,80957196224.77,17161591551,13078706983,False
2023-04-14,6.36,26.037601,2.082852,109147722264.36,83180576411.88,17161591551,13078706983,False
2023-04-17,6.63,27.142971,2.171275,113781351983.13,86711827297.29,17161591551,13078706983,False
2023-04-18,6.54,26.774514,2.141801,112236808743.54,85534743668.82,17161591551,13078706983,False
2023-04-19,6.6,27.020152,2.16145,113266504236.6,86319466087.8,17161591551,13078706983,False
2023-04-20,6.55,26.815454,2.145076,112408424659.05,85665530738.65,17161591551,13078706983,False
2023-04-21,6.34,25.955722,2.076302,108804490433.34,82919002272.22,17161591551,13078706983,False
2023-04-24,6.16,25.218808,2.017354,105715403954.16,80564835015.28,17161591551,13078706983,False
2023-04-25,6.16,25.218808,2.017354,105715403954.16,80564835015.28,17161591551,13078706983,False
2023-04-26,6.26,26.888699,1.975632,107431563109.26,81872705713.58,17161591551,13078706983,False
2023-04-27,6.2,26.630979,1.956696,106401867616.2,81087983294.6,17161591551,13078706983,False
2023-04-28,6.39,27.44709,2.016659,109662570010.89,83572937621.37,17161591551,13078706983,False
2023-05-04,6.41,27.532996,2.022971,110005801841.91,83834511761.03,17161591551,13078706983,False
2023-05-05,6.32,27.146418,1.994568,108461258602.32,82657428132.56,17161591551,13078706983,False
2023-05-08,6.53,28.048435,2.060843,112065192828.03,85403956598.99,17161591551,13078706983,False
2023-05-09,6.35,27.275277,2.004035,108976106348.85,83049789342.05,17161591551,13078706983,False
2023-05-10,6.29,27.017558,1.9851,107946410855.79,82265066923.07,17161591551,13078706983,False
2023-05-11,6.06,26.029635,1.912513,103999244799.06,79256964316.98,17161591551,13078706983,False
2023-05-12,5.79,24.869898,1.827302,99365615080.29,75725713431.57,17161591551,13078706983,False
2023-05-15,5.77,24.783992,1.82099,99022383249.27,75464139291.91,17161591551,13078706983,False
2023-05-16,5.69,24.440367,1.795742,97649455925.19,74417842733.27,17161591551,13078706983,False
2023-05-17,5.65,24.268554,1.783118,96962992263.15,73894694453.95,17161591551,13078706983,False
2023-05-18,5.68,24.397413,1.792586,97477840009.68,74287055663.44,17161591551,13078706983,False
2023-05-19,5.59,24.010835,1.764182,95933296770.09,73109972034.97,17161591551,13078706983,False
2023-05-22,5.61,24.096741,1.770494,96276528601.11,73371546174.63,17161591551,13078706983,False
2023-05-23,5.42,23.28063,1.710531,93015826206.42,70886591847.86,17161591551,13078706983,False
2023-05-24,5.28,22.679286,1.666348,90613203389.28,69055572870.24,17161591551,13078706983,False
2023-05-25,5.2,22.33566,1.6411,89240276065.2,68009276311.6,17161591551,13078706983,False
2023-05-26,5.26,22.593379,1.660036,90269971558.26,68793998730.58,17161591551,13078706983,False
2023-05-29,5.37,23.065864,1.694751,92157746628.87,70232656498.71,17161591551,13078706983,False
2023-05-30,5.46,23.452443,1.723155,93702289868.46,71409740127.18,17161591551,13078706983,False
2023-05-31,5.41,23.237677,1.707375,92844210290.91,70755804778.03,17161591551,13078706983,False
2023-06-01,5.44,23.366537,1.716843,93359058037.44,71148165987.52,17161591551,13078706983,False
2023-06-02,5.65,24.268554,1.783118,96962992263.15,73894694453.95,17161591551,13078706983,False
2023-06-05,5.49,23.581303,1.732623,94217137614.99,71802101336.67,17161591551,13078706983,False
2023-06-06,5.52,23.710162,1.742091,94731985361.52,72194462546.16,17161591551,13078706983,False
2023-06-07,5.51,23.667209,1.738935,94560369446.01,72063675476.33,17161591551,13078706983,False
2023-06-08,5.6,24.053788,1.767338,96104912685.6,73240759104.8,17161591551,13078706983,False
2023-06-09,5.58,23.967881,1.761026,95761680854.58,72979184965.14,17161591551,13078706983,False
2023-06-12,5.6,24.053788,1.767338,96104912685.6,73240759104.8,17161591551,13078706983,False
2023-06-13,5.53,23.753115,1.745247,94903601277.03,72325249615.99,17161591551,13078706983,False
2023-06-14,5.65,24.268554,1.783118,96962992263.15,73894694453.95,17161591551,13078706983,False
2023-06-15,5.65,24.268554,1.783118,96962992263.15,73894694453.95,17161591551,13078706983,False
2023-06-16,5.85,25.127618,1.846237,100395310573.35,76510435850.55,17161591551,13078706983,False
2023-06-19,5.64,24.225601,1.779962,96791376347.64,73763907384.12,17161591551,13078706983,False
2023-06-20,5.54,23.796069,1.748403,95075217192.54,72456036685.82,17161591551,13078706983,False
2023-06-21,5.45,23.40949,1.719999,93530673952.95,71278953057.35,17161591551,13078706983,False
2023-06-26,5.33,22.894052,1.682127,91471282966.83,69709508219.39,17161591551,13078706983,False
2023-06-27,5.51,23.667209,1.738935,94560369446.01,72063675476.33,17161591551,13078706983,False
2023-06-28,5.51,23.667209,1.738935,94560369446.01,72063675476.33,17161591551,13078706983,False
2023-06-29,5.46,23.452443,1.723155,93702289868.46,71409740127.18,17161591551,13078706983,False
2023-06-30,5.49,23.581303,1.732623,94217137614.99,71802101336.67,17161591551,13078706983,False
2023-07-03,5.61,24.096741,1.770494,96276528601.11,73371546174.63,17161591551,13078706983,False
2023-07-04,5.62,24.139694,1.77365,96448144516.62,73502333244.46,17161591551,13078706983,False
2023-07-05,5.78,24.826945,1.824146,99193999164.78,75594926361.74,17161591551,13078706983,False
2023-07-06,5.65,24.268554,1.783118,96962992263.15,73894694453.95,17161591551,13078706983,False
2023-07-07,6.06,26.029635,1.912513,103999244799.06,79256964316.98,17161591551,13078706983,False
2023-07-10,5.86,25.170571,1.849393,100566926488.86,76641222920.38,17161591551,13078706983,False
2023-07-11,5.75,24.698086,1.814678,98679151418.25,75202565152.25,17161591551,13078706983,False
2023-07-12,5.74,24.655132,1.811522,98507535502.74,75071778082.42,17161591551,13078706983,False
2023-07-13,5.9,25.342384,1.862017,101253390150.9,77164371199.7,17161591551,13078706983,False
2023-07-14,5.89,25.29943,1.858861,101081774235.39,77033584129.87,17161591551,13078706983,False
2023-07-17,5.74,24.655132,1.811522,98507535502.74,75071778082.42,17161591551,13078706983,False
2023-07-18,5.8,24.912852,1.830458,99537230995.8,75856500501.4,17161591551,13078706983,False
2023-07-19,5.8,24.912852,1.830458,99537230995.8,75856500501.4,17161591551,13078706983,False
2023-07-20,5.86,25.170571,1.849393,100566926488.86,76641222920.38,17161591551,13078706983,False
2023-07-21,5.86,25.170571,1.849393,100566926488.86,76641222920.38,17161591551,13078706983,False
2023-07-24,5.76,24.741039,1.817834,98850767333.76,75333352222.08,17161591551,13078706983,False
2023-07-25,6.09,26.158494,1.92198,104514092545.59,79649325526.47,17161591551,13078706983,False
2023-07-26,6.11,26.244401,1.928292,104857324376.61,79910899666.13,17161591551,13078706983,False
2023-07-27,6.11,26.244401,1.928292,104857324376.61,79910899666.13,17161591551,13078706983,False
2023-07-28,6.21,26.673933,1.959852,106573483531.71,81218770364.43,17161591551,13078706983,False
2023-07-31,6.37,27.361184,2.010347,109319338179.87,83311363481.71,17161591551,13078706983,False
2023-08-01,6.33,27.189371,1.997723,108632874517.83,82788215202.39,17161591551,13078706983,False
2023-08-02,6.37,27.361184,2.010347,109319338179.87,83311363481.71,17161591551,13078706983,False
2023-08-03,6.33,27.189371,1.997723,108632874517.83,82788215202.39,17161591551,13078706983,False
2023-08-04,6.31,27.103464,1.991412,108289642686.81,82526641062.73,17161591551,13078706983,False
2023-08-07,6.32,27.146418,1.994568,108461258602.32,82657428132.56,17161591551,13078706983,False
2023-08-08,6.39,27.44709,2.016659,109662570010.89,83572937621.37,17161591551,13078706983,False
2023-08-09,6.31,27.103464,1.991412,108289642686.81,82526641062.73,17161591551,13078706983,False
2023-08-10,6.31,27.103464,1.991412,108289642686.81,82526641062.73,17161591551,13078706983,False
2023-08-11,6.14,26.37326,1.93776,105372172123.14,80303260875.62,17161591551,13078706983,False
2023-08-14,6.12,26.287354,1.931448,105028940292.12,80041686735.96,17161591551,13078706983,False
2023-08-15,6.07,26.072588,1.915668,104170860714.57,79387751386.81,17161591551,13078706983,False
2023-08-16,5.99,25.728962,1.890421,102797933390.49,78341454828.17,17161591551,13078706983,False
2023-08-17,6.04,25.943728,1.906201,103656012968.04,78995390177.32,17161591551,13078706983,False
2023-08-18,5.92,25.42829,1.868329,101596621981.92,77425945339.36,17161591551,13078706983,False
2023-08-21,5.86,25.170571,1.849393,100566926488.86,76641222920.38,17161591551,13078706983,False
2023-08-22,5.97,25.643056,1.884109,102454701559.47,78079880688.51,17161591551,13078706983,False
2023-08-23,5.82,31.680788,1.810662,99880462826.82,76118074641.06,17161591551,13078706983,False
2023-08-24,5.94,32.334,1.847995,101939853812.94,77687519479.02,17161591551,13078706983,False
2023-08-25,5.82,31.680788,1.810662,99880462826.82,76118074641.06,17161591551,13078706983,False
2023-08-28,5.94,32.334,1.847995,101939853812.94,77687519479.02,17161591551,13078706983,False
2023-08-29,5.94,32.334,1.847995,101939853812.94,77687519479.02,17161591551,13078706983,False
2023-08-30,5.89,32.061828,1.832439,101081774235.39,77033584129.87,17161591551,13078706983,False
2023-08-31,5.92,32.225131,1.841773,101596621981.92,77425945339.36,17161591551,13078706983,False
2023-09-01,6.31,34.34807,1.963106,108289642686.81,82526641062.73,17161591551,13078706983,False
2023-09-04,6.82,37.124222,2.121772,117042054377.82,89196781624.06,17161591551,13078706983,False
2023-09-05,6.75,36.743182,2.099994,115840742969.25,88281272135.25,17161591551,13078706983,False
2023-09-06,6.77,36.85205,2.106216,116183974800.27,88542846274.91,17161591551,13078706983,False
2023-09-07,6.7,36.47101,2.084439,114982663391.7,87627336786.1,17161591551,13078706983,False
2023-09-08,6.57,35.763363,2.043994,112751656490.07,85927104878.31,17161591551,13078706983,False
2023-09-11,6.66,36.253272,2.071994,114296199729.66,87104188506.78,17161591551,13078706983,False
2023-09-12,6.56,35.708929,2.040883,112580040574.56,85796317808.48,17161591551,13078706983,False
2023-09-13,6.6,35.926666,2.053328,113266504236.6,86319466087.8,17161591551,13078706983,False
2023-09-14,6.67,36.307707,2.075105,114467815645.17,87234975576.61,17161591551,13078706983,False
2023-09-15,6.68,36.362141,2.078217,114639431560.68,87365762646.44,17161591551,13078706983,False
2023-09-18,6.58,35.817798,2.047105,112923272405.58,86057891948.14,17161591551,13078706983,False
2023-09-19,6.61,35.981101,2.056439,113438120152.11,86450253157.63,17161591551,13078706983,False
2023-09-20,6.56,35.708929,2.040883,112580040574.56,85796317808.48,17161591551,13078706983,False
2023-09-21,6.49,35.327889,2.019106,111378729165.99,84880808319.67,17161591551,13078706983,False
2023-09-22,6.47,35.21902,2.012883,111035497334.97,84619234180.01,17161591551,13078706983,False
2023-09-25,6.38,34.729111,1.984883,109490954095.38,83442150551.54,17161591551,13078706983,False
2023-09-26,6.36,34.620242,1.978661,109147722264.36,83180576411.88,17161591551,13078706983,False
2023-09-27,6.3,34.293636,1.959995,108118026771.3,82395853992.9,17161591551,13078706983,False
2023-09-28,6.28,34.184767,1.953772,107774794940.28,82134279853.24,17161591551,13078706983,False
2023-10-09,6.31,34.34807,1.963106,108289642686.81,82526641062.73,17161591551,13078706983,False
2023-10-10,6.27,34.130333,1.950661,107603179024.77,82003492783.41,17161591551,13078706983,False
2023-10-11,6.21,33.803727,1.931995,106573483531.71,81218770364.43,17161591551,13078706983,False
2023-10-12,6.3,34.293636,1.959995,108118026771.3,82395853992.9,17161591551,13078706983,False
2023-10-13,6.11,33.259384,1.900884,104857324376.61,79910899666.13,17161591551,13078706983,False
2023-10-16,6.06,32.987212,1.885328,103999244799.06,79256964316.98,17161591551,13078706983,False
2023-10-17,6.04,32.878343,1.879106,103656012968.04,78995390177.32,17161591551,13078706983,False
2023-10-18,6.04,32.878343,1.879106,103656012968.04,78995390177.32,17161591551,13078706983,False
2023-10-19,5.95,32.388434,1.851106,102111469728.45,77818306548.85,17161591551,13078706983,False
2023-10-20,5.91,32.170697,1.838662,101425006066.41,77295158269.53,17161591551,13078706983,False
2023-10-23,5.69,30.973141,1.770217,97649455925.19,74417842733.27,17161591551,13078706983,False
2023-10-24,5.74,31.245313,1.785773,98507535502.74,75071778082.42,17161591551,13078706983,False
2023-10-25,5.9,32.116262,1.835551,101253390150.9,77164371199.7,17161591551,13078706983,False
2023-10-26,6.0,24.836992,1.80345,102969549306.0,78472241898.0,17161591551,13078706983,False
2023-10-27,6.04,25.002572,1.815473,103656012968.04,78995390177.32,17161591551,13078706983,False
2023-10-30,6.14,25.416522,1.845531,105372172123.14,80303260875.62,17161591551,13078706983,False
2023-10-31,6.2,25.664892,1.863565,106401867616.2,81087983294.6,17161591551,13078706983,False
2023-11-01,6.27,25.954657,1.884605,107603179024.77,82003492783.41,17161591551,13078706983,False
2023-11-02,6.17,25.540707,1.854548,105887019869.67,80695622085.11,17161591551,13078706983,False
2023-11-03,6.03,24.961177,1.812467,103484397052.53,78864603107.49,17161591551,13078706983,False
2023-11-06,5.87,24.298857,1.764375,100738542404.37,76772009990.21,17161591551,13078706983,False
2023-11-07,5.83,24.133277,1.752352,100052078742.33,76248861710.89,17161591551,13078706983,False
2023-11-08,5.76,23.843512,1.731312,98850767333.76,75333352222.08,17161591551,13078706983,False
2023-11-09,5.77,23.884907,1.734318,99022383249.27,75464139291.91,17161591551,13078706983,False
2023-11-10,5.68,23.512352,1.707266,97477840009.68,74287055663.44,17161591551,13078706983,False
2023-11-13,5.68,23.512352,1.707266,97477840009.68,74287055663.44,17161591551,13078706983,False
2023-11-14,5.81,24.050487,1.746341,99708846911.31,75987287571.23,17161591551,13078706983,False
2023-11-15,5.88,24.340252,1.767381,100910158319.88,76902797060.04,17161591551,13078706983,False
2023-11-16,5.8,24.009092,1.743335,99537230995.8,75856500501.4,17161591551,13078706983,False
2023-11-17,5.82,24.091882,1.749347,99880462826.82,76118074641.06,17161591551,13078706983,False
2023-11-20,5.76,23.843512,1.731312,98850767333.76,75333352222.08,17161591551,13078706983,False
2023-11-21,5.84,24.174672,1.755358,100223694657.84,76379648780.72,17161591551,13078706983,False
2023-11-22,5.68,23.512352,1.707266,97477840009.68,74287055663.44,17161591551,13078706983,False
2023-11-23,5.71,23.636537,1.716283,97992687756.21,74679416872.93,17161591551,13078706983,False
2023-11-24,5.66,23.429562,1.701255,97134608178.66,74025481523.78,17161591551,13078706983,False
2023-11-27,5.61,23.222588,1.686226,96276528601.11,73371546174.63,17161591551,13078706983,False
2023-11-28,5.64,23.346773,1.695243,96791376347.64,73763907384.12,17161591551,13078706983,False
2023-11-29,5.59,23.139798,1.680214,95933296770.09,73109972034.97,17161591551,13078706983,False
2023-11-30,5.54,22.932823,1.665186,95075217192.54,72456036685.82,17161591551,13078706983,False
2023-12-01,5.59,23.139798,1.680214,95933296770.09,73109972034.97,17161591551,13078706983,False
2023-12-04,5.48,22.684453,1.647151,94045521699.48,71671314266.84,17161591551,13078706983,False
2023-12-05,5.34,22.104923,1.605071,91642898882.34,69840295289.22,17161591551,13078706983,False
2023-12-06,5.31,21.980738,1.596053,91128051135.81,69447934079.73,17161591551,13078706983,False
2023-12-07,5.27,21.815158,1.58403,90441587473.77,68924785800.41,17161591551,13078706983,False
2023-12-08,5.23,21.649578,1.572007,89755123811.73,68401637521.09,17161591551,13078706983,False
2023-12-11,5.23,21.649578,1.572007,89755123811.73,68401637521.09,17161591551,13078706983,False
2023-12-12,5.23,21.649578,1.572007,89755123811.73,68401637521.09,17161591551,13078706983,False
2023-12-13,5.09,21.070048,1.529927,87352500994.59,66570618543.47,17161591551,13078706983,False
2023-12-14,5.11,21.152838,1.535938,87695732825.61,66832192683.13,17161591551,13078706983,False
2023-12-15,5.11,21.152838,1.535938,87695732825.61,66832192683.13,17161591551,13078706983,False
2023-12-18,5.08,21.028653,1.526921,87180885079.08,66439831473.64,17161591551,13078706983,False
2023-12-19,5.09,21.070048,1.529927,87352500994.59,66570618543.47,17161591551,13078706983,False
2023-12-20,5.09,21.070048,1.529927,87352500994.59,66570618543.47,17161591551,13078706983,False
2023-12-21,5.16,21.359813,1.550967,88553812403.16,67486128032.28,17161591551,13078706983,False
2023-12-22,5.39,22.311898,1.620099,92500978459.89,70494230638.37,17161591551,13078706983,False
2023-12-25,5.41,22.394688,1.626111,92844210290.91,70755804778.03,17161591551,13078706983,False
2023-12-26,5.37,22.229108,1.614088,92157746628.87,70232656498.71,17161591551,13078706983,False
2023-12-27,5.51,22.808638,1.656168,94560369446.01,72063675476.33,17161591551,13078706983,False
2023-12-28,5.58,23.098403,1.677209,95761680854.58,72979184965.14,17161591551,13078706983,False
2023-12-29,5.64,23.346773,1.695243,96791376347.64,73763907384.12,17161591551,13078706983,False
2024-01-02,5.65,23.388168,1.698249,96962992263.15,73894694453.95,17161591551,13078706983,False
2024-01-03,5.63,23.305378,1.692237,96619760432.13,73633120314.29,17161591551,13078706983,False
2024-01-04,5.6,23.181193,1.68322,96104912685.6,73240759104.8,17161591551,13078706983,False
2024-01-05,5.56,23.015613,1.671197,95418449023.56,72717610825.48,17161591551,13078706983,False
2024-01-08,5.56,23.015613,1.671197,95418449023.56,72717610825.48,17161591551,13078706983,False
2024-01-09,5.54,22.932823,1.665186,95075217192.54,72456036685.82,17161591551,13078706983,False
2024-01-10,5.51,22.808638,1.656168,94560369446.01,72063675476.33,17161591551,13078706983,False
2024-01-11,5.46,22.601663,1.64114,93702289868.46,71409740127.18,17161591551,13078706983,False
2024-01-12,5.52,22.850033,1.659174,94731985361.52,72194462546.16,17161591551,13078706983,False
2024-01-15,5.51,22.808638,1.656168,94560369446.01,72063675476.33,17161591551,13078706983,False
2024-01-16,5.51,22.808638,1.656168,94560369446.01,72063675476.33,17161591551,13078706983,False
2024-01-17,5.32,22.022133,1.599059,91299667051.32,69578721149.56,17161591551,13078706983,False
2024-01-18,5.29,21.897948,1.590042,90784819304.79,69186359940.07,17161591551,13078706983,False
2024-01-19,5.26,21.773763,1.581025,90269971558.26,68793998730.58,17161591551,13078706983,False
2024-01-22,5.02,20.780283,1.508887,86151189586.02,65655109054.66,17161591551,13078706983,False
2024-01-23,5.01,20.738888,1.505881,85979573670.51,65524321984.83,17161591551,13078706983,False
2024-01-24,5.27,21.815158,1.58403,90441587473.77,68924785800.41,17161591551,13078706983,False
2024-01-25,5.64,23.346773,1.695243,96791376347.64,73763907384.12,17161591551,13078706983,False
2024-01-26,5.73,23.71489,1.721973,98317524436.44,74940991012.59,17158381228,13078706983,False
2024-01-29,5.75,23.797665,1.727983,98660692061.0,75202565152.25,17158381228,13078706983,False
2024-01-30,5.68,23.507954,1.706947,97459605375.04,74287055663.44,17158381228,13078706983,False
2024-01-31,5.69,23.549341,1.709952,97631189187.32,74417842733.27,17158381228,13078706983,False
2024-02-01,5.58,23.094082,1.676895,95743767252.24,72979184965.14,17158381228,13078706983,False
2024-02-02,5.54,22.928533,1.664874,95057432003.12,72456036685.82,17158381228,13078706983,False
2024-02-05,5.5,22.762984,1.652853,94371096754.0,71932888406.5,17158381228,13078706983,False
2024-02-06,5.65,23.383792,1.697931,96944853938.2,73894694453.95,17158381228,13078706983,False
2024-02-07,5.73,23.71489,1.721973,98317524436.44,74940991012.59,17158381228,13078706983,False
2024-02-08,5.7,23.590729,1.712957,97802772999.6,74548629803.1,17158381228,13078706983,False
2024-02-19,5.9,24.418473,1.773061,101234449245.2,77164371199.7,17158381228,13078706983,False
2024-02-20,5.9,24.418473,1.773061,101234449245.2,77164371199.7,17158381228,13078706983,False
2024-02-21,6.02,24.91512,1.809123,103293454992.56,78733816037.66,17158381228,13078706983,False
2024-02-22,6.09,25.204831,1.830159,104494541678.52,79649325526.47,17158381228,13078706983,False
2024-02-23,6.16,25.494542,1.851196,105695628364.48,80564835015.28,17158381228,13078706983,False
2024-02-26,5.95,24.62541,1.788087,102092368306.6,77818306548.85,17158381228,13078706983,False
2024-02-27,6.06,25.080669,1.821144,103979790241.68,79256964316.98,17158381228,13078706983,False
2024-02-28,5.96,24.666797,1.791092,102263952118.88,77949093618.68,17158381228,13078706983,False
2024-02-29,6.05,25.039282,1.818139,103808206429.4,79126177247.15,17158381228,13078706983,False
2024-03-01,6.12,25.328993,1.839175,105009293115.36,80041686735.96,17158381228,13078706983,False
2024-03-04,6.22,25.742865,1.869227,106725131238.16,81349557434.26,17158381228,13078706983,False
2024-03-05,6.25,25.867027,1.878242,107239882675.0,81741918643.75,17158381228,13078706983,False
2024-03-06,6.27,25.949801,1.884253,107583050299.56,82003492783.41,17158381228,13078706983,False
2024-03-07,6.48,26.818934,1.947362,111186310357.44,84750021249.84,17158381228,13078706983,False
2024-03-08,6.66,27.563904,2.001455,114274818978.48,87104188506.78,17158381228,13078706983,False
2024-03-11,6.61,27.356968,1.986429,113416899917.08,86450253157.63,17158381228,13078706983,False
2024-03-12,6.36,26.322287,1.9113,109127304610.08,83180576411.88,17158381228,13078706983,False
2024-03-13,6.44,26.653385,1.935341,110499975108.32,84226872970.52,17158381228,13078706983,False
2024-03-14,6.47,26.777546,1.944357,111014726545.16,84619234180.01,17158381228,13078706983,False
2024-03-15,6.73,27.853615,2.022492,115475905664.44,88019697995.59,17158381228,13078706983,False
2024-03-18,6.78,28.060551,2.037517,116333824725.84,88673633344.74,17158381228,13078706983,False
2024-03-19,6.69,27.688066,2.010471,114789570415.32,87496549716.27,17158381228,13078706983,False
2024-03-20,6.67,27.605291,2.00446,114446402790.76,87234975576.61,17158381228,13078706983,False
2024-03-21,6.91,28.598585,2.076585,118564414285.48,90373865252.53,17158381228,13078706983,False
2024-03-22,6.9,28.557198,2.07358,118392830473.2,90243078182.7,17158381228,13078706983,False
2024-03-25,7.16,29.633266,2.151715,122854009592.48,93643541998.28,17158381228,13078706983,False
2024-03-26,7.18,29.716041,2.157725,123197177217.04,93905116137.94,17158381228,13078706983,False
2024-03-27,7.1,29.384943,2.133683,121824506718.8,92858819579.3,17158381228,13078706983,False
2024-03-28,7.11,18.162437,2.086911,121996090531.08,92989606649.13,17158381228,13078706983,False
2024-03-29,7.4,18.90324,2.172031,126972021087.2,96782431674.2,17158381228,13078706983,False
2024-04-01,7.22,18.443431,2.119198,123883512466.16,94428264417.26,17158381228,13078706983,False
2024-04-02,7.23,18.468976,2.122133,124055096278.44,94559051487.09,17158381228,13078706983,False
2024-04-03,7.49,19.133144,2.198448,128516275397.72,97959515302.67,17158381228,13078706983,False
2024-04-08,7.33,18.724425,2.151485,125770934401.24,95866922185.39,17158381228,13078706983,False
2024-04-09,7.2,18.392341,2.113328,123540344841.6,94166690277.6,17158381228,13078706983,False
2024-04-10,7.23,18.468976,2.122133,124055096278.44,94559051487.09,17158381228,13078706983,False
2024-04-11,7.33,18.724425,2.151485,125770934401.24,95866922185.39,17158381228,13078706983,False
2024-04-12,7.42,18.954329,2.177901,127315188711.76,97044005813.86,17158381228,13078706983,False
2024-04-15,7.58,19.363048,2.224864,130060529708.24,99136598931.14,17158381228,13078706983,False
2024-04-16,7.17,18.315707,2.104522,123025593404.76,93774329068.11,17158381228,13078706983,False
2024-04-17,7.45,19.030964,2.186707,127829940148.6,97436367023.35,17158381228,13078706983,False
2024-04-18,7.36,18.80106,2.16029,126285685838.08,96259283394.88,17158381228,13078706983,False
2024-04-19,7.3,18.64779,2.142679,125256182964.4,95474560975.9,17158381228,13078706983,False
2024-04-22,7.31,18.673335,2.145615,125427766776.68,95605348045.73,17158381228,13078706983,False
2024-04-23,6.89,17.600449,2.022337,118221246660.92,90112291112.87,17158381228,13078706983,False
2024-04-24,7.08,18.085802,2.078105,121481339094.24,92597245439.64,17158381228,13078706983,False
2024-04-25,7.35,18.775515,2.157355,126114102025.8,96128496325.05,17158381228,13078706983,False
2024-04-26,7.53,18.110366,2.124735,129202610646.84,98482663581.99,17158381228,13078706983,False
2024-04-29,7.44,17.893907,2.09934,127658356336.32,97305579953.52,17158381228,13078706983,False
2024-04-30,7.42,17.845806,2.093697,127315188711.76,97044005813.86,17158381228,13078706983,False
2024-05-06,7.45,17.917958,2.102162,127829940148.6,97436367023.35,17158381228,13078706983,False
2024-05-07,7.69,18.495181,2.169882,131947951643.32,100575256699.27,17158381228,13078706983,False
2024-05-08,7.63,18.350875,2.152952,130918448769.64,99790534280.29,17158381228,13078706983,False
2024-05-09,7.92,19.048353,2.234781,135894379325.76,103583359305.36,17158381228,13078706983,False
2024-05-10,7.9,19.000251,2.229138,135551211701.2,103321785165.7,17158381228,13078706983,False
2024-05-13,7.82,18.807844,2.206564,134178541202.96,102275488607.06,17158381228,13078706983,False
2024-05-14,7.86,18.904047,2.217851,134864876452.08,102798636886.38,17158381228,13078706983,False
2024-05-15,7.61,18.302774,2.147309,130575281145.08,99528960140.63,17158381228,13078706983,False
2024-05-16,7.65,18.398977,2.158596,131261616394.2,100052108419.95,17158381228,13078706983,False
2024-05-17,7.77,18.687589,2.192456,133320622141.56,101621553257.91,17158381228,13078706983,False
2024-05-20,8.14,19.577474,2.296859,139669223195.92,106460674841.62,17158381228,13078706983,False
2024-05-21,8.07,19.409117,2.277107,138468136509.96,105545165352.81,17158381228,13078706983,False
2024-05-22,7.92,19.048353,2.234781,135894379325.76,103583359305.36,17158381228,13078706983,False
2024-05-23,7.67,18.447079,2.164239,131604784018.76,100313682559.61,17158381228,13078706983,False
2024-05-24,7.57,18.20657,2.136022,129888945895.96,99005811861.31,17158381228,13078706983,False
2024-05-27,8.01,19.264812,2.260177,137438633636.28,104760442933.83,17158381228,13078706983,False
2024-05-28,8.13,19.553423,2.294037,139497639383.64,106329887771.79,17158381228,13078706983,False
2024-05-29,8.43,20.274952,2.378688,144645153752.04,110253499866.69,17158381228,13078706983,False
2024-05-30,8.28,19.914187,2.336362,142071396567.84,108291693819.24,17158381228,13078706983,False
2024-05-31,8.19,19.697729,2.310967,140527142257.32,107114610190.77,17158381228,13078706983,False
2024-06-03,7.99,19.21671,2.254533,137095466011.72,104498868794.17,17158381228,13078706983,False
2024-06-04,8.09,19.457219,2.28275,138811304134.52,105806739492.47,17158381228,13078706983,False
2024-06-05,7.77,18.687589,2.192456,133320622141.56,101621553257.91,17158381228,13078706983,False
2024-06-06,7.94,19.096455,2.240425,136237546950.32,103844933445.02,17158381228,13078706983,False
2024-06-07,7.92,19.048353,2.234781,135894379325.76,103583359305.36,17158381228,13078706983,False
2024-06-11,7.69,18.495181,2.169882,131947951643.32,100575256699.27,17158381228,13078706983,False
2024-06-12,7.86,18.904047,2.217851,134864876452.08,102798636886.38,17158381228,13078706983,False
2024-06-13,7.66,18.423028,2.161417,131433200206.48,100182895489.78,17158381228,13078706983,False
2024-06-14,7.73,18.591385,2.181169,132634286892.44,101098404978.59,17158381228,13078706983,False
2024-06-17,7.49,18.014162,2.113449,128516275397.72,97959515302.67,17158381228,13078706983,False
2024-06-18,7.55,18.158468,2.130379,129545778271.4,98744237721.65,17158381228,13078706983,False
2024-06-19,7.64,18.374926,2.155774,131090032581.92,99921321350.12,17158381228,13078706983,False
2024-06-20,7.64,18.374926,2.155774,131090032581.92,100260482021.24,17158381228,13123099741,False
2024-06-21,7.58,18.230621,2.138844,130060529708.24,99473096036.78,17158381228,13123099741,False
2024-06-24,7.41,17.821755,2.090875,127143604899.48,97242169080.81,17158381228,13123099741,False
2024-06-25,7.55,18.158468,2.130379,129545778271.4,99079403044.55,17158381228,13123099741,False
2024-06-26,7.55,18.158468,2.130379,129545778271.4,99079403044.55,17158381228,13123099741,False
2024-06-27,7.35,17.677449,2.073945,126114102025.8,96454783096.35,17158381228,13123099741,False
2024-06-28,7.63,18.350875,2.152952,130918448769.64,100129251023.83,17158381228,13123099741,False
2024-07-01,7.91,19.024302,2.23196,135722795513.48,103803718951.31,17158381228,13123099741,False
2024-07-02,7.8,18.759742,2.200921,133835373578.4,102360177979.8,17158381228,13123099741,False
2024-07-03,7.67,18.447079,2.164239,131604784018.76,100654175013.47,17158381228,13123099741,False
2024-07-04,7.59,18.254672,2.141665,130232113520.52,99604327034.19,17158381228,13123099741,False
2024-07-05,7.69,18.495181,2.169882,131947951643.32,100916637008.29,17158381228,13123099741,False
2024-07-08,7.74,18.615436,2.183991,132805870704.72,101572791995.34,17158381228,13123099741,False
2024-07-09,8.06,19.385066,2.274285,138296552697.68,105772183912.46,17158381228,13123099741,False
2024-07-10,7.56,18.182519,2.1332,129717362083.68,99210634041.96,17158381228,13123099741,False
2024-07-11,7.8,18.759742,2.200921,133835373578.4,102360177979.8,17158381228,13123099741,False
2024-07-12,7.92,19.048353,2.234781,135894379325.76,103934949948.72,17158381228,13123099741,False
2024-07-15,8.05,19.361015,2.271463,138124968885.4,105640952915.05,17158381228,13123099741,False
2024-07-16,7.91,19.024302,2.23196,135722795513.48,103803718951.31,17158381228,13123099741,False
2024-07-17,7.34,17.653398,2.071123,125942518213.52,96323552098.94,17158381228,13123099741,False
2024-07-18,7.36,17.7015,2.076767,126285685838.08,96586014093.76,17158381228,13123099741,False
2024-07-19,7.26,17.46099,2.04855,124569847715.28,95273704119.66,17158381228,13123099741,False
2024-07-22,7.42,17.845806,2.093697,127315188711.76,97373400078.22,17158381228,13123099741,False
2024-07-23,7.01,16.859717,1.978007,120280252408.28,91992929184.41,17158381228,13123099741,False
2024-07-24,6.91,16.619207,1.94979,118564414285.48,90680619210.31,17158381228,13123099741,False
2024-07-25,6.73,16.18629,1.899,115475905664.44,88318461256.93,17158381228,13123099741,False
2024-07-26,6.82,16.402748,1.924395,117020159974.96,89499540233.62,17158381228,13123099741,False
2024-07-29,6.84,16.45085,1.930038,117363327599.52,89762002228.44,17158381228,13123099741,False
2024-07-30,6.61,15.897678,1.865139,113416899917.08,86743689288.01,17158381228,13123099741,False
2024-07-31,6.9,16.595156,1.946969,118392830473.2,90549388212.9,17158381228,13123099741,False
2024-08-01,6.84,16.45085,1.930038,117363327599.52,89762002228.44,17158381228,13123099741,False
2024-08-02,6.57,15.801475,1.853853,112730564667.96,86218765298.37,17158381228,13123099741,False
2024-08-05,6.36,15.296405,1.794597,109127304610.08,83462914352.76,17158381228,13123099741,False
2024-08-06,6.38,15.344507,1.800241,109470472234.64,83725376347.58,17158381228,13123099741,False
2024-08-07,6.42,15.44071,1.811527,110156807483.76,84250300337.22,17158381228,13123099741,False
2024-08-08,6.39,15.368558,1.803062,109642056046.92,83856607344.99,17158381228,13123099741,False
2024-08-09,6.47,15.560965,1.825636,111014726545.16,84906455324.27,17158381228,13123099741,False
2024-08-12,6.56,15.777424,1.851031,112558980855.68,86087534300.96,17158381228,13123099741,False
2024-08-13,6.56,15.777424,1.851031,112558980855.68,86087534300.96,17158381228,13123099741,False
2024-08-14,6.43,15.464761,1.814349,110328391296.04,84381531334.63,17158381228,13123099741,False
2024-08-15,6.55,15.753373,1.848209,112387397043.4,85956303303.55,17158381228,13123099741,False
2024-08-16,6.62,15.921729,1.867961,113588483729.36,86874920285.42,17158381228,13123099741,False
2024-08-19,6.81,16.378698,1.921573,116848576162.68,89368309236.21,17158381228,13123099741,False
2024-08-20,6.7,16.114137,1.890535,114961154227.6,87924768264.7,17158381228,13123099741,False
2024-08-21,6.79,16.330596,1.91593,116505408538.12,89105847241.39,17158381228,13123099741,False
2024-08-22,6.76,16.258443,1.907465,115990657101.28,88712154249.16,17158381228,13123099741,False
2024-08-23,6.78,16.306545,1.913108,116333824725.84,88974616243.98,17158381228,13123099741,False
2024-08-26,6.87,16.523003,1.938504,117878079036.36,90155695220.67,17158381228,13123099741,False
2024-08-27,6.89,16.571105,1.944147,118221246660.92,90418157215.49,17158381228,13123099741,False
2024-08-28,6.86,16.498952,1.935682,117706495224.08,90024464223.26,17158381228,13123099741,False
2024-08-29,6.84,11.376039,1.822038,117363327599.52,89762002228.44,17158381228,13123099741,False
2024-08-30,6.83,11.359407,1.819374,117191743787.24,89630771231.03,17158381228,13123099741,False
2024-09-02,6.77,11.259617,1.803391,116162240913.56,88843385246.57,17158381228,13123099741,False
2024-09-03,6.83,11.359407,1.819374,117191743787.24,89630771231.03,17158381228,13123099741,False
2024-09-04,6.61,10.993511,1.760771,113416899917.08,86743689288.01,17158381228,13123099741,False
2024-09-05,6.46,10.744037,1.720814,110843142732.88,84775224326.86,17158381228,13123099741,False
2024-09-06,6.46,10.744037,1.720814,110843142732.88,84775224326.86,17158381228,13123099741,False
2024-09-09,6.34,10.544457,1.688848,108784136985.52,83200452357.94,17158381228,13123099741,False
2024-09-10,6.3,10.47793,1.678193,108097801736.4,82675528368.3,17158381228,13123099741,False
2024-09-11,6.25,10.394772,1.664874,107239882675.0,82019373381.25,17158381228,13123099741,False
2024-09-12,6.31,10.494562,1.680857,108269385548.68,82806759365.71,17158381228,13123099741,False
2024-09-13,6.32,10.511194,1.68352,108440969360.96,82937990363.12,17158381228,13123099741,False
2024-09-18,6.58,10.943616,1.752779,112902148480.24,86349996295.78,17158381228,13123099741,False
2024-09-19,6.98,11.608882,1.859331,119765500971.44,91599236192.18,17158381228,13123099741,False
2024-09-20,7.06,11.741935,1.880642,121138171469.68,92649084171.46,17158381228,13123099741,False
2024-09-23,7.0,11.642145,1.864659,120108668596.0,91861698187.0,17158381228,13123099741,False
2024-09-24,7.25,12.057936,1.931254,124398263903.0,95142473122.25,17158381228,13123099741,False
2024-09-25,7.39,12.290779,1.968547,126800437274.92,96979707085.99,17158381228,13123099741,False
2024-09-26,7.84,13.039202,2.088418,134521708827.52,102885101969.44,17158381228,13123099741,False
2024-09-27,8.13,13.52152,2.165668,139497639383.64,106690800894.33,17158381228,13123099741,False
2024-09-30,8.9,14.802156,2.37078,152709592929.2,116795587694.9,17158381228,13123099741,False
2024-10-08,8.71,14.486155,2.320168,149449500495.88,114302198744.11,17158381228,13123099741,False
2024-10-09,7.99,13.288677,2.128375,137095466011.72,104853566930.59,17158381228,13123099741,False
2024-10-10,8.49,14.120259,2.261565,145674656625.72,111415116801.09,17158381228,13123099741,False
2024-10-11,8.52,14.170154,2.269556,146189408062.56,111808809793.32,17158381228,13123099741,False
2024-10-14,9.09,15.118157,2.421393,155969685362.52,119288976645.69,17158381228,13123099741,False
2024-10-15,8.51,14.153522,2.266892,146017824250.28,111677578795.91,17158381228,13123099741,False
2024-10-16,8.65,14.386365,2.304185,148419997622.2,113514812759.65,17158381228,13123099741,False
2024-10-17,8.51,14.153522,2.266892,146017824250.28,111677578795.91,17158381228,13123099741,False
2024-10-18,8.55,14.220049,2.277547,146704159499.4,112202502785.55,17158381228,13123099741,False
2024-10-21,8.76,14.569313,2.333487,150307419557.28,114958353731.16,17158381228,13123099741,False
2024-10-22,8.84,14.702366,2.354798,151680090055.52,116008201710.44,17158381228,13123099741,False
2024-10-23,8.72,14.502786,2.322832,149621084308.16,114433429741.52,17158381228,13123099741,False
2024-10-24,8.82,14.669103,2.34947,151336922430.96,115745739715.62,17158381228,13123099741,False
2024-10-25,8.49,14.11871,2.261317,145658675737.41,111415116801.09,17156498909,13123099741,False
2024-10-28,8.58,14.268378,2.285288,147202760639.22,112596195777.78,17156498909,13123099741,False
2024-10-29,8.35,13.885892,2.224028,143256765890.15,109577882837.35,17156498909,13123099741,False
2024-10-30,7.69,12.708774,1.984035,131933476610.21,100916637008.29,17156498909,13123099741,False
2024-10-31,7.63,12.609615,1.968555,130904086675.67,100129251023.83,17156498909,13123099741,False
2024-11-01,7.94,13.121933,2.048535,136222601337.46,104197411943.54,17156498909,13123099741,False
2024-11-04,7.92,13.08888,2.043375,135879471359.28,103934949948.72,17156498909,13123099741,False
2024-11-05,8.09,13.369828,2.087236,138796076173.81,106165876904.69,17156498909,13123099741,False
2024-11-06,8.24,13.617724,2.125936,141369551010.16,108134341865.84,17156498909,13123099741,False
2024-11-07,8.48,14.014356,2.187856,145487110748.32,111283885803.68,17156498909,13123099741,False
2024-11-08,8.5,14.047409,2.193016,145830240726.5,111546347798.5,17156498909,13123099741,False
2024-11-11,8.39,13.865619,2.164636,143943025846.51,110102806826.99,17156498909,13123099741,False
2024-11-12,8.06,13.320249,2.079496,138281381206.54,105772183912.46,17156498909,13123099741,False
2024-11-13,8.1,13.386354,2.089816,138967641162.9,106297107902.1,17156498909,13123099741,False
2024-11-14,7.95,13.138459,2.051115,136394166326.55,104328642940.95,17156498909,13123099741,False
2024-11-15,7.98,13.188038,2.058855,136908861293.82,104722335933.18,17156498909,13123099741,False
2024-11-18,7.8,12.890564,2.012415,133820691490.2,102360177979.8,17156498909,13123099741,False
2024-11-19,7.94,13.121933,2.048535,136222601337.46,104197411943.54,17156498909,13123099741,False
2024-11-20,7.91,13.072354,2.040795,135707906370.19,103803718951.31,17156498909,13123099741,False
2024-11-21,7.93,13.105406,2.045955,136051036348.37,104066180946.13,17156498909,13123099741,False
2024-11-22,7.65,12.642668,1.973715,131247216653.85,100391713018.65,17156498909,13123099741,False
2024-11-25,7.57,12.510457,1.953075,129874696741.13,99341865039.37,17156498909,13123099741,False
2024-11-26,7.57,12.510457,1.953075,129874696741.13,99341865039.37,17156498909,13123099741,False
2024-11-27,7.64,12.626142,1.971135,131075651664.76,100260482021.24,17156498909,13123099741,False
2024-11-28,7.52,12.427825,1.940174,129016871795.68,98685710052.32,17156498909,13123099741,False
2024-11-29,7.52,12.427825,1.940174,129016871795.68,98685710052.32,17156498909,13123099741,False
2024-12-02,7.59,12.54351,1.958235,130217826719.31,99604327034.19,17156498909,13123099741,False
2024-12-03,7.59,12.54351,1.958235,130217826719.31,99604327034.19,17156498909,13123099741,False
2024-12-04,7.64,12.626142,1.971135,131075651664.76,100260482021.24,17156498909,13123099741,False
2024-12-05,7.54,12.460878,1.945334,129360001773.86,98948172047.14,17156498909,13123099741,False
2024-12-06,7.64,12.626142,1.971135,131075651664.76,100260482021.24,17156498909,13123099741,False
2024-12-09,7.64,12.626142,1.971135,131075651664.76,100260482021.24,17156498909,13123099741,False
2024-12-10,7.67,12.675721,1.978875,131590346632.03,100654175013.47,17156498909,13123099741,False
2024-12-11,7.88,13.022774,2.033055,135193211402.92,103410025959.08,17156498909,13123099741,False
2024-12-12,7.85,12.973195,2.025315,134678516435.65,103016332966.85,17156498909,13123099741,False
2024-12-13,7.6,12.560036,1.960815,130389391708.4,99735558031.6,17156498909,13123099741,False
2024-12-16,7.45,12.312141,1.922114,127815916872.05,97767093070.45,17156498909,13123099741,False
2024-12-17,7.39,12.212983,1.906634,126786526937.51,96979707085.99,17156498909,13123099741,False
2024-12-18,7.38,12.196456,1.904054,126614961948.42,96848476088.58,17156498909,13123099741,False
2024-12-19,7.39,12.212983,1.906634,126786526937.51,96979707085.99,17156498909,13123099741,False
2024-12-20,7.28,12.031193,1.878254,124899312057.52,95536166114.48,17156498909,13123099741,False
2024-12-23,7.29,12.047719,1.880834,125070877046.61,95667397111.89,17156498909,13123099741,False
2024-12-24,7.43,12.279088,1.916954,127472786893.87,97504631075.63,17156498909,13123099741,False
2024-12-25,7.38,12.196456,1.904054,126614961948.42,96848476088.58,17156498909,13123099741,False
2024-12-26,7.44,12.295614,1.919534,127644351882.96,97635862073.04,17156498909,13123099741,False
2024-12-27,7.28,12.031193,1.878254,124899312057.52,95536166114.48,17156498909,13123099741,False
2024-12-30,7.48,12.36172,1.929854,128330611839.32,98160786062.68,17156498909,13123099741,False
2024-12-31,7.35,12.146877,1.896314,126100266981.15,96454783096.35,17156498909,13123099741,False
2025-01-02,7.2,11.898982,1.857614,123526792144.8,94486318135.2,17156498909,13123099741,False
2025-01-03,7.3,12.064245,1.883414,125242442035.7,95874836021.3,17156498909,13133539181,False
2025-01-06,7.18,11.865929,1.852454,123183662166.62,94298811319.58,17156498909,13133539181,False
2025-01-07,7.2,11.898982,1.857614,123526792144.8,94561482103.2,17156498909,13133539181,False
2025-01-08,7.07,11.684139,1.824074,121296447286.63,92854122009.67,17156498909,13133539181,False
2025-01-09,7.22,11.932034,1.862774,123869922122.98,94824152886.82,17156498909,13133539181,False
2025-01-10,7.28,12.031193,1.878254,124899312057.52,95612165237.68,17156498909,13133539181,False
2025-01-13,7.43,12.279088,1.916954,127472786893.87,97582196114.83,17156498909,13133539181,False
2025-01-14,7.54,12.460878,1.945334,129360001773.86,99026885424.74,17156498909,13133539181,False
2025-01-15,7.4,12.229509,1.909214,126958091926.6,97188189939.4,17156498909,13133539181,False
2025-01-16,7.77,12.840984,2.004675,133305996522.93,102047599436.37,17156498909,13133539181,False
2025-01-17,7.8,12.890564,2.012415,133820691490.2,102441605611.8,17156498909,13133539181,False
2025-01-20,7.76,12.824458,2.002095,133134431533.84,101916264044.56,17156498909,13133539181,False
2025-01-21,7.67,12.675721,1.978875,131590346632.03,100734245518.27,17156498909,13133539181,False
2025-01-22,7.69,12.708774,1.984035,131933476610.21,100996916301.89,17156498909,13133539181,False
2025-01-23,7.62,12.593089,1.965975,130732521686.58,100077568559.22,17156498909,13133539181,False
2025-01-24,7.87,13.005591,2.030373,135014824453.86,103360953354.47,17155632078,13133539181,False
2025-01-27,7.76,12.82381,2.001994,133127704925.28,101916264044.56,17155632078,13133539181,False
2025-02-05,7.84,12.956014,2.022633,134500155491.52,102966947179.04,17155632078,13133539181,False
2025-02-06,7.65,12.642029,1.973615,131240585396.7,100471574734.65,17155632078,13133539181,False
2025-02-07,7.82,12.922963,2.017473,134157042849.96,102704276395.42,17155632078,13133539181,False
2025-02-10,7.88,13.022116,2.032952,135186380774.64,103492288746.28,17155632078,13133539181,False
2025-02-11,7.85,12.97254,2.025213,134671711812.3,103098282570.85,17155632078,13133539181,False
2025-02-12,7.69,12.708131,1.983935,131926810679.82,100996916301.89,17155632078,13133539181,False
2025-02-13,7.56,12.4933,1.950396,129696578509.68,99289556208.36,17155632078,13133539181,False
2025-02-14,7.66,12.658555,1.976195,131412141717.48,100602910126.46,17155632078,13133539181,False
2025-02-17,7.49,12.377621,1.932337,128495684264.22,98370208465.69,17155632078,13133539181,False
2025-02-18,7.45,12.311519,1.922017,127809458981.1,97844866898.45,17155632078,13133539181,False
2025-02-19,7.49,12.377621,1.932337,128495684264.22,98370208465.69,17155632078,13133539181,False
2025-02-20,7.51,12.410672,1.937497,128838796905.78,98632879249.31,17155632078,13133539181,False
2025-02-21,7.7,12.724657,1.986514,132098367000.6,101128251693.7,17155632078,13133539181,False
2025-02-24,7.69,12.708131,1.983935,131926810679.82,100996916301.89,17155632078,13133539181,False
2025-02-25,7.42,12.261942,1.914278,127294790018.76,97450860723.02,17155632078,13133539181,False
2025-02-26,7.41,12.245417,1.911698,127123233697.98,97319525331.21,17155632078,13133539181,False
2025-02-27,7.23,11.947957,1.86526,124035219923.94,94955488278.63,17155632078,13133539181,False
2025-02-28,7.15,11.815753,1.844621,122662769357.7,93904805144.15,17155632078,13133539181,False
2025-03-03,7.31,12.080161,1.885899,125407670490.18,96006171413.11,17155632078,13133539181,False
2025-03-04,7.24,11.964483,1.86784,124206776244.72,95086823670.44,17155632078,13133539181,False
2025-03-05,7.41,12.245417,1.911698,127123233697.98,97319525331.21,17155632078,13133539181,False
2025-03-06,7.65,12.642029,1.973615,131240585396.7,100471574734.65,17155632078,13133539181,False
2025-03-07,7.73,12.774234,1.994254,132613035962.94,101522257869.13,17155632078,13133539181,False
2025-03-10,7.79,12.873387,2.009733,133642373887.62,102310270219.99,17155632078,13133539181,False
2025-03-11,7.72,12.757708,1.991674,132441479642.16,101390922477.32,17155632078,13133539181,False
2025-03-12,7.74,12.790759,1.996834,132784592283.72,101653593260.94,17155632078,13133539181,False
2025-03-13,7.8,12.889912,2.012313,133813930208.4,102441605611.8,17155632078,13133539181,False
2025-03-14,7.8,12.889912,2.012313,133813930208.4,102441605611.8,17155632078,13133539181,False
2025-03-17,7.69,12.708131,1.983935,131926810679.82,100996916301.89,17155632078,13133539181,False
2025-03-18,7.75,12.807285,1.999414,132956148604.5,101784928652.75,17155632078,13133539181,False
2025-03-19,7.69,12.708131,1.983935,131926810679.82,100996916301.89,17155632078,13133539181,False
2025-03-20,7.74,12.790759,1.996834,132784592283.72,101653593260.94,17155632078,13133539181,False
2025-03-21,7.58,12.526351,1.955556,130039691151.24,99552226991.98,17155632078,13133539181,False
2025-03-24,7.83,12.939489,2.020053,134328599170.74,102835611787.23,17155632078,13133539181,False
2025-03-25,7.87,13.005591,2.030373,135014824453.86,103360953354.47,17155632078,13133539181,False
2025-03-26,7.68,12.691606,1.981355,131755254359.04,100865580910.08,17155632078,13133539181,False
2025-03-27,7.65,10.583782,1.924594,131240585396.7,100471574734.65,17155632078,13133539181,False
2025-03-28,7.58,10.486937,1.906983,130039691151.24,99552226991.98,17155632078,13133539181,False
2025-03-31,7.46,10.320916,1.876793,127981015301.88,97976202290.26,17155632078,13133539181,False
2025-04-01,7.61,10.528442,1.91453,130554360113.58,99946233167.41,17155632078,13133539181,False
2025-04-02,7.46,10.320916,1.876793,127981015301.88,97976202290.26,17155632078,13133539181,False
2025-04-03,7.17,9.919701,1.803835,123005881999.26,94167475927.77,17155632078,13133539181,False
2025-04-07,6.45,8.923581,1.622697,110653826903.1,84711327717.45,17155632078,13133539181,False
2025-04-08,6.28,8.688385,1.579928,107737369449.84,82478626056.68,17155632078,13133539181,False
2025-04-09,6.37,8.812901,1.60257,109281376336.86,83660644582.97,17155632078,13133539181,False
2025-04-10,6.63,9.172611,1.667981,113741840677.14,87075364770.03,17155632078,13133539181,False
2025-04-11,6.56,9.075766,1.650371,112540946431.68,86156017027.36,17155632078,13133539181,False
2025-04-14,6.58,9.103436,1.655402,112884059073.24,86418687810.98,17155632078,13133539181,False
2025-04-15,6.45,8.923581,1.622697,110653826903.1,84711327717.45,17155632078,13133539181,False
2025-04-16,6.41,8.868241,1.612633,109967601619.98,84185986150.21,17155632078,13133539181,False
2025-04-17,6.4,8.854406,1.610118,109796045299.2,84054650758.4,17155632078,13133539181,False
2025-04-18,6.4,8.854406,1.610118,109796045299.2,84054650758.4,17155632078,13133539181,False
2025-04-21,6.54,9.048096,1.645339,112197833790.12,85893346243.74,17155632078,13133539181,False
2025-04-22,6.48,8.965086,1.630244,111168495865.44,85105333892.88,17155632078,13133539181,False
2025-04-23,6.52,9.020426,1.640307,111854721148.56,85630675460.12,17155632078,13133539181,False
2025-04-24,6.48,8.965086,1.630244,111168495865.44,85105333892.88,17155632078,13133539181,False
2025-04-25,6.61,8.271378,1.570016,113398728035.58,86812693986.41,17155632078,13133539181,False
2025-04-28,6.48,8.108704,1.539139,111168495865.44,85105333892.88,17155632078,13133539181,False
2025-04-29,6.42,8.033623,1.524887,110139157940.76,84317321542.02,17155632078,13133539181,False
2025-04-30,6.4,8.008596,1.520137,109796045299.2,84054650758.4,17155632078,13133539181,False
2025-05-06,6.49,8.121217,1.541514,111340052186.22,85236669284.69,17155632078,13133539181,False
2025-05-07,6.5,8.133731,1.543889,111511608507.0,85368004676.5,17155632078,13133539181,False
2025-05-08,6.5,8.133731,1.543889,111511608507.0,85368004676.5,17155632078,13133539181,False
2025-05-09,6.42,8.033623,1.524887,110139157940.76,84317321542.02,17155632078,13133539181,False
2025-05-12,6.59,8.246351,1.565266,113055615394.02,86550023202.79,17155632078,13133539181,False
2025-05-13,6.59,8.246351,1.565266,113055615394.02,86550023202.79,17155632078,13133539181,False
2025-05-14,6.77,8.471593,1.60802,116143629168.06,88914060255.37,17155632078,13133539181,False
2025-05-15,6.69,8.371486,1.589018,114771178601.82,87863377120.89,17155632078,13133539181,False
2025-05-16,6.61,8.271378,1.570016,113398728035.58,86812693986.41,17155632078,13133539181,False
2025-05-19,6.62,8.283892,1.572392,113570284356.36,86944029378.22,17155632078,13133539181,False
2025-05-20,6.63,8.296405,1.574767,113741840677.14,87075364770.03,17155632078,13133539181,False
2025-05-21,6.79,8.49662,1.61277,116486741809.62,89176731038.99,17155632078,13133539181,False
2025-05-22,6.67,8.346459,1.584268,114428065960.26,87600706337.27,17155632078,13133539181,False
2025-05-23,6.62,8.283892,1.572392,113570284356.36,86944029378.22,17155632078,13133539181,False
2025-05-26,6.61,8.271378,1.570016,113398728035.58,86812693986.41,17155632078,13133539181,False
2025-05-27,6.49,8.121217,1.541514,111340052186.22,85236669284.69,17155632078,13133539181,False
2025-05-28,6.52,8.158757,1.548639,111854721148.56,85630675460.12,17155632078,13133539181,False
2025-05-29,6.6,8.258865,1.567641,113227171714.8,86681358594.6,17155632078,13133539181,False
2025-05-30,6.54,8.183784,1.55339,112197833790.12,85893346243.74,17155632078,13133539181,False
2025-06-03,6.68,8.358972,1.586643,114599622281.04,87732041729.08,17155632078,13133539181,False
2025-06-04,6.68,8.358972,1.586643,114599622281.04,87732041729.08,17155632078,13133539181,False
2025-06-05,6.68,8.358972,1.586643,114599622281.04,87732041729.08,17155632078,13133539181,False
2025-06-06,6.73,8.42154,1.598519,115457403884.94,88388718688.13,17155632078,13133539181,False
2025-06-09,6.82,8.53416,1.619896,117001410771.96,89570737214.42,17155632078,13133539181,False
2025-06-10,6.84,8.559187,1.624646,117344523413.52,89833407998.04,17155632078,13133539181,False
2025-06-11,6.94,8.684322,1.648398,119060086621.32,91146761916.14,17155632078,13133539181,False
2025-06-12,6.92,8.659295,1.643648,118716973979.76,90884091132.52,17155632078,13133539181,False
2025-06-13,6.8,8.509134,1.615145,116658298130.4,89526232449.2,17155632078,13165622419,False
2025-06-16,6.9,8.634268,1.638898,118373861338.2,90842794691.1,17155632078,13165622419,False
2025-06-17,6.93,8.671808,1.646023,118888530300.54,91237763363.67,17155632078,13165622419,False
2025-06-18,6.92,8.659295,1.643648,118716973979.76,91106107139.48,17155632078,13165622419,False
2025-06-19,6.79,8.49662,1.61277,116486741809.62,89394576225.01,17155632078,13165622419,False
2025-06-20,6.9,8.634268,1.638898,118373861338.2,90842794691.1,17155632078,13165622419,False
2025-06-23,6.91,8.646781,1.641273,118545417658.98,90974450915.29,17155632078,13165622419,False
2025-06-24,6.94,8.684322,1.648398,119060086621.32,91369419587.86,17155632078,13165622419,False
2025-06-25,6.92,8.659295,1.643648,118716973979.76,91106107139.48,17155632078,13165622419,False
2025-06-26,6.97,8.721862,1.655524,119574755583.66,91764388260.43,17155632078,13165622419,False
2025-06-27,7.12,8.909563,1.691152,122148100395.36,93739231623.28,17155632078,13165622419,False
2025-06-30,7.04,8.809456,1.672151,120775649829.12,92685981829.76,17155632078,13165622419,False
2025-07-01,7.08,8.85951,1.681651,121461875112.24,93212606726.52,17155632078,13165622419,False
2025-07-02,7.19,8.997157,1.707779,123348994640.82,94660825192.61,17155632078,13165622419,False
2025-07-03,7.18,8.984644,1.705404,123177438320.04,94529168968.42,17155632078,13165622419,False
2025-07-04,7.16,8.959617,1.700653,122834325678.48,94265856520.04,17155632078,13165622419,False
2025-07-07,7.04,8.809456,1.672151,120775649829.12,92685981829.76,17155632078,13165622419,False
2025-07-08,7.06,8.834483,1.676901,121118762470.68,92949294278.14,17155632078,13165622419,False
2025-07-09,6.98,8.734375,1.657899,119746311904.44,91896044484.62,17155632078,13165622419,False
2025-07-10,7.13,8.922077,1.693527,122319656716.14,93870887847.47,17155632078,13165622419,False
2025-07-11,7.27,9.097265,1.72678,124721445207.06,95714074986.13,17155632078,13165622419,False
2025-07-14,7.18,8.984644,1.705404,123177438320.04,94529168968.42,17155632078,13165622419,False
2025-07-15,7.15,8.947104,1.698278,122662769357.7,94134200295.85,17155632078,13165622419,False
2025-07-16,7.11,8.89705,1.688777,121976544074.58,93607575399.09,17155632078,13165622419,False
2025-07-17,7.14,8.93459,1.695903,122491213036.92,94002544071.66,17155632078,13165622419,False
2025-07-18,7.24,9.059725,1.719655,124206776244.72,95319106313.56,17155632078,13165622419,False
2025-07-21,7.63,9.547748,1.812288,130897472755.14,100453699056.97,17155632078,13165622419,False
2025-07-22,7.77,9.722936,1.845541,133299261246.06,102296886195.63,17155632078,13165622419,False
2025-07-23,7.64,9.560262,1.814663,131069029075.92,100585355281.16,17155632078,13165622419,False
2025-07-24,7.81,9.77299,1.855042,133985486529.18,102823511092.39,17155632078,13165622419,False
2025-07-25,7.72,9.660369,1.833665,132441479642.16,101638605074.68,17155632078,13165622419,False
2025-07-28,7.63,9.547748,1.812288,130897472755.14,100453699056.97,17155632078,13165622419,False
2025-07-29,7.71,9.647856,1.83129,132269923321.38,101506948850.49,17155632078,13165622419,False
2025-07-30,7.73,9.672883,1.83604,132613035962.94,101770261298.87,17155632078,13165622419,False
2025-07-31,7.43,9.29748,1.764784,127466346339.54,97820574573.17,17155632078,13165622419,False
2025-08-01,7.39,9.247426,1.755283,126780121056.42,97293949676.41,17155632078,13165622419,False
2025-08-04,7.44,9.309993,1.767159,127637902660.32,97952230797.36,17155632078,13165622419,False
2025-08-05,7.48,9.360047,1.77666,128324127943.44,98478855694.12,17155632078,13165622419,False
2025-08-06,7.53,9.422614,1.788536,129181909547.34,99137136815.07,17155632078,13165622419,False
2025-08-07,7.54,9.435128,1.790911,129353465868.12,99268793039.26,17155632078,13165622419,False
2025-08-08,7.54,9.435128,1.790911,129353465868.12,99268793039.26,17155632078,13165622419,False
2025-08-11,7.51,9.397587,1.783786,128838796905.78,98873824366.69,17155632078,13165622419,False
2025-08-12,7.59,9.497695,1.802787,130211247472.02,99927074160.21,17155632078,13165622419,False
2025-08-13,7.73,9.672883,1.83604,132613035962.94,101770261298.87,17155632078,13165622419,False
2025-08-14,7.65,9.572775,1.817039,131240585396.7,100717011505.35,17155632078,13165622419,False
2025-08-15,7.96,9.960692,1.89067,136558831340.88,104798354455.24,17155632078,13165622419,False
2025-08-18,7.72,9.660369,1.833665,132441479642.16,101638605074.68,17155632078,13165622419,False
2025-08-19,7.63,9.547748,1.812288,130897472755.14,100453699056.97,17155632078,13165622419,False
2025-08-20,7.67,9.597802,1.821789,131583698038.26,100980323953.73,17155632078,13165622419,False
2025-08-21,7.66,9.585289,1.819414,131412141717.48,100848667729.54,17155632078,13165622419,False
2025-08-22,7.72,9.660369,1.833665,132441479642.16,101638605074.68,17155632078,13165622419,False
2025-08-25,8.08,10.110853,1.919173,138617507190.24,106378229145.52,17155632078,13165622419,False
2025-08-26,8.18,10.235987,1.942925,140333070398.04,107694791387.42,17155632078,13165622419,False
2025-08-27,7.97,9.973205,1.893045,136730387661.66,104930010679.43,17155632078,13165622419,False
2025-08-28,7.89,10.866082,1.88932,135357937095.42,103876760885.91,17155632078,13165622419,False
2025-08-29,7.83,10.78345,1.874952,134328599170.74,103086823540.77,17155632078,13165622419,False
2025-09-01,7.85,10.810994,1.879742,134671711812.3,103350135989.15,17155632078,13165622419,False
2025-09-02,7.83,10.78345,1.874952,134328599170.74,103086823540.77,17155632078,13165622419,False
2025-09-03,7.8,10.742134,1.867769,133813930208.4,102691854868.2,17155632078,13165622419,False
2025-09-04,7.43,10.232572,1.779169,127466346339.54,97820574573.17,17155632078,13165622419,False
2025-09-05,7.7,10.604415,1.843823,132098367000.6,101375292626.3,17155632078,13165622419,False
2025-09-08,7.62,10.494239,1.824666,130725916434.36,100322042832.78,17155632078,13165622419,False
2025-09-09,7.66,10.549327,1.834245,131412141717.48,100848667729.54,17155632078,13165622419,False
2025-09-10,7.6,10.466695,1.819877,130382803792.8,100058730384.4,17155632078,13165622419,False
2025-09-11,7.83,10.78345,1.874952,134328599170.74,103086823540.77,17155632078,13165622419,False
2025-09-12,8.04,11.072662,1.925238,137931281907.12,105851604248.76,17155632078,13165622419,False
2025-09-15,8.07,11.113978,1.932422,138445950869.46,106246572921.33,17155632078,13165622419,False
2025-09-16,7.88,10.85231,1.886925,135186380774.64,103745104661.72,17155632078,13165622419,False
2025-09-17,7.95,10.948714,1.903687,136387275020.1,104666698231.05,17155632078,13165622419,False
2025-09-18,7.64,10.521783,1.829455,131069029075.92,100585355281.16,17155632078,13165622419,False
2025-09-19,7.74,10.659503,1.853401,132784592283.72,101901917523.06,17155632078,13165622419,False
2025-09-22,7.69,10.590643,1.841428,131926810679.82,101243636402.11,17155632078,13165622419,False
2025-09-23,7.58,10.439151,1.815088,130039691151.24,99795417936.02,17155632078,13165622419,False
2025-09-24,7.6,10.466695,1.819877,130382803792.8,100058730384.4,17155632078,13165622419,False
2025-09-25,7.61,10.480467,1.822272,130554360113.58,100190386608.59,17155632078,13165622419,False
2025-09-26,7.62,10.494239,1.824666,130725916434.36,100322042832.78,17155632078,13165622419,False
2025-09-29,8.15,11.224153,1.951579,139818401435.7,107299822714.85,17155632078,13165622419,False
2025-09-30,8.24,11.348101,1.97313,141362408322.72,108484728732.56,17155632078,13165622419,False
2025-10-09,8.68,11.954068,2.078491,148910886437.04,114277602596.92,17155632078,13165622419,False
2025-10-10,8.62,11.871436,2.064124,147881548512.36,113487665251.78,17155632078,13165622419,False
2025-10-13,8.57,11.802576,2.052151,147023766908.46,112829384130.83,17155632078,13165622419,False
2025-10-14,8.64,11.89898,2.068913,148224661153.92,113750977700.16,17155632078,13165622419,False
2025-10-15,8.87,12.215735,2.123988,152170456531.86,116779070856.53,17155632078,13165622419,False
2025-10-16,8.72,12.009155,2.08807,149597111720.16,114804227493.68,17155632078,13165622419,False
2025-10-17,8.47,11.664856,2.028205,145308203700.66,111512821888.93,17155632078,13165622419,False
2025-10-20,8.37,11.527137,2.004259,143592640492.86,110196259647.03,17155632078,13165622419,False
2025-10-21,8.62,11.871436,2.064124,147881548512.36,113487665251.78,17155632078,13165622419,False
2025-10-22,8.75,12.050471,2.095253,150111780682.5,115199196166.25,17155632078,13165622419,False
2025-10-23,9.04,12.449858,2.164696,155086913985.12,119017226667.76,17155632078,13165622419,False
2025-10-24,9.23,12.711526,2.210193,158346484079.94,121518694927.37,17155632078,13165622419,False
2025-10-27,9.4,12.945649,2.250901,161262941533.2,123756850738.6,17155632078,13165622419,False
2025-10-28,9.26,11.139715,2.164129,158861153042.28,121913663599.94,17155632078,13165622419,False
2025-10-29,9.91,11.921661,2.316038,170012313892.98,130471318172.29,17155632078,13165622419,False
2025-10-30,10.31,12.402858,2.409521,176874566724.18,135737567139.89,17155632078,13165622419,False
2025-10-31,9.99,12.0179,2.334735,171384764459.22,131524567965.81,17155632078,13165622419,False
2025-11-03,10.17,12.234439,2.376802,174472778233.26,133894380001.23,17155632078,13165622419,False
2025-11-04,9.85,11.849481,2.302016,168982975968.3,129681380827.15,17155632078,13165622419,False
2025-11-05,9.87,11.873541,2.30669,169326088609.86,129944693275.53,17155632078,13165622419,False
2025-11-06,10.86,13.064504,2.53806,186310164367.08,142978659470.34,17155632078,13165622419,False
2025-11-07,10.75,12.932175,2.512352,184423044838.5,141530441004.25,17155632078,13165622419,False
2025-11-10,11.1,13.353223,2.59415,190427516065.8,146138408850.9,17155632078,13165622419,False
2025-11-11,10.98,13.208863,2.566105,188368840216.44,144558534160.62,17155632078,13165622419,False
2025-11-12,11.71,14.087048,2.736711,200892451633.38,154169438526.49,17155632078,13165622419,False
2025-11-13,12.17,14.640425,2.844216,208784042389.26,160225624839.23,17155632078,13165622419,False
2025-11-14,11.66,14.026899,2.725026,200034670029.48,153511157405.54,17155632078,13165622419,False
2025-11-17,11.16,13.425402,2.608172,191456853990.48,146928346196.04,17155632078,13165622419,False
2025-11-18,10.75,12.932175,2.512352,184423044838.5,141530441004.25,17155632078,13165622419,False
2025-11-19,10.98,13.208863,2.566105,188368840216.44,144558534160.62,17155632078,13165622419,False
2025-11-20,11.04,13.281043,2.580127,189398178141.12,145348471505.76,17155632078,13165622419,False
2025-11-21,10.52,12.655487,2.4586,180477249460.56,138502347847.88,17155632078,13165622419,False
2025-11-24,10.49,12.619397,2.451588,179962580498.22,138107379175.31,17155632078,13165622419,False
2025-11-25,10.55,12.691576,2.465611,180991918422.9,138897316520.45,17155632078,13165622419,False
2025-11-26,10.39,12.499098,2.428218,178247017290.42,136790816933.41,17155632078,13165622419,False
2025-11-27,10.44,12.559247,2.439903,179104798894.32,137449098054.36,17155632078,13165622419,False
2025-11-28,10.51,12.643457,2.456263,180305693139.78,138370691623.69,17155632078,13165622419,False
2025-12-01,10.69,12.859995,2.49833,183393706913.82,140740503659.11,17155632078,13165622419,False
2025-12-02,10.58,12.727666,2.472622,181506587385.24,139292285193.02,17155632078,13165622419,False
2025-12-03,11.03,13.269013,2.57779,189226621820.34,145216815281.57,17155632078,13165622419,False
2025-12-04,10.89,13.100594,2.545071,186824833329.42,143373628142.91,17155632078,13165622419,False
2025-12-05,11.4,13.71412,2.664262,195574205689.2,150088095576.6,17155632078,13165622419,False
2025-12-08,11.27,13.557731,2.63388,193343973519.06,148376564662.13,17155632078,13165622419,False
2025-12-09,10.59,12.739696,2.474959,181678143706.02,139423941417.21,17155632078,13165622419,False
2025-12-10,10.72,12.896085,2.505341,183908375876.16,141135472331.68,17155632078,13165622419,False
2025-12-11,10.47,12.595337,2.446914,179619467856.66,137844066726.93,17155632078,13165622419,False
2025-12-12,10.75,12.932175,2.512352,184423044838.5,141530441004.25,17155632078,13165622419,False
2025-12-15,10.54,12.679546,2.463274,180820362102.12,138765660296.26,17155632078,13165622419,False
2025-12-16,10.28,12.366768,2.40251,176359897761.84,135342598467.32,17155632078,13165622419,False
2025-12-17,10.59,12.739696,2.474959,181678143706.02,139423941417.21,17155632078,13165622419,False
2025-12-18,10.53,12.667517,2.460937,180648805781.34,138634004072.07,17155632078,13165622419,False
2025-12-19,10.85,13.052474,2.535723,186138608046.3,142847003246.15,17155632078,13165622419,False
2025-12-22,10.97,13.196833,2.563768,188197283895.66,144426877936.43,17155632078,13165622419,False
2025-12-23,10.97,13.196833,2.563768,188197283895.66,144511815925.87,17155632078,13173365171,False
2025-12-24,11.07,13.317133,2.587139,189912847103.46,145829152442.97,17155632078,13173365171,False
2025-12-25,10.96,13.184804,2.561431,188025727574.88,144380082274.16,17155632078,13173365171,False
2025-12-26,11.84,14.243437,2.767093,203122683803.52,155972643624.64,17155632078,13173365171,False
2025-12-29,11.45,13.77427,2.675947,196431987293.1,150835031207.95,17155632078,13173365171,False
2025-12-30,11.99,14.423886,2.802149,205696028615.22,157948648400.29,17155632078,13173365171,False
2025-12-31,12.22,14.700575,2.855902,209641823993.16,160978522389.62,17155632078,13173365171,False
2026-01-05,13.02,15.662969,3.042868,223366329655.56,171517214526.42,17155632078,13173365171,False
2026-01-06,13.97,16.805813,3.264889,239664180129.66,184031911438.87,17155632078,13173365171,False
2026-01-07,14.05,16.902052,3.283586,241036630695.9,185085780652.55,17155632078,13173365171,False
2026-01-08,13.65,16.420855,3.190103,234174377864.7,179816434584.15,17155632078,13173365171,False
2026-01-09,14.05,16.902052,3.283586,241036630695.9,185085780652.55,17155632078,13173365171,False
2026-01-12,13.85,16.661453,3.236845,237605504280.3,182451107618.35,17155632078,13173365171,False
2026-01-13,13.97,16.805813,3.264889,239664180129.66,184031911438.87,17155632078,13173365171,False
2026-01-14,13.63,16.396795,3.185429,233831265223.14,179552967280.73,17155632078,13173365171,False
2026-01-15,13.74,16.529124,3.211137,235718384751.72,181002037449.54,17155632078,13173365171,False
2026-01-16,13.26,15.951687,3.098957,227483681354.28,174678822167.46,17155632078,13173365171,False
2026-01-19,13.33,16.035897,3.115317,228684575599.74,175600957729.43,17155632078,13173365171,False
2026-01-20,13.29,15.987777,3.105968,227998350316.62,175074023122.59,17155632078,13173365171,False
2026-01-21,13.4,16.120107,3.131676,229885469845.2,176523093291.4,17155632078,13173365171,False
2026-01-22,13.28,15.975747,3.103631,227826793995.84,174942289470.88,17155632078,13173365171,False
2026-01-23,13.23,15.915598,3.091946,226969012391.94,174283621212.33,17155632078,13173365171,False
2026-01-26,13.4,16.120107,3.131676,229885469845.2,176523093291.4,17155632078,13173365171,False
2026-01-27,13.27,15.963717,3.101294,227655237675.06,174810555819.17,17155632078,13173365171,False
2026-01-28,14.6,17.563698,3.412125,250472228338.8,192331131496.6,17155632078,13173365171,False
2026-01-29,15.7,18.88699,3.669203,269343423624.6,206821833184.7,17155632078,13173365171,False
2026-01-30,14.13,16.998291,3.302283,242409081262.14,186139649866.23,17155632078,13173365171,False
2026-02-02,12.72,15.302071,2.972755,218219640032.16,167565204975.12,17155632078,13173365171,False
2026-02-03,13.14,15.80672,3.070794,225416323236.78,173098018346.94,17154971327,13173365171,False
2026-02-04,13.44,16.167604,3.140904,230562814634.88,177050027898.24,17154971327,13173365171,False
2026-02-05,12.64,15.205246,2.953945,216838837573.28,166511335761.44,17154971327,13173365171,False
2026-02-06,12.89,15.505983,3.01237,221127580405.03,169804677054.19,17154971327,13173365171,False
2026-02-09,13.05,15.698454,3.049761,223872375817.35,171912415481.55,17154971327,13173365171,False
2026-02-10,13.15,15.818749,3.073131,225587872950.05,173229751998.65,17154971327,13173365171,False
2026-02-11,13.32,16.02325,3.11286,228504218075.64,175469224077.72,17154971327,13173365171,False
2026-02-12,13.21,15.890926,3.087153,226617171229.67,174020153908.91,17154971327,13173365171,False
2026-02-13,12.69,15.265393,2.96563,217696586139.63,167170004019.99,17154971327,13173365171,False
2026-02-24,12.96,15.590189,3.028728,222328428397.92,170726812616.16,17154971327,13173365171,False
2026-02-25,13.53,16.275869,3.161936,232106762054.31,178235630763.63,17154971327,13173365171,False
2026-02-26,13.46,16.191662,3.145578,230905914061.42,177313495201.66,17154971327,13173365171,False
2026-02-27,13.72,16.504429,3.206339,235366206606.44,180738570146.12,17154971327,13173365171,False
2026-03-02,14.27,17.166049,3.334873,244801440836.29,187983920990.17,17154971327,13173365171,False
2026-03-03,13.97,16.805165,3.264764,239654949438.19,184031911438.87,17154971327,13173365171,False
2026-03-04,14.45,17.38258,3.376939,247889335675.15,190355126720.95,17154971327,13173365171,False
2026-03-05,14.79,17.791582,3.456396,253722025926.33,194834070879.09,17154971327,13173365171,False
2026-03-06,13.97,16.805165,3.264764,239654949438.19,184031911438.87,17154971327,13173365171,False
2026-03-09,14.02,16.865313,3.276449,240512698004.54,184690579697.42,17154971327,13173365171,False
2026-03-10,13.7,16.48037,3.201665,235023107179.9,180475102842.7,17154971327,13173365171,False
2026-03-11,13.96,16.793136,3.262427,239483399724.92,183900177787.16,17154971327,13173365171,False
2026-03-12,14.76,17.755493,3.449385,253207376786.52,194438869923.96,17154971327,13173365171,False
2026-03-13,14.08,16.937489,3.29047,241541996284.16,185480981607.68,17154971327,13173365171,False
2026-03-16,13.54,16.287898,3.164273,232278311767.58,178367364415.34,17154971327,13173365171,False
2026-03-17,13.02,15.662366,3.04275,223357726677.54,171517214526.42,17154971327,13173365171,False
2026-03-18,12.64,15.205246,2.953945,216838837573.28,166511335761.44,17154971327,13173365171,False
2026-03-19,11.83,14.230859,2.76465,202943310798.41,155840909972.93,17154971327,13173365171,False
2026-03-20,11.53,13.869975,2.69454,197796819400.31,151888900421.63,17154971327,13173365171,False
2026-03-23,11.05,13.292561,2.582365,189562433163.35,145565685139.55,17154971327,13173365171,False
2026-03-24,11.3,13.593298,2.640789,193851175995.1,148859026432.3,17154971327,13173365171,False
2026-03-25,11.51,13.845916,2.689866,197453719973.77,151625433118.21,17154971327,13173365171,False
2026-03-26,11.31,13.605327,2.643126,194022725708.37,148990760084.01,17154971327,13173365171,False
2026-03-27,11.44,13.76171,2.673507,196252871980.88,150703297556.24,17154971327,13173365171,False
2026-03-30,11.97,16.202173,2.740681,205345006784.19,157685181096.87,17154971327,13173365171,False
2026-03-31,11.4,15.430641,2.610172,195566673127.8,150176362949.4,17154971327,13173365171,False
2026-04-01,11.56,15.647211,2.646806,198311468540.12,152284101376.76,17154971327,13173365171,False
2026-04-02,11.68,15.809639,2.674282,200370065099.36,153864905197.28,17154971327,13173365171,False
2026-04-03,11.21,15.173463,2.566669,192307228575.67,147673423566.91,17154971327,13173365171,False
2026-04-07,11.39,15.417105,2.607882,195395123414.53,150044629297.69,17154971327,13173365171,False
2026-04-08,12.23,16.554099,2.800211,209805299329.21,161110256041.33,17154971327,13173365171,False
2026-04-09,12.77,17.285025,2.923851,219068983845.79,168223873233.67,17154971327,13173365171,False
2026-04-10,12.35,16.716527,2.827686,211863895888.45,162691059861.85,17154971327,13173365171,False
2026-04-13,12.16,16.45935,2.784183,208604451336.32,160188120479.36,17154971327,13173365171,False
2026-04-14,12.46,16.865419,2.852872,213750942734.42,164140130030.66,17154971327,13173365171,False
2026-04-15,12.3,16.648849,2.816238,211006147322.1,162032391603.3,17154971327,13173365171,False
2026-04-16,12.8,17.325632,2.930719,219583632985.6,168619074188.8,17154971327,13173365171,False
2026-04-17,12.69,17.176739,2.905534,217696586139.63,167170004019.99,17154971327,13173365171,False
2026-04-20,12.31,16.662385,2.818528,211177697035.37,162164125255.01,17154971327,13173365171,False
2026-04-21,12.15,16.445814,2.781894,208432901623.05,160056386827.65,17154971327,13173365171,False
2026-04-22,12.08,16.351065,2.765866,207232053630.16,159134251265.68,17154971327,13173365171,False
2026-04-23,11.9,16.107423,2.724653,204144158791.3,156763045534.9,17154971327,13173365171,False
2026-04-24,12.07,14.118491,2.567549,207060503916.89,159002517613.97,17154971327,13173365171,False
2026-04-27,11.98,14.0155,2.5484,205516556497.0,157816914749.0,17154971327,13173365171,False
2026-04-28,11.66,13.6412,2.4803,200026965673.0,153601437894.0,17154971327,13173365171,False
2026-04-29,11.91,13.9336,2.5335,204315708505.0,156894779187.0,17154971327,13173365171,False
2026-04-30,11.65,13.6295,2.4782,199855415960.0,153469704242.0,17154971327,13173365171,False
2026-05-06,12.14,14.2027,2.5824,208261351910.0,159924653176.0,17154971327,13173365171,False
2026-05-07,11.94,13.9687,2.5399,204830357644.0,157289980142.0,17154971327,13173365171,False
2026-05-08,11.9,13.9219,2.5314,204144158791.0,156763045535.0,17154971327,13173365171,False
2026-05-11,11.78,13.7816,2.5059,202085562232.0,155182241714.0,17154971327,13173365171,False
2026-05-12,11.68,13.6646,2.4846,200370065099.0,153864905197.0,17154971327,13173365171,False
2026-05-13,11.87,13.8868,2.525,203629509651.0,156367844580.0,17154971327,13173365171,False
2026-05-14,11.61,13.5827,2.4697,199169217106.0,152942769635.0,17154971327,13173365171,False
2026-05-15,10.93,12.7871,2.325,187503836604.0,143984881319.0,17154971327,13173365171,False
2026-05-18,10.52,12.3075,2.2378,180470298360.0,138583801599.0,17154971327,13173365171,False
2026-05-19,10.7,12.518,2.2761,183558193199.0,140955007330.0,17154971327,13173365171,False
2026-05-20,11.0,12.869,2.3399,188704684597.0,144907016881.0,17154971327,13173365171,False
2026-05-21,10.84,12.6818,2.3059,185959889185.0,142799278454.0,17154971327,13173365171,False
2026-05-22,11.15,13.0445,2.3718,191277930296.0,146883021657.0,17154971327,13173365171,False
2026-05-25,10.99,12.8573,2.3378,188533134884.0,144775283229.0,17154971327,13173365171,False
2026-05-26,12.09,14.1442,2.5718,207403603343.0,159265984917.0,17154971327,13173365171,False
2026-05-27,11.84,13.8517,2.5186,203114860512.0,155972643625.0,17154971327,13173365171,False
2026-05-28,11.3,13.22,2.4038,193851175995.0,148859026432.0,17154971327,13173365171,False
2026-05-29,11.42,13.3604,2.4293,195909772554.0,150439830253.0,17154971327,13173365171,False
2026-06-01,11.29,13.2083,2.4016,193679626282.0,148727292781.0,17154971327,13173365171,False
2026-06-02,11.81,13.8167,2.5122,202600211372.0,155577442670.0,17154971327,13173365171,False
2026-06-03,12.01,14.0506,2.5548,206031205637.0,158212115704.0,17154971327,13173365171,False
2026-06-04,10.9,12.752,2.3187,186989187464.0,143589680364.0,17154971327,13173365171,False
2026-06-05,10.68,12.4947,2.2719,183215093772.0,140691540026.0,17154971327,13173365171,False
2026-06-08,10.02,11.7225,2.1315,171892812697.0,131997119013.0,17154971327,13173365171,False
2026-06-09,10.15,11.8746,2.1591,174122958969.0,133709656486.0,17154971327,13173365171,False
2026-06-10,10.1,11.8161,2.1485,173265210403.0,133050988227.0,17154971327,13173365171,False
2026-06-11,10.33,12.0852,2.1974,177210853808.0,136080862216.0,17154971327,13173365171,False
2026-06-12,10.8,12.635,2.2974,185273690332.0,142272343847.0,17154971327,13173365171,False
2026-06-15,10.67,12.4809,2.2697,183043543771.0,140559806684.0,17154971327,13173365171,False
2026-06-16,10.07,11.7791,2.1421,172750560991.0,132655787564.0,17154971327,13173365171,False
2026-06-17,9.97,11.6621,2.1208,171035063861.0,131338451044.0,17154971327,13173365171,False
2026-06-18,9.38,10.972,1.9953,160913630794.0,123566165576.0,17154971327,13173365171,False
2026-06-22,9.86,11.5334,2.0974,169148017018.0,129889380872.0,17154971327,13173365171,False
2026-06-23,9.09,10.6327,1.9336,155938690026.0,120018359691.0,17154971327,13203339905,False
2026-06-24,9.09,10.63,1.93,155939000000.0,120018000000.0,17154971327,13203339905,False
2026-06-25,8.8,10.29,1.87,150964000000.0,116189000000.0,17154971327,13203339905,False
2026-06-26,8.4,9.83,1.79,144102000000.0,110908000000.0,17154971327,13203339905,False
2026-06-29,8.54,9.99,1.82,146503000000.0,112757000000.0,17154971327,13203339905,False
2026-06-30,8.22,9.62,1.75,141014000000.0,108531000000.0,17154971327,13203339905,False
2026-07-01,8.2,9.59,1.74,140671000000.0,108267000000.0,17154971327,13203339905,False
2026-07-02,8.17,9.56,1.74,140156000000.0,107871000000.0,17154971327,13203339905,False
2026-07-03,8.33,9.74,1.77,142901000000.0,109984000000.0,17154971327,13203339905,False
2026-07-06,8.48,9.92,1.8,145474000000.0,111964000000.0,17154971327,13203339905,False
2026-07-07,8.26,9.66,1.76,141700000000.0,109060000000.0,17154971327,13203339905,False
2026-07-08,8.18,9.57,1.74,140328000000.0,108003000000.0,17154971327,13203339905,False
2026-07-09,8.1,9.47,1.72,138955000000.0,106947000000.0,17154971327,13203339905,False
2026-07-10,8.35,9.77,1.78,143244000000.0,110248000000.0,17154971327,13203339905,False
2026-07-13,8.11,9.49,1.73,139127000000.0,107079000000.0,17154971327,13203339905,False
2026-07-14,8.86,10.36,1.88,151993000000.0,116982000000.0,17154971327,13203339905,False
2026-07-15,8.98,10.5,1.91,154052000000.0,118566000000.0,17154971327,13203339905,False
2026-07-16,8.68,10.15,1.85,148905000000.0,114605000000.0,17154971327,13203339905,False
2026-07-17,8.44,9.87,1.8,144788000000.0,111436000000.0,17154971327,13203339905,False
2026-07-20,9.17,10.73,1.95,157311000000.0,121075000000.0,17154971327,13203339905,False
2026-07-21,9.16,10.71,1.95,157140000000.0,120943000000.0,17154971327,13203339905,False
2026-07-22,9.43,11.03,2.01,161771000000.0,124507000000.0,17154971327,13203339905,False
2026-07-23,9.78,11.44,2.08,167776000000.0,129129000000.0,17154971327,13203339905,False
2026-07-24,9.44,11.04,2.01,161943000000.0,124640000000.0,17154971327,13203339905,False
2026-07-27,9.38,10.97,2.0,160914000000.0,123847000000.0,17154971327,13203339905,False
2026-07-28,9.36,10.95,1.99,160571000000.0,123583000000.0,17154971327,13203339905,False
2026-07-29,9.52,11.14,2.03,163315000000.0,125696000000.0,17154971327,13203339905,False
2026-07-30,9.55,11.17,2.03,163830000000.0,126092000000.0,17154971327,13203339905,False
2026-07-31,9.57,11.19,2.04,164173000000.0,126356000000.0,17154971327,13203339905,False
2026-08-03,9.48,11.09,2.02,162629000000.0,125168000000.0,17154971327,13203339905,False
2026-08-04,9.58,11.21,2.04,164345000000.0,126488000000.0,17154971327,13203339905,False
2026-08-05,9.77,11.43,2.08,167604000000.0,128997000000.0,17154971327,13203339905,False
2026-08-06,9.61,11.24,2.04,164859000000.0,126884000000.0,17154971327,13203339905,False
2026-08-07,9.85,11.52,2.1,168976000000.0,130053000000.0,17154971327,13203339905,False
2026-08-10,10.05,11.76,2.14,172407000000.0,132694000000.0,17154971327,13203339905,False
2026-08-11,9.82,11.49,2.09,168462000000.0,129657000000.0,17154971327,13203339905,False
2026-08-12,9.94,11.63,2.11,170520000000.0,131241000000.0,17154971327,13203339905,False
2026-08-13,9.38,10.97,2.0,160914000000.0,123847000000.0,17154971327,13203339905,False
2026-08-14,9.26,10.83,2.03,158855000000.0,122263000000.0,17154971327,13203339905,False
2026-08-17,9.54,11.16,2.09,163658000000.0,125960000000.0,17154971327,13203339905,False
2026-08-18,9.45,11.05,2.08,162114000000.0,124772000000.0,17154971327,13203339905,False
2026-08-19,9.35,10.94,2.05,160399000000.0,123451000000.0,17154971327,13203339905,False
2026-08-20,9.17,10.73,2.01,157311000000.0,121075000000.0,17154971327,13203339905,False
2026-08-21,9.42,11.02,2.07,161600000000.0,124375000000.0,17154971327,13203339905,False
2026-08-24,9.5,11.11,2.09,162972000000.0,125432000000.0,17154971327,13203339905,False
2026-08-25,9.37,10.96,2.06,160742000000.0,123715000000.0,17154971327,13203339905,False
2026-08-26,9.59,11.22,2.11,164516000000.0,126620000000.0,17154971327,13203339905,False
2026-08-27,9.65,11.29,2.12,165545000000.0,127412000000.0,17154971327,13203339905,False
2026-08-28,9.82,9.64,1.99,168462000000.0,129657000000.0,17154971327,13203339905,False
