date,close,pe_ttm,pb,total_mv,float_mv,total_share,float_share,is_st
2020-01-02,4.02,8.85156,0.68278,9491883227.64,9491883227.64,2361164982,2361164982,False
2020-01-03,4.04,8.895597,0.686176,9539106527.28,9539106527.28,2361164982,2361164982,False
2020-01-06,4.09,9.005691,0.694669,9657164776.38,9657164776.38,2361164982,2361164982,False
2020-01-07,4.16,9.159823,0.706558,9822446325.12,9822446325.12,2361164982,2361164982,False
2020-01-08,4.1,9.02771,0.696367,9680776426.2,9680776426.2,2361164982,2361164982,False
2020-01-09,4.12,9.071748,0.699764,9727999725.84,9727999725.84,2361164982,2361164982,False
2020-01-10,4.11,9.049729,0.698066,9704388076.02,9704388076.02,2361164982,2361164982,False
2020-01-13,4.14,9.115785,0.703161,9775223025.48,9775223025.48,2361164982,2361164982,False
2020-01-14,4.19,9.225879,0.711653,9893281274.58,9893281274.58,2361164982,2361164982,False
2020-01-15,4.18,9.20386,0.709955,9869669624.76,9869669624.76,2361164982,2361164982,False
2020-01-16,4.21,9.269917,0.71505,9940504574.22,9940504574.22,2361164982,2361164982,False
2020-01-17,4.17,9.181842,0.708256,9846057974.94,9846057974.94,2361164982,2361164982,False
2020-01-20,4.15,9.137804,0.70486,9798834675.3,9798834675.3,2361164982,2361164982,False
2020-01-21,4.08,8.983672,0.69297,9633553126.56,9633553126.56,2361164982,2361164982,False
2020-01-22,4.14,9.115785,0.703161,9775223025.48,9775223025.48,2361164982,2361164982,False
2020-01-23,3.96,8.719447,0.672589,9350213328.72,9350213328.72,2361164982,2361164982,False
2020-02-03,3.56,7.838695,0.604651,8405747335.92,8405747335.92,2361164982,2361164982,False
2020-02-04,3.59,7.904751,0.609746,8476582285.38,8476582285.38,2361164982,2361164982,False
2020-02-05,3.62,7.970807,0.614841,8547417234.84,8547417234.84,2361164982,2361164982,False
2020-02-06,3.69,8.124939,0.626731,8712698783.58,8712698783.58,2361164982,2361164982,False
2020-02-07,3.66,8.058883,0.621635,8641863834.12,8641863834.12,2361164982,2361164982,False
2020-02-10,3.73,8.213014,0.633524,8807145382.86,8807145382.86,2361164982,2361164982,False
2020-02-11,3.76,8.279071,0.63862,8877980332.32,8877980332.32,2361164982,2361164982,False
2020-02-12,3.78,8.323108,0.642017,8925203631.96,8925203631.96,2361164982,2361164982,False
2020-02-13,3.74,8.235033,0.635223,8830757032.68,8830757032.68,2361164982,2361164982,False
2020-02-14,3.75,8.257052,0.636921,8854368682.5,8854368682.5,2361164982,2361164982,False
2020-02-17,3.82,8.411184,0.64881,9019650231.24,9019650231.24,2361164982,2361164982,False
2020-02-18,3.81,8.389165,0.647112,8996038581.42,8996038581.42,2361164982,2361164982,False
2020-02-19,3.78,8.323108,0.642017,8925203631.96,8925203631.96,2361164982,2361164982,False
2020-02-20,3.84,8.455221,0.652207,9066873530.88,9066873530.88,2361164982,2361164982,False
2020-02-21,3.89,8.565315,0.6607,9184931779.98,9184931779.98,2361164982,2361164982,False
2020-02-24,3.85,8.47724,0.653906,9090485180.7,9090485180.7,2361164982,2361164982,False
2020-02-25,3.8,8.367146,0.645414,8972426931.6,8972426931.6,2361164982,2361164982,False
2020-02-26,3.82,8.411184,0.64881,9019650231.24,9019650231.24,2361164982,2361164982,False
2020-02-27,3.84,8.455221,0.652207,9066873530.88,9066873530.88,2361164982,2361164982,False
2020-02-28,3.69,8.124939,0.626731,8712698783.58,8712698783.58,2361164982,2361164982,False
2020-03-02,4.06,8.939635,0.689573,9586329826.92,9586329826.92,2361164982,2361164982,False
2020-03-03,4.28,9.424049,0.726939,10105786122.96,10105786122.96,2361164982,2361164982,False
2020-03-04,4.57,10.062594,0.776195,10790523967.74,10790523967.74,2361164982,2361164982,False
2020-03-05,4.61,10.150669,0.782989,10884970567.02,10884970567.02,2361164982,2361164982,False
2020-03-06,4.55,10.018556,0.772798,10743300668.1,10743300668.1,2361164982,2361164982,False
2020-03-09,4.6,10.12865,0.78129,10861358917.2,10861358917.2,2361164982,2361164982,False
2020-03-10,4.57,10.062594,0.776195,10790523967.74,10790523967.74,2361164982,2361164982,False
2020-03-11,4.46,9.820387,0.757512,10530795819.72,10530795819.72,2361164982,2361164982,False
2020-03-12,4.46,9.820387,0.757512,10530795819.72,10530795819.72,2361164982,2361164982,False
2020-03-13,4.36,9.600199,0.740527,10294679321.52,10294679321.52,2361164982,2361164982,False
2020-03-16,4.24,9.335973,0.720146,10011339523.68,10011339523.68,2361164982,2361164982,False
2020-03-17,4.33,9.534143,0.735432,10223844372.06,10223844372.06,2361164982,2361164982,False
2020-03-18,4.22,9.291936,0.716749,9964116224.04,9964116224.04,2361164982,2361164982,False
2020-03-19,4.13,9.093766,0.701463,9751611375.66,9751611375.66,2361164982,2361164982,False
2020-03-20,4.15,9.008311,0.694871,9659973546.35,9659973546.35,2327704469,2327704469,False
2020-03-23,4.21,9.138551,0.704917,9799635814.49,9799635814.49,2327704469,2327704469,False
2020-03-24,4.34,9.420739,0.726684,10102237395.46,10102237395.46,2327704469,2327704469,False
2020-03-25,4.33,9.399032,0.72501,10078960350.77,10078960350.77,2327704469,2327704469,False
2020-03-26,4.19,9.095138,0.701568,9753081725.11,9753081725.11,2327704469,2327704469,False
2020-03-27,4.18,9.073431,0.699894,9729804680.42,9729804680.42,2327704469,2327704469,False
2020-03-30,4.18,9.073431,0.699894,9729804680.42,9729804680.42,2327704469,2327704469,False
2020-03-31,4.16,9.030017,0.696545,9683250591.04,9683250591.04,2327704469,2327704469,False
2020-04-01,4.15,9.008311,0.694871,9659973546.35,9659973546.35,2327704469,2327704469,False
2020-04-02,4.19,9.095138,0.701568,9753081725.11,9753081725.11,2327704469,2327704469,False
2020-04-03,4.16,9.030017,0.696545,9683250591.04,9683250591.04,2327704469,2327704469,False
2020-04-07,4.24,9.203671,0.70994,9869466948.56,9869466948.56,2327704469,2327704469,False
2020-04-08,4.27,9.268792,0.714963,9939298082.63,9939298082.63,2327704469,2327704469,False
2020-04-09,4.25,9.225378,0.711615,9892743993.25,9892743993.25,2327704469,2327704469,False
2020-04-10,4.16,9.030017,0.696545,9683250591.04,9683250591.04,2327704469,2327704469,False
2020-04-13,4.15,9.008311,0.694871,9659973546.35,9659973546.35,2327704469,2327704469,False
2020-04-14,4.21,9.138551,0.704917,9799635814.49,9799635814.49,2327704469,2327704469,False
2020-04-15,4.19,9.095138,0.701568,9753081725.11,9753081725.11,2327704469,2327704469,False
2020-04-16,4.16,9.030017,0.696545,9683250591.04,9683250591.04,2327704469,2327704469,False
2020-04-17,4.16,9.030017,0.696545,9683250591.04,9683250591.04,2327704469,2327704469,False
2020-04-20,4.16,9.030017,0.696545,9683250591.04,9683250591.04,2327704469,2327704469,False
2020-04-21,4.14,8.986604,0.693196,9636696501.66,9636696501.66,2327704469,2327704469,False
2020-04-22,4.15,9.008311,0.694871,9659973546.35,9659973546.35,2327704469,2327704469,False
2020-04-23,4.2,9.116844,0.703243,9776358769.8,9776358769.8,2327704469,2327704469,False
2020-04-24,4.26,9.247085,0.713289,9916021037.94,9916021037.94,2327704469,2327704469,False
2020-04-27,4.42,9.594393,0.740079,10288453752.98,10288453752.98,2327704469,2327704469,False
2020-04-28,4.15,8.535107,0.673999,9659973546.35,9659973546.35,2327704469,2327704469,False
2020-04-29,4.15,8.535107,0.673999,9659973546.35,9659973546.35,2327704469,2327704469,False
2020-04-30,4.2,8.637939,0.682119,9776358769.8,9776358769.8,2327704469,2327704469,False
2020-05-06,4.17,8.57624,0.677247,9706527635.73,9706527635.73,2327704469,2327704469,False
2020-05-07,4.15,8.535107,0.673999,9659973546.35,9659973546.35,2327704469,2327704469,False
2020-05-08,4.16,8.555673,0.675623,9683250591.04,9683250591.04,2327704469,2327704469,False
2020-05-11,4.17,8.57624,0.677247,9706527635.73,9706527635.73,2327704469,2327704469,False
2020-05-12,4.18,8.596806,0.678871,9729804680.42,9729804680.42,2327704469,2327704469,False
2020-05-13,4.27,8.781905,0.693488,9939298082.63,9939298082.63,2327704469,2327704469,False
2020-05-14,4.27,8.781905,0.693488,9939298082.63,9939298082.63,2327704469,2327704469,False
2020-05-15,4.22,8.679072,0.685367,9822912859.18,9822912859.18,2327704469,2327704469,False
2020-05-18,4.29,8.823038,0.696736,9985852172.01,9985852172.01,2327704469,2327704469,False
2020-05-19,4.35,8.946437,0.706481,10125514440.15,10125514440.15,2327704469,2327704469,False
2020-05-20,4.3,8.843605,0.69836,10009129216.7,10009129216.7,2327704469,2327704469,False
2020-05-21,4.23,8.699639,0.686991,9846189903.87,9846189903.87,2327704469,2327704469,False
2020-05-22,4.23,8.699639,0.686991,9846189903.87,9846189903.87,2327704469,2327704469,False
2020-05-25,4.23,8.699639,0.686991,9846189903.87,9846189903.87,2327704469,2327704469,False
2020-05-26,4.21,8.658506,0.683743,9799635814.49,9799635814.49,2327704469,2327704469,False
2020-05-27,4.16,8.555673,0.675623,9683250591.04,9683250591.04,2327704469,2327704469,False
2020-05-28,4.17,8.57624,0.677247,9706527635.73,9706527635.73,2327704469,2327704469,False
2020-05-29,4.17,8.57624,0.677247,9706527635.73,9706527635.73,2327704469,2327704469,False
2020-06-01,4.22,8.679072,0.685367,9822912859.18,9822912859.18,2327704469,2327704469,False
2020-06-02,4.27,8.781905,0.693488,9939298082.63,9939298082.63,2327704469,2327704469,False
2020-06-03,4.24,8.720205,0.688616,9869466948.56,9869466948.56,2327704469,2327704469,False
2020-06-04,4.22,8.679072,0.685367,9822912859.18,9822912859.18,2327704469,2327704469,False
2020-06-05,4.19,8.617373,0.680495,9753081725.11,9753081725.11,2327704469,2327704469,False
2020-06-08,4.25,8.740772,0.69024,9892743993.25,9892743993.25,2327704469,2327704469,False
2020-06-09,4.24,8.720205,0.688616,9869466948.56,9869466948.56,2327704469,2327704469,False
2020-06-10,4.26,8.761339,0.691864,9916021037.94,9916021037.94,2327704469,2327704469,False
2020-06-11,4.21,8.658506,0.683743,9799635814.49,9799635814.49,2327704469,2327704469,False
2020-06-12,3.76,7.733012,0.610659,8752168803.44,8752168803.44,2327704469,2327704469,False
2020-06-15,3.61,7.424515,0.586298,8403013133.09,8403013133.09,2327704469,2327704469,False
2020-06-16,3.65,7.506781,0.592794,8496121311.85,8496121311.85,2327704469,2327704469,False
2020-06-17,3.65,7.506781,0.592794,8496121311.85,8496121311.85,2327704469,2327704469,False
2020-06-18,3.84,7.897545,0.623652,8938385160.96,8938385160.96,2327704469,2327704469,False
2020-06-19,3.8,7.815278,0.617155,8845276982.2,8845276982.2,2327704469,2327704469,False
2020-06-22,3.78,7.774145,0.613907,8798722892.82,8798722892.82,2327704469,2327704469,False
2020-06-23,3.75,7.712446,0.609035,8728891758.75,8728891758.75,2327704469,2327704469,False
2020-06-24,3.74,7.691879,0.607411,8705614714.06,8705614714.06,2327704469,2327704469,False
2020-06-29,3.72,7.650746,0.604163,8659060624.68,8659060624.68,2327704469,2327704469,False
2020-06-30,3.74,7.691879,0.607411,8705614714.06,8705614714.06,2327704469,2327704469,False
2020-07-01,3.78,7.774145,0.613907,8798722892.82,8798722892.82,2327704469,2327704469,False
2020-07-02,3.88,7.979811,0.630148,9031493339.72,9031493339.72,2327704469,2327704469,False
2020-07-03,4.26,8.761339,0.691864,9916021037.94,9916021037.94,2327704469,2327704469,False
2020-07-06,4.69,9.645699,0.7617,10916933959.61,10916933959.61,2327704469,2327704469,False
2020-07-07,4.72,9.707399,0.766572,10986765093.68,10986765093.68,2327704469,2327704469,False
2020-07-08,4.84,9.954197,0.786061,11266089629.96,11266089629.96,2327704469,2327704469,False
2020-07-09,5.1,10.488926,0.828288,11871292791.9,11871292791.9,2327704469,2327704469,False
2020-07-10,4.78,9.830798,0.776317,11126427361.82,11126427361.82,2327704469,2327704469,False
2020-07-13,4.88,10.036463,0.792557,11359197808.72,11359197808.72,2327704469,2327704469,False
2020-07-14,4.93,10.139296,0.800678,11475583032.17,11475583032.17,2327704469,2327704469,False
2020-07-15,4.74,9.748532,0.76982,11033319183.06,11033319183.06,2327704469,2327704469,False
2020-07-16,4.64,9.542866,0.753579,10800548736.16,10800548736.16,2327704469,2327704469,False
2020-07-17,4.59,9.440034,0.745459,10684163512.71,10684163512.71,2327704469,2327704469,False
2020-07-20,4.84,9.954197,0.786061,11266089629.96,11266089629.96,2327704469,2327704469,False
2020-07-21,4.83,9.93363,0.784437,11242812585.27,11242812585.27,2327704469,2327704469,False
2020-07-22,4.75,9.769098,0.771444,11056596227.75,11056596227.75,2327704469,2327704469,False
2020-07-23,4.69,9.645699,0.7617,10916933959.61,10916933959.61,2327704469,2327704469,False
2020-07-24,4.58,9.419467,0.743835,10660886468.02,10660886468.02,2327704469,2327704469,False
2020-07-27,4.61,9.481167,0.748707,10730717602.09,10730717602.09,2327704469,2327704469,False
2020-07-28,4.7,9.666265,0.763324,10940211004.3,10940211004.3,2327704469,2327704469,False
2020-07-29,4.85,9.974763,0.787685,11289366674.65,11289366674.65,2327704469,2327704469,False
2020-07-30,5.13,10.550626,0.83316,11941123925.97,11941123925.97,2327704469,2327704469,False
2020-07-31,5.06,10.40666,0.821791,11778184613.14,11778184613.14,2327704469,2327704469,False
2020-08-03,5.09,10.46836,0.826663,11848015747.21,11848015747.21,2327704469,2327704469,False
2020-08-04,5.04,10.365527,0.818543,11731630523.76,11731630523.76,2327704469,2327704469,False
2020-08-05,5.28,10.859124,0.857521,12290279596.32,12290279596.32,2327704469,2327704469,False
2020-08-06,5.49,11.291021,0.891627,12779097534.81,12779097534.81,2327704469,2327704469,False
2020-08-07,5.39,11.085356,0.875386,12546327087.91,12546327087.91,2327704469,2327704469,False
2020-08-10,5.44,11.188188,0.883507,12662712311.36,12662712311.36,2327704469,2327704469,False
2020-08-11,5.43,11.167622,0.881883,12639435266.67,12639435266.67,2327704469,2327704469,False
2020-08-12,5.62,10.330022,0.923132,13081699115.78,13081699115.78,2327704469,2327704469,False
2020-08-13,5.71,10.495449,0.937915,13291192517.99,13291192517.99,2327704469,2327704469,False
2020-08-14,5.65,10.385164,0.928059,13151530249.85,13151530249.85,2327704469,2327704469,False
2020-08-17,6.06,11.138778,0.995405,14105889082.14,14105889082.14,2327704469,2327704469,False
2020-08-18,5.92,10.881446,0.972409,13780010456.48,13780010456.48,2327704469,2327704469,False
2020-08-19,6.32,11.616679,1.038112,14711092244.08,14711092244.08,2327704469,2327704469,False
2020-08-20,6.31,11.598298,1.03647,14687815199.39,14687815199.39,2327704469,2327704469,False
2020-08-21,6.19,11.377728,1.016759,14408490663.11,14408490663.11,2327704469,2327704469,False
2020-08-24,6.27,11.524775,1.029899,14594707020.63,14594707020.63,2327704469,2327704469,False
2020-08-25,6.22,11.432871,1.021687,14478321797.18,14478321797.18,2327704469,2327704469,False
2020-08-26,5.91,10.863065,0.970766,13756733411.79,13756733411.79,2327704469,2327704469,False
2020-08-27,5.97,10.97335,0.980622,13896395679.93,13896395679.93,2327704469,2327704469,False
2020-08-28,6.01,11.046874,0.987192,13989503858.69,13989503858.69,2327704469,2327704469,False
2020-08-31,6.29,11.561537,1.033185,14641261110.01,14641261110.01,2327704469,2327704469,False
2020-09-01,6.37,11.708583,1.046325,14827477467.53,14827477467.53,2327704469,2327704469,False
2020-09-02,6.41,11.782106,1.052896,14920585646.29,14920585646.29,2327704469,2327704469,False
2020-09-03,6.39,11.745345,1.04961,14874031556.91,14874031556.91,2327704469,2327704469,False
2020-09-04,6.22,11.432871,1.021687,14478321797.18,14478321797.18,2327704469,2327704469,False
2020-09-07,6.2,11.396109,1.018401,14431767707.8,14431767707.8,2327704469,2327704469,False
2020-09-08,6.29,11.561537,1.033185,14641261110.01,14641261110.01,2327704469,2327704469,False
2020-09-09,6.01,11.046874,0.987192,13989503858.69,13989503858.69,2327704469,2327704469,False
2020-09-10,5.96,10.954969,0.978979,13873118635.24,13873118635.24,2327704469,2327704469,False
2020-09-11,5.94,10.918208,0.975694,13826564545.86,13826564545.86,2327704469,2327704469,False
2020-09-14,5.84,10.7344,0.959268,13593794098.96,13593794098.96,2327704469,2327704469,False
2020-09-15,6.04,11.102016,0.99212,14059334992.76,14059334992.76,2327704469,2327704469,False
2020-09-16,6.05,11.120397,0.993763,14082612037.45,14082612037.45,2327704469,2327704469,False
2020-09-17,5.91,10.863065,0.970766,13756733411.79,13756733411.79,2327704469,2327704469,False
2020-09-18,6.19,11.377728,1.016759,14408490663.11,14408490663.11,2327704469,2327704469,False
2020-09-21,6.47,11.892391,1.062751,15060247914.43,15060247914.43,2327704469,2327704469,False
2020-09-22,6.21,11.41449,1.020044,14455044752.49,14455044752.49,2327704469,2327704469,False
2020-09-23,6.09,11.19392,1.000333,14175720216.21,14175720216.21,2327704469,2327704469,False
2020-09-24,5.84,10.7344,0.959268,13593794098.96,13593794098.96,2327704469,2327704469,False
2020-09-25,5.85,10.75278,0.960911,13617071143.65,13617071143.65,2327704469,2327704469,False
2020-09-28,5.85,10.75278,0.960911,13617071143.65,13617071143.65,2327704469,2327704469,False
2020-09-29,5.65,10.385164,0.928059,13151530249.85,13151530249.85,2327704469,2327704469,False
2020-09-30,5.57,10.238117,0.914919,12965313892.33,12965313892.33,2327704469,2327704469,False
2020-10-09,5.61,10.311641,0.921489,13058422071.09,13058422071.09,2327704469,2327704469,False
2020-10-12,5.94,10.918208,0.975694,13826564545.86,13826564545.86,2327704469,2327704469,False
2020-10-13,6.05,11.120397,0.993763,14082612037.45,14082612037.45,2327704469,2327704469,False
2020-10-14,5.86,10.771161,0.962554,13640348188.34,13640348188.34,2327704469,2327704469,False
2020-10-15,5.89,10.826304,0.967481,13710179322.41,13710179322.41,2327704469,2327704469,False
2020-10-16,5.99,11.010112,0.983907,13942949769.31,13942949769.31,2327704469,2327704469,False
2020-10-19,5.93,10.899827,0.974052,13803287501.17,13803287501.17,2327704469,2327704469,False
2020-10-20,5.88,10.807923,0.965839,13686902277.72,13686902277.72,2327704469,2327704469,False
2020-10-21,5.55,10.201356,0.911633,12918759802.95,12918759802.95,2327704469,2327704469,False
2020-10-22,5.65,10.03177,0.902007,13151530249.85,13151530249.85,2327704469,2327704469,False
2020-10-23,5.54,9.836461,0.884446,12895482758.26,12895482758.26,2327704469,2327704469,False
2020-10-26,5.3,9.410333,0.846131,12336833685.7,12336833685.7,2327704469,2327704469,False
2020-10-27,5.28,9.374823,0.842938,12290279596.32,12290279596.32,2327704469,2327704469,False
2020-10-28,5.32,9.445844,0.849324,12383387775.08,12383387775.08,2327704469,2327704469,False
2020-10-29,5.23,9.286046,0.834955,12173894372.87,12173894372.87,2327704469,2327704469,False
2020-10-30,5.21,9.250535,0.831762,12127340283.49,12127340283.49,2327704469,2327704469,False
2020-11-02,5.42,9.623397,0.865288,12616158221.98,12616158221.98,2327704469,2327704469,False
2020-11-03,5.47,9.712174,0.873271,12732543445.43,12732543445.43,2327704469,2327704469,False
2020-11-04,5.76,10.227079,0.919568,13407577741.44,13407577741.44,2327704469,2327704469,False
2020-11-05,5.65,10.03177,0.902007,13151530249.85,13151530249.85,2327704469,2327704469,False
2020-11-06,5.5,9.76544,0.87806,12802374579.5,12802374579.5,2327704469,2327704469,False
2020-11-09,5.87,10.422388,0.93713,13663625233.03,13663625233.03,2327704469,2327704469,False
2020-11-10,5.79,10.280345,0.924358,13477408875.51,13477408875.51,2327704469,2327704469,False
2020-11-11,5.93,10.52892,0.946708,13803287501.17,13803287501.17,2327704469,2327704469,False
2020-11-12,5.79,10.280345,0.924358,13477408875.51,13477408875.51,2327704469,2327704469,False
2020-11-13,5.54,9.836461,0.884446,12895482758.26,12895482758.26,2327704469,2327704469,False
2020-11-16,5.87,10.422388,0.93713,13663625233.03,13663625233.03,2327704469,2327704469,False
2020-11-17,5.85,10.386877,0.933937,13617071143.65,13617071143.65,2327704469,2327704469,False
2020-11-18,5.78,10.26259,0.922761,13454131830.82,13454131830.82,2327704469,2327704469,False
2020-11-19,5.69,10.102792,0.908393,13244638428.61,13244638428.61,2327704469,2327704469,False
2020-11-20,5.77,10.244834,0.921165,13430854786.13,13430854786.13,2327704469,2327704469,False
2020-11-23,6.18,10.972804,0.98662,14385213618.42,14385213618.42,2327704469,2327704469,False
2020-11-24,6.14,10.901782,0.980234,14292105439.66,14292105439.66,2327704469,2327704469,False
2020-11-25,6.01,10.670963,0.95948,13989503858.69,13989503858.69,2327704469,2327704469,False
2020-11-26,5.99,10.635452,0.956287,13942949769.31,13942949769.31,2327704469,2327704469,False
2020-11-27,5.94,10.546675,0.948305,13826564545.86,13826564545.86,2327704469,2327704469,False
2020-11-30,5.87,10.422388,0.93713,13663625233.03,13663625233.03,2327704469,2327704469,False
2020-12-01,5.94,10.546675,0.948305,13826564545.86,13826564545.86,2327704469,2327704469,False
2020-12-02,6.11,10.848516,0.975445,14222274305.59,14222274305.59,2327704469,2327704469,False
2020-12-03,5.9,10.475654,0.941919,13733456367.1,13733456367.1,2327704469,2327704469,False
2020-12-04,5.81,10.315856,0.927551,13523962964.89,13523962964.89,2327704469,2327704469,False
2020-12-07,5.57,9.889728,0.889235,12965313892.33,12965313892.33,2327704469,2327704469,False
2020-12-08,5.59,9.925238,0.892428,13011867981.71,13011867981.71,2327704469,2327704469,False
2020-12-09,5.61,9.960749,0.895621,13058422071.09,13058422071.09,2327704469,2327704469,False
2020-12-10,5.6,9.942994,0.894025,13035145026.4,13035145026.4,2327704469,2327704469,False
2020-12-11,5.65,10.03177,0.902007,13151530249.85,13151530249.85,2327704469,2327704469,False
2020-12-14,5.29,9.392578,0.844534,12313556641.01,12313556641.01,2327704469,2327704469,False
2020-12-15,5.34,9.481355,0.852517,12429941864.46,12429941864.46,2327704469,2327704469,False
2020-12-16,5.44,9.658908,0.868481,12662712311.36,12662712311.36,2327704469,2327704469,False
2020-12-17,5.59,9.925238,0.892428,13011867981.71,13011867981.71,2327704469,2327704469,False
2020-12-18,5.9,10.475654,0.941919,13733456367.1,13733456367.1,2327704469,2327704469,False
2020-12-21,5.91,10.493409,0.943515,13756733411.79,13756733411.79,2327704469,2327704469,False
2020-12-22,5.51,9.783195,0.879657,12825651624.19,12825651624.19,2327704469,2327704469,False
2020-12-23,5.72,10.156058,0.913182,13314469562.68,13314469562.68,2327704469,2327704469,False
2020-12-24,5.81,10.315856,0.927551,13523962964.89,13523962964.89,2327704469,2327704469,False
2020-12-25,5.97,10.599941,0.953094,13896395679.93,13896395679.93,2327704469,2327704469,False
2020-12-28,6.04,10.724229,0.96427,14059334992.76,14059334992.76,2327704469,2327704469,False
2020-12-29,5.82,10.333611,0.929147,13547240009.58,13547240009.58,2327704469,2327704469,False
2020-12-30,6.0,10.653207,0.957884,13966226814.0,13966226814.0,2327704469,2327704469,False
2020-12-31,5.93,10.52892,0.946708,13803287501.17,13803287501.17,2327704469,2327704469,False
2021-01-04,6.1,10.830761,0.973848,14198997260.9,14198997260.9,2327704469,2327704469,False
2021-01-05,5.88,10.440143,0.938726,13686902277.72,13686902277.72,2327704469,2327704469,False
2021-01-06,5.84,10.369122,0.93234,13593794098.96,13593794098.96,2327704469,2327704469,False
2021-01-07,5.91,10.493409,0.943515,13756733411.79,13756733411.79,2327704469,2327704469,False
2021-01-08,5.85,10.386877,0.933937,13617071143.65,13617071143.65,2327704469,2327704469,False
2021-01-11,5.54,9.836461,0.884446,12895482758.26,12895482758.26,2327704469,2327704469,False
2021-01-12,5.55,9.854217,0.886042,12918759802.95,12918759802.95,2327704469,2327704469,False
2021-01-13,5.49,9.747685,0.876464,12779097534.81,12779097534.81,2327704469,2327704469,False
2021-01-14,5.39,9.570131,0.860499,12546327087.91,12546327087.91,2327704469,2327704469,False
2021-01-15,5.46,9.694419,0.871674,12709266400.74,12709266400.74,2327704469,2327704469,False
2021-01-18,5.63,9.99626,0.898814,13104976160.47,13104976160.47,2327704469,2327704469,False
2021-01-19,5.61,9.960749,0.895621,13058422071.09,13058422071.09,2327704469,2327704469,False
2021-01-20,5.6,9.942994,0.894025,13035145026.4,13035145026.4,2327704469,2327704469,False
2021-01-21,5.62,9.978504,0.897218,13081699115.78,13081699115.78,2327704469,2327704469,False
2021-01-22,5.43,9.641153,0.866885,12639435266.67,12639435266.67,2327704469,2327704469,False
2021-01-25,5.35,9.49911,0.854113,12453218909.15,12453218909.15,2327704469,2327704469,False
2021-01-26,5.36,9.516865,0.855709,12476495953.84,12476495953.84,2327704469,2327704469,False
2021-01-27,5.3,9.410333,0.846131,12336833685.7,12336833685.7,2327704469,2327704469,False
2021-01-28,5.14,9.126248,0.820587,11964400970.66,11964400970.66,2327704469,2327704469,False
2021-01-29,4.9,8.700119,0.782272,11405751898.1,11405751898.1,2327704469,2327704469,False
2021-02-01,4.88,8.664609,0.779079,11359197808.72,11359197808.72,2327704469,2327704469,False
2021-02-02,4.68,8.309502,0.747149,10893656914.92,10893656914.92,2327704469,2327704469,False
2021-02-03,4.65,8.256236,0.74236,10823825780.85,10823825780.85,2327704469,2327704469,False
2021-02-04,4.59,8.149704,0.732781,10684163512.71,10684163512.71,2327704469,2327704469,False
2021-02-05,4.55,8.078682,0.726395,10686477933.95,10591055333.95,2348676469,2327704469,False
2021-02-08,4.63,8.220725,0.739167,10874372051.47,10777271691.47,2348676469,2327704469,False
2021-02-09,4.71,8.438114,0.758714,11062266168.99,10963488048.99,2348676469,2327704469,False
2021-02-10,4.69,8.402283,0.755492,11015292639.61,10916933959.61,2348676469,2327704469,False
2021-02-18,4.95,8.868082,0.797374,11625948521.55,11522137121.55,2348676469,2327704469,False
2021-02-19,5.13,9.190557,0.826369,12048710285.97,11941123925.97,2348676469,2327704469,False
2021-02-22,5.24,9.387626,0.844089,12307064697.56,12197171417.56,2348676469,2327704469,False
2021-02-23,5.1,9.136811,0.821537,11978249991.9,11871292791.9,2348676469,2327704469,False
2021-02-24,5.16,9.244303,0.831202,12119170580.04,12010955060.04,2348676469,2327704469,False
2021-02-25,5.31,9.513033,0.855365,12471472050.39,12360110730.39,2348676469,2327704469,False
2021-02-26,5.14,9.208473,0.82798,12072197050.66,11964400970.66,2348676469,2327704469,False
2021-03-01,5.21,9.33388,0.839256,12236604403.49,12127340283.49,2348676469,2327704469,False
2021-03-02,5.19,9.298049,0.836035,12189630874.11,12080786194.11,2348676469,2327704469,False
2021-03-03,5.29,9.477202,0.852143,12424498521.01,12313556641.01,2348676469,2327704469,False
2021-03-04,5.3,9.495118,0.853754,12447985285.7,12336833685.7,2348676469,2327704469,False
2021-03-05,5.21,9.33388,0.839256,12236604403.49,12127340283.49,2348676469,2327704469,False
2021-03-08,5.21,9.33388,0.839256,12236604403.49,12127340283.49,2348676469,2327704469,False
2021-03-09,5.11,9.154727,0.823148,12001736756.59,11894569836.59,2348676469,2327704469,False
2021-03-10,5.09,9.118896,0.819926,11954763227.21,11848015747.21,2348676469,2327704469,False
2021-03-11,5.21,9.33388,0.839256,12236604403.49,12127340283.49,2348676469,2327704469,False
2021-03-12,5.26,9.423457,0.847311,12354038226.94,12243725506.94,2348676469,2327704469,False
2021-03-15,5.33,9.548864,0.858587,12518445579.77,12406664819.77,2348676469,2327704469,False
2021-03-16,5.36,9.60261,0.863419,12588905873.84,12476495953.84,2348676469,2327704469,False
2021-03-17,5.44,9.745932,0.876306,12776799991.36,12662712311.36,2348676469,2327704469,False
2021-03-18,5.44,9.745932,0.876306,12776799991.36,12662712311.36,2348676469,2327704469,False
2021-03-19,5.37,9.620525,0.86503,12612392638.53,12499772998.53,2348676469,2327704469,False
2021-03-22,5.36,9.60261,0.863419,12588905873.84,12476495953.84,2348676469,2327704469,False
2021-03-23,5.24,9.387626,0.844089,12307064697.56,12197171417.56,2348676469,2327704469,False
2021-03-24,5.18,9.280134,0.834424,12166144109.42,12057509149.42,2348676469,2327704469,False
2021-03-25,5.27,9.441372,0.848921,12377524991.63,12267002551.63,2348676469,2327704469,False
2021-03-26,5.16,9.244303,0.831202,12119170580.04,12010955060.04,2348676469,2327704469,False
2021-03-29,5.35,9.584694,0.861808,12565419109.15,12453218909.15,2348676469,2327704469,False
2021-03-30,5.36,9.60261,0.863419,12588905873.84,12476495953.84,2348676469,2327704469,False
2021-03-31,5.38,9.106765,0.866641,12635879403.22,12523050043.22,2348676469,2327704469,False
2021-04-01,5.43,9.191401,0.874695,12753313226.67,12639435266.67,2348676469,2327704469,False
2021-04-02,5.34,9.039057,0.860197,12541932344.46,12429941864.46,2348676469,2327704469,False
2021-04-06,5.33,9.02213,0.858587,12518445579.77,12406664819.77,2348676469,2327704469,False
2021-04-07,5.37,9.089838,0.86503,12612392638.53,12499772998.53,2348676469,2327704469,False
2021-04-08,5.43,9.191401,0.874695,12753313226.67,12639435266.67,2348676469,2327704469,False
2021-04-09,5.53,9.360671,0.890804,12988180873.57,12872205713.57,2348676469,2327704469,False
2021-04-12,5.65,9.563796,0.910134,13270022049.85,13151530249.85,2348676469,2327704469,False
2021-04-13,5.6,9.479161,0.90208,13152588226.4,13035145026.4,2348676469,2327704469,False
2021-04-14,5.58,9.445307,0.898858,13105614697.02,12988590937.02,2348676469,2327704469,False
2021-04-15,5.77,9.766921,0.929464,13551863226.13,13430854786.13,2348676469,2327704469,False
2021-04-16,5.89,9.970046,0.948795,13833704402.41,13710179322.41,2348676469,2327704469,False
2021-04-19,5.96,10.088535,0.960071,13998111755.24,13873118635.24,2348676469,2327704469,False
2021-04-20,5.92,10.020827,0.953627,13904164696.48,13780010456.48,2348676469,2327704469,False
2021-04-21,5.94,10.054681,0.956849,13951138225.86,13826564545.86,2348676469,2327704469,False
2021-04-22,5.97,10.105462,0.961681,14021598519.93,13896395679.93,2348676469,2327704469,False
2021-04-23,5.93,10.037754,0.955238,13927651461.17,13803287501.17,2348676469,2327704469,False
2021-04-26,6.04,10.223952,0.972957,14186005872.76,14059334992.76,2348676469,2327704469,False
2021-04-27,5.95,8.57154,0.904832,13974624990.55,13849841590.55,2348676469,2327704469,False
2021-04-28,6.55,9.435897,0.996075,15383830871.95,15246464271.95,2348676469,2327704469,False
2021-04-29,6.82,9.824857,1.037135,16017973518.58,15874944478.58,2348676469,2327704469,False
2021-04-30,6.6,9.507927,1.003679,15501264695.4,15362849495.4,2348676469,2327704469,False
2021-05-06,6.95,10.012135,1.056904,16323301459.55,16177546059.55,2348676469,2327704469,False
2021-05-07,7.41,10.674808,1.126858,17403692635.29,17248290115.29,2348676469,2327704469,False
2021-05-10,8.07,11.625601,1.227226,18953819104.83,18784575064.83,2348676469,2327704469,False
2021-05-11,7.41,10.674808,1.126858,17403692635.29,17248290115.29,2348676469,2327704469,False
2021-05-12,7.44,10.718026,1.13142,17474152929.36,17318121249.36,2348676469,2327704469,False
2021-05-13,7.06,10.1706,1.073632,16581655871.14,16433593551.14,2348676469,2327704469,False
2021-05-14,6.91,9.954511,1.050821,16229354400.79,16084437880.79,2348676469,2327704469,False
2021-05-17,6.84,9.853669,1.040176,16064947047.96,15921498567.96,2348676469,2327704469,False
2021-05-18,6.93,9.983323,1.053863,16276327930.17,16130991970.17,2348676469,2327704469,False
2021-05-19,6.71,9.666392,1.020407,15759619106.99,15618896986.99,2348676469,2327704469,False
2021-05-20,6.23,8.974906,0.947412,14632254401.87,14501598841.87,2348676469,2327704469,False
2021-05-21,6.34,9.133372,0.96414,14890608813.46,14757646333.46,2348676469,2327704469,False
2021-05-24,6.3,9.075748,0.958057,14796661754.7,14664538154.7,2348676469,2327704469,False
2021-05-25,6.49,9.349461,0.986951,15242910283.81,15106802003.81,2348676469,2327704469,False
2021-05-26,6.49,9.349461,0.986951,15242910283.81,15106802003.81,2348676469,2327704469,False
2021-05-27,7.14,10.285848,1.085798,16769549988.66,16619809908.66,2348676469,2327704469,False
2021-05-28,7.12,10.257036,1.082757,16722576459.28,16573255819.28,2348676469,2327704469,False
2021-05-31,7.06,10.1706,1.073632,16581655871.14,16433593551.14,2348676469,2327704469,False
2021-06-01,7.66,11.034957,1.164876,17990861752.54,17830216232.54,2348676469,2327704469,False
2021-06-02,7.49,10.790056,1.139023,17591586752.81,17434506472.81,2348676469,2327704469,False
2021-06-03,7.46,10.746838,1.134461,17521126458.74,17364675338.74,2348676469,2327704469,False
2021-06-04,7.37,10.617185,1.120775,17309745576.53,17155181936.53,2348676469,2327704469,False
2021-06-07,7.34,10.573967,1.116213,17239285282.46,17085350802.46,2348676469,2327704469,False
2021-06-08,7.46,10.746838,1.134461,17521126458.74,17364675338.74,2348676469,2327704469,False
2021-06-09,7.63,10.991739,1.160314,17920401458.47,17760385098.47,2348676469,2327704469,False
2021-06-10,7.18,10.343472,1.091881,16863497047.42,16712918087.42,2348676469,2327704469,False
2021-06-11,7.39,10.645997,1.123816,17356719105.91,17201736025.91,2348676469,2327704469,False
2021-06-15,7.35,10.588373,1.117733,17262772047.15,17108627847.15,2348676469,2327704469,False
2021-06-16,7.35,10.588373,1.117733,17262772047.15,17108627847.15,2348676469,2327704469,False
2021-06-17,7.47,10.761244,1.135982,17544613223.43,17387952383.43,2348676469,2327704469,False
2021-06-18,7.38,10.631591,1.122296,17333232341.22,17178458981.22,2348676469,2327704469,False
2021-06-21,7.19,10.357878,1.093402,16886983812.11,16736195132.11,2348676469,2327704469,False
2021-06-22,7.22,10.401095,1.097964,16957444106.18,16806026266.18,2348676469,2327704469,False
2021-06-23,7.57,10.905304,1.151189,17779480870.33,17620722830.33,2348676469,2327704469,False
2021-06-24,7.54,10.862086,1.146627,17709020576.26,17550891696.26,2348676469,2327704469,False
2021-06-25,7.69,11.078175,1.169438,18061322046.61,17900047366.61,2348676469,2327704469,False
2021-06-28,7.02,10.112976,1.067549,16487708812.38,16340485372.38,2348676469,2327704469,False
2021-06-29,6.95,10.012135,1.056904,16323301459.55,16177546059.55,2348676469,2327704469,False
2021-06-30,7.11,10.24263,1.081236,16699089694.59,16549978774.59,2348676469,2327704469,False
2021-07-01,6.8,9.796046,1.034093,15970999989.2,15828390389.2,2348676469,2327704469,False
2021-07-02,6.8,9.796046,1.034093,15970999989.2,15828390389.2,2348676469,2327704469,False
2021-07-05,6.98,10.055353,1.061466,16393761753.62,16247377193.62,2348676469,2327704469,False
2021-07-06,6.92,9.968917,1.052342,16252841165.48,16107714925.48,2348676469,2327704469,False
2021-07-07,6.8,9.796046,1.034093,15970999989.2,15828390389.2,2348676469,2327704469,False
2021-07-08,6.36,9.162184,0.967181,14937582342.84,14804200422.84,2348676469,2327704469,False
2021-07-09,6.5,9.363867,0.988472,15266397048.5,15130079048.5,2348676469,2327704469,False
2021-07-12,6.64,9.56555,1.009762,15595211754.16,15455957674.16,2348676469,2327704469,False
2021-07-13,6.88,9.911293,1.046259,16158894106.72,16014606746.72,2348676469,2327704469,False
2021-07-14,6.85,9.868075,1.041697,16088433812.65,15944775612.65,2348676469,2327704469,False
2021-07-15,6.8,9.796046,1.034093,15970999989.2,15828390389.2,2348676469,2327704469,False
2021-07-16,6.86,9.882481,1.043218,16111920577.34,15968052657.34,2348676469,2327704469,False
2021-07-19,6.74,9.70961,1.024969,15830079401.06,15688728121.06,2348676469,2327704469,False
2021-07-20,6.69,9.63758,1.017365,15712645577.61,15572342897.61,2348676469,2327704469,False
2021-07-21,6.54,9.421491,0.994555,15360344107.26,15223187227.26,2348676469,2327704469,False
2021-07-22,6.75,9.724016,1.02649,15853566165.75,15712005165.75,2348676469,2327704469,False
2021-07-23,6.78,9.767234,1.031052,15924026459.82,15781836299.82,2348676469,2327704469,False
2021-07-26,6.72,9.680798,1.021928,15783105871.68,15642174031.68,2348676469,2327704469,False
2021-07-27,6.58,9.479115,1.000637,15454291166.02,15316295406.02,2348676469,2327704469,False
2021-07-28,6.33,9.118966,0.962619,14867122048.77,14734369288.77,2348676469,2327704469,False
2021-07-29,6.57,9.464709,0.999117,15430804401.33,15293018361.33,2348676469,2327704469,False
2021-07-30,6.94,9.997729,1.055384,16299814694.86,16154269014.86,2348676469,2327704469,False
2021-08-02,6.53,9.407085,0.993034,15336857342.57,15199910182.57,2348676469,2327704469,False
2021-08-03,6.23,8.974906,0.947412,14632254401.87,14501598841.87,2348676469,2327704469,False
2021-08-04,6.61,9.522332,1.0052,15524751460.09,15386126540.09,2348676469,2327704469,False
2021-08-05,6.71,9.666392,1.020407,15759619106.99,15618896986.99,2348676469,2327704469,False
2021-08-06,7.26,10.458719,1.104047,17051391164.94,16899134444.94,2348676469,2327704469,False
2021-08-09,7.26,10.458719,1.104047,17051391164.94,16899134444.94,2348676469,2327704469,False
2021-08-10,7.41,10.674808,1.126858,17403692635.29,17248290115.29,2348676469,2327704469,False
2021-08-11,7.9,11.3807,1.201373,18554544105.1,18388865305.1,2348676469,2327704469,False
2021-08-12,8.39,11.337441,1.289054,19705395574.91,19529440494.91,2348676469,2327704469,False
2021-08-13,8.55,11.55365,1.313637,20081183809.95,19901873209.95,2348676469,2327704469,False
2021-08-16,8.12,10.972589,1.247571,19071252928.28,18900960288.28,2348676469,2327704469,False
2021-08-17,8.25,11.148258,1.267545,19376580869.25,19203561869.25,2348676469,2327704469,False
2021-08-18,8.28,11.188797,1.272154,19447041163.32,19273393003.32,2348676469,2327704469,False
2021-08-19,8.17,11.040154,1.255253,19188686751.73,19017345511.73,2348676469,2327704469,False
2021-08-20,7.97,10.769893,1.224525,18718951457.93,18551804617.93,2348676469,2327704469,False
2021-08-23,8.29,11.20231,1.27369,19470527928.01,19296670048.01,2348676469,2327704469,False
2021-08-24,8.43,11.391493,1.2952,19799342633.67,19622548673.67,2348676469,2327704469,False
2021-08-25,8.54,11.540136,1.312101,20057697045.26,19878596165.26,2348676469,2327704469,False
2021-08-26,8.5,11.486084,1.305955,19963749986.5,19785487986.5,2348676469,2327704469,False
2021-08-27,8.55,11.55365,1.313637,20081183809.95,19901873209.95,2348676469,2327704469,False
2021-08-30,8.91,12.040119,1.368948,20926707338.79,20739846818.79,2348676469,2327704469,False
2021-08-31,9.41,12.715771,1.445769,22101045573.29,21903699053.29,2348676469,2327704469,False
2021-09-01,8.68,11.729319,1.333611,20386511750.92,20204474790.92,2348676469,2327704469,False
2021-09-02,9.55,12.904954,1.467279,22429860278.95,22229577678.95,2348676469,2327704469,False
2021-09-03,8.96,12.107684,1.37663,21044141162.24,20856232042.24,2348676469,2327704469,False
2021-09-06,9.48,12.810362,1.456524,22265452926.12,22066638366.12,2348676469,2327704469,False
2021-09-07,10.43,14.094101,1.602484,24496695571.67,24277957611.67,2348676469,2327704469,False
2021-09-08,10.76,14.540031,1.653185,25271758806.44,25046100086.44,2348676469,2327704469,False
2021-09-09,11.45,15.472431,1.759198,26892345570.05,26652216170.05,2348676469,2327704469,False
2021-09-10,11.28,15.24271,1.733079,26493070570.32,26256506410.32,2348676469,2327704469,False
2021-09-13,12.06,16.296727,1.85292,28325038216.14,28072115896.14,2348676469,2327704469,False
2021-09-14,11.64,15.729179,1.78839,27338594099.16,27094480019.16,2348676469,2327704469,False
2021-09-15,11.21,15.148118,1.722324,26328663217.49,26093567097.49,2348676469,2327704469,False
2021-09-16,11.38,15.37784,1.748443,26727938217.22,26489276857.22,2348676469,2327704469,False
2021-09-17,10.58,14.296797,1.62553,24848997042.02,24627113282.02,2348676469,2327704469,False
2021-09-22,11.64,15.729179,1.78839,27338594099.16,27094480019.16,2348676469,2327704469,False
2021-09-23,12.17,16.44537,1.86982,28583392627.73,28328163387.73,2348676469,2327704469,False
2021-09-24,10.95,14.796779,1.682377,25718007335.55,25488363935.55,2348676469,2327704469,False
2021-09-27,10.08,13.621145,1.548709,23674658807.52,23463261047.52,2348676469,2327704469,False
2021-09-28,11.09,14.985962,1.703887,26046822041.21,25814242561.21,2348676469,2327704469,False
2021-09-29,11.6,15.675127,1.782245,27244647040.4,27001371840.4,2348676469,2327704469,False
2021-09-30,12.76,17.24264,1.960469,29969111744.44,29701509024.44,2348676469,2327704469,False
2021-10-08,11.5,15.539996,1.76688,27009779393.5,26768601393.5,2348676469,2327704469,False
2021-10-11,12.04,16.269701,1.849847,28278064686.76,28025561806.76,2348676469,2327704469,False
2021-10-12,11.41,15.418379,1.753053,26798398511.29,26559107991.29,2348676469,2327704469,False
2021-10-13,10.27,13.877892,1.577901,24120907336.63,23905524896.63,2348676469,2327704469,False
2021-10-14,10.49,14.175179,1.611702,24637616159.81,24417619879.81,2348676469,2327704469,False
2021-10-15,11.54,15.594049,1.773026,27103726452.26,26861709572.26,2348676469,2327704469,False
2021-10-18,12.21,16.499422,1.875966,28677339686.49,28421271566.49,2348676469,2327704469,False
2021-10-19,12.05,16.283214,1.851383,28301551451.45,28048838851.45,2348676469,2327704469,False
2021-10-20,10.85,14.661649,1.667013,25483139688.65,25255593488.65,2348676469,2327704469,False
2021-10-21,11.09,14.985962,1.703887,26046822041.21,25814242561.21,2348676469,2327704469,False
2021-10-22,10.46,14.13464,1.607093,24567155865.74,24347788745.74,2348676469,2327704469,False
2021-10-25,10.62,14.350849,1.631676,24942944100.78,24720221460.78,2348676469,2327704469,False
2021-10-26,10.79,12.002762,1.554642,25342219100.51,25115931220.51,2348676469,2327704469,False
2021-10-27,9.95,11.068349,1.433613,23369330866.55,23160659466.55,2348676469,2327704469,False
2021-10-28,8.96,9.967076,1.290972,21044141162.24,20856232042.24,2348676469,2327704469,False
2021-10-29,8.49,9.444249,1.223254,19940263221.81,19762210941.81,2348676469,2327704469,False
2021-11-01,8.38,9.321886,1.207405,19681908810.22,19506163450.22,2348676469,2327704469,False
2021-11-02,8.11,9.021539,1.168503,19047766163.59,18877683243.59,2348676469,2327704469,False
2021-11-03,8.8,9.789092,1.267919,20668352927.2,20483799327.2,2348676469,2327704469,False
2021-11-04,8.54,9.499869,1.230458,20057697045.26,19878596165.26,2348676469,2327704469,False
2021-11-05,8.2,9.121654,1.18147,19259147045.8,19087176645.8,2348676469,2327704469,False
2021-11-08,8.41,9.355258,1.211727,19752369104.29,19575994584.29,2348676469,2327704469,False
2021-11-09,8.17,9.088282,1.177148,19188686751.73,19017345511.73,2348676469,2327704469,False
2021-11-10,8.02,8.921423,1.155536,18836385281.38,18668189841.38,2348676469,2327704469,False
2021-11-11,8.05,8.954795,1.159858,18906845575.45,18738020975.45,2348676469,2327704469,False
2021-11-12,7.89,8.776811,1.136805,18531057340.41,18365588260.41,2348676469,2327704469,False
2021-11-15,7.72,8.587704,1.112311,18131782340.68,17969878500.68,2348676469,2327704469,False
2021-11-16,7.48,8.320728,1.077731,17568099988.12,17411229428.12,2348676469,2327704469,False
2021-11-17,7.53,8.376348,1.084936,17685533811.57,17527614651.57,2348676469,2327704469,False
2021-11-18,7.5,8.342976,1.080613,17615073517.5,17457783517.5,2348676469,2327704469,False
2021-11-19,7.58,8.431968,1.09214,17802967635.02,17643999875.02,2348676469,2327704469,False
2021-11-22,7.63,8.487588,1.099344,17920401458.47,17760385098.47,2348676469,2327704469,False
2021-11-23,7.74,8.609952,1.115193,18178755870.06,18016432590.06,2348676469,2327704469,False
2021-11-24,7.89,8.776811,1.136805,18531057340.41,18365588260.41,2348676469,2327704469,False
2021-11-25,7.83,8.710067,1.12816,18390136752.27,18225925992.27,2348676469,2327704469,False
2021-11-26,7.54,8.387472,1.086376,17709020576.26,17550891696.26,2348676469,2327704469,False
2021-11-29,7.67,8.532084,1.105107,18014348517.23,17853493277.23,2348676469,2327704469,False
2021-11-30,7.76,8.6322,1.118074,18225729399.44,18062986679.44,2348676469,2327704469,False
2021-12-01,8.0,8.899175,1.152654,18789411752.0,18621635752.0,2348676469,2327704469,False
2021-12-02,8.22,9.143902,1.184352,19306120575.18,19133730735.18,2348676469,2327704469,False
2021-12-03,8.59,9.555489,1.237662,20175130868.71,19994981388.71,2348676469,2327704469,False
2021-12-06,8.49,9.444249,1.223254,19940263221.81,19762210941.81,2348676469,2327704469,False
2021-12-07,8.72,9.700101,1.256393,20480458809.68,20297582969.68,2348676469,2327704469,False
2021-12-08,9.0,10.011572,1.296736,21138088221.0,20949340221.0,2348676469,2327704469,False
2021-12-09,8.8,9.789092,1.267919,20668352927.2,20483799327.2,2348676469,2327704469,False
2021-12-10,8.46,9.410877,1.218932,19869802927.74,19692379807.74,2348676469,2327704469,False
2021-12-13,8.6,9.566613,1.239103,20198617633.4,20018258433.4,2348676469,2327704469,False
2021-12-14,8.32,9.255142,1.19876,19540988222.08,19366501182.08,2348676469,2327704469,False
2021-12-15,8.35,9.288514,1.203083,19611448516.15,19436332316.15,2348676469,2327704469,False
2021-12-16,9.03,10.044944,1.301058,21208548515.07,21019171355.07,2348676469,2327704469,False
2021-12-17,8.89,9.889208,1.280887,20879733809.41,20693292729.41,2348676469,2327704469,False
2021-12-20,8.6,9.566613,1.239103,20198617633.4,20018258433.4,2348676469,2327704469,False
2021-12-21,8.57,9.533241,1.234781,20128157339.33,19948427299.33,2348676469,2327704469,False
2021-12-22,8.85,9.844712,1.275123,20785786750.65,20600184550.65,2348676469,2327704469,False
2021-12-23,8.94,9.944828,1.288091,20997167632.86,20809677952.86,2348676469,2327704469,False
2021-12-24,8.66,9.633357,1.247748,20339538221.54,20157920701.54,2348676469,2327704469,False
2021-12-27,8.6,9.566613,1.239103,20198617633.4,20018258433.4,2348676469,2327704469,False
2021-12-28,8.27,9.199522,1.191556,19423554398.63,19250115958.63,2348676469,2327704469,False
2021-12-29,8.36,9.299638,1.204523,19634935280.84,19459609360.84,2348676469,2327704469,False
2021-12-30,8.34,9.27739,1.201642,19587961751.46,19413055271.46,2348676469,2327704469,False
2021-12-31,8.37,9.310762,1.205964,19658422045.53,19482886405.53,2348676469,2327704469,False
2022-01-04,8.47,9.422001,1.220372,19893289692.43,19715656852.43,2348676469,2327704469,False
2022-01-05,8.26,9.188398,1.190115,19400067633.94,19226838913.94,2348676469,2327704469,False
2022-01-06,8.42,9.366382,1.213168,19775855868.98,19599271628.98,2348676469,2327704469,False
2022-01-07,8.39,9.33301,1.208846,19705395574.91,19529440494.91,2348676469,2327704469,False
2022-01-10,9.23,10.267423,1.329875,21678283808.87,21484712248.87,2348676469,2327704469,False
2022-01-11,9.23,10.267423,1.329875,21678283808.87,21484712248.87,2348676469,2327704469,False
2022-01-12,9.25,10.289671,1.332756,21725257338.25,21531266338.25,2348676469,2327704469,False
2022-01-13,9.49,10.556646,1.367336,22288939690.81,22089915410.81,2348676469,2327704469,False
2022-01-14,9.0,10.011572,1.296736,21138088221.0,20949340221.0,2348676469,2327704469,False
2022-01-17,9.4,10.45653,1.354368,22077558808.6,21880422008.6,2348676469,2327704469,False
2022-01-18,10.08,11.21296,1.452344,23674658807.52,23463261047.52,2348676469,2327704469,False
2022-01-19,10.08,11.21296,1.452344,23674658807.52,23463261047.52,2348676469,2327704469,False
2022-01-20,9.85,10.957109,1.419205,23134463219.65,22927889019.65,2348676469,2327704469,False
2022-01-21,10.7,11.902646,1.541675,25130838218.3,24906437818.3,2348676469,2327704469,False
2022-01-24,10.57,11.758035,1.522944,24825510277.33,24603836237.33,2348676469,2327704469,False
2022-01-25,10.19,11.335324,1.468193,23933013219.11,23719308539.11,2348676469,2327704469,False
2022-01-26,9.75,10.845869,1.404797,22899595572.75,22695118572.75,2348676469,2327704469,False
2022-01-27,9.79,10.890365,1.41056,22993542631.51,22788226751.51,2348676469,2327704469,False
2022-01-28,9.03,10.044944,1.301058,21208548515.07,21019171355.07,2348676469,2327704469,False
2022-02-07,9.4,10.45653,1.354368,22077558808.6,21880422008.6,2348676469,2327704469,False
2022-02-08,10.28,11.43544,1.48116,24144394101.32,23928801941.32,2348676469,2327704469,False
2022-02-09,10.19,11.335324,1.468193,23933013219.11,23719308539.11,2348676469,2327704469,False
2022-02-10,10.92,12.147374,1.573373,25647547041.48,25418532801.48,2348676469,2327704469,False
2022-02-11,11.25,12.514465,1.62092,26422610276.25,26186675276.25,2348676469,2327704469,False
2022-02-14,11.13,12.380977,1.60363,26140769099.97,25907350739.97,2348676469,2327704469,False
2022-02-15,10.81,12.02501,1.557524,25389192629.89,25162485309.89,2348676469,2327704469,False
2022-02-16,10.92,12.147374,1.573373,25647547041.48,25418532801.48,2348676469,2327704469,False
2022-02-17,11.28,12.547837,1.625242,26493070570.32,26256506410.32,2348676469,2327704469,False
2022-02-18,12.19,13.560118,1.756356,28630366157.11,28374717477.11,2348676469,2327704469,False
2022-02-21,12.26,13.637985,1.766442,28794773509.94,28537656789.94,2348676469,2327704469,False
2022-02-22,12.63,14.049572,1.819752,29663783803.47,29398907443.47,2348676469,2327704469,False
2022-02-23,12.15,13.515622,1.750593,28536419098.35,28281609298.35,2348676469,2327704469,False
2022-02-24,12.01,13.359886,1.730422,28207604392.69,27955730672.69,2348676469,2327704469,False
2022-02-25,11.79,13.115159,1.698724,27690895569.51,27443635689.51,2348676469,2327704469,False
2022-02-28,12.52,13.927209,1.803903,29405429391.88,29142859951.88,2348676469,2327704469,False
2022-03-01,12.77,10.263452,1.839924,29992598509.13,29724786069.13,2348676469,2327704469,False
2022-03-02,13.47,10.826053,1.940781,31636672037.43,31354179197.43,2348676469,2327704469,False
2022-03-03,13.62,10.94661,1.962393,31988973507.78,31703334867.78,2348676469,2327704469,False
2022-03-04,13.87,11.147539,1.998414,32576142625.03,32285260985.03,2348676469,2327704469,False
2022-03-07,14.45,11.613694,2.081981,33938374977.05,33635329577.05,2348676469,2327704469,False
2022-03-08,13.36,10.737644,1.924932,31378317625.84,31098131705.84,2348676469,2327704469,False
2022-03-09,14.42,11.589583,2.077659,33867914682.98,33565498442.98,2348676469,2327704469,False
2022-03-10,14.72,11.830698,2.120883,34572517623.68,34263809783.68,2348676469,2327704469,False
2022-03-11,14.17,11.388654,2.041638,33280745565.73,32983572325.73,2348676469,2327704469,False
2022-03-14,13.2,10.457907,1.874784,30560850606.0,30284020206.0,2315215955,2294243955,False
2022-03-15,11.88,9.412116,1.687305,27504765545.4,27255618185.4,2315215955,2294243955,False
2022-03-16,11.73,9.293277,1.666001,27157483152.15,26911481592.15,2315215955,2294243955,False
2022-03-17,12.2,9.665641,1.732755,28245634651.0,27989776251.0,2315215955,2294243955,False
2022-03-18,13.11,10.386603,1.862001,30352481170.05,30077538250.05,2315215955,2294243955,False
2022-03-21,13.78,10.917421,1.957161,31903675859.9,31614681699.9,2315215955,2294243955,False
2022-03-22,14.09,11.163024,2.00119,32621392805.95,32325897325.95,2315215955,2294243955,False
2022-03-23,14.13,11.194714,2.006871,32714001444.15,32417667084.15,2315215955,2294243955,False
2022-03-24,14.45,11.448239,2.05232,33454870549.75,33151825149.75,2315215955,2294243955,False
2022-03-25,14.24,11.281864,2.022494,32968675199.2,32670033919.2,2315215955,2294243955,False
2022-03-28,14.92,11.820604,2.119074,34543022048.6,34230119808.6,2315215955,2294243955,False
2022-03-29,15.99,12.668328,2.205004,37020303120.45,36684960840.45,2315215955,2294243955,False
2022-03-30,15.7,12.438571,2.165014,36348890493.5,36019630093.5,2315215955,2294243955,False
2022-03-31,17.12,13.563589,2.36083,39636497149.6,39277456509.6,2315215955,2294243955,False
2022-04-01,16.25,12.874318,2.240858,37622259268.75,37281464268.75,2315215955,2294243955,False
2022-04-06,16.13,12.779246,2.22431,37344433354.15,37006154994.15,2315215955,2294243955,False
2022-04-07,16.48,13.056539,2.272575,38154758938.4,37809140378.4,2315215955,2294243955,False
2022-04-08,16.22,12.85055,2.236721,37552802790.1,37212636950.1,2315215955,2294243955,False
2022-04-11,15.17,12.018671,2.091927,35121826037.35,34803680797.35,2315215955,2294243955,False
2022-04-12,14.23,11.273941,1.962302,32945523039.65,32647091479.65,2315215955,2294243955,False
2022-04-13,15.65,12.398958,2.158119,36233129695.75,35904917895.75,2315215955,2294243955,False
2022-04-14,17.22,13.642815,2.37462,39868018745.1,39506880905.1,2315215955,2294243955,False
2022-04-15,16.71,13.23876,2.304292,38687258608.05,38336816488.05,2315215955,2294243955,False
2022-04-18,16.12,12.771323,2.222931,37321281194.6,36983212554.6,2315215955,2294243955,False
2022-04-19,16.4,12.993157,2.261543,37969541662.0,37625600862.0,2315215955,2294243955,False
2022-04-20,14.94,11.83645,2.06021,34589326367.7,34276004687.7,2315215955,2294243955,False
2022-04-21,14.58,11.551234,2.010567,33755848623.9,33450076863.9,2315215955,2294243955,False
2022-04-22,14.77,11.701764,2.036768,34195739655.35,33885983215.35,2315215955,2294243955,False
2022-04-25,13.83,10.957035,1.907143,32019436657.65,31729393897.65,2315215955,2294243955,False
2022-04-26,13.3,10.537134,1.834056,30792372201.5,30513444601.5,2315215955,2294243955,False
2022-04-27,14.3,11.329399,1.971955,33107588156.5,32807688556.5,2315215955,2294243955,False
2022-04-28,14.9,8.606862,1.835495,34496717729.5,34184234929.5,2315215955,2294243955,False
2022-04-29,14.42,8.329594,1.776365,33385414071.1,33082997831.1,2315215955,2294243955,False
2022-05-05,14.4,8.318042,1.773901,33339109752.0,33037112952.0,2315215955,2294243955,False
2022-05-06,14.16,8.179408,1.744336,32783457922.8,32486494402.8,2315215955,2294243955,False
2022-05-09,14.03,8.104314,1.728322,32482479848.65,32188242688.65,2315215955,2294243955,False
2022-05-10,12.96,7.486237,1.596511,30005198776.8,29733401656.8,2315215955,2294243955,False
2022-05-11,13.67,7.896363,1.683974,31649002104.85,31362314864.85,2315215955,2294243955,False
2022-05-12,13.09,7.561331,1.612526,30306176850.95,30031653370.95,2315215955,2294243955,False
2022-05-13,13.34,7.705741,1.643322,30884980839.7,30605214359.7,2315215955,2294243955,False
2022-05-16,14.14,8.167855,1.741872,32737153603.7,32440609523.7,2315215955,2294243955,False
2022-05-17,14.42,8.329594,1.776365,33385414071.1,33082997831.1,2315215955,2294243955,False
2022-05-18,13.81,7.977233,1.701221,31973132338.55,31683509018.55,2315215955,2294243955,False
2022-05-19,13.83,7.988786,1.703684,32019436657.65,31729393897.65,2315215955,2294243955,False
2022-05-20,15.21,8.785931,1.873683,35214434675.55,34895450555.55,2315215955,2294243955,False
2022-05-23,15.64,9.034317,1.926654,36209977536.2,35881975456.2,2315215955,2294243955,False
2022-05-24,15.4,8.895683,1.897089,35654325707.0,35331356907.0,2315215955,2294243955,False
2022-05-25,15.82,9.138293,1.948828,36626716408.1,36294939368.1,2315215955,2294243955,False
2022-05-26,16.26,9.392455,2.00303,37645411428.3,37304406708.3,2315215955,2294243955,False
2022-05-27,16.3,9.415561,2.007958,37738020066.5,37396176466.5,2315215955,2294243955,False
2022-05-30,16.12,9.311585,1.985784,37321281194.6,36983212554.6,2315215955,2294243955,False
2022-05-31,15.31,8.843696,1.886002,35445956271.05,35124874951.05,2315215955,2294243955,False
2022-06-01,15.88,9.172951,1.956219,36765629365.4,36432594005.4,2315215955,2294243955,False
2022-06-02,15.05,8.693509,1.853973,34844000122.75,34528371522.75,2315215955,2294243955,False
2022-06-06,15.5,8.953448,1.909408,35885847302.5,35560781302.5,2315215955,2294243955,False
2022-06-07,15.5,8.953448,1.909408,35885847302.5,35560781302.5,2315215955,2294243955,False
2022-06-08,15.89,9.178728,1.957451,36788781524.95,36455536444.95,2315215955,2294243955,False
2022-06-09,15.36,8.872578,1.892161,35561717068.8,35239587148.8,2315215955,2294243955,False
2022-06-10,15.49,8.947671,1.908176,35862695142.95,35537838862.95,2315215955,2294243955,False
2022-06-13,15.99,9.236492,1.96977,37020303120.45,36684960840.45,2315215955,2294243955,False
2022-06-14,16.0,9.242268,1.971001,37043455280.0,36707903280.0,2315215955,2294243955,False
2022-06-15,15.8,9.12674,1.946364,36580412089.0,36249054489.0,2315215955,2294243955,False
2022-06-16,14.66,8.468228,1.80593,33941065900.3,33633616380.3,2315215955,2294243955,False
2022-06-17,14.4,8.318042,1.773901,33339109752.0,33037112952.0,2315215955,2294243955,False
2022-06-20,13.37,7.723071,1.647018,30954437318.35,30674041678.35,2315215955,2294243955,False
2022-06-21,13.25,7.653754,1.632236,30676611403.75,30398732403.75,2315215955,2294243955,False
2022-06-22,12.78,7.382262,1.574337,29588459904.9,29320437744.9,2315215955,2294243955,False
2022-06-23,12.92,7.463132,1.591584,29912590138.6,29641631898.6,2315215955,2294243955,False
2022-06-24,12.73,7.35338,1.568178,29472699107.15,29205725547.15,2315215955,2294243955,False
2022-06-27,13.23,7.642201,1.629772,30630307084.65,30352847524.65,2315215955,2294243955,False
2022-06-28,13.46,7.775058,1.658105,31162806754.3,30880523634.3,2315215955,2294243955,False
2022-06-29,13.82,7.983009,1.702452,31996284498.1,31706451458.1,2315215955,2294243955,False
2022-06-30,13.59,7.850152,1.674119,31463784828.45,31178775348.45,2315215955,2294243955,False
2022-07-01,13.44,7.763505,1.655641,31116502435.2,30834638755.2,2315215955,2294243955,False
2022-07-04,13.2,7.624871,1.626076,30560850606.0,30284020206.0,2315215955,2294243955,False
2022-07-05,13.77,7.954127,1.696293,31880523700.35,31591739260.35,2315215955,2294243955,False
2022-07-06,12.81,7.399591,1.578033,29657916383.55,29389265063.55,2315215955,2294243955,False
2022-07-07,13.17,7.607542,1.622381,30491394127.35,30215192887.35,2315215955,2294243955,False
2022-07-08,12.83,7.411144,1.580497,29704220702.65,29435149942.65,2315215955,2294243955,False
2022-07-11,12.29,7.099217,1.513975,28454004086.95,28196258206.95,2315215955,2294243955,False
2022-07-12,12.21,7.053006,1.50412,28268786810.55,28012718690.55,2315215955,2294243955,False
2022-07-13,12.31,7.11077,1.516439,28500308406.05,28242143086.05,2315215955,2294243955,False
2022-07-14,12.23,7.064559,1.506584,28315091129.65,28058603569.65,2315215955,2294243955,False
2022-07-15,11.89,6.868161,1.4647,27527917704.95,27278560624.95,2315215955,2294243955,False
2022-07-18,12.4,7.162758,1.527526,28708677842.0,28448625042.0,2315215955,2294243955,False
2022-07-19,12.3,7.104994,1.515207,28477156246.5,28219200646.5,2315215955,2294243955,False
2022-07-20,12.14,7.012571,1.495497,28106721693.7,27852121613.7,2315215955,2294243955,False
2022-07-21,11.65,6.729527,1.435135,26972265875.75,26727942075.75,2315215955,2294243955,False
2022-07-22,11.52,6.654433,1.419121,26671287801.6,26429690361.6,2315215955,2294243955,False
2022-07-25,11.59,6.694868,1.427744,26833352918.45,26590287438.45,2315215955,2294243955,False
2022-07-26,11.73,6.775738,1.44499,27157483152.15,26911481592.15,2315215955,2294243955,False
2022-07-27,11.79,6.810397,1.452382,27296396109.45,27049136229.45,2315215955,2294243955,False
2022-07-28,12.33,7.122323,1.518903,28546612725.15,28288027965.15,2315215955,2294243955,False
2022-07-29,11.96,6.908596,1.473324,27689982821.8,27439157701.8,2315215955,2294243955,False
2022-08-01,12.02,6.943254,1.480715,27828895779.1,27576812339.1,2315215955,2294243955,False
2022-08-02,11.65,6.729527,1.435135,26972265875.75,26727942075.75,2315215955,2294243955,False
2022-08-03,11.58,6.689092,1.426512,26810200758.9,26567344998.9,2315215955,2294243955,False
2022-08-04,11.48,6.631328,1.414194,26578679163.4,26337920603.4,2315215955,2294243955,False
2022-08-05,11.5,6.64288,1.416657,26624983482.5,26383805482.5,2315215955,2294243955,False
2022-08-08,12.15,7.018348,1.496729,28129873853.25,27875064053.25,2315215955,2294243955,False
2022-08-09,12.5,7.220522,1.539845,28940199437.5,28678049437.5,2315215955,2294243955,False
2022-08-10,12.31,7.11077,1.516439,28500308406.05,28242143086.05,2315215955,2294243955,False
2022-08-11,12.39,7.156982,1.526294,28685525682.45,28425682602.45,2315215955,2294243955,False
2022-08-12,12.64,7.301392,1.557091,29264329671.2,28999243591.2,2315215955,2294243955,False
2022-08-15,12.73,7.35338,1.568178,29472699107.15,29205725547.15,2315215955,2294243955,False
2022-08-16,12.72,7.347603,1.566946,29449546947.6,29182783107.6,2315215955,2294243955,False
2022-08-17,12.68,7.324498,1.562019,29356938309.4,29091013349.4,2315215955,2294243955,False
2022-08-18,12.44,7.185864,1.532454,28801286480.2,28540394800.2,2315215955,2294243955,False
2022-08-19,12.8,7.393815,1.576801,29634764224.0,29366322624.0,2315215955,2294243955,False
2022-08-22,13.01,5.760044,1.580431,30120959574.55,29848113854.55,2315215955,2294243955,False
2022-08-23,13.8,6.109808,1.676399,31949980179.0,31660566579.0,2315215955,2294243955,False
2022-08-24,14.2,6.286904,1.72499,32876066561.0,32578264161.0,2315215955,2294243955,False
2022-08-25,14.97,6.627814,1.818529,34658782846.35,34344832006.35,2315215955,2294243955,False
2022-08-26,14.33,6.34446,1.740783,33177044635.15,32876515875.15,2315215955,2294243955,False
2022-08-29,14.81,6.556975,1.799092,34288348293.55,33977752973.55,2315215955,2294243955,False
2022-08-30,13.86,6.136373,1.683688,32088893136.3,31798221216.3,2315215955,2294243955,False
2022-08-31,13.1,5.799891,1.591364,30329329010.5,30054595810.5,2315215955,2294243955,False
2022-09-01,13.52,5.985841,1.642385,31301719711.6,31018178271.6,2315215955,2294243955,False
2022-09-02,13.16,5.826455,1.598653,30468241967.8,30192250447.8,2315215955,2294243955,False
2022-09-05,13.78,6.100954,1.67397,31903675859.9,31614681699.9,2315215955,2294243955,False
2022-09-06,14.34,6.348888,1.741997,33200196794.7,32899458314.7,2315215955,2294243955,False
2022-09-07,14.04,6.216066,1.705554,32505632008.2,32211185128.2,2315215955,2294243955,False
2022-09-08,13.91,6.15851,1.689762,32204653934.05,31912933414.05,2315215955,2294243955,False
2022-09-09,14.21,6.291332,1.726205,32899218720.55,32601206600.55,2315215955,2294243955,False
2022-09-13,13.93,6.167364,1.692191,32250958253.15,31958818293.15,2315215955,2294243955,False
2022-09-14,13.61,6.025688,1.653318,31510089147.55,31224660227.55,2315215955,2294243955,False
2022-09-15,13.78,6.100954,1.67397,31903675859.9,31614681699.9,2315215955,2294243955,False
2022-09-16,12.9,5.711343,1.567069,29866285819.5,29595747019.5,2315215955,2294243955,False
2022-09-19,13.17,5.830882,1.599868,30491394127.35,30215192887.35,2315215955,2294243955,False
2022-09-20,13.37,5.91943,1.624164,30954437318.35,30674041678.35,2315215955,2294243955,False
2022-09-21,13.4,5.932712,1.627808,31023893797.0,30742868997.0,2315215955,2294243955,False
2022-09-22,13.95,6.176219,1.694621,32297262572.25,32004703172.25,2315215955,2294243955,False
2022-09-23,13.8,6.109808,1.676399,31949980179.0,31660566579.0,2315215955,2294243955,False
2022-09-26,13.1,5.799891,1.591364,30329329010.5,30054595810.5,2315215955,2294243955,False
2022-09-27,13.03,5.768899,1.582861,30167263893.65,29893998733.65,2315215955,2294243955,False
2022-09-28,12.9,5.711343,1.567069,29866285819.5,29595747019.5,2315215955,2294243955,False
2022-09-29,13.42,5.941567,1.630237,31070198116.1,30788753876.1,2315215955,2294243955,False
2022-09-30,13.64,6.03897,1.656963,31579545626.2,31293487546.2,2315215955,2294243955,False
2022-10-10,13.6,6.02126,1.652104,31486936988.0,31201717788.0,2315215955,2294243955,False
2022-10-11,13.61,6.025688,1.653318,31510089147.55,31224660227.55,2315215955,2294243955,False
2022-10-12,13.78,6.100954,1.67397,31903675859.9,31614681699.9,2315215955,2294243955,False
2022-10-13,12.9,5.711343,1.567069,29866285819.5,29595747019.5,2315215955,2294243955,False
2022-10-14,12.94,5.729052,1.571928,29958894457.7,29687516777.7,2315215955,2294243955,False
2022-10-17,12.37,5.476691,1.502685,28639221363.35,28379797723.35,2315215955,2294243955,False
2022-10-18,12.28,5.436844,1.491752,28430851927.4,28173315767.4,2315215955,2294243955,False
2022-10-19,12.2,5.401425,1.482034,28245634651.0,27989776251.0,2315215955,2294243955,False
2022-10-20,11.85,5.246466,1.439517,27435309066.75,27186790866.75,2315215955,2294243955,False
2022-10-21,12.02,5.321732,1.460168,27828895779.1,27576812339.1,2315215955,2294243955,False
2022-10-24,11.77,5.211047,1.429798,27250091790.35,27003251350.35,2315215955,2294243955,False
2022-10-25,11.5,5.091507,1.396999,26624983482.5,26383805482.5,2315215955,2294243955,False
2022-10-26,11.45,4.507229,1.279398,26509222684.75,26269093284.75,2315215955,2294243955,False
2022-10-27,11.63,4.578085,1.299511,26925961556.65,26682057196.65,2315215955,2294243955,False
2022-10-28,11.55,4.546594,1.290572,26740744280.25,26498517680.25,2315215955,2294243955,False
2022-10-31,11.02,4.337962,1.231351,25513679824.1,25282568384.1,2315215955,2294243955,False
2022-11-01,11.22,4.416691,1.253698,25976723015.1,25741417175.1,2315215955,2294243955,False
2022-11-02,11.19,4.404882,1.250346,25907266536.45,25672589856.45,2315215955,2294243955,False
2022-11-03,11.22,4.416691,1.253698,25976723015.1,25741417175.1,2315215955,2294243955,False
2022-11-04,11.73,4.61745,1.310685,27157483152.15,26911481592.15,2315215955,2294243955,False
2022-11-07,11.97,4.711924,1.337502,27713134981.35,27462100141.35,2315215955,2294243955,False
2022-11-08,12.0,4.723734,1.340854,27782591460.0,27530927460.0,2315215955,2294243955,False
2022-11-09,11.84,4.660751,1.322976,27412156907.2,27163848427.2,2315215955,2294243955,False
2022-11-10,11.73,4.61745,1.310685,27157483152.15,26911481592.15,2315215955,2294243955,False
2022-11-11,12.29,4.837891,1.373258,28454004086.95,28196258206.95,2315215955,2294243955,False
2022-11-14,12.32,4.8497,1.37661,28523460565.6,28265085525.6,2315215955,2294243955,False
2022-11-15,12.37,4.869382,1.382197,28639221363.35,28379797723.35,2315215955,2294243955,False
2022-11-16,12.41,4.885128,1.386666,28731830001.55,28471567481.55,2315215955,2294243955,False
2022-11-17,11.69,4.601704,1.306215,27064874513.95,26819711833.95,2315215955,2294243955,False
2022-11-18,11.22,4.416691,1.253698,25976723015.1,25741417175.1,2315215955,2294243955,False
2022-11-21,11.1,4.369454,1.24029,25698897100.5,25466107900.5,2315215955,2294243955,False
2022-11-22,10.94,4.30647,1.222412,25328462547.7,25099028867.7,2315215955,2294243955,False
2022-11-23,11.23,4.420627,1.254816,25999875174.65,25764359614.65,2315215955,2294243955,False
2022-11-24,11.32,4.456055,1.264872,26208244610.6,25970841570.6,2315215955,2294243955,False
2022-11-25,11.65,4.585958,1.301746,26972265875.75,26727942075.75,2315215955,2294243955,False
2022-11-28,11.61,4.570212,1.297276,26879657237.55,26636172317.55,2315215955,2294243955,False
2022-11-29,12.18,4.79459,1.360967,28199330331.9,27943891371.9,2315215955,2294243955,False
2022-11-30,12.32,4.8497,1.37661,28523460565.6,28265085525.6,2315215955,2294243955,False
2022-12-01,12.3,4.841827,1.374375,28477156246.5,28219200646.5,2315215955,2294243955,False
2022-12-02,12.23,4.814272,1.366554,28315091129.65,28058603569.65,2315215955,2294243955,False
2022-12-05,12.37,4.869382,1.382197,28639221363.35,28379797723.35,2315215955,2294243955,False
2022-12-06,12.34,4.857573,1.378845,28569764884.7,28310970404.7,2315215955,2294243955,False
2022-12-07,12.14,4.778844,1.356497,28106721693.7,27852121613.7,2315215955,2294243955,False
2022-12-08,12.14,4.778844,1.356497,28106721693.7,27852121613.7,2315215955,2294243955,False
2022-12-09,12.28,4.833954,1.37214,28430851927.4,28173315767.4,2315215955,2294243955,False
2022-12-12,12.02,4.731607,1.343089,27828895779.1,27576812339.1,2315215955,2294243955,False
2022-12-13,11.98,4.715861,1.338619,27736287140.9,27485042580.9,2315215955,2294243955,False
2022-12-14,12.13,4.774907,1.35538,28083569534.15,27829179174.15,2315215955,2294243955,False
2022-12-15,11.82,4.652878,1.320741,27365852588.1,27117963548.1,2315215955,2294243955,False
2022-12-16,11.84,4.660751,1.322976,27412156907.2,27163848427.2,2315215955,2294243955,False
2022-12-19,11.5,4.526911,1.284985,26624983482.5,26383805482.5,2315215955,2294243955,False
2022-12-20,11.33,4.459992,1.265989,26231396770.15,25993784010.15,2315215955,2294243955,False
2022-12-21,11.38,4.479674,1.271576,26347157567.9,26108496207.9,2315215955,2294243955,False
2022-12-22,11.08,4.361581,1.238055,25652592781.4,25420223021.4,2315215955,2294243955,False
2022-12-23,11.1,4.369454,1.24029,25698897100.5,25466107900.5,2315215955,2294243955,False
2022-12-26,11.12,4.377327,1.242525,25745201419.6,25511992779.6,2315215955,2294243955,False
2022-12-27,11.39,4.483611,1.272694,26370309727.45,26131438647.45,2315215955,2294243955,False
2022-12-28,11.23,4.420627,1.254816,25999875174.65,25764359614.65,2315215955,2294243955,False
2022-12-29,10.92,4.298598,1.220177,25282158228.6,25053143988.6,2315215955,2294243955,False
2022-12-30,10.81,4.255297,1.207886,25027484473.55,24800777153.55,2315215955,2294243955,False
2023-01-03,10.73,4.223805,1.198947,24842267197.15,24617237637.15,2315215955,2294243955,False
2023-01-04,10.35,4.07422,1.156486,23962485134.25,23745424934.25,2315215955,2294243955,False
2023-01-05,10.41,4.097839,1.163191,24101398091.55,23883079571.55,2315215955,2294243955,False
2023-01-06,10.63,4.184441,1.187773,24610745601.65,24387813241.65,2315215955,2294243955,False
2023-01-09,10.73,4.223805,1.198947,24842267197.15,24617237637.15,2315215955,2294243955,False
2023-01-10,10.58,4.164758,1.182186,24494984803.9,24273101043.9,2315215955,2294243955,False
2023-01-11,11.07,4.357644,1.236938,25629440621.85,25397280581.85,2315215955,2294243955,False
2023-01-12,11.17,4.397009,1.248111,25860962217.35,25626704977.35,2315215955,2294243955,False
2023-01-13,11.18,4.400945,1.249229,25884114376.9,25649647416.9,2315215955,2294243955,False
2023-01-16,11.18,4.400945,1.249229,25884114376.9,25649647416.9,2315215955,2294243955,False
2023-01-17,11.15,4.389136,1.245877,25814657898.25,25580820098.25,2315215955,2294243955,False
2023-01-18,11.2,4.408818,1.251464,25930418696.0,25695532296.0,2315215955,2294243955,False
2023-01-19,11.3,4.448183,1.262637,26161940291.5,25924956691.5,2315215955,2294243955,False
2023-01-20,11.48,4.519039,1.28275,26578679163.4,26337920603.4,2315215955,2294243955,False
2023-01-30,11.27,4.436373,1.259285,26092483812.85,25856129372.85,2315215955,2294243955,False
2023-01-31,11.27,4.436373,1.259285,26092483812.85,25856129372.85,2315215955,2294243955,False
2023-02-01,11.26,4.432437,1.258168,26069331653.3,25833186933.3,2315215955,2294243955,False
2023-02-02,11.34,4.463928,1.267107,26254548929.7,26016726449.7,2315215955,2294243955,False
2023-02-03,11.19,4.404882,1.250346,25907266536.45,25672589856.45,2315215955,2294243955,False
2023-02-06,11.11,4.37339,1.241407,25722049260.05,25489050340.05,2315215955,2294243955,False
2023-02-07,11.25,4.4285,1.25705,26046179493.75,25810244493.75,2315215955,2294243955,False
2023-02-08,11.12,4.377327,1.242525,25745201419.6,25511992779.6,2315215955,2294243955,False
2023-02-09,11.19,4.404882,1.250346,25907266536.45,25672589856.45,2315215955,2294243955,False
2023-02-10,11.0,4.330089,1.229116,25467375505.0,25236683505.0,2315215955,2294243955,False
2023-02-13,10.91,4.294661,1.21906,25259006069.05,25030201549.05,2315215955,2294243955,False
2023-02-14,11.07,4.357644,1.236938,25629440621.85,25397280581.85,2315215955,2294243955,False
2023-02-15,11.08,4.361581,1.238055,25652592781.4,25420223021.4,2315215955,2294243955,False
2023-02-16,10.81,4.255297,1.207886,25027484473.55,24800777153.55,2315215955,2294243955,False
2023-02-17,11.35,4.467865,1.268224,26277701089.25,26039668889.25,2315215955,2294243955,False
2023-02-20,11.87,4.67256,1.326328,27481613385.85,27232675745.85,2315215955,2294243955,False
2023-02-21,12.18,4.79459,1.360967,28199330331.9,27943891371.9,2315215955,2294243955,False
2023-02-22,12.23,4.814272,1.366554,28315091129.65,28058603569.65,2315215955,2294243955,False
2023-02-23,12.22,4.810335,1.365436,28291938970.1,28035661130.1,2315215955,2294243955,False
2023-02-24,12.15,4.78278,1.357614,28129873853.25,27875064053.25,2315215955,2294243955,False
2023-02-27,12.24,4.818208,1.367671,28338243289.2,28081546009.2,2315215955,2294243955,False
2023-02-28,12.01,4.72767,1.341971,27805743619.55,27553869899.55,2315215955,2294243955,False
2023-03-01,12.04,4.739479,1.345323,27875200098.2,27622697218.2,2315215955,2294243955,False
2023-03-02,12.07,4.751289,1.348675,27944656576.85,27691524536.85,2315215955,2294243955,False
2023-03-03,12.06,4.747352,1.347558,27921504417.3,27668582097.3,2315215955,2294243955,False
2023-03-06,11.63,4.578085,1.299511,26925961556.65,26682057196.65,2315215955,2294243955,False
2023-03-07,11.66,4.589895,1.302863,26995418035.3,26750884515.3,2315215955,2294243955,False
2023-03-08,11.66,4.589895,1.302863,26995418035.3,26750884515.3,2315215955,2294243955,False
2023-03-09,11.56,4.55053,1.291689,26763896439.8,26521460119.8,2315215955,2294243955,False
2023-03-10,11.21,4.412755,1.252581,25953570855.55,25718474735.55,2315215955,2294243955,False
2023-03-13,11.28,4.561811,1.260403,26115635972.4,25879071812.4,2315215955,2294243955,False
2023-03-14,11.11,4.49306,1.241407,25722049260.05,25489050340.05,2315215955,2294243955,False
2023-03-15,11.05,4.468795,1.234703,25583136302.75,25351395702.75,2315215955,2294243955,False
2023-03-16,10.4,4.205925,1.162073,24078245932.0,23860137132.0,2315215955,2294243955,False
2023-03-17,10.26,4.149306,1.14643,23754115698.3,23538942978.3,2315215955,2294243955,False
2023-03-20,10.12,4.092688,1.130787,23429985464.6,23217748824.6,2315215955,2294243955,False
2023-03-21,10.27,4.153351,1.147547,23777267857.85,23561885417.85,2315215955,2294243955,False
2023-03-22,10.3,4.165483,1.1509,23846724336.5,23630712736.5,2315215955,2294243955,False
2023-03-23,10.36,4.189748,1.157604,23985637293.8,23768367373.8,2315215955,2294243955,False
2023-03-24,10.25,4.145262,1.145313,23730963538.75,23516000538.75,2315215955,2294243955,False
2023-03-27,10.3,4.165483,1.1509,23846724336.5,23630712736.5,2315215955,2294243955,False
2023-03-28,10.19,4.120997,1.138608,23592050581.45,23378345901.45,2315215955,2294243955,False
2023-03-29,10.06,4.068423,1.124082,23291072507.3,23080094187.3,2315215955,2294243955,False
2023-03-30,10.4,4.205925,1.162073,24078245932.0,23860137132.0,2315215955,2294243955,False
2023-03-31,10.37,4.193792,1.158721,24008789453.35,23791309813.35,2315215955,2294243955,False
2023-04-03,10.4,4.205925,1.162073,24078245932.0,23860137132.0,2315215955,2294243955,False
2023-04-04,10.41,4.209969,1.163191,24101398091.55,23883079571.55,2315215955,2294243955,False
2023-04-06,10.34,4.18166,1.155369,23939332974.7,23722482494.7,2315215955,2294243955,False
2023-04-07,10.06,4.068423,1.111142,23291072507.3,23080094187.3,2315215955,2294243955,False
2023-04-10,9.83,3.975408,1.085738,22758572837.65,22552418077.65,2315215955,2294243955,False
2023-04-11,9.86,3.98754,1.089052,22828029316.3,22621245396.3,2315215955,2294243955,False
2023-04-12,9.96,4.027982,1.100097,23059550911.8,22850669791.8,2315215955,2294243955,False
2023-04-13,9.89,3.999673,1.092365,22897485794.95,22690072714.95,2315215955,2294243955,False
2023-04-14,9.92,4.011805,1.095679,22966942273.6,22758900033.6,2315215955,2294243955,False
2023-04-17,10.05,4.064379,1.110038,23267920347.75,23057151747.75,2315215955,2294243955,False
2023-04-18,10.4,4.205925,1.148696,24078245932.0,23860137132.0,2315215955,2294243955,False
2023-04-19,10.45,4.226145,1.154218,24194006729.75,23974849329.75,2315215955,2294243955,False
2023-04-20,10.36,4.189748,1.144277,23985637293.8,23768367373.8,2315215955,2294243955,False
2023-04-21,10.13,4.096732,1.118874,23453137624.15,23240691264.15,2315215955,2294243955,False
2023-04-24,9.99,4.040114,1.10341,23129007390.45,22919497110.45,2315215955,2294243955,False
2023-04-25,9.84,3.979452,1.086843,22781724997.2,22575360517.2,2315215955,2294243955,False
2023-04-26,10.12,4.092688,1.117769,23429985464.6,23217748824.6,2315215955,2294243955,False
2023-04-27,10.06,4.068423,1.111142,23291072507.3,23080094187.3,2315215955,2294243955,False
2023-04-28,9.62,4.249813,0.99164,22272377487.1,22070626847.1,2315215955,2294243955,False
2023-05-04,9.55,4.21889,0.984425,22110312370.25,21910029770.25,2315215955,2294243955,False
2023-05-05,9.53,4.210054,0.982363,22064008051.15,21864144891.15,2315215955,2294243955,False
2023-05-08,9.97,4.404432,1.027719,23082703071.35,22873612231.35,2315215955,2294243955,False
2023-05-09,9.88,4.364673,1.018441,22874333635.4,22667130275.4,2315215955,2294243955,False
2023-05-10,9.91,4.377926,1.021534,22943790114.05,22735957594.05,2315215955,2294243955,False
2023-05-11,9.99,4.413268,1.02978,23129007390.45,22919497110.45,2315215955,2294243955,False
2023-05-12,9.82,4.338167,1.012257,22735420678.1,22529475638.1,2315215955,2294243955,False
2023-05-15,10.07,4.448609,1.038027,23314224666.85,23103036626.85,2315215955,2294243955,False
2023-05-16,10.03,4.430939,1.033904,23221616028.65,23011266868.65,2315215955,2294243955,False
2023-05-17,9.96,4.400015,1.026688,23059550911.8,22850669791.8,2315215955,2294243955,False
2023-05-18,9.96,4.400015,1.026688,23059550911.8,22850669791.8,2315215955,2294243955,False
2023-05-19,9.85,4.35142,1.015349,22804877156.75,22598302956.75,2315215955,2294243955,False
2023-05-22,9.74,4.302826,1.00401,22550203401.7,22345936121.7,2315215955,2294243955,False
2023-05-23,9.83,4.342585,1.013287,22758572837.65,22552418077.65,2315215955,2294243955,False
2023-05-24,9.72,4.29399,1.001948,22503899082.6,22300051242.6,2315215955,2294243955,False
2023-05-25,9.55,4.21889,0.984425,22110312370.25,21910029770.25,2315215955,2294243955,False
2023-05-26,9.33,4.121701,0.961747,21600964860.15,21405296100.15,2315215955,2294243955,False
2023-05-29,9.41,4.157042,0.969993,21786182136.55,21588835616.55,2315215955,2294243955,False
2023-05-30,8.31,3.671097,0.856604,19239444586.05,19065167266.05,2315215955,2294243955,False
2023-05-31,7.99,3.529731,0.823618,18498575480.45,18331009200.45,2315215955,2294243955,False
2023-06-01,7.83,3.459048,0.807125,18128140927.65,17963930167.65,2315215955,2294243955,False
2023-06-02,7.95,3.51206,0.819495,18405966842.25,18239239442.25,2315215955,2294243955,False
2023-06-05,7.82,3.45463,0.806094,18104988768.1,17940987728.1,2315215955,2294243955,False
2023-06-06,7.72,3.410453,0.795786,17873467172.6,17711563332.6,2315215955,2294243955,False
2023-06-07,7.65,3.379529,0.788571,17711402055.75,17550966255.75,2315215955,2294243955,False
2023-06-08,7.7,3.401618,0.793725,17827162853.5,17665678453.5,2315215955,2294243955,False
2023-06-09,7.64,3.375112,0.78754,17688249896.2,17528023816.2,2315215955,2294243955,False
2023-06-12,7.63,3.370694,0.786509,17665097736.65,17505081376.65,2315215955,2294243955,False
2023-06-13,7.55,3.335353,0.778262,17479880460.25,17321541860.25,2315215955,2294243955,False
2023-06-14,7.49,3.308846,0.772078,17340967502.95,17183887222.95,2315215955,2294243955,False
2023-06-15,7.53,3.326517,0.776201,17433576141.15,17275656981.15,2315215955,2294243955,False
2023-06-16,7.56,3.33977,0.779293,17503032619.8,17344484299.8,2315215955,2294243955,False
2023-06-19,7.53,3.326517,0.776201,17433576141.15,17275656981.15,2315215955,2294243955,False
2023-06-20,7.42,3.277923,0.764862,17178902386.1,17023290146.1,2315215955,2294243955,False
2023-06-21,7.33,3.238163,0.755585,16970532950.15,16816808190.15,2315215955,2294243955,False
2023-06-26,7.23,3.193987,0.745277,16739011354.65,16587383794.65,2315215955,2294243955,False
2023-06-27,7.41,3.273505,0.763831,17155750226.55,17000347706.55,2315215955,2294243955,False
2023-06-28,7.53,3.326517,0.776201,17433576141.15,17275656981.15,2315215955,2294243955,False
2023-06-29,7.36,3.251417,0.758677,17039989428.8,16885635508.8,2315215955,2294243955,False
2023-06-30,7.54,3.330935,0.777232,17456728300.7,17298599420.7,2315215955,2294243955,False
2023-07-03,7.69,3.3972,0.792694,17804010693.95,17642736013.95,2315215955,2294243955,False
2023-07-04,7.68,3.392782,0.791663,17780858534.4,17619793574.4,2315215955,2294243955,False
2023-07-05,7.7,3.401618,0.793725,17827162853.5,17665678453.5,2315215955,2294243955,False
2023-07-06,7.7,3.401618,0.793725,17827162853.5,17665678453.5,2315215955,2294243955,False
2023-07-07,7.76,3.428124,0.799909,17966075810.8,17803333090.8,2315215955,2294243955,False
2023-07-10,7.75,3.423706,0.798879,17942923651.25,17780390651.25,2315215955,2294243955,False
2023-07-11,7.66,3.383947,0.789601,17734554215.3,17573908695.3,2315215955,2294243955,False
2023-07-12,7.62,3.366276,0.785478,17641945577.1,17482138937.1,2315215955,2294243955,False
2023-07-13,7.72,3.410453,0.795786,17873467172.6,17711563332.6,2315215955,2294243955,False
2023-07-14,7.77,3.432542,0.80094,17989227970.35,17826275530.35,2315215955,2294243955,False
2023-07-17,7.68,3.392782,0.791663,17780858534.4,17619793574.4,2315215955,2294243955,False
2023-07-18,7.67,3.388365,0.790632,17757706374.85,17596851134.85,2315215955,2294243955,False
2023-07-19,7.74,3.419289,0.797848,17919771491.7,17757448211.7,2315215955,2294243955,False
2023-07-20,7.78,3.436959,0.801971,18012380129.9,17849217969.9,2315215955,2294243955,False
2023-07-21,7.72,3.410453,0.795786,17873467172.6,17711563332.6,2315215955,2294243955,False
2023-07-24,7.61,3.361859,0.784447,17618793417.55,17459196497.55,2315215955,2294243955,False
2023-07-25,7.78,3.436959,0.801971,18012380129.9,17849217969.9,2315215955,2294243955,False
2023-07-26,7.82,3.45463,0.806094,18104988768.1,17998364006.5,2315215955,2301581075,False
2023-07-27,7.84,3.463465,0.808156,18151293087.2,18044395628.0,2315215955,2301581075,False
2023-07-28,8.01,3.538566,0.82568,18544879799.55,18435664410.75,2315215955,2301581075,False
2023-07-31,8.0,3.534148,0.824649,18521727640.0,18412648600.0,2315215955,2301581075,False
2023-08-01,8.06,3.560655,0.830834,18660640597.3,18550743464.5,2315215955,2301581075,False
2023-08-02,7.97,3.520895,0.821557,18452271161.35,18343601167.75,2315215955,2301581075,False
2023-08-03,7.95,3.51206,0.819495,18405966842.25,18297569546.25,2315215955,2301581075,False
2023-08-04,7.9,3.489972,0.814341,18290206044.5,18182490492.5,2315215955,2301581075,False
2023-08-07,7.81,3.450212,0.805064,18081836608.55,17975348195.75,2315215955,2301581075,False
2023-08-08,7.83,3.459048,0.807125,18128140927.65,18021379817.25,2315215955,2301581075,False
2023-08-09,7.76,3.428124,0.799909,17966075810.8,17860269142.0,2315215955,2301581075,False
2023-08-10,7.96,3.516478,0.820526,18429119001.8,18320585357.0,2315215955,2301581075,False
2023-08-11,7.75,3.423706,0.798879,17942923651.25,17837253331.25,2315215955,2301581075,False
2023-08-14,7.71,3.406036,0.794755,17850315013.05,17745190088.25,2315215955,2301581075,False
2023-08-15,7.72,3.410453,0.795786,17873467172.6,17768205899.0,2315215955,2301581075,False
2023-08-16,7.7,3.401618,0.793725,17827162853.5,17722174277.5,2315215955,2301581075,False
2023-08-17,7.58,3.348606,0.781355,17549336938.9,17445984548.5,2315215955,2301581075,False
2023-08-18,7.73,3.895764,0.821673,17896619332.15,17791221709.75,2315215955,2301581075,False
2023-08-21,7.51,3.784888,0.798288,17387271822.05,17284873873.25,2315215955,2301581075,False
2023-08-22,7.69,3.875605,0.817421,17804010693.95,17699158466.75,2315215955,2301581075,False
2023-08-23,8.1,4.082236,0.861003,18753249235.5,18642806707.5,2315215955,2301581075,False
2023-08-24,8.13,4.097356,0.864192,18822705714.15,18711854139.75,2315215955,2301581075,False
2023-08-25,7.98,4.021759,0.848247,18475423320.9,18366616978.5,2315215955,2301581075,False
2023-08-28,8.44,4.25359,0.897144,19540422660.2,19425344273.0,2315215955,2301581075,False
2023-08-29,8.57,4.319107,0.910962,19841400734.35,19724549812.75,2315215955,2301581075,False
2023-08-30,8.47,4.268709,0.900333,19609879138.85,19494391705.25,2315215955,2301581075,False
2023-08-31,8.55,4.306516,0.908307,19783560071.25,19678518191.25,2313866675,2301581075,False
2023-09-01,9.21,4.638949,0.978422,21310712076.75,21197561700.75,2313866675,2301581075,False
2023-09-04,9.58,4.825313,1.017729,22166842746.5,22049146698.5,2313866675,2301581075,False
2023-09-05,9.74,4.905902,1.034726,22537061414.5,22417399670.5,2313866675,2301581075,False
2023-09-06,9.95,5.011677,1.057035,23022973416.25,22900731696.25,2313866675,2301581075,False
2023-09-07,9.94,5.00664,1.055973,22999834749.5,22877715885.5,2313866675,2301581075,False
2023-09-08,9.69,4.880718,1.029414,22421368080.75,22302320616.75,2313866675,2301581075,False
2023-09-11,9.88,4.976419,1.049599,22861002749.0,22739621021.0,2313866675,2301581075,False
2023-09-12,9.82,4.946197,1.043225,22722170748.5,22601526156.5,2313866675,2301581075,False
2023-09-13,10.13,5.10234,1.076158,23439469417.75,23315016289.75,2313866675,2301581075,False
2023-09-14,10.99,5.53551,1.167519,25429394758.25,25294376014.25,2313866675,2301581075,False
2023-09-15,10.87,5.475068,1.154771,25151730757.25,25018186285.25,2313866675,2301581075,False
2023-09-18,10.84,5.459957,1.151584,25082314757.0,24949138853.0,2313866675,2301581075,False
2023-09-19,10.65,5.364257,1.1314,24642680088.75,24511838448.75,2313866675,2301581075,False
2023-09-20,10.42,5.248409,1.106966,24110490753.5,23982474801.5,2313866675,2301581075,False
2023-09-21,10.5,5.288704,1.115464,24295600087.5,24166601287.5,2313866675,2301581075,False
2023-09-22,10.5,5.288704,1.115464,24295600087.5,24166601287.5,2313866675,2301581075,False
2023-09-25,10.57,5.323962,1.122901,24457570754.75,24327711962.75,2313866675,2301581075,False
2023-09-26,10.38,5.228262,1.102716,24017936086.5,23890411558.5,2313866675,2301581075,False
2023-09-27,10.22,5.147672,1.085719,23647717418.5,23522158586.5,2313866675,2301581075,False
2023-09-28,10.31,5.193004,1.09528,23855965419.25,23729300883.25,2313866675,2301581075,False
2023-10-09,10.41,5.243394,1.105908,24087451918.65,23959558822.65,2313876265,2301590665,False
2023-10-10,10.08,5.077177,1.07085,23323872751.2,23200033903.2,2313876265,2301590665,False
2023-10-11,10.09,5.646325,1.041882,23347011513.85,23223049809.85,2313876265,2301590665,False
2023-10-12,10.03,5.612749,1.035686,23208178937.95,23084954369.95,2313876265,2301590665,False
2023-10-13,10.19,5.702285,1.052208,23578399140.35,23453208876.35,2313876265,2301590665,False
2023-10-16,10.26,5.741456,1.059436,23740370478.9,23614320222.9,2313876265,2301590665,False
2023-10-17,10.37,5.803012,1.070794,23994896868.05,23867495196.05,2313876265,2301590665,False
2023-10-18,10.41,5.825396,1.074925,24087451918.65,23959558822.65,2313876265,2301590665,False
2023-10-19,10.2,5.707881,1.05324,23601537903.0,23476224783.0,2313876265,2301590665,False
2023-10-20,10.13,5.668709,1.046012,23439566564.45,23315113436.45,2313876265,2301590665,False
2023-10-23,9.92,5.551194,1.024328,22953652548.8,22831779396.8,2313876265,2301590665,False
2023-10-24,10.11,5.657517,1.043947,23393289039.15,23269081623.15,2313876265,2301590665,False
2023-10-25,10.32,5.775032,1.065631,23879203054.8,23752415662.8,2313876265,2301590665,False
2023-10-26,10.19,5.702285,1.052208,23578399140.35,23453208876.35,2313876265,2301590665,False
2023-10-27,10.16,5.685497,1.04911,23508982852.4,23384161156.4,2313876265,2301590665,False
2023-10-30,10.06,5.629537,1.038784,23277595225.9,23154002089.9,2313876265,2301590665,False
2023-10-31,10.0,5.595961,1.032589,23138762650.0,23015906650.0,2313876265,2301590665,False
2023-11-01,9.98,5.584769,1.030523,23092485124.7,22969874836.7,2313876265,2301590665,False
2023-11-02,9.91,5.545598,1.023295,22930513786.15,22808763490.15,2313876265,2301590665,False
2023-11-03,10.01,5.601557,1.033621,23161901412.65,23038922556.65,2313876265,2301590665,False
2023-11-06,9.82,5.495234,1.014002,22722264922.3,22601620330.3,2313876265,2301590665,False
2023-11-07,10.03,5.612749,1.035686,23208178937.95,23084954369.95,2313876265,2301590665,False
2023-11-08,9.82,5.495234,1.014002,22722264922.3,22601620330.3,2313876265,2301590665,False
2023-11-09,10.52,5.886951,1.086283,24341978307.8,24212733795.8,2313876265,2301590665,False
2023-11-10,10.61,5.937315,1.095577,24550227171.65,24419876955.65,2313876265,2301590665,False
2023-11-13,10.62,5.942911,1.096609,24573365934.3,24442892862.3,2313876265,2301590665,False
2023-11-14,10.47,5.858971,1.08112,24226284494.55,24097654262.55,2313876265,2301590665,False
2023-11-15,10.61,5.937315,1.095577,24550227171.65,24419876955.65,2313876265,2301590665,False
2023-11-16,10.71,5.993275,1.105902,24781614798.15,24650036022.15,2313876265,2301590665,False
2023-11-17,10.62,5.942911,1.096609,24573365934.3,24442892862.3,2313876265,2301590665,False
2023-11-20,10.5,5.875759,1.084218,24295700782.5,24166701982.5,2313876265,2301590665,False
2023-11-21,10.65,5.959699,1.099707,24642782222.25,24511940582.25,2313876265,2301590665,False
2023-11-22,10.62,5.942911,1.096609,24573365934.3,24442892862.3,2313876265,2301590665,False
2023-11-23,10.78,6.032446,1.113131,24943586136.7,24811147368.7,2313876265,2301590665,False
2023-11-24,10.86,6.077214,1.121391,25128696237.9,24995274621.9,2313876265,2301590665,False
2023-11-27,11.26,6.301052,1.162695,26054246743.9,25915910887.9,2313876265,2301590665,False
2023-11-28,11.24,6.28986,1.16063,26007969218.6,25869879074.6,2313876265,2301590665,False
2023-11-29,11.8,6.603234,1.218455,27303739927.0,27158769847.0,2313876265,2301590665,False
2023-11-30,11.74,6.569659,1.212259,27164907351.1,27020674407.1,2313876265,2301590665,False
2023-12-01,11.68,6.536083,1.206064,27026074775.2,26882578967.2,2313876265,2301590665,False
2023-12-04,11.78,6.592042,1.216389,27257462401.7,27112738033.7,2313876265,2301590665,False
2023-12-05,11.51,6.440951,1.18851,26632715810.15,26491308554.15,2313876265,2301590665,False
2023-12-06,11.6,6.491315,1.197803,26840964674.0,26698451714.0,2313876265,2301590665,False
2023-12-07,11.53,6.452143,1.190575,26678993335.45,26537340367.45,2313876265,2301590665,False
2023-12-08,11.32,6.334628,1.16889,26193079319.8,26054006327.8,2313876265,2301590665,False
2023-12-11,11.74,6.569659,1.212259,27164907351.1,27020674407.1,2313876265,2301590665,False
2023-12-12,11.78,6.592042,1.216389,27257462401.7,27112738033.7,2313876265,2301590665,False
2023-12-13,11.6,6.491315,1.197803,26840964674.0,26698451714.0,2313876265,2301590665,False
2023-12-14,11.74,6.569659,1.212259,27164907351.1,27020674407.1,2313876265,2301590665,False
2023-12-15,11.62,6.502507,1.199868,26887242199.3,26744483527.3,2313876265,2301590665,False
2023-12-18,11.76,6.58085,1.214324,27211184876.4,27066706220.4,2313876265,2301590665,False
2023-12-19,11.72,6.558467,1.210194,27118629825.8,26974642593.8,2313876265,2301590665,False
2023-12-20,11.76,6.58085,1.214324,27211184876.4,27066706220.4,2313876265,2301590665,False
2023-12-21,11.73,6.564063,1.211226,27141768588.45,26997658500.45,2313876265,2301590665,False
2023-12-22,11.82,6.614426,1.22052,27350017452.3,27204801660.3,2313876265,2301590665,False
2023-12-25,12.02,6.726345,1.241172,27812792705.3,27665119793.3,2313876265,2301590665,False
2023-12-26,11.47,6.418568,1.184379,26540160759.55,26399244927.55,2313876265,2301590665,False
2023-12-27,11.77,6.586446,1.215357,27234323639.05,27089722127.05,2313876265,2301590665,False
2023-12-28,11.38,6.368204,1.175086,26331911895.7,26192101767.7,2313876265,2301590665,False
2023-12-29,11.56,6.468931,1.193672,26748409623.4,26606388087.4,2313876265,2301590665,False
2024-01-02,12.18,6.815881,1.257693,28570374081.06,28420735473.06,2345679317,2333393717,False
2024-01-03,12.36,7.011673,1.293821,28992596358.12,28840746342.12,2345679317,2333393717,False
2024-01-04,12.29,6.971963,1.286494,28828398805.93,28677408781.93,2345679317,2333393717,False
2024-01-05,12.06,6.841487,1.262418,28288892563.02,28140728227.02,2345679317,2333393717,False
2024-01-08,11.95,6.779086,1.250903,28030867838.15,27884054918.15,2345679317,2333393717,False
2024-01-09,12.11,6.869852,1.267652,28406176528.87,28257397912.87,2345679317,2333393717,False
2024-01-10,11.88,6.739375,1.243576,27866670285.96,27720717357.96,2345679317,2333393717,False
2024-01-11,11.48,6.51246,1.201705,26928398559.16,26787359871.16,2345679317,2333393717,False
2024-01-12,11.51,6.529479,1.204845,26998768938.67,26857361682.67,2345679317,2333393717,False
2024-01-15,11.2,6.35362,1.172395,26271608350.4,26134009630.4,2345679317,2333393717,False
2024-01-16,11.31,6.416022,1.183909,26529633075.27,26390682939.27,2345679317,2333393717,False
2024-01-17,11.28,6.399003,1.180769,26459262695.76,26320681127.76,2345679317,2333393717,False
2024-01-18,11.12,6.308237,1.164021,26083954005.04,25947338133.04,2345679317,2333393717,False
2024-01-19,10.89,6.177761,1.139945,25544447762.13,25410657578.13,2345679317,2333393717,False
2024-01-22,10.52,5.967864,1.101214,24676546414.84,24547301902.84,2345679317,2333393717,False
2024-01-23,11.1,6.296891,1.161927,26037040418.7,25900670258.7,2345679317,2333393717,False
2024-01-24,11.31,6.416022,1.183909,26529633075.27,26390682939.27,2345679317,2333393717,False
2024-01-25,11.69,6.631591,1.223687,27420991215.73,27277372551.73,2345679317,2333393717,False
2024-01-26,11.74,6.659955,1.228921,27538275181.58,27394042237.58,2345679317,2333393717,False
2024-01-29,11.69,6.631591,1.223687,27420991215.73,27277372551.73,2345679317,2333393717,False
2024-01-30,11.51,6.529479,1.204845,26998768938.67,26857361682.67,2345679317,2333393717,False
2024-01-31,11.5,6.523806,1.203798,26975312145.5,26834027745.5,2345679317,2333393717,False
2024-02-01,11.32,6.421694,1.184956,26553089868.44,26414016876.44,2345679317,2333393717,False
2024-02-02,11.38,6.455732,1.191237,26693830627.46,26554020499.46,2345679317,2333393717,False
2024-02-05,11.35,6.438713,1.188096,26623460247.95,26484018687.95,2345679317,2333393717,False
2024-02-06,11.63,6.597554,1.217406,27280250456.71,27137368928.71,2345679317,2333393717,False
2024-02-07,12.18,6.909562,1.274979,28570374081.06,28420735473.06,2345679317,2333393717,False
2024-02-08,12.23,6.937926,1.280213,28687658046.91,28537405158.91,2345679317,2333393717,False
2024-02-19,12.76,7.238588,1.335693,29930868084.92,29774103828.92,2345679317,2333393717,False
2024-02-20,13.05,7.403102,1.366049,30611115086.85,30450788006.85,2345679317,2333393717,False
2024-02-21,13.27,7.527905,1.389078,31127164536.59,30964134624.59,2345679317,2333393717,False
2024-02-22,14.6,8.282397,1.5283,34246918028.2,34067548268.2,2345679317,2333393717,False
2024-02-23,14.1,7.998754,1.475961,33074078369.7,32900851409.7,2345679317,2333393717,False
2024-02-26,13.93,7.902315,1.458166,32675312885.81,32504174477.81,2345679317,2333393717,False
2024-02-27,14.02,7.953371,1.467587,32886424024.34,32714179912.34,2345679317,2333393717,False
2024-02-28,13.92,7.896642,1.457119,32651856092.64,32480840540.64,2345679317,2333393717,False
2024-02-29,13.88,7.87395,1.452932,32558028919.96,32387504791.96,2345679317,2333393717,False
2024-03-01,14.12,8.010099,1.478055,33120991956.04,32947519284.04,2345679317,2333393717,False
2024-03-04,14.51,8.231342,1.518879,34035806889.67,33857542833.67,2345679317,2333393717,False
2024-03-05,14.18,8.044137,1.484336,33261732715.06,33087522907.06,2345679317,2333393717,False
2024-03-06,14.2,8.055482,1.486429,33308646301.4,33134190781.4,2345679317,2333393717,False
2024-03-07,14.41,8.174613,1.508411,33801238957.97,33624203461.97,2345679317,2333393717,False
2024-03-08,14.23,8.072501,1.489569,33379016680.91,33204192592.91,2345679317,2333393717,False
2024-03-11,13.49,7.652708,1.412108,31643213986.33,31477481242.33,2345679317,2333393717,False
2024-03-12,12.95,7.346373,1.355581,30376547155.15,30217448635.15,2345679317,2333393717,False
2024-03-13,12.77,7.244261,1.336739,29954324878.09,29797437766.09,2345679317,2333393717,False
2024-03-14,12.8,7.26128,1.33988,30024695257.6,29867439577.6,2345679317,2333393717,False
2024-03-15,12.38,7.023019,1.295915,29039509944.46,28887414216.46,2345679317,2333393717,False
2024-03-18,11.93,6.76774,1.24881,27983954251.81,27837387043.81,2345679317,2333393717,False
2024-03-19,12.22,7.161273,1.232451,28664201253.74,28514071221.74,2345679317,2333393717,False
2024-03-20,12.15,7.120251,1.225391,28500003701.55,28350733661.55,2345679317,2333393717,False
2024-03-21,12.26,7.184714,1.236486,28758028426.42,28607406970.42,2345679317,2333393717,False
2024-03-22,12.38,7.255038,1.248588,29039509944.46,28887414216.46,2345679317,2333393717,False
2024-03-25,12.46,7.30192,1.256657,29227164289.82,29074085713.82,2345679317,2333393717,False
2024-03-26,12.27,7.190575,1.237494,28781485219.59,28630740907.59,2345679317,2333393717,False
2024-03-27,12.18,7.137832,1.228417,28570374081.06,28420735473.06,2345679317,2333393717,False
2024-03-28,12.23,7.167134,1.23346,28687658046.91,28537405158.91,2345679317,2333393717,False
2024-03-29,12.27,7.190575,1.237494,28781485219.59,28630740907.59,2345679317,2333393717,False
2024-04-01,12.32,7.621955,1.311734,30508158061.92,30356799469.92,2476311531,2464025931,False
2024-04-02,12.46,7.708568,1.326641,30854841676.26,30701763100.26,2476311531,2464025931,False
2024-04-03,13.05,8.073581,1.389459,32315865479.55,32155538399.55,2476311531,2464025931,False
2024-04-08,12.9,7.980781,1.373488,31944418749.9,31785934509.9,2476311531,2464025931,False
2024-04-09,13.06,8.079767,1.390524,32340628594.86,32180178658.86,2476311531,2464025931,False
2024-04-10,13.77,8.51902,1.466119,34098809781.87,33929637069.87,2476311531,2464025931,False
2024-04-11,13.88,8.587073,1.477831,34371204050.28,34200679922.28,2476311531,2464025931,False
2024-04-12,13.69,8.469526,1.457601,33900704859.39,33732514995.39,2476311531,2464025931,False
2024-04-15,14.26,8.822166,1.51829,35312202432.06,35137009776.06,2476311531,2464025931,False
2024-04-16,14.27,8.828352,1.519355,35336965547.37,35161650035.37,2476311531,2464025931,False
2024-04-17,14.44,8.933525,1.537455,35757938507.64,35580534443.64,2476311531,2464025931,False
2024-04-18,14.77,9.137685,1.572591,36575121312.87,36393663000.87,2476311531,2464025931,False
2024-04-19,14.32,8.859286,1.524678,35460781123.92,35284851331.92,2476311531,2464025931,False
2024-04-22,13.28,8.215874,1.413948,32885417131.68,32722264363.68,2476311531,2464025931,False
2024-04-23,13.08,8.092141,1.392653,32390154825.48,32229459177.48,2476311531,2464025931,False
2024-04-24,13.07,8.085954,1.391588,32365391710.17,32204818918.17,2476311531,2464025931,False
2024-04-25,13.2,8.166381,1.40543,32687312209.2,32525142289.2,2476311531,2464025931,False
2024-04-26,12.89,8.874196,1.255243,31919655634.59,31761294250.59,2476311531,2464025931,False
2024-04-29,13.08,9.005002,1.273746,32390154825.48,32229459177.48,2476311531,2464025931,False
2024-04-30,13.2,9.087617,1.285432,32687312209.2,32525142289.2,2476311531,2464025931,False
2024-05-06,13.26,9.128924,1.291274,32835890901.06,32672983845.06,2476311531,2464025931,False
2024-05-07,13.48,9.280385,1.312698,33380679437.88,33215069549.88,2476311531,2464025931,False
2024-05-08,13.85,9.535113,1.348729,34296914704.35,34126759144.35,2476311531,2464025931,False
2024-05-09,13.75,9.466268,1.338991,34049283551.25,33880356551.25,2476311531,2464025931,False
2024-05-10,13.73,9.452499,1.337044,33999757320.63,33831076032.63,2476311531,2464025931,False
2024-05-13,13.45,9.259731,1.309777,33306390091.95,33141148771.95,2476311531,2464025931,False
2024-05-14,12.92,8.894849,1.258165,31993944980.52,31835215028.52,2476311531,2464025931,False
2024-05-15,12.96,8.922388,1.26206,32092997441.76,31933776065.76,2476311531,2464025931,False
2024-05-16,13.08,9.005002,1.273746,32390167774.68,32229472126.68,2476312521,2464026921,False
2024-05-17,13.28,9.142694,1.293222,32885430278.88,32722277510.88,2476312521,2464026921,False
2024-05-20,13.84,9.528233,1.347756,34272165290.64,34102132586.64,2476312521,2464026921,False
2024-05-21,13.94,9.597078,1.357494,34519796542.74,34348535278.74,2476312521,2464026921,False
2024-05-22,14.14,9.734769,1.37697,35015059046.94,34841340662.94,2476312521,2464026921,False
2024-05-23,13.76,9.473156,1.339966,34074060288.96,33905010432.96,2476312521,2464026921,False
2024-05-24,12.63,8.695201,1.229925,31275827140.23,31120660012.23,2476312521,2464026921,False
2024-05-27,13.31,9.163351,1.296144,32959719654.51,32796198318.51,2476312521,2464026921,False
2024-05-28,13.42,9.239081,1.306856,33232114031.82,33067241279.82,2476312521,2464026921,False
2024-05-29,13.52,9.307927,1.316594,33479745283.92,33313643971.92,2476312521,2464026921,False
2024-05-30,13.05,8.984352,1.270825,32315878399.05,32155551319.05,2476312521,2464026921,False
2024-05-31,12.98,8.93616,1.264008,32143386271.26,31983919183.26,2476377987,2464092387,False
2024-06-03,12.88,8.867315,1.25427,31895748472.56,31737509944.56,2476377987,2464092387,False
2024-06-04,12.79,8.805354,1.245506,31672874453.73,31515741629.73,2476377987,2464092387,False
2024-06-05,12.46,8.578163,1.21337,30855669718.02,30702591142.02,2476377987,2464092387,False
2024-06-06,12.58,8.660778,1.225056,31152835076.46,30998282228.46,2476377987,2464092387,False
2024-06-07,12.69,8.736508,1.235768,31425236655.03,31269332391.03,2476377987,2464092387,False
2024-06-11,12.37,8.516202,1.204606,30632795699.19,30480822827.19,2476377987,2464092387,False
2024-06-12,12.95,8.915507,1.261087,32069094931.65,31909996411.65,2476377987,2464092387,False
2024-06-13,12.53,8.626355,1.220187,31029016177.11,30875077609.11,2476377987,2464092387,False
2024-06-14,12.47,8.585048,1.214344,30880433497.89,30727232065.89,2476377987,2464092387,False
2024-06-17,12.08,8.31655,1.176365,29914646082.96,29766236034.96,2476377987,2464092387,False
2024-06-18,12.06,8.302781,1.174418,29865118523.22,29716954187.22,2476377987,2464092387,False
2024-06-19,12.05,8.296115,1.173475,29840354743.35,29692313263.35,2476377987,2464092387,False
2024-06-20,11.94,8.220383,1.162763,29567953164.78,29421263100.78,2476377987,2464092387,False
2024-06-21,11.76,8.096458,1.145233,29122205127.12,28977726471.12,2476377987,2464092387,False
2024-06-24,11.36,7.821068,1.10628,28131653932.32,27992089516.32,2476377987,2464092387,False
2024-06-25,11.4,7.848607,1.110175,28230709051.8,28090653211.8,2476377987,2464092387,False
2024-06-26,11.49,7.91057,1.11894,28453585897.17,28312424353.17,2476378233,2464092633,False
2024-06-27,11.21,7.717797,1.091672,27760199991.93,27622478415.93,2476378233,2464092633,False
2024-06-28,11.2,7.710913,1.090699,27735436209.6,27597837489.6,2476378233,2464092633,False
2024-07-01,11.7,8.05515,1.139391,28973625326.1,28829883806.1,2476378233,2464092633,False
2024-07-02,11.48,7.903686,1.117966,28428822114.84,28287783426.84,2476378233,2464092633,False
2024-07-03,11.24,7.738452,1.094594,27834491338.92,27755393660.52,2476378233,2469341073,False
2024-07-04,11.1,7.642066,1.08096,27487798386.3,27409685910.3,2476378233,2469341073,False
2024-07-05,11.04,7.600757,1.075117,27339215692.32,27261525445.92,2476378233,2469341073,False
2024-07-08,10.94,7.53191,1.065379,27091577869.02,27014591338.62,2476378233,2469341073,False
2024-07-09,10.99,7.566333,1.070248,27215396780.67,27138058392.27,2476378233,2469341073,False
2024-07-10,10.44,7.187673,1.016687,25853388752.52,25779920802.12,2476378233,2469341073,False
2024-07-11,10.42,7.173903,1.014739,25803861187.86,25730533980.66,2476378233,2469341073,False
2024-07-12,10.25,7.056862,0.998184,25382876888.25,25310745998.25,2476378233,2469341073,False
2024-07-15,10.5,7.228981,1.02253,26001971446.5,25928081266.5,2476378233,2469341073,False
2024-07-16,10.5,7.228981,1.02253,26001971446.5,25928081266.5,2476378233,2469341073,False
2024-07-17,10.28,7.077517,1.001106,25457168235.24,25384826230.44,2476378233,2469341073,False
2024-07-18,10.36,7.132595,1.008896,25655278493.88,25582373516.28,2476378233,2469341073,False
2024-07-19,10.33,7.11194,1.005975,25580987146.89,25508293284.09,2476378233,2469341073,False
2024-07-22,10.21,7.029323,0.994289,25283821758.93,25211972355.33,2476378233,2469341073,False
2024-07-23,9.92,6.829666,0.966047,24565672071.36,24495863444.16,2476378233,2469341073,False
2024-07-24,9.8,6.747049,0.954361,24268506683.4,24199542515.4,2476378233,2469341073,False
2024-07-25,9.68,6.664432,0.942675,23971341295.44,23903221586.64,2476378233,2469341073,False
2024-07-26,9.93,6.836551,0.967021,24590435853.69,24520556854.89,2476378233,2469341073,False
2024-07-29,9.75,6.712625,0.949492,24144687771.75,24076075461.75,2476378233,2469341073,False
2024-07-30,9.85,6.781473,0.95923,24392325595.05,24323009569.05,2476378233,2469341073,False
2024-07-31,10.5,7.228981,1.02253,26001971446.5,25928081266.5,2476378233,2469341073,False
2024-08-01,10.51,7.235866,1.023504,26026735228.83,25952774677.23,2476378233,2469341073,False
2024-08-02,10.42,7.173903,1.014739,25803861187.86,25730533980.66,2476378233,2469341073,False
2024-08-05,10.25,7.056862,0.998184,25382876888.25,25310745998.25,2476378233,2469341073,False
2024-08-06,10.49,7.222096,1.021556,25977207664.17,25903387855.77,2476378233,2469341073,False
2024-08-07,10.55,7.263405,1.027399,26125790358.15,26051548320.15,2476378233,2469341073,False
2024-08-08,10.45,7.194557,1.017661,25878152534.85,25804614212.85,2476378233,2469341073,False
2024-08-09,10.53,7.249635,1.025451,26076262793.49,26002161498.69,2476378233,2469341073,False
2024-08-12,10.58,7.284059,1.030321,26200081705.14,26125628552.34,2476378233,2469341073,False
2024-08-13,10.45,7.194557,1.017661,25878152534.85,25804614212.85,2476378233,2469341073,False
2024-08-14,10.13,6.974245,0.986498,25085711500.29,25014425069.49,2476378233,2469341073,False
2024-08-15,10.37,7.139479,1.00987,25680042276.21,25607066927.01,2476378233,2469341073,False
2024-08-16,10.28,7.077517,1.001106,25457168235.24,25384826230.44,2476378233,2469341073,False
2024-08-19,10.1,6.953591,0.983576,25011431384.5,24940356068.5,2476379345,2469342185,False
2024-08-20,9.2,7.20651,0.960764,22782689974.0,22717948102.0,2476379345,2469342185,False
2024-08-21,9.19,7.19868,0.95972,22757926180.55,22693254680.15,2476379345,2469342185,False
2024-08-22,9.16,7.17518,0.956587,22683634800.2,22619174414.6,2476379345,2469342185,False
2024-08-23,9.17,7.179419,0.957152,22697033662.45,22643867836.45,2475139985,2469342185,False
2024-08-26,9.07,7.101126,0.946714,22449519663.95,22396933617.95,2475139985,2469342185,False
2024-08-27,9.15,7.16376,0.955064,22647530862.75,22594480992.75,2475139985,2469342185,False
2024-08-28,9.17,7.179419,0.957152,22697033662.45,22643867836.45,2475139985,2469342185,False
2024-08-29,9.15,7.16376,0.955064,22647530862.75,22594480992.75,2475139985,2469342185,False
2024-08-30,9.29,7.27337,0.969677,22994050460.65,22940188898.65,2475139985,2469342185,False
2024-09-02,9.39,7.351662,0.980115,23241599314.83,23187157972.83,2475143697,2469345897,False
2024-09-03,9.25,7.242053,0.965502,22895079197.25,22841449547.25,2475143697,2469345897,False
2024-09-04,9.1,7.124625,0.949847,22523807642.7,22471047662.7,2475143697,2469345897,False
2024-09-05,8.88,6.952381,0.926884,21979276029.36,21927791565.36,2475143697,2469345897,False
2024-09-06,8.61,6.740991,0.898701,21310987231.17,21261068173.17,2475143697,2469345897,False
2024-09-09,8.29,6.490455,0.8653,20518941248.13,20470877486.13,2475143697,2469345897,False
2024-09-10,8.12,6.357357,0.847556,20098166819.64,20051088683.64,2475143697,2469345897,False
2024-09-11,7.93,6.208602,0.827724,19627889517.21,19581912963.21,2475143697,2469345897,False
2024-09-12,8.09,6.33387,0.844424,20023912508.73,19977008306.73,2475143697,2469345897,False
2024-09-13,7.84,6.138138,0.81833,19405126584.48,19359671832.48,2475143697,2469345897,False
2024-09-18,8.25,6.459138,0.861125,20419935500.25,20372103650.25,2475143697,2469345897,False
2024-09-19,8.42,6.592235,0.878869,20840709928.74,20791892452.74,2475143697,2469345897,False
2024-09-20,8.41,6.584406,0.877826,20815958491.77,20767198993.77,2475143697,2469345897,False
2024-09-23,8.59,6.725333,0.896614,21261484357.23,21211681255.23,2475143697,2469345897,False
2024-09-24,9.2,7.202917,0.960285,22771322012.4,22717982252.4,2475143697,2469345897,False
2024-09-25,9.21,7.210747,0.961329,22796073449.37,22742675711.37,2475143697,2469345897,False
2024-09-26,9.76,7.641356,1.018737,24157402482.72,24100815954.72,2475143697,2469345897,False
2024-09-27,10.06,7.876233,1.05005,24899945591.82,24841619723.82,2475143697,2469345897,False
2024-09-30,10.96,8.580867,1.143991,27127595260.88,27064051372.88,2475145553,2469347753,False
2024-10-08,11.01,8.620013,1.14921,27251352538.53,27187518760.53,2475145553,2469347753,False
2024-10-09,10.02,7.844922,1.045876,24800958441.06,24742864485.06,2475145553,2469347753,False
2024-10-10,10.7,8.377312,1.116854,26484057417.1,26422020957.1,2475145553,2469347753,False
2024-10-11,10.33,8.08763,1.078234,25568253562.49,25508362288.49,2475145553,2469347753,False
2024-10-14,10.64,8.330337,1.110591,26335548683.92,26273860091.92,2475145553,2469347753,False
2024-10-15,10.32,8.0798,1.07719,25543502106.96,25483668810.96,2475145553,2469347753,False
2024-10-16,10.17,7.962361,1.061533,25172230274.01,25113266648.01,2475145553,2469347753,False
2024-10-17,10.0,7.829264,1.043789,24751455530.0,24693477530.0,2475145553,2469347753,False
2024-10-18,10.09,7.899727,1.053183,24974218629.77,24915718827.77,2475145553,2469347753,False
2024-10-21,10.3,8.064142,1.075102,25493999195.9,25434281855.9,2475145553,2469347753,False
2024-10-22,10.25,8.024995,1.069883,25370241918.25,25310814468.25,2475145553,2469347753,False
2024-10-23,10.24,8.017166,1.068839,25345490462.72,25286120990.72,2475145553,2469347753,False
2024-10-24,10.09,7.899727,1.053183,24974218629.77,24915718827.77,2475145553,2469347753,False
2024-10-25,10.17,7.962361,1.061533,25172230274.01,25113266648.01,2475145553,2469347753,False
2024-10-28,10.45,8.901259,1.053152,25865271028.85,25804684018.85,2475145553,2469347753,False
2024-10-29,9.95,8.475361,1.002762,24627701923.9,24570013813.9,2475145922,2469348122,False
2024-10-30,9.91,8.441289,0.998731,24528699753.72,24471243555.72,2475146292,2469348492,False
2024-10-31,10.14,8.637203,1.02191,25097983400.88,25039193708.88,2475146292,2469348492,False
2024-11-01,10.13,8.628685,1.020902,25073231937.96,25014500223.96,2475146292,2469348492,False
2024-11-04,10.31,8.782009,1.039043,25518758270.52,25458982952.52,2475146292,2469348492,False
2024-11-05,10.32,8.790527,1.040051,25543509733.44,25483676437.44,2475146292,2469348492,False
2024-11-06,10.2,8.688312,1.027957,25246492178.4,25187354618.4,2475146292,2469348492,False
2024-11-07,10.58,9.011995,1.066254,26187047769.36,26125707045.36,2475146292,2469348492,False
2024-11-08,10.43,8.884225,1.051137,25815775825.56,25755304771.56,2475146292,2469348492,False
2024-11-11,10.2,8.688312,1.027957,25246492178.4,25187354618.4,2475146292,2469348492,False
2024-11-12,10.21,8.69683,1.028965,25271243641.32,25212048103.32,2475146292,2469348492,False
2024-11-13,10.46,8.909779,1.05416,25890030214.32,25829385226.32,2475146292,2469348492,False
2024-11-14,10.15,8.645723,1.022918,25122734863.8,25063887193.8,2475146292,2469348492,False
2024-11-15,10.07,8.577579,1.014856,24924723160.44,24866339314.44,2475146292,2469348492,False
2024-11-18,10.22,8.705348,1.029973,25295995104.24,25236741588.24,2475146292,2469348492,False
2024-11-19,10.23,8.713866,1.030981,25320746567.16,25261435073.16,2475146292,2469348492,False
2024-11-20,10.3,8.773492,1.038035,25494006807.6,25434289467.6,2475146292,2469348492,False
2024-11-21,10.29,8.764974,1.037027,25469255344.68,25409595982.68,2475146292,2469348492,False
2024-11-22,9.93,8.458328,1.000747,24578202679.56,24520630525.56,2475146292,2469348492,False
2024-11-25,9.91,8.441292,0.998731,24528699753.72,24471243555.72,2475146292,2469348492,False
2024-11-26,9.82,8.36463,0.989661,24305936587.44,24249002191.44,2475146292,2469348492,False
2024-11-27,9.96,8.483882,1.00377,24652457068.32,24594710980.32,2475146292,2469348492,False
2024-11-28,9.96,8.483882,1.00377,24652457068.32,24594710980.32,2475146292,2469348492,False
2024-11-29,10.37,8.833118,1.04509,25667267048.04,25607143862.04,2475146292,2469348492,False
2024-12-02,10.35,8.816082,1.043074,25617764122.2,25557756892.2,2475146292,2469348492,False
2024-12-03,10.5,8.943851,1.058191,25989036066.0,25928159166.0,2475146292,2469348492,False
2024-12-04,10.61,9.037548,1.069277,26261302158.12,26199787500.12,2475146292,2469348492,False
2024-12-05,10.47,8.918297,1.055168,25914781677.24,25854078711.24,2475146292,2469348492,False
2024-12-06,10.42,8.875707,1.050129,25791024362.64,25730611286.64,2475146292,2469348492,False
2024-12-09,10.44,8.892743,1.052144,25840527288.48,25779998256.48,2475146292,2469348492,False
2024-12-10,10.32,8.790528,1.040051,25543509733.44,25483676437.44,2475146292,2469348492,False
2024-12-11,10.51,8.952369,1.059199,26013787528.92,25952852650.92,2475146292,2469348492,False
2024-12-12,10.53,8.969405,1.061215,26063290454.76,26002239620.76,2475146292,2469348492,False
2024-12-13,10.37,8.833118,1.04509,25667267048.04,25607143862.04,2475146292,2469348492,False
2024-12-16,10.46,8.909779,1.05416,25890030214.32,25829385226.32,2475146292,2469348492,False
2024-12-17,10.37,8.833118,1.04509,25667267048.04,25607143862.04,2475146292,2469348492,False
2024-12-18,10.33,8.799046,1.041059,25568261196.36,25508369922.36,2475146292,2469348492,False
2024-12-19,10.09,8.594615,1.016871,24974226086.28,24915726284.28,2475146292,2469348492,False
2024-12-20,10.01,8.526471,1.008809,24776214382.92,24718178404.92,2475146292,2469348492,False
2024-12-23,9.69,8.253897,0.976559,23984167569.48,23927986887.48,2475146292,2469348492,False
2024-12-24,9.72,8.279451,0.979583,24058421958.24,24002067342.24,2475146292,2469348492,False
2024-12-25,9.71,8.270933,0.978575,24033670495.32,23977373857.32,2475146292,2469348492,False
2024-12-26,9.7,8.262415,0.977567,24008919032.4,23952680372.4,2475146292,2469348492,False
2024-12-27,9.83,8.373148,0.990669,24330688050.36,24273695676.36,2475146292,2469348492,False
2024-12-30,10.04,8.552025,1.011832,24850468771.68,24792258859.68,2475146292,2469348492,False
2024-12-31,10.02,8.534989,1.009817,24800968310.76,24742874354.76,2475146538,2469348738,False
2025-01-02,9.64,8.211308,0.97152,23860412626.32,23804521834.32,2475146538,2469348738,False
2025-01-03,9.56,8.143164,0.963458,23662400903.28,23606973935.28,2475146538,2469348738,False
2025-01-06,9.5,8.092056,0.957411,23513892111.0,23458813011.0,2475146538,2469348738,False
2025-01-07,9.33,7.947251,0.940279,23093117199.54,23039023725.54,2475146538,2469348738,False
2025-01-08,9.22,7.853554,0.929193,22820851080.36,22767395364.36,2475146538,2469348738,False
2025-01-09,9.05,7.708749,0.91206,22400076168.9,22347606078.9,2475146538,2469348738,False
2025-01-10,8.98,7.649123,0.905006,22226815911.24,22174751667.24,2475146538,2469348738,False
2025-01-13,8.92,7.598015,0.898959,22078307118.96,22026590742.96,2475146538,2469348738,False
2025-01-14,9.07,7.725784,0.914076,22449579099.66,22396993053.66,2475146538,2469348738,False
2025-01-15,8.99,7.657641,0.906013,22251567376.62,22199445154.62,2475146538,2469348738,False
2025-01-16,9.07,7.725784,0.914076,22449579099.66,22396993053.66,2475146538,2469348738,False
2025-01-17,9.06,7.717266,0.913068,22424827634.28,22372299566.28,2475146538,2469348738,False
2025-01-20,8.99,7.657641,0.906013,22251567376.62,22199445154.62,2475146538,2469348738,False
2025-01-21,8.93,7.606533,0.899967,22103058584.34,22051284230.34,2475146538,2469348738,False
2025-01-22,8.97,7.640605,0.903998,22202064445.86,22150058179.86,2475146538,2469348738,False
2025-01-23,8.94,7.615051,0.900974,22127810049.72,22075977717.72,2475146538,2469348738,False
2025-01-24,9.03,7.691713,0.910045,22350573238.14,22298219104.14,2475146538,2469348738,False
2025-01-27,9.03,7.691713,0.910045,22350573238.14,22298219104.14,2475146538,2469348738,False
2025-02-05,8.98,7.649123,0.905006,22226815911.24,22174751667.24,2475146538,2469348738,False
2025-02-06,9.05,7.708749,0.91206,22400076168.9,22347606078.9,2475146538,2469348738,False
2025-02-07,9.13,7.776892,0.920123,22598087891.94,22545153977.94,2475146538,2469348738,False
2025-02-10,9.04,7.700231,0.911052,22375324703.52,22322912591.52,2475146538,2469348738,False
2025-02-11,9.03,7.691713,0.910045,22350573238.14,22298219104.14,2475146538,2469348738,False
2025-02-12,9.05,7.708749,0.91206,22400076168.9,22347606078.9,2475146538,2469348738,False
2025-02-13,9.05,7.708749,0.91206,22400076168.9,22347606078.9,2475146538,2469348738,False
2025-02-14,9.0,7.666159,0.907021,22276318842.0,22224138642.0,2475146538,2469348738,False
2025-02-17,8.98,7.649123,0.905006,22226815911.24,22174751667.24,2475146538,2469348738,False
2025-02-18,8.94,7.615051,0.900974,22127810049.72,22075977717.72,2475146538,2469348738,False
2025-02-19,8.82,7.512836,0.888881,21830792465.16,21779655869.16,2475146538,2469348738,False
2025-02-20,8.75,7.45321,0.881826,21657532207.5,21606801457.5,2475146538,2469348738,False
2025-02-21,8.73,7.436174,0.87981,21608029276.74,21557414482.74,2475146538,2469348738,False
2025-02-24,8.73,7.436174,0.87981,21608029276.74,21557414482.74,2475146538,2469348738,False
2025-02-25,8.66,7.376548,0.872756,21434769019.08,21384560071.08,2475146538,2469348738,False
2025-02-26,8.73,7.436174,0.87981,21608029276.74,21557414482.74,2475146538,2469348738,False
2025-02-27,8.68,7.393584,0.874771,21484271949.84,21433947045.84,2475146538,2469348738,False
2025-02-28,8.54,7.274333,0.860662,21137751434.52,21088238222.52,2475146538,2469348738,False
2025-03-03,8.57,7.299887,0.863686,21212005830.66,21162318684.66,2475146538,2469348738,False
2025-03-04,8.46,7.206189,0.8526,20939739711.48,20890690323.48,2475146538,2469348738,False
2025-03-05,8.38,7.138046,0.844537,20741727988.44,20693142424.44,2475146538,2469348738,False
2025-03-06,8.52,7.257297,0.858647,21088248503.76,21038851247.76,2475146538,2469348738,False
2025-03-07,8.59,7.316923,0.865701,21261508761.42,21211705659.42,2475146538,2469348738,False
2025-03-10,8.82,7.512836,0.888881,21830820830.28,21779684234.28,2475149754,2469351954,False
2025-03-11,8.82,7.512836,0.888881,21830820830.28,21779684234.28,2475149754,2469351954,False
2025-03-12,8.74,7.444692,0.880818,21632808849.96,21582136077.96,2475149754,2469351954,False
2025-03-13,9.04,7.700231,0.911052,22375353776.16,22322941664.16,2475149754,2469351954,False
2025-03-14,9.03,7.691713,0.910045,22350602278.62,22298248144.62,2475149754,2469351954,False
2025-03-17,9.04,7.700231,0.911052,22375353776.16,22322941664.16,2475149754,2469351954,False
2025-03-18,9.03,7.691713,0.910045,22350602278.62,22298248144.62,2475149754,2469351954,False
2025-03-19,8.99,7.657641,0.906013,22251596288.46,22199474066.46,2475149754,2469351954,False
2025-03-20,8.98,7.649123,0.905006,22226844790.92,22174780546.92,2475149754,2469351954,False
2025-03-21,8.85,9.323044,0.923838,21905075322.9,21853764792.9,2475149754,2469351954,False
2025-03-24,8.73,9.196642,0.911313,21608057352.42,21557442558.42,2475149754,2469351954,False
2025-03-25,8.85,9.323056,0.923839,21905075322.9,21853764792.9,2475149754,2469351954,False
2025-03-26,8.84,9.312522,0.922796,21880323825.36,21829071273.36,2475149754,2469351954,False
2025-03-27,8.79,9.259849,0.917576,21756566337.66,21705603675.66,2475149754,2469351954,False
2025-03-28,8.67,9.133435,0.90505,21459548367.18,21409281441.18,2475149754,2469351954,False
2025-03-31,8.6,9.059693,0.897742,21286298522.6,21236437442.6,2475150991,2469353191,False
2025-04-01,8.71,9.175573,0.909225,21558565131.61,21508066293.61,2475150991,2469353191,False
2025-04-02,8.73,9.196647,0.911313,21608068151.43,21557453357.43,2475150991,2469353191,False
2025-04-03,8.73,9.196647,0.911313,21608068151.43,21557453357.43,2475150991,2469353191,False
2025-04-07,8.1,8.532971,0.845548,20048723027.1,20001760847.1,2475150991,2469353191,False
2025-04-08,8.37,8.817404,0.873733,20717013794.67,20668486208.67,2475150991,2469353191,False
2025-04-09,8.34,8.7858,0.870602,20642759264.94,20594405612.94,2475150991,2469353191,False
2025-04-10,8.38,8.827938,0.874777,20741765304.58,20693179740.58,2475150991,2469353191,False
2025-04-11,8.43,8.880611,0.879997,20865522854.13,20816647400.13,2475150991,2469353191,False
2025-04-14,8.54,8.996491,0.891479,21137789463.14,21088276251.14,2475150991,2469353191,False
2025-04-15,8.56,9.01756,0.893567,21187292482.96,21137663314.96,2475150991,2469353191,False
2025-04-16,8.56,9.01756,0.893567,21187292482.96,21137663314.96,2475150991,2469353191,False
2025-04-17,8.49,8.943818,0.88626,21014031913.59,20964808591.59,2475150991,2469353191,False
2025-04-18,8.47,8.922749,0.884172,20964528893.77,20915421527.77,2475150991,2469353191,False
2025-04-21,8.45,8.90168,0.882084,20915025873.95,20866034463.95,2475150991,2469353191,False
2025-04-22,8.43,8.880611,0.879997,20865522854.13,20816647400.13,2475150991,2469353191,False
2025-04-23,8.4,8.849007,0.876865,20791268324.4,20742566804.4,2475150991,2469353191,False
2025-04-24,8.42,8.870076,0.878953,20840771344.22,20791953868.22,2475150991,2469353191,False
2025-04-25,8.38,8.827938,0.874777,20741765304.58,20693179740.58,2475150991,2469353191,False
2025-04-28,8.39,8.838473,0.875821,20766516814.49,20717873272.49,2475150991,2469353191,False
2025-04-29,8.3,11.666852,0.857128,20543753225.3,20495631485.3,2475150991,2469353191,False
2025-04-30,8.22,11.554401,0.848867,20345741146.02,20298083230.02,2475150991,2469353191,False
2025-05-06,8.32,11.694965,0.859194,20593256245.12,20545018549.12,2475150991,2469353191,False
2025-05-07,8.33,11.709022,0.860226,20618007755.03,20569712081.03,2475150991,2469353191,False
2025-05-08,8.31,11.680909,0.858161,20568504735.21,20520325017.21,2475150991,2469353191,False
2025-05-09,8.29,11.652796,0.856096,20519001715.39,20470937953.39,2475150991,2469353191,False
2025-05-12,8.3,11.666852,0.857128,20543753225.3,20495631485.3,2475150991,2469353191,False
2025-05-13,8.31,11.680909,0.858161,20568504735.21,20520325017.21,2475150991,2469353191,False
2025-05-14,8.45,11.877699,0.872619,20915025873.95,20866034463.95,2475150991,2469353191,False
2025-05-15,8.37,11.765247,0.864357,20717013794.67,20668486208.67,2475150991,2469353191,False
2025-05-16,8.28,11.638739,0.855063,20494250205.48,20446244421.48,2475150991,2469353191,False
2025-05-19,8.3,11.666852,0.857128,20543756288.0,20495634548.0,2475151360,2469353560,False
2025-05-20,8.34,11.723078,0.861259,20642762342.4,20594408690.4,2475151360,2469353560,False
2025-05-21,8.47,11.905814,0.874684,20964532019.2,20915424653.2,2475151360,2469353560,False
2025-05-22,8.43,11.849588,0.870553,20865525964.8,20816650510.8,2475151360,2469353560,False
2025-05-23,8.43,11.849588,0.870553,20865525964.8,20816650510.8,2475151360,2469353560,False
2025-05-26,8.34,11.72308,0.861259,20642762342.4,20594408690.4,2475151360,2469353560,False
2025-05-27,8.28,11.638741,0.855063,20494253260.8,20446247476.8,2475151360,2469353560,False
2025-05-28,8.38,11.779306,0.86539,20741768396.8,20693182832.8,2475151360,2469353560,False
2025-05-29,8.51,11.962039,0.878815,21063538073.6,21014198795.6,2475151360,2469353560,False
2025-05-30,8.4,11.807419,0.867455,20791271424.0,20742569904.0,2475151360,2469353560,False
2025-06-03,8.43,11.849588,0.870553,20865525964.8,20816650510.8,2475151360,2469353560,False
2025-06-04,8.53,11.990152,0.88088,21113041100.8,21063585866.8,2475151360,2469353560,False
2025-06-05,8.52,11.976096,0.879848,21088289587.2,21038892331.2,2475151360,2469353560,False
2025-06-06,8.48,11.91987,0.875717,20989283532.8,20940118188.8,2475151360,2469353560,False
2025-06-09,7.8,10.964031,0.805494,19306180608.0,19260957768.0,2475151360,2469353560,False
2025-06-10,7.69,10.809411,0.794135,19033913958.4,18989328876.4,2475151360,2469353560,False
2025-06-11,7.69,10.809411,0.794135,19033913958.4,18989328876.4,2475151360,2469353560,False
2025-06-12,7.63,10.725072,0.787939,18885404876.8,18841167662.8,2475151360,2469353560,False
2025-06-13,7.62,10.711015,0.786906,18860653363.2,18816474127.2,2475151360,2469353560,False
2025-06-16,7.6,10.682902,0.784841,18811150336.0,18767087056.0,2475151360,2469353560,False
2025-06-17,7.57,10.640733,0.781743,18736895795.2,18693006449.2,2475151360,2469353560,False
2025-06-18,7.55,10.61262,0.779677,18687392768.0,18643619378.0,2475151360,2469353560,False
2025-06-19,7.43,10.443943,0.767285,18390374604.8,18347296950.8,2475151360,2469353560,False
2025-06-20,7.29,10.247152,0.752827,18043853414.4,18001587452.4,2475151360,2469353560,False
2025-06-23,7.3,10.261209,0.75386,18068604928.0,18026280988.0,2475151360,2469353560,False
2025-06-24,7.33,10.303378,0.756958,18142859468.8,18100361594.8,2475151360,2469353560,False
2025-06-25,7.34,10.317435,0.757991,18167610982.4,18125055130.4,2475151360,2469353560,False
2025-06-26,7.39,10.387717,0.763154,18291368550.4,18248522808.4,2475151360,2469353560,False
2025-06-27,7.43,10.443943,0.767285,18390374604.8,18347296950.8,2475151360,2469353560,False
2025-06-30,7.41,10.41583,0.76522,18340872563.13,18297910865.13,2475151493,2469353693,False
2025-07-01,7.41,10.41583,0.76522,18340872563.13,18297910865.13,2475151493,2469353693,False
2025-07-02,7.5,10.542339,0.774514,18563636197.5,18520152697.5,2475151493,2469353693,False
2025-07-03,7.51,10.556395,0.775546,18588387712.43,18544846234.43,2475151493,2469353693,False
2025-07-04,7.49,10.528282,0.773481,18538884682.57,18495459160.57,2475151493,2469353693,False
2025-07-07,7.51,10.556395,0.775546,18588387712.43,18544846234.43,2475151493,2469353693,False
2025-07-08,7.52,10.570451,0.776579,18613139227.36,18569539771.36,2475151493,2469353693,False
2025-07-09,7.62,10.711016,0.786906,18860654376.66,18816475140.66,2475151493,2469353693,False
2025-07-10,7.71,10.837524,0.7962,19083418011.03,19038716973.03,2475151493,2469353693,False
2025-07-11,7.8,10.964032,0.805494,19306181645.4,19260958805.4,2475151493,2469353693,False
2025-07-14,7.76,10.907806,0.801364,19207175585.68,19162184657.68,2475151493,2469353693,False
2025-07-15,7.54,10.598564,0.778645,18662642257.22,18618926845.22,2475151493,2469353693,False
2025-07-16,7.46,10.486113,0.770383,18464630137.78,18421378549.78,2475151493,2469353693,False
2025-07-17,7.49,10.528282,0.773481,18538884682.57,18495459160.57,2475151493,2469353693,False
2025-07-18,7.55,10.612621,0.779677,18687393772.15,18643620382.15,2475151493,2469353693,False
2025-07-21,7.98,11.217048,0.824083,19751708914.14,19705442470.14,2475151493,2469353693,False
2025-07-22,8.77,12.327508,0.905665,21707078593.61,21656231887.61,2475151493,2469353693,False
2025-07-23,8.69,12.215056,0.897403,21509066474.17,21458683592.17,2475151493,2469353693,False
2025-07-24,9.06,12.735145,0.935613,22424872526.58,22372344458.58,2475151493,2469353693,False
2025-07-25,8.82,12.39779,0.910828,21830856119.1,21779719523.1,2475153755,2469355955,False
2025-07-28,8.37,11.76525,0.864357,20717036929.35,20668509343.35,2475153755,2469355955,False
2025-07-29,8.3,11.666865,0.857129,20543776166.5,20495654426.5,2475153755,2469355955,False
2025-07-30,8.31,11.680922,0.858162,20568527704.05,20520347986.05,2475153755,2469355955,False
2025-07-31,7.93,11.120666,0.817002,19581992723.15,19581992723.15,2469355955,2469355955,False
2025-08-01,8.07,11.316995,0.831426,19927702556.85,19927702556.85,2469355955,2469355955,False
2025-08-04,8.11,11.37309,0.835547,20026476795.05,20026476795.05,2469355955,2469355955,False
2025-08-05,8.25,11.569419,0.84997,20372186628.75,20372186628.75,2469355955,2469355955,False
2025-08-06,8.44,11.835866,0.869545,20841364260.2,20841364260.2,2469355955,2469355955,False
2025-08-07,8.3,11.639537,0.855122,20495654426.5,20495654426.5,2469355955,2469355955,False
2025-08-08,8.27,11.597466,0.852031,20421573747.85,20421573747.85,2469355955,2469355955,False
2025-08-11,8.23,11.541372,0.84791,20322799509.65,20322799509.65,2469355955,2469355955,False
2025-08-12,8.42,11.807819,0.867485,20791977141.1,20791977141.1,2469355955,2469355955,False
2025-08-13,8.33,11.681607,0.858212,20569735105.15,20569735105.15,2469355955,2469355955,False
2025-08-14,8.09,11.345043,0.833486,19977089675.95,19977089675.95,2469355955,2469355955,False
2025-08-15,8.2,11.499301,0.844819,20248718831.0,20248718831.0,2469355955,2469355955,False
2025-08-18,8.14,11.41516,0.838637,20100557473.7,20100557473.7,2469355955,2469355955,False
2025-08-19,8.13,11.401137,0.837607,20075863914.15,20075863914.15,2469355955,2469355955,False
2025-08-20,8.09,11.345043,0.833486,19977089675.95,19977089675.95,2469355955,2469355955,False
2025-08-21,8.13,11.401137,0.837607,20075863914.15,20075863914.15,2469355955,2469355955,False
2025-08-22,8.09,11.345043,0.833486,19977089675.95,19977089675.95,2469355955,2469355955,False
2025-08-25,8.25,11.569419,0.84997,20372186628.75,20372186628.75,2469355955,2469355955,False
2025-08-26,8.16,11.443207,0.840698,20149944592.8,20149944592.8,2469355955,2469355955,False
2025-08-27,7.92,11.106642,0.815971,19557299163.6,19557299163.6,2469355955,2469355955,False
2025-08-28,7.85,16.006044,0.85101,19384444246.75,19384444246.75,2469355955,2469355955,False
2025-08-29,7.8,15.904095,0.84559,19260976449.0,19260976449.0,2469355955,2469355955,False
2025-09-01,7.76,15.822535,0.841253,19162202210.8,19162202210.8,2469355955,2469355955,False
2025-09-02,7.82,15.944875,0.847758,19310363568.1,19310363568.1,2469355955,2469355955,False
2025-09-03,7.66,15.618637,0.830413,18915266615.3,18915266615.3,2469355955,2469355955,False
2025-09-04,7.67,15.639027,0.831497,18939960174.85,18939960174.85,2469355955,2469355955,False
2025-09-05,7.79,15.883705,0.844506,19236282889.45,19236282889.45,2469355955,2469355955,False
2025-09-08,7.83,15.965265,0.848842,19335057127.65,19335057127.65,2469355955,2469355955,False
2025-09-09,7.83,15.965265,0.848842,19335057127.65,19335057127.65,2469355955,2469355955,False
2025-09-10,7.81,15.924485,0.846674,19285670008.55,19285670008.55,2469355955,2469355955,False
2025-09-11,7.84,15.985654,0.849926,19359750687.2,19359750687.2,2469355955,2469355955,False
2025-09-12,7.91,16.128383,0.857515,19532605604.05,19532605604.05,2469355955,2469355955,False
2025-09-15,8.03,16.373062,0.870524,19828928318.65,19828928318.65,2469355955,2469355955,False
2025-09-16,8.06,16.434231,0.873776,19903008997.3,19903008997.3,2469355955,2469355955,False
2025-09-17,8.1,16.515791,0.878112,20001783235.5,20001783235.5,2469355955,2469355955,False
2025-09-18,7.89,16.087604,0.855347,19483218484.95,19483218484.95,2469355955,2469355955,False
2025-09-19,8.07,16.454621,0.87486,19927702556.85,19927702556.85,2469355955,2469355955,False
2025-09-22,7.95,16.209943,0.861851,19631379842.25,19631379842.25,2469355955,2469355955,False
2025-09-23,7.92,16.148773,0.858599,19557299163.6,19557299163.6,2469355955,2469355955,False
2025-09-24,7.94,16.189553,0.860767,19606686282.7,19606686282.7,2469355955,2469355955,False
2025-09-25,7.96,16.230333,0.862935,19656073401.8,19656073401.8,2469355955,2469355955,False
2025-09-26,8.22,16.760469,0.891122,20298105950.1,20298105950.1,2469355955,2469355955,False
2025-09-29,7.94,16.189553,0.860767,19606686282.7,19606686282.7,2469355955,2469355955,False
2025-09-30,7.88,16.067214,0.854263,19458533262.44,19458533262.44,2469357013,2469357013,False
2025-10-09,8.09,16.495401,0.877028,19977098235.17,19977098235.17,2469357013,2469357013,False
2025-10-10,8.25,16.821646,0.894374,20372195357.25,20372195357.25,2469357013,2469357013,False
2025-10-13,8.15,16.617747,0.883533,20125259655.95,20125259655.95,2469357013,2469357013,False
2025-10-14,8.26,16.842036,0.895458,20396888927.38,20396888927.38,2469357013,2469357013,False
2025-10-15,8.26,16.842036,0.895458,20396888927.38,20396888927.38,2469357013,2469357013,False
2025-10-16,8.37,17.066325,0.907383,20668518198.81,20668518198.81,2469357013,2469357013,False
2025-10-17,8.35,17.025545,0.905215,20619131058.55,20619131058.55,2469357013,2469357013,False
2025-10-20,9.11,18.575175,0.987606,22495842388.43,22495842388.43,2469357013,2469357013,False
2025-10-21,9.03,18.412056,0.978933,22298293827.39,22298293827.39,2469357013,2469357013,False
2025-10-22,8.56,17.453732,0.927981,21137696031.28,21137696031.28,2469357013,2469357013,False
2025-10-23,8.87,18.085818,0.961588,21903196705.31,21903196705.31,2469357013,2469357013,False
2025-10-24,8.67,17.678021,0.939906,21409325302.71,21409325302.71,2469357013,2469357013,False
2025-10-27,8.55,17.433342,0.926897,21113002461.15,21113002461.15,2469357013,2469357013,False
2025-10-28,8.49,17.311003,0.920392,20964841040.37,20964841040.37,2469357013,2469357013,False
2025-10-29,8.73,17.80036,0.946411,21557486723.49,21557486723.49,2469357013,2469357013,False
2025-10-30,8.58,36.262314,0.922499,21187083171.54,21187083171.54,2469357013,2469357013,False
2025-10-31,8.5,35.924204,0.913897,20989534610.5,20989534610.5,2469357013,2469357013,False
2025-11-03,8.56,36.177786,0.920348,21137696031.28,21137696031.28,2469357013,2469357013,False
2025-11-04,8.63,36.473633,0.927875,21310551022.19,21310551022.19,2469357013,2469357013,False
2025-11-05,8.76,37.023062,0.941852,21631567433.88,21631567433.88,2469357013,2469357013,False
2025-11-06,8.72,36.854007,0.937551,21532793153.36,21532793153.36,2469357013,2469357013,False
2025-11-07,8.63,36.473633,0.927875,21310551022.19,21310551022.19,2469357013,2469357013,False
2025-11-10,8.64,36.515896,0.92895,21335272128.0,21335272128.0,2469360200,2469360200,False
2025-11-11,8.49,35.881986,0.912823,20964868098.0,20964868098.0,2469360200,2469360200,False
2025-11-12,8.39,35.459348,0.902072,20717932078.0,20717932078.0,2469360200,2469360200,False
2025-11-13,8.43,35.628403,0.906372,20816706486.0,20816706486.0,2469360200,2469360200,False
2025-11-14,8.36,35.332556,0.898846,20643851272.0,20643851272.0,2469360200,2469360200,False
2025-11-17,8.48,35.839722,0.911748,20940174496.0,20940174496.0,2469360200,2469360200,False
2025-11-18,8.15,34.445016,0.876267,20125285630.0,20125285630.0,2469360200,2469360200,False
2025-11-19,8.1,34.233697,0.870892,20001817620.0,20001817620.0,2469360200,2469360200,False
2025-11-20,8.01,33.853323,0.861215,19779575202.0,19779575202.0,2469360200,2469360200,False
2025-11-21,7.8,32.965782,0.838636,19261009560.0,19261009560.0,2469360200,2469360200,False
2025-11-24,7.78,32.881255,0.836486,19211622356.0,19211622356.0,2469360200,2469360200,False
2025-11-25,7.84,33.134838,0.842937,19359783968.0,19359783968.0,2469360200,2469360200,False
2025-11-26,7.74,32.712199,0.832185,19112847948.0,19112847948.0,2469360200,2469360200,False
2025-11-27,7.77,32.838991,0.835411,19186928754.0,19186928754.0,2469360200,2469360200,False
2025-11-28,7.81,33.008046,0.839711,19285703162.0,19285703162.0,2469360200,2469360200,False
2025-12-01,8.04,33.980114,0.864441,19853657069.28,19853657069.28,2469360332,2469360332,False
2025-12-02,7.97,33.684267,0.856914,19680801846.04,19680801846.04,2469360332,2469360332,False
2025-12-03,7.9,33.388422,0.849388,19507946622.8,19507946622.8,2469360332,2469360332,False
2025-12-04,7.91,33.430686,0.850463,19532640226.12,19532640226.12,2469360332,2469360332,False
2025-12-05,7.88,33.303895,0.847238,19458559416.16,19458559416.16,2469360332,2469360332,False
2025-12-08,7.8,32.965784,0.838636,19261010589.6,19261010589.6,2469360332,2469360332,False
2025-12-09,7.8,32.965784,0.838636,19261010589.6,19261010589.6,2469360332,2469360332,False
2025-12-10,8.0,33.811061,0.86014,19754882656.0,19754882656.0,2469360332,2469360332,False
2025-12-11,8.05,34.02238,0.865516,19878350672.6,19878350672.6,2469360332,2469360332,False
2025-12-12,8.02,33.895588,0.86229,19804269862.64,19804269862.64,2469360332,2469360332,False
2025-12-15,8.21,34.698601,0.882719,20273448325.72,20273448325.72,2469360332,2469360332,False
2025-12-16,8.14,34.402754,0.875192,20100593102.48,20100593102.48,2469360332,2469360332,False
2025-12-17,8.04,33.980116,0.864441,19853657069.28,19853657069.28,2469360332,2469360332,False
2025-12-18,8.07,34.106907,0.867666,19927737879.24,19927737879.24,2469360332,2469360332,False
2025-12-19,8.09,34.191435,0.869816,19977125085.88,19977125085.88,2469360332,2469360332,False
2025-12-22,8.01,33.853324,0.861215,19779576259.32,19779576259.32,2469360332,2469360332,False
2025-12-23,7.99,33.768797,0.859065,19730189052.68,19730189052.68,2469360332,2469360332,False
2025-12-24,7.97,33.684269,0.856914,19680801846.04,19680801846.04,2469360332,2469360332,False
2025-12-25,7.96,33.642005,0.855839,19656108242.72,19656108242.72,2469360332,2469360332,False
2025-12-26,7.98,33.726533,0.857989,19705495449.36,19705495449.36,2469360332,2469360332,False
2025-12-29,7.92,33.47295,0.851538,19557333829.44,19557333829.44,2469360332,2469360332,False
2025-12-30,7.92,33.47295,0.851538,19557333829.44,19557333829.44,2469360332,2469360332,False
2025-12-31,7.87,33.261636,0.846163,19433865812.84,19433865812.84,2469360332,2469360332,False
2026-01-05,7.96,33.642011,0.855839,19656108242.72,19656111394.88,2469360332,2469360728,False
2026-01-06,8.05,34.022385,0.865516,19878350672.6,19878353860.4,2469360332,2469360728,False
2026-01-07,8.4,35.501619,0.903147,20742626788.8,20742630115.2,2469360332,2469360728,False
2026-01-08,8.39,35.459356,0.902072,20717933185.48,20717936507.92,2469360332,2469360728,False
2026-01-09,8.41,35.543883,0.904222,20767320392.12,20767323722.48,2469360332,2469360728,False
2026-01-12,8.49,35.881994,0.912824,20964869218.68,20964872580.72,2469360332,2469360728,False
2026-01-13,8.55,36.135577,0.919275,21113030838.6,21113034224.4,2469360332,2469360728,False
2026-01-14,8.42,35.586147,0.905297,20792013995.44,20792017329.76,2469360332,2469360728,False
2026-01-15,8.26,34.909926,0.888095,20396916342.32,20396919613.28,2469360332,2469360728,False
2026-01-16,8.14,34.40276,0.875192,20100593102.48,20100596325.92,2469360332,2469360728,False
2026-01-19,8.15,34.445024,0.876268,20125286705.8,20125289933.2,2469360332,2469360728,False
2026-01-20,8.22,34.74087,0.883794,20298141929.04,20298145184.16,2469360332,2469360728,False
2026-01-21,8.24,34.825398,0.885944,20347529135.68,20347532398.72,2469360332,2469360728,False
2026-01-22,8.29,35.036717,0.89132,20470997152.28,20471000435.12,2469360332,2469360728,False
2026-01-23,8.25,34.867662,0.887019,20372222739.0,20372226006.0,2469360332,2469360728,False
2026-01-26,8.38,35.417092,0.900997,20693239582.16,20693242900.64,2469360332,2469360728,False
2026-01-27,8.12,34.318232,0.873042,20051205895.84,20051209111.36,2469360332,2469360728,False
2026-01-28,8.5,35.924258,0.913899,20989562822.0,20989566188.0,2469360332,2469360728,False
2026-01-29,8.62,36.431424,0.926801,21285886061.84,21285889475.36,2469360332,2469360728,False
2026-01-30,8.59,36.304632,0.923575,21211805251.88,21211808653.52,2469360332,2469360728,False
2026-02-02,8.0,33.811066,0.86014,19754882656.0,19754885824.0,2469360332,2469360728,False
2026-02-03,8.06,34.064649,0.866591,19903044275.92,19903047467.68,2469360332,2469360728,False
2026-02-04,8.65,36.558215,0.930026,21359966871.8,21359970297.2,2469360332,2469360728,False
2026-02-05,8.31,35.121245,0.89347,20520384358.92,20520387649.68,2469360332,2469360728,False
2026-02-06,8.37,35.374828,0.899921,20668545978.84,20668549293.36,2469360332,2469360728,False
2026-02-09,8.42,35.586147,0.905297,20792013995.44,20792017329.76,2469360332,2469360728,False
2026-02-10,8.74,36.93859,0.939703,21582209301.68,21582212762.72,2469360332,2469360728,False
2026-02-11,8.7,36.769534,0.935402,21483434888.4,21483438333.6,2469360332,2469360728,False
2026-02-12,8.8,37.192173,0.946154,21730370921.6,21730374406.4,2469360332,2469360728,False
2026-02-13,8.76,37.023117,0.941853,21631596508.32,21631599977.28,2469360332,2469360728,False
2026-02-24,8.81,37.234437,0.947229,21755064524.92,21755068013.68,2469360332,2469360728,False
2026-02-25,8.9,37.614811,0.956906,21977306954.8,21977310479.2,2469360332,2469360728,False
2026-02-26,8.73,36.896326,0.938628,21557515698.36,21557519155.44,2469360332,2469360728,False
2026-02-27,8.92,37.699339,0.959056,22026694161.44,22026697693.76,2469360332,2469360728,False
2026-03-02,9.0,38.037449,0.967657,22224242988.0,22224246552.0,2469360332,2469360728,False
2026-03-03,8.99,37.995185,0.966582,22199549384.68,22199552944.72,2469360332,2469360728,False
2026-03-04,9.13,38.586879,0.981635,22545259831.16,22545263446.64,2469360332,2469360728,False
2026-03-05,8.87,37.48802,0.95368,21903226144.84,21903229657.36,2469360332,2469360728,False
2026-03-06,8.74,36.93859,0.939703,21582209301.68,21582212762.72,2469360332,2469360728,False
2026-03-09,8.89,37.572547,0.955831,21952613351.48,21952616871.92,2469360332,2469360728,False
2026-03-10,8.6,36.346896,0.92465,21236498855.2,21236502260.8,2469360332,2469360728,False
2026-03-11,8.86,37.445756,0.952605,21878532541.52,21878536050.08,2469360332,2469360728,False
2026-03-12,9.19,38.840462,0.988086,22693421451.08,22693425090.32,2469360332,2469360728,False
2026-03-13,9.09,38.417873,0.977335,22446485417.88,22446517987.35,2469360332,2469363915,False
2026-03-16,8.7,36.769582,0.935403,21483434888.4,21483466060.5,2469360332,2469363915,False
2026-03-17,8.41,35.543929,0.904223,20767320392.12,20767350525.15,2469360332,2469363915,False
2026-03-18,8.25,34.867707,0.887021,20372222739.0,20372252298.75,2469360332,2469363915,False
2026-03-19,8.29,35.036762,0.891321,20470997152.28,20471026855.35,2469360332,2469363915,False
2026-03-20,8.24,34.825443,0.885945,20347529135.68,20347558659.6,2469360332,2469363915,False
2026-03-23,8.72,36.85411,0.937554,21532822095.04,21532853338.8,2469360332,2469363915,False
2026-03-24,8.6,36.346943,0.924652,21236498855.2,21236529669.0,2469360332,2469363915,False
2026-03-25,8.55,36.135623,0.919276,21113030838.6,21113061473.25,2469360332,2469363915,False
2026-03-26,8.53,36.051096,0.917125,21063643631.96,21063674194.95,2469360332,2469363915,False
2026-03-27,8.61,36.389207,0.925727,21261192458.52,21261223308.15,2469360332,2469363915,False
2026-03-30,8.6,36.346943,0.924652,21236498855.2,21236529669.0,2469360332,2469363915,False
2026-03-31,8.16,34.487332,0.877344,20149980309.12,20150009546.4,2469360332,2469363915,False
2026-04-01,8.28,34.994499,0.890246,20446303548.96,20446333216.2,2469360332,2469363915,False
2026-04-02,8.23,34.783179,0.88487,20322835532.36,20322865020.45,2469360332,2469363915,False
2026-04-03,7.84,33.134888,0.842938,19359785002.88,19359813093.6,2469360332,2469363915,False
2026-04-07,7.98,33.726582,0.857991,19705495449.36,19705524041.7,2469360332,2469363915,False
2026-04-08,7.96,33.642054,0.85584,19656108242.72,19656136763.4,2469360332,2469363915,False
2026-04-09,7.87,33.261679,0.846164,19433865812.84,19433894011.05,2469360332,2469363915,False
2026-04-10,7.89,33.346207,0.848314,19483253019.48,19483281289.35,2469360332,2469363915,False
2026-04-13,7.94,33.557526,0.85369,19606721036.08,19606749485.1,2469360332,2469363915,False
2026-04-14,7.9,33.388471,0.849389,19507946622.8,19507974928.5,2469360332,2469363915,False
2026-04-15,7.91,33.430735,0.850465,19532640226.12,19532668567.65,2469360332,2469363915,False
2026-04-16,7.95,33.59979,0.854765,19631414639.4,19631443124.25,2469360332,2469363915,False
2026-04-17,7.87,33.261679,0.846164,19433865812.84,19433894011.05,2469360332,2469363915,False
2026-04-20,7.74,32.712249,0.832187,19112848969.68,19112876702.1,2469360332,2469363915,False
2026-04-21,7.9,33.388471,0.849389,19507946622.8,19507974928.5,2469360332,2469363915,False
2026-04-22,7.88,33.303943,0.847239,19458559416.16,19458587650.2,2469360332,2469363915,False
2026-04-23,8.07,34.106957,0.867667,19927737879.24,19927766794.05,2469360332,2469363915,False
2026-04-24,8.07,34.106957,0.867667,19927737879.24,19927766794.05,2469360332,2469363915,False
2026-04-27,8.3,35.079,0.8924,20495720495.0,20495720495.0,2469363915,2469363915,False
2026-04-28,8.47,35.7975,0.9107,20915512360.0,20915512360.0,2469363915,2469363915,False
2026-04-29,8.58,36.2624,0.9225,21187142391.0,21187142391.0,2469363915,2469363915,False
2026-04-30,8.62,106.6051,0.9652,21285916947.0,21285916947.0,2469363915,2469363915,False
2026-05-06,8.79,108.7076,0.9842,21705708813.0,21705708813.0,2469363915,2469363915,False
2026-05-07,8.2,101.4109,0.9182,20248784103.0,20248784103.0,2469363915,2469363915,False
2026-05-08,8.1,100.1742,0.907,20001847712.0,20001847712.0,2469363915,2469363915,False
2026-05-11,8.22,101.6583,0.9204,20298171381.0,20298171381.0,2469363915,2469363915,False
2026-05-12,8.02,99.1848,0.898,19804298598.0,19804298598.0,2469363915,2469363915,False
2026-05-13,7.84,96.9587,0.8778,19359813094.0,19359813094.0,2469363915,2469363915,False
2026-05-14,7.54,93.2486,0.8443,18619003919.0,18619003919.0,2469363915,2469363915,False
2026-05-15,7.39,91.3935,0.8275,18248599332.0,18248599332.0,2469363915,2469363915,False
2026-05-18,7.55,93.3723,0.8454,18643697558.0,18643697558.0,2469363915,2469363915,False
2026-05-19,7.58,93.7433,0.8487,18717778476.0,18717778476.0,2469363915,2469363915,False
2026-05-20,7.46,92.2592,0.8353,18421454806.0,18421454806.0,2469363915,2469363915,False
2026-05-21,7.22,89.2911,0.8084,17828807466.0,17828807466.0,2469363915,2469363915,False
2026-05-22,7.2,89.0437,0.8062,17779420188.0,17779420188.0,2469363915,2469363915,False
2026-05-25,7.92,97.9481,0.8868,19557362207.0,19557362207.0,2469363915,2469363915,False
2026-05-26,7.77,96.093,0.87,19186957620.0,19186957620.0,2469363915,2469363915,False
2026-05-27,7.75,95.8457,0.8678,19137570341.0,19137570341.0,2469363915,2469363915,False
2026-05-28,7.84,96.9587,0.8778,19359813094.0,19359813094.0,2469363915,2469363915,False
2026-05-29,7.86,97.2061,0.8801,19409200372.0,19409200372.0,2469363915,2469363915,False
2026-06-01,8.31,102.7713,0.9305,20520414134.0,20520414134.0,2469363915,2469363915,False
2026-06-02,8.31,102.7713,0.9305,20520414134.0,20520414134.0,2469363915,2469363915,False
2026-06-03,8.38,103.637,0.9383,20693269608.0,20693269608.0,2469363915,2469363915,False
2026-06-04,9.22,114.0255,1.0324,22767535296.0,22767535296.0,2469363915,2469363915,False
2026-06-05,9.67,119.5907,1.0827,23878749058.0,23878749058.0,2469363915,2469363915,False
2026-06-08,9.75,120.5801,1.0917,24076298171.0,24076298171.0,2469363915,2469363915,False
2026-06-09,9.46,116.9936,1.0592,23360182636.0,23360182636.0,2469363915,2469363915,False
2026-06-10,9.05,111.923,1.0133,22347743431.0,22347743431.0,2469363915,2469363915,False
2026-06-11,9.1,112.5414,1.0189,22471211627.0,22471211627.0,2469363915,2469363915,False
2026-06-12,9.18,113.5308,1.0279,22668760740.0,22668760740.0,2469363915,2469363915,False
2026-06-15,9.16,113.2834,1.0348,22619373324.0,22619373324.0,2469363915,2469363915,False
2026-06-16,8.75,108.2129,0.9885,21606934125.0,21606934125.0,2469363915,2469363915,False
2026-06-17,8.57,105.9868,0.9682,21162448623.0,21162448623.0,2469363915,2469363915,False
2026-06-18,8.43,104.2554,0.9524,20816737677.0,20816737677.0,2469363915,2469363915,False
2026-06-22,8.88,109.8206,1.0032,21927951432.0,21927951432.0,2469363915,2469363915,False
2026-06-23,8.57,105.9868,0.9682,21162448623.0,21162448623.0,2469363915,2469363915,False
2026-06-24,8.14,100.67,0.92,20101000000.0,20101000000.0,2469365109,2469365109,False
2026-06-25,8.09,100.05,0.91,19977000000.0,19977000000.0,2469365109,2469365109,False
2026-06-26,7.62,94.24,0.86,18817000000.0,18817000000.0,2469365109,2469365109,False
2026-06-29,7.55,93.37,0.85,18644000000.0,18644000000.0,2469365109,2469365109,False
2026-06-30,7.15,88.43,0.81,17656000000.0,17656000000.0,2469365109,2469365109,False
2026-07-01,7.62,94.24,0.87,18817000000.0,18817000000.0,2469365109,2469365109,False
2026-07-02,7.86,97.21,0.89,19409000000.0,19409000000.0,2469365109,2469365109,False
2026-07-03,7.83,96.84,0.89,19335000000.0,19335000000.0,2469365109,2469365109,False
2026-07-06,8.21,101.53,0.93,20273000000.0,20273000000.0,2469365109,2469365109,False
2026-07-07,7.81,96.59,0.89,19286000000.0,19286000000.0,2469365109,2469365109,False
2026-07-08,7.82,96.71,0.89,19310000000.0,19310000000.0,2469365109,2469365109,False
2026-07-09,7.72,95.47,0.88,19063000000.0,19063000000.0,2469365109,2469365109,False
2026-07-10,7.61,94.11,0.87,18792000000.0,18792000000.0,2469365109,2469365109,False
2026-07-13,7.51,92.88,0.85,18545000000.0,18545000000.0,2469365109,2469365109,False
2026-07-14,7.94,98.2,0.9,19607000000.0,19607000000.0,2469365109,2469365109,False
2026-07-15,7.96,98.44,0.91,19656000000.0,19656000000.0,2469365109,2469365109,False
2026-07-16,7.73,95.6,0.88,19088000000.0,19088000000.0,2469365109,2469365109,False
2026-07-17,7.47,92.38,0.85,18446000000.0,18446000000.0,2469365109,2469365109,False
2026-07-20,7.98,98.69,0.91,19706000000.0,19706000000.0,2469365109,2469365109,False
2026-07-21,7.65,94.61,0.87,18891000000.0,18891000000.0,2469365109,2469365109,False
2026-07-22,8.04,99.43,0.91,19854000000.0,19854000000.0,2469365109,2469365109,False
2026-07-23,8.11,100.3,0.92,20027000000.0,20027000000.0,2469365109,2469365109,False
2026-07-24,7.69,95.1,0.87,18989000000.0,18989000000.0,2469365109,2469365109,False
2026-07-27,7.79,96.34,0.89,19236000000.0,19236000000.0,2469365109,2469365109,False
2026-07-28,7.67,94.86,0.87,18940000000.0,18940000000.0,2469365109,2469365109,False
2026-07-29,8.14,100.67,0.93,20101000000.0,20101000000.0,2469365109,2469365109,False
2026-07-30,7.96,98.44,0.91,19656000000.0,19656000000.0,2469365109,2469365109,False
2026-07-31,7.99,98.81,0.91,19730000000.0,19730000000.0,2469365109,2469365109,False
2026-08-03,7.88,97.45,0.9,19459000000.0,19459000000.0,2469365109,2469365109,False
2026-08-04,8.02,99.18,0.91,19804000000.0,19804000000.0,2469365109,2469365109,False
2026-08-05,8.11,100.3,0.92,20027000000.0,20027000000.0,2469365109,2469365109,False
2026-08-06,8.92,110.32,1.01,22027000000.0,22027000000.0,2469365109,2469365109,False
2026-08-07,8.94,110.56,1.02,22076000000.0,22076000000.0,2469365109,2469365109,False
2026-08-10,9.35,115.63,1.06,23089000000.0,23089000000.0,2469365109,2469365109,False
2026-08-11,9.34,115.51,1.06,23064000000.0,23064000000.0,2469365109,2469365109,False
2026-08-12,9.19,113.65,1.04,22693000000.0,22693000000.0,2469365109,2469365109,False
2026-08-13,8.99,111.18,1.02,22200000000.0,22200000000.0,2469365109,2469365109,False
2026-08-14,9.59,118.6,1.09,23681000000.0,23681000000.0,2469365109,2469365109,False
2026-08-17,9.31,115.14,1.06,22990000000.0,22990000000.0,2469365109,2469365109,False
2026-08-18,9.29,114.89,1.06,22940000000.0,22940000000.0,2469365109,2469365109,False
2026-08-19,9.42,116.5,1.07,23261000000.0,23261000000.0,2469365109,2469365109,False
2026-08-20,9.46,116.99,1.08,23360000000.0,23360000000.0,2469365109,2469365109,False
2026-08-21,9.61,118.85,1.09,23731000000.0,23731000000.0,2469365109,2469365109,False
2026-08-24,9.8,121.2,1.11,24200000000.0,24200000000.0,2469365109,2469365109,False
2026-08-25,9.56,81.35,1.07,23607000000.0,23607000000.0,2469365109,2469365109,False
2026-08-26,9.73,82.79,1.09,24027000000.0,24027000000.0,2469365109,2469365109,False
2026-08-27,9.91,84.32,1.11,24471000000.0,24471000000.0,2469365109,2469365109,False
2026-08-28,9.87,83.98,1.11,24373000000.0,24373000000.0,2469365109,2469365109,False
