Date,Stock,Action,Price,Shares,名称,金额
2017-03-10,000766,BUY,18.1,3200,通化金马,57920.0
2017-03-10,601188,BUY,4.55,19800,龙江交通,90090.0
2017-03-10,601766,BUY,7.66,9600,中国中车,73536.0
2017-03-10,600522,BUY,10.02,5900,中天科技,59118.0
2017-03-10,000848,BUY,7.08,4400,承德露露,31152.0
2017-03-10,600900,BUY,8.95,3100,长江电力,27745.0
2017-03-10,000858,BUY,31.48,2100,五粮液,66108.0
2017-03-10,002281,BUY,25.15,2700,光迅科技,67905.0
2017-03-13,002281,SELL,25.12,2700,光迅科技,67824.0
2017-03-13,300059,BUY,4.35,6000,东方财富,26100.0
2017-03-13,600988,BUY,7.41,3500,赤峰黄金,25935.0
2017-03-13,601600,BUY,4.51,5800,中国铝业,26158.0
2017-03-14,600900,BUY,9.08,1700,长江电力,15436.0
2017-03-15,000858,SELL,32.16,2100,五粮液,67536.0
2017-03-15,603993,BUY,4.23,100,洛阳钼业,423.0
2017-03-15,600396,BUY,5.12,100,华电辽能,512.0
2017-03-16,000848,BUY,7.13,9400,承德露露,67022.0
2017-03-17,600900,SELL,9.13,4800,长江电力,43824.0
2017-03-20,600522,SELL,10.32,5900,中天科技,60888.0
2017-03-20,601800,BUY,14.06,3100,中国交建,43586.0
2017-03-20,000063,BUY,15.7,2800,中兴通讯,43960.0
2017-03-21,000766,BUY,18.11,900,通化金马,16299.0
2017-03-22,601188,SELL,4.86,19800,龙江交通,96228.0
2017-03-22,002498,BUY,3.77,200,汉缆股份,754.0
2017-03-22,600757,BUY,5.74,100,长江传媒,574.0
2017-03-22,603123,BUY,9.62,100,翠微股份,962.0
2017-03-22,600096,BUY,7.31,100,云天化,731.0
2017-03-22,000848,BUY,7.15,100,承德露露,715.0
2017-03-22,000657,BUY,7.81,100,中钨高新,781.0
2017-03-22,300059,BUY,4.2,200,东方财富,840.0
2017-03-22,002436,BUY,6.64,100,兴森科技,664.0
2017-03-22,601899,BUY,2.81,300,紫金矿业,843.0
2017-03-23,002432,BUY,13.16,6800,九安医疗,89488.0
2017-03-24,000766,SELL,18.33,4100,通化金马,75153.0
2017-03-24,600396,SELL,5.13,100,华电辽能,513.0
2017-03-24,601800,SELL,14.74,3100,中国交建,45694.0
2017-03-24,600988,BUY,7.32,100,赤峰黄金,732.0
2017-03-24,601600,BUY,4.43,200,中国铝业,886.0
2017-03-24,600010,BUY,2.16,400,包钢股份,864.0
2017-03-24,000657,BUY,7.53,100,中钨高新,753.0
2017-03-27,002436,BUY,6.65,17900,兴森科技,119035.0
2017-03-28,601766,SELL,7.98,9600,中国中车,76608.0
2017-03-28,000848,SELL,7.08,13900,承德露露,98412.0
2017-03-28,000063,SELL,15.97,2800,中兴通讯,44716.0
2017-03-29,600498,BUY,23.04,9500,烽火通信,218880.0
2017-03-30,600757,BUY,5.59,100,长江传媒,559.0
2017-04-06,600010,BUY,2.17,100,包钢股份,217.0
2017-04-07,603993,SELL,4.36,100,洛阳钼业,436.0
2017-04-11,601188,BUY,4.51,100,龙江交通,451.0
2017-04-12,601600,SELL,4.62,6000,中国铝业,27720.0
2017-04-12,600757,SELL,5.76,200,长江传媒,1152.0
2017-04-12,600010,SELL,2.23,500,包钢股份,1115.0
2017-04-13,600988,SELL,7.56,3600,赤峰黄金,27216.0
2017-04-13,002498,SELL,3.85,200,汉缆股份,770.0
2017-04-13,601899,SELL,2.91,300,紫金矿业,873.0
2017-04-13,600050,BUY,4.29,600,中国联通,2574.0
2017-04-13,000858,BUY,33.14,900,五粮液,29826.0
2017-04-14,002131,BUY,3.59,7300,利欧股份,26207.0
2017-04-19,601666,BUY,3.36,100,平煤股份,336.0
2017-04-20,000858,SELL,35.34,900,五粮液,31806.0
2017-04-20,600050,BUY,4.29,600,中国联通,2574.0
2017-04-21,601666,BUY,3.4,8500,平煤股份,28900.0
2017-04-25,601899,BUY,2.73,100,紫金矿业,273.0
2017-05-11,000657,SELL,6.37,200,中钨高新,1274.0
2017-05-12,002735,BUY,10.94,100,王子新材,1094.0
2017-05-17,600010,BUY,2.06,100,包钢股份,206.0
2017-05-19,300059,SELL,3.65,6200,东方财富,22630.0
2017-05-19,002735,SELL,10.68,100,王子新材,1068.0
2017-05-19,600050,BUY,4.29,1200,中国联通,5148.0
2017-05-22,002131,SELL,3.37,7300,利欧股份,24601.0
2017-05-22,000977,BUY,17.91,1000,浪潮信息,17910.0
2017-05-22,002639,BUY,9.07,2000,雪人集团,18140.0
2017-05-23,002436,SELL,6.06,18000,兴森科技,109080.0
2017-05-23,600498,SELL,19.79,9500,烽火通信,188005.0
2017-05-23,601800,BUY,11.75,600,中国交建,7050.0
2017-05-23,600050,BUY,4.29,2400,中国联通,10296.0
2017-05-23,000766,BUY,14.71,400,通化金马,5884.0
2017-05-23,600010,BUY,2.08,3400,包钢股份,7072.0
2017-05-23,000657,BUY,6.25,1100,中钨高新,6875.0
2017-05-23,601611,BUY,10.62,600,中国核建,6372.0
2017-05-23,000848,BUY,6.18,1100,承德露露,6798.0
2017-05-23,000566,BUY,13.09,500,海南海药,6545.0
2017-05-23,000858,BUY,38.15,100,五粮液,3815.0
2017-05-23,002156,BUY,9.75,700,通富微电,6825.0
2017-05-24,000657,SELL,6.32,1100,中钨高新,6952.0
2017-05-24,000566,SELL,13.1,500,海南海药,6550.0
2017-05-24,601611,BUY,10.27,9700,中国核建,99619.0
2017-05-24,600050,BUY,4.29,4800,中国联通,20592.0
2017-05-24,000766,BUY,15.33,3900,通化金马,59787.0
2017-05-24,000848,BUY,6.21,7700,承德露露,47817.0
2017-05-25,000766,BUY,15.5,1400,通化金马,21700.0
2017-05-26,000858,SELL,37.59,100,五粮液,3759.0
2017-05-26,000848,BUY,6.35,100,承德露露,635.0
2017-05-26,601188,BUY,3.66,100,龙江交通,366.0
2017-05-26,002498,BUY,3.29,200,汉缆股份,658.0
2017-05-31,300285,BUY,11.64,200,国瓷材料,2328.0
2017-06-01,603993,BUY,3.5,100,洛阳钼业,350.0
2017-06-02,601899,SELL,2.65,100,紫金矿业,265.0
2017-06-02,600010,SELL,2.11,3500,包钢股份,7385.0
2017-06-05,000977,SELL,17.47,1000,浪潮信息,17470.0
2017-06-05,000766,SELL,17.02,5700,通化金马,97014.0
2017-06-05,002735,BUY,10.49,700,王子新材,7343.0
2017-06-05,300502,BUY,4.59,1600,新易盛,7344.0
2017-06-05,603606,BUY,4.87,1500,东方电缆,7305.0
2017-06-05,002151,BUY,29.22,100,北斗星通,2922.0
2017-06-05,000848,BUY,6.37,1200,承德露露,7644.0
2017-06-05,603123,BUY,8.05,900,翠微股份,7245.0
2017-06-05,600757,BUY,4.82,1600,长江传媒,7712.0
2017-06-05,600875,BUY,8.09,900,东方电气,7281.0
2017-06-05,002309,BUY,12.19,600,中利集团,7314.0
2017-06-05,300620,BUY,14.51,500,光库科技,7255.0
2017-06-06,601666,SELL,3.22,8600,平煤股份,27692.0
2017-06-06,603993,BUY,3.52,15000,洛阳钼业,52800.0
2017-06-06,002151,BUY,29.22,100,北斗星通,2922.0
2017-06-07,000657,BUY,6.23,3900,中钨高新,24297.0
2017-06-08,300394,BUY,4.65,100,天孚通信,465.0
2017-06-09,002309,SELL,12.3,600,中利集团,7380.0
2017-06-09,002151,BUY,29.22,200,北斗星通,5844.0
2017-06-12,603123,SELL,8.21,1000,翠微股份,8210.0
2017-06-12,600096,SELL,5.78,100,云天化,578.0
2017-06-12,000848,SELL,6.42,10100,承德露露,64842.0
2017-06-12,002735,SELL,10.27,700,王子新材,7189.0
2017-06-12,600875,SELL,8.06,900,东方电气,7254.0
2017-06-12,002151,BUY,29.22,400,北斗星通,11688.0
2017-06-12,600050,BUY,4.29,9600,中国联通,41184.0
2017-06-12,000657,BUY,6.41,200,中钨高新,1282.0
2017-06-12,000566,BUY,12.74,100,海南海药,1274.0
2017-06-12,603993,BUY,3.63,400,洛阳钼业,1452.0
2017-06-12,002156,BUY,8.9,100,通富微电,890.0
2017-06-13,601800,SELL,12.35,600,中国交建,7410.0
2017-06-13,000657,SELL,6.51,4100,中钨高新,26691.0
2017-06-13,002151,BUY,29.22,800,北斗星通,23376.0
2017-06-13,002432,BUY,10.54,3000,九安医疗,31620.0
2017-06-14,002281,BUY,20.04,500,光迅科技,10020.0
2017-06-15,002432,SELL,11.11,9800,九安医疗,108878.0
2017-06-15,603993,SELL,3.98,15500,洛阳钼业,61690.0
2017-06-15,600757,SELL,4.99,1600,长江传媒,7984.0
2017-06-15,300394,SELL,4.84,100,天孚通信,484.0
2017-06-15,600050,BUY,4.29,19200,中国联通,82368.0
2017-06-15,603606,BUY,5.12,100,东方电缆,512.0
2017-06-15,002156,BUY,9.3,100,通富微电,930.0
2017-06-16,000566,BUY,12.91,7400,海南海药,95534.0
2017-06-19,300285,SELL,12.29,200,国瓷材料,2458.0
2017-06-19,002151,SELL,28.78,1600,北斗星通,46048.0
2017-06-19,300620,SELL,15.7,500,光库科技,7850.0
2017-06-19,000848,BUY,6.5,100,承德露露,650.0
2017-06-19,603993,BUY,4.26,100,洛阳钼业,426.0
2017-06-19,000657,BUY,6.55,100,中钨高新,655.0
2017-06-20,603993,SELL,4.28,100,洛阳钼业,428.0
2017-06-20,300293,BUY,14.65,3700,蓝英装备,54205.0
2017-06-21,601188,SELL,3.85,200,龙江交通,770.0
2017-06-21,002498,SELL,3.32,200,汉缆股份,664.0
2017-06-21,603606,SELL,5.11,1600,东方电缆,8176.0
2017-06-21,002281,SELL,20.93,500,光迅科技,10465.0
2017-06-21,000848,SELL,6.54,100,承德露露,654.0
2017-06-21,000657,SELL,6.6,100,中钨高新,660.0
2017-06-21,000566,BUY,13.01,100,海南海药,1301.0
2017-06-21,600900,BUY,10.21,100,长江电力,1021.0
2017-06-21,002156,BUY,9.52,100,通富微电,952.0
2017-06-22,002639,SELL,8.67,2000,雪人集团,17340.0
2017-06-22,002156,SELL,9.3,1000,通富微电,9300.0
2017-06-22,600339,BUY,6.16,3100,中油工程,19096.0
2017-06-22,002475,BUY,8.51,2300,立讯精密,19573.0
2017-06-23,601611,SELL,11.07,10300,中国核建,114021.0
2017-06-23,000930,BUY,9.37,800,中粮科技,7496.0
2017-06-23,000938,BUY,19.87,300,紫光股份,5961.0
2017-06-23,000858,BUY,43.48,100,五粮液,4348.0
2017-06-23,000566,BUY,12.9,500,海南海药,6450.0
2017-06-23,603993,BUY,4.16,1800,洛阳钼业,7488.0
2017-06-23,603606,BUY,5.08,1500,东方电缆,7620.0
2017-06-23,603589,BUY,28.09,200,口子窖,5618.0
2017-06-23,601666,BUY,3.26,2300,平煤股份,7498.0
2017-06-23,002151,BUY,27.31,200,北斗星通,5462.0
2017-06-26,000938,SELL,21.0,300,紫光股份,6300.0
2017-06-26,603606,SELL,5.22,1500,东方电缆,7830.0
2017-06-26,300502,BUY,4.47,14200,新易盛,63474.0
2017-06-27,600900,SELL,10.42,100,长江电力,1042.0
2017-06-27,002475,SELL,8.67,2300,立讯精密,19941.0
2017-06-27,000766,BUY,17.05,800,通化金马,13640.0
2017-06-27,002436,BUY,6.02,2300,兴森科技,13846.0
2017-06-28,000930,SELL,9.45,800,中粮科技,7560.0
2017-06-28,603589,SELL,29.32,200,口子窖,5864.0
2017-06-28,002151,BUY,27.34,200,北斗星通,5468.0
2017-06-28,601766,BUY,7.66,1000,中国中车,7660.0
2017-06-28,002131,BUY,3.15,2400,利欧股份,7560.0
2017-06-29,000858,SELL,43.81,100,五粮液,4381.0
2017-06-29,603993,SELL,4.28,1800,洛阳钼业,7704.0
2017-06-30,000766,BUY,15.98,700,通化金马,11186.0
2017-07-03,300293,BUY,14.17,100,蓝英装备,1417.0
2017-07-04,601766,SELL,7.67,1000,中国中车,7670.0
2017-07-05,601666,SELL,3.54,2300,平煤股份,8142.0
2017-07-05,600800,BUY,8.16,900,渤海化学,7344.0
2017-07-05,000566,BUY,12.95,500,海南海药,6475.0
2017-07-05,002739,BUY,8.38,100,万达电影,838.0
2017-07-06,002432,BUY,10.37,100,九安医疗,1037.0
2017-07-10,000566,SELL,13.09,8600,海南海药,112574.0
2017-07-10,002436,SELL,6.08,2300,兴森科技,13984.0
2017-07-10,002739,BUY,8.38,100,万达电影,838.0
2017-07-11,002151,SELL,27.56,400,北斗星通,11024.0
2017-07-11,002739,BUY,8.38,200,万达电影,1676.0
2017-07-11,000858,BUY,42.44,1400,五粮液,59416.0
2017-07-11,000566,BUY,13.17,2800,海南海药,36876.0
2017-07-11,000938,BUY,20.33,1300,紫光股份,26429.0
2017-07-12,600800,SELL,8.07,900,渤海化学,7263.0
2017-07-12,600594,BUY,12.75,900,益佰制药,11475.0
2017-07-12,002739,BUY,8.38,400,万达电影,3352.0
2017-07-13,000938,SELL,20.61,1300,紫光股份,26793.0
2017-07-13,002131,BUY,3.15,1500,利欧股份,4725.0
2017-07-13,002739,BUY,8.38,800,万达电影,6704.0
2017-07-13,002624,BUY,17.09,200,完美世界,3418.0
2017-07-13,000566,BUY,13.41,300,海南海药,4023.0
2017-07-13,603993,BUY,5.14,900,洛阳钼业,4626.0
2017-07-13,000848,BUY,6.33,700,承德露露,4431.0
2017-07-14,002281,BUY,19.57,100,光迅科技,1957.0
2017-07-17,000566,SELL,13.07,3100,海南海药,40517.0
2017-07-17,002739,BUY,8.38,1600,万达电影,13408.0
2017-07-17,600522,BUY,9.88,100,中天科技,988.0
2017-07-17,603606,BUY,4.75,300,东方电缆,1425.0
2017-07-17,000766,BUY,13.35,100,通化金马,1335.0
2017-07-17,000848,BUY,6.11,300,承德露露,1833.0
2017-07-17,000657,BUY,7.15,200,中钨高新,1430.0
2017-07-17,002156,BUY,9.09,200,通富微电,1818.0
2017-07-18,603993,SELL,5.69,900,洛阳钼业,5121.0
2017-07-18,600419,BUY,16.98,1100,天润乳业,18678.0
2017-07-19,601188,BUY,3.66,1800,龙江交通,6588.0
2017-07-21,600339,SELL,6.16,3100,中油工程,19096.0
2017-07-24,000657,SELL,7.72,200,中钨高新,1544.0
2017-07-24,600487,BUY,18.21,1000,亨通光电,18210.0
2017-07-25,000063,BUY,21.08,100,中兴通讯,2108.0
2017-07-26,000858,SELL,42.69,1400,五粮液,59766.0
2017-07-26,000063,SELL,20.9,100,中兴通讯,2090.0
2017-07-26,002739,BUY,8.38,3200,万达电影,26816.0
2017-07-26,000766,BUY,16.38,1600,通化金马,26208.0
2017-07-27,002151,BUY,26.71,300,北斗星通,8013.0
2017-07-28,002156,BUY,9.22,100,通富微电,922.0
2017-07-31,002624,SELL,17.92,200,完美世界,3584.0
2017-08-01,300013,BUY,10.63,300,新宁物流,3189.0
2017-08-02,600419,SELL,19.07,1100,天润乳业,20977.0
2017-08-02,300013,SELL,10.72,300,新宁物流,3216.0
2017-08-02,002436,BUY,5.72,100,兴森科技,572.0
2017-08-02,600396,BUY,3.89,100,华电辽能,389.0
2017-08-03,601188,SELL,3.84,1800,龙江交通,6912.0
2017-08-03,300476,BUY,12.65,1800,胜宏科技,22770.0
2017-08-04,000848,SELL,6.17,1000,承德露露,6170.0
2017-08-04,600522,SELL,10.09,100,中天科技,1009.0
2017-08-04,600487,SELL,17.7,1000,亨通光电,17700.0
2017-08-04,002735,BUY,10.68,700,王子新材,7476.0
2017-08-04,002792,BUY,15.66,500,通宇通讯,7830.0
2017-08-04,300476,BUY,12.08,600,胜宏科技,7248.0
2017-08-04,603123,BUY,7.94,1000,翠微股份,7940.0
2017-08-07,600396,SELL,3.96,100,华电辽能,396.0
2017-08-07,601611,BUY,10.57,200,中国核建,2114.0
2017-08-08,002436,BUY,5.66,100,兴森科技,566.0
2017-08-09,002281,SELL,19.15,100,光迅科技,1915.0
2017-08-09,002792,SELL,15.58,500,通宇通讯,7790.0
2017-08-10,000566,BUY,12.91,700,海南海药,9037.0
2017-08-11,300502,SELL,3.66,15800,新易盛,57828.0
2017-08-11,002432,SELL,8.92,100,九安医疗,892.0
2017-08-11,600594,SELL,11.91,900,益佰制药,10719.0
2017-08-11,603606,SELL,4.97,300,东方电缆,1491.0
2017-08-11,002151,SELL,26.53,300,北斗星通,7959.0
2017-08-11,603123,SELL,7.78,1000,翠微股份,7780.0
2017-08-11,601611,SELL,9.97,200,中国核建,1994.0
2017-08-11,600176,BUY,6.17,100,中国巨石,617.0
2017-08-11,002739,BUY,8.38,6400,万达电影,53632.0
2017-08-11,000848,BUY,6.15,100,承德露露,615.0
2017-08-14,600339,BUY,5.96,5800,中油工程,34568.0
2017-08-16,300293,SELL,12.71,3800,蓝英装备,48298.0
2017-08-16,300476,SELL,13.96,2400,胜宏科技,33504.0
2017-08-16,000766,BUY,16.38,3200,通化金马,52416.0
2017-08-17,002174,BUY,30.02,900,游族网络,27018.0
2017-08-18,000657,BUY,7.16,300,中钨高新,2148.0
2017-08-21,002174,SELL,29.12,900,游族网络,26208.0
2017-08-22,002735,SELL,11.02,700,王子新材,7714.0
2017-08-22,000657,BUY,7.27,3600,中钨高新,26172.0
2017-08-23,600339,SELL,6.51,5800,中油工程,37758.0
2017-08-23,002378,BUY,7.6,1000,章源钨业,7600.0
2017-08-23,601188,BUY,3.76,2100,龙江交通,7896.0
2017-08-23,600176,BUY,6.19,1200,中国巨石,7428.0
2017-08-23,000657,BUY,7.06,1100,中钨高新,7766.0
2017-08-23,603993,BUY,5.58,1400,洛阳钼业,7812.0
2017-08-23,300013,BUY,10.33,700,新宁物流,7231.0
2017-08-24,601188,SELL,3.77,2100,龙江交通,7917.0
2017-08-25,600050,SELL,6.97,38400,中国联通,267648.0
2017-08-25,002739,BUY,8.38,12800,万达电影,107264.0
2017-08-25,000657,BUY,7.17,1100,中钨高新,7887.0
2017-08-25,000766,BUY,16.38,6400,通化金马,104832.0
2017-08-25,000063,BUY,20.89,300,中兴通讯,6267.0
2017-08-25,000848,BUY,6.12,1200,承德露露,7344.0
2017-08-25,000858,BUY,42.76,100,五粮液,4276.0
2017-08-25,000938,BUY,20.01,300,紫光股份,6003.0
2017-08-25,000930,BUY,11.21,700,中粮科技,7847.0
2017-08-25,002156,BUY,9.53,800,通富微电,7624.0
2017-08-28,000930,SELL,11.27,700,中粮科技,7889.0
2017-08-28,300013,BUY,10.39,1500,新宁物流,15585.0
2017-08-29,002300,BUY,6.75,1200,太阳电缆,8100.0
2017-08-30,000566,SELL,12.94,700,海南海药,9058.0
2017-08-30,600010,BUY,2.76,100,包钢股份,276.0
2017-08-31,601766,BUY,7.74,1100,中国中车,8514.0
2017-09-01,000063,SELL,21.59,300,中兴通讯,6477.0
2017-09-01,002131,BUY,2.99,200,利欧股份,598.0
2017-09-01,000848,BUY,6.1,100,承德露露,610.0
2017-09-01,600050,BUY,6.62,100,中国联通,662.0
2017-09-04,002156,SELL,9.96,1100,通富微电,10956.0
2017-09-04,002436,SELL,5.8,200,兴森科技,1160.0
2017-09-04,000657,SELL,7.7,6100,中钨高新,46970.0
2017-09-04,002378,SELL,8.56,1000,章源钨业,8560.0
2017-09-04,603993,SELL,6.47,1400,洛阳钼业,9058.0
2017-09-04,000938,SELL,21.18,300,紫光股份,6354.0
2017-09-04,002300,SELL,6.77,1200,太阳电缆,8124.0
2017-09-04,601766,SELL,7.69,1100,中国中车,8459.0
2017-09-04,002475,BUY,9.58,500,立讯精密,4790.0
2017-09-04,000063,BUY,22.24,200,中兴通讯,4448.0
2017-09-04,601899,BUY,3.55,1400,紫金矿业,4970.0
2017-09-04,000848,BUY,6.13,800,承德露露,4904.0
2017-09-04,000858,BUY,42.85,100,五粮液,4285.0
2017-09-04,000930,BUY,11.19,400,中粮科技,4476.0
2017-09-04,002174,BUY,24.98,200,游族网络,4996.0
2017-09-05,002131,SELL,2.97,4100,利欧股份,12177.0
2017-09-05,600010,SELL,2.81,100,包钢股份,281.0
2017-09-05,600050,BUY,6.56,10900,中国联通,71504.0
2017-09-06,601899,SELL,3.61,1400,紫金矿业,5054.0
2017-09-06,000858,BUY,42.55,300,五粮液,12765.0
2017-09-07,002475,SELL,9.37,500,立讯精密,4685.0
2017-09-07,600900,BUY,10.99,400,长江电力,4396.0
2017-09-07,600050,BUY,6.58,800,中国联通,5264.0
2017-09-08,300013,SELL,10.41,2200,新宁物流,22902.0
2017-09-08,000063,SELL,23.12,200,中兴通讯,4624.0
2017-09-08,000930,SELL,11.07,400,中粮科技,4428.0
2017-09-11,601766,BUY,7.69,4100,中国中车,31529.0
2017-09-12,000848,SELL,6.14,2200,承德露露,13508.0
2017-09-12,601899,BUY,3.42,200,紫金矿业,684.0
2017-09-12,601666,BUY,4.89,100,平煤股份,489.0
2017-09-13,601666,SELL,4.89,100,平煤股份,489.0
2017-09-13,002396,BUY,13.8,900,星网锐捷,12420.0
2017-09-14,600900,SELL,10.95,400,长江电力,4380.0
2017-09-14,601899,SELL,3.31,200,紫金矿业,662.0
2017-09-14,600339,BUY,6.37,100,中油工程,637.0
2017-09-14,002475,BUY,9.21,100,立讯精密,921.0
2017-09-14,000848,BUY,6.13,100,承德露露,613.0
2017-09-14,000657,BUY,8.04,100,中钨高新,804.0
2017-09-15,000848,SELL,6.19,100,承德露露,619.0
2017-09-15,002174,BUY,25.02,100,游族网络,2502.0
2017-09-18,000657,SELL,8.35,100,中钨高新,835.0
2017-09-18,600339,BUY,6.44,200,中油工程,1288.0
2017-09-18,603993,BUY,6.81,100,洛阳钼业,681.0
2017-09-19,002396,SELL,14.27,900,星网锐捷,12843.0
2017-09-20,000858,SELL,44.68,500,五粮液,22340.0
2017-09-20,601611,BUY,11.51,1100,中国核建,12661.0
2017-09-20,600096,BUY,7.12,1800,云天化,12816.0
2017-09-21,600176,SELL,6.38,1300,中国巨石,8294.0
2017-09-21,000566,BUY,12.67,700,海南海药,8869.0
2017-09-21,600050,BUY,6.22,1500,中国联通,9330.0
2017-09-22,603993,SELL,6.54,100,洛阳钼业,654.0
2017-09-25,601666,BUY,4.27,100,平煤股份,427.0
2017-09-28,600096,SELL,7.19,1800,云天化,12942.0
2017-09-29,603993,BUY,6.75,1900,洛阳钼业,12825.0
2017-10-10,601899,BUY,3.22,100,紫金矿业,322.0
2017-10-13,000566,SELL,13.14,700,海南海药,9198.0
2017-10-16,002174,SELL,24.49,300,游族网络,7347.0
2017-10-16,600875,BUY,8.87,1000,东方电气,8870.0
2017-10-17,600050,BUY,6.0,1200,中国联通,7200.0
2017-10-18,601766,SELL,7.74,4100,中国中车,31734.0
2017-10-18,600010,BUY,2.54,200,包钢股份,508.0
2017-10-18,601666,BUY,4.03,100,平煤股份,403.0
2017-10-18,300394,BUY,4.96,100,天孚通信,496.0
2017-10-19,002378,BUY,8.4,3600,章源钨业,30240.0
2017-10-20,002475,SELL,9.78,100,立讯精密,978.0
2017-10-20,002436,BUY,5.69,100,兴森科技,569.0
2017-10-23,601899,SELL,3.22,100,紫金矿业,322.0
2017-10-23,002498,BUY,3.31,300,汉缆股份,993.0
2017-10-27,002131,BUY,3.17,100,利欧股份,317.0
2017-10-31,600875,SELL,9.31,1000,东方电气,9310.0
2017-10-31,002131,SELL,3.02,100,利欧股份,302.0
2017-11-01,002151,BUY,28.44,300,北斗星通,8532.0
2017-11-02,002156,BUY,10.85,100,通富微电,1085.0
2017-11-03,600050,SELL,6.2,14500,中国联通,89900.0
2017-11-06,002131,BUY,3.02,29700,利欧股份,89694.0
2017-11-09,600010,SELL,2.62,200,包钢股份,524.0
2017-11-09,002151,SELL,30.82,300,北斗星通,9246.0
2017-11-09,002156,SELL,12.82,100,通富微电,1282.0
2017-11-10,000848,BUY,6.94,1600,承德露露,11104.0
2017-11-14,601666,SELL,4.11,200,平煤股份,822.0
2017-11-14,300394,SELL,4.98,100,天孚通信,498.0
2017-11-14,002436,SELL,5.57,100,兴森科技,557.0
2017-11-15,002131,BUY,2.95,600,利欧股份,1770.0
2017-11-22,600010,BUY,2.55,100,包钢股份,255.0
2017-12-01,603993,SELL,6.11,1900,洛阳钼业,11609.0
2017-12-04,002465,BUY,8.47,1300,海格通信,11011.0
2017-12-05,000657,BUY,6.17,100,中钨高新,617.0
2017-12-06,600010,SELL,2.51,100,包钢股份,251.0
2017-12-15,601611,SELL,9.93,1100,中国核建,10923.0
2017-12-18,002498,BUY,2.87,3800,汉缆股份,10906.0
2017-12-21,002131,BUY,2.75,100,利欧股份,275.0
2017-12-25,002498,SELL,2.98,4100,汉缆股份,12218.0
2017-12-26,002378,SELL,7.12,3600,章源钨业,25632.0
2017-12-26,002432,BUY,8.25,1400,九安医疗,11550.0
2017-12-26,300502,BUY,5.48,2200,新易盛,12056.0
2017-12-26,601118,BUY,5.47,2200,海南橡胶,12034.0
2017-12-27,000848,BUY,6.01,300,承德露露,1803.0
2017-12-28,600339,SELL,5.14,300,中油工程,1542.0
2017-12-29,600594,BUY,8.85,200,益佰制药,1770.0
2018-01-02,000657,SELL,6.56,100,中钨高新,656.0
2018-01-03,600050,BUY,5.57,100,中国联通,557.0
2018-01-08,000848,SELL,6.24,1900,承德露露,11856.0
2018-01-08,002465,SELL,9.36,1300,海格通信,12168.0
2018-01-09,600010,BUY,2.51,9600,包钢股份,24096.0
2018-01-10,601118,SELL,5.81,2200,海南橡胶,12782.0
2018-01-10,600050,SELL,5.56,100,中国联通,556.0
2018-01-10,600010,SELL,2.48,9600,包钢股份,23808.0
2018-01-11,002432,SELL,8.41,1400,九安医疗,11774.0
2018-01-11,002436,BUY,5.43,6800,兴森科技,36924.0
2018-01-12,000063,BUY,32.66,300,中兴通讯,9798.0
2018-01-15,002131,SELL,2.62,30400,利欧股份,79648.0
2018-01-15,002475,BUY,9.87,200,立讯精密,1974.0
2018-01-15,002436,BUY,5.25,400,兴森科技,2100.0
2018-01-15,002309,BUY,14.2,100,中利集团,1420.0
2018-01-16,000977,BUY,16.61,4600,浪潮信息,76406.0
2018-01-18,000063,SELL,33.35,300,中兴通讯,10005.0
2018-01-19,601766,BUY,9.47,1000,中国中车,9470.0
2018-01-22,603606,BUY,5.04,100,东方电缆,504.0
2018-01-25,601766,SELL,9.58,1000,中国中车,9580.0
2018-01-26,600988,BUY,6.07,1600,赤峰黄金,9712.0
2018-01-30,600594,SELL,8.92,200,益佰制药,1784.0
2018-01-31,002498,BUY,3.01,600,汉缆股份,1806.0
2018-02-12,002475,SELL,10.44,200,立讯精密,2088.0
2018-02-13,600757,BUY,4.47,400,长江传媒,1788.0
2018-02-14,600010,BUY,2.28,100,包钢股份,228.0
2018-02-27,000977,SELL,18.23,4600,浪潮信息,83858.0
2018-02-28,600800,BUY,4.89,17100,渤海化学,83619.0
2018-03-01,600010,BUY,2.32,100,包钢股份,232.0
2018-03-02,300502,SELL,4.52,2200,新易盛,9944.0
2018-03-05,002436,SELL,5.02,7200,兴森科技,36144.0
2018-03-05,603606,SELL,4.61,100,东方电缆,461.0
2018-03-05,600988,BUY,5.53,1800,赤峰黄金,9954.0
2018-03-05,002639,BUY,7.49,1300,雪人集团,9737.0
2018-03-05,002378,BUY,6.3,1500,章源钨业,9450.0
2018-03-05,000657,BUY,6.06,1600,中钨高新,9696.0
2018-03-06,002378,SELL,6.43,1500,章源钨业,9645.0
2018-03-06,000657,SELL,6.13,1600,中钨高新,9808.0
2018-03-06,000848,BUY,6.4,1200,承德露露,7680.0
2018-03-06,002918,BUY,16.18,400,蒙娜丽莎,6472.0
2018-03-06,000063,BUY,30.37,200,中兴通讯,6074.0
2018-03-06,603589,BUY,33.68,200,口子窖,6736.0
2018-03-07,600010,BUY,2.28,100,包钢股份,228.0
2018-03-08,600757,SELL,4.67,400,长江传媒,1868.0
2018-03-08,600800,SELL,5.13,17100,渤海化学,87723.0
2018-03-08,000848,SELL,6.35,1200,承德露露,7620.0
2018-03-08,000063,SELL,29.8,200,中兴通讯,5960.0
2018-03-09,600875,BUY,8.54,9700,东方电气,82838.0
2018-03-12,600988,SELL,5.61,3400,赤峰黄金,19074.0
2018-03-12,002639,SELL,7.77,1300,雪人集团,10101.0
2018-03-12,600875,SELL,8.56,9700,东方电气,83032.0
2018-03-12,600339,BUY,4.05,5000,中油工程,20250.0
2018-03-12,000657,BUY,6.15,3300,中钨高新,20295.0
2018-03-12,000063,BUY,31.0,600,中兴通讯,18600.0
2018-03-12,000858,BUY,60.19,300,五粮液,18057.0
2018-03-12,000848,BUY,6.36,3200,承德露露,20352.0
2018-03-12,000977,BUY,21.0,900,浪潮信息,18900.0
2018-03-13,002918,SELL,16.37,400,蒙娜丽莎,6548.0
2018-03-13,603589,SELL,34.59,200,口子窖,6918.0
2018-03-13,000063,SELL,30.23,600,中兴通讯,18138.0
2018-03-13,000848,SELL,6.27,3200,承德露露,20064.0
2018-03-13,000977,SELL,20.71,900,浪潮信息,18639.0
2018-03-13,000858,BUY,58.98,200,五粮液,11796.0
2018-03-13,000657,BUY,6.09,2600,中钨高新,15834.0
2018-03-13,603606,BUY,4.67,3400,东方电缆,15878.0
2018-03-13,603123,BUY,6.68,2400,翠微股份,16032.0
2018-03-13,002174,BUY,23.08,700,游族网络,16156.0
2018-03-14,002498,SELL,2.79,600,汉缆股份,1674.0
2018-03-14,000657,SELL,6.1,5900,中钨高新,35990.0
2018-03-14,000858,SELL,59.72,500,五粮液,29860.0
2018-03-14,603606,SELL,4.64,3400,东方电缆,15776.0
2018-03-14,603123,SELL,6.79,2400,翠微股份,16296.0
2018-03-14,002174,SELL,22.85,700,游族网络,15995.0
2018-03-14,000848,BUY,6.34,1700,承德露露,10778.0
2018-03-14,000063,BUY,29.84,300,中兴通讯,8952.0
2018-03-14,601766,BUY,8.11,1300,中国中车,10543.0
2018-03-14,601666,BUY,4.03,2600,平煤股份,10478.0
2018-03-14,000977,BUY,19.59,500,浪潮信息,9795.0
2018-03-14,000938,BUY,23.85,400,紫光股份,9540.0
2018-03-15,000977,SELL,19.98,500,浪潮信息,9990.0
2018-03-15,000938,SELL,24.12,400,紫光股份,9648.0
2018-03-15,601600,BUY,4.91,13500,中国铝业,66285.0
2018-03-16,600339,SELL,3.97,5000,中油工程,19850.0
2018-03-16,000848,SELL,6.29,1700,承德露露,10693.0
2018-03-16,000977,BUY,19.74,900,浪潮信息,17766.0
2018-03-16,000063,BUY,29.19,600,中兴通讯,17514.0
2018-03-19,000063,SELL,28.94,900,中兴通讯,26046.0
2018-03-19,601766,SELL,8.01,1300,中国中车,10413.0
2018-03-19,000848,BUY,6.31,2300,承德露露,14513.0
2018-03-19,000657,BUY,5.92,2500,中钨高新,14800.0
2018-03-19,000858,BUY,61.43,200,五粮液,12286.0
2018-03-20,002624,BUY,16.48,500,完美世界,8240.0
2018-03-21,000848,SELL,6.17,2300,承德露露,14191.0
2018-03-21,000858,SELL,58.91,200,五粮液,11782.0
2018-03-21,600010,BUY,2.22,600,包钢股份,1332.0
2018-03-21,600050,BUY,5.1,200,中国联通,1020.0
2018-03-21,601666,BUY,3.7,400,平煤股份,1480.0
2018-03-21,601766,BUY,8.01,100,中国中车,801.0
2018-03-21,600875,BUY,8.15,100,东方电气,815.0
2018-03-21,601118,BUY,5.51,200,海南橡胶,1102.0
2018-03-21,600988,BUY,5.82,200,赤峰黄金,1164.0
2018-03-22,300502,BUY,4.31,4500,新易盛,19395.0
2018-03-23,000977,SELL,19.86,900,浪潮信息,17874.0
2018-03-23,600988,SELL,6.19,200,赤峰黄金,1238.0
2018-03-23,600010,BUY,2.12,100,包钢股份,212.0
2018-03-26,601766,BUY,7.86,2400,中国中车,18864.0
2018-03-27,600339,BUY,3.72,100,中油工程,372.0
2018-04-03,002624,SELL,17.53,500,完美世界,8765.0
2018-04-03,601118,SELL,6.13,200,海南橡胶,1226.0
2018-04-04,603589,BUY,35.25,200,口子窖,7050.0
2018-04-09,002735,BUY,9.46,300,王子新材,2838.0
2018-04-11,000657,SELL,6.17,2500,中钨高新,15425.0
2018-04-12,600396,BUY,2.65,5800,华电辽能,15370.0
2018-04-13,603589,SELL,35.25,200,口子窖,7050.0
2018-04-13,600010,BUY,2.27,1000,包钢股份,2270.0
2018-04-16,603993,BUY,7.03,700,洛阳钼业,4921.0
2018-04-17,600875,SELL,7.65,100,东方电气,765.0
2018-04-18,601666,BUY,3.26,200,平煤股份,652.0
2018-04-23,601600,SELL,4.63,13500,中国铝业,62505.0
2018-04-23,300502,SELL,3.97,4500,新易盛,17865.0
2018-04-24,600875,BUY,7.71,10400,东方电气,80184.0
2018-04-25,002735,SELL,9.42,300,王子新材,2826.0
2018-04-25,601899,BUY,3.42,100,紫金矿业,342.0
2018-04-25,600339,BUY,3.45,100,中油工程,345.0
2018-04-25,600010,BUY,2.08,100,包钢股份,208.0
2018-04-26,600988,BUY,6.1,300,赤峰黄金,1830.0
2018-04-27,600010,BUY,2.05,200,包钢股份,410.0
2018-05-03,600050,SELL,4.77,200,中国联通,954.0
2018-05-04,002735,BUY,9.89,100,王子新材,989.0
2018-05-09,601766,SELL,7.58,2500,中国中车,18950.0
2018-05-09,600396,SELL,2.65,5800,华电辽能,15370.0
2018-05-09,002735,SELL,9.6,100,王子新材,960.0
2018-05-10,600875,SELL,7.85,10400,东方电气,81640.0
2018-05-10,002465,BUY,9.6,3600,海格通信,34560.0
2018-05-10,002151,BUY,30.0,1100,北斗星通,33000.0
2018-05-10,002281,BUY,24.14,1400,光迅科技,33796.0
2018-05-11,601800,BUY,10.19,1500,中国交建,15285.0
2018-05-14,600339,SELL,3.53,200,中油工程,706.0
2018-05-14,002498,BUY,2.66,100,汉缆股份,266.0
2018-05-14,600010,BUY,1.98,100,包钢股份,198.0
2018-05-15,603993,SELL,7.17,700,洛阳钼业,5019.0
2018-05-15,600800,BUY,5.27,100,渤海化学,527.0
2018-05-16,002156,BUY,11.99,400,通富微电,4796.0
2018-05-23,002131,BUY,2.41,100,利欧股份,241.0
2018-05-24,002281,SELL,24.47,1400,光迅科技,34258.0
2018-05-25,002156,SELL,12.3,400,通富微电,4920.0
2018-05-25,002735,BUY,9.7,3500,王子新材,33950.0
2018-05-28,300620,BUY,17.27,300,光库科技,5181.0
2018-05-29,002735,SELL,9.48,3500,王子新材,33180.0
2018-05-30,000930,BUY,9.02,3600,中粮科技,32472.0
2018-05-31,600988,BUY,5.97,100,赤峰黄金,597.0
2018-06-07,600988,SELL,5.8,400,赤峰黄金,2320.0
2018-06-08,002436,BUY,4.36,500,兴森科技,2180.0
2018-06-13,601899,SELL,3.3,100,紫金矿业,330.0
2018-06-13,601666,BUY,2.77,100,平煤股份,277.0
2018-06-15,600396,BUY,2.45,100,华电辽能,245.0
2018-06-19,300620,SELL,15.31,300,光库科技,4593.0
2018-06-20,000848,BUY,7.15,600,承德露露,4290.0
2018-06-21,000930,SELL,9.52,3600,中粮科技,34272.0
2018-06-21,002436,BUY,35.7,500,兴森科技,17850.0
2018-06-21,002300,BUY,3.34,100,太阳电缆,334.0
2018-06-21,600396,BUY,2.23,100,华电辽能,223.0
2018-06-21,601666,BUY,2.83,100,平煤股份,283.0
2018-06-22,600419,BUY,16.91,900,天润乳业,15219.0
2018-06-25,600522,BUY,7.63,100,中天科技,763.0
2018-06-26,601666,SELL,2.81,3400,平煤股份,9554.0
2018-06-27,603589,BUY,47.4,200,口子窖,9480.0
2018-07-06,002465,SELL,8.01,3600,海格通信,28836.0
2018-07-06,002300,SELL,4.28,100,太阳电缆,428.0
2018-07-09,002639,BUY,6.13,4700,雪人集团,28811.0
2018-07-10,601666,BUY,2.64,200,平煤股份,528.0
2018-07-16,002151,SELL,26.78,1100,北斗星通,29458.0
2018-07-16,600522,SELL,8.35,100,中天科技,835.0
2018-07-17,000848,SELL,7.43,600,承德露露,4458.0
2018-07-17,603589,SELL,48.81,200,口子窖,9762.0
2018-07-17,002639,BUY,5.85,5100,雪人集团,29835.0
2018-07-18,000566,BUY,10.08,1400,海南海药,14112.0
2018-07-19,000657,BUY,4.9,100,中钨高新,490.0
2018-07-20,600010,SELL,1.53,2400,包钢股份,3672.0
2018-07-23,000766,BUY,11.48,300,通化金马,3444.0
2018-07-26,002498,SELL,2.18,100,汉缆股份,218.0
2018-07-26,600396,SELL,2.43,200,华电辽能,486.0
2018-07-27,601800,SELL,10.56,1500,中国交建,15840.0
2018-07-27,002735,BUY,9.06,100,王子新材,906.0
2018-07-27,002639,BUY,5.89,100,雪人集团,589.0
2018-07-27,000566,BUY,8.22,100,海南海药,822.0
2018-07-27,601766,BUY,6.32,100,中国中车,632.0
2018-07-27,000848,BUY,7.12,100,承德露露,712.0
2018-07-30,002131,SELL,2.01,100,利欧股份,201.0
2018-07-30,601666,SELL,2.77,200,平煤股份,554.0
2018-07-30,000657,SELL,5.07,100,中钨高新,507.0
2018-07-30,603589,BUY,42.95,300,口子窖,12885.0
2018-07-31,000566,BUY,7.86,200,海南海药,1572.0
2018-08-01,601766,SELL,6.52,100,中国中车,652.0
2018-08-02,002309,SELL,13.15,100,中利集团,1315.0
2018-08-02,300394,BUY,3.28,100,天孚通信,328.0
2018-08-02,600800,BUY,3.52,100,渤海化学,352.0
2018-08-02,000848,BUY,6.28,100,承德露露,628.0
2018-08-03,000657,BUY,4.88,100,中钨高新,488.0
2018-08-15,300394,SELL,3.33,100,天孚通信,333.0
2018-08-17,000657,SELL,5.16,100,中钨高新,516.0
2018-08-20,601666,BUY,2.67,300,平煤股份,801.0
2018-08-21,002131,BUY,1.97,100,利欧股份,197.0
2018-08-29,002639,SELL,5.94,9900,雪人集团,58806.0
2018-08-29,002436,BUY,35.7,1000,兴森科技,35700.0
2018-08-30,600010,BUY,1.5,15400,包钢股份,23100.0
2018-08-31,600419,SELL,11.71,900,天润乳业,10539.0
2018-08-31,002735,SELL,8.58,100,王子新材,858.0
2018-09-03,601766,BUY,6.45,1700,中国中车,10965.0
2018-09-05,002498,BUY,1.98,200,汉缆股份,396.0
2018-09-06,000766,SELL,8.75,13100,通化金马,114625.0
2018-09-06,002436,BUY,35.7,2000,兴森科技,71400.0
2018-09-07,000938,BUY,20.72,2000,紫光股份,41440.0
2018-09-10,002624,BUY,13.04,100,完美世界,1304.0
2018-09-11,000657,BUY,4.48,100,中钨高新,448.0
2018-09-13,002624,SELL,13.47,100,完美世界,1347.0
2018-09-14,000657,BUY,4.58,300,中钨高新,1374.0
2018-09-17,002498,SELL,2.08,200,汉缆股份,416.0
2018-09-19,002378,BUY,4.48,100,章源钨业,448.0
2018-09-20,601766,SELL,6.69,1700,中国中车,11373.0
2018-09-21,002475,BUY,8.74,1300,立讯精密,11362.0
2018-09-26,603589,SELL,40.84,300,口子窖,12252.0
2018-09-26,601666,SELL,2.65,300,平煤股份,795.0
2018-09-27,002378,SELL,4.42,100,章源钨业,442.0
2018-09-27,300308,BUY,21.19,600,中际旭创,12714.0
2018-09-28,000848,SELL,6.14,200,承德露露,1228.0
2018-09-28,600010,SELL,1.64,15400,包钢股份,25256.0
2018-09-28,002432,BUY,5.54,100,九安医疗,554.0
2018-09-28,002639,BUY,5.85,100,雪人集团,585.0
2018-09-28,000566,BUY,6.12,100,海南海药,612.0
2018-09-28,000657,BUY,4.57,100,中钨高新,457.0
2018-09-28,601766,BUY,6.86,100,中国中车,686.0
2018-10-08,300502,BUY,3.16,7700,新易盛,24332.0
2018-10-09,601766,SELL,6.71,100,中国中车,671.0
2018-10-10,300308,SELL,20.67,600,中际旭创,12402.0
2018-10-10,000657,BUY,4.49,100,中钨高新,449.0
2018-10-10,300059,BUY,4.24,100,东方财富,424.0
2018-10-10,002639,BUY,5.77,100,雪人集团,577.0
2018-10-10,002432,BUY,5.39,100,九安医疗,539.0
2018-10-10,600988,BUY,4.35,100,赤峰黄金,435.0
2018-10-11,300394,BUY,3.78,2800,天孚通信,10584.0
2018-10-17,600988,SELL,4.27,100,赤峰黄金,427.0
2018-10-18,300394,SELL,4.11,2800,天孚通信,11508.0
2018-10-18,000848,BUY,5.48,100,承德露露,548.0
2018-10-18,603993,BUY,3.11,100,洛阳钼业,311.0
2018-10-18,601600,BUY,3.16,100,中国铝业,316.0
2018-10-18,601611,BUY,5.63,100,中国核建,563.0
2018-10-18,600594,BUY,4.84,100,益佰制药,484.0
2018-10-19,600339,BUY,4.27,2300,中油工程,9821.0
2018-10-24,002475,SELL,9.64,1300,立讯精密,12532.0
2018-10-24,300059,SELL,4.89,100,东方财富,489.0
2018-10-25,300502,SELL,3.3,7700,新易盛,25410.0
2018-10-25,600010,BUY,1.51,8600,包钢股份,12986.0
2018-10-25,002639,BUY,5.48,2300,雪人集团,12604.0
2018-10-25,600702,BUY,19.86,600,舍得酒业,11916.0
2018-10-26,000566,BUY,5.24,100,海南海药,524.0
2018-10-29,000657,BUY,3.81,100,中钨高新,381.0
2018-11-02,601600,SELL,3.56,100,中国铝业,356.0
2018-11-02,600010,SELL,1.6,8600,包钢股份,13760.0
2018-11-05,000657,BUY,4.06,3400,中钨高新,13804.0
2018-11-06,601611,SELL,6.68,100,中国核建,668.0
2018-11-07,002131,SELL,1.62,100,利欧股份,162.0
2018-11-07,603993,SELL,3.75,100,洛阳钼业,375.0
2018-11-07,600594,SELL,5.4,100,益佰制药,540.0
2018-11-07,000566,BUY,5.87,100,海南海药,587.0
2018-11-07,000657,BUY,4.27,200,中钨高新,854.0
2018-11-07,000848,BUY,5.37,100,承德露露,537.0
2018-11-08,002436,SELL,3.58,4000,兴森科技,14320.0
2018-11-08,000566,SELL,5.78,2000,海南海药,11560.0
2018-11-08,000657,SELL,4.17,4300,中钨高新,17931.0
2018-11-09,000848,BUY,5.44,8000,承德露露,43520.0
2018-11-12,002432,SELL,5.21,200,九安医疗,1042.0
2018-11-12,600339,SELL,4.41,2300,中油工程,10143.0
2018-11-12,000657,BUY,4.25,100,中钨高新,425.0
2018-11-13,000858,BUY,41.28,200,五粮液,8256.0
2018-11-14,000938,SELL,18.34,2000,紫光股份,36680.0
2018-11-14,002309,BUY,8.41,300,中利集团,2523.0
2018-11-14,300013,BUY,7.48,300,新宁物流,2244.0
2018-11-14,000848,BUY,5.56,500,承德露露,2780.0
2018-11-14,000977,BUY,19.35,100,浪潮信息,1935.0
2018-11-14,000657,BUY,4.38,600,中钨高新,2628.0
2018-11-14,000766,BUY,8.13,300,通化金马,2439.0
2018-11-14,000566,BUY,6.16,400,海南海药,2464.0
2018-11-14,601766,BUY,6.74,400,中国中车,2696.0
2018-11-15,600800,SELL,6.09,200,渤海化学,1218.0
2018-11-15,002639,SELL,5.7,2500,雪人集团,14250.0
2018-11-15,000848,SELL,5.6,8700,承德露露,48720.0
2018-11-15,600702,SELL,20.1,600,舍得酒业,12060.0
2018-11-15,000977,SELL,19.73,100,浪潮信息,1973.0
2018-11-15,000566,SELL,6.41,400,海南海药,2564.0
2018-11-15,601766,SELL,6.85,400,中国中车,2740.0
2018-11-15,000063,BUY,18.42,1000,中兴通讯,18420.0
2018-11-15,000657,BUY,4.49,4400,中钨高新,19756.0
2018-11-15,000766,BUY,8.15,2400,通化金马,19560.0
2018-11-15,000930,BUY,7.57,2600,中粮科技,19682.0
2018-11-15,000858,BUY,40.75,400,五粮液,16300.0
2018-11-16,002475,BUY,9.07,1000,立讯精密,9070.0
2018-11-19,002309,SELL,8.38,300,中利集团,2514.0
2018-11-19,601118,BUY,5.1,100,海南橡胶,510.0
2018-11-19,600339,BUY,4.06,100,中油工程,406.0
2018-11-19,000657,BUY,4.78,100,中钨高新,478.0
2018-11-19,000848,BUY,5.67,100,承德露露,567.0
2018-11-20,000657,SELL,4.5,5200,中钨高新,23400.0
2018-11-20,000766,SELL,8.12,2700,通化金马,21924.0
2018-11-20,000063,SELL,18.7,1000,中兴通讯,18700.0
2018-11-20,000848,SELL,5.58,100,承德露露,558.0
2018-11-20,000566,BUY,7.23,100,海南海药,723.0
2018-11-20,000930,BUY,7.46,100,中粮科技,746.0
2018-11-20,002475,BUY,8.92,100,立讯精密,892.0
2018-11-20,002309,BUY,8.45,100,中利集团,845.0
2018-11-20,002300,BUY,3.76,300,太阳电缆,1128.0
2018-11-20,603606,BUY,5.29,200,东方电缆,1058.0
2018-11-21,000930,SELL,7.47,2700,中粮科技,20169.0
2018-11-21,000566,SELL,7.09,100,海南海药,709.0
2018-11-21,601899,BUY,2.98,20200,紫金矿业,60196.0
2018-11-22,002309,SELL,8.39,100,中利集团,839.0
2018-11-22,300013,BUY,7.62,2700,新宁物流,20574.0
2018-11-23,000858,SELL,40.29,600,五粮液,24174.0
2018-11-23,002300,SELL,3.58,300,太阳电缆,1074.0
2018-11-23,603606,SELL,5.03,200,东方电缆,1006.0
2018-11-23,601899,SELL,2.87,20200,紫金矿业,57974.0
2018-11-23,000566,BUY,6.56,200,海南海药,1312.0
2018-11-23,000766,BUY,7.35,100,通化金马,735.0
2018-11-23,000848,BUY,5.43,200,承德露露,1086.0
2018-11-23,002156,BUY,7.64,100,通富微电,764.0
2018-11-23,002131,BUY,1.57,800,利欧股份,1256.0
2018-11-23,601600,BUY,3.37,300,中国铝业,1011.0
2018-11-26,000848,SELL,5.44,200,承德露露,1088.0
2018-11-26,002131,SELL,1.52,800,利欧股份,1216.0
2018-11-26,000063,BUY,18.63,4200,中兴通讯,78246.0
2018-11-27,601118,BUY,4.83,700,海南橡胶,3381.0
2018-11-29,300013,SELL,7.61,3000,新宁物流,22830.0
2018-11-29,000063,SELL,17.77,4200,中兴通讯,74634.0
2018-11-30,000566,SELL,6.15,200,海南海药,1230.0
2018-11-30,000858,BUY,42.2,2300,五粮液,97060.0
2018-12-03,000930,BUY,7.19,200,中粮科技,1438.0
2018-12-04,002131,BUY,1.56,100,利欧股份,156.0
2018-12-05,000766,SELL,8.35,100,通化金马,835.0
2018-12-05,002156,SELL,7.9,100,通富微电,790.0
2018-12-06,002475,SELL,8.61,1100,立讯精密,9471.0
2018-12-06,000858,SELL,42.69,2300,五粮液,98187.0
2018-12-06,603993,BUY,3.54,400,洛阳钼业,1416.0
2018-12-06,002624,BUY,13.9,100,完美世界,1390.0
2018-12-06,002378,BUY,3.85,400,章源钨业,1540.0
2018-12-06,000848,BUY,5.62,300,承德露露,1686.0
2018-12-06,000566,BUY,6.13,200,海南海药,1226.0
2018-12-06,000657,BUY,4.25,400,中钨高新,1700.0
2018-12-06,000766,BUY,8.14,200,通化金马,1628.0
2018-12-07,603993,SELL,3.53,400,洛阳钼业,1412.0
2018-12-07,002378,SELL,3.81,400,章源钨业,1524.0
2018-12-07,000766,SELL,8.03,200,通化金马,1606.0
2018-12-07,000566,BUY,5.86,16800,海南海药,98448.0
2018-12-10,000848,SELL,5.55,300,承德露露,1665.0
2018-12-10,600487,BUY,16.3,300,亨通光电,4890.0
2018-12-11,601899,BUY,2.94,500,紫金矿业,1470.0
2018-12-12,002624,SELL,14.59,100,完美世界,1459.0
2018-12-12,002131,BUY,1.48,100,利欧股份,148.0
2018-12-13,002739,SELL,24.03,25600,万达电影,615168.0
2018-12-13,601899,SELL,2.9,500,紫金矿业,1450.0
2018-12-13,002432,BUY,5.06,300,九安医疗,1518.0
2018-12-13,600800,BUY,5.63,200,渤海化学,1126.0
2018-12-13,601800,BUY,10.0,100,中国交建,1000.0
2018-12-13,300059,BUY,5.2,200,东方财富,1040.0
2018-12-13,601188,BUY,2.55,500,龙江交通,1275.0
2018-12-13,601666,BUY,2.47,600,平煤股份,1482.0
2018-12-13,600339,BUY,3.6,400,中油工程,1440.0
2018-12-13,600594,BUY,5.11,200,益佰制药,1022.0
2018-12-13,000848,BUY,5.64,200,承德露露,1128.0
2018-12-13,002639,BUY,5.91,200,雪人集团,1182.0
2018-12-14,000063,BUY,17.92,24100,中兴通讯,431872.0
2018-12-14,000566,BUY,5.51,29500,海南海药,162545.0
2018-12-17,601800,SELL,10.14,100,中国交建,1014.0
2018-12-17,002931,BUY,15.25,700,锋龙股份,10675.0
2018-12-18,000848,BUY,5.53,300,承德露露,1659.0
2018-12-19,002639,SELL,5.64,200,雪人集团,1128.0
2018-12-19,002931,SELL,14.12,700,锋龙股份,9884.0
2018-12-20,601188,SELL,2.67,500,龙江交通,1335.0
2018-12-20,000063,BUY,17.65,600,中兴通讯,10590.0
2018-12-21,002842,BUY,9.73,100,翔鹭钨业,973.0
2018-12-24,002300,BUY,3.61,200,太阳电缆,722.0
2018-12-25,002498,BUY,1.86,100,汉缆股份,186.0
2019-01-08,601600,SELL,3.33,300,中国铝业,999.0
2019-01-09,000566,BUY,5.22,200,海南海药,1044.0
2019-01-10,600487,SELL,17.66,300,亨通光电,5298.0
2019-01-10,002300,SELL,4.45,200,太阳电缆,890.0
2019-01-11,000657,SELL,4.16,400,中钨高新,1664.0
2019-01-11,300059,SELL,4.97,200,东方财富,994.0
2019-01-11,601666,SELL,2.39,600,平煤股份,1434.0
2019-01-11,600594,SELL,5.0,200,益佰制药,1000.0
2019-01-11,002498,SELL,2.96,100,汉缆股份,296.0
2019-01-11,000766,BUY,6.88,900,通化金马,6192.0
2019-01-11,000938,BUY,16.08,300,紫光股份,4824.0
2019-01-14,000566,BUY,5.24,100,海南海药,524.0
2019-01-15,002131,SELL,1.48,200,利欧股份,296.0
2019-01-15,000063,SELL,18.79,24700,中兴通讯,464113.0
2019-01-16,002624,BUY,13.79,30500,完美世界,420595.0
2019-01-17,600339,SELL,3.49,500,中油工程,1745.0
2019-01-17,002842,SELL,9.68,100,翔鹭钨业,968.0
2019-01-17,000766,BUY,6.77,6400,通化金马,43328.0
2019-01-18,000566,SELL,5.58,46800,海南海药,261144.0
2019-01-18,000938,SELL,15.92,300,紫光股份,4776.0
2019-01-18,000848,BUY,5.51,500,承德露露,2755.0
2019-01-18,601800,BUY,9.01,300,中国交建,2703.0
2019-01-18,603993,BUY,3.42,900,洛阳钼业,3078.0
2019-01-18,300476,BUY,10.51,300,胜宏科技,3153.0
2019-01-18,002624,BUY,13.84,200,完美世界,2768.0
2019-01-18,000063,BUY,18.22,100,中兴通讯,1822.0
2019-01-18,000657,BUY,4.2,700,中钨高新,2940.0
2019-01-18,601899,BUY,2.56,1200,紫金矿业,3072.0
2019-01-21,002432,SELL,4.88,300,九安医疗,1464.0
2019-01-21,300620,BUY,16.33,15100,光库科技,246583.0
2019-01-22,000766,BUY,6.7,200,通化金马,1340.0
2019-01-23,000848,SELL,5.55,1000,承德露露,5550.0
2019-01-23,603993,SELL,3.39,900,洛阳钼业,3051.0
2019-01-23,000063,SELL,18.65,100,中兴通讯,1865.0
2019-01-23,000657,SELL,4.15,700,中钨高新,2905.0
2019-01-23,002436,BUY,4.16,100,兴森科技,416.0
2019-01-23,002131,BUY,1.46,200,利欧股份,292.0
2019-01-24,601118,SELL,4.78,800,海南橡胶,3824.0
2019-01-24,002174,BUY,18.78,600,游族网络,11268.0
2019-01-25,002436,BUY,4.18,1300,兴森科技,5434.0
2019-01-28,000930,SELL,6.46,200,中粮科技,1292.0
2019-01-28,600800,SELL,5.39,200,渤海化学,1078.0
2019-01-28,300476,SELL,10.9,300,胜宏科技,3270.0
2019-01-28,002131,BUY,1.4,100,利欧股份,140.0
2019-01-29,002131,SELL,1.39,300,利欧股份,417.0
2019-01-29,002174,BUY,18.07,300,游族网络,5421.0
2019-01-30,601188,BUY,2.49,200,龙江交通,498.0
2019-01-31,600396,BUY,1.73,100,华电辽能,173.0
2019-02-15,002624,SELL,14.52,30700,完美世界,445764.0
2019-02-15,601800,SELL,8.97,300,中国交建,2691.0
2019-02-15,601899,SELL,2.75,1200,紫金矿业,3300.0
2019-02-18,000766,SELL,6.94,7500,通化金马,52050.0
2019-02-18,300620,SELL,16.83,15100,光库科技,254133.0
2019-02-18,601188,SELL,2.63,200,龙江交通,526.0
2019-02-18,000063,BUY,22.01,4800,中兴通讯,105648.0
2019-02-18,000977,BUY,19.7,4200,浪潮信息,82740.0
2019-02-18,000938,BUY,18.19,4600,紫光股份,83674.0
2019-02-18,000930,BUY,6.59,16200,中粮科技,106758.0
2019-02-18,000858,BUY,56.28,1800,五粮液,101304.0
2019-02-18,002281,BUY,27.8,3100,光迅科技,86180.0
2019-02-18,002174,BUY,19.05,4300,游族网络,81915.0
2019-02-18,002151,BUY,22.4,4700,北斗星通,105280.0
2019-02-19,000930,BUY,6.61,700,中粮科技,4627.0
2019-02-20,002436,SELL,4.57,1400,兴森科技,6398.0
2019-02-20,002174,SELL,18.26,5200,游族网络,94952.0
2019-02-20,000063,SELL,21.89,4800,中兴通讯,105072.0
2019-02-20,000977,SELL,19.36,4200,浪潮信息,81312.0
2019-02-20,000930,SELL,6.63,16900,中粮科技,112047.0
2019-02-20,002281,SELL,27.56,3100,光迅科技,85436.0
2019-02-20,002131,BUY,1.49,200,利欧股份,298.0
2019-02-21,600396,SELL,2.12,100,华电辽能,212.0
2019-02-21,000938,SELL,18.0,4600,紫光股份,82800.0
2019-02-21,002151,SELL,23.81,4700,北斗星通,111907.0
2019-02-21,600594,BUY,4.76,101700,益佰制药,484092.0
2019-02-21,002309,BUY,7.88,22100,中利集团,174148.0
2019-02-22,002131,SELL,1.51,200,利欧股份,302.0
2019-02-22,600594,SELL,4.9,101700,益佰制药,498330.0
2019-02-22,000063,BUY,25.39,800,中兴通讯,20312.0
2019-02-22,000566,BUY,6.13,3500,海南海药,21455.0
2019-02-22,000657,BUY,4.39,5000,中钨高新,21950.0
2019-02-22,000766,BUY,6.91,3100,通化金马,21421.0
2019-02-22,000848,BUY,5.91,3700,承德露露,21867.0
2019-02-22,000858,BUY,55.18,300,五粮液,16554.0
2019-02-22,000930,BUY,6.89,3100,中粮科技,21359.0
2019-02-22,000938,BUY,18.48,1100,紫光股份,20328.0
2019-02-22,000977,BUY,20.01,1000,浪潮信息,20010.0
2019-02-22,002151,BUY,24.17,900,北斗星通,21753.0
2019-02-25,002309,BUY,8.8,21100,中利集团,185680.0
2019-02-25,000566,BUY,6.48,11400,海南海药,73872.0
2019-02-26,000858,SELL,55.51,2100,五粮液,116571.0
2019-02-26,002309,SELL,8.98,43200,中利集团,387936.0
2019-02-26,000063,BUY,27.27,1900,中兴通讯,51813.0
2019-02-26,000566,BUY,6.8,7900,海南海药,53720.0
2019-02-26,000657,BUY,4.72,11400,中钨高新,53808.0
2019-02-26,000766,BUY,7.43,7200,通化金马,53496.0
2019-02-26,000848,BUY,6.06,8900,承德露露,53934.0
2019-02-26,000930,BUY,7.35,7300,中粮科技,53655.0
2019-02-26,000938,BUY,19.88,2700,紫光股份,53676.0
2019-02-26,000977,BUY,21.38,2500,浪潮信息,53450.0
2019-02-26,002131,BUY,1.76,30700,利欧股份,54032.0
2019-02-26,601766,BUY,7.54,7100,中国中车,53534.0
2019-02-27,000063,SELL,26.86,2700,中兴通讯,72522.0
2019-02-27,000930,SELL,7.28,10400,中粮科技,75712.0
2019-02-27,000938,SELL,19.44,3800,紫光股份,73872.0
2019-02-27,000977,SELL,21.15,3500,浪潮信息,74025.0
2019-02-27,002151,SELL,24.91,900,北斗星通,22419.0
2019-02-27,000566,BUY,6.9,3300,海南海药,22770.0
2019-02-27,000858,BUY,56.43,400,五粮液,22572.0
2019-02-27,000657,BUY,4.68,5000,中钨高新,23400.0
2019-02-27,000766,BUY,7.58,3000,通化金马,22740.0
2019-02-27,000848,BUY,6.09,3800,承德露露,23142.0
2019-02-27,002281,BUY,30.36,700,光迅科技,21252.0
2019-02-27,002174,BUY,18.89,1200,游族网络,22668.0
2019-02-27,002156,BUY,8.87,2600,通富微电,23062.0
2019-02-27,002131,BUY,1.85,12600,利欧股份,23310.0
2019-02-27,603993,BUY,4.18,5600,洛阳钼业,23408.0
2019-02-28,000657,SELL,4.65,21400,中钨高新,99510.0
2019-02-28,603993,SELL,4.15,5600,洛阳钼业,23240.0
2019-02-28,000063,BUY,27.17,1600,中兴通讯,43472.0
2019-02-28,000566,BUY,6.8,16700,海南海药,113560.0
2019-02-28,000858,BUY,57.59,900,五粮液,51831.0
2019-03-01,000566,SELL,6.87,42800,海南海药,294036.0
2019-03-01,000848,SELL,6.08,16400,承德露露,99712.0
2019-03-01,002131,SELL,1.78,43300,利欧股份,77074.0
2019-03-01,601766,SELL,7.55,7100,中国中车,53605.0
2019-03-01,002156,SELL,8.77,2600,通富微电,22802.0
2019-03-01,000063,BUY,27.11,1000,中兴通讯,27110.0
2019-03-01,000657,BUY,4.64,5900,中钨高新,27376.0
2019-03-01,000766,BUY,7.5,3600,通化金马,27000.0
2019-03-01,000930,BUY,7.28,3700,中粮科技,26936.0
2019-03-01,000858,BUY,61.14,400,五粮液,24456.0
2019-03-01,000938,BUY,19.31,1400,紫光股份,27034.0
2019-03-01,002174,BUY,20.12,1300,游族网络,26156.0
2019-03-01,002151,BUY,24.62,1100,北斗星通,27082.0
2019-03-01,603606,BUY,6.25,4400,东方电缆,27500.0
2019-03-04,000766,SELL,7.64,16900,通化金马,129116.0
2019-03-04,002174,SELL,19.92,2500,游族网络,49800.0
2019-03-04,000930,SELL,7.49,3700,中粮科技,27713.0
2019-03-04,000938,SELL,19.76,1400,紫光股份,27664.0
2019-03-04,002151,SELL,25.0,1100,北斗星通,27500.0
2019-03-04,000063,BUY,27.64,4200,中兴通讯,116088.0
2019-03-04,000566,BUY,6.85,16900,海南海药,115765.0
2019-03-04,000657,BUY,4.66,24900,中钨高新,116034.0
2019-03-04,000848,BUY,6.05,12600,承德露露,76230.0
2019-03-04,000858,BUY,62.22,1800,五粮液,111996.0
2019-03-05,000858,SELL,62.64,3500,五粮液,219240.0
2019-03-05,000566,SELL,6.89,16900,海南海药,116441.0
2019-03-05,000848,SELL,6.12,12600,承德露露,77112.0
2019-03-05,000063,BUY,28.86,2000,中兴通讯,57720.0
2019-03-05,000657,BUY,4.79,12400,中钨高新,59396.0
2019-03-05,000766,BUY,8.09,7300,通化金马,59057.0
2019-03-05,000938,BUY,21.29,2800,紫光股份,59612.0
2019-03-05,000930,BUY,8.15,7300,中粮科技,59495.0
2019-03-05,000977,BUY,24.5,2400,浪潮信息,58800.0
2019-03-05,002174,BUY,20.18,2900,游族网络,58522.0
2019-03-05,002156,BUY,9.5,6200,通富微电,58900.0
2019-03-06,000566,BUY,7.01,100,海南海药,701.0
2019-03-07,000766,SELL,8.1,7300,通化金马,59130.0
2019-03-08,002281,SELL,31.15,700,光迅科技,21805.0
2019-03-08,000063,SELL,26.64,8800,中兴通讯,234432.0
2019-03-08,603606,SELL,6.01,4400,东方电缆,26444.0
2019-03-08,000938,SELL,22.92,2800,紫光股份,64176.0
2019-03-08,000930,SELL,7.89,7300,中粮科技,57597.0
2019-03-08,002174,SELL,21.81,2900,游族网络,63249.0
2019-03-08,000566,BUY,6.63,8900,海南海药,59007.0
2019-03-08,000858,BUY,57.54,1000,五粮液,57540.0
2019-03-08,000657,BUY,4.74,12500,中钨高新,59250.0
2019-03-08,000766,BUY,7.51,7900,通化金马,59329.0
2019-03-08,000848,BUY,6.3,9400,承德露露,59220.0
2019-03-08,000977,BUY,25.78,2300,浪潮信息,59294.0
2019-03-08,002156,BUY,10.5,5600,通富微电,58800.0
2019-03-08,002151,BUY,25.97,2200,北斗星通,57134.0
2019-03-08,002131,BUY,2.32,24700,利欧股份,57304.0
2019-03-11,000657,SELL,4.91,55700,中钨高新,273487.0
2019-03-11,000977,SELL,26.33,4700,浪潮信息,123751.0
2019-03-11,000566,SELL,6.85,9000,海南海药,61650.0
2019-03-11,000766,SELL,7.76,7900,通化金马,61304.0
2019-03-11,000848,SELL,6.58,9400,承德露露,61852.0
2019-03-11,002131,BUY,2.29,100,利欧股份,229.0
2019-03-12,002131,SELL,2.52,24800,利欧股份,62496.0
2019-03-12,600176,BUY,7.75,9600,中国巨石,74400.0
2019-03-12,000657,BUY,5.01,8800,中钨高新,44088.0
2019-03-12,000766,BUY,7.85,10300,通化金马,80855.0
2019-03-12,000848,BUY,6.46,13400,承德露露,86564.0
2019-03-12,000858,BUY,60.65,2000,五粮液,121300.0
2019-03-12,000938,BUY,23.92,3000,紫光股份,71760.0
2019-03-12,000063,BUY,28.35,4300,中兴通讯,121905.0
2019-03-13,000858,SELL,61.62,3000,五粮液,184860.0
2019-03-13,000657,SELL,4.91,8800,中钨高新,43208.0
2019-03-13,000766,SELL,7.73,10300,通化金马,79619.0
2019-03-13,000848,SELL,6.42,13400,承德露露,86028.0
2019-03-13,000938,SELL,22.35,3000,紫光股份,67050.0
2019-03-13,000063,SELL,26.15,4300,中兴通讯,112445.0
2019-03-13,000566,BUY,7.65,5700,海南海药,43605.0
2019-03-13,000977,BUY,24.71,1700,浪潮信息,42007.0
2019-03-13,000930,BUY,7.89,5500,中粮科技,43395.0
2019-03-13,002498,BUY,3.26,13400,汉缆股份,43684.0
2019-03-13,002378,BUY,5.08,8600,章源钨业,43688.0
2019-03-13,002174,BUY,24.19,1800,游族网络,43542.0
2019-03-13,002156,BUY,10.76,4000,通富微电,43040.0
2019-03-13,002151,BUY,26.61,1600,北斗星通,42576.0
2019-03-13,002131,BUY,2.41,18100,利欧股份,43621.0
2019-03-13,603589,BUY,35.66,1200,口子窖,42792.0
2019-03-14,002156,SELL,10.09,15800,通富微电,159422.0
2019-03-14,002151,SELL,25.44,3800,北斗星通,96672.0
2019-03-14,002498,SELL,2.95,13400,汉缆股份,39530.0
2019-03-14,002378,SELL,4.92,8600,章源钨业,42312.0
2019-03-14,002174,SELL,22.92,1800,游族网络,41256.0
2019-03-14,002131,SELL,2.19,18100,利欧股份,39639.0
2019-03-14,000063,BUY,25.76,3500,中兴通讯,90160.0
2019-03-14,000566,BUY,7.71,14200,海南海药,109482.0
2019-03-14,000657,BUY,4.82,24000,中钨高新,115680.0
2019-03-14,000766,BUY,7.59,6700,通化金马,50853.0
2019-03-14,000848,BUY,6.34,18200,承德露露,115388.0
2019-03-14,000858,BUY,62.14,1800,五粮液,111852.0
2019-03-15,000566,SELL,7.49,19900,海南海药,149051.0
2019-03-15,600176,BUY,7.79,1300,中国巨石,10127.0
2019-03-15,002792,BUY,16.36,600,通宇通讯,9816.0
2019-03-15,000766,BUY,7.59,1300,通化金马,9867.0
2019-03-15,000657,BUY,5.04,2000,中钨高新,10080.0
2019-03-15,000858,BUY,63.46,100,五粮液,6346.0
2019-03-15,000938,BUY,21.83,400,紫光股份,8732.0
2019-03-15,000930,BUY,7.81,1300,中粮科技,10153.0
2019-03-15,000848,BUY,6.35,1600,承德露露,10160.0
2019-03-15,000063,BUY,25.88,400,中兴通讯,10352.0
2019-03-15,300570,BUY,20.05,500,太辰光,10025.0
2019-03-18,601899,BUY,3.01,21200,紫金矿业,63812.0
2019-03-19,000930,SELL,7.78,6800,中粮科技,52904.0
2019-03-19,000063,SELL,26.47,3900,中兴通讯,103233.0
2019-03-19,000657,SELL,5.31,26000,中钨高新,138060.0
2019-03-19,300570,SELL,20.62,500,太辰光,10310.0
2019-03-20,000977,SELL,24.36,1700,浪潮信息,41412.0
2019-03-20,603589,SELL,41.49,1200,口子窖,49788.0
2019-03-20,000766,SELL,7.68,8000,通化金马,61440.0
2019-03-20,600498,BUY,29.71,2900,烽火通信,86159.0
2019-03-20,600522,BUY,9.27,9300,中天科技,86211.0
2019-03-20,000657,BUY,5.2,23300,中钨高新,121160.0
2019-03-20,000566,BUY,8.21,14700,海南海药,120687.0
2019-03-21,000858,SELL,68.39,1900,五粮液,129941.0
2019-03-21,000657,SELL,5.24,23300,中钨高新,122092.0
2019-03-21,000566,SELL,8.16,14700,海南海药,119952.0
2019-03-21,300394,BUY,5.99,7100,天孚通信,42529.0
2019-03-21,002792,BUY,16.74,2500,通宇通讯,41850.0
2019-03-21,601899,BUY,3.08,13900,紫金矿业,42812.0
2019-03-21,600176,BUY,7.86,5400,中国巨石,42444.0
2019-03-21,300570,BUY,20.87,2000,太辰光,41740.0
2019-03-21,300059,BUY,7.95,5400,东方财富,42930.0
2019-03-21,002931,BUY,14.57,2900,锋龙股份,42253.0
2019-03-21,600988,BUY,4.48,9500,赤峰黄金,42560.0
2019-03-21,000063,BUY,26.35,1600,中兴通讯,42160.0
2019-03-22,601766,BUY,7.34,4500,中国中车,33030.0
2019-03-25,000938,SELL,21.5,400,紫光股份,8600.0
2019-03-25,600522,SELL,9.39,9300,中天科技,87327.0
2019-03-25,000848,BUY,6.3,100,承德露露,630.0
2019-03-25,002131,BUY,2.05,300,利欧股份,615.0
2019-03-25,601188,BUY,2.93,200,龙江交通,586.0
2019-03-26,000848,SELL,6.21,19900,承德露露,123579.0
2019-03-26,300570,SELL,21.7,2000,太辰光,43400.0
2019-03-26,002131,SELL,1.96,300,利欧股份,588.0
2019-03-26,000063,BUY,24.74,3800,中兴通讯,94012.0
2019-03-26,000657,BUY,4.91,19200,中钨高新,94272.0
2019-03-26,000858,BUY,68.04,900,五粮液,61236.0
2019-03-27,600176,BUY,7.68,1600,中国巨石,12288.0
2019-03-29,000657,SELL,4.89,19200,中钨高新,93888.0
2019-04-01,000938,BUY,22.16,4200,紫光股份,93072.0
2019-04-02,300502,BUY,5.21,200,新易盛,1042.0
2019-04-03,000858,SELL,76.84,900,五粮液,69156.0
2019-04-03,002131,BUY,2.23,100,利欧股份,223.0
2019-04-04,600498,SELL,29.86,2900,烽火通信,86594.0
2019-04-04,300394,SELL,5.99,7100,天孚通信,42529.0
2019-04-04,000938,SELL,22.46,4200,紫光股份,94332.0
2019-04-04,002624,BUY,16.48,4100,完美世界,67568.0
2019-04-04,000566,BUY,7.87,8700,海南海药,68469.0
2019-04-04,000657,BUY,5.14,12500,中钨高新,64250.0
2019-04-04,000848,BUY,6.45,10700,承德露露,69015.0
2019-04-08,000063,SELL,26.66,5400,中兴通讯,143964.0
2019-04-08,601766,SELL,7.42,4500,中国中车,33390.0
2019-04-08,002131,SELL,2.24,100,利欧股份,224.0
2019-04-08,002498,BUY,2.94,7900,汉缆股份,23226.0
2019-04-08,600419,BUY,13.1,1700,天润乳业,22270.0
2019-04-08,002436,BUY,5.16,4500,兴森科技,23220.0
2019-04-08,000858,BUY,82.16,200,五粮液,16432.0
2019-04-08,000848,BUY,6.38,3600,承德露露,22968.0
2019-04-08,000938,BUY,21.77,1000,紫光股份,21770.0
2019-04-08,000657,BUY,5.23,4400,中钨高新,23012.0
2019-04-08,000766,BUY,12.1,1900,通化金马,22990.0
2019-04-08,000566,BUY,7.73,3000,海南海药,23190.0
2019-04-09,601899,SELL,3.12,35100,紫金矿业,109512.0
2019-04-09,300059,SELL,7.82,5400,东方财富,42228.0
2019-04-09,600988,SELL,4.47,9500,赤峰黄金,42465.0
2019-04-09,601188,SELL,3.05,200,龙江交通,610.0
2019-04-09,000566,SELL,7.99,11700,海南海药,93483.0
2019-04-09,000657,SELL,5.15,16900,中钨高新,87035.0
2019-04-09,000858,SELL,88.62,200,五粮液,17724.0
2019-04-09,300502,BUY,5.37,300,新易盛,1611.0
2019-04-09,000848,BUY,6.5,200,承德露露,1300.0
2019-04-09,000766,BUY,11.57,100,通化金马,1157.0
2019-04-09,002300,BUY,5.96,300,太阳电缆,1788.0
2019-04-09,002131,BUY,2.2,800,利欧股份,1760.0
2019-04-09,601766,BUY,7.46,200,中国中车,1492.0
2019-04-10,600176,SELL,8.6,17900,中国巨石,153940.0
2019-04-10,000766,SELL,11.83,2000,通化金马,23660.0
2019-04-10,002300,SELL,5.86,300,太阳电缆,1758.0
2019-04-10,002624,BUY,15.66,9000,完美世界,140940.0
2019-04-10,002792,BUY,16.14,9900,通宇通讯,159786.0
2019-04-10,300293,BUY,9.54,2600,蓝英装备,24804.0
2019-04-10,000566,BUY,8.29,9600,海南海药,79584.0
2019-04-10,000858,BUY,86.19,1400,五粮液,120666.0
2019-04-11,000858,SELL,80.39,1400,五粮液,112546.0
2019-04-11,002281,BUY,29.2,1300,光迅科技,37960.0
2019-04-11,600396,BUY,2.45,16000,华电辽能,39200.0
2019-04-11,600419,BUY,12.83,3000,天润乳业,38490.0
2019-04-12,002931,SELL,13.67,2900,锋龙股份,39643.0
2019-04-12,300502,SELL,5.21,500,新易盛,2605.0
2019-04-12,000848,SELL,6.39,14500,承德露露,92655.0
2019-04-12,002498,SELL,2.92,7900,汉缆股份,23068.0
2019-04-12,002131,SELL,2.15,800,利欧股份,1720.0
2019-04-12,000566,SELL,7.72,9600,海南海药,74112.0
2019-04-12,000657,BUY,5.06,7100,中钨高新,35926.0
2019-04-12,000938,BUY,21.39,1600,紫光股份,34224.0
2019-04-12,000766,BUY,10.15,3500,通化金马,35525.0
2019-04-12,000930,BUY,8.71,4100,中粮科技,35711.0
2019-04-12,000858,BUY,80.24,400,五粮液,32096.0
2019-04-12,002281,BUY,29.05,1200,光迅科技,34860.0
2019-04-12,002174,BUY,23.15,1500,游族网络,34725.0
2019-04-15,300293,BUY,9.35,2800,蓝英装备,26180.0
2019-04-16,600396,SELL,2.48,16000,华电辽能,39680.0
2019-04-16,000930,SELL,8.4,4100,中粮科技,34440.0
2019-04-16,000566,BUY,7.72,100,海南海药,772.0
2019-04-16,000657,BUY,5.22,100,中钨高新,522.0
2019-04-16,603993,BUY,4.32,100,洛阳钼业,432.0
2019-04-17,300059,BUY,7.43,9800,东方财富,72814.0
2019-04-18,002792,SELL,17.19,13000,通宇通讯,223470.0
2019-04-18,000938,SELL,21.96,2600,紫光股份,57096.0
2019-04-18,603993,SELL,4.2,100,洛阳钼业,420.0
2019-04-19,002842,BUY,12.57,22300,翔鹭钨业,280311.0
2019-04-22,002436,SELL,5.4,4500,兴森科技,24300.0
2019-04-22,000858,SELL,81.46,400,五粮液,32584.0
2019-04-22,002131,BUY,2.07,500,利欧股份,1035.0
2019-04-22,300013,BUY,10.07,100,新宁物流,1007.0
2019-04-22,000566,BUY,8.07,100,海南海药,807.0
2019-04-22,000848,BUY,6.36,100,承德露露,636.0
2019-04-22,000930,BUY,8.28,100,中粮科技,828.0
2019-04-22,000657,BUY,5.21,200,中钨高新,1042.0
2019-04-22,000766,BUY,10.02,100,通化金马,1002.0
2019-04-22,603993,BUY,4.03,200,洛阳钼业,806.0
2019-04-23,601766,SELL,7.21,200,中国中车,1442.0
2019-04-23,000657,SELL,5.17,7400,中钨高新,38258.0
2019-04-23,000766,SELL,9.92,3600,通化金马,35712.0
2019-04-23,603993,SELL,3.96,200,洛阳钼业,792.0
2019-04-23,002174,BUY,21.25,2300,游族网络,48875.0
2019-04-23,300293,BUY,9.24,5400,蓝英装备,49896.0
2019-04-24,002281,SELL,30.27,2500,光迅科技,75675.0
2019-04-24,000566,SELL,8.73,200,海南海药,1746.0
2019-04-24,000848,SELL,6.27,100,承德露露,627.0
2019-04-24,000930,SELL,8.06,100,中粮科技,806.0
2019-04-24,000657,BUY,5.17,5400,中钨高新,27918.0
2019-04-24,000977,BUY,27.95,1000,浪潮信息,27950.0
2019-04-24,000766,BUY,10.9,2500,通化金马,27250.0
2019-04-25,002156,BUY,9.55,2500,通富微电,23875.0
2019-04-26,000657,SELL,4.83,5400,中钨高新,26082.0
2019-04-26,000977,SELL,28.41,1000,浪潮信息,28410.0
2019-04-29,300013,BUY,10.16,5300,新宁物流,53848.0
2019-04-30,601188,BUY,2.69,200,龙江交通,538.0
2019-05-07,002131,BUY,1.99,100,利欧股份,199.0
2019-05-15,002131,SELL,2.12,600,利欧股份,1272.0
2019-05-16,600900,BUY,12.58,100,长江电力,1258.0
2019-05-23,002842,SELL,11.29,22300,翔鹭钨业,251767.0
2019-05-24,600900,SELL,12.87,100,长江电力,1287.0
2019-05-24,300059,BUY,5.92,29600,东方财富,175232.0
2019-05-24,000063,BUY,25.76,1800,中兴通讯,46368.0
2019-05-27,002156,SELL,9.48,2500,通富微电,23700.0
2019-05-27,000063,BUY,26.71,1100,中兴通讯,29381.0
2019-05-28,000930,BUY,6.96,3700,中粮科技,25752.0
2019-05-29,300293,SELL,8.52,10800,蓝英装备,92016.0
2019-05-30,000766,BUY,7.35,12500,通化金马,91875.0
2019-05-31,300059,SELL,5.97,39400,东方财富,235218.0
2019-06-03,300476,BUY,10.26,17300,胜宏科技,177498.0
2019-06-03,601800,BUY,8.8,5700,中国交建,50160.0
2019-06-04,002475,BUY,12.34,600,立讯精密,7404.0
2019-06-06,601188,SELL,2.69,200,龙江交通,538.0
2019-06-06,002498,BUY,2.46,100,汉缆股份,246.0
2019-06-06,600396,BUY,1.78,100,华电辽能,178.0
2019-06-10,000063,SELL,28.29,2900,中兴通讯,82041.0
2019-06-10,601666,BUY,2.54,100,平煤股份,254.0
2019-06-11,300059,BUY,6.2,13200,东方财富,81840.0
2019-06-12,600396,BUY,1.82,200,华电辽能,364.0
2019-06-13,601800,SELL,9.04,5700,中国交建,51528.0
2019-06-14,002475,SELL,12.38,600,立讯精密,7428.0
2019-06-14,000766,BUY,6.49,7900,通化金马,51271.0
2019-06-17,002156,BUY,8.17,900,通富微电,7353.0
2019-06-18,300013,SELL,9.95,5400,新宁物流,53730.0
2019-06-18,002498,SELL,2.66,100,汉缆股份,266.0
2019-06-18,002131,BUY,1.92,100,利欧股份,192.0
2019-06-18,601899,BUY,2.93,100,紫金矿业,293.0
2019-06-19,600419,SELL,11.71,4700,天润乳业,55037.0
2019-06-19,300059,SELL,6.08,13200,东方财富,80256.0
2019-06-19,601899,SELL,2.93,100,紫金矿业,293.0
2019-06-19,002174,BUY,18.19,2900,游族网络,52751.0
2019-06-19,000566,BUY,6.36,8400,海南海药,53424.0
2019-06-19,000657,BUY,5.49,9800,中钨高新,53802.0
2019-06-20,000938,BUY,18.54,1500,紫光股份,27810.0
2019-06-21,002624,SELL,14.48,13100,完美世界,189688.0
2019-06-21,002174,SELL,17.45,6700,游族网络,116915.0
2019-06-21,601600,BUY,3.69,400,中国铝业,1476.0
2019-06-21,600487,BUY,16.2,100,亨通光电,1620.0
2019-06-21,600010,BUY,1.72,900,包钢股份,1548.0
2019-06-21,000566,BUY,6.5,200,海南海药,1300.0
2019-06-21,000848,BUY,6.2,200,承德露露,1240.0
2019-06-21,000657,BUY,5.48,300,中钨高新,1644.0
2019-06-21,000766,BUY,6.96,200,通化金马,1392.0
2019-06-21,603123,BUY,5.87,200,翠微股份,1174.0
2019-06-24,000657,SELL,5.48,10100,中钨高新,55348.0
2019-06-24,600339,BUY,3.84,77300,中油工程,296832.0
2019-06-24,000766,BUY,6.84,6000,通化金马,41040.0
2019-06-25,002131,SELL,1.89,100,利欧股份,189.0
2019-06-25,000566,SELL,6.26,8600,海南海药,53836.0
2019-06-25,600339,SELL,3.83,77300,中油工程,296059.0
2019-06-25,000657,BUY,5.26,2700,中钨高新,14202.0
2019-06-25,000938,BUY,18.86,700,紫光股份,13202.0
2019-06-25,000766,BUY,6.75,2100,通化金马,14175.0
2019-06-25,000848,BUY,6.13,2300,承德露露,14099.0
2019-06-25,000858,BUY,94.12,100,五粮液,9412.0
2019-06-25,000930,BUY,6.82,2100,中粮科技,14322.0
2019-06-25,002300,BUY,5.09,2800,太阳电缆,14252.0
2019-06-25,002156,BUY,8.35,1700,通富微电,14195.0
2019-06-25,002151,BUY,23.6,600,北斗星通,14160.0
2019-06-25,603606,BUY,6.91,2000,东方电缆,13820.0
2019-06-26,000930,SELL,6.78,5800,中粮科技,39324.0
2019-06-26,300476,SELL,10.22,17300,胜宏科技,176806.0
2019-06-26,601666,SELL,2.77,100,平煤股份,277.0
2019-06-26,600487,SELL,15.8,100,亨通光电,1580.0
2019-06-26,603123,SELL,5.85,200,翠微股份,1170.0
2019-06-26,000657,SELL,5.24,2700,中钨高新,14148.0
2019-06-26,000858,SELL,93.23,100,五粮液,9323.0
2019-06-26,002300,SELL,5.13,2800,太阳电缆,14364.0
2019-06-26,300502,BUY,4.21,43100,新易盛,181451.0
2019-06-26,000848,BUY,6.12,26100,承德露露,159732.0
2019-06-26,002436,BUY,5.84,24100,兴森科技,140744.0
2019-06-27,601600,SELL,3.66,400,中国铝业,1464.0
2019-06-27,000848,SELL,6.14,28600,承德露露,175604.0
2019-06-27,603606,SELL,6.84,2000,东方电缆,13680.0
2019-06-27,000657,BUY,5.23,700,中钨高新,3661.0
2019-06-27,000938,BUY,19.23,100,紫光股份,1923.0
2019-06-27,000566,BUY,6.34,500,海南海药,3170.0
2019-06-27,000766,BUY,6.99,500,通化金马,3495.0
2019-06-27,000977,BUY,23.52,100,浪潮信息,2352.0
2019-06-27,000930,BUY,6.8,500,中粮科技,3400.0
2019-06-27,002151,BUY,23.63,100,北斗星通,2363.0
2019-06-27,002131,BUY,1.87,1900,利欧股份,3553.0
2019-06-27,600900,BUY,13.49,200,长江电力,2698.0
2019-06-28,000566,SELL,6.41,500,海南海药,3205.0
2019-06-28,002131,SELL,1.84,1900,利欧股份,3496.0
2019-06-28,002281,BUY,25.32,6600,光迅科技,167112.0
2019-07-01,002378,BUY,5.33,1300,章源钨业,6929.0
2019-07-02,600900,SELL,13.51,200,长江电力,2702.0
2019-07-03,300502,SELL,4.53,43100,新易盛,195243.0
2019-07-03,002436,SELL,6.09,24100,兴森科技,146769.0
2019-07-03,000657,BUY,5.01,600,中钨高新,3006.0
2019-07-03,002378,BUY,5.15,600,章源钨业,3090.0
2019-07-03,000766,BUY,7.16,400,通化金马,2864.0
2019-07-03,000938,BUY,19.8,100,紫光股份,1980.0
2019-07-03,000930,BUY,6.79,400,中粮科技,2716.0
2019-07-03,000977,BUY,23.51,100,浪潮信息,2351.0
2019-07-03,000848,BUY,6.44,400,承德露露,2576.0
2019-07-04,000766,SELL,7.07,32100,通化金马,226947.0
2019-07-04,600396,SELL,1.86,300,华电辽能,558.0
2019-07-04,002156,SELL,8.57,2600,通富微电,22282.0
2019-07-04,000938,SELL,19.66,2400,紫光股份,47184.0
2019-07-04,002151,SELL,24.12,700,北斗星通,16884.0
2019-07-04,000930,SELL,6.82,900,中粮科技,6138.0
2019-07-04,000063,BUY,30.31,3700,中兴通讯,112147.0
2019-07-04,000657,BUY,4.9,18800,中钨高新,92120.0
2019-07-04,000848,BUY,6.25,14200,承德露露,88750.0
2019-07-04,000977,BUY,23.77,4800,浪潮信息,114096.0
2019-07-04,002378,BUY,5.02,22900,章源钨业,114958.0
2019-07-04,002281,BUY,25.45,4500,光迅科技,114525.0
2019-07-05,000848,SELL,6.2,14600,承德露露,90520.0
2019-07-05,002131,BUY,1.85,5400,利欧股份,9990.0
2019-07-05,002739,BUY,18.88,500,万达电影,9440.0
2019-07-05,002842,BUY,15.4,600,翔鹭钨业,9240.0
2019-07-05,601611,BUY,7.34,1300,中国核建,9542.0
2019-07-05,000566,BUY,6.35,1500,海南海药,9525.0
2019-07-05,000657,BUY,4.92,2000,中钨高新,9840.0
2019-07-05,000766,BUY,7.0,1400,通化金马,9800.0
2019-07-05,000063,BUY,30.35,300,中兴通讯,9105.0
2019-07-05,603606,BUY,6.85,1400,东方电缆,9590.0
2019-07-08,603606,SELL,6.48,1400,东方电缆,9072.0
2019-07-08,002428,BUY,6.84,2100,云南锗业,14364.0
2019-07-09,000063,SELL,29.35,4000,中兴通讯,117400.0
2019-07-09,000766,SELL,6.62,1400,通化金马,9268.0
2019-07-09,000566,BUY,6.15,1400,海南海药,8610.0
2019-07-09,000977,BUY,22.97,300,浪潮信息,6891.0
2019-07-09,000657,BUY,4.78,1900,中钨高新,9082.0
2019-07-09,002436,BUY,6.57,1300,兴森科技,8541.0
2019-07-09,002498,BUY,2.71,3300,汉缆股份,8943.0
2019-07-09,002300,BUY,5.18,1700,太阳电缆,8806.0
2019-07-09,002378,BUY,4.72,1900,章源钨业,8968.0
2019-07-10,002842,BUY,14.27,5300,翔鹭钨业,75631.0
2019-07-11,600396,BUY,1.81,100,华电辽能,181.0
2019-07-12,002300,SELL,5.22,1700,太阳电缆,8874.0
2019-07-15,002436,SELL,6.94,1300,兴森科技,9022.0
2019-07-15,000977,BUY,23.13,300,浪潮信息,6939.0
2019-07-15,600176,BUY,6.83,1300,中国巨石,8879.0
2019-07-16,000566,BUY,6.27,300,海南海药,1881.0
2019-07-18,601600,BUY,3.48,100,中国铝业,348.0
2019-07-31,601611,SELL,7.16,1300,中国核建,9308.0
2019-08-01,002281,SELL,26.85,11100,光迅科技,298035.0
2019-08-01,002432,BUY,4.88,1900,九安医疗,9272.0
2019-08-01,002436,BUY,5.99,1500,兴森科技,8985.0
2019-08-01,603993,BUY,3.33,2800,洛阳钼业,9324.0
2019-08-01,000848,BUY,5.88,1500,承德露露,8820.0
2019-08-01,000657,BUY,4.55,2000,中钨高新,9100.0
2019-08-01,000766,BUY,6.18,1500,通化金马,9270.0
2019-08-01,000063,BUY,29.85,300,中兴通讯,8955.0
2019-08-01,000977,BUY,21.16,400,浪潮信息,8464.0
2019-08-02,600096,BUY,4.58,51300,云天化,234954.0
2019-08-05,600010,BUY,1.55,100,包钢股份,155.0
2019-08-09,000657,SELL,4.79,26000,中钨高新,124540.0
2019-08-09,002378,SELL,4.75,26700,章源钨业,126825.0
2019-08-09,002842,SELL,14.84,5900,翔鹭钨业,87556.0
2019-08-09,002428,SELL,6.97,2100,云南锗业,14637.0
2019-08-12,601188,BUY,2.56,138100,龙江交通,353536.0
2019-08-15,603993,SELL,3.39,2800,洛阳钼业,9492.0
2019-08-16,002436,SELL,6.27,1500,兴森科技,9405.0
2019-08-16,600010,BUY,1.48,6400,包钢股份,9472.0
2019-08-16,600800,BUY,5.1,1800,渤海化学,9180.0
2019-08-19,002498,BUY,2.57,100,汉缆股份,257.0
2019-08-20,000766,SELL,6.96,1500,通化金马,10440.0
2019-08-21,300293,BUY,7.87,1300,蓝英装备,10231.0
2019-08-22,600396,BUY,1.74,100,华电辽能,174.0
2019-08-23,000977,SELL,24.52,6000,浪潮信息,147120.0
2019-08-23,600176,SELL,6.32,1300,中国巨石,8216.0
2019-08-26,601600,SELL,3.36,100,中国铝业,336.0
2019-08-26,300293,SELL,7.71,1300,蓝英装备,10023.0
2019-08-26,601766,BUY,5.85,20900,中国中车,122265.0
2019-08-26,600010,BUY,1.48,20300,包钢股份,30044.0
2019-08-27,002498,SELL,2.66,3400,汉缆股份,9044.0
2019-08-27,601188,SELL,2.69,138100,龙江交通,371489.0
2019-08-27,600800,SELL,5.5,1800,渤海化学,9900.0
2019-08-27,000063,BUY,27.09,400,中兴通讯,10836.0
2019-08-27,000566,BUY,6.08,2200,海南海药,13376.0
2019-08-27,000657,BUY,5.01,2600,中钨高新,13026.0
2019-08-27,000766,BUY,7.47,1800,通化金马,13446.0
2019-08-27,000858,BUY,108.44,100,五粮液,10844.0
2019-08-27,000930,BUY,6.04,2200,中粮科技,13288.0
2019-08-27,000977,BUY,24.94,500,浪潮信息,12470.0
2019-08-27,002131,BUY,1.69,7900,利欧股份,13351.0
2019-08-27,603123,BUY,5.54,2400,翠微股份,13296.0
2019-08-28,600757,BUY,4.54,63800,长江传媒,289652.0
2019-08-29,002432,SELL,4.75,1900,九安医疗,9025.0
2019-08-29,600096,SELL,4.4,51300,云天化,225720.0
2019-08-29,000977,SELL,24.66,500,浪潮信息,12330.0
2019-08-29,601899,BUY,3.22,100,紫金矿业,322.0
2019-08-30,002131,SELL,1.66,13300,利欧股份,22078.0
2019-08-30,000566,SELL,5.82,5400,海南海药,31428.0
2019-08-30,000657,SELL,4.85,2600,中钨高新,12610.0
2019-08-30,000930,SELL,5.98,2200,中粮科技,13156.0
2019-08-30,603123,SELL,5.5,2400,翠微股份,13200.0
2019-08-30,000938,BUY,23.1,10600,紫光股份,244860.0
2019-08-30,002156,BUY,8.91,9600,通富微电,85536.0
2019-09-02,002739,SELL,16.31,500,万达电影,8155.0
2019-09-02,601766,SELL,5.97,20900,中国中车,124773.0
2019-09-02,000766,SELL,7.88,1800,通化金马,14184.0
2019-09-02,300013,BUY,8.76,1000,新宁物流,8760.0
2019-09-02,600522,BUY,8.0,1100,中天科技,8800.0
2019-09-02,603993,BUY,3.25,2800,洛阳钼业,9100.0
2019-09-02,600010,BUY,1.5,6100,包钢股份,9150.0
2019-09-02,000063,BUY,26.77,300,中兴通讯,8031.0
2019-09-02,601800,BUY,8.41,1000,中国交建,8410.0
2019-09-02,000566,BUY,6.04,1500,海南海药,9060.0
2019-09-02,000848,BUY,5.49,1600,承德露露,8784.0
2019-09-02,000657,BUY,4.94,1800,中钨高新,8892.0
2019-09-02,603589,BUY,54.16,100,口子窖,5416.0
2019-09-03,002378,BUY,4.46,16100,章源钨业,71806.0
2019-09-04,600010,SELL,1.52,33800,包钢股份,51376.0
2019-09-04,000063,SELL,26.99,1000,中兴通讯,26990.0
2019-09-04,000858,SELL,113.3,100,五粮液,11330.0
2019-09-04,600757,SELL,4.66,63800,长江传媒,297308.0
2019-09-04,600522,SELL,8.0,1100,中天科技,8800.0
2019-09-04,000566,SELL,6.03,1500,海南海药,9045.0
2019-09-04,603589,SELL,51.8,100,口子窖,5180.0
2019-09-05,002842,BUY,14.66,27900,翔鹭钨业,409014.0
2019-09-06,000938,SELL,24.2,10600,紫光股份,256520.0
2019-09-06,002156,SELL,9.92,9600,通富微电,95232.0
2019-09-06,601800,SELL,8.81,1000,中国交建,8810.0
2019-09-06,000657,BUY,5.12,200,中钨高新,1024.0
2019-09-06,000566,BUY,6.22,100,海南海药,622.0
2019-09-06,000930,BUY,6.25,100,中粮科技,625.0
2019-09-06,000766,BUY,7.74,100,通化金马,774.0
2019-09-06,601899,BUY,3.08,300,紫金矿业,924.0
2019-09-09,603993,SELL,3.35,2800,洛阳钼业,9380.0
2019-09-09,000063,BUY,33.59,3600,中兴通讯,120924.0
2019-09-09,000566,BUY,6.51,18700,海南海药,121737.0
2019-09-09,000657,BUY,5.26,16200,中钨高新,85212.0
2019-09-10,000848,SELL,5.65,3100,承德露露,17515.0
2019-09-10,000766,SELL,8.11,100,通化金马,811.0
2019-09-10,601899,BUY,3.08,12700,紫金矿业,39116.0
2019-09-11,000063,SELL,32.34,3600,中兴通讯,116424.0
2019-09-11,002842,BUY,15.77,1100,翔鹭钨业,17347.0
2019-09-11,603589,BUY,48.99,300,口子窖,14697.0
2019-09-11,000657,BUY,5.56,3300,中钨高新,18348.0
2019-09-11,000858,BUY,105.88,100,五粮液,10588.0
2019-09-11,000977,BUY,26.1,700,浪潮信息,18270.0
2019-09-11,000930,BUY,6.38,2800,中粮科技,17864.0
2019-09-11,000766,BUY,7.95,2300,通化金马,18285.0
2019-09-11,000566,BUY,6.96,2600,海南海药,18096.0
2019-09-12,600396,SELL,1.75,200,华电辽能,350.0
2019-09-12,300013,SELL,9.21,1000,新宁物流,9210.0
2019-09-12,000566,SELL,6.85,21400,海南海药,146590.0
2019-09-12,000930,SELL,6.42,2900,中粮科技,18618.0
2019-09-12,000766,SELL,7.87,2300,通化金马,18101.0
2019-09-12,000657,BUY,5.54,200,中钨高新,1108.0
2019-09-16,002842,SELL,15.75,29000,翔鹭钨业,456750.0
2019-09-16,603589,BUY,48.75,3900,口子窖,190125.0
2019-09-16,000566,BUY,6.89,18500,海南海药,127465.0
2019-09-16,000657,BUY,5.58,21500,中钨高新,119970.0
2019-09-16,000858,BUY,107.24,1100,五粮液,117964.0
2019-09-16,000930,BUY,6.44,12100,中粮科技,77924.0
2019-09-17,000657,SELL,5.62,43200,中钨高新,242784.0
2019-09-17,600988,BUY,5.39,3000,赤峰黄金,16170.0
2019-09-17,601899,BUY,3.04,5300,紫金矿业,16112.0
2019-09-17,000766,BUY,7.64,2100,通化金马,16044.0
2019-09-17,000566,BUY,6.75,2400,海南海药,16200.0
2019-09-17,000858,BUY,107.75,100,五粮液,10775.0
2019-09-17,000938,BUY,23.25,700,紫光股份,16275.0
2019-09-17,000930,BUY,6.37,2500,中粮科技,15925.0
2019-09-17,000063,BUY,31.37,500,中兴通讯,15685.0
2019-09-18,000977,SELL,24.79,700,浪潮信息,17353.0
2019-09-18,000938,SELL,23.0,700,紫光股份,16100.0
2019-09-18,000858,BUY,111.04,1200,五粮液,133248.0
2019-09-19,603589,BUY,49.72,700,口子窖,34804.0
2019-09-20,600988,BUY,5.37,200,赤峰黄金,1074.0
2019-09-23,002378,SELL,4.95,16100,章源钨业,79695.0
2019-09-23,000566,SELL,6.8,20900,海南海药,142120.0
2019-09-23,000063,SELL,30.72,500,中兴通讯,15360.0
2019-09-23,601899,BUY,3.0,100,紫金矿业,300.0
2019-09-23,002131,BUY,1.65,100,利欧股份,165.0
2019-09-24,000930,SELL,6.19,14600,中粮科技,90374.0
2019-09-24,002465,BUY,9.51,17600,海格通信,167376.0
2019-09-24,601611,BUY,6.74,22500,中国核建,151650.0
2019-09-25,601899,BUY,2.97,2800,紫金矿业,8316.0
2019-10-16,000766,SELL,7.48,2100,通化金马,15708.0
2019-10-17,002465,BUY,8.84,1700,海格通信,15028.0
2019-10-18,002131,SELL,1.84,100,利欧股份,184.0
2019-10-18,600050,BUY,5.13,100,中国联通,513.0
2019-10-21,600050,SELL,5.19,100,中国联通,519.0
2019-10-22,300013,BUY,8.78,100,新宁物流,878.0
2019-11-01,601611,SELL,6.6,22500,中国核建,148500.0
2019-11-04,601899,SELL,3.02,21300,紫金矿业,64326.0
2019-11-04,000858,SELL,109.76,2500,五粮液,274400.0
2019-11-04,002378,BUY,3.84,38600,章源钨业,148224.0
2019-11-04,002918,BUY,14.47,10200,蒙娜丽莎,147594.0
2019-11-04,002639,BUY,8.41,17600,雪人集团,148016.0
2019-11-05,600900,BUY,14.22,3000,长江电力,42660.0
2019-11-06,601666,BUY,2.51,300,平煤股份,753.0
2019-11-07,600900,SELL,14.02,3000,长江电力,42060.0
2019-11-08,002498,BUY,2.76,15200,汉缆股份,41952.0
2019-11-11,002918,SELL,15.18,10200,蒙娜丽莎,154836.0
2019-11-12,603589,SELL,45.01,4900,口子窖,220549.0
2019-11-12,002465,SELL,9.18,19300,海格通信,177174.0
2019-11-12,000063,BUY,29.63,4100,中兴通讯,121483.0
2019-11-12,000566,BUY,5.95,14200,海南海药,84490.0
2019-11-12,000657,BUY,4.62,26300,中钨高新,121506.0
2019-11-12,000930,BUY,5.83,19300,中粮科技,112519.0
2019-11-12,000977,BUY,28.01,4000,浪潮信息,112040.0
2019-11-13,600096,BUY,4.11,100,云天化,411.0
2019-11-15,000566,SELL,5.86,14200,海南海药,83212.0
2019-11-15,000977,SELL,29.84,4000,浪潮信息,119360.0
2019-11-15,600010,BUY,1.27,200,包钢股份,254.0
2019-11-15,601666,BUY,2.43,100,平煤股份,243.0
2019-11-18,002174,BUY,15.19,10100,游族网络,153419.0
2019-11-19,000063,BUY,29.08,1600,中兴通讯,46528.0
2019-11-20,002842,BUY,11.77,200,翔鹭钨业,2354.0
2019-11-21,600988,SELL,4.7,3200,赤峰黄金,15040.0
2019-11-22,002174,SELL,16.12,10100,游族网络,162812.0
2019-11-22,000848,BUY,5.51,2700,承德露露,14877.0
2019-11-22,002436,BUY,6.83,2200,兴森科技,15026.0
2019-11-22,000930,BUY,5.65,2600,中粮科技,14690.0
2019-11-22,600757,BUY,4.21,3500,长江传媒,14735.0
2019-11-22,000766,BUY,7.18,2000,通化金马,14360.0
2019-11-22,002639,BUY,7.9,1900,雪人集团,15010.0
2019-11-22,002735,BUY,8.55,1700,王子新材,14535.0
2019-11-22,300059,BUY,6.62,2200,东方财富,14564.0
2019-11-22,603606,BUY,7.9,1900,东方电缆,15010.0
2019-11-22,601800,BUY,7.16,2100,中国交建,15036.0
2019-11-25,603993,BUY,3.18,9400,洛阳钼业,29892.0
2019-11-26,600010,BUY,1.31,100,包钢股份,131.0
2019-11-27,601666,SELL,2.5,400,平煤股份,1000.0
2019-11-27,603993,SELL,3.25,9400,洛阳钼业,30550.0
2019-11-28,002792,BUY,17.9,1700,通宇通讯,30430.0
2019-11-29,002842,BUY,10.96,100,翔鹭钨业,1096.0
2019-12-02,601800,SELL,7.32,2100,中国交建,15372.0
2019-12-03,600757,SELL,4.22,3500,长江传媒,14770.0
2019-12-03,600487,BUY,14.54,1000,亨通光电,14540.0
2019-12-03,000566,BUY,5.7,2700,海南海药,15390.0
2019-12-05,601188,BUY,2.48,100,龙江交通,248.0
2019-12-06,002792,SELL,19.19,1700,通宇通讯,32623.0
2019-12-09,300013,SELL,8.04,100,新宁物流,804.0
2019-12-09,002639,SELL,8.12,19500,雪人集团,158340.0
2019-12-09,002498,SELL,2.7,15200,汉缆股份,41040.0
2019-12-09,600010,SELL,1.3,300,包钢股份,390.0
2019-12-09,002735,SELL,8.95,1700,王子新材,15215.0
2019-12-09,600498,BUY,24.11,1300,烽火通信,31343.0
2019-12-09,603589,BUY,44.47,700,口子窖,31129.0
2019-12-09,000657,BUY,4.73,6800,中钨高新,32164.0
2019-12-09,000848,BUY,5.57,5800,承德露露,32306.0
2019-12-09,000930,BUY,5.63,5700,中粮科技,32091.0
2019-12-09,000766,BUY,6.42,5000,通化金马,32100.0
2019-12-09,000063,BUY,28.82,1100,中兴通讯,31702.0
2019-12-10,000657,SELL,4.77,33100,中钨高新,157887.0
2019-12-10,600096,SELL,4.21,100,云天化,421.0
2019-12-10,603606,SELL,8.51,1900,东方电缆,16169.0
2019-12-10,601188,SELL,2.49,100,龙江交通,249.0
2019-12-10,000848,BUY,5.56,4600,承德露露,25576.0
2019-12-10,000063,BUY,29.25,800,中兴通讯,23400.0
2019-12-10,000566,BUY,5.6,4500,海南海药,25200.0
2019-12-10,000766,BUY,6.36,4000,通化金马,25440.0
2019-12-10,000938,BUY,20.91,1200,紫光股份,25092.0
2019-12-10,000977,BUY,31.49,800,浪潮信息,25192.0
2019-12-10,002131,BUY,2.15,11800,利欧股份,25370.0
2019-12-11,002378,SELL,3.63,38600,章源钨业,140118.0
2019-12-11,002842,SELL,11.24,300,翔鹭钨业,3372.0
2019-12-11,000848,SELL,5.5,13100,承德露露,72050.0
2019-12-11,600702,BUY,27.74,900,舍得酒业,24966.0
2019-12-11,002918,BUY,15.36,1600,蒙娜丽莎,24576.0
2019-12-11,000657,BUY,4.76,5200,中钨高新,24752.0
2019-12-11,000566,BUY,5.47,4500,海南海药,24615.0
2019-12-11,000938,BUY,20.46,1200,紫光股份,24552.0
2019-12-11,000930,BUY,5.61,4400,中粮科技,24684.0
2019-12-11,000766,BUY,6.28,3900,通化金马,24492.0
2019-12-11,000063,BUY,29.04,800,中兴通讯,23232.0
2019-12-11,603606,BUY,8.52,2900,东方电缆,24708.0
2019-12-12,000063,SELL,29.96,8400,中兴通讯,251664.0
2019-12-12,600498,SELL,24.78,1300,烽火通信,32214.0
2019-12-12,603589,SELL,43.27,700,口子窖,30289.0
2019-12-12,000938,SELL,20.96,2400,紫光股份,50304.0
2019-12-12,000977,SELL,30.61,800,浪潮信息,24488.0
2019-12-12,000657,SELL,4.68,5200,中钨高新,24336.0
2019-12-12,603606,SELL,8.53,2900,东方电缆,24737.0
2019-12-12,600900,BUY,14.49,1300,长江电力,18837.0
2019-12-12,600050,BUY,4.76,4200,中国联通,19992.0
2019-12-12,601577,BUY,6.44,3100,长沙银行,19964.0
2019-12-12,601766,BUY,5.59,3500,中国中车,19565.0
2019-12-12,600419,BUY,10.93,1800,天润乳业,19674.0
2019-12-12,000930,BUY,5.55,3600,中粮科技,19980.0
2019-12-12,000766,BUY,6.29,3100,通化金马,19499.0
2019-12-12,000566,BUY,5.49,3600,海南海药,19764.0
2019-12-12,603123,BUY,7.02,2800,翠微股份,19656.0
2019-12-13,002436,SELL,7.45,2200,兴森科技,16390.0
2019-12-13,000766,BUY,6.28,10600,通化金马,66568.0
2019-12-13,600988,BUY,4.46,25000,赤峰黄金,111500.0
2019-12-13,000566,BUY,5.56,10200,海南海药,56712.0
2019-12-16,002918,BUY,15.22,4100,蒙娜丽莎,62402.0
2019-12-18,600702,SELL,28.34,900,舍得酒业,25506.0
2019-12-19,000930,SELL,5.85,35600,中粮科技,208260.0
2019-12-19,300059,SELL,7.32,2200,东方财富,16104.0
2019-12-19,600487,SELL,15.79,1000,亨通光电,15790.0
2019-12-19,600900,SELL,14.48,1300,长江电力,18824.0
2019-12-19,600050,SELL,4.95,4200,中国联通,20790.0
2019-12-19,601577,SELL,6.7,3100,长沙银行,20770.0
2019-12-19,600419,SELL,11.22,1800,天润乳业,20196.0
2019-12-19,603123,BUY,6.73,3800,翠微股份,25574.0
2019-12-19,002918,BUY,15.74,1600,蒙娜丽莎,25184.0
2019-12-19,000657,BUY,4.86,5300,中钨高新,25758.0
2019-12-19,000566,BUY,5.93,4300,海南海药,25499.0
2019-12-19,000938,BUY,21.59,1100,紫光股份,23749.0
2019-12-19,000766,BUY,6.68,3800,通化金马,25384.0
2019-12-19,000063,BUY,31.45,800,中兴通讯,25160.0
2019-12-19,603606,BUY,8.8,2900,东方电缆,25520.0
2019-12-20,601766,SELL,5.76,3500,中国中车,20160.0
2019-12-20,000938,SELL,21.14,1100,紫光股份,23254.0
2019-12-20,000063,SELL,30.43,800,中兴通讯,24344.0
2019-12-20,000566,BUY,5.95,22100,海南海药,131495.0
2019-12-23,000566,SELL,5.76,51900,海南海药,298944.0
2019-12-23,000657,SELL,4.8,5300,中钨高新,25440.0
2019-12-23,603606,SELL,8.63,2900,东方电缆,25027.0
2019-12-23,600988,BUY,4.51,17900,赤峰黄金,80729.0
2019-12-23,603123,BUY,6.58,12300,翠微股份,80934.0
2019-12-23,000766,BUY,6.29,12800,通化金马,80512.0
2019-12-23,002281,BUY,27.47,2900,光迅科技,79663.0
2019-12-23,002151,BUY,23.34,3400,北斗星通,79356.0
2019-12-24,002131,SELL,2.68,11800,利欧股份,31624.0
2019-12-24,603589,BUY,42.37,600,口子窖,25422.0
2019-12-24,000566,BUY,6.03,4800,海南海药,28944.0
2019-12-25,603123,BUY,6.78,900,翠微股份,6102.0
2019-12-26,002918,SELL,17.23,7300,蒙娜丽莎,125779.0
2019-12-26,002151,SELL,23.98,3400,北斗星通,81532.0
2019-12-26,000566,SELL,5.99,4800,海南海药,28752.0
2019-12-27,603589,BUY,43.06,5000,口子窖,215300.0
2019-12-30,002309,BUY,6.12,3400,中利集团,20808.0
2020-01-03,002281,SELL,29.32,2900,光迅科技,85028.0
2020-01-06,000766,SELL,6.55,45200,通化金马,296060.0
2020-01-06,603589,SELL,42.83,5600,口子窖,239848.0
2020-01-06,002396,BUY,25.77,3300,星网锐捷,85041.0
2020-01-06,000977,BUY,30.68,2700,浪潮信息,82836.0
2020-01-06,000938,BUY,22.18,3800,紫光股份,84284.0
2020-01-06,000930,BUY,6.11,8500,中粮科技,51935.0
2020-01-06,002151,BUY,26.56,2600,北斗星通,69056.0
2020-01-06,002156,BUY,19.33,4400,通富微电,85052.0
2020-01-06,002131,BUY,2.82,30200,利欧股份,85164.0
2020-01-07,002309,SELL,6.92,3400,中利集团,23528.0
2020-01-07,000930,SELL,6.13,8500,中粮科技,52105.0
2020-01-07,002151,SELL,26.75,2600,北斗星通,69550.0
2020-01-07,300502,BUY,7.33,10600,新易盛,77698.0
2020-01-07,300570,BUY,25.43,3000,太辰光,76290.0
2020-01-08,002396,SELL,25.47,3300,星网锐捷,84051.0
2020-01-08,002156,SELL,17.69,4400,通富微电,77836.0
2020-01-08,300013,BUY,7.29,9400,新宁物流,68526.0
2020-01-08,000938,BUY,22.23,3100,紫光股份,68913.0
2020-01-08,000766,BUY,6.49,10600,通化金马,68794.0
2020-01-09,603123,SELL,6.98,19800,翠微股份,138204.0
2020-01-09,000938,SELL,22.52,6900,紫光股份,155388.0
2020-01-09,002131,SELL,2.8,30200,利欧股份,84560.0
2020-01-09,300570,SELL,26.39,3000,太辰光,79170.0
2020-01-09,000063,BUY,33.76,700,中兴通讯,23632.0
2020-01-09,000657,BUY,5.09,4800,中钨高新,24432.0
2020-01-09,000766,BUY,6.57,3700,通化金马,24309.0
2020-01-09,000858,BUY,107.12,200,五粮液,21424.0
2020-01-09,000977,BUY,31.31,700,浪潮信息,21917.0
2020-01-09,000930,BUY,6.07,4000,中粮科技,24280.0
2020-01-09,002156,BUY,18.07,1300,通富微电,23491.0
2020-01-09,002151,BUY,26.33,900,北斗星通,23697.0
2020-01-09,603589,BUY,44.76,500,口子窖,22380.0
2020-01-10,600988,SELL,5.63,42900,赤峰黄金,241527.0
2020-01-10,002151,SELL,26.19,900,北斗星通,23571.0
2020-01-10,300502,BUY,7.54,36100,新易盛,272194.0
2020-01-10,000657,BUY,5.04,27800,中钨高新,140112.0
2020-01-10,000858,BUY,109.45,1100,五粮液,120395.0
2020-01-13,000977,SELL,32.16,3400,浪潮信息,109344.0
2020-01-13,000766,SELL,6.49,14300,通化金马,92807.0
2020-01-13,000063,SELL,34.62,700,中兴通讯,24234.0
2020-01-13,000657,BUY,5.05,900,中钨高新,4545.0
2020-01-13,000938,BUY,23.65,200,紫光股份,4730.0
2020-01-13,000848,BUY,5.83,800,承德露露,4664.0
2020-01-13,000930,BUY,6.13,700,中粮科技,4291.0
2020-01-13,002174,BUY,27.84,100,游族网络,2784.0
2020-01-13,002156,BUY,18.79,200,通富微电,3758.0
2020-01-13,002151,BUY,24.79,100,北斗星通,2479.0
2020-01-13,002131,BUY,3.04,1600,利欧股份,4864.0
2020-01-13,603606,BUY,9.21,500,东方电缆,4605.0
2020-01-14,600900,BUY,14.3,8100,长江电力,115830.0
2020-01-14,000938,BUY,23.82,2100,紫光股份,50022.0
2020-01-15,000858,SELL,115.34,1300,五粮液,149942.0
2020-01-15,000930,SELL,6.06,4700,中粮科技,28482.0
2020-01-15,603589,SELL,47.69,500,口子窖,23845.0
2020-01-15,000938,SELL,23.49,2300,紫光股份,54027.0
2020-01-15,000848,SELL,5.72,800,承德露露,4576.0
2020-01-15,002131,SELL,3.05,1600,利欧股份,4880.0
2020-01-15,603606,SELL,9.47,500,东方电缆,4735.0
2020-01-15,000657,BUY,5.04,5600,中钨高新,28224.0
2020-01-15,000766,BUY,6.33,4500,通化金马,28485.0
2020-01-15,002432,BUY,5.0,5700,九安医疗,28500.0
2020-01-15,002300,BUY,5.03,5700,太阳电缆,28671.0
2020-01-15,002378,BUY,3.87,7400,章源钨业,28638.0
2020-01-15,002281,BUY,30.11,900,光迅科技,27099.0
2020-01-15,002174,BUY,27.81,1000,游族网络,27810.0
2020-01-15,002156,BUY,18.91,1500,通富微电,28365.0
2020-01-15,002151,BUY,24.72,1100,北斗星通,27192.0
2020-01-15,603993,BUY,4.09,7000,洛阳钼业,28630.0
2020-01-16,000657,SELL,5.05,39100,中钨高新,197455.0
2020-01-16,002300,SELL,5.0,5700,太阳电缆,28500.0
2020-01-16,603993,SELL,4.02,7000,洛阳钼业,28140.0
2020-01-16,000063,BUY,34.11,500,中兴通讯,17055.0
2020-01-16,000566,BUY,6.13,2800,海南海药,17164.0
2020-01-16,000766,BUY,6.26,2800,通化金马,17528.0
2020-01-16,000848,BUY,5.67,3000,承德露露,17010.0
2020-01-16,000858,BUY,115.22,100,五粮液,11522.0
2020-01-16,000938,BUY,23.53,700,紫光股份,16471.0
2020-01-16,000930,BUY,5.95,2900,中粮科技,17255.0
2020-01-16,000977,BUY,31.37,500,浪潮信息,15685.0
2020-01-16,002131,BUY,3.15,5500,利欧股份,17325.0
2020-01-16,601766,BUY,5.65,3100,中国中车,17515.0
2020-01-17,300502,SELL,8.26,46700,新易盛,385742.0
2020-01-17,002432,SELL,4.76,5700,九安医疗,27132.0
2020-01-17,002281,SELL,30.48,900,光迅科技,27432.0
2020-01-17,000063,SELL,35.42,500,中兴通讯,17710.0
2020-01-17,000848,SELL,5.67,3000,承德露露,17010.0
2020-01-17,000858,SELL,113.49,100,五粮液,11349.0
2020-01-17,000930,SELL,5.9,2900,中粮科技,17110.0
2020-01-17,000977,SELL,32.78,500,浪潮信息,16390.0
2020-01-17,000566,BUY,6.08,17600,海南海药,107008.0
2020-01-17,000766,BUY,6.23,17100,通化金马,106533.0
2020-01-17,000657,BUY,5.04,21200,中钨高新,106848.0
2020-01-17,000938,BUY,24.03,4400,紫光股份,105732.0
2020-01-17,002300,BUY,4.98,21500,太阳电缆,107070.0
2020-01-17,002156,BUY,19.32,4100,通富微电,79212.0
2020-01-20,002156,SELL,20.28,7100,通富微电,143988.0
2020-01-20,002131,SELL,3.05,5500,利欧股份,16775.0
2020-01-20,002931,BUY,12.36,1100,锋龙股份,13596.0
2020-01-20,601800,BUY,7.35,1900,中国交建,13965.0
2020-01-20,002378,BUY,3.75,3800,章源钨业,14250.0
2020-01-20,002842,BUY,11.71,1200,翔鹭钨业,14052.0
2020-01-20,601766,BUY,5.68,2500,中国中车,14200.0
2020-01-20,600010,BUY,1.3,11200,包钢股份,14560.0
2020-01-20,000657,BUY,5.05,2800,中钨高新,14140.0
2020-01-20,000566,BUY,6.39,2200,海南海药,14058.0
2020-01-20,000063,BUY,36.53,300,中兴通讯,10959.0
2020-01-20,000977,BUY,34.41,400,浪潮信息,13764.0
2020-01-21,000938,SELL,23.7,5100,紫光股份,120870.0
2020-01-21,600900,BUY,14.0,2700,长江电力,37800.0
2020-01-21,300013,BUY,6.25,6000,新宁物流,37500.0
2020-01-21,600800,BUY,5.4,7000,渤海化学,37800.0
2020-01-21,002151,BUY,26.05,1400,北斗星通,36470.0
2020-01-22,002174,SELL,27.02,1100,游族网络,29722.0
2020-01-22,002300,SELL,4.97,21500,太阳电缆,106855.0
2020-01-22,000063,SELL,37.07,300,中兴通讯,11121.0
2020-01-22,000848,BUY,5.52,1600,承德露露,8832.0
2020-01-22,300293,BUY,8.08,1100,蓝英装备,8888.0
2020-01-22,000657,BUY,5.03,1800,中钨高新,9054.0
2020-01-22,000566,BUY,6.52,1300,海南海药,8476.0
2020-01-22,000938,BUY,24.16,300,紫光股份,7248.0
2020-01-22,000930,BUY,5.94,1500,中粮科技,8910.0
2020-01-22,000977,BUY,35.57,200,浪潮信息,7114.0
2020-01-22,000766,BUY,6.3,1400,通化金马,8820.0
2020-01-22,601766,BUY,5.57,1600,中国中车,8912.0
2020-01-23,000566,SELL,6.51,23900,海南海药,155589.0
2020-01-23,002378,BUY,3.56,22600,章源钨业,80456.0
2020-01-23,600800,BUY,5.23,15400,渤海化学,80542.0
2020-02-03,002151,SELL,23.89,2600,北斗星通,62114.0
2020-02-03,000977,SELL,31.41,600,浪潮信息,18846.0
2020-02-03,000938,SELL,20.74,300,紫光股份,6222.0
2020-02-03,000766,BUY,6.93,10800,通化金马,74844.0
2020-02-03,000566,BUY,6.74,11100,海南海药,74814.0
2020-02-04,600900,BUY,13.62,900,长江电力,12258.0
2020-02-05,000766,SELL,7.29,36600,通化金马,266814.0
2020-02-05,601600,BUY,2.79,100,中国铝业,279.0
2020-02-05,601899,BUY,3.51,100,紫金矿业,351.0
2020-02-05,603993,BUY,3.56,100,洛阳钼业,356.0
2020-02-06,002498,BUY,2.46,108200,汉缆股份,266172.0
2020-02-10,000930,SELL,7.49,1500,中粮科技,11235.0
2020-02-11,000566,SELL,8.07,11100,海南海药,89577.0
2020-02-11,002735,BUY,8.5,1300,王子新材,11050.0
2020-02-11,000657,BUY,4.47,2500,中钨高新,11175.0
2020-02-11,000766,BUY,7.03,1600,通化金马,11248.0
2020-02-11,000858,BUY,102.22,100,五粮液,10222.0
2020-02-11,000938,BUY,25.79,400,紫光股份,10316.0
2020-02-11,000930,BUY,6.91,1600,中粮科技,11056.0
2020-02-11,000977,BUY,42.27,200,浪潮信息,8454.0
2020-02-11,000063,BUY,36.49,300,中兴通讯,10947.0
2020-02-11,600900,BUY,13.85,800,长江电力,11080.0
2020-02-12,000938,SELL,27.81,400,紫光股份,11124.0
2020-02-12,000977,SELL,46.49,200,浪潮信息,9298.0
2020-02-12,000063,SELL,36.6,300,中兴通讯,10980.0
2020-02-12,000566,BUY,7.81,600,海南海药,4686.0
2020-02-12,000657,BUY,4.57,1100,中钨高新,5027.0
2020-02-12,000766,BUY,6.92,700,通化金马,4844.0
2020-02-12,000848,BUY,4.96,1000,承德露露,4960.0
2020-02-12,000930,BUY,6.94,700,中粮科技,4858.0
2020-02-12,002300,BUY,4.54,1100,太阳电缆,4994.0
2020-02-12,002309,BUY,5.93,900,中利集团,5337.0
2020-02-13,000766,SELL,6.74,2300,通化金马,15502.0
2020-02-13,600176,BUY,7.52,200,中国巨石,1504.0
2020-02-13,600050,BUY,4.52,400,中国联通,1808.0
2020-02-13,300059,BUY,6.91,200,东方财富,1382.0
2020-02-13,000566,BUY,8.53,200,海南海药,1706.0
2020-02-13,000657,BUY,4.57,400,中钨高新,1828.0
2020-02-13,000848,BUY,4.88,400,承德露露,1952.0
2020-02-14,000566,BUY,8.56,800,海南海药,6848.0
2020-02-17,601118,BUY,4.36,100,海南橡胶,436.0
2020-02-18,601899,SELL,3.98,100,紫金矿业,398.0
2020-02-18,603993,SELL,4.7,100,洛阳钼业,470.0
2020-02-19,000566,SELL,8.21,1600,海南海药,13136.0
2020-02-19,300059,SELL,7.44,200,东方财富,1488.0
2020-02-19,000657,BUY,4.74,200,中钨高新,948.0
2020-02-19,603123,BUY,6.69,100,翠微股份,669.0
2020-02-19,002300,BUY,4.62,200,太阳电缆,924.0
2020-02-19,601118,BUY,4.37,200,海南橡胶,874.0
2020-02-19,601188,BUY,2.26,400,龙江交通,904.0
2020-02-19,000930,BUY,6.74,100,中粮科技,674.0
2020-02-19,000848,BUY,5.03,100,承德露露,503.0
2020-02-20,002378,SELL,3.69,33800,章源钨业,124722.0
2020-02-20,002842,SELL,10.95,1200,翔鹭钨业,13140.0
2020-02-20,000930,SELL,6.8,2400,中粮科技,16320.0
2020-02-20,002309,SELL,6.43,900,中利集团,5787.0
2020-02-20,600702,BUY,25.27,300,舍得酒业,7581.0
2020-02-20,600900,BUY,13.86,700,长江电力,9702.0
2020-02-20,000063,BUY,40.66,200,中兴通讯,8132.0
2020-02-20,000566,BUY,8.05,1200,海南海药,9660.0
2020-02-20,000848,BUY,5.13,1900,承德露露,9747.0
2020-02-20,002131,BUY,3.82,2600,利欧股份,9932.0
2020-02-20,000766,BUY,6.85,1400,通化金马,9590.0
2020-02-20,000657,BUY,4.78,2100,中钨高新,10038.0
2020-02-21,600757,BUY,4.18,22800,长江传媒,95304.0
2020-02-24,600900,SELL,13.7,13200,长江电力,180840.0
2020-02-24,601766,SELL,5.18,7200,中国中车,37296.0
2020-02-24,000657,SELL,4.84,32100,中钨高新,155364.0
2020-02-24,600010,SELL,1.2,11200,包钢股份,13440.0
2020-02-24,601600,SELL,2.92,100,中国铝业,292.0
2020-02-24,600176,SELL,7.46,200,中国巨石,1492.0
2020-02-24,000766,SELL,6.72,1400,通化金马,9408.0
2020-02-25,300013,SELL,5.95,15400,新宁物流,91630.0
2020-02-25,600800,SELL,5.19,22400,渤海化学,116256.0
2020-02-25,000848,SELL,4.95,5000,承德露露,24750.0
2020-02-25,300293,SELL,9.16,1100,蓝英装备,10076.0
2020-02-25,002498,SELL,2.82,108200,汉缆股份,305124.0
2020-02-25,002735,SELL,9.11,1300,王子新材,11843.0
2020-02-25,000858,SELL,102.64,100,五粮液,10264.0
2020-02-25,002300,SELL,4.78,1300,太阳电缆,6214.0
2020-02-25,601118,SELL,4.51,300,海南橡胶,1353.0
2020-02-25,603123,SELL,7.24,100,翠微股份,724.0
2020-02-25,000566,SELL,8.97,1200,海南海药,10764.0
2020-02-25,000063,BUY,50.26,3000,中兴通讯,150780.0
2020-02-25,002131,BUY,4.25,36600,利欧股份,155550.0
2020-02-25,000766,BUY,6.59,23600,通化金马,155524.0
2020-02-25,000977,BUY,46.87,3300,浪潮信息,154671.0
2020-02-25,000938,BUY,34.51,4500,紫光股份,155295.0
2020-02-25,002281,BUY,33.69,4600,光迅科技,154974.0
2020-02-26,002931,SELL,11.36,1100,锋龙股份,12496.0
2020-02-26,600050,SELL,4.96,400,中国联通,1984.0
2020-02-26,002131,SELL,3.95,39200,利欧股份,154840.0
2020-02-26,000977,SELL,45.89,3300,浪潮信息,151437.0
2020-02-26,000063,BUY,46.46,1300,中兴通讯,60398.0
2020-02-26,000566,BUY,9.67,6200,海南海药,59954.0
2020-02-26,000657,BUY,4.76,12700,中钨高新,60452.0
2020-02-26,000766,BUY,6.47,9300,通化金马,60171.0
2020-02-26,000848,BUY,4.95,12200,承德露露,60390.0
2020-02-26,000858,BUY,101.66,500,五粮液,50830.0
2020-02-27,000063,SELL,46.94,4500,中兴通讯,211230.0
2020-02-27,002281,SELL,30.72,4600,光迅科技,141312.0
2020-02-27,002624,BUY,28.44,1000,完美世界,28440.0
2020-02-27,600594,BUY,4.83,6000,益佰制药,28980.0
2020-02-27,600757,BUY,4.02,7200,长江传媒,28944.0
2020-02-27,600396,BUY,1.82,16000,华电辽能,29120.0
2020-02-27,002174,BUY,27.17,1000,游族网络,27170.0
2020-02-27,600176,BUY,7.29,4000,中国巨石,29160.0
2020-02-27,000930,BUY,6.73,4300,中粮科技,28939.0
2020-02-27,000766,BUY,6.51,4400,通化金马,28644.0
2020-02-27,000566,BUY,9.19,3100,海南海药,28489.0
2020-02-27,000657,BUY,4.79,6100,中钨高新,29219.0
2020-02-28,601800,SELL,7.18,1900,中国交建,13642.0
2020-02-28,601188,SELL,2.22,400,龙江交通,888.0
2020-02-28,000566,SELL,8.9,9300,海南海药,82770.0
2020-02-28,000657,SELL,4.55,18800,中钨高新,85540.0
2020-02-28,000930,SELL,6.26,4300,中粮科技,26918.0
2020-02-28,600900,BUY,13.4,7000,长江电力,93800.0
2020-02-28,000063,BUY,45.6,2000,中兴通讯,91200.0
2020-02-28,002131,BUY,3.76,19200,利欧股份,72192.0
2020-03-02,000938,SELL,32.71,4500,紫光股份,147195.0
2020-03-02,002624,SELL,27.91,1000,完美世界,27910.0
2020-03-02,002131,SELL,3.91,19200,利欧股份,75072.0
2020-03-02,000063,BUY,49.79,900,中兴通讯,44811.0
2020-03-02,000566,BUY,8.63,5400,海南海药,46602.0
2020-03-02,000657,BUY,4.66,10100,中钨高新,47066.0
2020-03-02,000766,BUY,6.37,7400,通化金马,47138.0
2020-03-02,000848,BUY,4.98,9400,承德露露,46812.0
2020-03-02,000858,BUY,100.47,400,五粮液,40188.0
2020-03-03,600176,BUY,7.28,3400,中国巨石,24752.0
2020-03-04,000063,SELL,46.84,2900,中兴通讯,135836.0
2020-03-05,000657,SELL,4.7,10100,中钨高新,47470.0
2020-03-05,603993,BUY,3.87,35100,洛阳钼业,135837.0
2020-03-06,603589,BUY,37.04,1200,口子窖,44448.0
2020-03-09,000766,BUY,6.28,400,通化金马,2512.0
2020-03-10,000848,SELL,5.01,21600,承德露露,108216.0
2020-03-10,000858,SELL,107.08,900,五粮液,96372.0
2020-03-10,600396,SELL,1.85,16000,华电辽能,29600.0
2020-03-10,000657,BUY,4.57,100,中钨高新,457.0
2020-03-10,002378,BUY,3.42,100,章源钨业,342.0
2020-03-11,000930,BUY,6.46,36200,中粮科技,233852.0
2020-03-16,600594,SELL,4.84,6000,益佰制药,29040.0
2020-03-17,002842,BUY,9.36,3100,翔鹭钨业,29016.0
2020-03-20,600010,BUY,1.14,100,包钢股份,114.0
2020-03-30,000930,SELL,6.76,36200,中粮科技,244712.0
2020-03-31,002131,BUY,3.54,69100,利欧股份,244614.0
2020-04-01,000566,SELL,7.98,5400,海南海药,43092.0
2020-04-02,002428,BUY,9.36,4600,云南锗业,43056.0
2020-04-07,600900,SELL,13.57,7000,长江电力,94990.0
2020-04-08,002918,BUY,19.68,4800,蒙娜丽莎,94464.0
2020-04-09,600702,SELL,21.86,300,舍得酒业,6558.0
2020-04-09,002498,BUY,3.61,100,汉缆股份,361.0
2020-04-09,002131,BUY,3.92,100,利欧股份,392.0
2020-04-09,002378,BUY,3.14,200,章源钨业,628.0
2020-04-10,002428,SELL,9.88,4600,云南锗业,45448.0
2020-04-10,300013,BUY,6.13,900,新宁物流,5517.0
2020-04-10,000063,BUY,35.83,100,中兴通讯,3583.0
2020-04-10,600010,BUY,1.13,5100,包钢股份,5763.0
2020-04-10,600757,BUY,3.71,1500,长江传媒,5565.0
2020-04-10,603123,BUY,8.92,600,翠微股份,5352.0
2020-04-10,000657,BUY,4.1,1400,中钨高新,5740.0
2020-04-10,000766,BUY,5.9,900,通化金马,5310.0
2020-04-10,000848,BUY,5.0,1100,承德露露,5500.0
2020-04-10,000566,BUY,8.77,600,海南海药,5262.0
2020-04-13,600176,SELL,6.15,7400,中国巨石,45510.0
2020-04-13,000657,SELL,4.1,1500,中钨高新,6150.0
2020-04-13,002378,SELL,3.03,300,章源钨业,909.0
2020-04-13,002842,SELL,9.4,3100,翔鹭钨业,29140.0
2020-04-13,002918,SELL,20.98,4800,蒙娜丽莎,100704.0
2020-04-13,000848,SELL,5.01,1100,承德露露,5511.0
2020-04-13,000566,SELL,8.51,600,海南海药,5106.0
2020-04-13,000063,BUY,35.11,100,中兴通讯,3511.0
2020-04-13,000766,BUY,5.7,600,通化金马,3420.0
2020-04-13,000938,BUY,24.0,100,紫光股份,2400.0
2020-04-13,002300,BUY,4.83,700,太阳电缆,3381.0
2020-04-13,002281,BUY,29.95,100,光迅科技,2995.0
2020-04-13,002174,BUY,20.07,100,游族网络,2007.0
2020-04-13,002156,BUY,21.28,100,通富微电,2128.0
2020-04-14,000766,SELL,5.75,46600,通化金马,267950.0
2020-04-14,600498,BUY,31.29,5600,烽火通信,175224.0
2020-04-14,000063,BUY,36.05,4900,中兴通讯,176645.0
2020-04-15,603589,SELL,33.11,1200,口子窖,39732.0
2020-04-15,600800,BUY,5.07,18300,渤海化学,92781.0
2020-04-16,002174,SELL,21.98,1100,游族网络,24178.0
2020-04-16,603993,SELL,3.18,35100,洛阳钼业,111618.0
2020-04-16,300620,BUY,15.36,2600,光库科技,39936.0
2020-04-16,002432,BUY,8.5,4600,九安医疗,39100.0
2020-04-16,601766,BUY,5.06,7800,中国中车,39468.0
2020-04-16,002639,BUY,7.87,5000,雪人集团,39350.0
2020-04-17,000977,BUY,36.49,400,浪潮信息,14596.0
2020-04-20,002281,BUY,30.36,100,光迅科技,3036.0
2020-04-21,002432,SELL,9.38,4600,九安医疗,43148.0
2020-04-22,002498,SELL,3.92,100,汉缆股份,392.0
2020-04-22,000938,SELL,26.75,100,紫光股份,2675.0
2020-04-22,002156,SELL,23.54,100,通富微电,2354.0
2020-04-22,002639,SELL,8.11,5000,雪人集团,40550.0
2020-04-22,000063,BUY,37.02,1100,中兴通讯,40722.0
2020-04-22,000848,BUY,5.5,7800,承德露露,42900.0
2020-04-23,000566,BUY,7.83,700,海南海药,5481.0
2020-04-24,000848,SELL,5.15,7800,承德露露,40170.0
2020-04-27,002131,BUY,3.48,11600,利欧股份,40368.0
2020-04-29,002300,SELL,5.24,700,太阳电缆,3668.0
2020-04-30,600988,BUY,8.19,400,赤峰黄金,3276.0
2020-05-06,002378,BUY,2.98,100,章源钨业,298.0
2020-05-08,000977,SELL,41.85,400,浪潮信息,16740.0
2020-05-11,002131,SELL,3.77,80800,利欧股份,304616.0
2020-05-11,000063,SELL,39.25,6200,中兴通讯,243350.0
2020-05-11,000848,BUY,5.15,3200,承德露露,16480.0
2020-05-11,601766,BUY,5.02,3300,中国中车,16566.0
2020-05-11,603123,BUY,7.27,2300,翠微股份,16721.0
2020-05-11,600339,BUY,2.2,7600,中油工程,16720.0
2020-05-11,600757,BUY,3.72,4500,长江传媒,16740.0
2020-05-11,600800,BUY,4.87,3400,渤海化学,16558.0
2020-05-11,601800,BUY,6.8,2400,中国交建,16320.0
2020-05-11,300293,BUY,8.88,1900,蓝英装备,16872.0
2020-05-11,002842,BUY,9.21,1800,翔鹭钨业,16578.0
2020-05-11,002281,BUY,30.5,500,光迅科技,15250.0
2020-05-12,600757,SELL,3.73,36000,长江传媒,134280.0
2020-05-12,000848,SELL,5.17,3200,承德露露,16544.0
2020-05-12,000766,BUY,5.46,44100,通化金马,240786.0
2020-05-12,600900,BUY,13.55,6500,长江电力,88075.0
2020-05-12,000566,BUY,6.99,21000,海南海药,146790.0
2020-05-13,002281,SELL,30.09,700,光迅科技,21063.0
2020-05-13,600498,SELL,34.83,5600,烽火通信,195048.0
2020-05-13,300620,SELL,16.92,2600,光库科技,43992.0
2020-05-13,002378,SELL,3.0,100,章源钨业,300.0
2020-05-13,601800,SELL,6.7,2400,中国交建,16080.0
2020-05-13,600988,BUY,8.51,8800,赤峰黄金,74888.0
2020-05-13,300013,BUY,5.66,13200,新宁物流,74712.0
2020-05-13,000930,BUY,6.75,11100,中粮科技,74925.0
2020-05-13,000766,BUY,5.46,13700,通化金马,74802.0
2020-05-14,000930,SELL,6.5,11100,中粮科技,72150.0
2020-05-14,601666,BUY,2.79,18700,平煤股份,52173.0
2020-05-14,002624,BUY,24.78,2100,完美世界,52038.0
2020-05-15,002174,BUY,19.41,1000,游族网络,19410.0
2020-05-18,600988,SELL,10.1,9200,赤峰黄金,92920.0
2020-05-18,601666,SELL,2.81,18700,平煤股份,52547.0
2020-05-18,601899,BUY,3.6,200,紫金矿业,720.0
2020-05-18,000930,BUY,6.64,100,中粮科技,664.0
2020-05-18,600010,BUY,1.11,800,包钢股份,888.0
2020-05-18,601118,BUY,5.12,100,海南橡胶,512.0
2020-05-18,000566,BUY,6.5,100,海南海药,650.0
2020-05-18,000848,BUY,5.73,100,承德露露,573.0
2020-05-18,002131,BUY,3.78,200,利欧股份,756.0
2020-05-18,000766,BUY,5.24,100,通化金马,524.0
2020-05-19,002131,SELL,3.88,200,利欧股份,776.0
2020-05-19,600396,BUY,2.4,58700,华电辽能,140880.0
2020-05-20,000766,BUY,5.25,100,通化金马,525.0
2020-05-21,000848,SELL,6.0,100,承德露露,600.0
2020-05-21,002131,BUY,3.81,100,利欧股份,381.0
2020-05-22,300293,SELL,10.44,1900,蓝英装备,19836.0
2020-05-22,601899,SELL,3.41,200,紫金矿业,682.0
2020-05-22,000930,BUY,6.19,100,中粮科技,619.0
2020-05-22,601577,BUY,5.65,100,长沙银行,565.0
2020-05-22,601800,BUY,6.39,100,中国交建,639.0
2020-05-22,600050,BUY,4.26,100,中国联通,426.0
2020-05-22,600396,BUY,2.37,200,华电辽能,474.0
2020-05-22,601600,BUY,2.54,200,中国铝业,508.0
2020-05-22,600096,BUY,3.86,100,云天化,386.0
2020-05-22,600010,BUY,1.06,600,包钢股份,636.0
2020-05-25,002131,SELL,3.79,100,利欧股份,379.0
2020-05-25,603123,BUY,6.57,2500,翠微股份,16425.0
2020-05-26,002842,SELL,9.71,1800,翔鹭钨业,17478.0
2020-05-26,601118,SELL,5.35,100,海南橡胶,535.0
2020-05-26,002432,BUY,8.53,100,九安医疗,853.0
2020-05-26,300394,BUY,9.07,100,天孚通信,907.0
2020-05-26,300013,BUY,5.17,100,新宁物流,517.0
2020-05-26,600800,BUY,4.69,100,渤海化学,469.0
2020-05-26,002639,BUY,7.05,100,雪人集团,705.0
2020-05-26,000566,BUY,6.82,100,海南海药,682.0
2020-05-26,000766,BUY,4.9,100,通化金马,490.0
2020-05-27,600010,BUY,1.1,12900,包钢股份,14190.0
2020-05-29,000566,SELL,7.28,21900,海南海药,159432.0
2020-06-01,601611,BUY,5.88,27100,中国核建,159348.0
2020-06-03,600010,SELL,1.08,19500,包钢股份,21060.0
2020-06-03,002174,SELL,20.3,1000,游族网络,20300.0
2020-06-03,601577,SELL,5.8,100,长沙银行,580.0
2020-06-03,601600,SELL,2.6,200,中国铝业,520.0
2020-06-03,600096,SELL,3.97,100,云天化,397.0
2020-06-04,300013,SELL,5.59,14200,新宁物流,79378.0
2020-06-04,603123,SELL,7.72,5400,翠微股份,41688.0
2020-06-04,002436,BUY,12.24,3500,兴森科技,42840.0
2020-06-04,002498,BUY,4.79,8900,汉缆股份,42631.0
2020-06-04,300476,BUY,21.66,1900,胜宏科技,41154.0
2020-06-05,600900,SELL,13.96,6500,长江电力,90740.0
2020-06-05,002624,SELL,25.39,2100,完美世界,53319.0
2020-06-05,300476,SELL,21.17,1900,胜宏科技,40223.0
2020-06-05,600522,BUY,10.94,3400,中天科技,37196.0
2020-06-05,002309,BUY,5.83,6400,中利集团,37312.0
2020-06-05,002735,BUY,10.3,3600,王子新材,37080.0
2020-06-05,002792,BUY,17.95,2000,通宇通讯,35900.0
2020-06-05,300394,BUY,8.98,4100,天孚通信,36818.0
2020-06-05,600010,BUY,1.07,35000,包钢股份,37450.0
2020-06-08,600396,SELL,2.47,58900,华电辽能,145483.0
2020-06-08,002432,SELL,8.55,100,九安医疗,855.0
2020-06-08,002639,SELL,7.16,100,雪人集团,716.0
2020-06-08,600522,SELL,11.03,3400,中天科技,37502.0
2020-06-08,002309,SELL,5.77,6400,中利集团,36928.0
2020-06-09,600800,SELL,4.8,21800,渤海化学,104640.0
2020-06-09,002436,SELL,12.19,3500,兴森科技,42665.0
2020-06-09,002735,SELL,10.3,3600,王子新材,37080.0
2020-06-09,600010,BUY,1.08,205000,包钢股份,221400.0
2020-06-09,000657,BUY,4.71,22400,中钨高新,105504.0
2020-06-09,000848,BUY,5.84,10400,承德露露,60736.0
2020-06-10,000657,SELL,4.67,22400,中钨高新,104608.0
2020-06-10,002498,BUY,4.76,3800,汉缆股份,18088.0
2020-06-10,002396,BUY,25.52,700,星网锐捷,17864.0
2020-06-10,300502,BUY,11.83,1500,新易盛,17745.0
2020-06-10,300394,BUY,9.16,1900,天孚通信,17404.0
2020-06-10,300308,BUY,40.91,400,中际旭创,16364.0
2020-06-10,601118,BUY,5.12,3500,海南橡胶,17920.0
2020-06-11,002300,BUY,4.69,3700,太阳电缆,17353.0
2020-06-12,300394,SELL,9.24,6100,天孚通信,56364.0
2020-06-12,600010,BUY,1.07,100,包钢股份,107.0
2020-06-15,002396,SELL,24.45,700,星网锐捷,17115.0
2020-06-15,600522,BUY,10.29,5400,中天科技,55566.0
2020-06-16,000766,BUY,4.93,3600,通化金马,17748.0
2020-06-17,600010,BUY,1.1,100,包钢股份,110.0
2020-06-19,601611,SELL,6.0,27100,中国核建,162600.0
2020-06-22,600010,SELL,1.08,240200,包钢股份,259416.0
2020-06-22,300502,SELL,15.04,1500,新易盛,22560.0
2020-06-22,300308,SELL,43.89,400,中际旭创,17556.0
2020-06-22,002300,SELL,4.76,3700,太阳电缆,17612.0
2020-06-22,600988,BUY,10.31,15700,赤峰黄金,161867.0
2020-06-22,002739,BUY,15.64,10300,万达电影,161092.0
2020-06-22,000930,BUY,6.18,12300,中粮科技,76014.0
2020-06-22,000766,BUY,4.97,11600,通化金马,57652.0
2020-06-23,000766,SELL,4.89,73300,通化金马,358437.0
2020-06-23,000930,SELL,6.07,12500,中粮科技,75875.0
2020-06-23,601800,SELL,6.36,100,中国交建,636.0
2020-06-23,002156,BUY,23.68,900,通富微电,21312.0
2020-06-23,000566,BUY,7.1,3200,海南海药,22720.0
2020-06-23,002131,BUY,3.91,5900,利欧股份,23069.0
2020-06-23,000848,BUY,5.84,3900,承德露露,22776.0
2020-06-23,000858,BUY,139.39,100,五粮液,13939.0
2020-06-23,000938,BUY,30.08,700,紫光股份,21056.0
2020-06-23,000977,BUY,41.22,500,浪潮信息,20610.0
2020-06-23,002281,BUY,31.34,700,光迅科技,21938.0
2020-06-23,002151,BUY,32.84,700,北斗星通,22988.0
2020-06-23,000657,BUY,4.39,5200,中钨高新,22828.0
2020-06-24,002792,SELL,18.35,2000,通宇通讯,36700.0
2020-06-24,000938,SELL,29.68,700,紫光股份,20776.0
2020-06-24,002281,SELL,31.38,700,光迅科技,21966.0
2020-06-24,000848,BUY,5.69,36300,承德露露,206547.0
2020-06-24,000566,BUY,7.02,9700,海南海药,68094.0
2020-06-29,002436,BUY,12.16,4000,兴森科技,48640.0
2020-06-30,000858,SELL,141.99,100,五粮液,14199.0
2020-06-30,000977,SELL,38.41,500,浪潮信息,19205.0
2020-06-30,000848,BUY,5.76,100,承德露露,576.0
2020-06-30,000766,BUY,4.82,200,通化金马,964.0
2020-06-30,000930,BUY,6.09,100,中粮科技,609.0
2020-06-30,000566,BUY,7.07,100,海南海药,707.0
2020-06-30,300013,BUY,5.55,100,新宁物流,555.0
2020-06-30,002309,BUY,5.5,100,中利集团,550.0
2020-06-30,002131,BUY,3.72,200,利欧股份,744.0
2020-07-01,600988,SELL,11.74,15700,赤峰黄金,184318.0
2020-07-01,000657,BUY,4.41,6700,中钨高新,29547.0
2020-07-01,002639,BUY,6.91,4300,雪人集团,29713.0
2020-07-01,002931,BUY,11.17,2600,锋龙股份,29042.0
2020-07-01,601600,BUY,2.59,11400,中国铝业,29526.0
2020-07-01,002378,BUY,3.03,9800,章源钨业,29694.0
2020-07-01,002739,BUY,15.62,1900,万达电影,29678.0
2020-07-01,002498,BUY,4.44,6700,汉缆股份,29748.0
2020-07-02,002156,SELL,25.36,900,通富微电,22824.0
2020-07-02,002436,SELL,12.55,4000,兴森科技,50200.0
2020-07-02,601766,BUY,4.7,1500,中国中车,7050.0
2020-07-02,002918,BUY,29.36,200,蒙娜丽莎,5872.0
2020-07-02,601118,BUY,4.89,1400,海南橡胶,6846.0
2020-07-02,600339,BUY,2.15,3300,中油工程,7095.0
2020-07-02,600800,BUY,4.77,1400,渤海化学,6678.0
2020-07-02,600176,BUY,7.43,900,中国巨石,6687.0
2020-07-02,600875,BUY,7.98,800,东方电气,6384.0
2020-07-02,000657,BUY,4.53,1500,中钨高新,6795.0
2020-07-02,000063,BUY,36.93,100,中兴通讯,3693.0
2020-07-02,000566,BUY,7.11,1000,海南海药,7110.0
2020-07-03,000566,BUY,7.15,2200,海南海药,15730.0
2020-07-06,002918,SELL,28.38,200,蒙娜丽莎,5676.0
2020-07-06,600176,SELL,7.69,900,中国巨石,6921.0
2020-07-07,000063,BUY,41.35,300,中兴通讯,12405.0
2020-07-08,601766,SELL,5.11,12600,中国中车,64386.0
2020-07-08,600339,SELL,2.35,10900,中油工程,25615.0
2020-07-08,600050,SELL,4.56,100,中国联通,456.0
2020-07-08,002498,SELL,5.15,19400,汉缆股份,99910.0
2020-07-08,000848,SELL,6.32,50700,承德露露,320424.0
2020-07-08,601118,SELL,5.18,4900,海南橡胶,25382.0
2020-07-08,600522,SELL,11.63,5400,中天科技,62802.0
2020-07-08,000566,SELL,7.57,16200,海南海药,122634.0
2020-07-08,000657,SELL,5.12,13400,中钨高新,68608.0
2020-07-08,000930,SELL,6.65,100,中粮科技,665.0
2020-07-08,002309,SELL,6.07,100,中利集团,607.0
2020-07-08,002639,SELL,7.5,4300,雪人集团,32250.0
2020-07-08,002931,SELL,12.04,2600,锋龙股份,31304.0
2020-07-08,601600,SELL,3.14,11400,中国铝业,35796.0
2020-07-08,002378,SELL,3.6,9800,章源钨业,35280.0
2020-07-08,600800,SELL,5.07,1400,渤海化学,7098.0
2020-07-08,600875,SELL,8.62,800,东方电气,6896.0
2020-07-08,000063,SELL,41.99,400,中兴通讯,16796.0
2020-07-08,002131,BUY,3.5,100,利欧股份,350.0
2020-07-09,000063,BUY,42.97,3900,中兴通讯,167583.0
2020-07-09,000566,BUY,7.98,21200,海南海药,169176.0
2020-07-09,000657,BUY,5.2,20800,中钨高新,108160.0
2020-07-09,000766,BUY,5.34,22700,通化金马,121218.0
2020-07-09,000848,BUY,6.35,10900,承德露露,69215.0
2020-07-09,000930,BUY,6.79,13000,中粮科技,88270.0
2020-07-09,002131,BUY,3.55,47700,利欧股份,169335.0
2020-07-10,002739,SELL,19.52,12200,万达电影,238144.0
2020-07-10,000657,SELL,5.1,20800,中钨高新,106080.0
2020-07-10,000063,BUY,40.98,1500,中兴通讯,61470.0
2020-07-10,000566,BUY,8.28,7700,海南海药,63756.0
2020-07-10,000766,BUY,5.2,12300,通化金马,63960.0
2020-07-10,000848,BUY,6.28,10100,承德露露,63428.0
2020-07-10,000858,BUY,171.76,300,五粮液,51528.0
2020-07-10,000930,BUY,6.68,9500,中粮科技,63460.0
2020-07-13,002151,SELL,38.24,700,北斗星通,26768.0
2020-07-13,000766,SELL,5.35,35200,通化金马,188320.0
2020-07-13,300013,SELL,9.3,100,新宁物流,930.0
2020-07-13,000063,SELL,42.1,5400,中兴通讯,227340.0
2020-07-13,000930,SELL,7.1,22500,中粮科技,159750.0
2020-07-13,000566,BUY,9.11,4400,海南海药,40084.0
2020-07-13,000657,BUY,5.25,7700,中钨高新,40425.0
2020-07-13,000858,BUY,181.06,200,五粮液,36212.0
2020-07-13,000848,BUY,6.91,5800,承德露露,40078.0
2020-07-13,002131,BUY,3.84,10500,利欧股份,40320.0
2020-07-13,002465,BUY,13.48,3000,海格通信,40440.0
2020-07-13,002475,BUY,58.35,600,立讯精密,35010.0
2020-07-13,002378,BUY,3.63,11100,章源钨业,40293.0
2020-07-13,002281,BUY,35.68,1100,光迅科技,39248.0
2020-07-13,002156,BUY,32.08,1200,通富微电,38496.0
2020-07-14,002131,BUY,3.69,68500,利欧股份,252765.0
2020-07-15,000858,SELL,185.83,500,五粮液,92915.0
2020-07-15,002475,SELL,55.21,600,立讯精密,33126.0
2020-07-15,002281,SELL,34.57,1100,光迅科技,38027.0
2020-07-15,002156,SELL,28.31,1200,通富微电,33972.0
2020-07-15,002131,BUY,3.54,100,利欧股份,354.0
2020-07-16,000848,SELL,6.63,26800,承德露露,177684.0
2020-07-16,002465,SELL,12.23,3000,海格通信,36690.0
2020-07-16,002378,SELL,3.85,11100,章源钨业,42735.0
2020-07-16,000063,BUY,36.54,4700,中兴通讯,171738.0
2020-07-16,000566,BUY,9.92,17500,海南海药,173600.0
2020-07-16,002151,BUY,35.4,2600,北斗星通,92040.0
2020-07-17,000566,SELL,8.93,50800,海南海药,453644.0
2020-07-17,000063,BUY,36.78,400,中兴通讯,14712.0
2020-07-17,000657,BUY,4.89,3600,中钨高新,17604.0
2020-07-17,000977,BUY,38.34,400,浪潮信息,15336.0
2020-07-17,000766,BUY,4.98,3500,通化金马,17430.0
2020-07-17,000848,BUY,6.93,2500,承德露露,17325.0
2020-07-17,000930,BUY,6.77,2600,中粮科技,17602.0
2020-07-17,002131,BUY,3.38,5200,利欧股份,17576.0
2020-07-17,000938,BUY,30.16,500,紫光股份,15080.0
2020-07-17,002156,BUY,25.07,700,通富微电,17549.0
2020-07-17,002151,BUY,36.03,400,北斗星通,14412.0
2020-07-20,002131,BUY,3.55,61200,利欧股份,217260.0
2020-07-20,000938,BUY,31.35,2700,紫光股份,84645.0
2020-07-21,000766,SELL,5.13,3500,通化金马,17955.0
2020-07-21,000848,SELL,7.48,2500,承德露露,18700.0
2020-07-21,000930,SELL,6.94,2600,中粮科技,18044.0
2020-07-21,300476,BUY,22.81,200,胜宏科技,4562.0
2020-07-21,000063,BUY,37.37,100,中兴通讯,3737.0
2020-07-21,000657,BUY,5.08,900,中钨高新,4572.0
2020-07-21,002131,BUY,3.5,1300,利欧股份,4550.0
2020-07-21,000977,BUY,38.89,100,浪潮信息,3889.0
2020-07-21,000938,BUY,31.19,100,紫光股份,3119.0
2020-07-21,002156,BUY,25.86,100,通富微电,2586.0
2020-07-21,002174,BUY,22.18,200,游族网络,4436.0
2020-07-21,002151,BUY,37.33,100,北斗星通,3733.0
2020-07-21,000566,BUY,10.0,400,海南海药,4000.0
2020-07-22,002151,SELL,37.82,3100,北斗星通,117242.0
2020-07-22,002174,BUY,22.38,900,游族网络,20142.0
2020-07-22,002131,BUY,3.6,5600,利欧股份,20160.0
2020-07-22,000977,BUY,38.82,500,浪潮信息,19410.0
2020-07-22,002396,BUY,24.82,800,星网锐捷,19856.0
2020-07-22,300620,BUY,22.8,800,光库科技,18240.0
2020-07-22,300308,BUY,44.28,400,中际旭创,17712.0
2020-07-22,002436,BUY,13.61,1400,兴森科技,19054.0
2020-07-23,600594,BUY,6.81,400,益佰制药,2724.0
2020-07-27,000657,SELL,5.13,12200,中钨高新,62586.0
2020-07-27,600594,SELL,6.55,400,益佰制药,2620.0
2020-07-27,002131,BUY,3.35,100,利欧股份,335.0
2020-07-28,000566,SELL,8.74,400,海南海药,3496.0
2020-07-28,600702,BUY,35.18,1800,舍得酒业,63324.0
2020-07-29,000063,BUY,36.06,100,中兴通讯,3606.0
2020-07-30,002436,BUY,12.25,100,兴森科技,1225.0
2020-07-31,002131,BUY,3.43,100,利欧股份,343.0
2020-08-03,600010,BUY,1.17,100,包钢股份,117.0
2020-08-10,600010,SELL,1.17,100,包钢股份,117.0
2020-08-19,000063,SELL,35.42,5300,中兴通讯,187726.0
2020-08-20,300476,SELL,22.2,200,胜宏科技,4440.0
2020-08-20,300394,BUY,12.15,15400,天孚通信,187110.0
2020-08-21,300308,SELL,40.23,400,中际旭创,16092.0
2020-08-21,002156,BUY,25.5,200,通富微电,5100.0
2020-08-21,002475,BUY,52.14,100,立讯精密,5214.0
2020-08-21,000977,BUY,35.07,100,浪潮信息,3507.0
2020-08-21,300293,BUY,20.12,200,蓝英装备,4024.0
2020-08-21,600498,BUY,26.45,100,烽火通信,2645.0
2020-08-24,000657,BUY,5.28,100,中钨高新,528.0
2020-08-25,000938,SELL,30.64,3300,紫光股份,101112.0
2020-08-26,002465,BUY,12.13,8300,海格通信,100679.0
2020-08-27,600010,BUY,1.15,600,包钢股份,690.0
2020-08-28,002475,SELL,54.28,100,立讯精密,5428.0
2020-08-31,603993,BUY,3.88,1400,洛阳钼业,5432.0
2020-09-01,300293,SELL,27.12,200,蓝英装备,5424.0
2020-09-02,600702,SELL,35.14,1800,舍得酒业,63252.0
2020-09-02,600010,BUY,1.15,4700,包钢股份,5405.0
2020-09-02,601118,BUY,5.47,1000,海南橡胶,5470.0
2020-09-02,002300,BUY,5.37,1000,太阳电缆,5370.0
2020-09-02,601800,BUY,6.68,800,中国交建,5344.0
2020-09-02,002396,BUY,21.64,200,星网锐捷,4328.0
2020-09-02,002428,BUY,13.77,400,云南锗业,5508.0
2020-09-02,603123,BUY,10.06,500,翠微股份,5030.0
2020-09-02,002498,BUY,4.53,1200,汉缆股份,5436.0
2020-09-02,601600,BUY,2.87,1900,中国铝业,5453.0
2020-09-02,600096,BUY,4.61,1100,云天化,5071.0
2020-09-03,600487,BUY,15.39,1000,亨通光电,15390.0
2020-09-04,300620,SELL,22.29,800,光库科技,17832.0
2020-09-04,002300,SELL,5.37,1000,太阳电缆,5370.0
2020-09-04,600050,BUY,4.34,200,中国联通,868.0
2020-09-04,000848,BUY,7.03,100,承德露露,703.0
2020-09-04,002131,BUY,3.01,300,利欧股份,903.0
2020-09-07,000848,SELL,6.75,100,承德露露,675.0
2020-09-07,002309,BUY,6.01,3600,中利集团,21636.0
2020-09-08,600010,BUY,1.18,600,包钢股份,708.0
2020-09-09,603123,SELL,10.29,500,翠微股份,5145.0
2020-09-10,002309,SELL,5.9,3600,中利集团,21240.0
2020-09-10,603606,BUY,16.4,300,东方电缆,4920.0
2020-09-10,002465,BUY,11.12,400,海格通信,4448.0
2020-09-10,603993,BUY,3.64,1400,洛阳钼业,5096.0
2020-09-10,000938,BUY,26.68,100,紫光股份,2668.0
2020-09-10,600988,BUY,16.83,300,赤峰黄金,5049.0
2020-09-10,000063,BUY,30.23,100,中兴通讯,3023.0
2020-09-11,002131,SELL,3.08,206800,利欧股份,636944.0
2020-09-11,600010,SELL,1.17,5900,包钢股份,6903.0
2020-09-11,000657,BUY,5.11,200,中钨高新,1022.0
2020-09-11,002436,BUY,10.86,100,兴森科技,1086.0
2020-09-11,002842,BUY,10.87,100,翔鹭钨业,1087.0
2020-09-11,601118,BUY,5.04,200,海南橡胶,1008.0
2020-09-11,300394,BUY,11.19,100,天孚通信,1119.0
2020-09-14,000938,BUY,26.61,23900,紫光股份,635979.0
2020-09-15,600988,BUY,18.01,200,赤峰黄金,3602.0
2020-09-16,002842,SELL,10.85,100,翔鹭钨业,1085.0
2020-09-17,000930,BUY,7.8,100,中粮科技,780.0
2020-09-18,000657,SELL,5.28,300,中钨高新,1584.0
2020-09-18,002498,BUY,4.46,100,汉缆股份,446.0
2020-09-18,600096,BUY,4.3,100,云天化,430.0
2020-09-18,600396,BUY,2.7,100,华电辽能,270.0
2020-09-18,601600,BUY,2.87,100,中国铝业,287.0
2020-09-18,601188,BUY,2.56,100,龙江交通,256.0
2020-09-21,603606,SELL,19.11,300,东方电缆,5733.0
2020-09-22,000063,BUY,31.41,100,中兴通讯,3141.0
2020-09-23,300013,BUY,7.78,300,新宁物流,2334.0
2020-09-24,600757,BUY,4.08,100,长江传媒,408.0
2020-09-28,002156,SELL,21.76,1000,通富微电,21760.0
2020-09-29,600800,BUY,4.5,4800,渤海化学,21600.0
2020-09-30,600339,BUY,2.8,100,中油工程,280.0
2020-10-14,600988,SELL,17.98,500,赤峰黄金,8990.0
2020-10-15,000977,SELL,31.64,1100,浪潮信息,34804.0
2020-10-15,002436,SELL,11.03,1600,兴森科技,17648.0
2020-10-15,300394,SELL,11.61,15500,天孚通信,179955.0
2020-10-15,600498,SELL,23.6,100,烽火通信,2360.0
2020-10-15,002428,SELL,13.39,400,云南锗业,5356.0
2020-10-15,000063,SELL,31.86,200,中兴通讯,6372.0
2020-10-15,300013,SELL,8.41,300,新宁物流,2523.0
2020-10-15,600396,BUY,2.7,3300,华电辽能,8910.0
2020-10-15,603123,BUY,9.49,900,翠微股份,8541.0
2020-10-15,000566,BUY,9.41,900,海南海药,8469.0
2020-10-15,000657,BUY,4.93,1800,中钨高新,8874.0
2020-10-15,002131,BUY,3.23,2800,利欧股份,9044.0
2020-10-15,000930,BUY,7.83,1100,中粮科技,8613.0
2020-10-15,000938,BUY,25.28,300,紫光股份,7584.0
2020-10-15,002151,BUY,64.17,100,北斗星通,6417.0
2020-10-15,002174,BUY,16.43,500,游族网络,8215.0
2020-10-16,600396,SELL,2.71,3400,华电辽能,9214.0
2020-10-16,603123,SELL,9.45,900,翠微股份,8505.0
2020-10-16,000848,BUY,6.01,30500,承德露露,183305.0
2020-10-19,002396,SELL,19.79,1000,星网锐捷,19790.0
2020-10-19,002465,SELL,11.24,8700,海格通信,97788.0
2020-10-19,600487,SELL,15.1,1000,亨通光电,15100.0
2020-10-19,600757,SELL,4.1,100,长江传媒,410.0
2020-10-19,002131,SELL,3.12,2800,利欧股份,8736.0
2020-10-19,002151,SELL,62.29,100,北斗星通,6229.0
2020-10-19,600900,BUY,15.35,1100,长江电力,16885.0
2020-10-19,300620,BUY,25.21,700,光库科技,17647.0
2020-10-19,002735,BUY,18.28,900,王子新材,16452.0
2020-10-19,000063,BUY,31.62,500,中兴通讯,15810.0
2020-10-19,000848,BUY,5.95,2900,承德露露,17255.0
2020-10-19,000930,BUY,7.82,2200,中粮科技,17204.0
2020-10-19,000938,BUY,24.41,700,紫光股份,17087.0
2020-10-19,000977,BUY,31.37,500,浪潮信息,15685.0
2020-10-19,000566,BUY,9.02,1900,海南海药,17138.0
2020-10-20,601118,SELL,5.4,1200,海南橡胶,6480.0
2020-10-20,002624,BUY,24.75,500,完美世界,12375.0
2020-10-21,300620,SELL,26.99,700,光库科技,18893.0
2020-10-21,000657,BUY,4.91,1700,中钨高新,8347.0
2020-10-21,000848,BUY,5.97,1400,承德露露,8358.0
2020-10-21,000938,BUY,23.94,300,紫光股份,7182.0
2020-10-22,000930,SELL,7.66,3400,中粮科技,26044.0
2020-10-22,000977,SELL,31.02,500,浪潮信息,15510.0
2020-10-22,600339,BUY,2.75,1300,中油工程,3575.0
2020-10-22,600900,BUY,15.5,200,长江电力,3100.0
2020-10-22,002378,BUY,3.61,1000,章源钨业,3610.0
2020-10-22,002309,BUY,6.19,600,中利集团,3714.0
2020-10-22,000848,BUY,5.93,600,承德露露,3558.0
2020-10-22,000938,BUY,23.47,100,紫光股份,2347.0
2020-10-22,002156,BUY,24.0,100,通富微电,2400.0
2020-10-22,000063,BUY,30.82,100,中兴通讯,3082.0
2020-10-22,000566,BUY,8.7,400,海南海药,3480.0
2020-10-23,603993,SELL,3.55,2800,洛阳钼业,9940.0
2020-10-23,600050,SELL,4.2,200,中国联通,840.0
2020-10-23,600800,SELL,4.67,4800,渤海化学,22416.0
2020-10-23,300293,BUY,22.28,700,蓝英装备,15596.0
2020-10-23,000566,BUY,8.55,1900,海南海药,16245.0
2020-10-23,002300,BUY,5.06,3200,太阳电缆,16192.0
2020-10-26,600339,BUY,2.72,600,中油工程,1632.0
2020-10-27,601800,SELL,6.41,800,中国交建,5128.0
2020-10-28,002735,SELL,20.35,900,王子新材,18315.0
2020-10-28,002156,SELL,24.53,100,通富微电,2453.0
2020-10-28,601666,BUY,3.75,1300,平煤股份,4875.0
2020-10-28,002281,BUY,30.96,100,光迅科技,3096.0
2020-10-28,601869,BUY,27.72,100,长飞光纤,2772.0
2020-10-28,600339,BUY,2.71,1900,中油工程,5149.0
2020-10-28,300502,BUY,16.42,300,新易盛,4926.0
2020-10-28,300308,BUY,33.65,100,中际旭创,3365.0
2020-10-29,600396,BUY,2.6,600,华电辽能,1560.0
2020-11-04,600010,BUY,1.14,100,包钢股份,114.0
2020-11-05,600096,SELL,4.18,1200,云天化,5016.0
2020-11-05,600900,SELL,16.6,1300,长江电力,21580.0
2020-11-06,002151,BUY,53.97,400,北斗星通,21588.0
2020-11-09,600419,BUY,13.8,300,天润乳业,4140.0
2020-11-10,002309,BUY,5.67,100,中利集团,567.0
2020-11-11,002174,SELL,16.54,1600,游族网络,26464.0
2020-11-11,601600,SELL,3.07,2000,中国铝业,6140.0
2020-11-11,000657,SELL,4.92,3500,中钨高新,17220.0
2020-11-11,000063,SELL,32.92,600,中兴通讯,19752.0
2020-11-11,002378,SELL,3.87,1000,章源钨业,3870.0
2020-11-11,300293,SELL,22.05,700,蓝英装备,15435.0
2020-11-11,601666,SELL,4.18,1300,平煤股份,5434.0
2020-11-11,300502,SELL,16.35,300,新易盛,4905.0
2020-11-11,300308,SELL,34.88,100,中际旭创,3488.0
2020-11-11,000766,BUY,3.7,100,通化金马,370.0
2020-11-12,000566,SELL,9.15,5100,海南海药,46665.0
2020-11-12,601611,BUY,7.07,14500,中国核建,102515.0
2020-11-13,600339,SELL,2.76,3900,中油工程,10764.0
2020-11-13,600010,SELL,1.17,100,包钢股份,117.0
2020-11-13,603606,BUY,16.83,2700,东方电缆,45441.0
2020-11-16,000848,SELL,6.02,35400,承德露露,213108.0
2020-11-16,002624,SELL,23.08,500,完美世界,11540.0
2020-11-16,300285,BUY,38.77,300,国瓷材料,11631.0
2020-11-16,000766,BUY,3.68,3300,通化金马,12144.0
2020-11-16,002309,BUY,5.44,2200,中利集团,11968.0
2020-11-16,002151,BUY,53.37,200,北斗星通,10674.0
2020-11-16,600875,BUY,9.26,1300,东方电气,12038.0
2020-11-16,002498,BUY,3.94,3100,汉缆股份,12214.0
2020-11-16,002991,BUY,82.82,100,甘源食品,8282.0
2020-11-16,002931,BUY,13.87,800,锋龙股份,11096.0
2020-11-16,002300,BUY,5.05,2400,太阳电缆,12120.0
2020-11-16,002432,BUY,8.4,1400,九安医疗,11760.0
2020-11-17,600396,SELL,2.64,600,华电辽能,1584.0
2020-11-17,601118,BUY,5.11,24000,海南橡胶,122640.0
2020-11-18,002931,SELL,13.97,800,锋龙股份,11176.0
2020-11-18,600522,BUY,10.33,100,中天科技,1033.0
2020-11-18,601577,BUY,6.97,200,长沙银行,1394.0
2020-11-18,300013,BUY,7.87,200,新宁物流,1574.0
2020-11-18,002432,BUY,8.52,200,九安医疗,1704.0
2020-11-18,002300,BUY,5.1,300,太阳电缆,1530.0
2020-11-18,002498,BUY,3.9,500,汉缆股份,1950.0
2020-11-19,601188,SELL,2.51,100,龙江交通,251.0
2020-11-19,603606,BUY,16.82,200,东方电缆,3364.0
2020-11-20,600050,BUY,4.1,200,中国联通,820.0
2020-11-23,002300,SELL,5.13,5900,太阳电缆,30267.0
2020-11-23,600522,SELL,10.51,100,中天科技,1051.0
2020-11-24,601118,SELL,5.3,24000,海南橡胶,127200.0
2020-11-24,002156,BUY,25.86,1200,通富微电,31032.0
2020-11-24,300502,BUY,15.26,2000,新易盛,30520.0
2020-11-24,002151,BUY,56.81,500,北斗星通,28405.0
2020-11-24,000977,BUY,27.98,1100,浪潮信息,30778.0
2020-11-24,000938,BUY,22.12,1400,紫光股份,30968.0
2020-11-25,601577,SELL,7.07,200,长沙银行,1414.0
2020-11-25,600050,SELL,4.16,200,中国联通,832.0
2020-11-25,002436,BUY,10.46,600,兴森科技,6276.0
2020-11-26,002498,SELL,3.93,4900,汉缆股份,19257.0
2020-11-26,601869,SELL,27.95,100,长飞光纤,2795.0
2020-11-26,601611,SELL,7.19,14500,中国核建,104255.0
2020-11-26,603606,SELL,17.07,2900,东方电缆,49503.0
2020-11-26,600988,BUY,16.66,100,赤峰黄金,1666.0
2020-11-26,000766,BUY,3.86,700,通化金马,2702.0
2020-11-26,000938,BUY,21.48,100,紫光股份,2148.0
2020-11-26,002156,BUY,26.58,100,通富微电,2658.0
2020-11-26,000977,BUY,27.6,100,浪潮信息,2760.0
2020-11-26,002432,BUY,8.3,300,九安医疗,2490.0
2020-11-26,002309,BUY,5.44,500,中利集团,2720.0
2020-11-27,000766,SELL,4.15,4100,通化金马,17015.0
2020-11-27,600875,SELL,9.71,1300,东方电气,12623.0
2020-11-27,600900,BUY,16.57,9700,长江电力,160729.0
2020-11-30,002156,SELL,26.21,1300,通富微电,34073.0
2020-11-30,300570,BUY,18.53,1600,太辰光,29648.0
2020-11-30,300394,BUY,10.83,2800,天孚通信,30324.0
2020-12-01,002151,SELL,56.15,1100,北斗星通,61765.0
2020-12-01,002918,BUY,26.33,100,蒙娜丽莎,2633.0
2020-12-01,300308,BUY,34.15,100,中际旭创,3415.0
2020-12-01,000938,BUY,22.21,200,紫光股份,4442.0
2020-12-01,300620,BUY,19.71,200,光库科技,3942.0
2020-12-01,600988,BUY,16.95,200,赤峰黄金,3390.0
2020-12-01,002396,BUY,18.0,200,星网锐捷,3600.0
2020-12-01,600498,BUY,24.18,100,烽火通信,2418.0
2020-12-01,600487,BUY,14.35,300,亨通光电,4305.0
2020-12-01,603551,BUY,10.73,400,奥普科技,4292.0
2020-12-01,000063,BUY,32.13,100,中兴通讯,3213.0
2020-12-02,300570,SELL,18.41,1600,太辰光,29456.0
2020-12-02,300293,BUY,20.8,1400,蓝英装备,29120.0
2020-12-02,300394,BUY,11.06,2700,天孚通信,29862.0
2020-12-03,002436,BUY,10.83,100,兴森科技,1083.0
2020-12-04,600900,SELL,16.42,9700,长江电力,159274.0
2020-12-07,000063,BUY,30.99,5100,中兴通讯,158049.0
2020-12-08,000938,SELL,21.59,27100,紫光股份,585089.0
2020-12-08,002281,SELL,30.66,100,光迅科技,3066.0
2020-12-08,002991,SELL,85.81,100,甘源食品,8581.0
2020-12-08,002432,SELL,8.49,1900,九安医疗,16131.0
2020-12-08,002436,SELL,10.65,700,兴森科技,7455.0
2020-12-08,300308,SELL,36.02,100,中际旭创,3602.0
2020-12-08,002498,BUY,3.89,300,汉缆股份,1167.0
2020-12-08,300394,BUY,10.9,100,天孚通信,1090.0
2020-12-08,002309,BUY,5.35,200,中利集团,1070.0
2020-12-08,000566,BUY,8.88,100,海南海药,888.0
2020-12-08,600339,BUY,2.81,400,中油工程,1124.0
2020-12-09,600419,SELL,14.07,300,天润乳业,4221.0
2020-12-09,300285,SELL,40.28,300,国瓷材料,12084.0
2020-12-09,300620,SELL,20.27,200,光库科技,4054.0
2020-12-09,000848,BUY,5.79,101700,承德露露,588843.0
2020-12-10,000566,BUY,9.67,5300,海南海药,51251.0
2020-12-15,000566,SELL,9.44,5400,海南海药,50976.0
2020-12-16,002309,SELL,5.59,3600,中利集团,20124.0
2020-12-16,002396,SELL,17.93,200,星网锐捷,3586.0
2020-12-16,601666,BUY,3.83,13300,平煤股份,50939.0
2020-12-17,000930,BUY,8.21,2900,中粮科技,23809.0
2020-12-23,600988,SELL,17.42,300,赤峰黄金,5226.0
2020-12-23,002918,SELL,28.36,100,蒙娜丽莎,2836.0
2020-12-24,000848,SELL,6.13,101700,承德露露,623421.0
2020-12-24,000930,SELL,7.8,2900,中粮科技,22620.0
2020-12-24,002156,BUY,24.76,300,通富微电,7428.0
2020-12-24,002436,BUY,9.38,800,兴森科技,7504.0
2020-12-24,002396,BUY,16.63,400,星网锐捷,6652.0
2020-12-24,002281,BUY,27.29,200,光迅科技,5458.0
2020-12-24,300570,BUY,16.71,400,太辰光,6684.0
2020-12-24,600757,BUY,3.82,2100,长江传媒,8022.0
2020-12-24,601611,BUY,6.7,1200,中国核建,8040.0
2020-12-24,601577,BUY,7.01,1100,长沙银行,7711.0
2020-12-24,002151,BUY,52.57,100,北斗星通,5257.0
2020-12-24,000063,BUY,28.57,200,中兴通讯,5714.0
2020-12-25,300013,SELL,7.62,200,新宁物流,1524.0
2020-12-25,601666,SELL,4.21,13300,平煤股份,55993.0
2020-12-25,300476,BUY,20.5,10900,胜宏科技,223450.0
2020-12-25,000063,BUY,28.45,3800,中兴通讯,108110.0
2020-12-25,000766,BUY,3.27,16400,通化金马,53628.0
2020-12-25,000566,BUY,8.64,15900,海南海药,137376.0
2020-12-25,000858,BUY,228.95,500,五粮液,114475.0
2020-12-28,000766,BUY,3.19,1900,通化金马,6061.0
2020-12-29,002498,SELL,3.99,300,汉缆股份,1197.0
2020-12-30,000858,SELL,238.04,500,五粮液,119020.0
2020-12-30,002842,BUY,9.91,100,翔鹭钨业,991.0
2020-12-30,600800,BUY,4.65,200,渤海化学,930.0
2020-12-30,002131,BUY,2.89,400,利欧股份,1156.0
2020-12-30,002465,BUY,9.97,100,海格通信,997.0
2020-12-30,000766,BUY,3.19,300,通化金马,957.0
2020-12-31,000566,BUY,9.23,12400,海南海药,114452.0
2021-01-05,601611,SELL,7.6,1200,中国核建,9120.0
2021-01-05,000766,BUY,3.23,200,通化金马,646.0
2021-01-05,000848,BUY,6.3,100,承德露露,630.0
2021-01-05,002131,BUY,3.01,200,利欧股份,602.0
2021-01-06,002131,BUY,2.93,2700,利欧股份,7911.0
2021-01-07,300502,SELL,12.98,2000,新易盛,25960.0
2021-01-07,000977,SELL,26.03,1200,浪潮信息,31236.0
2021-01-07,300394,SELL,9.44,5600,天孚通信,52864.0
2021-01-07,600498,SELL,22.84,100,烽火通信,2284.0
2021-01-07,600487,SELL,13.05,300,亨通光电,3915.0
2021-01-07,000063,SELL,29.94,9200,中兴通讯,275448.0
2021-01-07,002156,SELL,26.82,300,通富微电,8046.0
2021-01-07,002151,SELL,52.53,100,北斗星通,5253.0
2021-01-07,300476,SELL,23.77,10900,胜宏科技,259093.0
2021-01-07,002465,SELL,10.46,100,海格通信,1046.0
2021-01-08,000848,SELL,5.88,100,承德露露,588.0
2021-01-08,000766,BUY,3.13,69500,通化金马,217535.0
2021-01-08,601869,BUY,25.03,3000,长飞光纤,75090.0
2021-01-08,002428,BUY,11.05,14600,云南锗业,161330.0
2021-01-08,000063,BUY,31.07,4600,中兴通讯,142922.0
2021-01-11,002639,BUY,5.92,11600,雪人集团,68672.0
2021-01-14,600339,SELL,2.73,400,中油工程,1092.0
2021-01-14,000766,BUY,3.15,100,通化金马,315.0
2021-01-15,300013,BUY,6.16,100,新宁物流,616.0
2021-01-18,002436,SELL,9.88,800,兴森科技,7904.0
2021-01-18,002396,SELL,18.16,400,星网锐捷,7264.0
2021-01-18,002281,SELL,29.08,200,光迅科技,5816.0
2021-01-18,002131,SELL,2.99,3300,利欧股份,9867.0
2021-01-18,000063,SELL,33.29,4600,中兴通讯,153134.0
2021-01-18,601666,BUY,3.97,100,平煤股份,397.0
2021-01-18,002378,BUY,3.71,100,章源钨业,371.0
2021-01-18,601600,BUY,3.31,100,中国铝业,331.0
2021-01-19,002792,BUY,13.03,11400,通宇通讯,148542.0
2021-01-20,300570,BUY,14.16,2400,太辰光,33984.0
2021-01-21,601577,SELL,7.26,1100,长沙银行,7986.0
2021-01-21,000657,BUY,5.12,100,中钨高新,512.0
2021-01-21,601600,BUY,3.39,200,中国铝业,678.0
2021-01-21,002300,BUY,4.99,100,太阳电缆,499.0
2021-01-21,000848,BUY,5.56,100,承德露露,556.0
2021-01-21,002378,BUY,3.91,200,章源钨业,782.0
2021-01-21,601666,BUY,3.96,200,平煤股份,792.0
2021-01-21,000566,BUY,8.06,100,海南海药,806.0
2021-01-21,603993,BUY,5.72,100,洛阳钼业,572.0
2021-01-22,000766,SELL,3.25,88400,通化金马,287300.0
2021-01-22,002432,BUY,8.56,400,九安医疗,3424.0
2021-01-22,002465,BUY,9.75,300,海格通信,2925.0
2021-01-22,600339,BUY,2.57,1400,中油工程,3598.0
2021-01-22,002498,BUY,3.73,900,汉缆股份,3357.0
2021-01-22,600396,BUY,2.47,1400,华电辽能,3458.0
2021-01-22,000938,BUY,23.18,100,紫光股份,2318.0
2021-01-22,000063,BUY,31.05,100,中兴通讯,3105.0
2021-01-25,000938,SELL,22.72,100,紫光股份,2272.0
2021-01-25,000063,SELL,32.72,100,中兴通讯,3272.0
2021-01-25,002792,BUY,12.38,18400,通宇通讯,227792.0
2021-01-26,603589,BUY,55.12,800,口子窖,44096.0
2021-01-27,300394,BUY,9.37,200,天孚通信,1874.0
2021-01-28,002432,SELL,7.92,400,九安医疗,3168.0
2021-01-28,002498,BUY,3.52,100,汉缆股份,352.0
2021-01-28,002309,BUY,4.09,100,中利集团,409.0
2021-01-28,601188,BUY,2.25,200,龙江交通,450.0
2021-01-29,600800,SELL,4.87,200,渤海化学,974.0
2021-01-29,002436,BUY,8.85,200,兴森科技,1770.0
2021-02-01,600050,BUY,3.57,400,中国联通,1428.0
2021-02-03,600010,BUY,1.19,200,包钢股份,238.0
2021-02-09,300013,SELL,5.92,100,新宁物流,592.0
2021-02-10,002309,BUY,4.01,100,中利集团,401.0
2021-02-18,601600,SELL,3.64,300,中国铝业,1092.0
2021-02-19,600339,BUY,2.57,500,中油工程,1285.0
2021-02-23,600757,SELL,3.83,2100,长江传媒,8043.0
2021-02-23,601188,SELL,2.28,200,龙江交通,456.0
2021-02-24,002842,SELL,10.46,100,翔鹭钨业,1046.0
2021-02-24,002428,SELL,11.66,14600,云南锗业,170236.0
2021-02-24,002378,SELL,5.57,300,章源钨业,1671.0
2021-02-24,000657,SELL,5.76,100,中钨高新,576.0
2021-02-24,002300,SELL,4.71,100,太阳电缆,471.0
2021-02-24,603993,SELL,6.64,100,洛阳钼业,664.0
2021-02-24,600050,SELL,3.72,400,中国联通,1488.0
2021-02-24,603606,BUY,19.0,400,东方电缆,7600.0
2021-02-24,600702,BUY,67.13,100,舍得酒业,6713.0
2021-02-24,000063,BUY,29.4,200,中兴通讯,5880.0
2021-02-24,000566,BUY,6.27,1300,海南海药,8151.0
2021-02-24,000977,BUY,32.42,200,浪潮信息,6484.0
2021-02-24,002131,BUY,3.07,2700,利欧股份,8289.0
2021-02-24,000930,BUY,8.31,1000,中粮科技,8310.0
2021-02-24,000938,BUY,21.46,300,紫光股份,6438.0
2021-02-24,002151,BUY,44.35,100,北斗星通,4435.0
2021-02-24,002156,BUY,25.07,300,通富微电,7521.0
2021-02-25,600010,SELL,1.49,200,包钢股份,298.0
2021-02-25,000977,SELL,31.7,200,浪潮信息,6340.0
2021-02-25,601611,BUY,6.79,16900,中国核建,114751.0
2021-02-26,300570,SELL,13.96,2800,太辰光,39088.0
2021-02-26,002639,SELL,5.69,11600,雪人集团,66004.0
2021-02-26,601666,SELL,3.62,300,平煤股份,1086.0
2021-02-26,002465,SELL,8.85,300,海格通信,2655.0
2021-02-26,002309,SELL,4.55,200,中利集团,910.0
2021-02-26,002436,SELL,8.42,200,兴森科技,1684.0
2021-02-26,000938,SELL,21.05,300,紫光股份,6315.0
2021-02-26,600702,BUY,66.97,100,舍得酒业,6697.0
2021-02-26,002151,BUY,45.13,100,北斗星通,4513.0
2021-02-26,002475,BUY,45.22,100,立讯精密,4522.0
2021-02-26,603589,BUY,48.21,100,口子窖,4821.0
2021-02-26,002739,BUY,19.1,300,万达电影,5730.0
2021-02-26,600176,BUY,17.1,300,中国巨石,5130.0
2021-02-26,000930,BUY,8.26,800,中粮科技,6608.0
2021-02-26,000977,BUY,30.76,200,浪潮信息,6152.0
2021-02-26,002131,BUY,2.95,2200,利欧股份,6490.0
2021-02-26,000063,BUY,29.11,200,中兴通讯,5822.0
2021-03-01,300293,SELL,14.41,1400,蓝英装备,20174.0
2021-03-01,002151,SELL,45.41,200,北斗星通,9082.0
2021-03-01,688256,BUY,103.13,600,寒武纪,61878.0
2021-03-02,601869,SELL,22.93,3000,长飞光纤,68790.0
2021-03-02,002991,BUY,72.32,400,甘源食品,28928.0
2021-03-02,300502,BUY,11.93,2900,新易盛,34597.0
2021-03-02,000063,BUY,29.46,1200,中兴通讯,35352.0
2021-03-03,002131,SELL,3.06,4900,利欧股份,14994.0
2021-03-03,000977,SELL,31.6,200,浪潮信息,6320.0
2021-03-03,000930,BUY,8.55,600,中粮科技,5130.0
2021-03-03,000566,BUY,6.11,800,海南海药,4888.0
2021-03-03,000657,BUY,6.1,800,中钨高新,4880.0
2021-03-03,000063,BUY,29.63,100,中兴通讯,2963.0
2021-03-03,000766,BUY,4.18,1200,通化金马,5016.0
2021-03-04,002792,SELL,12.08,29800,通宇通讯,359984.0
2021-03-04,600875,BUY,10.62,300,东方电气,3186.0
2021-03-04,300059,BUY,17.1,200,东方财富,3420.0
2021-03-04,002739,BUY,18.71,100,万达电影,1871.0
2021-03-04,002281,BUY,23.58,100,光迅科技,2358.0
2021-03-04,603606,BUY,17.74,200,东方电缆,3548.0
2021-03-04,601611,BUY,6.78,500,中国核建,3390.0
2021-03-04,601577,BUY,8.0,400,长沙银行,3200.0
2021-03-05,000766,SELL,4.12,1200,通化金马,4944.0
2021-03-05,002281,SELL,23.67,100,光迅科技,2367.0
2021-03-05,002156,BUY,24.64,8800,通富微电,216832.0
2021-03-05,000063,BUY,29.06,3500,中兴通讯,101710.0
2021-03-08,002498,SELL,3.49,1000,汉缆股份,3490.0
2021-03-08,688256,SELL,105.1,600,寒武纪,63060.0
2021-03-08,000657,SELL,6.04,800,中钨高新,4832.0
2021-03-08,601577,BUY,7.91,3900,长沙银行,30849.0
2021-03-08,300285,BUY,38.79,800,国瓷材料,31032.0
2021-03-08,000858,BUY,202.88,100,五粮液,20288.0
2021-03-09,603551,SELL,8.14,400,奥普科技,3256.0
2021-03-09,000848,SELL,5.19,100,承德露露,519.0
2021-03-09,000930,SELL,7.96,2400,中粮科技,19104.0
2021-03-09,000063,BUY,28.29,700,中兴通讯,19803.0
2021-03-09,000566,BUY,5.78,3500,海南海药,20230.0
2021-03-10,600396,SELL,2.3,1400,华电辽能,3220.0
2021-03-10,601611,SELL,7.5,17400,中国核建,130500.0
2021-03-10,600988,BUY,14.43,200,赤峰黄金,2886.0
2021-03-10,603993,BUY,5.28,600,洛阳钼业,3168.0
2021-03-10,601899,BUY,9.3,300,紫金矿业,2790.0
2021-03-10,300013,BUY,5.35,600,新宁物流,3210.0
2021-03-10,300308,BUY,27.42,100,中际旭创,2742.0
2021-03-10,002739,BUY,18.29,100,万达电影,1829.0
2021-03-10,000938,BUY,19.55,100,紫光股份,1955.0
2021-03-11,600176,BUY,16.03,7400,中国巨石,118622.0
2021-03-16,600339,SELL,2.68,1900,中油工程,5092.0
2021-03-17,000063,BUY,27.98,100,中兴通讯,2798.0
2021-03-18,600875,SELL,11.63,300,东方电气,3489.0
2021-03-18,603993,BUY,5.19,400,洛阳钼业,2076.0
2021-03-18,601899,BUY,9.91,200,紫金矿业,1982.0
2021-03-18,000930,BUY,7.94,200,中粮科技,1588.0
2021-03-19,601577,SELL,8.37,4300,长沙银行,35991.0
2021-03-22,600702,SELL,68.49,200,舍得酒业,13698.0
2021-03-22,300570,BUY,13.26,2700,太辰光,35802.0
2021-03-23,002151,BUY,41.34,300,北斗星通,12402.0
2021-03-24,002739,SELL,18.47,500,万达电影,9235.0
2021-03-24,600487,BUY,11.57,100,亨通光电,1157.0
2021-03-24,000766,BUY,3.79,400,通化金马,1516.0
2021-03-24,000566,BUY,5.89,200,海南海药,1178.0
2021-03-25,603606,SELL,17.28,600,东方电缆,10368.0
2021-03-25,002378,BUY,5.66,1200,章源钨业,6792.0
2021-03-25,002151,BUY,43.09,100,北斗星通,4309.0
2021-03-25,000938,BUY,19.33,300,紫光股份,5799.0
2021-03-26,300013,BUY,5.13,100,新宁物流,513.0
2021-03-30,603589,SELL,51.81,900,口子窖,46629.0
2021-03-30,300285,SELL,41.48,800,国瓷材料,33184.0
2021-03-30,300570,SELL,14.33,2700,太辰光,38691.0
2021-03-31,000858,SELL,222.36,100,五粮液,22236.0
2021-03-31,000657,BUY,5.66,20900,中钨高新,118294.0
2021-04-01,002151,SELL,42.62,400,北斗星通,17048.0
2021-04-01,002378,SELL,6.2,1200,章源钨业,7440.0
2021-04-01,300293,BUY,14.18,1500,蓝英装备,21270.0
2021-04-01,000977,BUY,27.11,800,浪潮信息,21688.0
2021-04-02,300394,SELL,8.01,200,天孚通信,1602.0
2021-04-02,600419,BUY,13.37,300,天润乳业,4011.0
2021-04-06,300502,SELL,11.27,2900,新易盛,32683.0
2021-04-06,300059,SELL,16.24,200,东方财富,3248.0
2021-04-06,601899,BUY,9.0,100,紫金矿业,900.0
2021-04-06,000766,BUY,3.85,400,通化金马,1540.0
2021-04-06,000930,BUY,8.17,100,中粮科技,817.0
2021-04-07,002156,SELL,21.41,9100,通富微电,194831.0
2021-04-07,000938,SELL,19.41,400,紫光股份,7764.0
2021-04-07,002309,BUY,4.89,7000,中利集团,34230.0
2021-04-07,601577,BUY,7.8,4300,长沙银行,33540.0
2021-04-07,000766,BUY,3.9,8700,通化金马,33930.0
2021-04-07,000657,BUY,6.19,5500,中钨高新,34045.0
2021-04-07,002475,BUY,33.53,1000,立讯精密,33530.0
2021-04-07,002842,BUY,9.84,3400,翔鹭钨业,33456.0
2021-04-07,300013,BUY,5.12,6600,新宁物流,33792.0
2021-04-09,000566,SELL,6.8,34200,海南海药,232560.0
2021-04-09,000930,SELL,8.43,300,中粮科技,2529.0
2021-04-12,002991,SELL,71.33,400,甘源食品,28532.0
2021-04-12,600988,SELL,15.15,200,赤峰黄金,3030.0
2021-04-12,603993,SELL,5.12,1000,洛阳钼业,5120.0
2021-04-12,002300,BUY,4.9,48000,太阳电缆,235200.0
2021-04-13,600010,BUY,1.56,23600,包钢股份,36816.0
2021-04-14,000657,SELL,5.89,26400,中钨高新,155496.0
2021-04-15,002498,BUY,3.49,44500,汉缆股份,155305.0
2021-04-16,601188,BUY,2.46,100,龙江交通,246.0
2021-04-19,000766,SELL,4.11,9500,通化金马,39045.0
2021-04-20,603606,BUY,17.76,2200,东方电缆,39072.0
2021-04-21,002475,SELL,35.18,1100,立讯精密,38698.0
2021-04-22,601899,SELL,9.4,600,紫金矿业,5640.0
2021-04-22,002309,SELL,4.8,7000,中利集团,33600.0
2021-04-22,002842,SELL,9.83,3400,翔鹭钨业,33422.0
2021-04-22,002300,SELL,4.83,48000,太阳电缆,231840.0
2021-04-22,600522,BUY,10.07,3800,中天科技,38266.0
2021-04-22,688256,BUY,87.59,400,寒武纪,35036.0
2021-04-22,000063,BUY,27.06,1400,中兴通讯,37884.0
2021-04-22,000566,BUY,6.48,5900,海南海药,38232.0
2021-04-22,002151,BUY,41.59,900,北斗星通,37431.0
2021-04-22,000858,BUY,225.03,100,五粮液,22503.0
2021-04-22,000938,BUY,17.79,2100,紫光股份,37359.0
2021-04-22,000977,BUY,27.06,1400,浪潮信息,37884.0
2021-04-22,002156,BUY,20.16,1900,通富微电,38304.0
2021-04-23,600396,BUY,2.51,8000,华电辽能,20080.0
2021-04-26,000063,SELL,26.71,7400,中兴通讯,197654.0
2021-04-26,300013,SELL,5.48,7300,新宁物流,40004.0
2021-04-26,000566,SELL,6.45,5900,海南海药,38055.0
2021-04-27,603606,SELL,17.86,2200,东方电缆,39292.0
2021-04-27,000858,SELL,233.85,100,五粮液,23385.0
2021-04-27,300308,BUY,22.74,8400,中际旭创,191016.0
2021-04-27,600339,BUY,2.66,21800,中油工程,57988.0
2021-04-27,000848,BUY,5.59,14600,承德露露,81614.0
2021-04-28,002131,BUY,2.48,3200,利欧股份,7936.0
2021-04-29,000848,SELL,5.54,14600,承德露露,80884.0
2021-04-30,002465,BUY,9.26,8700,海格通信,80562.0
2021-05-06,000977,SELL,25.9,2200,浪潮信息,56980.0
2021-05-07,600419,BUY,12.91,4400,天润乳业,56804.0
2021-05-11,600176,SELL,13.06,7700,中国巨石,100562.0
2021-05-11,601188,SELL,2.62,100,龙江交通,262.0
2021-05-12,600010,SELL,1.83,23600,包钢股份,43188.0
2021-05-12,300476,BUY,21.73,4600,胜宏科技,99958.0
2021-05-13,000938,BUY,17.88,2400,紫光股份,42912.0
2021-05-14,300293,SELL,12.88,1500,蓝英装备,19320.0
2021-05-14,600339,SELL,2.71,21800,中油工程,59078.0
2021-05-14,002739,BUY,16.64,100,万达电影,1664.0
2021-05-14,002465,BUY,9.25,100,海格通信,925.0
2021-05-14,603606,BUY,15.65,100,东方电缆,1565.0
2021-05-17,600176,BUY,13.77,5500,中国巨石,75735.0
2021-05-18,600396,SELL,2.54,8000,华电辽能,20320.0
2021-05-19,300308,SELL,24.78,8500,中际旭创,210630.0
2021-05-19,002639,BUY,7.12,2800,雪人集团,19936.0
2021-05-19,000938,BUY,18.32,1100,紫光股份,20152.0
2021-05-19,000657,BUY,6.45,3100,中钨高新,19995.0
2021-05-19,000063,BUY,26.69,700,中兴通讯,18683.0
2021-05-19,000766,BUY,4.71,4300,通化金马,20253.0
2021-05-19,000848,BUY,6.11,3300,承德露露,20163.0
2021-05-19,000930,BUY,8.92,2300,中粮科技,20516.0
2021-05-19,000977,BUY,26.69,700,浪潮信息,18683.0
2021-05-19,002151,BUY,40.37,500,北斗星通,20185.0
2021-05-20,000938,SELL,17.97,5600,紫光股份,100632.0
2021-05-20,000657,SELL,6.02,3100,中钨高新,18662.0
2021-05-20,000063,SELL,26.66,700,中兴通讯,18662.0
2021-05-20,300285,BUY,48.69,1000,国瓷材料,48690.0
2021-05-20,002151,BUY,40.47,1300,北斗星通,52611.0
2021-05-20,002931,BUY,10.53,4900,锋龙股份,51597.0
2021-05-21,002465,SELL,9.2,8800,海格通信,80960.0
2021-05-21,000848,SELL,6.47,3300,承德露露,21351.0
2021-05-21,002991,BUY,61.55,600,甘源食品,36930.0
2021-05-21,002639,BUY,7.3,5100,雪人集团,37230.0
2021-05-21,002498,BUY,3.43,10900,汉缆股份,37387.0
2021-05-24,002151,SELL,41.34,2700,北斗星通,111618.0
2021-05-24,000930,SELL,8.71,2300,中粮科技,20033.0
2021-05-24,000977,SELL,28.26,700,浪潮信息,19782.0
2021-05-24,300285,SELL,47.7,1000,国瓷材料,47700.0
2021-05-24,002432,BUY,7.07,4000,九安医疗,28280.0
2021-05-24,000566,BUY,6.18,4600,海南海药,28428.0
2021-05-24,600900,BUY,15.81,1700,长江电力,26877.0
2021-05-24,002131,BUY,2.26,12500,利欧股份,28250.0
2021-05-24,000657,BUY,5.93,4700,中钨高新,27871.0
2021-05-24,601666,BUY,4.44,6400,平煤股份,28416.0
2021-05-24,688256,BUY,75.45,300,寒武纪,22635.0
2021-05-24,002156,BUY,18.12,1500,通富微电,27180.0
2021-05-25,002156,BUY,18.53,500,通富微电,9265.0
2021-05-26,002639,SELL,7.32,7900,雪人集团,57828.0
2021-05-26,000766,SELL,4.71,4300,通化金马,20253.0
2021-05-26,600010,BUY,1.61,200,包钢股份,322.0
2021-05-27,600419,SELL,13.34,4700,天润乳业,62698.0
2021-05-27,002842,BUY,9.12,8500,翔鹭钨业,77520.0
2021-05-28,601577,SELL,7.3,4300,长沙银行,31390.0
2021-05-28,002931,SELL,11.38,4900,锋龙股份,55762.0
2021-05-28,000566,SELL,6.02,4600,海南海药,27692.0
2021-05-28,600900,BUY,16.05,3900,长江电力,62595.0
2021-05-28,002739,BUY,16.91,3700,万达电影,62567.0
2021-05-28,000858,BUY,262.95,200,五粮液,52590.0
2021-05-31,688256,SELL,79.58,700,寒武纪,55706.0
2021-05-31,600176,SELL,14.37,5500,中国巨石,79035.0
2021-06-01,600487,SELL,11.51,100,亨通光电,1151.0
2021-06-01,000858,SELL,261.96,200,五粮液,52392.0
2021-06-01,002918,BUY,29.3,4600,蒙娜丽莎,134780.0
2021-06-02,002498,SELL,3.47,55400,汉缆股份,192238.0
2021-06-02,600522,SELL,9.78,3800,中天科技,37164.0
2021-06-02,002300,BUY,4.75,11300,太阳电缆,53675.0
2021-06-02,600339,BUY,2.69,20000,中油工程,53800.0
2021-06-02,000766,BUY,4.68,11500,通化金马,53820.0
2021-06-02,601600,BUY,4.84,11100,中国铝业,53724.0
2021-06-02,300013,BUY,5.12,10500,新宁物流,53760.0
2021-06-03,002131,SELL,2.25,15700,利欧股份,35325.0
2021-06-03,002739,SELL,16.98,3800,万达电影,64524.0
2021-06-03,603606,SELL,17.58,100,东方电缆,1758.0
2021-06-03,601666,SELL,5.26,6400,平煤股份,33664.0
2021-06-03,002918,BUY,29.79,400,蒙娜丽莎,11916.0
2021-06-03,600875,BUY,9.83,1400,东方电气,13762.0
2021-06-03,600050,BUY,3.7,3900,中国联通,14430.0
2021-06-03,000063,BUY,30.04,400,中兴通讯,12016.0
2021-06-03,002156,BUY,19.39,700,通富微电,13573.0
2021-06-03,000930,BUY,8.59,1600,中粮科技,13744.0
2021-06-03,000977,BUY,28.5,500,浪潮信息,14250.0
2021-06-03,002151,BUY,42.33,300,北斗星通,12699.0
2021-06-03,000657,BUY,6.06,2300,中钨高新,13938.0
2021-06-04,600594,BUY,5.72,5100,益佰制药,29172.0
2021-06-07,600900,SELL,16.11,5600,长江电力,90216.0
2021-06-07,000063,SELL,30.83,400,中兴通讯,12332.0
2021-06-07,002131,BUY,2.24,100,利欧股份,224.0
2021-06-07,600339,BUY,2.66,100,中油工程,266.0
2021-06-08,002991,SELL,60.81,600,甘源食品,36486.0
2021-06-08,002432,SELL,7.17,4000,九安医疗,28680.0
2021-06-08,002918,SELL,28.79,5000,蒙娜丽莎,143950.0
2021-06-08,002151,SELL,42.8,300,北斗星通,12840.0
2021-06-08,601899,BUY,9.81,10400,紫金矿业,102024.0
2021-06-08,600875,BUY,9.41,10800,东方电气,101628.0
2021-06-08,601600,BUY,4.67,21900,中国铝业,102273.0
2021-06-09,002156,SELL,21.18,4600,通富微电,97428.0
2021-06-09,000977,SELL,29.09,500,浪潮信息,14545.0
2021-06-09,002131,BUY,2.33,7800,利欧股份,18174.0
2021-06-09,600050,BUY,3.7,4900,中国联通,18130.0
2021-06-09,601611,BUY,6.89,2600,中国核建,17914.0
2021-06-09,000766,BUY,5.19,3500,通化金马,18165.0
2021-06-09,000938,BUY,21.86,800,紫光股份,17488.0
2021-06-09,000848,BUY,7.38,2400,承德露露,17712.0
2021-06-09,000930,BUY,8.58,2100,中粮科技,18018.0
2021-06-10,000930,BUY,8.3,500,中粮科技,4150.0
2021-06-11,000766,SELL,4.81,15000,通化金马,72150.0
2021-06-11,002131,SELL,2.3,7900,利欧股份,18170.0
2021-06-11,000848,SELL,6.95,2400,承德露露,16680.0
2021-06-11,600396,BUY,2.49,200,华电辽能,498.0
2021-06-11,000566,BUY,6.04,100,海南海药,604.0
2021-06-11,002309,BUY,5.35,100,中利集团,535.0
2021-06-11,000657,BUY,5.88,100,中钨高新,588.0
2021-06-15,600419,BUY,12.54,8400,天润乳业,105336.0
2021-06-16,600339,SELL,2.8,20100,中油工程,56280.0
2021-06-16,600050,SELL,3.85,8800,中国联通,33880.0
2021-06-16,002309,SELL,5.27,100,中利集团,527.0
2021-06-17,000938,SELL,22.18,800,紫光股份,17744.0
2021-06-17,601800,BUY,5.61,16100,中国交建,90321.0
2021-06-18,000566,BUY,5.9,3000,海南海药,17700.0
2021-06-21,601600,BUY,4.46,100,中国铝业,446.0
2021-06-25,600396,SELL,2.5,200,华电辽能,500.0
2021-06-28,000657,SELL,6.84,7100,中钨高新,48564.0
2021-06-28,601611,SELL,6.99,2600,中国核建,18174.0
2021-06-28,603993,BUY,4.78,100,洛阳钼业,478.0
2021-06-28,601600,BUY,4.97,100,中国铝业,497.0
2021-06-29,601800,SELL,5.69,16100,中国交建,91609.0
2021-06-29,000977,BUY,27.58,2400,浪潮信息,66192.0
2021-06-29,002739,BUY,15.01,4400,万达电影,66044.0
2021-06-30,601600,SELL,4.88,33200,中国铝业,162016.0
2021-06-30,600875,SELL,9.78,12200,东方电气,119316.0
2021-06-30,600594,BUY,5.64,4500,益佰制药,25380.0
2021-06-30,000063,BUY,30.45,800,中兴通讯,24360.0
2021-06-30,000657,BUY,7.42,3400,中钨高新,25228.0
2021-06-30,000566,BUY,5.85,4300,海南海药,25155.0
2021-06-30,000858,BUY,247.18,100,五粮液,24718.0
2021-06-30,000930,BUY,8.11,3100,中粮科技,25141.0
2021-06-30,000938,BUY,21.52,1100,紫光股份,23672.0
2021-06-30,000977,BUY,27.69,900,浪潮信息,24921.0
2021-06-30,002151,BUY,42.73,600,北斗星通,25638.0
2021-07-01,300476,SELL,20.59,4600,胜宏科技,94714.0
2021-07-01,000938,BUY,21.8,3700,紫光股份,80660.0
2021-07-01,002931,BUY,12.71,6500,锋龙股份,82615.0
2021-07-02,000858,SELL,237.34,100,五粮液,23734.0
2021-07-02,600988,BUY,14.76,900,赤峰黄金,13284.0
2021-07-02,601766,BUY,4.96,2800,中国中车,13888.0
2021-07-05,600339,BUY,2.64,4000,中油工程,10560.0
2021-07-06,600594,SELL,5.62,9600,益佰制药,53952.0
2021-07-06,002739,SELL,16.36,4400,万达电影,71984.0
2021-07-06,000657,SELL,8.45,3400,中钨高新,28730.0
2021-07-06,600010,BUY,1.56,100,包钢股份,156.0
2021-07-07,000063,BUY,28.56,5400,中兴通讯,154224.0
2021-07-08,002842,SELL,9.27,8500,翔鹭钨业,78795.0
2021-07-08,000938,SELL,23.01,4800,紫光股份,110448.0
2021-07-08,002131,BUY,2.24,200,利欧股份,448.0
2021-07-09,600498,BUY,16.94,11100,烽火通信,188034.0
2021-07-12,601611,BUY,6.74,100,中国核建,674.0
2021-07-13,000930,SELL,8.27,7300,中粮科技,60371.0
2021-07-13,603993,SELL,5.97,100,洛阳钼业,597.0
2021-07-13,600988,SELL,15.29,900,赤峰黄金,13761.0
2021-07-13,000766,BUY,5.02,100,通化金马,502.0
2021-07-14,601899,SELL,8.81,10400,紫金矿业,91624.0
2021-07-14,600900,BUY,16.49,4500,长江电力,74205.0
2021-07-14,600702,BUY,209.66,300,舍得酒业,62898.0
2021-07-15,600010,SELL,2.23,300,包钢股份,669.0
2021-07-15,002300,SELL,4.59,11300,太阳电缆,51867.0
2021-07-15,000766,SELL,5.06,100,通化金马,506.0
2021-07-15,000566,BUY,5.01,5800,海南海药,29058.0
2021-07-15,002432,BUY,6.57,4400,九安医疗,28908.0
2021-07-15,000858,BUY,235.36,100,五粮液,23536.0
2021-07-16,000063,SELL,32.87,6200,中兴通讯,203794.0
2021-07-16,002131,SELL,2.34,200,利欧股份,468.0
2021-07-16,601611,BUY,6.64,100,中国核建,664.0
2021-07-16,601766,BUY,4.91,100,中国中车,491.0
2021-07-16,600050,BUY,3.63,200,中国联通,726.0
2021-07-16,600339,BUY,2.58,300,中油工程,774.0
2021-07-16,601577,BUY,6.78,100,长沙银行,678.0
2021-07-19,600498,SELL,19.05,11100,烽火通信,211455.0
2021-07-19,002151,BUY,41.15,4900,北斗星通,201635.0
2021-07-19,300293,BUY,13.15,15300,蓝英装备,201195.0
2021-07-20,000977,SELL,30.67,3300,浪潮信息,101211.0
2021-07-20,002918,BUY,24.79,400,蒙娜丽莎,9916.0
2021-07-20,002432,BUY,6.64,1500,九安医疗,9960.0
2021-07-20,600900,BUY,16.31,600,长江电力,9786.0
2021-07-20,002475,BUY,42.11,200,立讯精密,8422.0
2021-07-20,002309,BUY,5.69,1800,中利集团,10242.0
2021-07-20,002498,BUY,3.35,3100,汉缆股份,10385.0
2021-07-20,000930,BUY,8.52,1200,中粮科技,10224.0
2021-07-20,000063,BUY,34.16,300,中兴通讯,10248.0
2021-07-20,000566,BUY,5.05,2000,海南海药,10100.0
2021-07-21,600702,SELL,240.45,300,舍得酒业,72135.0
2021-07-21,000930,SELL,8.48,1200,中粮科技,10176.0
2021-07-21,002156,BUY,22.13,1000,通富微电,22130.0
2021-07-21,002151,BUY,41.17,500,北斗星通,20585.0
2021-07-21,300308,BUY,23.86,900,中际旭创,21474.0
2021-07-21,300293,BUY,13.82,1600,蓝英装备,22112.0
2021-07-22,002309,BUY,6.89,2600,中利集团,17914.0
2021-07-23,600050,BUY,3.67,100,中国联通,367.0
2021-07-26,600050,SELL,3.58,300,中国联通,1074.0
2021-07-26,000063,SELL,33.13,300,中兴通讯,9939.0
2021-07-27,601766,SELL,4.91,2900,中国中车,14239.0
2021-07-27,002432,SELL,6.38,5900,九安医疗,37642.0
2021-07-27,002309,SELL,6.62,4400,中利集团,29128.0
2021-07-27,688256,BUY,72.97,100,寒武纪,7297.0
2021-07-27,002156,BUY,22.65,400,通富微电,9060.0
2021-07-27,601666,BUY,4.87,2200,平煤股份,10714.0
2021-07-27,002151,BUY,43.57,200,北斗星通,8714.0
2021-07-27,002991,BUY,43.54,200,甘源食品,8708.0
2021-07-27,300620,BUY,23.51,400,光库科技,9404.0
2021-07-27,002931,BUY,11.34,900,锋龙股份,10206.0
2021-07-27,000848,BUY,8.11,1300,承德露露,10543.0
2021-07-27,000938,BUY,27.54,400,紫光股份,11016.0
2021-07-28,601611,SELL,6.48,200,中国核建,1296.0
2021-07-28,002498,SELL,3.35,3100,汉缆股份,10385.0
2021-07-28,002739,BUY,13.45,400,万达电影,5380.0
2021-07-28,601577,BUY,6.3,1000,长沙银行,6300.0
2021-07-28,002918,BUY,21.44,300,蒙娜丽莎,6432.0
2021-07-29,002151,SELL,42.45,6200,北斗星通,263190.0
2021-07-29,300293,SELL,16.61,16900,蓝英装备,280709.0
2021-07-29,000938,SELL,26.26,400,紫光股份,10504.0
2021-07-30,300620,BUY,22.81,24300,光库科技,554283.0
2021-08-04,300308,SELL,29.94,900,中际旭创,26946.0
2021-08-05,600522,BUY,7.29,3700,中天科技,26973.0
2021-08-11,002475,SELL,40.74,200,立讯精密,8148.0
2021-08-11,002991,SELL,45.25,200,甘源食品,9050.0
2021-08-12,600900,SELL,16.65,5100,长江电力,84915.0
2021-08-12,600594,BUY,5.23,3300,益佰制药,17259.0
2021-08-12,600757,BUY,4.03,4200,长江传媒,16926.0
2021-08-12,002918,BUY,25.8,600,蒙娜丽莎,15480.0
2021-08-12,600419,BUY,11.54,1400,天润乳业,16156.0
2021-08-12,002131,BUY,2.31,7400,利欧股份,17094.0
2021-08-12,000930,BUY,7.94,2100,中粮科技,16674.0
2021-08-13,600800,BUY,4.28,600,渤海化学,2568.0
2021-08-16,002931,SELL,12.77,7400,锋龙股份,94498.0
2021-08-16,600339,SELL,2.61,4300,中油工程,11223.0
2021-08-16,601666,SELL,6.01,2200,平煤股份,13222.0
2021-08-16,600522,SELL,8.8,3700,中天科技,32560.0
2021-08-17,300013,SELL,4.05,10500,新宁物流,42525.0
2021-08-17,002918,SELL,25.0,1300,蒙娜丽莎,32500.0
2021-08-17,000657,BUY,9.23,16400,中钨高新,151372.0
2021-08-18,300620,SELL,24.04,24700,光库科技,593788.0
2021-08-18,000848,SELL,10.8,1300,承德露露,14040.0
2021-08-18,000063,BUY,32.27,2100,中兴通讯,67767.0
2021-08-18,000566,BUY,4.7,16000,海南海药,75200.0
2021-08-18,000657,BUY,9.41,7900,中钨高新,74339.0
2021-08-18,000766,BUY,4.83,15500,通化金马,74865.0
2021-08-18,000858,BUY,191.92,300,五粮液,57576.0
2021-08-18,000930,BUY,7.89,9500,中粮科技,74955.0
2021-08-18,000938,BUY,24.47,3000,紫光股份,73410.0
2021-08-18,000977,BUY,29.66,2500,浪潮信息,74150.0
2021-08-18,002151,BUY,44.3,1600,北斗星通,70880.0
2021-08-19,000063,BUY,33.26,1100,中兴通讯,36586.0
2021-08-20,002739,SELL,13.23,400,万达电影,5292.0
2021-08-20,000930,SELL,7.8,11600,中粮科技,90480.0
2021-08-20,002151,SELL,45.38,1600,北斗星通,72608.0
2021-08-20,002309,BUY,5.68,500,中利集团,2840.0
2021-08-20,000657,BUY,9.3,300,中钨高新,2790.0
2021-08-20,002396,BUY,20.86,100,星网锐捷,2086.0
2021-08-20,300308,BUY,26.42,100,中际旭创,2642.0
2021-08-20,300394,BUY,10.37,300,天孚通信,3111.0
2021-08-20,002436,BUY,13.51,200,兴森科技,2702.0
2021-08-20,000848,BUY,10.34,300,承德露露,3102.0
2021-08-20,000063,BUY,32.62,100,中兴通讯,3262.0
2021-08-23,600757,SELL,4.03,4200,长江传媒,16926.0
2021-08-23,600487,BUY,12.29,12100,亨通光电,148709.0
2021-08-24,300059,BUY,21.95,700,东方财富,15365.0
2021-08-25,601577,SELL,6.94,1100,长沙银行,7634.0
2021-08-25,300570,BUY,16.5,100,太辰光,1650.0
2021-08-25,002396,BUY,19.81,100,星网锐捷,1981.0
2021-08-25,600594,BUY,5.12,300,益佰制药,1536.0
2021-08-26,000657,SELL,10.58,24600,中钨高新,260268.0
2021-08-26,002436,SELL,14.66,200,兴森科技,2932.0
2021-08-26,300394,BUY,9.46,400,天孚通信,3784.0
2021-08-26,002624,BUY,12.17,300,完美世界,3651.0
2021-08-26,002309,BUY,6.14,700,中利集团,4298.0
2021-08-26,000977,BUY,28.57,100,浪潮信息,2857.0
2021-08-26,000930,BUY,8.11,500,中粮科技,4055.0
2021-08-26,000063,BUY,31.25,100,中兴通讯,3125.0
2021-08-26,000566,BUY,4.99,800,海南海药,3992.0
2021-08-27,000848,SELL,10.3,300,承德露露,3090.0
2021-08-27,600988,BUY,14.71,16400,赤峰黄金,241244.0
2021-08-30,000977,BUY,29.95,100,浪潮信息,2995.0
2021-08-31,002131,SELL,2.33,7400,利欧股份,17242.0
2021-08-31,000566,BUY,4.83,100,海南海药,483.0
2021-09-01,600594,SELL,5.3,3600,益佰制药,19080.0
2021-09-01,600800,SELL,4.47,600,渤海化学,2682.0
2021-09-01,000063,BUY,31.09,500,中兴通讯,15545.0
2021-09-01,002156,BUY,20.27,800,通富微电,16216.0
2021-09-02,000930,SELL,8.5,500,中粮科技,4250.0
2021-09-02,000938,BUY,23.16,300,紫光股份,6948.0
2021-09-02,002991,BUY,40.79,100,甘源食品,4079.0
2021-09-03,000766,BUY,4.44,100,通化金马,444.0
2021-09-06,002131,BUY,2.62,100,利欧股份,262.0
2021-09-07,002309,SELL,6.68,1200,中利集团,8016.0
2021-09-08,600419,SELL,11.91,9800,天润乳业,116718.0
2021-09-08,600988,SELL,15.44,16400,赤峰黄金,253216.0
2021-09-08,000766,BUY,4.5,1700,通化金马,7650.0
2021-09-08,688256,BUY,62.11,100,寒武纪,6211.0
2021-09-08,600522,BUY,8.65,900,中天科技,7785.0
2021-09-08,002396,BUY,20.21,300,星网锐捷,6063.0
2021-09-08,000657,BUY,9.71,800,中钨高新,7768.0
2021-09-08,000848,BUY,11.38,700,承德露露,7966.0
2021-09-08,000930,BUY,8.84,900,中粮科技,7956.0
2021-09-08,000938,BUY,25.04,300,紫光股份,7512.0
2021-09-08,000977,BUY,30.56,200,浪潮信息,6112.0
2021-09-09,002624,SELL,13.65,300,完美世界,4095.0
2021-09-09,002131,SELL,2.74,100,利欧股份,274.0
2021-09-09,000063,BUY,31.95,6800,中兴通讯,217260.0
2021-09-09,000938,BUY,24.99,3900,紫光股份,97461.0
2021-09-10,000566,SELL,4.86,32100,海南海药,156006.0
2021-09-10,600487,SELL,13.16,12100,亨通光电,159236.0
2021-09-10,300059,SELL,24.19,700,东方财富,16933.0
2021-09-10,600522,SELL,8.17,900,中天科技,7353.0
2021-09-10,000848,SELL,10.89,700,承德露露,7623.0
2021-09-10,000930,SELL,8.92,900,中粮科技,8028.0
2021-09-10,600498,BUY,18.03,100,烽火通信,1803.0
2021-09-10,000938,BUY,25.24,100,紫光股份,2524.0
2021-09-10,002131,BUY,2.73,900,利欧股份,2457.0
2021-09-10,000766,BUY,4.46,500,通化金马,2230.0
2021-09-13,000938,SELL,24.37,7600,紫光股份,185212.0
2021-09-13,000977,SELL,29.6,2900,浪潮信息,85840.0
2021-09-13,002991,SELL,41.57,100,甘源食品,4157.0
2021-09-13,002131,SELL,2.87,900,利欧股份,2583.0
2021-09-13,002436,BUY,12.66,15100,兴森科技,191166.0
2021-09-13,002475,BUY,34.1,7400,立讯精密,252340.0
2021-09-13,000063,BUY,31.51,5100,中兴通讯,160701.0
2021-09-14,002156,SELL,19.81,2200,通富微电,43582.0
2021-09-14,000063,SELL,30.89,15800,中兴通讯,488062.0
2021-09-14,300293,BUY,14.59,1500,蓝英装备,21885.0
2021-09-14,000566,BUY,4.91,4500,海南海药,22095.0
2021-09-14,000766,BUY,4.46,5000,通化金马,22300.0
2021-09-14,000657,BUY,9.59,2300,中钨高新,22057.0
2021-09-14,002151,BUY,40.98,500,北斗星通,20490.0
2021-09-14,000930,BUY,8.85,2500,中粮科技,22125.0
2021-09-14,000938,BUY,23.74,900,紫光股份,21366.0
2021-09-14,000977,BUY,29.26,700,浪潮信息,20482.0
2021-09-14,002131,BUY,2.77,8000,利欧股份,22160.0
2021-09-14,002300,BUY,6.13,3600,太阳电缆,22068.0
2021-09-15,000566,SELL,4.88,4500,海南海药,21960.0
2021-09-15,000930,SELL,9.26,2500,中粮科技,23150.0
2021-09-15,002131,SELL,2.77,8000,利欧股份,22160.0
2021-09-15,300285,BUY,40.18,6500,国瓷材料,261170.0
2021-09-15,600498,BUY,17.79,4700,烽火通信,83613.0
2021-09-16,000657,BUY,9.42,6300,中钨高新,59346.0
2021-09-22,300570,SELL,16.73,100,太辰光,1673.0
2021-09-23,002436,BUY,12.09,100,兴森科技,1209.0
2021-09-24,002300,BUY,5.62,100,太阳电缆,562.0
2021-09-28,000938,SELL,24.13,900,紫光股份,21717.0
2021-09-29,002475,SELL,34.8,7400,立讯精密,257520.0
2021-09-29,000566,BUY,4.44,4800,海南海药,21312.0
2021-09-29,002174,BUY,11.42,1900,游族网络,21698.0
2021-09-29,002735,BUY,12.5,1700,王子新材,21250.0
2021-09-29,601766,BUY,5.31,4000,中国中车,21240.0
2021-09-29,603993,BUY,5.38,4000,洛阳钼业,21520.0
2021-09-29,603551,BUY,7.05,3000,奥普科技,21150.0
2021-09-29,002842,BUY,8.88,2400,翔鹭钨业,21312.0
2021-09-29,600050,BUY,3.55,6100,中国联通,21655.0
2021-09-29,600010,BUY,3.05,7100,包钢股份,21655.0
2021-09-29,002465,BUY,9.72,2200,海格通信,21384.0
2021-09-30,000848,BUY,9.7,6700,承德露露,64990.0
2021-10-12,000858,SELL,192.21,400,五粮液,76884.0
2021-10-13,000848,BUY,9.54,8000,承德露露,76320.0
2021-10-14,300308,SELL,24.47,100,中际旭创,2447.0
2021-10-14,002498,BUY,4.03,100,汉缆股份,403.0
2021-10-14,601600,BUY,6.53,100,中国铝业,653.0
2021-10-14,600800,BUY,4.56,100,渤海化学,456.0
2021-10-14,600757,BUY,4.15,100,长江传媒,415.0
2021-10-14,002309,BUY,6.06,100,中利集团,606.0
2021-10-15,600498,SELL,17.93,4800,烽火通信,86064.0
2021-10-15,300285,SELL,42.9,6500,国瓷材料,278850.0
2021-10-15,000766,BUY,3.95,100,通化金马,395.0
2021-10-15,000566,BUY,4.42,100,海南海药,442.0
2021-10-15,002131,BUY,2.26,200,利欧股份,452.0
2021-10-15,002300,BUY,5.37,100,太阳电缆,537.0
2021-10-18,600096,BUY,21.34,17000,云天化,362780.0
2021-10-19,601188,BUY,2.86,300,龙江交通,858.0
2021-10-20,000657,SELL,10.72,9400,中钨高新,100768.0
2021-10-21,000977,SELL,29.6,700,浪潮信息,20720.0
2021-10-21,002735,SELL,12.55,1700,王子新材,21335.0
2021-10-21,002396,BUY,16.72,6000,星网锐捷,100320.0
2021-10-22,002436,SELL,12.5,15200,兴森科技,190000.0
2021-10-22,002174,SELL,12.61,1900,游族网络,23959.0
2021-10-22,300502,BUY,10.77,3900,新易盛,42003.0
2021-10-22,300394,BUY,8.53,4900,天孚通信,41797.0
2021-10-22,002918,BUY,21.26,2000,蒙娜丽莎,42520.0
2021-10-22,300059,BUY,22.68,1800,东方财富,40824.0
2021-10-22,000848,BUY,9.26,4500,承德露露,41670.0
2021-10-22,601800,BUY,6.5,6500,中国交建,42250.0
2021-10-25,300308,BUY,23.3,200,中际旭创,4660.0
2021-10-26,300013,BUY,3.9,100,新宁物流,390.0
2021-10-27,600096,SELL,24.39,17000,云天化,414630.0
2021-10-27,002131,BUY,2.23,100,利欧股份,223.0
2021-10-28,002735,BUY,12.12,34200,王子新材,414504.0
2021-10-29,300293,SELL,13.29,1500,蓝英装备,19935.0
2021-10-29,600396,BUY,2.43,100,华电辽能,243.0
2021-11-01,601666,BUY,6.2,3200,平煤股份,19840.0
2021-11-02,300394,SELL,9.38,5600,天孚通信,52528.0
2021-11-03,002498,SELL,4.1,100,汉缆股份,410.0
2021-11-03,600339,BUY,2.93,17900,中油工程,52447.0
2021-11-04,603993,BUY,5.17,100,洛阳钼业,517.0
2021-11-08,688256,SELL,54.92,200,寒武纪,10984.0
2021-11-08,002300,SELL,5.51,3800,太阳电缆,20938.0
2021-11-08,002309,SELL,5.7,100,中利集团,570.0
2021-11-08,601188,SELL,2.88,300,龙江交通,864.0
2021-11-08,300308,SELL,24.5,200,中际旭创,4900.0
2021-11-09,002396,SELL,17.61,6500,星网锐捷,114465.0
2021-11-09,601577,BUY,6.21,6100,长沙银行,37881.0
2021-11-09,000566,BUY,4.05,9400,海南海药,38070.0
2021-11-09,601899,BUY,9.48,4000,紫金矿业,37920.0
2021-11-09,601600,BUY,5.04,7600,中国铝业,38304.0
2021-11-10,002131,BUY,2.2,200,利欧股份,440.0
2021-11-11,000848,SELL,8.71,19200,承德露露,167232.0
2021-11-12,002151,SELL,39.76,500,北斗星通,19880.0
2021-11-12,603551,SELL,7.3,3000,奥普科技,21900.0
2021-11-12,601728,BUY,3.43,48800,中国电信,167384.0
2021-11-15,000566,SELL,4.6,14300,海南海药,65780.0
2021-11-15,600757,SELL,4.13,100,长江传媒,413.0
2021-11-15,300059,SELL,24.11,1800,东方财富,43398.0
2021-11-15,300013,SELL,4.33,100,新宁物流,433.0
2021-11-15,600096,BUY,19.2,2100,云天化,40320.0
2021-11-15,600702,BUY,173.85,200,舍得酒业,34770.0
2021-11-15,600396,BUY,2.41,17300,华电辽能,41693.0
2021-11-16,000858,BUY,177.68,100,五粮液,17768.0
2021-11-17,000766,SELL,4.04,22900,通化金马,92516.0
2021-11-17,300502,SELL,11.08,3900,新易盛,43212.0
2021-11-17,002918,SELL,19.57,2000,蒙娜丽莎,39140.0
2021-11-17,002735,SELL,14.13,34200,王子新材,483246.0
2021-11-17,600339,BUY,2.74,6300,中油工程,17262.0
2021-11-17,601666,BUY,5.57,3100,平煤股份,17267.0
2021-11-17,000657,BUY,10.47,1600,中钨高新,16752.0
2021-11-17,000566,BUY,4.76,3600,海南海药,17136.0
2021-11-17,000063,BUY,29.58,500,中兴通讯,14790.0
2021-11-17,000930,BUY,10.35,1600,中粮科技,16560.0
2021-11-17,000938,BUY,27.07,600,紫光股份,16242.0
2021-11-17,000977,BUY,31.56,500,浪潮信息,15780.0
2021-11-17,002151,BUY,39.21,400,北斗星通,15684.0
2021-11-18,000566,SELL,4.58,3600,海南海药,16488.0
2021-11-18,000938,BUY,26.74,19700,紫光股份,526778.0
2021-11-19,601766,SELL,5.13,4000,中国中车,20520.0
2021-11-19,002465,SELL,9.47,2200,海格通信,20834.0
2021-11-19,000977,SELL,31.61,500,浪潮信息,15805.0
2021-11-19,000063,BUY,29.49,500,中兴通讯,14745.0
2021-11-19,000566,BUY,4.59,3800,海南海药,17442.0
2021-11-19,000657,BUY,11.35,1500,中钨高新,17025.0
2021-11-19,000930,BUY,10.49,1600,中粮科技,16784.0
2021-11-22,002842,SELL,9.47,2400,翔鹭钨业,22728.0
2021-11-22,002131,SELL,2.75,500,利欧股份,1375.0
2021-11-22,000657,SELL,12.49,3100,中钨高新,38719.0
2021-11-22,000930,SELL,10.51,3200,中粮科技,33632.0
2021-11-22,000848,BUY,8.6,1000,承德露露,8600.0
2021-11-22,000063,BUY,29.87,200,中兴通讯,5974.0
2021-11-22,000938,BUY,26.78,300,紫光股份,8034.0
2021-11-22,601600,BUY,4.9,1800,中国铝业,8820.0
2021-11-22,600050,BUY,3.47,2500,中国联通,8675.0
2021-11-22,601666,BUY,5.64,1500,平煤股份,8460.0
2021-11-22,600900,BUY,16.9,500,长江电力,8450.0
2021-11-22,600419,BUY,11.66,700,天润乳业,8162.0
2021-11-22,601577,BUY,6.23,1400,长沙银行,8722.0
2021-11-22,601800,BUY,6.17,1400,中国交建,8638.0
2021-11-23,000566,SELL,4.47,3800,海南海药,16986.0
2021-11-23,600096,BUY,19.18,1100,云天化,21098.0
2021-11-24,601728,SELL,3.49,48800,中国电信,170312.0
2021-11-24,000858,SELL,188.09,100,五粮液,18809.0
2021-11-24,000063,SELL,30.1,1200,中兴通讯,36120.0
2021-11-24,000848,BUY,8.71,2100,承德露露,18291.0
2021-11-24,600396,BUY,2.42,7600,华电辽能,18392.0
2021-11-24,600900,BUY,16.73,1100,长江电力,18403.0
2021-11-24,601800,BUY,6.24,2900,中国交建,18096.0
2021-11-24,601600,BUY,4.98,3700,中国铝业,18426.0
2021-11-24,600339,BUY,2.79,6600,中油工程,18414.0
2021-11-24,601577,BUY,6.27,2900,长沙银行,18183.0
2021-11-24,600419,BUY,11.66,1500,天润乳业,17490.0
2021-11-24,002151,BUY,39.47,400,北斗星通,15788.0
2021-11-24,000657,BUY,12.64,1400,中钨高新,17696.0
2021-11-25,600800,SELL,4.37,100,渤海化学,437.0
2021-11-25,601899,SELL,9.45,4000,紫金矿业,37800.0
2021-11-25,000938,SELL,24.71,20600,紫光股份,509026.0
2021-11-25,002991,BUY,48.64,1300,甘源食品,63232.0
2021-11-25,600988,BUY,16.56,3900,赤峰黄金,64584.0
2021-11-25,000657,BUY,13.34,4800,中钨高新,64032.0
2021-11-25,000566,BUY,4.57,14100,海南海药,64437.0
2021-11-25,000063,BUY,29.65,2100,中兴通讯,62265.0
2021-11-25,000858,BUY,186.85,300,五粮液,56055.0
2021-11-25,000930,BUY,10.43,6200,中粮科技,64666.0
2021-11-25,000977,BUY,32.97,1900,浪潮信息,62643.0
2021-11-25,002156,BUY,21.15,3000,通富微电,63450.0
2021-11-26,603993,SELL,5.37,4100,洛阳钼业,22017.0
2021-11-26,600010,SELL,3.01,7100,包钢股份,21371.0
2021-11-26,000657,SELL,14.06,6200,中钨高新,87172.0
2021-11-26,000977,SELL,32.18,1900,浪潮信息,61142.0
2021-11-26,000848,BUY,8.6,5400,承德露露,46440.0
2021-11-26,600176,BUY,15.13,3000,中国巨石,45390.0
2021-11-26,601800,BUY,6.17,7500,中国交建,46275.0
2021-11-26,600050,BUY,3.43,13500,中国联通,46305.0
2021-11-26,600900,BUY,16.51,2800,长江电力,46228.0
2021-11-29,600702,SELL,219.73,200,舍得酒业,43946.0
2021-11-29,000566,SELL,4.51,14100,海南海药,63591.0
2021-11-29,000858,SELL,188.35,300,五粮液,56505.0
2021-11-29,002156,SELL,19.88,3000,通富微电,59640.0
2021-11-29,600096,BUY,19.01,400,云天化,7604.0
2021-11-29,000938,BUY,25.06,300,紫光股份,7518.0
2021-11-29,000657,BUY,15.23,500,中钨高新,7615.0
2021-11-29,000930,BUY,10.33,700,中粮科技,7231.0
2021-11-29,000848,BUY,8.54,800,承德露露,6832.0
2021-11-29,002174,BUY,15.89,400,游族网络,6356.0
2021-11-29,002151,BUY,38.8,100,北斗星通,3880.0
2021-11-29,000977,BUY,31.89,200,浪潮信息,6378.0
2021-11-29,002131,BUY,2.32,3200,利欧股份,7424.0
2021-11-29,002378,BUY,7.19,1000,章源钨业,7190.0
2021-11-30,000930,SELL,10.51,6900,中粮科技,72519.0
2021-11-30,002174,SELL,15.23,400,游族网络,6092.0
2021-11-30,002378,SELL,6.71,1000,章源钨业,6710.0
2021-11-30,601666,BUY,5.74,28400,平煤股份,163016.0
2021-12-01,000657,SELL,13.39,500,中钨高新,6695.0
2021-12-01,000938,BUY,25.68,3300,紫光股份,84744.0
2021-12-02,000848,BUY,8.6,800,承德露露,6880.0
2021-12-03,600176,SELL,15.65,3000,中国巨石,46950.0
2021-12-03,601600,BUY,4.97,100,中国铝业,497.0
2021-12-03,601577,BUY,6.26,100,长沙银行,626.0
2021-12-06,601899,BUY,9.13,5000,紫金矿业,45650.0
2021-12-07,601800,SELL,6.99,18300,中国交建,127917.0
2021-12-07,600396,SELL,2.47,25000,华电辽能,61750.0
2021-12-07,601666,SELL,6.45,36200,平煤股份,233490.0
2021-12-07,000977,SELL,31.81,200,浪潮信息,6362.0
2021-12-07,601577,BUY,6.26,100,长沙银行,626.0
2021-12-07,002131,BUY,2.3,300,利欧股份,690.0
2021-12-07,000566,BUY,4.31,100,海南海药,431.0
2021-12-08,002174,BUY,14.69,11400,游族网络,167466.0
2021-12-08,002131,BUY,2.29,63300,利欧股份,144957.0
2021-12-08,000566,BUY,4.36,23300,海南海药,101588.0
2021-12-09,600339,SELL,2.8,30800,中油工程,86240.0
2021-12-09,600419,SELL,12.09,2200,天润乳业,26598.0
2021-12-09,000566,BUY,4.36,3300,海南海药,14388.0
2021-12-09,000930,BUY,10.03,1400,中粮科技,14042.0
2021-12-09,002151,BUY,39.11,300,北斗星通,11733.0
2021-12-09,601869,BUY,29.12,500,长飞光纤,14560.0
2021-12-09,002991,BUY,50.35,200,甘源食品,10070.0
2021-12-09,600487,BUY,14.62,1000,亨通光电,14620.0
2021-12-09,600988,BUY,16.03,900,赤峰黄金,14427.0
2021-12-09,002309,BUY,7.91,1800,中利集团,14238.0
2021-12-09,600522,BUY,15.76,900,中天科技,14184.0
2021-12-10,601600,SELL,5.89,13300,中国铝业,78337.0
2021-12-10,000063,BUY,29.6,100,中兴通讯,2960.0
2021-12-10,002131,BUY,2.32,2200,利欧股份,5104.0
2021-12-10,601188,BUY,3.05,1700,龙江交通,5185.0
2021-12-10,603551,BUY,7.39,700,奥普科技,5173.0
2021-12-10,300570,BUY,15.76,300,太辰光,4728.0
2021-12-10,002739,BUY,14.68,300,万达电影,4404.0
2021-12-10,000938,BUY,25.13,200,紫光股份,5026.0
2021-12-10,601118,BUY,5.25,900,海南橡胶,4725.0
2021-12-10,600050,BUY,3.46,1500,中国联通,5190.0
2021-12-10,002281,BUY,22.12,200,光迅科技,4424.0
2021-12-13,601577,SELL,6.27,10600,长沙银行,66462.0
2021-12-13,000848,SELL,9.55,10100,承德露露,96455.0
2021-12-13,002991,SELL,55.96,1500,甘源食品,83940.0
2021-12-13,603551,SELL,7.26,700,奥普科技,5082.0
2021-12-13,603606,BUY,41.85,800,东方电缆,33480.0
2021-12-13,000566,BUY,4.27,8500,海南海药,36295.0
2021-12-13,000657,BUY,12.36,2900,中钨高新,35844.0
2021-12-13,000766,BUY,4.1,8900,通化金马,36490.0
2021-12-13,000063,BUY,30.3,1200,中兴通讯,36360.0
2021-12-13,002156,BUY,20.28,1800,通富微电,36504.0
2021-12-13,000938,BUY,24.01,1500,紫光股份,36015.0
2021-12-13,002131,BUY,2.33,15700,利欧股份,36581.0
2021-12-14,002739,SELL,14.55,300,万达电影,4365.0
2021-12-14,002309,BUY,7.82,100,中利集团,782.0
2021-12-14,600800,BUY,4.4,200,渤海化学,880.0
2021-12-15,000063,SELL,30.64,3400,中兴通讯,104176.0
2021-12-15,600800,SELL,4.44,200,渤海化学,888.0
2021-12-15,600988,BUY,15.48,200,赤峰黄金,3096.0
2021-12-15,601869,BUY,29.24,100,长飞光纤,2924.0
2021-12-15,600900,BUY,18.45,100,长江电力,1845.0
2021-12-15,000766,BUY,4.07,900,通化金马,3663.0
2021-12-15,000566,BUY,4.33,800,海南海药,3464.0
2021-12-15,002156,BUY,19.93,100,通富微电,1993.0
2021-12-15,000977,BUY,34.68,100,浪潮信息,3468.0
2021-12-15,002131,BUY,2.32,1500,利欧股份,3480.0
2021-12-15,002174,BUY,14.6,200,游族网络,2920.0
2021-12-16,002151,SELL,39.19,1200,北斗星通,47028.0
2021-12-16,000977,SELL,34.55,100,浪潮信息,3455.0
2021-12-16,002131,BUY,2.36,34700,利欧股份,81892.0
2021-12-17,600522,SELL,17.46,900,中天科技,15714.0
2021-12-17,002174,BUY,14.78,3400,游族网络,50252.0
2021-12-20,600900,SELL,18.39,4500,长江电力,82755.0
2021-12-20,000566,BUY,4.43,3600,海南海药,15948.0
2021-12-20,601899,BUY,8.94,1700,紫金矿业,15198.0
2021-12-20,601188,BUY,3.06,5200,龙江交通,15912.0
2021-12-20,601577,BUY,6.22,2500,长沙银行,15550.0
2021-12-20,603551,BUY,7.07,2200,奥普科技,15554.0
2021-12-20,000930,BUY,9.45,1600,中粮科技,15120.0
2021-12-21,601869,SELL,33.08,600,长飞光纤,19848.0
2021-12-21,000766,BUY,4.18,1200,通化金马,5016.0
2021-12-21,000938,BUY,21.04,200,紫光股份,4208.0
2021-12-21,002931,BUY,13.8,300,锋龙股份,4140.0
2021-12-21,300476,BUY,28.9,100,胜宏科技,2890.0
2021-12-21,000063,BUY,29.73,100,中兴通讯,2973.0
2021-12-21,000930,BUY,9.55,500,中粮科技,4775.0
2021-12-22,000657,BUY,12.37,100,中钨高新,1237.0
2021-12-23,600050,SELL,3.44,23600,中国联通,81184.0
2021-12-23,601188,SELL,3.06,6900,龙江交通,21114.0
2021-12-23,601577,SELL,6.27,2500,长沙银行,15675.0
2021-12-23,000063,SELL,30.17,100,中兴通讯,3017.0
2021-12-24,002131,SELL,2.35,120900,利欧股份,284115.0
2021-12-24,300570,SELL,16.0,300,太辰光,4800.0
2021-12-24,000766,SELL,4.61,11000,通化金马,50710.0
2021-12-24,603606,BUY,36.68,3200,东方电缆,117376.0
2021-12-24,000566,BUY,5.17,23400,海南海药,120978.0
2021-12-24,000657,BUY,11.65,9800,中钨高新,114170.0
2021-12-24,000938,BUY,21.24,3600,紫光股份,76464.0
2021-12-27,688256,BUY,61.29,500,寒武纪,30645.0
2021-12-28,000566,SELL,5.02,63000,海南海药,316260.0
2021-12-28,300476,SELL,30.24,100,胜宏科技,3024.0
2021-12-28,002300,BUY,6.48,100,太阳电缆,648.0
2021-12-28,603551,BUY,7.08,100,奥普科技,708.0
2021-12-28,000930,BUY,9.58,100,中粮科技,958.0
2021-12-28,002842,BUY,9.16,100,翔鹭钨业,916.0
2021-12-28,002309,BUY,6.84,100,中利集团,684.0
2021-12-29,600702,BUY,210.11,1500,舍得酒业,315165.0
2021-12-30,601766,BUY,5.18,200,中国中车,1036.0
2022-01-05,002281,SELL,22.5,200,光迅科技,4500.0
2022-01-05,603606,SELL,37.73,4000,东方电缆,150920.0
2022-01-06,002174,SELL,14.92,15000,游族网络,223800.0
2022-01-06,000930,SELL,9.93,3600,中粮科技,35748.0
2022-01-06,600487,SELL,14.76,1000,亨通光电,14760.0
2022-01-06,601118,SELL,5.23,900,海南橡胶,4707.0
2022-01-06,600875,BUY,19.01,8100,东方电气,153981.0
2022-01-06,000657,BUY,11.13,13900,中钨高新,154707.0
2022-01-06,000766,BUY,4.79,25000,通化金马,119750.0
2022-01-07,300476,BUY,27.15,200,胜宏科技,5430.0
2022-01-10,603551,SELL,7.23,2300,奥普科技,16629.0
2022-01-10,002300,SELL,6.9,100,太阳电缆,690.0
2022-01-10,002842,SELL,9.46,100,翔鹭钨业,946.0
2022-01-10,000766,SELL,4.7,25000,通化金马,117500.0
2022-01-10,000566,BUY,5.1,100,海南海药,510.0
2022-01-11,601766,SELL,5.3,200,中国中车,1060.0
2022-01-11,601611,BUY,9.14,14800,中国核建,135272.0
2022-01-12,000566,SELL,5.22,100,海南海药,522.0
2022-01-12,000657,BUY,11.13,100,中钨高新,1113.0
2022-01-13,000938,SELL,22.31,9100,紫光股份,203021.0
2022-01-13,601728,BUY,3.5,300,中国电信,1050.0
2022-01-13,002309,BUY,6.65,100,中利集团,665.0
2022-01-14,600396,BUY,3.11,65100,华电辽能,202461.0
2022-01-18,601899,SELL,8.92,6700,紫金矿业,59764.0
2022-01-19,002309,SELL,7.34,2100,中利集团,15414.0
2022-01-19,002931,SELL,14.12,300,锋龙股份,4236.0
2022-01-19,002991,BUY,57.36,1000,甘源食品,57360.0
2022-01-20,300308,BUY,27.02,800,中际旭创,21616.0
2022-01-21,601728,BUY,3.48,100,中国电信,348.0
2022-01-27,600988,SELL,13.98,5000,赤峰黄金,69900.0
2022-01-28,000566,BUY,4.59,15200,海南海药,69768.0
2022-02-09,002131,BUY,2.27,100,利欧股份,227.0
2022-02-11,601728,SELL,3.51,400,中国电信,1404.0
2022-02-14,000566,BUY,4.6,300,海南海药,1380.0
2022-02-15,601611,SELL,8.65,14800,中国核建,128020.0
2022-02-16,000848,BUY,8.4,15200,承德露露,127680.0
2022-02-17,300013,BUY,3.84,100,新宁物流,384.0
2022-02-22,600096,SELL,18.18,3600,云天化,65448.0
2022-02-22,600702,SELL,180.55,1500,舍得酒业,270825.0
2022-02-23,002156,SELL,18.4,1900,通富微电,34960.0
2022-02-23,688256,SELL,54.63,500,寒武纪,27315.0
2022-02-23,002991,SELL,60.42,1000,甘源食品,60420.0
2022-02-23,300308,SELL,26.55,800,中际旭创,21240.0
2022-02-23,000848,SELL,8.35,15200,承德露露,126920.0
2022-02-23,000063,BUY,27.71,3200,中兴通讯,88672.0
2022-02-23,000566,BUY,4.6,37900,海南海药,174340.0
2022-02-23,000657,BUY,10.56,14200,中钨高新,149952.0
2022-02-23,000766,BUY,4.76,36600,通化金马,174216.0
2022-02-24,000063,BUY,26.88,700,中兴通讯,18816.0
2022-02-25,000657,SELL,10.58,41000,中钨高新,433780.0
2022-02-25,000566,BUY,4.47,200,海南海药,894.0
2022-02-25,000766,BUY,4.73,200,通化金马,946.0
2022-02-25,000848,BUY,8.37,100,承德露露,837.0
2022-02-25,000930,BUY,9.45,100,中粮科技,945.0
2022-02-28,000766,SELL,4.73,36800,通化金马,174064.0
2022-02-28,000930,SELL,9.42,100,中粮科技,942.0
2022-02-28,000858,BUY,159.24,1800,五粮液,286632.0
2022-02-28,300059,BUY,18.24,16000,东方财富,291840.0
2022-03-01,600396,SELL,3.32,65100,华电辽能,216132.0
2022-03-01,000848,SELL,8.4,100,承德露露,840.0
2022-03-01,601728,BUY,3.36,8200,中国电信,27552.0
2022-03-01,601577,BUY,6.35,4300,长沙银行,27305.0
2022-03-01,000766,BUY,4.94,5600,通化金马,27664.0
2022-03-01,000858,BUY,161.91,100,五粮液,16191.0
2022-03-01,000063,BUY,27.08,1000,中兴通讯,27080.0
2022-03-01,000566,BUY,4.53,6100,海南海药,27633.0
2022-03-01,002151,BUY,36.94,700,北斗星通,25858.0
2022-03-01,002174,BUY,12.02,2300,游族网络,27646.0
2022-03-01,000977,BUY,32.42,800,浪潮信息,25936.0
2022-03-02,000063,BUY,26.92,400,中兴通讯,10768.0
2022-03-03,300476,SELL,26.86,200,胜宏科技,5372.0
2022-03-03,000766,SELL,5.11,5600,通化金马,28616.0
2022-03-03,002151,SELL,36.07,700,北斗星通,25249.0
2022-03-03,000977,SELL,31.5,800,浪潮信息,25200.0
2022-03-03,000657,BUY,10.17,100,中钨高新,1017.0
2022-03-03,000848,BUY,8.62,100,承德露露,862.0
2022-03-03,000566,BUY,4.66,200,海南海药,932.0
2022-03-03,002639,BUY,11.76,100,雪人集团,1176.0
2022-03-04,601800,BUY,8.4,9700,中国交建,81480.0
2022-03-07,000566,SELL,4.56,59900,海南海药,273144.0
2022-03-07,300013,SELL,3.91,100,新宁物流,391.0
2022-03-07,000657,SELL,9.81,100,中钨高新,981.0
2022-03-07,000848,SELL,8.31,100,承德露露,831.0
2022-03-07,002639,SELL,12.78,100,雪人集团,1278.0
2022-03-08,002300,BUY,5.77,47000,太阳电缆,271190.0
2022-03-09,002475,BUY,36.49,100,立讯精密,3649.0
2022-03-10,300502,BUY,12.21,100,新易盛,1221.0
2022-03-14,601577,BUY,5.91,100,长沙银行,591.0
2022-03-24,300059,SELL,17.3,16000,东方财富,276800.0
2022-03-25,601188,BUY,2.94,94100,龙江交通,276654.0
2022-03-28,002131,BUY,2.02,100,利欧股份,202.0
2022-03-29,002300,SELL,5.81,47000,太阳电缆,273070.0
2022-03-30,601728,SELL,3.27,8200,中国电信,26814.0
2022-03-30,002151,BUY,33.22,7400,北斗星通,245828.0
2022-03-31,300059,BUY,17.29,3100,东方财富,53599.0
2022-04-01,601800,SELL,7.98,9700,中国交建,77406.0
2022-04-01,300059,SELL,17.8,3100,东方财富,55180.0
2022-04-06,600522,BUY,15.21,8700,中天科技,132327.0
2022-04-07,603551,BUY,6.38,100,奥普科技,638.0
2022-04-08,002131,SELL,1.99,200,利欧股份,398.0
2022-04-08,601577,SELL,6.34,4400,长沙银行,27896.0
2022-04-08,002174,SELL,10.78,2300,游族网络,24794.0
2022-04-11,601600,BUY,4.98,10600,中国铝业,52788.0
2022-04-12,601188,SELL,3.11,94100,龙江交通,292651.0
2022-04-13,000063,BUY,20.28,14400,中兴通讯,292032.0
2022-04-14,000930,BUY,8.54,100,中粮科技,854.0
2022-04-15,002131,BUY,1.92,100,利欧股份,192.0
2022-04-18,000858,SELL,140.11,1900,五粮液,266209.0
2022-04-19,600050,BUY,3.1,85800,中国联通,265980.0
2022-04-20,002131,BUY,1.86,100,利欧股份,186.0
2022-05-05,000063,SELL,21.9,19700,中兴通讯,431430.0
2022-05-06,600522,SELL,14.55,8700,中天科技,126585.0
2022-05-06,601577,BUY,5.82,74100,长沙银行,431262.0
2022-05-06,000858,BUY,131.63,800,五粮液,105304.0
2022-05-09,600941,BUY,52.21,400,中国移动,20884.0
2022-05-10,002475,SELL,28.26,100,立讯精密,2826.0
2022-05-10,600339,BUY,2.7,200,中油工程,540.0
2022-05-10,000566,BUY,4.15,100,海南海药,415.0
2022-05-10,002131,BUY,1.64,300,利欧股份,492.0
2022-05-11,600900,BUY,19.06,100,长江电力,1906.0
2022-05-12,600875,SELL,11.69,8100,东方电气,94689.0
2022-05-13,000566,BUY,4.59,20600,海南海药,94554.0
2022-05-16,603551,SELL,6.12,100,奥普科技,612.0
2022-05-16,002131,BUY,1.65,100,利欧股份,165.0
2022-05-17,300502,SELL,9.26,100,新易盛,926.0
2022-05-17,600050,SELL,3.08,85800,中国联通,264264.0
2022-05-17,000566,SELL,4.31,20700,海南海药,89217.0
2022-05-17,002131,BUY,1.63,400,利欧股份,652.0
2022-05-18,000930,SELL,7.64,100,中粮科技,764.0
2022-05-18,600988,BUY,14.78,18000,赤峰黄金,266040.0
2022-05-19,002131,BUY,1.67,53300,利欧股份,89011.0
2022-05-20,002151,SELL,30.16,7400,北斗星通,223184.0
2022-05-20,600941,SELL,53.31,400,中国移动,21324.0
2022-05-23,601577,SELL,6.01,74100,长沙银行,445341.0
2022-05-23,600900,SELL,19.36,100,长江电力,1936.0
2022-05-23,000858,BUY,133.62,1800,五粮液,240516.0
2022-05-23,000977,BUY,24.88,9800,浪潮信息,243824.0
2022-05-23,002432,BUY,61.09,2900,九安医疗,177161.0
2022-05-24,601728,BUY,3.13,9700,中国电信,30361.0
2022-05-25,601600,SELL,4.58,10600,中国铝业,48548.0
2022-05-25,002131,SELL,1.69,54300,利欧股份,91767.0
2022-05-25,600339,SELL,2.81,200,中油工程,562.0
2022-05-26,300013,BUY,5.68,24800,新宁物流,140864.0
2022-05-30,601728,SELL,3.14,9700,中国电信,30458.0
2022-05-31,300308,BUY,22.71,1300,中际旭创,29523.0
2022-06-01,300013,BUY,5.44,100,新宁物流,544.0
2022-06-02,000858,SELL,142.27,2600,五粮液,369902.0
2022-06-02,600988,SELL,15.16,18000,赤峰黄金,272880.0
2022-06-02,300308,SELL,23.44,1300,中际旭创,30472.0
2022-06-02,000766,BUY,4.78,100,通化金马,478.0
2022-06-06,000766,SELL,4.81,100,通化金马,481.0
2022-06-06,002639,BUY,10.19,66000,雪人集团,672540.0
2022-06-07,000657,BUY,11.11,100,中钨高新,1111.0
2022-06-08,000657,SELL,10.94,100,中钨高新,1094.0
2022-06-09,300013,BUY,4.68,200,新宁物流,936.0
2022-06-10,000977,SELL,25.11,9800,浪潮信息,246078.0
2022-06-13,600396,BUY,3.05,80700,华电辽能,246135.0
2022-06-14,002131,BUY,1.75,100,利欧股份,175.0
2022-06-16,002639,SELL,10.94,66000,雪人集团,722040.0
2022-06-16,002131,SELL,1.79,100,利欧股份,179.0
2022-06-17,603551,BUY,6.15,117400,奥普科技,722010.0
2022-06-22,603551,SELL,6.09,117400,奥普科技,714966.0
2022-06-23,600396,SELL,3.26,80700,华电辽能,263082.0
2022-06-23,600900,BUY,19.53,36600,长江电力,714798.0
2022-06-23,002735,BUY,14.91,12300,王子新材,183393.0
2022-06-24,002432,SELL,56.5,2900,九安医疗,163850.0
2022-06-24,601600,BUY,4.37,18300,中国铝业,79971.0
2022-06-24,002465,BUY,8.75,9100,海格通信,79625.0
2022-06-24,601800,BUY,7.87,10100,中国交建,79487.0
2022-06-27,600419,BUY,12.22,300,天润乳业,3666.0
2022-06-28,300502,BUY,9.45,100,新易盛,945.0
2022-06-29,002131,BUY,1.88,100,利欧股份,188.0
2022-06-30,600419,SELL,12.9,300,天润乳业,3870.0
2022-06-30,002131,SELL,1.88,100,利欧股份,188.0
2022-07-01,601800,SELL,8.24,10100,中国交建,83224.0
2022-07-01,600900,BUY,20.56,100,长江电力,2056.0
2022-07-01,002735,BUY,14.56,200,王子新材,2912.0
2022-07-01,000848,BUY,8.16,500,承德露露,4080.0
2022-07-01,000766,BUY,5.23,700,通化金马,3661.0
2022-07-01,000657,BUY,11.62,300,中钨高新,3486.0
2022-07-01,002131,BUY,1.85,2200,利欧股份,4070.0
2022-07-01,002174,BUY,9.82,400,游族网络,3928.0
2022-07-01,002428,BUY,12.55,300,云南锗业,3765.0
2022-07-01,002436,BUY,10.98,300,兴森科技,3294.0
2022-07-04,000848,SELL,8.18,500,承德露露,4090.0
2022-07-04,002428,SELL,12.42,300,云南锗业,3726.0
2022-07-04,002436,SELL,10.94,300,兴森科技,3282.0
2022-07-04,000930,BUY,8.54,6500,中粮科技,55510.0
2022-07-05,000766,SELL,5.14,700,通化金马,3598.0
2022-07-05,601118,BUY,4.72,2400,海南橡胶,11328.0
2022-07-06,002131,SELL,1.88,2200,利欧股份,4136.0
2022-07-06,002174,SELL,9.42,400,游族网络,3768.0
2022-07-06,601666,BUY,9.94,300,平煤股份,2982.0
2022-07-06,002309,BUY,4.49,800,中利集团,3592.0
2022-07-06,603993,BUY,4.81,800,洛阳钼业,3848.0
2022-07-07,600900,SELL,20.37,36700,长江电力,747579.0
2022-07-07,000657,SELL,11.86,300,中钨高新,3558.0
2022-07-07,603123,BUY,12.37,100,翠微股份,1237.0
2022-07-07,002465,BUY,8.56,100,海格通信,856.0
2022-07-07,300013,BUY,4.42,300,新宁物流,1326.0
2022-07-07,300502,BUY,8.64,100,新易盛,864.0
2022-07-07,601600,BUY,4.3,300,中国铝业,1290.0
2022-07-07,300394,BUY,8.55,100,天孚通信,855.0
2022-07-08,002735,SELL,18.8,12500,王子新材,235000.0
2022-07-08,603993,BUY,5.09,145800,洛阳钼业,742122.0
2022-07-08,600941,BUY,49.16,3900,中国移动,191724.0
2022-07-11,300476,BUY,15.14,3100,胜宏科技,46934.0
2022-07-12,600050,BUY,3.05,100,中国联通,305.0
2022-07-18,300013,SELL,4.7,25400,新宁物流,119380.0
2022-07-19,000063,BUY,23.38,5100,中兴通讯,119238.0
2022-07-22,002465,SELL,8.82,9200,海格通信,81144.0
2022-07-22,300502,SELL,8.97,200,新易盛,1794.0
2022-07-22,300394,SELL,10.64,100,天孚通信,1064.0
2022-07-25,603993,SELL,4.97,146600,洛阳钼业,728602.0
2022-07-25,603551,BUY,6.09,13800,奥普科技,84042.0
2022-07-25,002432,BUY,48.15,1700,九安医疗,81855.0
2022-07-25,002991,BUY,53.52,1500,甘源食品,80280.0
2022-07-25,000977,BUY,23.85,3500,浪潮信息,83475.0
2022-07-25,000848,BUY,7.16,11700,承德露露,83772.0
2022-07-25,000930,BUY,7.96,10500,中粮科技,83580.0
2022-07-25,002428,BUY,11.61,7200,云南锗业,83592.0
2022-07-25,600176,BUY,13.67,6100,中国巨石,83387.0
2022-07-25,600800,BUY,3.99,21000,渤海化学,83790.0
2022-07-26,002309,SELL,4.86,800,中利集团,3888.0
2022-07-26,600941,SELL,50.47,3900,中国移动,196833.0
2022-07-26,000063,SELL,22.99,5100,中兴通讯,117249.0
2022-07-26,600800,SELL,4.01,21000,渤海化学,84210.0
2022-07-26,000858,BUY,162.47,400,五粮液,64988.0
2022-07-26,600702,BUY,172.87,300,舍得酒业,51861.0
2022-07-26,002739,BUY,12.23,5300,万达电影,64819.0
2022-07-26,603589,BUY,45.99,1400,口子窖,64386.0
2022-07-26,002475,BUY,30.36,2100,立讯精密,63756.0
2022-07-26,000566,BUY,4.41,14700,海南海药,64827.0
2022-07-26,002174,BUY,9.14,7100,游族网络,64894.0
2022-07-27,601800,BUY,7.58,3600,中国交建,27288.0
2022-07-28,002131,BUY,1.88,200,利欧股份,376.0
2022-08-01,603123,SELL,12.14,100,翠微股份,1214.0
2022-08-01,300476,SELL,17.09,3100,胜宏科技,52979.0
2022-08-01,603551,SELL,6.12,13800,奥普科技,84456.0
2022-08-02,601600,SELL,4.07,18600,中国铝业,75702.0
2022-08-02,002739,SELL,11.49,5300,万达电影,60897.0
2022-08-02,000938,BUY,17.7,7800,紫光股份,138060.0
2022-08-02,300620,BUY,26.38,5200,光库科技,137176.0
2022-08-03,002428,SELL,11.79,7200,云南锗业,84888.0
2022-08-03,002475,SELL,32.91,2100,立讯精密,69111.0
2022-08-04,600941,BUY,50.44,3000,中国移动,151320.0
2022-08-05,300620,SELL,30.94,5200,光库科技,160888.0
2022-08-05,002131,BUY,1.85,1400,利欧股份,2590.0
2022-08-05,600594,BUY,5.11,500,益佰制药,2555.0
2022-08-05,600522,BUY,21.41,100,中天科技,2141.0
2022-08-05,000848,BUY,6.94,300,承德露露,2082.0
2022-08-05,000566,BUY,4.24,600,海南海药,2544.0
2022-08-05,601728,BUY,3.15,800,中国电信,2520.0
2022-08-05,600396,BUY,2.85,900,华电辽能,2565.0
2022-08-05,600419,BUY,11.39,200,天润乳业,2278.0
2022-08-08,000977,BUY,24.95,5700,浪潮信息,142215.0
2022-08-09,600875,BUY,15.17,100,东方电气,1517.0
2022-08-10,002131,BUY,1.83,300,利欧股份,549.0
2022-08-11,601666,SELL,9.61,300,平煤股份,2883.0
2022-08-11,002991,SELL,56.57,1500,甘源食品,84855.0
2022-08-11,000977,SELL,24.9,9200,浪潮信息,229080.0
2022-08-12,600050,SELL,3.18,100,中国联通,318.0
2022-08-12,000566,SELL,4.52,15300,海南海药,69156.0
2022-08-12,600941,SELL,52.71,3000,中国移动,158130.0
2022-08-12,000766,BUY,4.84,65400,通化金马,316536.0
2022-08-12,002174,BUY,9.18,21700,游族网络,199206.0
2022-08-15,000930,SELL,8.22,17000,中粮科技,139740.0
2022-08-15,601728,SELL,3.2,800,中国电信,2560.0
2022-08-15,600339,BUY,2.77,10300,中油工程,28531.0
2022-08-15,600702,BUY,155.81,100,舍得酒业,15581.0
2022-08-15,600396,BUY,3.19,8900,华电辽能,28391.0
2022-08-15,600875,BUY,15.74,1800,东方电气,28332.0
2022-08-15,000566,BUY,4.47,6400,海南海药,28608.0
2022-08-15,000657,BUY,12.5,2200,中钨高新,27500.0
2022-08-16,600396,SELL,3.15,9800,华电辽能,30870.0
2022-08-16,600339,SELL,2.76,10300,中油工程,28428.0
2022-08-16,000848,BUY,6.91,2000,承德露露,13820.0
2022-08-16,600487,BUY,16.61,800,亨通光电,13288.0
2022-08-16,601800,BUY,7.02,2000,中国交建,14040.0
2022-08-16,002498,BUY,4.3,3200,汉缆股份,13760.0
2022-08-16,002131,BUY,1.86,7500,利欧股份,13950.0
2022-08-17,603589,SELL,46.22,1400,口子窖,64708.0
2022-08-17,600522,SELL,23.78,100,中天科技,2378.0
2022-08-17,600875,SELL,15.87,1900,东方电气,30153.0
2022-08-17,600487,SELL,16.59,800,亨通光电,13272.0
2022-08-17,603123,BUY,11.8,300,翠微股份,3540.0
2022-08-17,601188,BUY,2.77,1600,龙江交通,4432.0
2022-08-17,601611,BUY,7.86,500,中国核建,3930.0
2022-08-17,000766,BUY,4.83,900,通化金马,4347.0
2022-08-17,600594,BUY,5.22,800,益佰制药,4176.0
2022-08-17,600757,BUY,4.34,1000,长江传媒,4340.0
2022-08-17,000938,BUY,18.34,200,紫光股份,3668.0
2022-08-17,000977,BUY,24.25,100,浪潮信息,2425.0
2022-08-17,002131,BUY,1.89,2300,利欧股份,4347.0
2022-08-18,000657,SELL,11.74,2200,中钨高新,25828.0
2022-08-18,002739,BUY,11.62,6800,万达电影,79016.0
2022-08-19,601118,SELL,4.41,2400,海南橡胶,10584.0
2022-08-19,002174,SELL,9.14,28800,游族网络,263232.0
2022-08-19,002131,SELL,1.87,11700,利欧股份,21879.0
2022-08-19,000566,SELL,4.39,6400,海南海药,28096.0
2022-08-19,601188,SELL,2.75,1600,龙江交通,4400.0
2022-08-19,000977,SELL,23.58,100,浪潮信息,2358.0
2022-08-19,002300,BUY,7.35,3600,太阳电缆,26460.0
2022-08-19,300013,BUY,4.99,5300,新宁物流,26447.0
2022-08-19,002735,BUY,16.61,1600,王子新材,26576.0
2022-08-19,000858,BUY,147.73,100,五粮液,14773.0
2022-08-19,000848,BUY,6.84,3800,承德露露,25992.0
2022-08-19,000657,BUY,10.96,2400,中钨高新,26304.0
2022-08-19,002156,BUY,20.02,1300,通富微电,26026.0
2022-08-19,002151,BUY,31.4,800,北斗星通,25120.0
2022-08-19,002436,BUY,13.87,1900,兴森科技,26353.0
2022-08-22,002436,SELL,14.26,1900,兴森科技,27094.0
2022-08-22,002396,BUY,16.05,8200,星网锐捷,131610.0
2022-08-23,002498,SELL,4.47,3200,汉缆股份,14304.0
2022-08-23,000858,BUY,142.92,200,五粮液,28584.0
2022-08-24,600176,SELL,13.24,6100,中国巨石,80764.0
2022-08-24,603123,SELL,11.54,300,翠微股份,3462.0
2022-08-24,601611,SELL,7.63,500,中国核建,3815.0
2022-08-24,002156,SELL,18.82,1300,通富微电,24466.0
2022-08-24,002735,BUY,15.64,900,王子新材,14076.0
2022-08-24,300013,BUY,4.68,3000,新宁物流,14040.0
2022-08-24,002931,BUY,11.33,1200,锋龙股份,13596.0
2022-08-24,002428,BUY,11.01,1300,云南锗业,14313.0
2022-08-24,600010,BUY,2.07,6900,包钢股份,14283.0
2022-08-24,000657,BUY,10.36,1300,中钨高新,13468.0
2022-08-24,000063,BUY,22.33,600,中兴通讯,13398.0
2022-08-24,002300,BUY,7.03,2000,太阳电缆,14060.0
2022-08-24,000977,BUY,22.9,600,浪潮信息,13740.0
2022-08-25,000063,SELL,22.56,600,中兴通讯,13536.0
2022-08-25,000657,BUY,10.17,100,中钨高新,1017.0
2022-08-25,000566,BUY,4.24,400,海南海药,1696.0
2022-08-25,000848,BUY,7.11,200,承德露露,1422.0
2022-08-25,000766,BUY,4.86,300,通化金马,1458.0
2022-08-25,002300,BUY,6.91,200,太阳电缆,1382.0
2022-08-25,002174,BUY,8.82,200,游族网络,1764.0
2022-08-26,000977,BUY,22.95,200,浪潮信息,4590.0
2022-08-29,601800,SELL,7.07,5600,中国交建,39592.0
2022-08-29,300293,BUY,9.94,200,蓝英装备,1988.0
2022-08-29,002931,BUY,11.28,100,锋龙股份,1128.0
2022-08-29,002465,BUY,8.34,200,海格通信,1668.0
2022-08-29,002300,BUY,6.97,200,太阳电缆,1394.0
2022-08-29,002281,BUY,17.96,100,光迅科技,1796.0
2022-08-29,002436,BUY,12.43,100,兴森科技,1243.0
2022-08-29,300476,BUY,15.46,100,胜宏科技,1546.0
2022-08-30,000848,SELL,7.13,18000,承德露露,128340.0
2022-08-30,600757,SELL,5.03,1000,长江传媒,5030.0
2022-08-30,002432,BUY,48.39,600,九安医疗,29034.0
2022-08-30,300013,BUY,4.65,6600,新宁物流,30690.0
2022-08-30,000938,BUY,17.21,1700,紫光股份,29257.0
2022-08-30,600800,BUY,4.15,7400,渤海化学,30710.0
2022-08-30,300502,BUY,9.12,3300,新易盛,30096.0
2022-08-31,000063,BUY,22.88,600,中兴通讯,13728.0
2022-09-01,002432,SELL,48.96,2300,九安医疗,112608.0
2022-09-01,000766,SELL,4.77,66600,通化金马,317682.0
2022-09-01,300013,BUY,4.66,100,新宁物流,466.0
2022-09-01,601577,BUY,5.61,100,长沙银行,561.0
2022-09-01,600010,BUY,2.0,300,包钢股份,600.0
2022-09-02,600702,SELL,149.93,400,舍得酒业,59972.0
2022-09-02,603606,BUY,59.74,7100,东方电缆,424154.0
2022-09-05,600594,SELL,5.24,1300,益佰制药,6812.0
2022-09-05,600419,SELL,13.06,200,天润乳业,2612.0
2022-09-05,000566,BUY,4.38,14800,海南海药,64824.0
2022-09-06,600522,BUY,24.0,400,中天科技,9600.0
2022-09-08,002131,BUY,1.9,100,利欧股份,190.0
2022-09-09,002151,SELL,30.69,800,北斗星通,24552.0
2022-09-09,000566,SELL,4.37,15200,海南海药,66424.0
2022-09-09,600800,SELL,4.39,7400,渤海化学,32486.0
2022-09-09,603606,SELL,67.29,7100,东方电缆,477759.0
2022-09-09,600522,SELL,23.67,400,中天科技,9468.0
2022-09-13,300013,SELL,4.98,15000,新宁物流,74700.0
2022-09-13,002131,SELL,1.88,100,利欧股份,188.0
2022-09-13,000977,BUY,22.67,9500,浪潮信息,215365.0
2022-09-13,600010,BUY,2.05,151100,包钢股份,309755.0
2022-09-13,002396,BUY,15.05,3800,星网锐捷,57190.0
2022-09-14,002174,BUY,8.66,11900,游族网络,103054.0
2022-09-15,002739,SELL,11.27,6800,万达电影,76636.0
2022-09-15,000063,SELL,23.04,600,中兴通讯,13824.0
2022-09-16,000858,BUY,137.03,600,五粮液,82218.0
2022-09-19,002465,BUY,7.99,1000,海格通信,7990.0
2022-09-20,002498,BUY,4.03,100,汉缆股份,403.0
2022-09-29,601577,SELL,5.56,100,长沙银行,556.0
2022-09-30,603993,BUY,4.36,100,洛阳钼业,436.0
2022-10-11,000858,SELL,134.91,1300,五粮液,175383.0
2022-10-11,002131,BUY,1.69,100,利欧股份,169.0
2022-10-12,600875,BUY,20.15,8700,东方电气,175305.0
2022-10-19,000938,SELL,16.26,9700,紫光股份,157722.0
2022-10-19,000657,SELL,10.41,3800,中钨高新,39558.0
2022-10-19,002396,SELL,14.01,12000,星网锐捷,168120.0
2022-10-19,002931,SELL,10.18,1300,锋龙股份,13234.0
2022-10-19,002428,SELL,10.26,1300,云南锗业,13338.0
2022-10-19,300293,SELL,9.01,200,蓝英装备,1802.0
2022-10-19,002281,SELL,15.99,100,光迅科技,1599.0
2022-10-19,002436,SELL,10.29,100,兴森科技,1029.0
2022-10-19,300502,SELL,8.01,3300,新易盛,26433.0
2022-10-19,002498,SELL,4.12,100,汉缆股份,412.0
2022-10-19,002131,SELL,1.77,100,利欧股份,177.0
2022-10-20,002300,SELL,6.78,6000,太阳电缆,40680.0
2022-10-20,002465,SELL,7.96,1200,海格通信,9552.0
2022-10-20,600875,SELL,21.03,8700,东方电气,182961.0
2022-10-20,603993,BUY,3.95,73700,洛阳钼业,291115.0
2022-10-20,600900,BUY,19.53,13600,长江电力,265608.0
2022-10-20,000938,BUY,16.4,4100,紫光股份,67240.0
2022-10-21,000858,BUY,129.43,200,五粮液,25886.0
2022-10-24,000977,SELL,20.36,10300,浪潮信息,209708.0
2022-10-24,002174,SELL,7.6,12100,游族网络,91960.0
2022-10-24,601188,BUY,2.69,2500,龙江交通,6725.0
2022-10-24,601611,BUY,7.68,800,中国核建,6144.0
2022-10-24,000657,BUY,10.64,600,中钨高新,6384.0
2022-10-24,002309,BUY,4.68,1400,中利集团,6552.0
2022-10-24,000938,BUY,15.95,400,紫光股份,6380.0
2022-10-24,000930,BUY,7.59,900,中粮科技,6831.0
2022-10-24,000848,BUY,6.69,1000,承德露露,6690.0
2022-10-24,002151,BUY,27.36,200,北斗星通,5472.0
2022-10-24,002300,BUY,7.12,900,太阳电缆,6408.0
2022-10-25,002300,SELL,7.01,900,太阳电缆,6309.0
2022-10-25,600988,BUY,18.1,13800,赤峰黄金,249780.0
2022-10-26,002735,SELL,14.76,2500,王子新材,36900.0
2022-10-26,002309,BUY,4.8,1500,中利集团,7200.0
2022-10-26,002151,BUY,27.91,200,北斗星通,5582.0
2022-10-26,603993,BUY,3.91,1900,洛阳钼业,7429.0
2022-10-26,300476,BUY,13.6,500,胜宏科技,6800.0
2022-10-26,600010,BUY,1.89,3900,包钢股份,7371.0
2022-10-26,600096,BUY,17.34,400,云天化,6936.0
2022-10-27,601666,BUY,9.02,300,平煤股份,2706.0
2022-10-28,300476,SELL,12.77,600,胜宏科技,7662.0
2022-10-28,000938,SELL,16.21,4500,紫光股份,72945.0
2022-10-28,000657,SELL,10.41,600,中钨高新,6246.0
2022-10-28,002151,SELL,26.86,400,北斗星通,10744.0
2022-10-28,002131,BUY,1.65,200,利欧股份,330.0
2022-10-31,000930,SELL,7.45,900,中粮科技,6705.0
2022-10-31,600702,BUY,110.88,800,舍得酒业,88704.0
2022-11-01,002131,BUY,1.69,9200,利欧股份,15548.0
2022-11-04,600988,SELL,19.12,13800,赤峰黄金,263856.0
2022-11-07,600339,BUY,2.78,94900,中油工程,263822.0
2022-11-09,600010,SELL,1.93,162200,包钢股份,313046.0
2022-11-09,603993,SELL,4.27,75700,洛阳钼业,323239.0
2022-11-09,601188,SELL,2.71,2500,龙江交通,6775.0
2022-11-09,000848,SELL,6.88,1000,承德露露,6880.0
2022-11-09,600702,SELL,128.3,800,舍得酒业,102640.0
2022-11-10,600396,BUY,2.76,73800,华电辽能,203688.0
2022-11-10,002918,BUY,13.48,11800,蒙娜丽莎,159064.0
2022-11-10,600941,BUY,56.7,2400,中国移动,136080.0
2022-11-10,000566,BUY,4.77,37900,海南海药,180783.0
2022-11-11,600900,BUY,17.88,4000,长江电力,71520.0
2022-11-14,000858,SELL,127.86,200,五粮液,25572.0
2022-11-14,002131,SELL,1.76,9400,利欧股份,16544.0
2022-11-14,600396,SELL,2.73,73800,华电辽能,201474.0
2022-11-14,000566,SELL,4.86,37900,海南海药,184194.0
2022-11-14,000657,BUY,11.57,100,中钨高新,1157.0
2022-11-14,000930,BUY,7.67,200,中粮科技,1534.0
2022-11-14,002378,BUY,5.37,200,章源钨业,1074.0
2022-11-14,002309,BUY,4.48,300,中利集团,1344.0
2022-11-14,002436,BUY,11.28,100,兴森科技,1128.0
2022-11-15,601666,SELL,9.6,300,平煤股份,2880.0
2022-11-15,601869,BUY,34.33,5700,长飞光纤,195681.0
2022-11-15,688205,BUY,33.71,5800,德科立,195518.0
2022-11-16,600900,BUY,18.4,1800,长江电力,33120.0
2022-11-17,601611,SELL,7.59,800,中国核建,6072.0
2022-11-17,002918,SELL,15.79,11800,蒙娜丽莎,186322.0
2022-11-17,600487,BUY,15.98,100,亨通光电,1598.0
2022-11-17,000566,BUY,4.85,300,海南海药,1455.0
2022-11-17,000657,BUY,11.96,100,中钨高新,1196.0
2022-11-17,000848,BUY,7.05,200,承德露露,1410.0
2022-11-17,002131,BUY,1.8,900,利欧股份,1620.0
2022-11-17,002309,BUY,4.59,300,中利集团,1377.0
2022-11-18,600096,SELL,16.3,400,云天化,6520.0
2022-11-18,000657,SELL,11.44,200,中钨高新,2288.0
2022-11-18,000930,SELL,7.75,200,中粮科技,1550.0
2022-11-18,000848,SELL,7.03,200,承德露露,1406.0
2022-11-18,002131,SELL,1.8,900,利欧股份,1620.0
2022-11-18,688271,BUY,190.36,900,联影医疗,171324.0
2022-11-21,600900,SELL,18.44,19400,长江电力,357736.0
2022-11-21,600339,SELL,2.75,94900,中油工程,260975.0
2022-11-21,002378,SELL,5.35,200,章源钨业,1070.0
2022-11-21,002436,SELL,12.27,100,兴森科技,1227.0
2022-11-21,603606,BUY,56.59,400,东方电缆,22636.0
2022-11-21,600941,BUY,56.86,400,中国移动,22744.0
2022-11-21,000657,BUY,12.19,2200,中钨高新,26818.0
2022-11-21,002309,BUY,4.52,6000,中利集团,27120.0
2022-11-21,000848,BUY,6.96,3900,承德露露,27144.0
2022-11-21,000858,BUY,126.69,200,五粮液,25338.0
2022-11-21,000766,BUY,6.09,4500,通化金马,27405.0
2022-11-21,002131,BUY,1.77,15500,利欧股份,27435.0
2022-11-21,002300,BUY,7.17,3800,太阳电缆,27246.0
2022-11-22,000566,SELL,4.74,300,海南海药,1422.0
2022-11-22,000848,SELL,6.9,3900,承德露露,26910.0
2022-11-22,000766,SELL,5.81,4500,通化金马,26145.0
2022-11-22,002428,BUY,9.89,41900,云南锗业,414391.0
2022-11-23,000657,SELL,11.91,2200,中钨高新,26202.0
2022-11-23,002300,SELL,7.05,3800,太阳电缆,26790.0
2022-11-23,688271,BUY,188.79,200,联影医疗,37758.0
2022-11-23,000566,BUY,4.63,11800,海南海药,54634.0
2022-11-24,600941,SELL,58.54,2800,中国移动,163912.0
2022-11-24,002498,BUY,4.28,3500,汉缆股份,14980.0
2022-11-24,600096,BUY,17.06,800,云天化,13648.0
2022-11-24,002309,BUY,4.54,3300,中利集团,14982.0
2022-11-24,600487,BUY,16.43,900,亨通光电,14787.0
2022-11-24,600522,BUY,18.2,800,中天科技,14560.0
2022-11-24,603606,BUY,57.27,200,东方电缆,11454.0
2022-11-24,601869,BUY,35.03,400,长飞光纤,14012.0
2022-11-24,601666,BUY,8.78,1700,平煤股份,14926.0
2022-11-24,002428,BUY,9.88,1500,云南锗业,14820.0
2022-11-24,000063,BUY,22.64,600,中兴通讯,13584.0
2022-11-25,688205,SELL,32.83,5800,德科立,190414.0
2022-11-25,600988,BUY,20.46,1800,赤峰黄金,36828.0
2022-11-25,301312,BUY,22.45,1600,智立方,35920.0
2022-11-25,600419,BUY,13.62,2700,天润乳业,36774.0
2022-11-25,002842,BUY,8.13,4600,翔鹭钨业,37398.0
2022-11-25,000848,BUY,6.87,5400,承德露露,37098.0
2022-11-25,000566,BUY,4.62,8100,海南海药,37422.0
2022-11-28,002309,BUY,4.66,1300,中利集团,6058.0
2022-11-29,600988,SELL,19.66,1800,赤峰黄金,35388.0
2022-11-29,002131,BUY,1.79,200,利欧股份,358.0
2022-11-30,000977,BUY,21.98,1600,浪潮信息,35168.0
2022-12-01,601666,SELL,9.54,1700,平煤股份,16218.0
2022-12-02,002309,SELL,4.83,14100,中利集团,68103.0
2022-12-02,000566,SELL,4.69,19900,海南海药,93331.0
2022-12-02,300293,BUY,9.39,1700,蓝英装备,15963.0
2022-12-02,002475,BUY,29.96,500,立讯精密,14980.0
2022-12-02,600498,BUY,13.7,1200,烽火通信,16440.0
2022-12-02,600419,BUY,15.5,1000,天润乳业,15500.0
2022-12-02,600487,BUY,16.48,900,亨通光电,14832.0
2022-12-02,601869,BUY,33.88,400,长飞光纤,13552.0
2022-12-02,300285,BUY,28.99,500,国瓷材料,14495.0
2022-12-02,002300,BUY,6.92,2300,太阳电缆,15916.0
2022-12-02,002131,BUY,1.82,9000,利欧股份,16380.0
2022-12-02,002151,BUY,29.94,500,北斗星通,14970.0
2022-12-05,000858,SELL,143.35,200,五粮液,28670.0
2022-12-05,000063,SELL,24.99,600,中兴通讯,14994.0
2022-12-05,000848,SELL,7.17,5400,承德露露,38718.0
2022-12-05,002151,SELL,30.23,500,北斗星通,15115.0
2022-12-05,002300,BUY,6.89,3600,太阳电缆,24804.0
2022-12-05,300502,BUY,9.35,2600,新易盛,24310.0
2022-12-05,300308,BUY,20.27,1200,中际旭创,24324.0
2022-12-05,688205,BUY,32.58,700,德科立,22806.0
2022-12-05,300570,BUY,15.57,1500,太辰光,23355.0
2022-12-06,600988,BUY,18.81,100,赤峰黄金,1881.0
2022-12-07,002131,SELL,1.82,24700,利欧股份,44954.0
2022-12-07,600419,SELL,15.11,3700,天润乳业,55907.0
2022-12-07,002842,SELL,8.34,4600,翔鹭钨业,38364.0
2022-12-07,000977,SELL,22.74,1600,浪潮信息,36384.0
2022-12-07,600498,SELL,13.7,1200,烽火通信,16440.0
2022-12-07,000848,BUY,7.37,100,承德露露,737.0
2022-12-07,000766,BUY,6.12,100,通化金马,612.0
2022-12-07,000930,BUY,8.28,100,中粮科技,828.0
2022-12-07,300013,BUY,5.7,100,新宁物流,570.0
2022-12-08,600096,SELL,19.53,800,云天化,15624.0
2022-12-08,300285,SELL,27.55,500,国瓷材料,13775.0
2022-12-08,002300,BUY,6.71,28300,太阳电缆,189893.0
2022-12-09,000848,SELL,7.35,100,承德露露,735.0
2022-12-09,000766,SELL,6.01,100,通化金马,601.0
2022-12-09,000930,SELL,8.07,100,中粮科技,807.0
2022-12-09,300013,SELL,5.38,100,新宁物流,538.0
2022-12-09,600522,BUY,15.05,1900,中天科技,28595.0
2022-12-12,600988,BUY,17.78,200,赤峰黄金,3556.0
2022-12-14,002475,SELL,30.82,500,立讯精密,15410.0
2022-12-15,002309,BUY,4.7,3300,中利集团,15510.0
2023-01-03,688271,SELL,179.29,1100,联影医疗,197219.0
2023-01-03,688205,SELL,31.26,700,德科立,21882.0
2023-01-04,603606,SELL,55.28,600,东方电缆,33168.0
2023-01-04,600522,SELL,15.42,2700,中天科技,41634.0
2023-01-04,002300,SELL,6.72,34200,太阳电缆,229824.0
2023-01-04,600050,BUY,4.53,48300,中国联通,218799.0
2023-01-04,002842,BUY,7.97,27500,翔鹭钨业,219175.0
2023-01-05,600487,SELL,15.62,1900,亨通光电,29678.0
2023-01-05,002498,SELL,4.18,3500,汉缆股份,14630.0
2023-01-05,002156,BUY,17.11,5000,通富微电,85550.0
2023-01-06,002428,SELL,9.9,43400,云南锗业,429660.0
2023-01-06,600988,SELL,18.44,300,赤峰黄金,5532.0
2023-01-06,002151,BUY,28.38,1500,北斗星通,42570.0
2023-01-06,000930,BUY,7.76,5700,中粮科技,44232.0
2023-01-06,600702,BUY,153.2,200,舍得酒业,30640.0
2023-01-06,600800,BUY,3.66,12100,渤海化学,44286.0
2023-01-06,301312,BUY,22.72,1900,智立方,43168.0
2023-01-06,601118,BUY,4.37,10200,海南橡胶,44574.0
2023-01-06,601800,BUY,7.27,6100,中国交建,44347.0
2023-01-06,601666,BUY,8.25,5400,平煤股份,44550.0
2023-01-06,601611,BUY,7.45,5900,中国核建,43955.0
2023-01-06,601600,BUY,4.17,10700,中国铝业,44619.0
2023-01-09,300502,SELL,9.02,2600,新易盛,23452.0
2023-01-09,300308,SELL,19.93,1200,中际旭创,23916.0
2023-01-09,002842,BUY,8.12,6500,翔鹭钨业,52780.0
2023-01-10,002475,BUY,28.98,1600,立讯精密,46368.0
2023-01-11,601869,SELL,32.58,6500,长飞光纤,211770.0
2023-01-11,301312,SELL,23.26,3500,智立方,81410.0
2023-01-11,300570,SELL,14.71,1500,太辰光,22065.0
2023-01-11,600050,SELL,4.48,48300,中国联通,216384.0
2023-01-11,002842,SELL,7.92,34000,翔鹭钨业,269280.0
2023-01-11,002151,SELL,27.94,1500,北斗星通,41910.0
2023-01-11,300013,BUY,4.43,200,新宁物流,886.0
2023-01-11,000766,BUY,5.28,200,通化金马,1056.0
2023-01-11,000930,BUY,7.69,100,中粮科技,769.0
2023-01-11,002131,BUY,1.73,600,利欧股份,1038.0
2023-01-12,600702,SELL,162.24,200,舍得酒业,32448.0
2023-01-12,600096,BUY,17.22,15600,云天化,268632.0
2023-01-12,002432,BUY,45.69,4900,九安医疗,223881.0
2023-01-12,601666,BUY,8.67,21900,平煤股份,189873.0
2023-01-12,000930,BUY,7.58,18900,中粮科技,143262.0
2023-01-13,601600,SELL,4.52,10700,中国铝业,48364.0
2023-01-13,603551,BUY,7.41,6300,奥普科技,46683.0
2023-01-13,000766,BUY,5.38,8700,通化金马,46806.0
2023-01-16,300293,SELL,8.95,1700,蓝英装备,15215.0
2023-01-16,002309,SELL,4.36,3300,中利集团,14388.0
2023-01-16,000930,BUY,7.98,200,中粮科技,1596.0
2023-01-16,600594,BUY,5.48,300,益佰制药,1644.0
2023-01-16,600800,BUY,3.64,500,渤海化学,1820.0
2023-01-16,601800,BUY,7.38,200,中国交建,1476.0
2023-01-16,601611,BUY,7.49,200,中国核建,1498.0
2023-01-16,600010,BUY,1.93,900,包钢股份,1737.0
2023-01-16,601188,BUY,2.81,600,龙江交通,1686.0
2023-01-17,002131,SELL,1.73,600,利欧股份,1038.0
2023-01-17,002432,BUY,45.72,400,九安医疗,18288.0
2023-01-18,002156,SELL,17.65,5000,通富微电,88250.0
2023-01-18,600419,BUY,14.69,100,天润乳业,1469.0
2023-01-18,601188,BUY,2.83,900,龙江交通,2547.0
2023-01-18,600096,BUY,17.65,100,云天化,1765.0
2023-01-18,600010,BUY,1.93,1400,包钢股份,2702.0
2023-01-18,000657,BUY,11.79,200,中钨高新,2358.0
2023-01-18,600757,BUY,4.63,500,长江传媒,2315.0
2023-01-18,000766,BUY,5.42,500,通化金马,2710.0
2023-01-18,000848,BUY,7.59,300,承德露露,2277.0
2023-01-19,601666,SELL,8.77,27300,平煤股份,239421.0
2023-01-19,000566,BUY,4.31,16900,海南海药,72839.0
2023-01-19,002432,BUY,45.35,1600,九安医疗,72560.0
2023-01-19,600594,BUY,5.52,13100,益佰制药,72312.0
2023-01-19,300013,BUY,4.52,16100,新宁物流,72772.0
2023-01-20,601118,SELL,4.55,10200,海南橡胶,46410.0
2023-01-20,603551,SELL,7.89,6300,奥普科技,49707.0
2023-01-20,603589,BUY,49.9,400,口子窖,19960.0
2023-01-20,000063,BUY,25.55,800,中兴通讯,20440.0
2023-01-20,000657,BUY,12.0,1800,中钨高新,21600.0
2023-01-20,000766,BUY,5.49,3900,通化金马,21411.0
2023-01-20,000848,BUY,7.56,2800,承德露露,21168.0
2023-01-30,600800,SELL,3.88,12600,渤海化学,48888.0
2023-01-30,000848,SELL,7.56,3100,承德露露,23436.0
2023-01-30,000566,SELL,4.35,16900,海南海药,73515.0
2023-01-30,000657,BUY,12.2,1000,中钨高新,12200.0
2023-01-30,300013,BUY,4.65,2800,新宁物流,13020.0
2023-01-30,600487,BUY,14.73,900,亨通光电,13257.0
2023-01-30,600522,BUY,14.89,800,中天科技,11912.0
2023-01-30,600875,BUY,19.41,600,东方电气,11646.0
2023-01-30,603606,BUY,51.28,200,东方电缆,10256.0
2023-01-30,002300,BUY,7.12,1800,太阳电缆,12816.0
2023-01-30,000766,BUY,5.46,2400,通化金马,13104.0
2023-01-30,000938,BUY,23.1,500,紫光股份,11550.0
2023-01-30,002151,BUY,29.77,400,北斗星通,11908.0
2023-01-31,000930,SELL,8.02,24900,中粮科技,199698.0
2023-01-31,601800,SELL,7.62,6300,中国交建,48006.0
2023-01-31,601611,SELL,7.66,6100,中国核建,46726.0
2023-01-31,000766,SELL,5.41,15700,通化金马,84937.0
2023-01-31,600096,SELL,18.91,15700,云天化,296887.0
2023-01-31,600419,SELL,15.4,100,天润乳业,1540.0
2023-01-31,000063,SELL,24.88,800,中兴通讯,19904.0
2023-01-31,603589,BUY,48.83,700,口子窖,34181.0
2023-01-31,000566,BUY,4.45,8400,海南海药,37380.0
2023-01-31,002378,BUY,5.9,6300,章源钨业,37170.0
2023-01-31,000848,BUY,7.55,4900,承德露露,36995.0
2023-01-31,000858,BUY,177.79,200,五粮液,35558.0
2023-01-31,000938,BUY,22.73,1600,紫光股份,36368.0
2023-01-31,002131,BUY,1.79,20900,利欧股份,37411.0
2023-01-31,002309,BUY,4.99,7500,中利集团,37425.0
2023-01-31,002156,BUY,18.17,2000,通富微电,36340.0
2023-01-31,002151,BUY,29.77,1200,北斗星通,35724.0
2023-02-01,002475,SELL,32.36,1600,立讯精密,51776.0
2023-02-01,600010,SELL,2.1,2300,包钢股份,4830.0
2023-02-01,002151,SELL,29.96,1600,北斗星通,47936.0
2023-02-01,000858,SELL,178.7,200,五粮液,35740.0
2023-02-01,002156,SELL,19.13,2000,通富微电,38260.0
2023-02-01,603606,BUY,50.99,7200,东方电缆,367128.0
2023-02-01,600900,BUY,18.18,6500,长江电力,118170.0
2023-02-02,000566,SELL,4.52,8400,海南海药,37968.0
2023-02-02,002309,SELL,4.94,7500,中利集团,37050.0
2023-02-02,601188,BUY,2.9,22000,龙江交通,63800.0
2023-02-02,000063,BUY,25.17,2500,中兴通讯,62925.0
2023-02-03,002432,SELL,48.16,6900,九安医疗,332304.0
2023-02-03,600757,SELL,4.86,500,长江传媒,2430.0
2023-02-03,002300,SELL,7.09,1800,太阳电缆,12762.0
2023-02-03,000938,SELL,22.85,2100,紫光股份,47985.0
2023-02-03,002378,SELL,6.59,6300,章源钨业,41517.0
2023-02-03,002131,SELL,1.82,20900,利欧股份,38038.0
2023-02-03,000063,SELL,25.32,2500,中兴通讯,63300.0
2023-02-03,600522,BUY,14.63,800,中天科技,11704.0
2023-02-03,603606,BUY,46.76,200,东方电缆,9352.0
2023-02-03,000930,BUY,8.09,1500,中粮科技,12135.0
2023-02-03,000766,BUY,5.38,2200,通化金马,11836.0
2023-02-03,000848,BUY,7.57,1600,承德露露,12112.0
2023-02-03,002174,BUY,12.06,1000,游族网络,12060.0
2023-02-03,002309,BUY,5.03,2400,中利集团,12072.0
2023-02-03,002281,BUY,18.58,600,光迅科技,11148.0
2023-02-03,300013,BUY,4.79,2500,新宁物流,11975.0
2023-02-06,300013,SELL,4.73,21600,新宁物流,102168.0
2023-02-06,000657,SELL,12.32,3000,中钨高新,36960.0
2023-02-06,000848,SELL,7.44,6500,承德露露,48360.0
2023-02-06,600900,SELL,18.34,6500,长江电力,119210.0
2023-02-06,000930,SELL,8.03,1500,中粮科技,12045.0
2023-02-06,000766,SELL,5.32,2200,通化金马,11704.0
2023-02-06,688205,BUY,31.2,14200,德科立,443040.0
2023-02-06,000063,BUY,25.06,7700,中兴通讯,192962.0
2023-02-06,002131,BUY,1.81,61100,利欧股份,110591.0
2023-02-07,603123,BUY,13.47,2200,翠微股份,29634.0
2023-02-08,002174,SELL,11.55,1000,游族网络,11550.0
2023-02-08,002281,SELL,18.86,600,光迅科技,11316.0
2023-02-08,600396,BUY,2.65,100,华电辽能,265.0
2023-02-08,002131,BUY,1.81,100,利欧股份,181.0
2023-02-09,688205,SELL,36.08,14200,德科立,512336.0
2023-02-09,000063,SELL,25.99,7700,中兴通讯,200123.0
2023-02-09,002131,SELL,1.83,61200,利欧股份,111996.0
2023-02-09,603123,SELL,13.11,2200,翠微股份,28842.0
2023-02-09,600875,BUY,18.61,1200,东方电气,22332.0
2023-02-09,603606,BUY,47.64,400,东方电缆,19056.0
2023-02-09,002300,BUY,7.51,3000,太阳电缆,22530.0
2023-02-09,000848,BUY,7.52,3000,承德露露,22560.0
2023-02-09,000938,BUY,23.72,900,紫光股份,21348.0
2023-02-09,002309,BUY,5.23,4300,中利集团,22489.0
2023-02-09,002174,BUY,11.72,1900,游族网络,22268.0
2023-02-09,002281,BUY,20.03,1100,光迅科技,22033.0
2023-02-09,002151,BUY,30.25,700,北斗星通,21175.0
2023-02-10,600487,BUY,14.05,48400,亨通光电,680020.0
2023-02-13,002309,SELL,5.48,6700,中利集团,36716.0
2023-02-13,002174,SELL,12.54,1900,游族网络,23826.0
2023-02-13,002151,SELL,30.71,700,北斗星通,21497.0
2023-02-13,002131,BUY,1.92,100,利欧股份,192.0
2023-02-14,002300,SELL,7.72,3000,太阳电缆,23160.0
2023-02-14,002281,SELL,22.83,1100,光迅科技,25113.0
2023-02-14,002131,SELL,1.91,100,利欧股份,191.0
2023-02-14,300059,BUY,18.11,4500,东方财富,81495.0
2023-02-15,601188,SELL,2.91,23500,龙江交通,68385.0
2023-02-15,000938,SELL,25.12,900,紫光股份,22608.0
2023-02-15,603606,BUY,45.72,1000,东方电缆,45720.0
2023-02-15,601666,BUY,8.6,5700,平煤股份,49020.0
2023-02-16,600050,BUY,4.7,9600,中国联通,45120.0
2023-02-17,603589,SELL,55.2,1100,口子窖,60720.0
2023-02-17,000848,SELL,7.7,3000,承德露露,23100.0
2023-02-20,601899,BUY,10.7,7800,紫金矿业,83460.0
2023-02-21,600594,SELL,5.59,13400,益佰制药,74906.0
2023-02-21,600050,BUY,4.94,100,中国联通,494.0
2023-02-21,601118,BUY,4.63,100,海南橡胶,463.0
2023-02-22,000657,BUY,11.48,6400,中钨高新,73472.0
2023-02-23,600050,SELL,4.69,9700,中国联通,45493.0
2023-02-23,601899,SELL,10.94,7800,紫金矿业,85332.0
2023-02-23,002300,BUY,7.35,100,太阳电缆,735.0
2023-02-23,000848,BUY,7.67,100,承德露露,767.0
2023-02-23,000930,BUY,8.13,100,中粮科技,813.0
2023-02-23,002131,BUY,2.06,400,利欧股份,824.0
2023-02-24,601118,SELL,4.62,100,海南橡胶,462.0
2023-02-24,002131,SELL,2.06,400,利欧股份,824.0
2023-02-24,603123,BUY,12.35,10400,翠微股份,128440.0
2023-02-27,601666,SELL,9.5,5700,平煤股份,54150.0
2023-02-27,002300,SELL,7.27,100,太阳电缆,727.0
2023-02-27,000930,SELL,8.08,100,中粮科技,808.0
2023-02-27,002739,BUY,13.42,100,万达电影,1342.0
2023-02-27,002309,BUY,5.19,300,中利集团,1557.0
2023-02-27,002131,BUY,1.99,700,利欧股份,1393.0
2023-02-27,000848,BUY,7.65,200,承德露露,1530.0
2023-02-28,000848,SELL,7.69,300,承德露露,2307.0
2023-02-28,002131,SELL,2.02,700,利欧股份,1414.0
2023-02-28,002300,BUY,7.24,7100,太阳电缆,51404.0
2023-03-01,600487,SELL,14.4,49300,亨通光电,709920.0
2023-03-01,600522,SELL,15.3,1600,中天科技,24480.0
2023-03-01,002309,SELL,5.08,300,中利集团,1524.0
2023-03-01,300013,BUY,4.44,800,新宁物流,3552.0
2023-03-01,002931,BUY,11.71,300,锋龙股份,3513.0
2023-03-01,300285,BUY,31.01,100,国瓷材料,3101.0
2023-03-01,300293,BUY,10.35,300,蓝英装备,3105.0
2023-03-01,688205,BUY,33.22,100,德科立,3322.0
2023-03-01,002639,BUY,8.95,400,雪人集团,3580.0
2023-03-01,300059,BUY,17.48,200,东方财富,3496.0
2023-03-01,002739,BUY,13.49,200,万达电影,2698.0
2023-03-01,301312,BUY,25.4,100,智立方,2540.0
2023-03-02,002300,BUY,7.23,98300,太阳电缆,710709.0
2023-03-08,600875,SELL,19.23,1800,东方电气,34614.0
2023-03-09,300013,BUY,4.42,7800,新宁物流,34476.0
2023-03-13,300293,SELL,11.3,300,蓝英装备,3390.0
2023-03-14,600010,BUY,1.94,1800,包钢股份,3492.0
2023-03-23,301312,SELL,27.02,100,智立方,2702.0
2023-03-24,600875,BUY,17.21,100,东方电气,1721.0
2023-03-27,600396,SELL,2.5,100,华电辽能,250.0
2023-03-27,688205,SELL,34.83,100,德科立,3483.0
2023-03-27,000848,BUY,7.34,100,承德露露,734.0
2023-03-27,002378,BUY,6.06,100,章源钨业,606.0
2023-03-27,002300,BUY,7.18,100,太阳电缆,718.0
2023-03-27,000930,BUY,7.97,100,中粮科技,797.0
2023-03-27,002309,BUY,5.28,200,中利集团,1056.0
2023-03-28,002739,SELL,14.08,300,万达电影,4224.0
2023-03-28,002378,BUY,5.86,100,章源钨业,586.0
2023-03-28,600050,BUY,4.99,100,中国联通,499.0
2023-03-28,601118,BUY,4.44,100,海南橡胶,444.0
2023-03-28,300013,BUY,4.06,200,新宁物流,812.0
2023-03-28,601728,BUY,5.64,100,中国电信,564.0
2023-03-28,601766,BUY,5.29,100,中国中车,529.0
2023-03-28,600594,BUY,5.49,100,益佰制药,549.0
2023-03-29,002931,SELL,11.54,300,锋龙股份,3462.0
2023-03-29,002309,SELL,5.3,200,中利集团,1060.0
2023-03-29,600396,BUY,2.47,400,华电辽能,988.0
2023-03-29,000848,BUY,7.28,100,承德露露,728.0
2023-03-29,000930,BUY,7.8,100,中粮科技,780.0
2023-03-29,000766,BUY,5.2,200,通化金马,1040.0
2023-03-29,002131,BUY,2.33,400,利欧股份,932.0
2023-03-30,601766,BUY,5.3,200,中国中车,1060.0
2023-03-31,300059,SELL,16.45,4700,东方财富,77315.0
2023-03-31,002639,SELL,8.88,400,雪人集团,3552.0
2023-04-03,601188,BUY,2.98,27100,龙江交通,80758.0
2023-04-04,002300,SELL,7.14,105500,太阳电缆,753270.0
2023-04-04,600594,SELL,5.79,100,益佰制药,579.0
2023-04-04,600396,BUY,2.28,100,华电辽能,228.0
2023-04-04,002131,BUY,2.28,100,利欧股份,228.0
2023-04-06,000848,SELL,7.34,200,承德露露,1468.0
2023-04-06,002131,SELL,2.2,500,利欧股份,1100.0
2023-04-06,688271,BUY,160.42,1200,联影医疗,192504.0
2023-04-06,601666,BUY,8.02,25700,平煤股份,206114.0
2023-04-06,002378,BUY,5.84,17600,章源钨业,102784.0
2023-04-06,000766,BUY,5.27,32700,通化金马,172329.0
2023-04-07,601766,SELL,5.85,300,中国中车,1755.0
2023-04-07,000766,BUY,5.3,15500,通化金马,82150.0
2023-04-10,601118,SELL,4.7,100,海南橡胶,470.0
2023-04-10,600050,BUY,5.01,400,中国联通,2004.0
2023-04-11,603123,SELL,11.49,10400,翠微股份,119496.0
2023-04-11,601728,SELL,5.81,100,中国电信,581.0
2023-04-11,000766,SELL,5.19,48400,通化金马,251196.0
2023-04-11,002131,BUY,2.3,200,利欧股份,460.0
2023-04-11,300013,BUY,4.12,100,新宁物流,412.0
2023-04-12,002735,BUY,15.5,23900,王子新材,370450.0
2023-04-13,601188,BUY,2.85,100,龙江交通,285.0
2023-04-14,000657,SELL,10.11,6400,中钨高新,64704.0
2023-04-14,600050,SELL,5.24,500,中国联通,2620.0
2023-04-17,300285,SELL,29.05,100,国瓷材料,2905.0
2023-04-17,600800,BUY,4.12,16300,渤海化学,67156.0
2023-04-18,000848,BUY,7.05,400,承德露露,2820.0
2023-04-19,600010,SELL,1.89,1800,包钢股份,3402.0
2023-04-19,600396,BUY,2.28,100,华电辽能,228.0
2023-04-20,002378,SELL,6.32,17800,章源钨业,112496.0
2023-04-20,000063,BUY,34.84,100,中兴通讯,3484.0
2023-04-20,000566,BUY,4.97,700,海南海药,3479.0
2023-04-20,000848,BUY,7.53,400,承德露露,3012.0
2023-04-20,000930,BUY,7.1,500,中粮科技,3550.0
2023-04-20,002131,BUY,2.34,1500,利欧股份,3510.0
2023-04-20,002174,BUY,16.56,200,游族网络,3312.0
2023-04-20,002156,BUY,21.18,100,通富微电,2118.0
2023-04-20,002151,BUY,33.91,100,北斗星通,3391.0
2023-04-21,000566,SELL,4.86,700,海南海药,3402.0
2023-04-21,002156,BUY,19.75,4500,通富微电,88875.0
2023-04-24,000063,SELL,35.52,100,中兴通讯,3552.0
2023-04-24,000930,BUY,7.09,600,中粮科技,4254.0
2023-04-25,000848,SELL,7.57,800,承德露露,6056.0
2023-04-25,002396,BUY,16.51,200,星网锐捷,3302.0
2023-04-25,002475,BUY,25.43,100,立讯精密,2543.0
2023-04-25,300285,BUY,27.35,100,国瓷材料,2735.0
2023-04-26,002309,BUY,4.71,300,中利集团,1413.0
2023-04-28,002174,SELL,21.78,200,游族网络,4356.0
2023-05-04,002432,BUY,38.42,100,九安医疗,3842.0
2023-05-05,603606,SELL,35.45,9000,东方电缆,319050.0
2023-05-05,600594,BUY,5.88,100,益佰制药,588.0
2023-05-05,600800,BUY,3.65,100,渤海化学,365.0
2023-05-05,000766,BUY,5.26,100,通化金马,526.0
2023-05-05,000566,BUY,5.1,100,海南海药,510.0
2023-05-05,002131,BUY,2.42,200,利欧股份,484.0
2023-05-08,300285,SELL,28.22,100,国瓷材料,2822.0
2023-05-08,002281,BUY,24.42,12900,光迅科技,315018.0
2023-05-09,600594,SELL,5.73,100,益佰制药,573.0
2023-05-09,000766,SELL,5.13,100,通化金马,513.0
2023-05-09,000566,SELL,5.0,100,海南海药,500.0
2023-05-09,002300,BUY,7.51,600,太阳电缆,4506.0
2023-05-10,601188,SELL,3.04,27200,龙江交通,82688.0
2023-05-10,002131,SELL,2.35,1900,利欧股份,4465.0
2023-05-10,002378,BUY,5.56,300,章源钨业,1668.0
2023-05-10,002735,BUY,13.39,100,王子新材,1339.0
2023-05-10,300013,BUY,3.89,500,新宁物流,1945.0
2023-05-10,600487,BUY,13.93,100,亨通光电,1393.0
2023-05-10,600096,BUY,15.75,100,云天化,1575.0
2023-05-10,603123,BUY,10.33,200,翠微股份,2066.0
2023-05-11,688271,BUY,144.49,500,联影医疗,72245.0
2023-05-12,600875,SELL,16.48,100,东方电气,1648.0
2023-05-12,002300,SELL,7.66,600,太阳电缆,4596.0
2023-05-12,000063,BUY,29.0,200,中兴通讯,5800.0
2023-05-12,301379,BUY,8.94,700,天山电子,6258.0
2023-05-15,000657,BUY,9.81,100,中钨高新,981.0
2023-05-16,300013,SELL,4.11,9400,新宁物流,38634.0
2023-05-17,000930,SELL,7.43,1300,中粮科技,9659.0
2023-05-17,601766,BUY,5.81,6600,中国中车,38346.0
2023-05-18,600396,SELL,2.25,600,华电辽能,1350.0
2023-05-18,600176,BUY,13.15,700,中国巨石,9205.0
2023-05-19,002475,SELL,27.48,100,立讯精密,2748.0
2023-05-19,603993,BUY,4.94,400,洛阳钼业,1976.0
2023-05-19,601728,BUY,5.13,400,中国电信,2052.0
2023-05-22,000766,BUY,5.11,200,通化金马,1022.0
2023-05-23,002156,SELL,20.12,4600,通富微电,92552.0
2023-05-23,002151,SELL,31.92,100,北斗星通,3192.0
2023-05-23,600487,SELL,14.13,100,亨通光电,1413.0
2023-05-23,600096,SELL,15.52,100,云天化,1552.0
2023-05-23,301379,SELL,9.41,700,天山电子,6587.0
2023-05-24,002281,SELL,25.05,12900,光迅科技,323145.0
2023-05-24,600339,BUY,3.72,28300,中油工程,105276.0
2023-05-24,002428,BUY,10.41,10100,云南锗业,105141.0
2023-05-24,601800,BUY,8.92,11800,中国交建,105256.0
2023-05-24,002309,BUY,3.88,27100,中利集团,105148.0
2023-05-25,002378,BUY,5.48,1300,章源钨业,7124.0
2023-05-26,600339,BUY,3.78,100,中油工程,378.0
2023-05-31,000766,SELL,5.39,200,通化金马,1078.0
2023-06-01,002309,BUY,3.73,300,中利集团,1119.0
2023-06-02,002396,SELL,15.66,200,星网锐捷,3132.0
2023-06-02,000063,SELL,34.09,200,中兴通讯,6818.0
2023-06-02,601766,SELL,5.92,6600,中国中车,39072.0
2023-06-05,002498,BUY,3.9,12600,汉缆股份,49140.0
2023-06-06,002735,SELL,13.62,24000,王子新材,326880.0
2023-06-06,002378,SELL,5.54,1600,章源钨业,8864.0
2023-06-07,603123,SELL,10.19,200,翠微股份,2038.0
2023-06-07,000858,BUY,139.51,2000,五粮液,279020.0
2023-06-08,601188,BUY,3.02,19400,龙江交通,58588.0
2023-06-09,603993,SELL,4.99,400,洛阳钼业,1996.0
2023-06-12,600176,SELL,13.06,700,中国巨石,9142.0
2023-06-12,000566,BUY,4.98,400,海南海药,1992.0
2023-06-12,600594,BUY,5.17,400,益佰制药,2068.0
2023-06-12,002300,BUY,7.13,300,太阳电缆,2139.0
2023-06-12,002739,BUY,12.35,100,万达电影,1235.0
2023-06-12,002931,BUY,10.59,200,锋龙股份,2118.0
2023-06-12,600522,BUY,14.31,100,中天科技,1431.0
2023-06-13,002432,SELL,36.21,100,九安医疗,3621.0
2023-06-13,601728,SELL,5.49,400,中国电信,2196.0
2023-06-13,601800,SELL,9.43,11800,中国交建,111274.0
2023-06-14,600487,BUY,13.75,8500,亨通光电,116875.0
2023-06-15,000766,BUY,4.82,100,通化金马,482.0
2023-06-19,688271,SELL,137.65,1700,联影医疗,234005.0
2023-06-19,002428,SELL,12.67,10100,云南锗业,127967.0
2023-06-19,002739,SELL,12.46,100,万达电影,1246.0
2023-06-19,600522,SELL,15.78,100,中天科技,1578.0
2023-06-20,002309,SELL,3.99,27700,中利集团,110523.0
2023-06-20,000657,SELL,9.27,100,中钨高新,927.0
2023-06-20,000858,SELL,148.03,2000,五粮液,296060.0
2023-06-20,002931,SELL,10.96,200,锋龙股份,2192.0
2023-06-20,000566,BUY,4.93,54600,海南海药,269178.0
2023-06-20,603606,BUY,39.28,6100,东方电缆,239608.0
2023-06-20,600875,BUY,16.76,11500,东方电气,192740.0
2023-06-21,600487,SELL,14.5,8500,亨通光电,123250.0
2023-06-21,002378,BUY,5.5,13200,章源钨业,72600.0
2023-06-21,601766,BUY,5.62,12900,中国中车,72498.0
2023-06-26,002432,BUY,33.71,1500,九安医疗,50565.0
2023-06-27,600875,SELL,16.64,11500,东方电气,191360.0
2023-06-27,000566,BUY,4.96,100,海南海药,496.0
2023-06-27,601728,BUY,5.1,100,中国电信,510.0
2023-06-27,000766,BUY,4.7,100,通化金马,470.0
2023-06-27,002131,BUY,2.19,200,利欧股份,438.0
2023-06-28,002156,BUY,22.07,8600,通富微电,189802.0
2023-06-29,600010,BUY,1.78,100,包钢股份,178.0
2023-06-30,601188,SELL,3.11,19400,龙江交通,60334.0
2023-07-03,603589,BUY,45.95,1300,口子窖,59735.0
2023-07-04,000566,BUY,5.03,100,海南海药,503.0
2023-07-05,601666,SELL,6.58,25700,平煤股份,169106.0
2023-07-05,600339,SELL,3.92,28400,中油工程,111328.0
2023-07-05,002498,SELL,3.83,12600,汉缆股份,48258.0
2023-07-05,002300,SELL,7.65,300,太阳电缆,2295.0
2023-07-05,603606,SELL,40.75,6100,东方电缆,248575.0
2023-07-05,002378,SELL,6.23,13200,章源钨业,82236.0
2023-07-05,601766,SELL,5.9,12900,中国中车,76110.0
2023-07-06,000938,BUY,31.13,23700,紫光股份,737781.0
2023-07-07,000766,SELL,5.55,200,通化金马,1110.0
2023-07-07,600010,SELL,1.85,100,包钢股份,185.0
2023-07-10,600800,SELL,3.54,16400,渤海化学,58056.0
2023-07-10,002174,BUY,14.34,100,游族网络,1434.0
2023-07-10,002624,BUY,14.49,100,完美世界,1449.0
2023-07-10,600757,BUY,7.57,200,长江传媒,1514.0
2023-07-10,000657,BUY,9.35,100,中钨高新,935.0
2023-07-10,000566,BUY,4.88,300,海南海药,1464.0
2023-07-10,000766,BUY,5.62,200,通化金马,1124.0
2023-07-10,000848,BUY,7.7,200,承德露露,1540.0
2023-07-11,000766,SELL,5.52,200,通化金马,1104.0
2023-07-11,600176,BUY,13.18,3800,中国巨石,50084.0
2023-07-12,601577,BUY,6.41,100,长沙银行,641.0
2023-07-13,600594,SELL,5.15,400,益佰制药,2060.0
2023-07-13,000657,SELL,9.62,100,中钨高新,962.0
2023-07-13,000766,BUY,5.52,100,通化金马,552.0
2023-07-14,000566,BUY,4.82,600,海南海药,2892.0
2023-07-17,000766,SELL,5.5,100,通化金马,550.0
2023-07-18,603589,SELL,47.7,1300,口子窖,62010.0
2023-07-18,000566,BUY,4.81,100,海南海药,481.0
2023-07-18,000766,BUY,5.43,100,通化金马,543.0
2023-07-18,002131,BUY,2.22,300,利欧股份,666.0
2023-07-19,300013,BUY,3.97,15300,新宁物流,60741.0
2023-07-20,601577,SELL,6.66,100,长沙银行,666.0
2023-07-21,601728,SELL,5.11,100,中国电信,511.0
2023-07-21,002131,SELL,2.2,500,利欧股份,1100.0
2023-07-21,002156,SELL,24.4,8600,通富微电,209840.0
2023-07-21,600757,SELL,7.4,200,长江传媒,1480.0
2023-07-21,000766,SELL,5.39,100,通化金马,539.0
2023-07-21,002639,BUY,8.12,100,雪人集团,812.0
2023-07-21,000657,BUY,9.24,100,中钨高新,924.0
2023-07-21,000848,BUY,7.79,100,承德露露,779.0
2023-07-21,000930,BUY,7.43,100,中粮科技,743.0
2023-07-24,002151,BUY,33.13,6300,北斗星通,208719.0
2023-07-25,002639,BUY,8.05,300,雪人集团,2415.0
2023-07-26,002432,SELL,34.36,1500,九安医疗,51540.0
2023-07-26,000930,SELL,7.46,100,中粮科技,746.0
2023-07-27,002931,BUY,11.13,4700,锋龙股份,52311.0
2023-07-28,000848,SELL,8.0,300,承德露露,2400.0
2023-07-28,600176,SELL,14.05,3800,中国巨石,53390.0
2023-07-31,000657,BUY,9.86,5600,中钨高新,55216.0
2023-08-01,000566,SELL,4.86,56200,海南海药,273132.0
2023-08-01,000766,BUY,5.46,100,通化金马,546.0
2023-08-02,300013,SELL,4.18,15300,新宁物流,63954.0
2023-08-02,000657,SELL,9.92,5700,中钨高新,56544.0
2023-08-02,300476,BUY,22.97,11800,胜宏科技,271046.0
2023-08-03,002156,BUY,22.04,5500,通富微电,121220.0
2023-08-04,000848,BUY,7.98,100,承德露露,798.0
2023-08-07,000766,SELL,5.69,100,通化金马,569.0
2023-08-07,000848,SELL,7.93,100,承德露露,793.0
2023-08-07,002131,BUY,2.33,200,利欧股份,466.0
2023-08-08,002624,SELL,13.74,100,完美世界,1374.0
2023-08-08,002131,SELL,2.29,200,利欧股份,458.0
2023-08-08,002436,BUY,13.29,100,兴森科技,1329.0
2023-08-08,002428,BUY,14.23,100,云南锗业,1423.0
2023-08-09,002309,BUY,4.01,100,中利集团,401.0
2023-08-10,002639,SELL,8.36,400,雪人集团,3344.0
2023-08-11,002396,BUY,14.99,200,星网锐捷,2998.0
2023-08-14,002309,SELL,4.07,100,中利集团,407.0
2023-08-14,000566,BUY,4.8,100,海南海药,480.0
2023-08-15,600339,BUY,3.81,100,中油工程,381.0
2023-09-05,000938,SELL,25.94,23700,紫光股份,614778.0
2023-09-05,002174,SELL,12.58,100,游族网络,1258.0
2023-09-05,300476,SELL,21.71,11800,胜宏科技,256178.0
2023-09-06,002151,SELL,32.53,6300,北斗星通,204939.0
2023-09-06,002931,SELL,11.47,4700,锋龙股份,53909.0
2023-09-06,002156,SELL,21.24,5500,通富微电,116820.0
2023-09-06,002436,SELL,12.85,100,兴森科技,1285.0
2023-09-06,002428,SELL,14.2,100,云南锗业,1420.0
2023-09-06,601611,BUY,7.33,32600,中国核建,238958.0
2023-09-06,600900,BUY,19.83,5200,长江电力,103116.0
2023-09-06,000766,BUY,7.85,15000,通化金马,117750.0
2023-09-06,000848,BUY,7.58,10300,承德露露,78074.0
2023-09-06,000858,BUY,144.19,400,五粮液,57676.0
2023-09-06,000930,BUY,7.03,16600,中粮科技,116698.0
2023-09-06,000977,BUY,37.23,3000,浪潮信息,111690.0
2023-09-06,000938,BUY,25.79,6600,紫光股份,170214.0
2023-09-06,002131,BUY,2.28,75300,利欧股份,171684.0
2023-09-07,000766,SELL,7.77,15000,通化金马,116550.0
2023-09-07,300013,BUY,3.95,21400,新宁物流,84530.0
2023-09-07,000930,BUY,6.98,12100,中粮科技,84458.0
2023-09-08,000858,SELL,140.91,400,五粮液,56364.0
2023-09-08,600875,BUY,15.05,2100,东方电气,31605.0
2023-09-08,600757,BUY,6.49,4900,长江传媒,31801.0
2023-09-11,600339,SELL,3.73,100,中油工程,373.0
2023-09-11,002309,BUY,3.95,6400,中利集团,25280.0
2023-09-12,300013,SELL,3.96,21400,新宁物流,84744.0
2023-09-12,600396,BUY,2.48,100,华电辽能,248.0
2023-09-13,601577,BUY,7.14,11800,长沙银行,84252.0
2023-09-14,002396,SELL,14.31,200,星网锐捷,2862.0
2023-09-14,000930,SELL,7.01,28700,中粮科技,201187.0
2023-09-14,002131,BUY,2.22,200,利欧股份,444.0
2023-09-15,002174,BUY,11.42,17800,游族网络,203276.0
2023-09-18,600900,SELL,20.37,5200,长江电力,105924.0
2023-09-18,000657,BUY,9.32,100,中钨高新,932.0
2023-09-18,000848,BUY,7.62,100,承德露露,762.0
2023-09-18,002131,BUY,2.23,400,利欧股份,892.0
2023-09-19,000566,SELL,4.66,100,海南海药,466.0
2023-09-19,000848,SELL,7.64,10400,承德露露,79456.0
2023-09-19,600396,SELL,2.54,100,华电辽能,254.0
2023-09-19,000657,SELL,9.28,100,中钨高新,928.0
2023-09-19,300285,BUY,27.88,3700,国瓷材料,103156.0
2023-09-20,600757,BUY,6.54,12500,长江传媒,81750.0
2023-09-21,002498,BUY,3.59,100,汉缆股份,359.0
2023-09-22,002309,SELL,4.05,6400,中利集团,25920.0
2023-09-25,002131,BUY,2.18,11900,利欧股份,25942.0
2023-10-13,000977,SELL,35.0,3000,浪潮信息,105000.0
2023-10-13,600757,SELL,6.42,17400,长江传媒,111708.0
2023-10-16,002131,SELL,2.19,87800,利欧股份,192282.0
2023-10-16,301421,BUY,61.14,2700,波长光电,165078.0
2023-10-16,002991,BUY,57.07,1600,甘源食品,91312.0
2023-10-16,688205,BUY,34.33,2600,德科立,89258.0
2023-10-17,002931,BUY,11.61,5400,锋龙股份,62694.0
2023-10-18,000848,BUY,7.22,100,承德露露,722.0
2023-10-20,002931,SELL,12.44,5400,锋龙股份,67176.0
2023-10-23,002378,BUY,5.27,12700,章源钨业,66929.0
2023-10-24,002131,BUY,2.01,100,利欧股份,201.0
2023-11-01,002498,SELL,3.78,100,汉缆股份,378.0
2023-11-01,002991,SELL,68.79,1600,甘源食品,110064.0
2023-11-02,301421,SELL,68.51,2700,波长光电,184977.0
2023-11-02,002281,BUY,26.44,4100,光迅科技,108404.0
2023-11-02,600522,BUY,13.26,8300,中天科技,110058.0
2023-11-03,000848,SELL,7.38,100,承德露露,738.0
2023-11-03,002378,SELL,5.57,12700,章源钨业,70739.0
2023-11-03,601118,BUY,4.45,17300,海南橡胶,76985.0
2023-11-03,000858,BUY,138.95,500,五粮液,69475.0
2023-11-06,002174,SELL,11.83,17800,游族网络,210574.0
2023-11-06,002131,SELL,2.25,100,利欧股份,225.0
2023-11-06,000766,BUY,12.3,100,通化金马,1230.0
2023-11-06,002396,BUY,13.87,100,星网锐捷,1387.0
2023-11-06,300476,BUY,20.6,100,胜宏科技,2060.0
2023-11-06,600487,BUY,12.98,100,亨通光电,1298.0
2023-11-06,000938,BUY,20.06,100,紫光股份,2006.0
2023-11-06,002428,BUY,13.11,100,云南锗业,1311.0
2023-11-06,000657,BUY,9.41,200,中钨高新,1882.0
2023-11-07,688205,SELL,36.2,2600,德科立,94120.0
2023-11-07,300293,BUY,18.27,11000,蓝英装备,200970.0
2023-11-08,601611,SELL,6.82,32600,中国核建,222332.0
2023-11-08,300285,SELL,24.93,3700,国瓷材料,92241.0
2023-11-08,300476,SELL,20.56,100,胜宏科技,2056.0
2023-11-08,000657,SELL,9.2,200,中钨高新,1840.0
2023-11-08,600487,BUY,12.95,7300,亨通光电,94535.0
2023-11-08,603993,BUY,4.87,19400,洛阳钼业,94478.0
2023-11-08,601666,BUY,8.4,11200,平煤股份,94080.0
2023-11-08,002918,BUY,14.17,6600,蒙娜丽莎,93522.0
2023-11-09,600875,SELL,14.33,2100,东方电气,30093.0
2023-11-09,000858,SELL,137.98,500,五粮液,68990.0
2023-11-09,002428,SELL,13.36,100,云南锗业,1336.0
2023-11-09,000766,BUY,12.45,2900,通化金马,36105.0
2023-11-09,601577,BUY,6.29,5800,长沙银行,36482.0
2023-11-09,600900,BUY,20.52,1700,长江电力,34884.0
2023-11-10,300293,SELL,17.8,11000,蓝英装备,195800.0
2023-11-10,603123,BUY,12.16,2400,翠微股份,29184.0
2023-11-10,600176,BUY,10.98,2700,中国巨石,29646.0
2023-11-10,600522,BUY,13.83,2100,中天科技,29043.0
2023-11-10,601666,BUY,9.07,3200,平煤股份,29024.0
2023-11-10,601800,BUY,7.21,4100,中国交建,29561.0
2023-11-10,601728,BUY,4.76,6200,中国电信,29512.0
2023-11-10,601600,BUY,5.3,5500,中国铝业,29150.0
2023-11-13,000938,SELL,21.14,6700,紫光股份,141638.0
2023-11-13,002281,SELL,29.48,4100,光迅科技,120868.0
2023-11-13,600522,SELL,13.6,10400,中天科技,141440.0
2023-11-13,002396,SELL,14.14,100,星网锐捷,1414.0
2023-11-13,601666,SELL,9.08,14400,平煤股份,130752.0
2023-11-13,601188,BUY,3.64,5500,龙江交通,20020.0
2023-11-13,600941,BUY,81.66,200,中国移动,16332.0
2023-11-13,000063,BUY,26.41,700,中兴通讯,18487.0
2023-11-13,002309,BUY,3.43,5900,中利集团,20237.0
2023-11-13,000848,BUY,7.29,2700,承德露露,19683.0
2023-11-13,000930,BUY,6.76,3000,中粮科技,20280.0
2023-11-13,002151,BUY,34.84,500,北斗星通,17420.0
2023-11-13,002131,BUY,2.22,9100,利欧股份,20202.0
2023-11-13,002300,BUY,8.49,2300,太阳电缆,19527.0
2023-11-13,002174,BUY,12.11,1600,游族网络,19376.0
2023-11-14,000930,SELL,6.83,3000,中粮科技,20490.0
2023-11-14,002300,SELL,8.43,2300,太阳电缆,19389.0
2023-11-14,601728,BUY,4.8,37700,中国电信,180960.0
2023-11-14,600050,BUY,4.14,53600,中国联通,221904.0
2023-11-15,600900,SELL,20.55,1700,长江电力,34935.0
2023-11-15,000848,SELL,7.37,2700,承德露露,19899.0
2023-11-15,601577,BUY,6.21,300,长沙银行,1863.0
2023-11-15,603123,BUY,12.6,100,翠微股份,1260.0
2023-11-15,600176,BUY,10.99,100,中国巨石,1099.0
2023-11-15,601118,BUY,4.46,400,海南橡胶,1784.0
2023-11-15,600988,BUY,13.94,100,赤峰黄金,1394.0
2023-11-15,600522,BUY,13.9,100,中天科技,1390.0
2023-11-15,600010,BUY,1.62,1100,包钢股份,1782.0
2023-11-16,601899,BUY,11.14,4100,紫金矿业,45674.0
2023-11-17,000766,SELL,15.03,3000,通化金马,45090.0
2023-11-17,600487,SELL,13.06,7400,亨通光电,96644.0
2023-11-17,002918,SELL,13.45,6600,蒙娜丽莎,88770.0
2023-11-17,002309,BUY,3.38,100,中利集团,338.0
2023-11-20,601118,SELL,4.44,17700,海南橡胶,78588.0
2023-11-20,002151,SELL,35.06,500,北斗星通,17530.0
2023-11-20,600988,BUY,13.73,16700,赤峰黄金,229291.0
2023-11-21,000063,SELL,25.77,700,中兴通讯,18039.0
2023-11-21,002131,SELL,2.36,9100,利欧股份,21476.0
2023-11-21,002174,SELL,12.3,1600,游族网络,19680.0
2023-11-21,600050,SELL,4.06,53600,中国联通,217616.0
2023-11-21,600176,BUY,10.85,8900,中国巨石,96565.0
2023-11-21,002918,BUY,14.18,6800,蒙娜丽莎,96424.0
2023-11-21,002300,BUY,8.53,11400,太阳电缆,97242.0
2023-11-21,002309,BUY,3.39,21600,中利集团,73224.0
2023-11-22,002309,BUY,3.34,3200,中利集团,10688.0
2023-11-28,002918,SELL,13.91,6800,蒙娜丽莎,94588.0
2023-11-29,002151,BUY,33.37,2800,北斗星通,93436.0
2023-11-30,600339,BUY,3.08,400,中油工程,1232.0
2023-12-04,601899,SELL,11.54,4100,紫金矿业,47314.0
2023-12-05,000858,BUY,124.16,300,五粮液,37248.0
2023-12-06,601728,SELL,4.66,43900,中国电信,204574.0
2023-12-06,601188,SELL,3.95,5500,龙江交通,21725.0
2023-12-06,600941,SELL,81.37,200,中国移动,16274.0
2023-12-06,600988,SELL,14.15,16800,赤峰黄金,237720.0
2023-12-06,300293,BUY,15.19,600,蓝英装备,9114.0
2023-12-06,301421,BUY,61.11,100,波长光电,6111.0
2023-12-06,300308,BUY,71.28,100,中际旭创,7128.0
2023-12-06,002428,BUY,13.44,700,云南锗业,9408.0
2023-12-06,000848,BUY,7.1,1400,承德露露,9940.0
2023-12-06,000938,BUY,19.39,500,紫光股份,9695.0
2023-12-06,002151,BUY,31.68,300,北斗星通,9504.0
2023-12-07,002300,SELL,8.47,11400,太阳电缆,96558.0
2023-12-07,000930,BUY,6.76,63500,中粮科技,429260.0
2023-12-08,301379,BUY,10.22,9400,天山电子,96068.0
2023-12-11,002428,SELL,13.2,700,云南锗业,9240.0
2023-12-11,600050,BUY,4.07,100,中国联通,407.0
2023-12-11,601728,BUY,4.73,100,中国电信,473.0
2023-12-12,300308,SELL,81.39,100,中际旭创,8139.0
2023-12-12,002639,BUY,7.61,1100,雪人集团,8371.0
2023-12-12,002151,BUY,32.26,200,北斗星通,6452.0
2023-12-13,601899,BUY,10.65,200,紫金矿业,2130.0
2023-12-14,601728,SELL,4.71,100,中国电信,471.0
2023-12-14,002309,BUY,2.81,100,中利集团,281.0
2023-12-15,600050,SELL,4.02,100,中国联通,402.0
2023-12-15,603993,BUY,4.48,100,洛阳钼业,448.0
2023-12-18,002309,BUY,2.63,100,中利集团,263.0
2023-12-20,600010,BUY,1.39,100,包钢股份,139.0
2023-12-25,301421,SELL,62.12,100,波长光电,6212.0
2023-12-25,601899,SELL,11.42,200,紫金矿业,2284.0
2023-12-26,002428,BUY,11.51,700,云南锗业,8057.0
2023-12-27,600050,BUY,4.05,100,中国联通,405.0
2023-12-29,603993,SELL,4.89,19500,洛阳钼业,95355.0
2024-01-02,601600,SELL,5.27,5500,中国铝业,28985.0
2024-01-02,000766,BUY,19.68,4800,通化金马,94464.0
2024-01-03,601577,SELL,5.96,17900,长沙银行,106684.0
2024-01-03,000858,SELL,117.38,300,五粮液,35214.0
2024-01-03,600050,SELL,4.01,100,中国联通,401.0
2024-01-03,601188,BUY,3.73,8000,龙江交通,29840.0
2024-01-03,000566,BUY,4.62,6400,海南海药,29568.0
2024-01-03,000063,BUY,23.96,1200,中兴通讯,28752.0
2024-01-03,000766,BUY,19.62,1500,通化金马,29430.0
2024-01-03,000848,BUY,6.9,4300,承德露露,29670.0
2024-01-04,301379,SELL,10.17,9400,天山电子,95598.0
2024-01-04,002639,SELL,7.83,1100,雪人集团,8613.0
2024-01-04,301421,BUY,59.6,400,波长光电,23840.0
2024-01-04,300394,BUY,31.09,800,天孚通信,24872.0
2024-01-04,000063,BUY,23.6,1000,中兴通讯,23600.0
2024-01-04,002309,BUY,2.83,8800,中利集团,24904.0
2024-01-04,002396,BUY,13.12,1900,星网锐捷,24928.0
2024-01-05,601800,SELL,6.97,4100,中国交建,28577.0
2024-01-05,600522,SELL,11.25,100,中天科技,1125.0
2024-01-05,600339,SELL,2.98,400,中油工程,1192.0
2024-01-05,000848,SELL,6.86,5700,承德露露,39102.0
2024-01-05,000930,SELL,6.68,63500,中粮科技,424180.0
2024-01-05,000063,SELL,23.23,2200,中兴通讯,51106.0
2024-01-05,601188,BUY,4.28,1600,龙江交通,6848.0
2024-01-05,000766,BUY,19.49,300,通化金马,5847.0
2024-01-05,301312,BUY,34.28,200,智立方,6856.0
2024-01-05,002931,BUY,13.03,500,锋龙股份,6515.0
2024-01-05,000977,BUY,29.95,200,浪潮信息,5990.0
2024-01-05,000938,BUY,17.48,400,紫光股份,6992.0
2024-01-05,002309,BUY,2.69,2600,中利集团,6994.0
2024-01-05,002174,BUY,11.75,600,游族网络,7050.0
2024-01-08,002309,SELL,2.71,42400,中利集团,114904.0
2024-01-08,000063,BUY,22.14,7100,中兴通讯,157194.0
2024-01-08,000566,BUY,4.4,36000,海南海药,158400.0
2024-01-08,000766,BUY,18.45,6200,通化金马,114390.0
2024-01-08,000848,BUY,6.76,16400,承德露露,110864.0
2024-01-09,601188,SELL,4.64,9600,龙江交通,44544.0
2024-01-09,002300,BUY,8.12,9000,太阳电缆,73080.0
2024-01-10,301312,BUY,32.0,1300,智立方,41600.0
2024-01-11,603606,BUY,31.42,100,东方电缆,3142.0
2024-01-15,002300,SELL,8.18,9000,太阳电缆,73620.0
2024-01-16,000063,BUY,22.77,3200,中兴通讯,72864.0
2024-01-17,000848,SELL,6.97,16400,承德露露,114308.0
2024-01-17,000566,BUY,4.21,100,海南海药,421.0
2024-01-17,000930,BUY,6.26,100,中粮科技,626.0
2024-01-17,002131,BUY,2.07,300,利欧股份,621.0
2024-01-18,600010,SELL,1.42,1200,包钢股份,1704.0
2024-01-18,601666,BUY,9.51,11900,平煤股份,113169.0
2024-01-19,601800,BUY,6.48,300,中国交建,1944.0
2024-01-25,300394,SELL,35.25,800,天孚通信,28200.0
2024-01-25,000977,SELL,33.15,200,浪潮信息,6630.0
2024-01-26,002300,BUY,6.95,5000,太阳电缆,34750.0
2024-01-29,002174,SELL,11.0,600,游族网络,6600.0
2024-01-30,002151,BUY,25.57,200,北斗星通,5114.0
2024-01-31,600176,SELL,8.66,11700,中国巨石,101322.0
2024-01-31,601666,SELL,9.83,11900,平煤股份,116977.0
2024-01-31,601800,SELL,7.96,300,中国交建,2388.0
2024-01-31,000566,BUY,3.74,400,海南海药,1496.0
2024-01-31,000657,BUY,7.52,200,中钨高新,1504.0
2024-01-31,000766,BUY,14.75,100,通化金马,1475.0
2024-01-31,000848,BUY,6.71,200,承德露露,1342.0
2024-01-31,000930,BUY,5.93,200,中粮科技,1186.0
2024-01-31,000938,BUY,15.38,100,紫光股份,1538.0
2024-01-31,002131,BUY,1.99,700,利欧股份,1393.0
2024-02-01,603606,BUY,29.31,4800,东方电缆,140688.0
2024-02-01,000858,BUY,110.09,500,五粮液,55045.0
2024-02-02,688205,BUY,23.78,600,德科立,14268.0
2024-02-05,002156,BUY,18.44,100,通富微电,1844.0
2024-02-06,002309,BUY,1.96,200,中利集团,392.0
2024-02-19,603606,SELL,31.65,4900,东方电缆,155085.0
2024-02-19,000858,SELL,118.49,500,五粮液,59245.0
2024-02-20,300620,BUY,42.26,5000,光库科技,211300.0
2024-02-21,000063,SELL,23.12,10300,中兴通讯,238136.0
2024-02-21,002156,SELL,21.28,100,通富微电,2128.0
2024-02-21,000566,BUY,3.53,800,海南海药,2824.0
2024-02-21,000657,BUY,7.85,300,中钨高新,2355.0
2024-02-21,000766,BUY,14.96,200,通化金马,2992.0
2024-02-21,000848,BUY,7.02,400,承德露露,2808.0
2024-02-21,000930,BUY,6.12,500,中粮科技,3060.0
2024-02-21,000938,BUY,17.24,100,紫光股份,1724.0
2024-02-21,002131,BUY,2.14,1400,利欧股份,2996.0
2024-02-21,002151,BUY,25.51,100,北斗星通,2551.0
2024-02-22,000938,SELL,17.98,1100,紫光股份,19778.0
2024-02-22,002396,SELL,11.59,1900,星网锐捷,22021.0
2024-02-22,000930,SELL,6.12,800,中粮科技,4896.0
2024-02-22,002131,SELL,2.15,2400,利欧股份,5160.0
2024-02-22,000657,SELL,7.87,500,中钨高新,3935.0
2024-02-22,000848,SELL,7.05,600,承德露露,4230.0
2024-02-22,300620,SELL,42.88,5000,光库科技,214400.0
2024-02-22,002931,BUY,13.02,12000,锋龙股份,156240.0
2024-02-22,000566,BUY,3.56,41800,海南海药,148808.0
2024-02-22,000063,BUY,23.95,2500,中兴通讯,59875.0
2024-02-22,000858,BUY,122.79,600,五粮液,73674.0
2024-02-23,000858,SELL,123.32,600,五粮液,73992.0
2024-02-23,000566,BUY,3.68,15700,海南海药,57776.0
2024-02-23,002300,BUY,6.22,9300,太阳电缆,57846.0
2024-02-26,300293,SELL,13.8,600,蓝英装备,8280.0
2024-02-26,301421,SELL,48.24,400,波长光电,19296.0
2024-02-26,688205,SELL,28.39,600,德科立,17034.0
2024-02-26,000063,SELL,24.22,2500,中兴通讯,60550.0
2024-02-26,600396,BUY,2.42,6700,华电辽能,16214.0
2024-02-26,002931,BUY,15.01,1000,锋龙股份,15010.0
2024-02-26,600702,BUY,78.3,200,舍得酒业,15660.0
2024-02-26,000848,BUY,6.95,2300,承德露露,15985.0
2024-02-26,000858,BUY,121.63,100,五粮液,12163.0
2024-02-26,000930,BUY,6.08,2600,中粮科技,15808.0
2024-02-26,002151,BUY,26.72,600,北斗星通,16032.0
2024-02-27,000858,SELL,121.63,100,五粮液,12163.0
2024-02-27,002475,BUY,27.61,500,立讯精密,13805.0
2024-02-27,000977,BUY,37.4,300,浪潮信息,11220.0
2024-02-28,601188,BUY,3.17,500,龙江交通,1585.0
2024-02-29,603123,SELL,8.56,2500,翠微股份,21400.0
2024-02-29,002151,SELL,27.33,4200,北斗星通,114786.0
2024-02-29,002428,SELL,10.81,700,云南锗业,7567.0
2024-02-29,000566,SELL,3.7,101200,海南海药,374440.0
2024-02-29,301312,SELL,25.44,1500,智立方,38160.0
2024-02-29,002931,SELL,13.95,13500,锋龙股份,188325.0
2024-02-29,002300,SELL,6.24,14300,太阳电缆,89232.0
2024-02-29,600702,SELL,77.84,200,舍得酒业,15568.0
2024-02-29,000848,SELL,6.91,2300,承德露露,15893.0
2024-02-29,000930,SELL,6.21,2600,中粮科技,16146.0
2024-02-29,002475,SELL,27.09,500,立讯精密,13545.0
2024-02-29,000977,SELL,37.14,300,浪潮信息,11142.0
2024-03-01,600800,BUY,2.73,59700,渤海化学,162981.0
2024-03-01,000566,BUY,3.71,41500,海南海药,153965.0
2024-03-01,000063,BUY,28.89,2900,中兴通讯,83781.0
2024-03-01,000766,BUY,15.24,4500,通化金马,68580.0
2024-03-01,000848,BUY,6.93,12700,承德露露,88011.0
2024-03-01,000858,BUY,124.09,700,五粮液,86863.0
2024-03-01,000930,BUY,6.2,24800,中粮科技,153760.0
2024-03-04,600800,SELL,2.66,59700,渤海化学,158802.0
2024-03-04,000566,SELL,3.76,41500,海南海药,156040.0
2024-03-04,000858,SELL,122.12,700,五粮液,85484.0
2024-03-04,000930,SELL,6.1,24800,中粮科技,151280.0
2024-03-04,601728,BUY,5.42,17300,中国电信,93766.0
2024-03-04,600941,BUY,93.34,1000,中国移动,93340.0
2024-03-04,000063,BUY,28.64,2900,中兴通讯,83056.0
2024-03-04,000848,BUY,6.91,15600,承德露露,107796.0
2024-03-04,000977,BUY,42.9,2500,浪潮信息,107250.0
2024-03-04,000938,BUY,25.2,4300,紫光股份,108360.0
2024-03-05,601188,SELL,3.6,500,龙江交通,1800.0
2024-03-05,000063,SELL,27.53,5800,中兴通讯,159674.0
2024-03-05,601800,BUY,7.75,8500,中国交建,65875.0
2024-03-05,688271,BUY,141.51,400,联影医疗,56604.0
2024-03-05,000566,BUY,3.63,18200,海南海药,66066.0
2024-03-06,000766,SELL,17.78,17600,通化金马,312928.0
2024-03-06,000848,SELL,6.87,28300,承德露露,194421.0
2024-03-06,000977,SELL,41.55,2500,浪潮信息,103875.0
2024-03-06,000938,SELL,24.3,4300,紫光股份,104490.0
2024-03-06,000063,BUY,27.98,1400,中兴通讯,39172.0
2024-03-06,000566,BUY,3.64,10800,海南海药,39312.0
2024-03-06,000657,BUY,8.13,4800,中钨高新,39024.0
2024-03-06,000930,BUY,6.0,6500,中粮科技,39000.0
2024-03-06,000858,BUY,121.02,300,五粮液,36306.0
2024-03-06,002151,BUY,27.68,1400,北斗星通,38752.0
2024-03-06,002300,BUY,6.29,6200,太阳电缆,38998.0
2024-03-06,002309,BUY,2.3,17100,中利集团,39330.0
2024-03-06,002378,BUY,4.79,8200,章源钨业,39278.0
2024-03-07,000858,SELL,120.31,300,五粮液,36093.0
2024-03-07,000063,BUY,27.1,4000,中兴通讯,108400.0
2024-03-07,000566,BUY,3.59,22900,海南海药,82211.0
2024-03-07,000657,BUY,8.27,18900,中钨高新,156303.0
2024-03-07,000938,BUY,24.71,2400,紫光股份,59304.0
2024-03-08,600396,SELL,2.37,6700,华电辽能,15879.0
2024-03-08,600941,SELL,97.37,1000,中国移动,97370.0
2024-03-08,000566,SELL,3.58,51900,海南海药,185802.0
2024-03-08,000063,SELL,28.55,5400,中兴通讯,154170.0
2024-03-08,000657,SELL,8.74,23700,中钨高新,207138.0
2024-03-08,002151,SELL,27.67,1400,北斗星通,38738.0
2024-03-08,002300,SELL,6.25,6200,太阳电缆,38750.0
2024-03-08,002378,SELL,4.99,8200,章源钨业,40918.0
2024-03-08,000938,SELL,24.64,2400,紫光股份,59136.0
2024-03-08,002309,BUY,2.4,14900,中利集团,35760.0
2024-03-08,000858,BUY,120.46,200,五粮液,24092.0
2024-03-08,000930,BUY,5.97,5900,中粮科技,35223.0
2024-03-08,600900,BUY,23.48,1500,长江电力,35220.0
2024-03-08,601899,BUY,13.92,2500,紫金矿业,34800.0
2024-03-08,600988,BUY,14.12,2500,赤峰黄金,35300.0
2024-03-08,601666,BUY,12.17,2900,平煤股份,35293.0
2024-03-11,600900,SELL,23.42,1500,长江电力,35130.0
2024-03-11,600988,SELL,14.14,2500,赤峰黄金,35350.0
2024-03-11,601666,SELL,11.54,2900,平煤股份,33466.0
2024-03-11,601800,BUY,7.56,84300,中国交建,637308.0
2024-03-11,688271,BUY,137.04,700,联影医疗,95928.0
2024-03-12,601899,SELL,13.42,2500,紫金矿业,33550.0
2024-03-12,000848,BUY,7.02,1200,承德露露,8424.0
2024-03-12,000930,BUY,6.0,1400,中粮科技,8400.0
2024-03-12,603589,BUY,38.87,200,口子窖,7774.0
2024-03-12,000657,BUY,8.55,1000,中钨高新,8550.0
2024-03-12,000566,BUY,3.74,2300,海南海药,8602.0
2024-03-13,002309,SELL,2.4,32200,中利集团,77280.0
2024-03-13,000657,SELL,9.1,1000,中钨高新,9100.0
2024-03-13,000566,BUY,3.72,100,海南海药,372.0
2024-03-13,002131,BUY,2.27,200,利欧股份,454.0
2024-03-14,000566,SELL,3.73,2400,海南海药,8952.0
2024-03-14,688271,BUY,139.87,600,联影医疗,83922.0
2024-03-15,300285,BUY,18.18,600,国瓷材料,10908.0
2024-03-18,002131,SELL,2.27,200,利欧股份,454.0
2024-03-19,000858,SELL,136.95,200,五粮液,27390.0
2024-03-19,603589,SELL,38.97,200,口子窖,7794.0
2024-03-19,601728,BUY,5.2,100,中国电信,520.0
2024-03-19,600050,BUY,4.31,100,中国联通,431.0
2024-03-19,000930,BUY,5.93,100,中粮科技,593.0
2024-03-20,000848,SELL,7.41,1200,承德露露,8892.0
2024-03-20,000063,BUY,27.61,1200,中兴通讯,33132.0
2024-03-21,300285,BUY,17.9,500,国瓷材料,8950.0
2024-03-22,000063,SELL,26.38,1200,中兴通讯,31656.0
2024-03-22,002131,BUY,2.28,400,利欧股份,912.0
2024-03-22,000930,BUY,5.81,100,中粮科技,581.0
2024-03-22,000657,BUY,10.04,100,中钨高新,1004.0
2024-03-22,002309,BUY,2.3,400,中利集团,920.0
2024-03-22,002300,BUY,6.35,100,太阳电缆,635.0
2024-03-22,002842,BUY,6.56,100,翔鹭钨业,656.0
2024-03-25,002131,SELL,2.22,400,利欧股份,888.0
2024-03-25,002309,SELL,2.22,400,中利集团,888.0
2024-03-25,002300,SELL,6.21,100,太阳电缆,621.0
2024-03-25,600941,BUY,93.33,300,中国移动,27999.0
2024-03-26,600096,BUY,16.36,100,云天化,1636.0
2024-03-27,600050,BUY,4.25,100,中国联通,425.0
2024-03-28,601728,SELL,5.44,17400,中国电信,94656.0
2024-03-28,002131,BUY,2.17,100,利欧股份,217.0
2024-03-29,000063,BUY,26.48,3500,中兴通讯,92680.0
2024-04-01,600941,SELL,93.86,300,中国移动,28158.0
2024-04-01,002498,BUY,3.64,500,汉缆股份,1820.0
2024-04-01,300059,BUY,12.95,100,东方财富,1295.0
2024-04-01,300013,BUY,2.95,700,新宁物流,2065.0
2024-04-01,002639,BUY,7.09,200,雪人集团,1418.0
2024-04-01,600487,BUY,12.47,100,亨通光电,1247.0
2024-04-01,000848,BUY,7.37,200,承德露露,1474.0
2024-04-01,002131,BUY,2.19,900,利欧股份,1971.0
2024-04-01,002174,BUY,10.52,200,游族网络,2104.0
2024-04-02,002174,BUY,10.2,1600,游族网络,16320.0
2024-04-03,601800,SELL,8.06,92800,中国交建,747968.0
2024-04-03,000848,SELL,7.38,200,承德露露,1476.0
2024-04-03,002131,BUY,2.15,200,利欧股份,430.0
2024-04-08,002931,BUY,13.53,55400,锋龙股份,749562.0
2024-04-09,000930,SELL,6.04,14000,中粮科技,84560.0
2024-04-09,002842,SELL,7.26,100,翔鹭钨业,726.0
2024-04-09,600096,SELL,16.59,100,云天化,1659.0
2024-04-09,002639,SELL,6.93,200,雪人集团,1386.0
2024-04-10,000657,SELL,11.34,100,中钨高新,1134.0
2024-04-10,002300,BUY,5.9,14900,太阳电缆,87910.0
2024-04-11,300285,SELL,17.68,1100,国瓷材料,19448.0
2024-04-11,000566,BUY,3.65,400,海南海药,1460.0
2024-04-11,000657,BUY,11.46,100,中钨高新,1146.0
2024-04-11,000848,BUY,7.37,200,承德露露,1474.0
2024-04-11,000930,BUY,6.02,200,中粮科技,1204.0
2024-04-11,002131,BUY,2.11,700,利欧股份,1477.0
2024-04-12,000657,SELL,11.28,100,中钨高新,1128.0
2024-04-12,002281,BUY,34.19,400,光迅科技,13676.0
2024-04-15,000848,SELL,7.44,200,承德露露,1488.0
2024-04-15,002735,BUY,10.23,100,王子新材,1023.0
2024-04-15,603123,BUY,7.13,200,翠微股份,1426.0
2024-04-16,601611,BUY,7.25,100,中国核建,725.0
2024-04-17,002498,SELL,3.63,500,汉缆股份,1815.0
2024-04-17,000930,SELL,5.83,200,中粮科技,1166.0
2024-04-18,000566,BUY,3.33,900,海南海药,2997.0
2024-04-19,000063,SELL,26.52,3500,中兴通讯,92820.0
2024-04-19,601611,SELL,7.68,100,中国核建,768.0
2024-04-22,600487,SELL,12.71,100,亨通光电,1271.0
2024-04-22,300285,BUY,18.12,5100,国瓷材料,92412.0
2024-04-23,600050,SELL,4.37,200,中国联通,874.0
2024-04-23,300285,SELL,18.67,5100,国瓷材料,95217.0
2024-04-23,002428,BUY,9.7,200,云南锗业,1940.0
2024-04-23,600594,BUY,3.91,600,益佰制药,2346.0
2024-04-23,600010,BUY,1.59,1500,包钢股份,2385.0
2024-04-23,600800,BUY,2.41,1000,渤海化学,2410.0
2024-04-23,301312,BUY,18.73,100,智立方,1873.0
2024-04-23,002436,BUY,10.63,200,兴森科技,2126.0
2024-04-23,002792,BUY,10.48,200,通宇通讯,2096.0
2024-04-23,603123,BUY,7.06,300,翠微股份,2118.0
2024-04-24,000930,BUY,5.64,14400,中粮科技,81216.0
2024-05-06,688271,SELL,131.06,1700,联影医疗,222802.0
2024-05-06,300059,SELL,13.14,100,东方财富,1314.0
2024-05-06,002174,SELL,9.79,1800,游族网络,17622.0
2024-05-06,002436,SELL,11.84,200,兴森科技,2368.0
2024-05-07,002281,SELL,35.15,400,光迅科技,14060.0
2024-05-07,002735,SELL,13.66,100,王子新材,1366.0
2024-05-07,002991,BUY,75.9,3200,甘源食品,242880.0
2024-05-08,000566,SELL,3.82,1300,海南海药,4966.0
2024-05-08,301312,SELL,18.99,100,智立方,1899.0
2024-05-08,000930,SELL,6.42,14400,中粮科技,92448.0
2024-05-08,601899,BUY,16.31,1000,紫金矿业,16310.0
2024-05-08,600941,BUY,90.67,100,中国移动,9067.0
2024-05-08,601728,BUY,5.43,3000,中国电信,16290.0
2024-05-08,002624,BUY,8.99,1800,完美世界,16182.0
2024-05-08,002428,BUY,10.61,1500,云南锗业,15915.0
2024-05-08,002151,BUY,28.92,500,北斗星通,14460.0
2024-05-08,002131,BUY,1.95,8500,利欧股份,16575.0
2024-05-09,002931,SELL,13.16,55400,锋龙股份,729064.0
2024-05-09,002300,SELL,5.84,14900,太阳电缆,87016.0
2024-05-09,603123,SELL,7.36,500,翠微股份,3680.0
2024-05-09,600800,SELL,2.64,1000,渤海化学,2640.0
2024-05-09,002792,SELL,11.48,200,通宇通讯,2296.0
2024-05-09,002151,SELL,28.91,500,北斗星通,14455.0
2024-05-09,600900,BUY,23.06,400,长江电力,9224.0
2024-05-09,601766,BUY,6.49,1700,中国中车,11033.0
2024-05-09,000566,BUY,3.8,2900,海南海药,11020.0
2024-05-09,002378,BUY,7.03,1500,章源钨业,10545.0
2024-05-09,000977,BUY,39.1,200,浪潮信息,7820.0
2024-05-09,000938,BUY,20.65,500,紫光股份,10325.0
2024-05-09,002131,BUY,1.91,5800,利欧股份,11078.0
2024-05-09,002281,BUY,35.2,300,光迅科技,10560.0
2024-05-09,002174,BUY,9.65,1100,游族网络,10615.0
2024-05-10,000566,SELL,3.7,2900,海南海药,10730.0
2024-05-10,600339,BUY,3.32,225500,中油工程,748660.0
2024-05-13,002281,SELL,33.25,300,光迅科技,9975.0
2024-05-13,600757,BUY,6.58,3000,长江传媒,19740.0
2024-05-14,002428,SELL,10.23,1700,云南锗业,17391.0
2024-05-14,300394,BUY,47.98,200,天孚通信,9596.0
2024-05-14,600900,BUY,23.26,400,长江电力,9304.0
2024-05-14,000977,BUY,39.73,200,浪潮信息,7946.0
2024-05-15,300013,BUY,2.04,400,新宁物流,816.0
2024-05-16,600594,SELL,4.03,600,益佰制药,2418.0
2024-05-16,601899,SELL,17.08,1000,紫金矿业,17080.0
2024-05-17,002378,SELL,6.62,1500,章源钨业,9930.0
2024-05-17,002174,SELL,9.21,1100,游族网络,10131.0
2024-05-17,600339,SELL,3.35,225500,中油工程,755425.0
2024-05-17,002131,BUY,1.86,10500,利欧股份,19530.0
2024-05-17,600498,BUY,16.54,1100,烽火通信,18194.0
2024-05-17,300293,BUY,12.81,1500,蓝英装备,19215.0
2024-05-17,601666,BUY,11.36,1700,平煤股份,19312.0
2024-05-17,000938,BUY,21.7,900,紫光股份,19530.0
2024-05-17,000858,BUY,136.12,100,五粮液,13612.0
2024-05-17,000977,BUY,38.85,500,浪潮信息,19425.0
2024-05-17,000766,BUY,16.42,1100,通化金马,18062.0
2024-05-17,002281,BUY,34.89,500,光迅科技,17445.0
2024-05-20,002739,BUY,13.75,45800,万达电影,629750.0
2024-05-21,603993,BUY,7.91,100,洛阳钼业,791.0
2024-05-22,300013,SELL,1.99,1100,新宁物流,2189.0
2024-05-22,000977,SELL,39.71,900,浪潮信息,35739.0
2024-05-22,000938,SELL,23.13,1400,紫光股份,32382.0
2024-05-22,000858,SELL,135.0,100,五粮液,13500.0
2024-05-22,002281,SELL,36.01,500,光迅科技,18005.0
2024-05-22,002131,BUY,1.81,100,利欧股份,181.0
2024-05-22,002309,BUY,1.79,100,中利集团,179.0
2024-05-23,600900,SELL,23.77,800,长江电力,19016.0
2024-05-23,002151,BUY,26.85,3700,北斗星通,99345.0
2024-05-24,600757,SELL,6.68,3000,长江传媒,20040.0
2024-05-24,601666,SELL,11.64,1700,平煤股份,19788.0
2024-05-24,002309,SELL,1.79,100,中利集团,179.0
2024-05-24,600941,BUY,88.0,200,中国移动,17600.0
2024-05-24,000063,BUY,25.36,800,中兴通讯,20288.0
2024-05-24,002428,BUY,9.62,2200,云南锗业,21164.0
2024-05-27,000766,BUY,15.76,100,通化金马,1576.0
2024-05-28,603123,BUY,6.68,100,翠微股份,668.0
2024-05-29,601728,SELL,5.38,3000,中国电信,16140.0
2024-05-30,300293,SELL,15.96,1500,蓝英装备,23940.0
2024-05-30,000848,BUY,7.96,2000,承德露露,15920.0
2024-05-30,300285,BUY,18.71,800,国瓷材料,14968.0
2024-05-30,600941,BUY,90.06,100,中国移动,9006.0
2024-05-31,600800,BUY,2.44,100,渤海化学,244.0
2024-06-04,600941,SELL,91.63,400,中国移动,36652.0
2024-06-05,000930,BUY,5.92,6200,中粮科技,36704.0
2024-06-12,601766,SELL,6.42,1700,中国中车,10914.0
2024-06-13,601666,BUY,11.55,900,平煤股份,10395.0
2024-06-14,002498,BUY,3.44,100,汉缆股份,344.0
2024-06-17,600010,BUY,1.42,100,包钢股份,142.0
2024-06-20,000766,SELL,16.9,1200,通化金马,20280.0
2024-06-20,000063,SELL,25.99,800,中兴通讯,20792.0
2024-06-21,300394,SELL,50.41,200,天孚通信,10082.0
2024-06-21,601766,BUY,6.62,6200,中国中车,41044.0
2024-06-24,002465,BUY,10.06,1000,海格通信,10060.0
2024-06-25,601766,SELL,6.51,6200,中国中车,40362.0
2024-06-26,002428,SELL,10.93,2200,云南锗业,24046.0
2024-06-26,301312,BUY,18.23,2200,智立方,40106.0
2024-06-27,603993,SELL,7.7,100,洛阳钼业,770.0
2024-06-27,600875,BUY,16.47,1400,东方电气,23058.0
2024-06-28,300293,BUY,14.28,100,蓝英装备,1428.0
2024-07-01,002378,BUY,5.75,100,章源钨业,575.0
2024-07-03,301312,SELL,17.79,2200,智立方,39138.0
2024-07-04,603606,BUY,37.37,1000,东方电缆,37370.0
2024-07-05,002396,BUY,9.46,100,星网锐捷,946.0
2024-07-08,002131,BUY,1.36,600,利欧股份,816.0
2024-07-09,600010,SELL,1.42,1600,包钢股份,2272.0
2024-07-10,002156,BUY,22.88,100,通富微电,2288.0
2024-07-16,002131,SELL,1.47,27400,利欧股份,40278.0
2024-07-17,600498,SELL,15.24,1100,烽火通信,16764.0
2024-07-17,002151,SELL,24.81,3700,北斗星通,91797.0
2024-07-17,002156,SELL,23.01,100,通富微电,2301.0
2024-07-17,600875,BUY,15.43,2600,东方电气,40118.0
2024-07-17,000766,BUY,16.41,2400,通化金马,39384.0
2024-07-17,000657,BUY,8.64,4600,中钨高新,39744.0
2024-07-18,601611,BUY,7.79,4100,中国核建,31939.0
2024-07-19,300285,SELL,18.96,800,国瓷材料,15168.0
2024-07-22,002281,BUY,35.04,400,光迅科技,14016.0
2024-07-23,300293,SELL,17.58,100,蓝英装备,1758.0
2024-07-23,002300,BUY,4.67,200,太阳电缆,934.0
2024-07-23,002918,BUY,7.69,100,蒙娜丽莎,769.0
2024-07-23,600594,BUY,2.98,400,益佰制药,1192.0
2024-07-24,002624,SELL,6.97,1800,完美世界,12546.0
2024-07-24,603606,SELL,40.9,1000,东方电缆,40900.0
2024-07-25,000766,SELL,15.31,2400,通化金马,36744.0
2024-07-25,600522,BUY,14.58,3600,中天科技,52488.0
2024-07-26,002300,BUY,4.74,7900,太阳电缆,37446.0
2024-07-30,600522,SELL,14.7,3600,中天科技,52920.0
2024-07-31,301312,BUY,19.23,2700,智立方,51921.0
2024-08-01,301379,BUY,8.71,100,天山电子,871.0
2024-08-02,603123,SELL,6.24,100,翠微股份,624.0
2024-08-02,000848,SELL,7.23,2000,承德露露,14460.0
2024-08-02,600800,SELL,2.05,100,渤海化学,205.0
2024-08-02,000930,SELL,5.06,6200,中粮科技,31372.0
2024-08-02,002498,SELL,3.12,100,汉缆股份,312.0
2024-08-02,600875,SELL,15.17,4000,东方电气,60680.0
2024-08-02,002300,SELL,4.83,8100,太阳电缆,39123.0
2024-08-02,002918,SELL,8.03,100,蒙娜丽莎,803.0
2024-08-05,002465,SELL,9.47,1000,海格通信,9470.0
2024-08-05,002396,SELL,9.44,100,星网锐捷,944.0
2024-08-05,601611,SELL,7.76,4100,中国核建,31816.0
2024-08-05,301312,SELL,17.25,2700,智立方,46575.0
2024-08-05,301379,SELL,7.86,100,天山电子,786.0
2024-08-05,000063,BUY,25.02,5100,中兴通讯,127602.0
2024-08-05,000858,BUY,113.71,600,五粮液,68226.0
2024-08-06,600594,SELL,3.28,400,益佰制药,1312.0
2024-08-06,000858,BUY,113.62,300,五粮液,34086.0
2024-08-07,000063,BUY,25.23,300,中兴通讯,7569.0
2024-08-08,601666,SELL,9.63,900,平煤股份,8667.0
2024-08-08,601728,BUY,5.45,200,中国电信,1090.0
2024-08-08,600050,BUY,4.31,300,中国联通,1293.0
2024-08-08,600522,BUY,13.37,100,中天科技,1337.0
2024-08-08,002428,BUY,12.36,100,云南锗业,1236.0
2024-08-09,002156,BUY,20.59,200,通富微电,4118.0
2024-08-12,002991,SELL,47.47,3200,甘源食品,151904.0
2024-08-12,002436,BUY,8.66,100,兴森科技,866.0
2024-08-13,000858,SELL,113.35,900,五粮液,102015.0
2024-08-13,000766,BUY,14.14,10700,通化金马,151298.0
2024-08-13,002991,BUY,47.01,1600,甘源食品,75216.0
2024-08-14,002378,SELL,5.17,100,章源钨业,517.0
2024-08-14,002309,BUY,1.61,17100,中利集团,27531.0
2024-08-15,002131,BUY,1.43,300,利欧股份,429.0
2024-08-21,600050,SELL,4.47,300,中国联通,1341.0
2024-08-21,002436,SELL,9.17,100,兴森科技,917.0
2024-08-22,002309,SELL,1.95,17100,中利集团,33345.0
2024-08-22,600988,BUY,18.34,100,赤峰黄金,1834.0
2024-08-22,002465,BUY,8.78,200,海格通信,1756.0
2024-08-22,002498,BUY,3.0,700,汉缆股份,2100.0
2024-08-22,600522,BUY,12.48,100,中天科技,1248.0
2024-08-22,600396,BUY,2.26,1000,华电辽能,2260.0
2024-08-22,300293,BUY,14.17,100,蓝英装备,1417.0
2024-08-22,301379,BUY,7.65,300,天山电子,2295.0
2024-08-22,600176,BUY,9.65,200,中国巨石,1930.0
2024-08-23,601728,SELL,5.75,200,中国电信,1150.0
2024-08-23,688271,BUY,106.0,100,联影医疗,10600.0
2024-08-23,000858,BUY,109.3,100,五粮液,10930.0
2024-08-26,000930,BUY,4.85,100,中粮科技,485.0
2024-08-28,002428,SELL,13.58,100,云南锗业,1358.0
2024-08-29,603123,BUY,5.76,200,翠微股份,1152.0
2024-08-30,002131,BUY,1.41,100,利欧股份,141.0
2024-09-03,002991,SELL,48.55,1600,甘源食品,77680.0
2024-09-04,000766,SELL,15.22,10700,通化金马,162854.0
2024-09-04,002174,BUY,7.28,10600,游族网络,77168.0
2024-09-04,603551,BUY,8.01,9700,奥普科技,77697.0
2024-09-04,601869,BUY,22.69,3400,长飞光纤,77146.0
2024-09-05,301379,SELL,8.16,300,天山电子,2448.0
2024-09-05,002174,SELL,7.53,10600,游族网络,79818.0
2024-09-05,601800,BUY,7.1,1200,中国交建,8520.0
2024-09-05,600900,BUY,27.19,300,长江电力,8157.0
2024-09-05,000848,BUY,6.55,1300,承德露露,8515.0
2024-09-05,601188,BUY,2.96,2900,龙江交通,8584.0
2024-09-05,600419,BUY,7.28,1100,天润乳业,8008.0
2024-09-05,601577,BUY,6.38,1300,长沙银行,8294.0
2024-09-05,000657,BUY,7.54,1100,中钨高新,8294.0
2024-09-05,002131,BUY,1.38,6200,利欧股份,8556.0
2024-09-06,300293,SELL,15.81,100,蓝英装备,1581.0
2024-09-06,300308,BUY,98.82,200,中际旭创,19764.0
2024-09-09,600988,BUY,16.54,300,赤峰黄金,4962.0
2024-09-10,002300,BUY,4.46,100,太阳电缆,446.0
2024-09-11,600522,SELL,13.16,200,中天科技,2632.0
2024-09-11,603123,SELL,6.48,200,翠微股份,1296.0
2024-09-11,600339,BUY,2.85,100,中油工程,285.0
2024-09-12,601188,SELL,2.91,2900,龙江交通,8439.0
2024-09-12,301312,BUY,18.41,200,智立方,3682.0
2024-09-12,601600,BUY,5.96,600,中国铝业,3576.0
2024-09-12,000657,BUY,7.32,500,中钨高新,3660.0
2024-09-13,601766,BUY,6.36,200,中国中车,1272.0
2024-09-18,600010,BUY,1.38,100,包钢股份,138.0
2024-09-20,002131,SELL,1.44,6600,利欧股份,9504.0
2024-09-23,600396,SELL,2.27,1000,华电辽能,2270.0
2024-09-23,301379,BUY,7.78,1200,天山电子,9336.0
2024-09-24,601600,SELL,6.84,600,中国铝业,4104.0
2024-09-24,002428,BUY,11.55,200,云南锗业,2310.0
2024-09-24,300285,BUY,15.11,100,国瓷材料,1511.0
2024-09-24,600096,BUY,17.7,100,云天化,1770.0
2024-09-25,600988,SELL,18.57,400,赤峰黄金,7428.0
2024-09-25,601188,BUY,2.98,300,龙江交通,894.0
2024-09-25,002639,BUY,5.31,200,雪人集团,1062.0
2024-09-25,600176,BUY,9.43,100,中国巨石,943.0
2024-09-25,002498,BUY,2.96,300,汉缆股份,888.0
2024-09-25,002300,BUY,4.61,200,太阳电缆,922.0
2024-09-26,000657,SELL,8.41,6200,中钨高新,52142.0
2024-09-26,000063,SELL,25.48,5400,中兴通讯,137592.0
2024-09-26,600176,SELL,9.97,300,中国巨石,2991.0
2024-09-26,000848,SELL,7.12,1300,承德露露,9256.0
2024-09-26,000566,BUY,3.83,900,海南海药,3447.0
2024-09-26,000766,BUY,14.52,200,通化金马,2904.0
2024-09-26,002309,BUY,2.48,1500,中利集团,3720.0
2024-09-26,000930,BUY,5.19,700,中粮科技,3633.0
2024-09-26,000938,BUY,20.23,100,紫光股份,2023.0
2024-09-26,002151,BUY,24.15,100,北斗星通,2415.0
2024-09-26,002131,BUY,1.56,2400,利欧股份,3744.0
2024-09-26,002174,BUY,7.99,400,游族网络,3196.0
2024-09-27,002465,SELL,9.61,200,海格通信,1922.0
2024-09-27,002174,SELL,8.44,400,游族网络,3376.0
2024-09-27,603606,BUY,41.1,4300,东方电缆,176730.0
2024-09-30,000063,BUY,30.18,300,中兴通讯,9054.0
2024-10-08,002131,BUY,1.98,100,利欧股份,198.0
2024-10-09,002739,SELL,11.12,45800,万达电影,509296.0
2024-10-09,000858,SELL,133.28,100,五粮液,13328.0
2024-10-09,600900,SELL,26.66,300,长江电力,7998.0
2024-10-09,600419,SELL,8.25,1100,天润乳业,9075.0
2024-10-09,601577,SELL,7.18,1300,长沙银行,9334.0
2024-10-09,600096,SELL,19.9,100,云天化,1990.0
2024-10-09,000766,SELL,14.93,200,通化金马,2986.0
2024-10-09,603606,SELL,43.1,4300,东方电缆,185330.0
2024-10-10,002281,SELL,32.24,400,光迅科技,12896.0
2024-10-10,002156,SELL,23.66,200,通富微电,4732.0
2024-10-10,002498,SELL,3.38,1000,汉缆股份,3380.0
2024-10-10,688271,SELL,124.16,100,联影医疗,12416.0
2024-10-10,000930,SELL,6.05,800,中粮科技,4840.0
2024-10-10,603551,SELL,9.06,9700,奥普科技,87882.0
2024-10-10,601869,SELL,26.93,3400,长飞光纤,91562.0
2024-10-10,601800,SELL,9.6,1200,中国交建,11520.0
2024-10-10,300308,SELL,161.73,200,中际旭创,32346.0
2024-10-10,002300,SELL,5.11,300,太阳电缆,1533.0
2024-10-10,600339,SELL,3.63,100,中油工程,363.0
2024-10-10,301312,SELL,23.06,200,智立方,4612.0
2024-10-10,601766,SELL,7.99,200,中国中车,1598.0
2024-10-10,600010,SELL,1.7,100,包钢股份,170.0
2024-10-10,301379,SELL,9.61,1200,天山电子,11532.0
2024-10-10,002428,SELL,14.08,200,云南锗业,2816.0
2024-10-10,300285,SELL,19.36,100,国瓷材料,1936.0
2024-10-10,601188,SELL,3.33,300,龙江交通,999.0
2024-10-10,002639,SELL,6.0,200,雪人集团,1200.0
2024-10-10,000566,SELL,4.08,900,海南海药,3672.0
2024-10-10,000938,SELL,24.26,100,紫光股份,2426.0
2024-10-10,002151,SELL,28.06,100,北斗星通,2806.0
2024-10-10,002131,SELL,1.73,2500,利欧股份,4325.0
2024-10-10,000063,SELL,30.66,300,中兴通讯,9198.0
2024-10-10,000858,BUY,137.16,600,五粮液,82296.0
2024-10-10,000848,BUY,7.47,19300,承德露露,144171.0
2024-10-10,000766,BUY,14.9,9600,通化金马,143040.0
2024-10-10,002309,BUY,2.09,69000,中利集团,144210.0
2024-10-10,600757,BUY,8.12,17700,长江传媒,143724.0
2024-10-10,600702,BUY,71.64,800,舍得酒业,57312.0
2024-10-10,600988,BUY,17.68,8100,赤峰黄金,143208.0
2024-10-10,600050,BUY,5.08,19200,中国联通,97536.0
2024-10-11,600702,SELL,64.47,800,舍得酒业,51576.0
2024-10-11,000063,BUY,28.91,3200,中兴通讯,92512.0
2024-10-14,600757,SELL,8.12,17700,长江传媒,143724.0
2024-10-14,600050,SELL,4.93,19200,中国联通,94656.0
2024-10-14,002309,BUY,1.93,27800,中利集团,53654.0
2024-10-14,000566,BUY,4.07,13100,海南海药,53317.0
2024-10-14,000063,BUY,29.46,1800,中兴通讯,53028.0
2024-10-14,000657,BUY,9.01,5900,中钨高新,53159.0
2024-10-14,000766,BUY,15.28,3500,通化金马,53480.0
2024-10-15,600988,SELL,18.01,8100,赤峰黄金,145881.0
2024-10-15,000063,BUY,29.04,800,中兴通讯,23232.0
2024-10-15,000566,BUY,4.0,6300,海南海药,25200.0
2024-10-15,000657,BUY,8.69,2900,中钨高新,25201.0
2024-10-15,000766,BUY,14.86,1700,通化金马,25262.0
2024-10-15,000848,BUY,7.11,3500,承德露露,24885.0
2024-10-15,000858,BUY,129.96,100,五粮液,12996.0
2024-10-15,000930,BUY,5.87,4300,中粮科技,25241.0
2024-10-16,000766,SELL,15.36,14800,通化金马,227328.0
2024-10-16,000566,BUY,4.0,2300,海南海药,9200.0
2024-10-16,000657,BUY,8.68,1000,中钨高新,8680.0
2024-10-16,000848,BUY,7.11,1300,承德露露,9243.0
2024-10-16,000930,BUY,5.69,1600,中粮科技,9104.0
2024-10-16,000938,BUY,22.78,400,紫光股份,9112.0
2024-10-16,002131,BUY,1.66,5500,利欧股份,9130.0
2024-10-16,000977,BUY,40.76,200,浪潮信息,8152.0
2024-10-16,002151,BUY,26.9,300,北斗星通,8070.0
2024-10-17,000566,BUY,3.98,32800,海南海药,130544.0
2024-10-18,000858,SELL,129.06,700,五粮液,90342.0
2024-10-18,000848,SELL,7.14,24100,承德露露,172074.0
2024-10-18,000657,SELL,8.71,9800,中钨高新,85358.0
2024-10-18,000930,SELL,5.83,5900,中粮科技,34397.0
2024-10-18,002151,SELL,27.89,300,北斗星通,8367.0
2024-10-18,000063,BUY,29.92,1100,中兴通讯,32912.0
2024-10-18,000566,BUY,4.03,8700,海南海药,35061.0
2024-10-18,000977,BUY,43.24,800,浪潮信息,34592.0
2024-10-18,002131,BUY,1.66,21300,利欧股份,35358.0
2024-10-18,000938,BUY,24.38,1400,紫光股份,34132.0
2024-10-18,002428,BUY,14.08,2500,云南锗业,35200.0
2024-10-18,002309,BUY,1.98,17800,中利集团,35244.0
2024-10-18,002281,BUY,34.89,1000,光迅科技,34890.0
2024-10-18,002174,BUY,9.38,3700,游族网络,34706.0
2024-10-21,002309,BUY,1.91,59500,中利集团,113645.0
2024-10-22,000938,SELL,24.54,1800,紫光股份,44172.0
2024-10-22,000977,SELL,43.13,1000,浪潮信息,43130.0
2024-10-22,002281,SELL,37.72,1000,光迅科技,37720.0
2024-10-23,000063,SELL,29.72,6900,中兴通讯,205068.0
2024-10-23,002174,SELL,9.64,3700,游族网络,35668.0
2024-10-23,600900,BUY,26.2,4700,长江电力,123140.0
2024-10-23,002432,BUY,41.8,2900,九安医疗,121220.0
2024-10-23,000848,BUY,7.23,8800,承德露露,63624.0
2024-10-24,000848,SELL,7.22,8800,承德露露,63536.0
2024-10-24,002309,BUY,1.95,29700,中利集团,57915.0
2024-10-24,000566,BUY,4.97,11600,海南海药,57652.0
2024-10-25,600757,BUY,7.84,700,长江传媒,5488.0
2024-10-28,000566,SELL,5.29,74800,海南海药,395692.0
2024-10-28,002131,SELL,1.9,26800,利欧股份,50920.0
2024-10-28,002428,SELL,17.39,2500,云南锗业,43475.0
2024-10-28,002309,BUY,2.06,200,中利集团,412.0
2024-10-29,600757,BUY,7.72,63400,长江传媒,489448.0
2024-10-30,002309,BUY,1.93,300,中利集团,579.0
2024-11-04,002432,SELL,44.48,2900,九安医疗,128992.0
2024-11-05,300285,BUY,19.48,6600,国瓷材料,128568.0
2024-11-11,002131,BUY,2.17,200,利欧股份,434.0
2024-11-12,300285,SELL,20.77,6600,国瓷材料,137082.0
2024-11-13,600757,SELL,8.03,64100,长江传媒,514723.0
2024-11-13,002131,SELL,2.05,200,利欧股份,410.0
2024-11-13,002475,BUY,41.14,3300,立讯精密,135762.0
2024-11-13,000657,BUY,11.45,11900,中钨高新,136255.0
2024-11-13,000566,BUY,5.75,20300,海南海药,116725.0
2024-11-13,000848,BUY,8.23,10000,承德露露,82300.0
2024-11-13,000858,BUY,138.93,600,五粮液,83358.0
2024-11-14,600988,BUY,16.92,5700,赤峰黄金,96444.0
2024-11-15,000657,SELL,10.26,11900,中钨高新,122094.0
2024-11-15,000848,SELL,8.36,10000,承德露露,83600.0
2024-11-15,000858,SELL,136.54,600,五粮液,81924.0
2024-11-15,000566,BUY,5.29,200,海南海药,1058.0
2024-11-15,000930,BUY,5.73,200,中粮科技,1146.0
2024-11-15,002378,BUY,6.74,200,章源钨业,1348.0
2024-11-15,002131,BUY,2.25,600,利欧股份,1350.0
2024-11-15,002300,BUY,5.26,200,太阳电缆,1052.0
2024-11-15,002174,BUY,9.94,100,游族网络,994.0
2024-11-18,600096,BUY,19.85,14200,云天化,281870.0
2024-11-19,002131,SELL,2.26,600,利欧股份,1356.0
2024-11-20,601600,BUY,7.47,200,中国铝业,1494.0
2024-11-27,002300,SELL,5.47,200,太阳电缆,1094.0
2024-11-28,000566,BUY,5.55,200,海南海药,1110.0
2024-12-04,000566,SELL,5.74,20700,海南海药,118818.0
2024-12-04,000930,SELL,5.94,200,中粮科技,1188.0
2024-12-04,002378,SELL,7.51,200,章源钨业,1502.0
2024-12-05,002428,BUY,24.58,4900,云南锗业,120442.0
2024-12-06,600900,SELL,26.31,4700,长江电力,123657.0
2024-12-06,600050,BUY,4.97,200,中国联通,994.0
2024-12-06,600757,BUY,8.37,100,长江传媒,837.0
2024-12-09,002428,SELL,22.93,4900,云南锗业,112357.0
2024-12-09,000977,BUY,46.72,2600,浪潮信息,121472.0
2024-12-09,000858,BUY,131.55,500,五粮液,65775.0
2024-12-10,002475,SELL,40.44,3300,立讯精密,133452.0
2024-12-10,002174,SELL,10.13,100,游族网络,1013.0
2024-12-10,600757,SELL,8.16,100,长江传媒,816.0
2024-12-10,600988,BUY,16.83,2800,赤峰黄金,47124.0
2024-12-10,600096,BUY,19.58,2400,云天化,46992.0
2024-12-10,000063,BUY,30.16,1500,中兴通讯,45240.0
2024-12-10,000858,BUY,134.56,300,五粮液,40368.0
2024-12-11,000063,BUY,30.18,100,中兴通讯,3018.0
2024-12-12,002131,BUY,4.2,100,利欧股份,420.0
2024-12-16,600988,SELL,16.39,8500,赤峰黄金,139315.0
2024-12-16,601600,SELL,7.03,200,中国铝业,1406.0
2024-12-16,600050,SELL,5.02,200,中国联通,1004.0
2024-12-16,000858,SELL,130.49,800,五粮液,104392.0
2024-12-17,000657,BUY,9.57,25700,中钨高新,245949.0
2024-12-19,600096,SELL,20.14,16600,云天化,334324.0
2024-12-19,600800,BUY,3.43,100,渤海化学,343.0
2024-12-20,002436,BUY,12.0,26200,兴森科技,314400.0
2024-12-23,002735,BUY,9.48,2100,王子新材,19908.0
2024-12-24,000977,SELL,53.68,2600,浪潮信息,139568.0
2024-12-24,000063,SELL,35.66,1600,中兴通讯,57056.0
2024-12-25,000566,BUY,4.82,40800,海南海药,196656.0
2025-01-15,002309,SELL,2.7,205800,中利集团,555660.0
2025-01-16,688205,BUY,66.56,8300,德科立,552448.0
2025-01-17,002131,SELL,3.77,100,利欧股份,377.0
2025-01-17,600900,BUY,27.09,100,长江电力,2709.0
2025-01-20,002174,BUY,8.7,100,游族网络,870.0
2025-01-21,600800,SELL,2.93,100,渤海化学,293.0
2025-01-22,000657,SELL,9.14,25700,中钨高新,234898.0
2025-01-22,002436,SELL,11.22,26200,兴森科技,293964.0
2025-01-22,688205,SELL,82.75,8300,德科立,686825.0
2025-01-23,002918,BUY,8.98,113700,蒙娜丽莎,1021026.0
2025-01-24,000858,BUY,117.57,1600,五粮液,188112.0
2025-01-27,000566,BUY,4.3,1500,海南海药,6450.0
2025-02-05,002735,SELL,9.01,2100,王子新材,18921.0
2025-02-05,600594,BUY,3.47,100,益佰制药,347.0
2025-02-05,002309,BUY,2.39,100,中利集团,239.0
2025-02-06,000566,BUY,4.68,4000,海南海药,18720.0
2025-02-12,600594,SELL,3.65,100,益佰制药,365.0
2025-02-13,002174,SELL,10.03,100,游族网络,1003.0
2025-02-14,000566,SELL,5.11,46300,海南海药,236593.0
2025-02-14,000657,BUY,9.38,100,中钨高新,938.0
2025-02-14,002174,BUY,10.35,100,游族网络,1035.0
2025-02-14,000848,BUY,7.85,100,承德露露,785.0
2025-02-14,000930,BUY,5.38,200,中粮科技,1076.0
2025-02-14,002131,BUY,4.31,300,利欧股份,1293.0
2025-02-17,000858,SELL,121.1,1600,五粮液,193760.0
2025-02-17,000848,SELL,7.81,100,承德露露,781.0
2025-02-17,000930,SELL,5.44,200,中粮科技,1088.0
2025-02-17,002931,BUY,16.0,14500,锋龙股份,232000.0
2025-02-17,000063,BUY,39.62,4600,中兴通讯,182252.0
2025-02-18,002174,SELL,9.88,100,游族网络,988.0
2025-02-18,300394,BUY,49.09,200,天孚通信,9818.0
2025-02-19,002931,BUY,16.25,300,锋龙股份,4875.0
2025-02-20,600339,BUY,3.24,100,中油工程,324.0
2025-02-21,002131,SELL,4.32,300,利欧股份,1296.0
2025-02-24,002498,BUY,3.53,400,汉缆股份,1412.0
2025-02-25,002931,SELL,18.04,14800,锋龙股份,266992.0
2025-02-25,300394,SELL,50.59,200,天孚通信,10118.0
2025-02-26,000657,SELL,9.54,100,中钨高新,954.0
2025-02-26,600396,BUY,2.6,106600,华电辽能,277160.0
2025-02-27,000063,SELL,39.22,4600,中兴通讯,180412.0
2025-02-27,601666,BUY,8.0,100,平煤股份,800.0
2025-02-27,000848,BUY,7.96,100,承德露露,796.0
2025-02-27,601577,BUY,7.9,100,长沙银行,790.0
2025-02-27,002309,BUY,2.45,400,中利集团,980.0
2025-02-28,002498,SELL,3.36,400,汉缆股份,1344.0
2025-02-28,600941,BUY,100.27,1200,中国移动,120324.0
2025-03-03,600900,BUY,25.48,2300,长江电力,58604.0
2025-03-05,002309,SELL,2.4,500,中利集团,1200.0
2025-03-05,300013,BUY,3.33,100,新宁物流,333.0
2025-03-05,600339,BUY,3.16,100,中油工程,316.0
2025-03-05,600396,BUY,2.49,100,华电辽能,249.0
2025-03-05,601188,BUY,3.16,100,龙江交通,316.0
2025-03-06,000848,SELL,7.66,100,承德露露,766.0
2025-03-06,002131,BUY,4.18,100,利欧股份,418.0
2025-03-07,002300,BUY,5.13,100,太阳电缆,513.0
2025-03-12,002300,SELL,5.31,100,太阳电缆,531.0
2025-03-13,300013,SELL,3.63,100,新宁物流,363.0
2025-03-13,601118,BUY,5.01,100,海南橡胶,501.0
2025-03-14,002918,SELL,9.19,113700,蒙娜丽莎,1044903.0
2025-03-17,601666,SELL,8.33,100,平煤股份,833.0
2025-03-17,002396,BUY,16.54,63200,星网锐捷,1045328.0
2025-03-18,601188,SELL,3.26,100,龙江交通,326.0
2025-03-18,002131,BUY,4.1,200,利欧股份,820.0
2025-03-18,000930,BUY,5.59,100,中粮科技,559.0
2025-03-19,601577,SELL,8.22,100,长沙银行,822.0
2025-03-19,000930,SELL,5.55,100,中粮科技,555.0
2025-03-20,600339,SELL,3.32,200,中油工程,664.0
2025-03-20,000566,BUY,5.02,200,海南海药,1004.0
2025-03-20,000848,BUY,7.8,100,承德露露,780.0
2025-03-21,600900,SELL,25.77,2400,长江电力,61848.0
2025-03-21,600396,SELL,2.65,106700,华电辽能,282755.0
2025-03-24,601728,BUY,7.24,47600,中国电信,344624.0
2025-03-27,601118,SELL,5.21,100,海南橡胶,521.0
2025-03-28,601766,BUY,6.85,100,中国中车,685.0
2025-03-31,000848,SELL,7.81,100,承德露露,781.0
2025-04-01,000566,BUY,4.64,100,海南海药,464.0
2025-04-02,600941,SELL,100.96,1200,中国移动,121152.0
2025-04-03,601666,BUY,8.05,15100,平煤股份,121555.0
2025-04-08,601728,SELL,7.82,47600,中国电信,372232.0
2025-04-09,002378,BUY,6.15,60500,章源钨业,372075.0
2025-04-18,000566,SELL,5.1,300,海南海药,1530.0
2025-04-21,002918,BUY,8.54,100,蒙娜丽莎,854.0
2025-04-22,002378,BUY,6.54,100,章源钨业,654.0
2025-04-24,002131,SELL,3.35,300,利欧股份,1005.0
2025-04-25,002396,SELL,14.51,63200,星网锐捷,917032.0
2025-04-25,601666,BUY,7.73,100,平煤股份,773.0
2025-04-25,600050,BUY,5.09,200,中国联通,1018.0
2025-04-25,601728,BUY,7.32,100,中国电信,732.0
2025-04-25,000930,BUY,5.49,200,中粮科技,1098.0
2025-04-25,000848,BUY,9.08,100,承德露露,908.0
2025-04-25,000657,BUY,9.49,100,中钨高新,949.0
2025-04-25,002131,BUY,3.36,300,利欧股份,1008.0
2025-04-28,601766,SELL,6.6,100,中国中车,660.0
2025-04-28,000977,BUY,47.91,6600,浪潮信息,316206.0
2025-04-28,000938,BUY,24.78,12900,紫光股份,319662.0
2025-04-28,000858,BUY,120.45,1800,五粮液,216810.0
2025-04-29,002378,SELL,6.59,60600,章源钨业,399354.0
2025-04-29,000848,SELL,8.8,100,承德露露,880.0
2025-04-29,000657,SELL,9.4,100,中钨高新,940.0
2025-04-29,600050,BUY,5.11,11600,中国联通,59276.0
2025-04-29,601666,BUY,7.65,7800,平煤股份,59670.0
2025-04-29,002931,BUY,16.8,3500,锋龙股份,58800.0
2025-04-29,002428,BUY,18.65,3200,云南锗业,59680.0
2025-04-29,000858,BUY,119.26,500,五粮液,59630.0
2025-04-29,000930,BUY,5.45,10900,中粮科技,59405.0
2025-04-29,000938,BUY,24.29,2400,紫光股份,58296.0
2025-04-30,002991,BUY,65.86,700,甘源食品,46102.0
2025-05-08,002131,SELL,3.88,300,利欧股份,1164.0
2025-05-08,000977,SELL,52.08,6600,浪潮信息,343728.0
2025-05-08,000938,SELL,25.57,15300,紫光股份,391221.0
2025-05-09,600050,SELL,5.19,11800,中国联通,61242.0
2025-05-09,000766,BUY,17.4,42300,通化金马,736020.0
2025-05-12,002428,SELL,19.67,3200,云南锗业,62944.0
2025-05-12,601728,BUY,7.42,8200,中国电信,60844.0
2025-05-12,601666,BUY,7.65,8000,平煤股份,61200.0
2025-05-13,000766,BUY,19.35,100,通化金马,1935.0
2025-05-14,000858,SELL,124.51,2300,五粮液,286373.0
2025-05-14,002309,BUY,2.64,100,中利集团,264.0
2025-05-15,601666,BUY,7.72,29600,平煤股份,228512.0
2025-05-16,000766,SELL,20.05,42400,通化金马,850120.0
2025-05-16,002309,SELL,2.64,100,中利集团,264.0
2025-05-16,600988,BUY,25.67,2200,赤峰黄金,56474.0
2025-05-16,601728,BUY,7.44,7700,中国电信,57288.0
2025-05-16,688256,BUY,448.02,100,寒武纪,44802.0
2025-05-16,002991,BUY,60.05,900,甘源食品,54045.0
2025-05-16,002300,BUY,5.87,9800,太阳电缆,57526.0
2025-05-16,002151,BUY,26.28,2200,北斗星通,57816.0
2025-05-16,300013,BUY,4.08,14100,新宁物流,57528.0
2025-05-16,002378,BUY,8.7,6600,章源钨业,57420.0
2025-05-16,002842,BUY,8.54,6700,翔鹭钨业,57218.0
2025-05-19,002842,SELL,8.1,6700,翔鹭钨业,54270.0
2025-05-19,600702,BUY,53.86,6600,舍得酒业,355476.0
2025-05-20,002378,SELL,8.38,6600,章源钨业,55308.0
2025-05-20,688256,BUY,451.37,200,寒武纪,90274.0
2025-05-21,000938,BUY,24.21,2900,紫光股份,70209.0
2025-05-22,002918,SELL,8.08,100,蒙娜丽莎,808.0
2025-05-22,601728,SELL,7.51,16000,中国电信,120160.0
2025-05-22,002300,SELL,5.8,9800,太阳电缆,56840.0
2025-05-22,601899,BUY,17.68,100,紫金矿业,1768.0
2025-05-22,000566,BUY,6.08,200,海南海药,1216.0
2025-05-22,000930,BUY,5.43,300,中粮科技,1629.0
2025-05-22,002174,BUY,11.72,100,游族网络,1172.0
2025-05-23,000566,SELL,5.86,200,海南海药,1172.0
2025-05-23,002156,BUY,23.48,7400,通富微电,173752.0
2025-05-26,002151,SELL,26.87,2200,北斗星通,59114.0
2025-05-26,002174,SELL,12.91,100,游族网络,1291.0
2025-05-26,601188,BUY,3.33,300,龙江交通,999.0
2025-05-26,600339,BUY,3.06,400,中油工程,1224.0
2025-05-26,000930,BUY,5.42,200,中粮科技,1084.0
2025-05-26,000657,BUY,10.48,100,中钨高新,1048.0
2025-05-26,002131,BUY,3.57,300,利欧股份,1071.0
2025-05-26,000848,BUY,9.97,100,承德露露,997.0
2025-05-27,601666,SELL,7.63,60600,平煤股份,462378.0
2025-05-27,600988,SELL,26.35,2200,赤峰黄金,57970.0
2025-05-27,601899,SELL,17.02,100,紫金矿业,1702.0
2025-05-27,000063,BUY,30.63,1800,中兴通讯,55134.0
2025-05-27,002281,BUY,40.94,1300,光迅科技,53222.0
2025-05-27,000977,BUY,48.64,1100,浪潮信息,53504.0
2025-05-27,300570,BUY,66.21,800,太辰光,52968.0
2025-05-27,603606,BUY,39.23,1400,东方电缆,54922.0
2025-05-27,301379,BUY,13.95,3900,天山电子,54405.0
2025-05-27,002156,BUY,23.5,2300,通富微电,54050.0
2025-05-27,600498,BUY,19.8,2700,烽火通信,53460.0
2025-05-27,000938,BUY,23.84,2300,紫光股份,54832.0
2025-05-27,600702,BUY,53.0,1000,舍得酒业,53000.0
2025-05-28,000657,SELL,10.59,100,中钨高新,1059.0
2025-05-28,000930,BUY,5.48,6800,中粮科技,37264.0
2025-05-29,002792,BUY,14.54,100,通宇通讯,1454.0
2025-06-04,000930,SELL,5.52,18400,中粮科技,101568.0
2025-06-05,300013,SELL,4.1,14100,新宁物流,57810.0
2025-06-05,002131,BUY,3.62,28000,利欧股份,101360.0
2025-06-06,000848,SELL,9.27,100,承德露露,927.0
2025-06-06,600050,BUY,5.18,11200,中国联通,58016.0
2025-06-09,002931,SELL,16.15,3500,锋龙股份,56525.0
2025-06-09,000977,SELL,52.38,1100,浪潮信息,57618.0
2025-06-09,000848,BUY,9.29,100,承德露露,929.0
2025-06-09,002131,BUY,3.59,200,利欧股份,718.0
2025-06-09,002300,BUY,6.04,100,太阳电缆,604.0
2025-06-10,300293,BUY,20.36,5500,蓝英装备,111980.0
2025-06-11,000938,SELL,23.97,5200,紫光股份,124644.0
2025-06-11,600339,SELL,3.11,400,中油工程,1244.0
2025-06-11,000063,SELL,31.71,1800,中兴通讯,57078.0
2025-06-11,002281,SELL,42.94,1300,光迅科技,55822.0
2025-06-11,300570,SELL,89.42,800,太辰光,71536.0
2025-06-11,301379,SELL,15.67,3900,天山电子,61113.0
2025-06-11,000566,BUY,6.66,100,海南海药,666.0
2025-06-11,000848,BUY,9.21,100,承德露露,921.0
2025-06-11,002300,BUY,6.75,100,太阳电缆,675.0
2025-06-11,002131,BUY,3.55,200,利欧股份,710.0
2025-06-11,002842,BUY,9.2,100,翔鹭钨业,920.0
2025-06-12,688271,BUY,131.61,2800,联影医疗,368508.0
2025-06-13,603606,SELL,40.84,1400,东方电缆,57176.0
2025-06-13,002300,SELL,6.53,200,太阳电缆,1306.0
2025-06-16,000566,SELL,6.34,100,海南海药,634.0
2025-06-16,002842,SELL,8.73,100,翔鹭钨业,873.0
2025-06-16,601766,BUY,6.73,8600,中国中车,57878.0
2025-06-17,600050,BUY,5.08,400,中国联通,2032.0
2025-06-25,002156,SELL,24.96,9700,通富微电,242112.0
2025-06-26,601611,BUY,8.95,27000,中国核建,241650.0
2025-06-27,600800,BUY,4.16,100,渤海化学,416.0
2025-06-30,002792,SELL,15.47,100,通宇通讯,1547.0
2025-06-30,300293,SELL,25.14,5500,蓝英装备,138270.0
2025-07-01,601188,SELL,3.38,300,龙江交通,1014.0
2025-07-01,600050,SELL,5.18,11600,中国联通,60088.0
2025-07-01,601611,SELL,9.06,27000,中国核建,244620.0
2025-07-01,600800,SELL,4.18,100,渤海化学,418.0
2025-07-01,000858,BUY,109.2,1200,五粮液,131040.0
2025-07-01,603589,BUY,32.44,4300,口子窖,139492.0
2025-07-01,600941,BUY,107.65,1300,中国移动,139945.0
2025-07-02,600498,SELL,20.54,2700,烽火通信,55458.0
2025-07-02,600594,BUY,4.0,8900,益佰制药,35600.0
2025-07-02,600096,BUY,21.43,1600,云天化,34288.0
2025-07-03,000858,BUY,110.11,100,五粮液,11011.0
2025-07-04,688205,BUY,59.23,100,德科立,5923.0
2025-07-07,002991,SELL,59.07,1600,甘源食品,94512.0
2025-07-07,600702,SELL,50.45,7600,舍得酒业,383420.0
2025-07-07,600594,SELL,4.04,8900,益佰制药,35956.0
2025-07-07,600339,BUY,3.23,1300,中油工程,4199.0
2025-07-07,601728,BUY,7.36,500,中国电信,3680.0
2025-07-07,000848,BUY,8.65,400,承德露露,3460.0
2025-07-07,600900,BUY,28.46,100,长江电力,2846.0
2025-07-07,000930,BUY,5.82,700,中粮科技,4074.0
2025-07-07,000766,BUY,24.23,100,通化金马,2423.0
2025-07-07,002300,BUY,6.88,600,太阳电缆,4128.0
2025-07-08,603589,SELL,32.63,4300,口子窖,140309.0
2025-07-08,000930,SELL,5.83,700,中粮科技,4081.0
2025-07-08,601666,BUY,7.46,31400,平煤股份,234244.0
2025-07-08,600096,BUY,21.57,12200,云天化,263154.0
2025-07-08,000848,BUY,8.7,9800,承德露露,85260.0
2025-07-09,002300,SELL,6.74,600,太阳电缆,4044.0
2025-07-09,688256,BUY,358.82,100,寒武纪,35882.0
2025-07-10,600096,SELL,21.97,13800,云天化,303186.0
2025-07-10,000766,BUY,23.53,900,通化金马,21177.0
2025-07-10,600900,BUY,28.12,800,长江电力,22496.0
2025-07-10,601728,BUY,7.4,3100,中国电信,22940.0
2025-07-10,688271,BUY,125.35,100,联影医疗,12535.0
2025-07-10,600941,BUY,107.5,200,中国移动,21500.0
2025-07-10,600988,BUY,23.83,900,赤峰黄金,21447.0
2025-07-10,000848,BUY,8.6,2700,承德露露,23220.0
2025-07-10,000657,BUY,12.04,1900,中钨高新,22876.0
2025-07-10,000566,BUY,6.39,3600,海南海药,23004.0
2025-07-10,000858,BUY,112.84,200,五粮液,22568.0
2025-07-11,601766,SELL,6.77,8600,中国中车,58222.0
2025-07-11,002842,BUY,8.56,13100,翔鹭钨业,112136.0
2025-07-14,600339,SELL,3.32,1300,中油工程,4316.0
2025-07-14,000566,SELL,6.24,3600,海南海药,22464.0
2025-07-14,000766,BUY,23.84,2400,通化金马,57216.0
2025-07-15,002131,SELL,3.75,28700,利欧股份,107625.0
2025-07-15,601666,SELL,7.48,31400,平煤股份,234872.0
2025-07-15,601728,BUY,7.38,3800,中国电信,28044.0
2025-07-15,000566,BUY,6.01,4700,海南海药,28247.0
2025-07-15,000063,BUY,33.1,800,中兴通讯,26480.0
2025-07-15,000766,BUY,23.97,1100,通化金马,26367.0
2025-07-15,000848,BUY,8.25,3400,承德露露,28050.0
2025-07-15,000858,BUY,115.07,200,五粮液,23014.0
2025-07-15,000930,BUY,5.86,4800,中粮科技,28128.0
2025-07-15,000938,BUY,24.78,1100,紫光股份,27258.0
2025-07-15,000977,BUY,55.74,500,浪潮信息,27870.0
2025-07-15,002151,BUY,27.41,1000,北斗星通,27410.0
2025-07-16,000858,SELL,115.32,1700,五粮液,196044.0
2025-07-16,600941,SELL,108.02,1500,中国移动,162030.0
2025-07-16,000657,SELL,13.01,1900,中钨高新,24719.0
2025-07-16,002842,SELL,8.75,13100,翔鹭钨业,114625.0
2025-07-16,000566,SELL,6.22,4700,海南海药,29234.0
2025-07-16,000063,SELL,32.85,800,中兴通讯,26280.0
2025-07-16,000930,SELL,5.85,4800,中粮科技,28080.0
2025-07-16,000938,SELL,24.6,1100,紫光股份,27060.0
2025-07-16,688271,BUY,124.8,800,联影医疗,99840.0
2025-07-16,002931,BUY,15.59,6400,锋龙股份,99776.0
2025-07-16,002131,BUY,3.74,26700,利欧股份,99858.0
2025-07-16,002309,BUY,3.27,30500,中利集团,99735.0
2025-07-16,002428,BUY,20.09,4900,云南锗业,98441.0
2025-07-16,002281,BUY,47.47,2100,光迅科技,99687.0
2025-07-16,000977,BUY,54.47,1800,浪潮信息,98046.0
2025-07-17,000977,SELL,55.27,2300,浪潮信息,127121.0
2025-07-17,002131,SELL,3.69,26700,利欧股份,98523.0
2025-07-17,002281,SELL,49.31,2100,光迅科技,103551.0
2025-07-17,002465,BUY,12.85,900,海格通信,11565.0
2025-07-17,600988,BUY,23.47,500,赤峰黄金,11735.0
2025-07-17,000848,BUY,8.31,1500,承德露露,12465.0
2025-07-17,603606,BUY,40.37,300,东方电缆,12111.0
2025-07-17,002151,BUY,28.0,400,北斗星通,11200.0
2025-07-17,603993,BUY,7.98,1500,洛阳钼业,11970.0
2025-07-17,000657,BUY,13.16,900,中钨高新,11844.0
2025-07-17,000566,BUY,6.64,1900,海南海药,12616.0
2025-07-17,000858,BUY,115.82,100,五粮液,11582.0
2025-07-18,002428,SELL,20.37,4900,云南锗业,99813.0
2025-07-18,688205,BUY,61.09,3800,德科立,232142.0
2025-07-21,688256,SELL,390.34,400,寒武纪,156136.0
2025-07-21,688205,SELL,57.93,3900,德科立,225927.0
2025-07-21,002931,SELL,15.96,6400,锋龙股份,102144.0
2025-07-21,603993,BUY,8.51,12000,洛阳钼业,102120.0
2025-07-21,601728,BUY,7.31,14000,中国电信,102340.0
2025-07-21,601899,BUY,19.12,5300,紫金矿业,101336.0
2025-07-21,601577,BUY,9.75,10500,长沙银行,102375.0
2025-07-21,000848,BUY,8.34,12200,承德露露,101748.0
2025-07-22,002151,BUY,28.1,2700,北斗星通,75870.0
2025-07-23,002309,BUY,3.24,200,中利集团,648.0
2025-07-24,688271,SELL,136.71,3700,联影医疗,505827.0
2025-07-24,002151,SELL,28.42,4100,北斗星通,116522.0
2025-07-24,603993,SELL,9.18,13500,洛阳钼业,123930.0
2025-07-24,000566,SELL,7.18,1900,海南海药,13642.0
2025-07-24,000858,SELL,118.58,100,五粮液,11858.0
2025-07-24,601899,SELL,19.44,5300,紫金矿业,103032.0
2025-07-25,603123,BUY,13.1,66700,翠微股份,873770.0
2025-07-28,002309,BUY,3.19,300,中利集团,957.0
2025-07-29,000657,SELL,18.94,900,中钨高新,17046.0
2025-07-30,000848,SELL,8.4,30200,承德露露,253680.0
2025-07-30,000766,BUY,23.16,700,通化金马,16212.0
2025-07-30,002309,BUY,3.19,5400,中利集团,17226.0
2025-07-30,601728,BUY,7.21,2300,中国电信,16583.0
2025-07-30,603606,BUY,39.43,400,东方电缆,15772.0
2025-07-30,002735,BUY,14.93,1100,王子新材,16423.0
2025-07-30,002931,BUY,17.33,900,锋龙股份,15597.0
2025-07-30,600900,BUY,27.66,600,长江电力,16596.0
2025-07-30,600757,BUY,9.13,1800,长江传媒,16434.0
2025-07-30,000566,BUY,6.55,2600,海南海药,17030.0
2025-07-30,000657,BUY,17.05,1000,中钨高新,17050.0
2025-07-31,002991,BUY,54.02,1900,甘源食品,102638.0
2025-08-01,002465,SELL,13.14,900,海格通信,11826.0
2025-08-01,002931,SELL,16.75,900,锋龙股份,15075.0
2025-08-01,000566,SELL,6.45,2600,海南海药,16770.0
2025-08-01,002735,BUY,15.36,200,王子新材,3072.0
2025-08-01,301379,BUY,17.49,100,天山电子,1749.0
2025-08-01,601577,BUY,9.49,300,长沙银行,2847.0
2025-08-01,600800,BUY,3.96,800,渤海化学,3168.0
2025-08-01,000848,BUY,8.22,400,承德露露,3288.0
2025-08-01,000938,BUY,24.43,100,紫光股份,2443.0
2025-08-01,002300,BUY,6.42,500,太阳电缆,3210.0
2025-08-04,002300,BUY,6.46,4200,太阳电缆,27132.0
2025-08-06,000657,SELL,16.07,1000,中钨高新,16070.0
2025-08-07,002309,BUY,3.24,5000,中利集团,16200.0
2025-08-11,601577,SELL,9.73,10800,长沙银行,105084.0
2025-08-11,600757,SELL,9.18,1800,长江传媒,16524.0
2025-08-12,600988,SELL,24.39,1400,赤峰黄金,34146.0
2025-08-12,000938,BUY,24.91,4800,紫光股份,119568.0
2025-08-13,600900,BUY,26.63,1300,长江电力,34619.0
2025-08-14,002991,SELL,55.27,1900,甘源食品,105013.0
2025-08-14,000938,SELL,25.05,4900,紫光股份,122745.0
2025-08-14,000566,BUY,6.33,200,海南海药,1266.0
2025-08-14,601611,BUY,9.17,100,中国核建,917.0
2025-08-14,000848,BUY,8.22,100,承德露露,822.0
2025-08-14,600050,BUY,5.21,300,中国联通,1563.0
2025-08-14,600176,BUY,12.22,100,中国巨石,1222.0
2025-08-14,601728,BUY,7.12,200,中国电信,1424.0
2025-08-15,002309,SELL,3.29,41400,中利集团,136206.0
2025-08-15,603123,SELL,14.26,66700,翠微股份,951142.0
2025-08-15,600800,SELL,4.21,800,渤海化学,3368.0
2025-08-15,600875,BUY,19.18,7600,东方电气,145768.0
2025-08-15,002735,BUY,15.42,7800,王子新材,120276.0
2025-08-15,601118,BUY,4.98,44600,海南橡胶,222108.0
2025-08-15,000858,BUY,116.27,1600,五粮液,186032.0
2025-08-15,000930,BUY,6.15,36100,中粮科技,222015.0
2025-08-15,000938,BUY,25.33,8700,紫光股份,220371.0
2025-08-15,002151,BUY,30.21,6300,北斗星通,190323.0
2025-08-18,002498,BUY,3.56,1600,汉缆股份,5696.0
2025-08-19,000766,SELL,23.06,5200,通化金马,119912.0
2025-08-19,603606,SELL,43.56,700,东方电缆,30492.0
2025-08-19,301379,SELL,18.99,100,天山电子,1899.0
2025-08-19,000858,SELL,117.5,1600,五粮液,188000.0
2025-08-20,600050,SELL,5.33,300,中国联通,1599.0
2025-08-20,600176,SELL,12.89,100,中国巨石,1289.0
2025-08-20,000930,SELL,6.26,36100,中粮科技,225986.0
2025-08-20,000938,SELL,27.63,8700,紫光股份,240381.0
2025-08-20,300013,BUY,4.17,81600,新宁物流,340272.0
2025-08-20,600594,BUY,4.55,74800,益佰制药,340340.0
2025-08-20,601188,BUY,3.46,14600,龙江交通,50516.0
2025-08-21,002735,SELL,15.64,9100,王子新材,142324.0
2025-08-21,600594,SELL,4.48,74800,益佰制药,335104.0
2025-08-21,601666,BUY,8.06,9700,平煤股份,78182.0
2025-08-21,600900,BUY,26.84,2900,长江电力,77836.0
2025-08-21,600941,BUY,104.26,700,中国移动,72982.0
2025-08-21,688271,BUY,133.4,500,联影医疗,66700.0
2025-08-21,002739,BUY,11.42,6800,万达电影,77656.0
2025-08-21,601611,BUY,9.39,8300,中国核建,77937.0
2025-08-21,600757,BUY,9.06,8600,长江传媒,77916.0
2025-08-22,601118,SELL,5.17,44600,海南橡胶,230582.0
2025-08-22,002436,BUY,17.34,1500,兴森科技,26010.0
2025-08-22,000566,BUY,6.22,4300,海南海药,26746.0
2025-08-22,000063,BUY,46.0,500,中兴通讯,23000.0
2025-08-22,000766,BUY,24.62,1000,通化金马,24620.0
2025-08-22,000858,BUY,118.81,200,五粮液,23762.0
2025-08-22,002151,BUY,31.79,800,北斗星通,25432.0
2025-08-22,002309,BUY,3.3,8100,中利集团,26730.0
2025-08-22,002378,BUY,12.12,2200,章源钨业,26664.0
2025-08-22,002300,BUY,6.49,4100,太阳电缆,26609.0
2025-08-25,601611,SELL,9.54,8400,中国核建,80136.0
2025-08-25,002498,SELL,3.61,1600,汉缆股份,5776.0
2025-08-25,300013,SELL,4.13,81600,新宁物流,337008.0
2025-08-25,601188,SELL,3.51,14600,龙江交通,51246.0
2025-08-25,002309,SELL,3.26,8100,中利集团,26406.0
2025-08-25,000063,BUY,45.3,600,中兴通讯,27180.0
2025-08-25,000566,BUY,6.2,4500,海南海药,27900.0
2025-08-25,000657,BUY,19.11,1400,中钨高新,26754.0
2025-08-25,000766,BUY,24.64,1100,通化金马,27104.0
2025-08-25,000858,BUY,122.72,200,五粮液,24544.0
2025-08-25,000938,BUY,28.54,900,紫光股份,25686.0
2025-08-25,000977,BUY,69.09,400,浪潮信息,27636.0
2025-08-25,002131,BUY,4.8,5800,利欧股份,27840.0
2025-08-26,601728,SELL,7.3,23900,中国电信,174470.0
2025-08-26,000848,SELL,8.51,500,承德露露,4255.0
2025-08-26,688271,SELL,136.09,500,联影医疗,68045.0
2025-08-26,000063,SELL,44.49,1100,中兴通讯,48939.0
2025-08-26,000938,SELL,28.17,900,紫光股份,25353.0
2025-08-26,000977,SELL,68.46,400,浪潮信息,27384.0
2025-08-26,002131,SELL,5.28,5800,利欧股份,30624.0
2025-08-26,601666,BUY,8.09,38700,平煤股份,313083.0
2025-08-26,000657,BUY,19.3,13000,中钨高新,250900.0
2025-08-26,000566,BUY,6.21,17400,海南海药,108054.0
2025-08-27,600900,SELL,26.95,5700,长江电力,153615.0
2025-08-27,600875,SELL,19.31,7600,东方电气,146756.0
2025-08-27,002151,SELL,31.8,7100,北斗星通,225780.0
2025-08-27,000858,SELL,119.59,400,五粮液,47836.0
2025-08-27,000657,SELL,19.56,14400,中钨高新,281664.0
2025-08-27,000063,BUY,43.58,400,中兴通讯,17432.0
2025-08-27,000566,BUY,5.99,3400,海南海药,20366.0
2025-08-27,000766,BUY,23.72,800,通化金马,18976.0
2025-08-27,002309,BUY,3.2,6500,中利集团,20800.0
2025-08-27,000930,BUY,6.13,3400,中粮科技,20842.0
2025-08-27,000938,BUY,27.39,700,紫光股份,19173.0
2025-08-27,002131,BUY,5.19,4000,利欧股份,20760.0
2025-08-27,000977,BUY,66.22,300,浪潮信息,19866.0
2025-08-27,002174,BUY,15.91,1300,游族网络,20683.0
2025-08-28,002300,SELL,6.36,8800,太阳电缆,55968.0
2025-08-28,600941,SELL,104.22,700,中国移动,72954.0
2025-08-28,002739,SELL,11.8,6800,万达电影,80240.0
2025-08-28,000766,SELL,24.2,2900,通化金马,70180.0
2025-08-28,002309,SELL,3.17,6500,中利集团,20605.0
2025-08-28,000930,SELL,6.18,3400,中粮科技,21012.0
2025-08-28,002131,SELL,5.39,4000,利欧股份,21560.0
2025-08-28,000977,SELL,67.84,300,浪潮信息,20352.0
2025-08-28,002174,SELL,16.25,1300,游族网络,21125.0
2025-08-28,300570,BUY,135.58,2300,太辰光,311834.0
2025-08-28,000566,BUY,5.96,41600,海南海药,247936.0
2025-08-28,000063,BUY,46.86,5200,中兴通讯,243672.0
2025-08-28,000858,BUY,118.51,2000,五粮液,237020.0
2025-08-29,002378,SELL,14.8,2200,章源钨业,32560.0
2025-08-29,600757,BUY,8.78,4600,长江传媒,40388.0
2025-09-01,000063,SELL,47.43,5600,中兴通讯,265608.0
2025-09-01,000938,SELL,29.0,700,紫光股份,20300.0
2025-09-01,002309,BUY,3.18,10400,中利集团,33072.0
2025-09-01,600419,BUY,10.99,3000,天润乳业,32970.0
2025-09-01,000657,BUY,21.77,1500,中钨高新,32655.0
2025-09-01,002174,BUY,16.22,2000,游族网络,32440.0
2025-09-01,002378,BUY,15.46,2100,章源钨业,32466.0
2025-09-01,000858,BUY,121.72,200,五粮液,24344.0
2025-09-01,002156,BUY,34.84,900,通富微电,31356.0
2025-09-01,002300,BUY,6.39,5200,太阳电缆,33228.0
2025-09-01,002428,BUY,31.26,1000,云南锗业,31260.0
2025-09-02,300570,SELL,126.28,2300,太辰光,290444.0
2025-09-02,000858,SELL,121.42,2200,五粮液,267124.0
2025-09-02,002174,SELL,14.89,2000,游族网络,29780.0
2025-09-02,002300,BUY,6.28,5600,太阳电缆,35168.0
2025-09-02,300013,BUY,3.91,9000,新宁物流,35190.0
2025-09-02,002639,BUY,10.77,3200,雪人集团,34464.0
2025-09-02,600396,BUY,3.31,10700,华电辽能,35417.0
2025-09-02,000657,BUY,21.28,1600,中钨高新,34048.0
2025-09-02,000930,BUY,6.11,5800,中粮科技,35438.0
2025-09-02,002131,BUY,5.82,6000,利欧股份,34920.0
2025-09-02,000766,BUY,24.1,1400,通化金马,33740.0
2025-09-02,002151,BUY,32.84,1000,北斗星通,32840.0
2025-09-03,002436,SELL,19.07,1500,兴森科技,28605.0
2025-09-03,000657,SELL,19.93,3100,中钨高新,61783.0
2025-09-03,002156,SELL,35.32,900,通富微电,31788.0
2025-09-03,002428,SELL,27.46,1000,云南锗业,27460.0
2025-09-03,000930,SELL,6.08,5800,中粮科技,35264.0
2025-09-03,002131,SELL,5.86,6000,利欧股份,35160.0
2025-09-03,601577,BUY,9.08,34300,长沙银行,311444.0
2025-09-03,603589,BUY,33.1,4300,口子窖,142330.0
2025-09-04,002151,SELL,29.0,1000,北斗星通,29000.0
2025-09-04,002300,BUY,6.18,12600,太阳电缆,77868.0
2025-09-05,000766,SELL,24.1,1400,通化金马,33740.0
2025-09-05,600419,BUY,10.64,2700,天润乳业,28728.0
2025-09-05,600396,BUY,3.25,8900,华电辽能,28925.0
2025-09-08,002792,BUY,16.53,300,通宇通讯,4959.0
2025-09-09,002378,SELL,13.45,2100,章源钨业,28245.0
2025-09-10,000977,BUY,59.68,400,浪潮信息,23872.0
2025-09-11,002151,BUY,30.17,100,北斗星通,3017.0
2025-09-12,000930,BUY,6.16,200,中粮科技,1232.0
2025-09-15,000930,SELL,6.12,200,中粮科技,1224.0
2025-09-16,600800,BUY,4.0,300,渤海化学,1200.0
2025-09-18,300013,SELL,4.63,9000,新宁物流,41670.0
2025-09-18,000977,SELL,65.5,400,浪潮信息,26200.0
2025-09-19,601666,SELL,8.01,48400,平煤股份,387684.0
2025-09-19,000566,BUY,5.88,11500,海南海药,67620.0
2025-09-19,000063,BUY,43.26,1500,中兴通讯,64890.0
2025-09-19,000657,BUY,17.97,3700,中钨高新,66489.0
2025-09-19,000766,BUY,26.08,2600,通化金马,67808.0
2025-09-19,000858,BUY,117.19,500,五粮液,58595.0
2025-09-19,000938,BUY,30.06,2200,紫光股份,66132.0
2025-09-19,000977,BUY,64.3,1000,浪潮信息,64300.0
2025-09-23,603589,SELL,32.62,4300,口子窖,140266.0
2025-09-23,000766,SELL,25.76,2600,通化金马,66976.0
2025-09-24,000063,SELL,43.45,1500,中兴通讯,65175.0
2025-09-24,000938,SELL,30.41,2200,紫光股份,66902.0
2025-09-24,000977,SELL,69.08,1000,浪潮信息,69080.0
2025-09-24,600941,BUY,104.2,1900,中国移动,197980.0
2025-09-24,600096,BUY,25.01,8200,云天化,205082.0
2025-09-25,301312,BUY,37.95,100,智立方,3795.0
2025-09-26,601766,BUY,7.07,200,中国中车,1414.0
2025-09-29,002639,SELL,10.5,3200,雪人集团,33600.0
2025-09-30,688271,BUY,151.25,200,联影医疗,30250.0
2025-10-09,300285,BUY,24.83,100,国瓷材料,2483.0
2025-10-10,002151,SELL,29.75,100,北斗星通,2975.0
2025-10-10,601577,BUY,8.84,100,长沙银行,884.0
2025-10-10,601800,BUY,8.73,100,中国交建,873.0
2025-10-13,000657,SELL,19.47,3700,中钨高新,72039.0
2025-10-13,688271,SELL,152.57,200,联影医疗,30514.0
2025-10-13,300285,SELL,24.23,100,国瓷材料,2423.0
2025-10-13,601118,BUY,5.36,400,海南橡胶,2144.0
2025-10-13,000930,BUY,5.99,300,中粮科技,1797.0
2025-10-13,600419,BUY,10.27,200,天润乳业,2054.0
2025-10-13,603551,BUY,10.75,200,奥普科技,2150.0
2025-10-13,600594,BUY,4.13,500,益佰制药,2065.0
2025-10-13,000566,BUY,5.39,400,海南海药,2156.0
2025-10-14,600757,SELL,8.24,13200,长江传媒,108768.0
2025-10-14,600800,SELL,4.02,300,渤海化学,1206.0
2025-10-14,600096,SELL,27.93,8200,云天化,229026.0
2025-10-14,601766,SELL,7.44,200,中国中车,1488.0
2025-10-14,601800,SELL,8.65,100,中国交建,865.0
2025-10-14,601118,SELL,5.4,400,海南橡胶,2160.0
2025-10-14,002131,BUY,5.42,17400,利欧股份,94308.0
2025-10-14,688256,BUY,802.15,100,寒武纪,80215.0
2025-10-14,002465,BUY,12.28,7700,海格通信,94556.0
2025-10-14,600050,BUY,5.34,17700,中国联通,94518.0
2025-10-15,002792,SELL,18.76,300,通宇通讯,5628.0
2025-10-15,000766,BUY,25.09,2900,通化金马,72761.0
2025-10-16,002396,BUY,21.98,300,星网锐捷,6594.0
2025-10-17,600419,SELL,10.22,5900,天润乳业,60298.0
2025-10-17,002300,SELL,6.08,23400,太阳电缆,142272.0
2025-10-17,600396,SELL,3.26,19600,华电辽能,63896.0
2025-10-17,601577,SELL,9.12,34400,长沙银行,313728.0
2025-10-17,600941,SELL,105.58,1900,中国移动,200602.0
2025-10-17,000930,SELL,5.97,300,中粮科技,1791.0
2025-10-17,000566,BUY,5.89,100,海南海药,589.0
2025-10-17,002131,BUY,4.81,200,利欧股份,962.0
2025-10-20,000938,BUY,27.29,28600,紫光股份,780494.0
2025-10-21,002739,BUY,10.78,100,万达电影,1078.0
2025-10-23,000566,SELL,5.83,83400,海南海药,486222.0
2025-10-23,600594,SELL,4.33,500,益佰制药,2165.0
2025-10-24,603551,SELL,11.2,200,奥普科技,2240.0
2025-10-24,688256,SELL,1022.8,100,寒武纪,102280.0
2025-10-24,300285,BUY,22.01,22200,国瓷材料,488622.0
2025-10-27,002428,BUY,27.03,3800,云南锗业,102714.0
2025-10-28,600419,BUY,9.74,200,天润乳业,1948.0
2025-10-29,002309,SELL,3.01,10400,中利集团,31304.0
2025-10-29,600050,SELL,5.42,17700,中国联通,95934.0
2025-10-29,000766,SELL,25.48,2900,通化金马,73892.0
2025-10-30,600988,BUY,29.42,6800,赤峰黄金,200056.0
2025-10-31,301312,SELL,35.77,100,智立方,3577.0
2025-10-31,000848,BUY,8.69,100,承德露露,869.0
2025-11-03,300285,SELL,23.24,22200,国瓷材料,515928.0
2025-11-03,002428,SELL,27.31,3800,云南锗业,103778.0
2025-11-03,002131,BUY,5.4,700,利欧股份,3780.0
2025-11-03,002918,BUY,15.09,200,蒙娜丽莎,3018.0
2025-11-03,600419,BUY,9.8,300,天润乳业,2940.0
2025-11-03,002624,BUY,17.44,200,完美世界,3488.0
2025-11-03,603123,BUY,12.65,300,翠微股份,3795.0
2025-11-03,002739,BUY,11.19,300,万达电影,3357.0
2025-11-03,600988,BUY,29.68,100,赤峰黄金,2968.0
2025-11-03,600800,BUY,4.09,900,渤海化学,3681.0
2025-11-04,301421,BUY,99.6,2600,波长光电,258960.0
2025-11-04,600010,BUY,2.8,88600,包钢股份,248080.0
2025-11-05,002739,SELL,11.34,400,万达电影,4536.0
2025-11-05,000848,SELL,8.39,100,承德露露,839.0
2025-11-05,000063,BUY,40.61,2200,中兴通讯,89342.0
2025-11-06,002131,SELL,5.16,18300,利欧股份,94428.0
2025-11-06,603123,SELL,12.26,300,翠微股份,3678.0
2025-11-06,600800,BUY,4.15,1300,渤海化学,5395.0
2025-11-06,600396,BUY,3.25,1700,华电辽能,5525.0
2025-11-06,600419,BUY,9.78,500,天润乳业,4890.0
2025-11-06,603589,BUY,31.26,100,口子窖,3126.0
2025-11-06,301379,BUY,20.18,200,天山电子,4036.0
2025-11-06,601766,BUY,7.64,700,中国中车,5348.0
2025-11-06,002151,BUY,30.06,100,北斗星通,3006.0
2025-11-07,601800,BUY,8.59,8400,中国交建,72156.0
2025-11-10,600800,SELL,4.08,2200,渤海化学,8976.0
2025-11-11,600010,SELL,2.64,88600,包钢股份,233904.0
2025-11-11,002151,SELL,30.09,100,北斗星通,3009.0
2025-11-11,002428,BUY,26.65,300,云南锗业,7995.0
2025-11-11,301379,BUY,19.65,400,天山电子,7860.0
2025-11-11,300059,BUY,24.81,300,东方财富,7443.0
2025-11-11,600988,BUY,30.34,300,赤峰黄金,9102.0
2025-11-11,002918,BUY,15.28,600,蒙娜丽莎,9168.0
2025-11-11,603551,BUY,10.62,800,奥普科技,8496.0
2025-11-11,603589,BUY,31.55,200,口子窖,6310.0
2025-11-11,300293,BUY,22.53,400,蓝英装备,9012.0
2025-11-11,002300,BUY,8.0,1100,太阳电缆,8800.0
2025-11-11,002131,BUY,5.01,1800,利欧股份,9018.0
2025-11-12,600396,SELL,3.26,1700,华电辽能,5542.0
2025-11-12,002300,SELL,8.14,1100,太阳电缆,8954.0
2025-11-12,300620,BUY,101.3,1600,光库科技,162080.0
2025-11-13,600419,SELL,10.41,1000,天润乳业,10410.0
2025-11-13,600988,SELL,31.19,7200,赤峰黄金,224568.0
2025-11-13,601766,SELL,7.58,700,中国中车,5306.0
2025-11-13,601800,SELL,8.59,8400,中国交建,72156.0
2025-11-13,002156,BUY,39.26,300,通富微电,11778.0
2025-11-13,002918,BUY,15.96,900,蒙娜丽莎,14364.0
2025-11-13,688205,BUY,97.13,100,德科立,9713.0
2025-11-13,301379,BUY,21.07,700,天山电子,14749.0
2025-11-13,603123,BUY,12.39,1200,翠微股份,14868.0
2025-11-13,000858,BUY,114.47,100,五粮液,11447.0
2025-11-13,000657,BUY,22.49,600,中钨高新,13494.0
2025-11-13,000766,BUY,29.06,500,通化金马,14530.0
2025-11-13,002131,BUY,4.91,3100,利欧股份,15221.0
2025-11-14,000766,SELL,28.75,500,通化金马,14375.0
2025-11-14,603551,BUY,10.83,19100,奥普科技,206853.0
2025-11-17,000858,SELL,113.48,600,五粮液,68088.0
2025-11-17,002475,BUY,56.27,200,立讯精密,11254.0
2025-11-17,301312,BUY,32.5,400,智立方,13000.0
2025-11-17,000063,BUY,38.74,300,中兴通讯,11622.0
2025-11-17,002624,BUY,14.8,1000,完美世界,14800.0
2025-11-17,300293,BUY,22.09,600,蓝英装备,13254.0
2025-11-17,002428,BUY,26.78,500,云南锗业,13390.0
2025-11-18,002378,BUY,13.07,400,章源钨业,5228.0
2025-11-19,600050,BUY,5.34,100,中国联通,534.0
2025-11-20,603551,SELL,11.34,19900,奥普科技,225666.0
2025-11-20,603123,SELL,12.0,1200,翠微股份,14400.0
2025-11-21,002918,BUY,13.66,17500,蒙娜丽莎,239050.0
2025-11-25,688205,SELL,142.56,100,德科立,14256.0
2025-11-25,000848,BUY,8.0,100,承德露露,800.0
2025-11-25,600757,BUY,8.35,100,长江传媒,835.0
2025-11-25,601766,BUY,7.09,100,中国中车,709.0
2025-11-25,601800,BUY,8.31,100,中国交建,831.0
2025-11-26,300293,SELL,23.1,1000,蓝英装备,23100.0
2025-11-26,002131,SELL,5.22,4900,利欧股份,25578.0
2025-11-26,002436,BUY,19.92,600,兴森科技,11952.0
2025-11-26,002428,BUY,25.03,400,云南锗业,10012.0
2025-11-26,601666,BUY,7.68,1500,平煤股份,11520.0
2025-11-26,601869,BUY,85.56,100,长飞光纤,8556.0
2025-11-26,300570,BUY,99.51,100,太辰光,9951.0
2025-11-27,002465,SELL,11.86,7700,海格通信,91322.0
2025-11-27,002842,BUY,10.85,800,翔鹭钨业,8680.0
2025-11-27,603123,BUY,11.61,700,翠微股份,8127.0
2025-11-27,002378,BUY,12.19,700,章源钨业,8533.0
2025-11-27,000938,BUY,24.73,300,紫光股份,7419.0
2025-11-27,000977,BUY,61.99,100,浪潮信息,6199.0
2025-11-27,603589,BUY,29.93,200,口子窖,5986.0
2025-11-27,000766,BUY,27.71,300,通化金马,8313.0
2025-11-28,600900,BUY,26.97,1700,长江电力,45849.0
2025-12-01,300620,SELL,150.89,1600,光库科技,241424.0
2025-12-01,000930,BUY,5.83,100,中粮科技,583.0
2025-12-01,601118,BUY,5.91,100,海南橡胶,591.0
2025-12-01,601577,BUY,9.52,100,长沙银行,952.0
2025-12-01,600757,BUY,8.62,100,长江传媒,862.0
2025-12-01,000848,BUY,8.09,100,承德露露,809.0
2025-12-02,002396,SELL,20.7,300,星网锐捷,6210.0
2025-12-02,301312,SELL,34.8,400,智立方,13920.0
2025-12-02,601869,SELL,83.03,100,长飞光纤,8303.0
2025-12-02,300570,SELL,101.83,100,太辰光,10183.0
2025-12-02,000977,SELL,61.1,100,浪潮信息,6110.0
2025-12-02,600900,BUY,27.24,8700,长江电力,236988.0
2025-12-03,301421,SELL,94.19,2600,波长光电,244894.0
2025-12-03,000063,SELL,42.79,2500,中兴通讯,106975.0
2025-12-03,002475,SELL,58.53,200,立讯精密,11706.0
2025-12-03,002300,BUY,8.47,5400,太阳电缆,45738.0
2025-12-03,002639,BUY,14.27,3200,雪人集团,45664.0
2025-12-03,002378,BUY,12.82,3600,章源钨业,46152.0
2025-12-03,002735,BUY,14.61,3100,王子新材,45291.0
2025-12-03,002842,BUY,11.2,4100,翔鹭钨业,45920.0
2025-12-03,601800,BUY,8.28,5600,中国交建,46368.0
2025-12-03,601118,BUY,5.93,7800,海南橡胶,46254.0
2025-12-03,002151,BUY,30.55,1500,北斗星通,45825.0
2025-12-04,601600,BUY,10.72,3900,中国铝业,41808.0
2025-12-05,002436,SELL,21.3,600,兴森科技,12780.0
2025-12-05,601800,BUY,8.33,100,中国交建,833.0
2025-12-08,002378,SELL,13.12,4700,章源钨业,61664.0
2025-12-08,600757,SELL,8.65,200,长江传媒,1730.0
2025-12-08,002432,BUY,39.78,300,九安医疗,11934.0
2025-12-08,002309,BUY,3.38,3800,中利集团,12844.0
2025-12-08,000858,BUY,106.98,100,五粮液,10698.0
2025-12-08,002428,BUY,27.17,400,云南锗业,10868.0
2025-12-08,603589,BUY,29.6,400,口子窖,11840.0
2025-12-08,601766,BUY,6.92,1800,中国中车,12456.0
2025-12-09,000766,SELL,28.38,300,通化金马,8514.0
2025-12-09,002300,SELL,9.79,5400,太阳电缆,52866.0
2025-12-09,002639,SELL,15.73,3200,雪人集团,50336.0
2025-12-09,002151,SELL,31.75,1500,北斗星通,47625.0
2025-12-09,601600,SELL,10.43,3900,中国铝业,40677.0
2025-12-09,300013,BUY,4.25,1300,新宁物流,5525.0
2025-12-09,002739,BUY,11.18,500,万达电影,5590.0
2025-12-09,002156,BUY,37.61,100,通富微电,3761.0
2025-12-09,601118,BUY,5.71,1000,海南橡胶,5710.0
2025-12-09,002918,BUY,14.49,300,蒙娜丽莎,4347.0
2025-12-09,000657,BUY,24.73,200,中钨高新,4946.0
2025-12-09,000848,BUY,8.02,700,承德露露,5614.0
2025-12-09,002174,BUY,11.77,400,游族网络,4708.0
2025-12-10,301379,SELL,19.66,1300,天山电子,25558.0
2025-12-10,002842,SELL,11.56,4900,翔鹭钨业,56644.0
2025-12-10,300293,BUY,22.11,7400,蓝英装备,163614.0
2025-12-11,000657,SELL,24.23,800,中钨高新,19384.0
2025-12-11,002131,BUY,5.0,16800,利欧股份,84000.0
2025-12-12,000938,SELL,24.98,28900,紫光股份,721922.0
2025-12-12,002156,SELL,37.14,400,通富微电,14856.0
2025-12-12,002432,BUY,39.44,400,九安医疗,15776.0
2025-12-12,600096,BUY,28.69,600,云天化,17214.0
2025-12-12,002918,BUY,13.86,1400,蒙娜丽莎,19404.0
2025-12-12,600419,BUY,9.4,2000,天润乳业,18800.0
2025-12-12,000848,BUY,8.0,2400,承德露露,19200.0
2025-12-12,000977,BUY,62.49,300,浪潮信息,18747.0
2025-12-12,002428,BUY,29.08,600,云南锗业,17448.0
2025-12-12,002300,BUY,10.57,1800,太阳电缆,19026.0
2025-12-15,002428,SELL,28.01,2200,云南锗业,61622.0
2025-12-15,603123,SELL,11.67,700,翠微股份,8169.0
2025-12-15,600594,BUY,4.05,150700,益佰制药,610335.0
2025-12-16,002918,SELL,13.72,20900,蒙娜丽莎,286748.0
2025-12-16,002735,SELL,15.13,3100,王子新材,46903.0
2025-12-16,002309,SELL,3.41,3800,中利集团,12958.0
2025-12-16,002739,SELL,11.03,500,万达电影,5515.0
2025-12-16,000977,SELL,60.49,300,浪潮信息,18147.0
2025-12-16,601188,BUY,3.37,20800,龙江交通,70096.0
2025-12-16,000858,BUY,106.73,600,五粮液,64038.0
2025-12-16,000930,BUY,5.67,12300,中粮科技,69741.0
2025-12-16,600096,BUY,27.77,2500,云天化,69425.0
2025-12-16,600419,BUY,9.55,7300,天润乳业,69715.0
2025-12-16,688271,BUY,126.94,500,联影医疗,63470.0
2025-12-17,601666,SELL,7.98,1500,平煤股份,11970.0
2025-12-17,002131,BUY,5.01,6700,利欧股份,33567.0
2025-12-18,603589,SELL,30.12,900,口子窖,27108.0
2025-12-18,002300,SELL,10.41,1800,太阳电缆,18738.0
2025-12-18,000063,BUY,36.09,300,中兴通讯,10827.0
2025-12-18,002174,BUY,11.53,1000,游族网络,11530.0
2025-12-18,300013,BUY,3.94,3100,新宁物流,12214.0
2025-12-18,600419,BUY,10.0,1200,天润乳业,12000.0
2025-12-18,600096,BUY,28.74,400,云天化,11496.0
2025-12-22,601577,SELL,9.43,100,长沙银行,943.0
2025-12-22,002432,SELL,40.26,700,九安医疗,28182.0
2025-12-23,002624,SELL,16.17,1200,完美世界,19404.0
2025-12-23,000848,SELL,8.16,3300,承德露露,26928.0
2025-12-23,600419,SELL,10.19,10500,天润乳业,106995.0
2025-12-23,600594,SELL,4.19,150700,益佰制药,631433.0
2025-12-23,000938,BUY,24.62,1100,紫光股份,27082.0
2025-12-23,002156,BUY,37.43,700,通富微电,26201.0
2025-12-23,301312,BUY,35.01,800,智立方,28008.0
2025-12-23,301379,BUY,18.65,1500,天山电子,27975.0
2025-12-23,002931,BUY,46.91,500,锋龙股份,23455.0
2025-12-23,300059,BUY,22.91,1200,东方财富,27492.0
2025-12-23,300293,BUY,21.45,1300,蓝英装备,27885.0
2025-12-23,601766,BUY,6.77,4300,中国中车,29111.0
2025-12-23,002131,BUY,5.06,5700,利欧股份,28842.0
2025-12-23,601800,BUY,8.1,3600,中国交建,29160.0
2025-12-24,603551,BUY,11.41,47200,奥普科技,538552.0
2025-12-25,300059,SELL,23.22,1500,东方财富,34830.0
2025-12-26,000930,SELL,5.81,12400,中粮科技,72044.0
2025-12-26,002174,SELL,12.72,1400,游族网络,17808.0
2025-12-26,002131,SELL,5.12,29200,利欧股份,149504.0
2025-12-26,002475,BUY,58.11,600,立讯精密,34866.0
2025-12-26,000063,BUY,37.45,900,中兴通讯,33705.0
2025-12-26,002931,BUY,23.8,1400,锋龙股份,33320.0
2025-12-26,002991,BUY,56.31,600,甘源食品,33786.0
2025-12-26,600010,BUY,2.4,14600,包钢股份,35040.0
2025-12-26,301379,BUY,18.87,1800,天山电子,33966.0
2025-12-26,000938,BUY,24.69,1400,紫光股份,34566.0
2025-12-26,300013,BUY,4.11,8500,新宁物流,34935.0
2025-12-29,002156,SELL,37.36,700,通富微电,26152.0
2025-12-29,301312,SELL,35.64,800,智立方,28512.0
2025-12-30,601118,SELL,5.92,8900,海南橡胶,52688.0
2025-12-30,600096,SELL,32.65,3500,云天化,114275.0
2025-12-30,601766,BUY,6.72,8100,中国中车,54432.0
2025-12-30,601728,BUY,6.15,8900,中国电信,54735.0
2025-12-30,603551,BUY,11.12,4900,奥普科技,54488.0
2025-12-30,002739,BUY,11.28,4800,万达电影,54144.0
2025-12-31,600757,BUY,8.43,400,长江传媒,3372.0
2026-01-05,300013,SELL,3.94,12900,新宁物流,50826.0
2026-01-05,002131,BUY,6.17,100,利欧股份,617.0
2026-01-06,601188,SELL,3.49,20800,龙江交通,72592.0
2026-01-06,000848,BUY,8.1,6200,承德露露,50220.0
2026-01-06,300620,BUY,149.76,300,光库科技,44928.0
2026-01-07,000766,BUY,26.24,1000,通化金马,26240.0
2026-01-08,601766,SELL,6.88,14300,中国中车,98384.0
2026-01-08,000938,SELL,25.61,2500,紫光股份,64025.0
2026-01-08,002309,BUY,3.0,600,中利集团,1800.0
2026-01-09,300293,SELL,22.64,8700,蓝英装备,196968.0
2026-01-09,301379,SELL,19.62,3300,天山电子,64746.0
2026-01-09,600010,SELL,2.6,14600,包钢股份,37960.0
2026-01-09,600594,BUY,4.15,39200,益佰制药,162680.0
2026-01-09,600900,BUY,26.3,6100,长江电力,160430.0
2026-01-09,600941,BUY,97.94,1200,中国移动,117528.0
2026-01-12,000063,SELL,41.94,1200,中兴通讯,50328.0
2026-01-12,002991,SELL,61.8,600,甘源食品,37080.0
2026-01-12,688205,BUY,142.68,100,德科立,14268.0
2026-01-12,002475,BUY,55.15,300,立讯精密,16545.0
2026-01-12,300570,BUY,112.65,100,太辰光,11265.0
2026-01-12,603551,BUY,10.73,2000,奥普科技,21460.0
2026-01-12,603589,BUY,29.59,700,口子窖,20713.0
2026-01-12,300620,BUY,157.57,100,光库科技,15757.0
2026-01-13,688271,SELL,141.99,500,联影医疗,70995.0
2026-01-13,002309,BUY,2.95,3000,中利集团,8850.0
2026-01-13,600800,BUY,3.91,2300,渤海化学,8993.0
2026-01-13,601728,BUY,6.23,1400,中国电信,8722.0
2026-01-13,002428,BUY,37.83,200,云南锗业,7566.0
2026-01-13,000766,BUY,27.15,300,通化金马,8145.0
2026-01-13,002151,BUY,60.21,100,北斗星通,6021.0
2026-01-14,600050,SELL,5.27,100,中国联通,527.0
2026-01-14,600757,SELL,8.81,400,长江传媒,3524.0
2026-01-14,002428,SELL,37.04,200,云南锗业,7408.0
2026-01-14,002151,SELL,54.23,100,北斗星通,5423.0
2026-01-14,601577,BUY,9.12,3400,长沙银行,31008.0
2026-01-15,601800,SELL,8.23,9400,中国交建,77362.0
2026-01-15,000566,BUY,6.81,2600,海南海药,17706.0
2026-01-15,603606,BUY,49.93,300,东方电缆,14979.0
2026-01-15,002300,BUY,9.41,1800,太阳电缆,16938.0
2026-01-15,300394,BUY,138.15,100,天孚通信,13815.0
2026-01-15,600702,BUY,56.06,300,舍得酒业,16818.0
2026-01-16,002739,SELL,11.23,4800,万达电影,53904.0
2026-01-16,600594,SELL,4.07,39200,益佰制药,159544.0
2026-01-16,600800,SELL,4.09,2300,渤海化学,9407.0
2026-01-16,300570,BUY,113.44,100,太辰光,11344.0
2026-01-16,601577,BUY,8.92,1600,长沙银行,14272.0
2026-01-16,000848,BUY,7.96,1800,承德露露,14328.0
2026-01-16,601869,BUY,114.29,100,长飞光纤,11429.0
2026-01-16,301421,BUY,109.87,100,波长光电,10987.0
2026-01-16,002281,BUY,76.5,100,光迅科技,7650.0
2026-01-19,002281,SELL,72.86,100,光迅科技,7286.0
2026-01-19,002300,BUY,10.37,16100,太阳电缆,166957.0
2026-01-19,002131,BUY,4.59,100,利欧股份,459.0
2026-01-20,600419,BUY,10.19,700,天润乳业,7133.0
2026-01-22,002300,SELL,9.5,17900,太阳电缆,170050.0
2026-01-22,600419,SELL,10.27,700,天润乳业,7189.0
2026-01-22,002131,BUY,8.38,200,利欧股份,1676.0
2026-01-23,002475,SELL,55.22,900,立讯精密,49698.0
2026-01-23,002131,SELL,8.36,400,利欧股份,3344.0
2026-01-23,301421,SELL,110.52,100,波长光电,11052.0
2026-01-23,000977,BUY,64.82,2700,浪潮信息,175014.0
2026-01-26,601766,BUY,6.41,10100,中国中车,64741.0
2026-01-27,000848,SELL,7.96,8000,承德露露,63680.0
2026-01-28,300502,BUY,280.34,200,新易盛,56068.0
2026-01-29,300620,SELL,151.57,400,光库科技,60628.0
2026-01-29,002174,BUY,12.1,600,游族网络,7260.0
2026-01-29,600050,BUY,5.08,1500,中国联通,7620.0
2026-01-29,300059,BUY,23.02,300,东方财富,6906.0
2026-01-29,603589,BUY,30.52,200,口子窖,6104.0
2026-01-29,600702,BUY,59.02,100,舍得酒业,5902.0
2026-01-29,601577,BUY,9.48,800,长沙银行,7584.0
2026-01-29,601728,BUY,5.85,1300,中国电信,7605.0
2026-01-29,600900,BUY,25.09,300,长江电力,7527.0
2026-01-30,300394,SELL,177.2,100,天孚通信,17720.0
2026-01-30,601766,BUY,6.19,1900,中国中车,11761.0
2026-01-30,000766,BUY,25.7,400,通化金马,10280.0
2026-02-02,002281,BUY,69.12,100,光迅科技,6912.0
2026-02-03,688205,SELL,191.48,100,德科立,19148.0
2026-02-03,300570,SELL,125.14,200,太辰光,25028.0
2026-02-03,601577,SELL,9.33,5800,长沙银行,54114.0
2026-02-03,601869,SELL,165.07,100,长飞光纤,16507.0
2026-02-03,002309,BUY,3.0,200,中利集团,600.0
2026-02-04,300502,SELL,284.73,200,新易盛,56946.0
2026-02-04,600594,BUY,4.06,28300,益佰制药,114898.0
2026-02-05,603589,SELL,29.08,900,口子窖,26172.0
2026-02-05,600702,SELL,58.94,400,舍得酒业,23576.0
2026-02-05,600900,BUY,25.64,2200,长江电力,56408.0
2026-02-06,000858,SELL,103.38,700,五粮液,72366.0
2026-02-06,002931,SELL,104.76,1900,锋龙股份,199044.0
2026-02-06,002309,SELL,3.12,3800,中利集团,11856.0
2026-02-06,002428,BUY,34.04,1400,云南锗业,47656.0
2026-02-06,300293,BUY,20.33,2400,蓝英装备,48792.0
2026-02-06,002918,BUY,16.22,3100,蒙娜丽莎,50282.0
2026-02-06,002475,BUY,50.91,900,立讯精密,45819.0
2026-02-06,300476,BUY,256.24,100,胜宏科技,25624.0
2026-02-06,601728,BUY,5.7,8800,中国电信,50160.0
2026-02-06,000977,BUY,59.33,800,浪潮信息,47464.0
2026-02-09,603551,SELL,11.29,54100,奥普科技,610789.0
2026-02-09,000063,BUY,36.83,400,中兴通讯,14732.0
2026-02-09,000938,BUY,25.08,700,紫光股份,17556.0
2026-02-09,002432,BUY,41.63,400,九安医疗,16652.0
2026-02-09,600010,BUY,2.53,7000,包钢股份,17710.0
2026-02-09,002465,BUY,17.88,900,海格通信,16092.0
2026-02-09,002436,BUY,22.35,700,兴森科技,15645.0
2026-02-09,601611,BUY,15.71,1100,中国核建,17281.0
2026-02-09,601800,BUY,8.06,2200,中国交建,17732.0
2026-02-09,002396,BUY,21.72,800,星网锐捷,17376.0
2026-02-09,002151,BUY,44.99,300,北斗星通,13497.0
2026-02-10,300285,BUY,30.41,15200,国瓷材料,462232.0
2026-02-11,002918,SELL,16.41,3100,蒙娜丽莎,50871.0
2026-02-11,002432,SELL,40.93,400,九安医疗,16372.0
2026-02-11,000566,BUY,6.3,300,海南海药,1890.0
2026-02-11,002131,BUY,8.21,200,利欧股份,1642.0
2026-02-11,002174,BUY,11.72,100,游族网络,1172.0
2026-02-12,600900,SELL,25.38,19000,长江电力,482220.0
2026-02-12,002156,BUY,48.95,1300,通富微电,63635.0
2026-02-12,603993,BUY,22.84,2800,洛阳钼业,63952.0
2026-02-12,600096,BUY,35.39,1800,云天化,63702.0
2026-02-12,601899,BUY,38.7,1600,紫金矿业,61920.0
2026-02-12,002396,BUY,22.83,2800,星网锐捷,63924.0
2026-02-12,300476,BUY,258.82,200,胜宏科技,51764.0
2026-02-12,301379,BUY,19.74,3200,天山电子,63168.0
2026-02-12,300308,BUY,526.9,100,中际旭创,52690.0
2026-02-12,002281,BUY,72.42,800,光迅科技,57936.0
2026-02-13,601600,BUY,12.5,300,中国铝业,3750.0
2026-02-24,300476,SELL,266.03,300,胜宏科技,79809.0
2026-02-24,600010,SELL,2.66,7000,包钢股份,18620.0
2026-02-24,002396,SELL,22.61,3600,星网锐捷,81396.0
2026-02-24,601899,SELL,38.28,1600,紫金矿业,61248.0
2026-02-25,000977,SELL,62.51,3500,浪潮信息,218785.0
2026-02-25,002991,BUY,55.48,4300,甘源食品,238564.0
2026-02-26,002281,SELL,75.33,900,光迅科技,67797.0
2026-02-26,000848,BUY,7.91,28000,承德露露,221480.0
2026-02-27,000063,BUY,38.19,1700,中兴通讯,64923.0
2026-03-02,603606,SELL,48.85,300,东方电缆,14655.0
2026-03-02,000938,SELL,25.01,700,紫光股份,17507.0
2026-03-02,002436,SELL,26.34,700,兴森科技,18438.0
2026-03-02,002131,SELL,9.06,200,利欧股份,1812.0
2026-03-02,002156,SELL,50.85,1300,通富微电,66105.0
2026-03-02,600096,SELL,42.46,1800,云天化,76428.0
2026-03-02,301379,SELL,20.07,3200,天山电子,64224.0
2026-03-02,600800,BUY,4.51,600,渤海化学,2706.0
2026-03-02,000848,BUY,7.88,300,承德露露,2364.0
2026-03-02,600594,BUY,3.97,700,益佰制药,2779.0
2026-03-02,601728,BUY,5.78,500,中国电信,2890.0
2026-03-02,603993,BUY,24.46,100,洛阳钼业,2446.0
2026-03-02,300059,BUY,21.84,100,东方财富,2184.0
2026-03-03,002428,SELL,43.9,1400,云南锗业,61460.0
2026-03-03,601766,BUY,6.15,40100,中国中车,246615.0
2026-03-04,601728,SELL,5.78,20900,中国电信,120802.0
2026-03-04,600941,SELL,92.35,1200,中国移动,110820.0
2026-03-04,002465,SELL,17.04,900,海格通信,15336.0
2026-03-04,601611,SELL,15.63,1100,中国核建,17193.0
2026-03-04,300285,SELL,35.11,15200,国瓷材料,533672.0
2026-03-04,603993,SELL,22.67,2900,洛阳钼业,65743.0
2026-03-04,601600,SELL,14.23,300,中国铝业,4269.0
2026-03-04,002739,BUY,10.22,6000,万达电影,61320.0
2026-03-04,600702,BUY,49.1,1200,舍得酒业,58920.0
2026-03-04,000858,BUY,97.61,600,五粮液,58566.0
2026-03-04,603589,BUY,25.66,2400,口子窖,61584.0
2026-03-04,002931,BUY,80.32,700,锋龙股份,56224.0
2026-03-04,000848,BUY,7.69,8000,承德露露,61520.0
2026-03-04,000938,BUY,23.49,2600,紫光股份,61074.0
2026-03-04,002428,BUY,44.45,1300,云南锗业,57785.0
2026-03-04,000766,BUY,20.98,2900,通化金马,60842.0
2026-03-04,002151,BUY,41.59,1400,北斗星通,58226.0
2026-03-05,600800,SELL,4.81,600,渤海化学,2886.0
2026-03-05,000977,BUY,59.27,5600,浪潮信息,331912.0
2026-03-06,600757,BUY,8.46,500,长江传媒,4230.0
2026-03-09,600050,SELL,4.91,1500,中国联通,7365.0
2026-03-10,000938,BUY,24.85,300,紫光股份,7455.0
2026-03-13,601800,SELL,8.39,2200,中国交建,18458.0
2026-03-13,002151,SELL,45.7,1700,北斗星通,77690.0
2026-03-13,002428,SELL,43.36,1300,云南锗业,56368.0
2026-03-13,000977,SELL,61.73,5600,浪潮信息,345688.0
2026-03-16,000938,SELL,25.32,2900,紫光股份,73428.0
2026-03-16,002156,BUY,46.75,10600,通富微电,495550.0
2026-03-17,000063,BUY,35.41,2100,中兴通讯,74361.0
2026-03-18,601766,SELL,6.23,52100,中国中车,324583.0
2026-03-18,002475,SELL,49.24,900,立讯精密,44316.0
2026-03-18,600757,SELL,8.7,500,长江传媒,4350.0
2026-03-18,600339,BUY,4.11,400,中油工程,1644.0
2026-03-18,000566,BUY,5.55,300,海南海药,1665.0
2026-03-18,000930,BUY,7.13,200,中粮科技,1426.0
2026-03-18,002131,BUY,7.93,200,利欧股份,1586.0
2026-03-19,688256,BUY,695.52,500,寒武纪,347760.0
2026-03-20,002624,BUY,17.4,1200,完美世界,20880.0
2026-03-24,300308,SELL,602.55,100,中际旭创,60255.0
2026-03-25,002428,BUY,48.43,1200,云南锗业,58116.0
2026-03-26,300059,BUY,19.02,100,东方财富,1902.0
2026-03-27,002428,SELL,51.36,1200,云南锗业,61632.0
2026-03-30,002300,BUY,9.48,6500,太阳电缆,61620.0
2026-04-01,000858,SELL,100.86,600,五粮液,60516.0
2026-04-02,601728,BUY,5.6,10800,中国电信,60480.0
2026-04-07,000566,SELL,5.4,3200,海南海药,17280.0
2026-04-07,600594,SELL,5.01,29000,益佰制药,145290.0
2026-04-08,000657,BUY,49.3,3300,中钨高新,162690.0
2026-04-09,600339,SELL,4.48,400,中油工程,1792.0
2026-04-10,000766,SELL,21.05,4600,通化金马,96830.0
2026-04-10,300293,SELL,18.84,2400,蓝英装备,45216.0
2026-04-10,688256,SELL,812.01,500,寒武纪,406005.0
2026-04-10,002624,SELL,19.56,1200,完美世界,23472.0
2026-04-10,000848,BUY,7.5,200,承德露露,1500.0
2026-04-10,002309,BUY,4.4,400,中利集团,1760.0
2026-04-10,000930,BUY,6.76,300,中粮科技,2028.0
2026-04-10,002131,BUY,7.95,200,利欧股份,1590.0
2026-04-10,002174,BUY,9.81,200,游族网络,1962.0
2026-04-13,002309,SELL,4.45,400,中利集团,1780.0
2026-04-13,603551,BUY,11.53,48900,奥普科技,563817.0
2026-04-14,000063,SELL,35.41,4200,中兴通讯,148722.0
2026-04-14,000930,BUY,6.72,400,中粮科技,2688.0
2026-04-14,002300,BUY,9.39,300,太阳电缆,2817.0
2026-04-14,600900,BUY,25.67,100,长江电力,2567.0
2026-04-14,601118,BUY,6.76,400,海南橡胶,2704.0
2026-04-14,000566,BUY,5.36,500,海南海药,2680.0
2026-04-14,002131,BUY,8.08,300,利欧股份,2424.0
2026-04-15,002174,SELL,9.56,900,游族网络,8604.0
2026-04-15,002991,SELL,49.06,4300,甘源食品,210958.0
2026-04-15,000848,SELL,7.7,36500,承德露露,281050.0
2026-04-15,002739,SELL,9.84,6000,万达电影,59040.0
2026-04-15,002131,SELL,7.78,700,利欧股份,5446.0
2026-04-15,601118,SELL,6.59,400,海南橡胶,2636.0
2026-04-15,000657,BUY,47.04,2800,中钨高新,131712.0
2026-04-15,601577,BUY,9.24,14600,长沙银行,134904.0
2026-04-15,601766,BUY,6.07,22300,中国中车,135361.0
2026-04-15,600050,BUY,4.51,30000,中国联通,135300.0
2026-04-15,000930,BUY,6.52,20800,中粮科技,135616.0
2026-04-16,300059,SELL,19.96,500,东方财富,9980.0
2026-04-16,002931,SELL,70.1,700,锋龙股份,49070.0
2026-04-16,002156,SELL,47.97,10600,通富微电,508482.0
2026-04-16,000566,BUY,5.54,5500,海南海药,30470.0
2026-04-16,000930,BUY,6.51,4600,中粮科技,29946.0
2026-04-16,601666,BUY,7.89,3800,平煤股份,29982.0
2026-04-16,000657,BUY,51.75,500,中钨高新,25875.0
2026-04-16,000766,BUY,22.93,1300,通化金马,29809.0
2026-04-16,000858,BUY,99.94,300,五粮液,29982.0
2026-04-16,000977,BUY,68.22,400,浪潮信息,27288.0
2026-04-16,002131,BUY,8.01,3800,利欧股份,30438.0
2026-04-16,002151,BUY,38.38,700,北斗星通,26866.0
2026-04-17,002300,SELL,9.37,6800,太阳电缆,63716.0
2026-04-17,002151,BUY,38.48,8400,北斗星通,323232.0
2026-04-20,600702,SELL,45.67,1200,舍得酒业,54804.0
2026-04-20,603589,SELL,23.96,2400,口子窖,57504.0
2026-04-20,601728,SELL,5.75,10800,中国电信,62100.0
2026-04-20,000566,SELL,5.54,6000,海南海药,33240.0
2026-04-20,600050,SELL,4.53,30000,中国联通,135900.0
2026-04-20,000858,SELL,97.92,300,五粮液,29376.0
2026-04-20,002131,SELL,8.27,3800,利欧股份,31426.0
2026-04-20,600396,BUY,7.39,10500,华电辽能,77595.0
2026-04-20,600800,BUY,5.08,15300,渤海化学,77724.0
2026-04-20,600522,BUY,30.76,2500,中天科技,76900.0
2026-04-20,000930,BUY,6.39,12100,中粮科技,77319.0
2026-04-20,002151,BUY,40.12,1900,北斗星通,76228.0
2026-04-20,000977,BUY,73.05,1000,浪潮信息,73050.0
2026-04-21,000766,SELL,23.45,1300,通化金马,30485.0
2026-04-21,600339,BUY,3.89,6000,中油工程,23340.0
2026-04-21,600096,BUY,32.81,700,云天化,22967.0
2026-04-22,000657,SELL,57.96,6600,中钨高新,382536.0
2026-04-22,000977,SELL,74.13,1400,浪潮信息,103782.0
2026-04-22,002151,SELL,39.99,11000,北斗星通,439890.0
2026-04-22,600800,SELL,4.92,15300,渤海化学,75276.0
2026-04-22,600396,BUY,8.94,800,华电辽能,7152.0
2026-04-22,601666,BUY,7.82,900,平煤股份,7038.0
2026-04-22,000930,BUY,6.33,1100,中粮科技,6963.0
2026-04-22,002309,BUY,4.37,1700,中利集团,7429.0
2026-04-22,000848,BUY,7.84,900,承德露露,7056.0
2026-04-22,000938,BUY,29.83,200,紫光股份,5966.0
2026-04-22,002174,BUY,9.65,700,游族网络,6755.0
2026-04-23,601577,SELL,9.72,14600,长沙银行,141912.0
2026-04-23,000848,SELL,7.9,900,承德露露,7110.0
2026-04-23,002174,SELL,9.47,700,游族网络,6629.0
2026-04-23,000063,BUY,36.41,8800,中兴通讯,320408.0
2026-04-23,000566,BUY,5.13,63000,海南海药,323190.0
2026-04-23,000657,BUY,56.4,2600,中钨高新,146640.0
2026-04-23,000930,BUY,6.37,29100,中粮科技,185367.0
2026-04-24,600522,SELL,33.01,2500,中天科技,82525.0
2026-04-24,600096,SELL,34.43,700,云天化,24101.0
2026-04-24,000063,SELL,35.95,8800,中兴通讯,316360.0
2026-04-24,000657,SELL,55.02,2600,中钨高新,143052.0
2026-04-24,601666,BUY,8.01,17500,平煤股份,140175.0
2026-04-24,600757,BUY,8.31,16900,长江传媒,140439.0
2026-04-24,000858,BUY,97.85,1400,五粮液,136990.0
2026-04-24,603589,BUY,24.12,5800,口子窖,139896.0
2026-04-24,002428,BUY,77.12,1800,云南锗业,138816.0
2026-04-27,600396,SELL,10.12,11300,华电辽能,114356.0
2026-04-27,002428,SELL,72.8,1800,云南锗业,131040.0
2026-04-27,002309,BUY,4.16,2500,中利集团,10400.0
2026-04-27,603551,BUY,11.48,900,奥普科技,10332.0
2026-04-27,300013,BUY,4.0,2600,新宁物流,10400.0
2026-04-27,603123,BUY,11.69,800,翠微股份,9352.0
2026-04-27,600988,BUY,38.67,200,赤峰黄金,7734.0
2026-04-27,000930,BUY,5.87,1700,中粮科技,9979.0
2026-04-27,000858,BUY,96.81,100,五粮液,9681.0
2026-04-27,000657,BUY,53.67,100,中钨高新,5367.0
2026-04-27,000766,BUY,23.16,400,通化金马,9264.0
2026-04-27,002151,BUY,40.21,200,北斗星通,8042.0
2026-04-28,600900,SELL,25.97,100,长江电力,2597.0
2026-04-28,601766,BUY,5.8,28500,中国中车,165300.0
2026-04-29,002151,SELL,39.96,200,北斗星通,7992.0
2026-04-29,600757,BUY,8.25,300,长江传媒,2475.0
2026-04-29,002309,BUY,4.51,500,中利集团,2255.0
2026-04-29,002131,BUY,6.54,400,利欧股份,2616.0
2026-04-29,300293,BUY,18.21,100,蓝英装备,1821.0
2026-04-30,000938,SELL,31.9,200,紫光股份,6380.0
2026-04-30,000566,BUY,5.0,200,海南海药,1000.0
2026-04-30,002174,BUY,10.24,100,游族网络,1024.0
2026-04-30,600419,BUY,9.6,100,天润乳业,960.0
2026-04-30,600339,BUY,4.05,300,中油工程,1215.0
2026-04-30,603551,BUY,11.55,100,奥普科技,1155.0
2026-04-30,600050,BUY,4.46,300,中国联通,1338.0
2026-05-06,601666,SELL,8.72,22200,平煤股份,193584.0
2026-05-06,600010,BUY,2.82,400,包钢股份,1128.0
2026-05-06,600594,BUY,4.07,200,益佰制药,814.0
2026-05-06,600800,BUY,4.91,200,渤海化学,982.0
2026-05-07,002131,BUY,7.03,27200,利欧股份,191216.0
2026-05-08,600050,BUY,4.46,100,中国联通,446.0
2026-05-11,002309,SELL,4.56,4700,中利集团,21432.0
2026-05-11,300013,SELL,4.76,2600,新宁物流,12376.0
2026-05-11,000657,SELL,60.46,100,中钨高新,6046.0
2026-05-11,000766,SELL,23.63,400,通化金马,9452.0
2026-05-11,300293,SELL,19.65,100,蓝英装备,1965.0
2026-05-12,002174,SELL,10.94,100,游族网络,1094.0
2026-05-12,600419,SELL,9.43,100,天润乳业,943.0
2026-05-12,000858,BUY,87.5,500,五粮液,43750.0
2026-05-13,600050,SELL,4.68,400,中国联通,1872.0
2026-05-13,600800,SELL,4.84,200,渤海化学,968.0
2026-05-13,600875,BUY,40.08,200,东方电气,8016.0
2026-05-14,600594,BUY,3.98,1100,益佰制药,4378.0
2026-05-22,600339,SELL,3.93,6300,中油工程,24759.0
2026-05-25,002991,BUY,45.84,500,甘源食品,22920.0
2026-05-26,601800,BUY,6.22,300,中国交建,1866.0
2026-06-17,601766,SELL,5.62,50800,中国中车,285496.0
2026-06-17,600757,SELL,7.55,17200,长江传媒,129860.0
2026-06-18,002156,BUY,68.27,6000,通富微电,409620.0
2026-06-22,000566,BUY,3.71,1500,海南海药,5565.0
2026-06-24,600010,SELL,2.33,400,包钢股份,932.0
2026-06-24,002156,SELL,74.64,6000,通富微电,447840.0
2026-06-25,002151,BUY,31.72,10800,北斗星通,342576.0
2026-06-26,601766,BUY,5.12,20700,中国中车,105984.0
2026-06-29,000566,SELL,4.54,64700,海南海药,293738.0
2026-06-29,600050,BUY,4.02,100,中国联通,402.0
2026-06-30,600757,BUY,7.31,40100,长江传媒,293131.0
2026-07-01,600010,BUY,2.23,300,包钢股份,669.0
2026-07-09,002991,SELL,40.54,500,甘源食品,20270.0
2026-07-10,600988,SELL,32.84,200,赤峰黄金,6568.0
2026-07-10,000766,BUY,16.5,1200,通化金马,19800.0
2026-07-13,002378,BUY,26.6,200,章源钨业,5320.0
2026-07-14,600594,SELL,3.47,1300,益佰制药,4511.0
2026-07-14,002309,BUY,2.49,600,中利集团,1494.0
2026-07-14,000930,BUY,4.56,300,中粮科技,1368.0
2026-07-14,002131,BUY,4.11,400,利欧股份,1644.0
2026-07-15,601611,BUY,9.86,100,中国核建,986.0
2026-07-16,002131,BUY,4.14,100,利欧股份,414.0
2026-07-17,600050,SELL,4.26,100,中国联通,426.0
2026-07-20,000930,SELL,4.61,70600,中粮科技,325466.0
2026-07-20,603551,SELL,9.27,49900,奥普科技,462573.0
2026-07-20,000858,SELL,76.24,2000,五粮液,152480.0
2026-07-20,603589,SELL,20.11,5800,口子窖,116638.0
2026-07-20,601800,SELL,6.16,300,中国交建,1848.0
2026-07-20,601766,SELL,5.91,20700,中国中车,122337.0
2026-07-20,600757,SELL,7.84,40100,长江传媒,314384.0
2026-07-20,002309,BUY,2.81,200,中利集团,562.0
2026-07-20,002131,BUY,3.81,200,利欧股份,762.0
2026-07-20,002300,BUY,5.86,100,太阳电缆,586.0
2026-07-21,000657,BUY,60.44,20200,中钨高新,1220888.0
2026-07-22,002309,SELL,2.77,800,中利集团,2216.0
2026-07-22,002378,BUY,22.7,12000,章源钨业,272400.0
2026-07-23,001257,BUY,25.9,100,N盛龙,2590.0
2026-07-24,002131,BUY,3.85,200,利欧股份,770.0
2026-07-27,603123,SELL,8.7,800,翠微股份,6960.0
2026-07-28,603551,BUY,8.91,700,奥普科技,6237.0
2026-07-29,600010,SELL,2.2,300,包钢股份,660.0
2026-07-29,002300,SELL,7.27,100,太阳电缆,727.0
2026-07-29,000566,BUY,5.41,100,海南海药,541.0
2026-07-29,000930,BUY,4.66,100,中粮科技,466.0
2026-07-30,002739,BUY,8.53,100,万达电影,853.0
2026-07-31,601611,SELL,10.55,100,中国核建,1055.0
2026-08-03,002174,BUY,11.52,100,游族网络,1152.0
2026-08-04,000766,SELL,17.71,1200,通化金马,21252.0
2026-08-04,603551,SELL,9.41,700,奥普科技,6587.0
2026-08-04,000566,SELL,5.86,100,海南海药,586.0
2026-08-05,000930,SELL,4.75,100,中粮科技,475.0
2026-08-05,000063,BUY,34.74,800,中兴通讯,27792.0
2026-08-06,600875,SELL,27.31,200,东方电气,5462.0
2026-08-06,002151,SELL,29.51,10800,北斗星通,318708.0
2026-08-06,002174,SELL,11.78,100,游族网络,1178.0
2026-08-06,000566,BUY,5.85,200,海南海药,1170.0
2026-08-06,000930,BUY,4.74,200,中粮科技,948.0
2026-08-07,002131,SELL,5.46,28500,利欧股份,155610.0
2026-08-07,000566,SELL,5.99,200,海南海药,1198.0
2026-08-07,002475,BUY,56.99,5600,立讯精密,319144.0
2026-08-10,002378,SELL,28.28,12200,章源钨业,345016.0
2026-08-10,600900,BUY,28.05,5700,长江电力,159885.0
2026-08-10,000063,BUY,34.3,4100,中兴通讯,140630.0
2026-08-10,000657,BUY,72.8,2200,中钨高新,160160.0
2026-08-11,002396,BUY,29.95,1500,星网锐捷,44925.0
2026-08-12,000657,SELL,70.43,22400,中钨高新,1577632.0
2026-08-12,001257,SELL,25.61,100,N盛龙,2561.0
2026-08-12,002739,SELL,10.78,100,万达电影,1078.0
2026-08-12,002396,SELL,29.44,1500,星网锐捷,44160.0
2026-08-12,600757,BUY,7.71,200,长江传媒,1542.0
2026-08-12,601577,BUY,9.19,100,长沙银行,919.0
2026-08-12,600050,BUY,4.3,400,中国联通,1720.0
2026-08-12,601800,BUY,6.04,200,中国交建,1208.0
2026-08-12,002174,BUY,12.16,100,游族网络,1216.0
2026-08-12,002131,BUY,5.52,300,利欧股份,1656.0
2026-08-13,000063,BUY,35.08,14500,中兴通讯,508660.0
2026-08-13,300502,BUY,429.9,900,新易盛,386910.0
2026-08-13,300308,BUY,921.04,500,中际旭创,460520.0
2026-08-13,000938,BUY,39.6,5200,紫光股份,205920.0
2026-08-14,000063,SELL,35.05,19400,中兴通讯,679970.0
2026-08-14,000930,SELL,4.66,200,中粮科技,932.0
2026-08-14,000977,BUY,78.8,700,浪潮信息,55160.0
2026-08-14,000938,BUY,39.95,1400,紫光股份,55930.0
2026-08-14,300059,BUY,19.47,2900,东方财富,56463.0
2026-08-14,000566,BUY,5.45,10400,海南海药,56680.0
2026-08-14,002428,BUY,101.59,500,云南锗业,50795.0
2026-08-14,000766,BUY,16.57,3400,通化金马,56338.0
2026-08-14,000858,BUY,73.75,700,五粮液,51625.0
2026-08-14,000848,BUY,8.32,6800,承德露露,56576.0
2026-08-14,002131,BUY,5.33,10600,利欧股份,56498.0
2026-08-17,002174,SELL,13.56,100,游族网络,1356.0
2026-08-17,002131,SELL,5.32,10900,利欧股份,57988.0
2026-08-17,000566,SELL,5.46,10400,海南海药,56784.0
2026-08-17,000766,SELL,16.59,3400,通化金马,56406.0
2026-08-17,601577,BUY,9.22,26200,长沙银行,241564.0
2026-08-18,002156,BUY,70.66,2400,通富微电,169584.0
2026-08-19,300502,SELL,411.5,900,新易盛,370350.0
2026-08-19,000938,SELL,35.33,6600,紫光股份,233178.0
2026-08-19,600757,BUY,7.67,400,长江传媒,3068.0
2026-08-19,000848,BUY,8.36,300,承德露露,2508.0
2026-08-19,603589,BUY,18.96,100,口子窖,1896.0
2026-08-19,000566,BUY,5.02,600,海南海药,3012.0
2026-08-19,002151,BUY,28.22,100,北斗星通,2822.0
2026-08-20,000977,SELL,75.08,700,浪潮信息,52556.0
2026-08-20,002428,SELL,103.56,500,云南锗业,51780.0
2026-08-20,002156,SELL,63.15,2400,通富微电,151560.0
2026-08-20,002151,SELL,27.95,100,北斗星通,2795.0
2026-08-20,600900,BUY,28.16,21000,长江电力,591360.0
2026-08-20,000766,BUY,16.86,8300,通化金马,139938.0
2026-08-20,000938,BUY,35.66,3000,紫光股份,106980.0
2026-08-21,000566,BUY,4.84,2800,海南海药,13552.0
2026-08-24,601577,SELL,9.68,26300,长沙银行,254584.0
2026-08-25,603606,BUY,34.8,7300,东方电缆,254040.0
2026-08-26,002309,BUY,2.99,200,中利集团,598.0
